"statistikkvariabel"	"region"	"fagutdanning"	"sektor"	"2008"	"2009"	"2010"	"2011"	"2012"	"2013"	"2014"	"2015"	"2016"	"2017"	"2018"	"2019"	"2020"	"2021"	"2022"	"2023"	"2024"
"Sysselsatte"	"K.3101 Halden"	"Helsesykepleier og jordmor"	"Kommuneforvaltningen"	13	13	13	13	14	17	20	17	17	19	17	16	17	24	24	18	20
"Sysselsatte"	"K.3101 Halden"	"Helsesykepleier og jordmor"	"Fylkeskommunal forvaltning"	0	0	0	0	0	0	0	0	0	0	0	0	0	0	0	0	0
"Sysselsatte"	"K.3101 Halden"	"Helsesykepleier og jordmor"	"Statsforvaltningen"	0	..	..	..	..	..	..	0	0	0	0	0	0	0	0	0	0
"Sysselsatte"	"K.3101 Halden"	"Helsesykepleier og jordmor"	"Privat sektor og offentlige foretak"	..	0	0	0	0	0	0	0	0	3	0	0	0	0	0	0	0
"Sysselsatte"	"K.3101 Halden"	"Helsesykepleier og jordmor"	"Uoppgitt"	0	0	0	0	0	0	0	0	0	0	0	0	0	0	0	0	0
"Sysselsatte"	"K.3103 Moss"	"Helsesykepleier og jordmor"	"Kommuneforvaltningen"	28	31	31	31	35	33	30	32	39	39	41	43	39	40	46	48	43
"Sysselsatte"	"K.3103 Moss"	"Helsesykepleier og jordmor"	"Fylkeskommunal forvaltning"	0	0	0	0	0	0	0	0	0	0	0	0	0	0	0	0	0
"Sysselsatte"	"K.3103 Moss"	"Helsesykepleier og jordmor"	"Statsforvaltningen"	..	..	..	5	6	5	5	5	4	5	5	3	4	3	3	3	3
"Sysselsatte"	"K.3103 Moss"	"Helsesykepleier og jordmor"	"Privat sektor og offentlige foretak"	..	..	3	..	..	..	..	3	0	0	0	0	0	0	3	0	3
"Sysselsatte"	"K.3103 Moss"	"Helsesykepleier og jordmor"	"Uoppgitt"	0	0	0	0	0	0	0	0	0	0	0	0	0	0	0	0	0
"Sysselsatte"	"K.3105 Sarpsborg"	"Helsesykepleier og jordmor"	"Kommuneforvaltningen"	31	34	31	34	34	33	36	31	35	34	35	39	39	39	38	39	37
"Sysselsatte"	"K.3105 Sarpsborg"	"Helsesykepleier og jordmor"	"Fylkeskommunal forvaltning"	0	0	0	0	0	0	0	0	0	0	0	0	0	0	0	0	0
"Sysselsatte"	"K.3105 Sarpsborg"	"Helsesykepleier og jordmor"	"Statsforvaltningen"	3	..	..	..	..	0	..	96	101	101	93	96	96	89	94	93	93
"Sysselsatte"	"K.3105 Sarpsborg"	"Helsesykepleier og jordmor"	"Privat sektor og offentlige foretak"	..	0	0	0	..	..	..	3	3	0	3	0	0	0	0	3	0
"Sysselsatte"	"K.3105 Sarpsborg"	"Helsesykepleier og jordmor"	"Uoppgitt"	0	0	0	0	0	0	0	0	0	0	0	0	0	0	0	0	0
"Sysselsatte"	"K.3107 Fredrikstad"	"Helsesykepleier og jordmor"	"Kommuneforvaltningen"	43	40	38	36	34	39	43	47	49	52	60	54	55	56	53	54	54
"Sysselsatte"	"K.3107 Fredrikstad"	"Helsesykepleier og jordmor"	"Fylkeskommunal forvaltning"	0	0	0	0	0	0	0	0	0	0	0	0	0	0	0	0	0
"Sysselsatte"	"K.3107 Fredrikstad"	"Helsesykepleier og jordmor"	"Statsforvaltningen"	92	90	97	112	113	100	109	4	6	8	4	4	4	5	5	3	4
"Sysselsatte"	"K.3107 Fredrikstad"	"Helsesykepleier og jordmor"	"Privat sektor og offentlige foretak"	3	3	4	4	4	3	3	4	3	3	3	4	6	3	4	4	3
"Sysselsatte"	"K.3107 Fredrikstad"	"Helsesykepleier og jordmor"	"Uoppgitt"	0	0	0	0	0	0	0	0	0	0	0	0	0	0	0	0	0
"Sysselsatte"	"K.3110 Hvaler"	"Helsesykepleier og jordmor"	"Kommuneforvaltningen"	..	3	3	4	5	4	4	3	3	3	3	3	3	3	3	3	3
"Sysselsatte"	"K.3110 Hvaler"	"Helsesykepleier og jordmor"	"Fylkeskommunal forvaltning"	0	0	0	0	0	0	0	0	0	0	0	0	0	0	0	0	0
"Sysselsatte"	"K.3110 Hvaler"	"Helsesykepleier og jordmor"	"Statsforvaltningen"	0	0	0	0	0	0	0	0	0	0	0	0	0	0	0	0	0
"Sysselsatte"	"K.3110 Hvaler"	"Helsesykepleier og jordmor"	"Privat sektor og offentlige foretak"	0	0	0	0	0	0	0	0	0	0	0	0	0	0	0	0	0
"Sysselsatte"	"K.3110 Hvaler"	"Helsesykepleier og jordmor"	"Uoppgitt"	0	0	0	0	0	0	0	0	0	0	0	0	0	0	0	0	0
"Sysselsatte"	"K.3112 Råde"	"Helsesykepleier og jordmor"	"Kommuneforvaltningen"	4	4	4	5	5	5	5	5	6	9	10	8	11	8	11	7	7
"Sysselsatte"	"K.3112 Råde"	"Helsesykepleier og jordmor"	"Fylkeskommunal forvaltning"	0	0	0	0	0	0	0	0	0	0	0	0	0	0	0	0	0
"Sysselsatte"	"K.3112 Råde"	"Helsesykepleier og jordmor"	"Statsforvaltningen"	0	0	0	0	0	0	0	0	0	0	0	0	0	0	0	0	0
"Sysselsatte"	"K.3112 Råde"	"Helsesykepleier og jordmor"	"Privat sektor og offentlige foretak"	0	0	0	0	0	0	0	0	0	0	0	0	0	0	0	0	0
"Sysselsatte"	"K.3112 Råde"	"Helsesykepleier og jordmor"	"Uoppgitt"	0	0	0	0	0	0	0	0	0	0	0	0	0	0	0	0	0
"Sysselsatte"	"K.3114 Våler (Østfold)"	"Helsesykepleier og jordmor"	"Kommuneforvaltningen"	6	5	5	6	5	6	6	5	4	4	4	5	5	5	7	6	9
"Sysselsatte"	"K.3114 Våler (Østfold)"	"Helsesykepleier og jordmor"	"Fylkeskommunal forvaltning"	0	0	0	0	0	0	0	0	0	0	0	0	0	0	0	0	0
"Sysselsatte"	"K.3114 Våler (Østfold)"	"Helsesykepleier og jordmor"	"Statsforvaltningen"	0	0	0	0	0	0	0	0	0	0	0	0	0	0	0	0	0
"Sysselsatte"	"K.3114 Våler (Østfold)"	"Helsesykepleier og jordmor"	"Privat sektor og offentlige foretak"	0	0	0	0	..	0	0	0	0	3	0	3	0	0	0	0	3
"Sysselsatte"	"K.3114 Våler (Østfold)"	"Helsesykepleier og jordmor"	"Uoppgitt"	0	0	0	0	0	0	0	0	0	0	0	0	0	0	0	0	0
"Sysselsatte"	"K.3116 Skiptvet"	"Helsesykepleier og jordmor"	"Kommuneforvaltningen"	0	..	..	..	..	..	..	0	0	0	4	4	3	3	3	3	0
"Sysselsatte"	"K.3116 Skiptvet"	"Helsesykepleier og jordmor"	"Fylkeskommunal forvaltning"	0	0	0	0	0	0	0	0	0	0	0	0	0	0	0	0	0
"Sysselsatte"	"K.3116 Skiptvet"	"Helsesykepleier og jordmor"	"Statsforvaltningen"	0	0	0	0	0	0	0	0	0	0	0	0	0	0	0	0	0
"Sysselsatte"	"K.3116 Skiptvet"	"Helsesykepleier og jordmor"	"Privat sektor og offentlige foretak"	0	0	0	0	0	0	0	0	0	0	0	0	0	0	0	0	0
"Sysselsatte"	"K.3116 Skiptvet"	"Helsesykepleier og jordmor"	"Uoppgitt"	0	0	0	0	0	0	0	0	0	0	0	0	0	0	0	0	0
"Sysselsatte"	"K.3118 Indre Østfold"	"Helsesykepleier og jordmor"	"Kommuneforvaltningen"	22	24	..	..	..	..	..	30	29	32	30	29	29	32	32	34	34
"Sysselsatte"	"K.3118 Indre Østfold"	"Helsesykepleier og jordmor"	"Fylkeskommunal forvaltning"	0	0	0	0	0	0	0	0	0	0	0	0	0	0	0	0	0
"Sysselsatte"	"K.3118 Indre Østfold"	"Helsesykepleier og jordmor"	"Statsforvaltningen"	..	..	..	..	0	..	0	0	3	0	0	0	0	0	0	0	0
"Sysselsatte"	"K.3118 Indre Østfold"	"Helsesykepleier og jordmor"	"Privat sektor og offentlige foretak"	..	..	..	0	0	0	0	0	0	0	0	0	3	3	0	0	0
"Sysselsatte"	"K.3118 Indre Østfold"	"Helsesykepleier og jordmor"	"Uoppgitt"	0	0	0	0	0	0	0	0	0	0	0	0	0	0	0	0	0
"Sysselsatte"	"K.3120 Rakkestad"	"Helsesykepleier og jordmor"	"Kommuneforvaltningen"	4	7	7	7	7	8	6	6	6	6	5	5	5	6	7	6	7
"Sysselsatte"	"K.3120 Rakkestad"	"Helsesykepleier og jordmor"	"Fylkeskommunal forvaltning"	0	0	0	0	0	0	0	0	0	0	0	0	0	0	0	0	0
"Sysselsatte"	"K.3120 Rakkestad"	"Helsesykepleier og jordmor"	"Statsforvaltningen"	0	0	0	0	0	0	0	0	0	0	0	0	0	0	0	0	0
"Sysselsatte"	"K.3120 Rakkestad"	"Helsesykepleier og jordmor"	"Privat sektor og offentlige foretak"	0	0	0	0	0	0	0	0	0	0	0	3	0	0	0	0	0
"Sysselsatte"	"K.3120 Rakkestad"	"Helsesykepleier og jordmor"	"Uoppgitt"	0	0	0	0	0	0	0	0	0	0	0	0	0	0	0	0	0
"Sysselsatte"	"K.3122 Marker"	"Helsesykepleier og jordmor"	"Kommuneforvaltningen"	..	..	..	3	3	3	4	3	3	3	3	0	3	3	3	3	3
"Sysselsatte"	"K.3122 Marker"	"Helsesykepleier og jordmor"	"Fylkeskommunal forvaltning"	0	0	0	0	0	0	0	0	0	0	0	0	0	0	0	0	0
"Sysselsatte"	"K.3122 Marker"	"Helsesykepleier og jordmor"	"Statsforvaltningen"	0	0	0	0	0	0	0	0	0	0	0	0	0	0	0	0	0
"Sysselsatte"	"K.3122 Marker"	"Helsesykepleier og jordmor"	"Privat sektor og offentlige foretak"	0	0	0	0	0	0	0	0	0	0	0	0	0	0	0	0	0
"Sysselsatte"	"K.3122 Marker"	"Helsesykepleier og jordmor"	"Uoppgitt"	0	0	0	0	0	0	0	0	0	0	0	0	0	0	0	0	0
"Sysselsatte"	"K.3124 Aremark"	"Helsesykepleier og jordmor"	"Kommuneforvaltningen"	0	0	0	..	..	..	..	0	0	0	0	3	3	0	3	0	0
"Sysselsatte"	"K.3124 Aremark"	"Helsesykepleier og jordmor"	"Fylkeskommunal forvaltning"	0	0	0	0	0	0	0	0	0	0	0	0	0	0	0	0	0
"Sysselsatte"	"K.3124 Aremark"	"Helsesykepleier og jordmor"	"Statsforvaltningen"	0	0	0	0	0	0	0	0	0	0	0	0	0	0	0	0	0
"Sysselsatte"	"K.3124 Aremark"	"Helsesykepleier og jordmor"	"Privat sektor og offentlige foretak"	0	0	0	0	0	0	0	0	0	0	0	0	0	0	0	0	0
"Sysselsatte"	"K.3124 Aremark"	"Helsesykepleier og jordmor"	"Uoppgitt"	0	0	0	0	0	0	0	0	0	0	0	0	0	0	0	0	0
"Sysselsatte"	"K.3201 Bærum"	"Helsesykepleier og jordmor"	"Kommuneforvaltningen"	79	91	87	93	94	102	102	107	114	122	109	109	110	116	115	120	121
"Sysselsatte"	"K.3201 Bærum"	"Helsesykepleier og jordmor"	"Fylkeskommunal forvaltning"	0	0	0	0	0	0	0	0	0	0	0	0	0	0	0	0	0
"Sysselsatte"	"K.3201 Bærum"	"Helsesykepleier og jordmor"	"Statsforvaltningen"	73	63	62	64	59	62	66	68	63	64	67	73	75	70	79	69	81
"Sysselsatte"	"K.3201 Bærum"	"Helsesykepleier og jordmor"	"Privat sektor og offentlige foretak"	3	3	3	5	5	5	7	5	4	3	3	3	0	3	3	3	3
"Sysselsatte"	"K.3201 Bærum"	"Helsesykepleier og jordmor"	"Uoppgitt"	0	0	0	0	0	0	0	0	0	0	0	0	0	0	0	0	0
"Sysselsatte"	"K.3203 Asker"	"Helsesykepleier og jordmor"	"Kommuneforvaltningen"	59	58	58	32	73	85	88	93	97	88	92	91	31	84	94	90	90
"Sysselsatte"	"K.3203 Asker"	"Helsesykepleier og jordmor"	"Fylkeskommunal forvaltning"	0	0	0	0	0	0	0	0	0	0	0	0	0	0	0	0	0
"Sysselsatte"	"K.3203 Asker"	"Helsesykepleier og jordmor"	"Statsforvaltningen"	..	9	9	8	8	9	9	10	10	6	5	8	4	0	3	3	3
"Sysselsatte"	"K.3203 Asker"	"Helsesykepleier og jordmor"	"Privat sektor og offentlige foretak"	4	4	4	3	..	..	..	3	6	9	9	0	6	6	8	5	6
"Sysselsatte"	"K.3203 Asker"	"Helsesykepleier og jordmor"	"Uoppgitt"	0	0	0	0	0	0	0	0	0	0	0	0	0	0	0	0	0
"Sysselsatte"	"K.3205 Lillestrøm"	"Helsesykepleier og jordmor"	"Kommuneforvaltningen"	41	48	42	55	50	58	63	63	63	73	69	63	63	69	66	71	74
"Sysselsatte"	"K.3205 Lillestrøm"	"Helsesykepleier og jordmor"	"Fylkeskommunal forvaltning"	0	0	0	0	0	0	0	0	0	0	0	0	0	0	0	0	0
"Sysselsatte"	"K.3205 Lillestrøm"	"Helsesykepleier og jordmor"	"Statsforvaltningen"	10	9	..	..	..	6	..	4	3	3	5	3	3	3	3	3	3
"Sysselsatte"	"K.3205 Lillestrøm"	"Helsesykepleier og jordmor"	"Privat sektor og offentlige foretak"	..	..	..	..	..	..	..	0	3	3	0	3	3	3	3	0	3
"Sysselsatte"	"K.3205 Lillestrøm"	"Helsesykepleier og jordmor"	"Uoppgitt"	0	0	0	0	0	0	0	0	0	0	0	0	0	0	0	0	0
"Sysselsatte"	"K.3207 Nordre Follo"	"Helsesykepleier og jordmor"	"Kommuneforvaltningen"	33	34	33	38	38	40	44	40	45	44	44	53	55	48	51	51	61
"Sysselsatte"	"K.3207 Nordre Follo"	"Helsesykepleier og jordmor"	"Fylkeskommunal forvaltning"	0	0	0	0	0	0	0	0	0	0	0	0	0	0	0	0	0
"Sysselsatte"	"K.3207 Nordre Follo"	"Helsesykepleier og jordmor"	"Statsforvaltningen"	..	5	7	5	5	4	5	5	0	3	3	3	3	3	0	0	0
"Sysselsatte"	"K.3207 Nordre Follo"	"Helsesykepleier og jordmor"	"Privat sektor og offentlige foretak"	..	..	..	..	..	..	..	3	3	3	3	3	0	0	0	0	0
"Sysselsatte"	"K.3207 Nordre Follo"	"Helsesykepleier og jordmor"	"Uoppgitt"	0	0	0	0	0	0	0	0	0	0	0	0	0	0	0	0	0
"Sysselsatte"	"K.3209 Ullensaker"	"Helsesykepleier og jordmor"	"Kommuneforvaltningen"	12	12	13	15	13	16	16	18	18	20	23	25	30	38	35	43	38
"Sysselsatte"	"K.3209 Ullensaker"	"Helsesykepleier og jordmor"	"Fylkeskommunal forvaltning"	0	0	0	0	0	0	0	0	0	0	0	0	0	0	0	0	0
"Sysselsatte"	"K.3209 Ullensaker"	"Helsesykepleier og jordmor"	"Statsforvaltningen"	0	..	0	..	0	0	0	0	0	0	0	0	0	0	0	0	3
"Sysselsatte"	"K.3209 Ullensaker"	"Helsesykepleier og jordmor"	"Privat sektor og offentlige foretak"	..	..	0	0	..	..	..	0	0	0	0	0	0	3	3	3	3
"Sysselsatte"	"K.3209 Ullensaker"	"Helsesykepleier og jordmor"	"Uoppgitt"	0	0	0	0	0	0	0	0	0	0	0	0	0	0	0	0	0
"Sysselsatte"	"K.3212 Nesodden"	"Helsesykepleier og jordmor"	"Kommuneforvaltningen"	6	8	9	10	7	8	8	12	14	14	13	15	13	14	15	17	18
"Sysselsatte"	"K.3212 Nesodden"	"Helsesykepleier og jordmor"	"Fylkeskommunal forvaltning"	0	0	0	0	0	0	0	0	0	0	0	0	0	0	0	0	0
"Sysselsatte"	"K.3212 Nesodden"	"Helsesykepleier og jordmor"	"Statsforvaltningen"	5	5	5	5	5	4	6	5	6	6	5	5	4	4	4	4	3
"Sysselsatte"	"K.3212 Nesodden"	"Helsesykepleier og jordmor"	"Privat sektor og offentlige foretak"	..	..	..	..	..	..	..	0	0	0	0	0	0	0	0	0	0
"Sysselsatte"	"K.3212 Nesodden"	"Helsesykepleier og jordmor"	"Uoppgitt"	0	0	0	0	0	0	0	0	0	0	0	0	0	0	0	0	0
"Sysselsatte"	"K.3214 Frogn"	"Helsesykepleier og jordmor"	"Kommuneforvaltningen"	9	10	8	9	11	12	13	14	14	13	12	13	7	14	13	12	15
"Sysselsatte"	"K.3214 Frogn"	"Helsesykepleier og jordmor"	"Fylkeskommunal forvaltning"	0	0	0	0	0	0	0	0	0	0	0	0	0	0	0	0	0
"Sysselsatte"	"K.3214 Frogn"	"Helsesykepleier og jordmor"	"Statsforvaltningen"	0	0	0	0	0	0	0	0	0	0	0	0	0	0	0	0	0
"Sysselsatte"	"K.3214 Frogn"	"Helsesykepleier og jordmor"	"Privat sektor og offentlige foretak"	0	..	..	0	..	..	0	0	0	0	0	0	0	0	0	0	0
"Sysselsatte"	"K.3214 Frogn"	"Helsesykepleier og jordmor"	"Uoppgitt"	0	0	0	0	0	0	0	0	0	0	0	0	0	0	0	0	0
"Sysselsatte"	"K.3216 Vestby"	"Helsesykepleier og jordmor"	"Kommuneforvaltningen"	8	6	5	9	8	8	9	10	11	11	12	12	12	13	14	14	15
"Sysselsatte"	"K.3216 Vestby"	"Helsesykepleier og jordmor"	"Fylkeskommunal forvaltning"	0	0	0	0	0	0	0	0	0	0	0	0	0	0	0	0	0
"Sysselsatte"	"K.3216 Vestby"	"Helsesykepleier og jordmor"	"Statsforvaltningen"	0	0	0	0	0	0	0	0	0	0	0	0	0	0	0	0	0
"Sysselsatte"	"K.3216 Vestby"	"Helsesykepleier og jordmor"	"Privat sektor og offentlige foretak"	0	0	0	0	..	..	..	0	0	0	3	0	0	0	0	3	0
"Sysselsatte"	"K.3216 Vestby"	"Helsesykepleier og jordmor"	"Uoppgitt"	0	0	0	0	0	0	0	0	0	0	0	0	0	0	0	0	0
"Sysselsatte"	"K.3218 Ås"	"Helsesykepleier og jordmor"	"Kommuneforvaltningen"	13	13	16	14	15	14	17	16	17	18	20	20	16	23	21	19	18
"Sysselsatte"	"K.3218 Ås"	"Helsesykepleier og jordmor"	"Fylkeskommunal forvaltning"	0	0	0	0	0	0	0	0	0	0	0	0	0	0	0	0	0
"Sysselsatte"	"K.3218 Ås"	"Helsesykepleier og jordmor"	"Statsforvaltningen"	0	0	0	0	0	..	0	0	0	0	0	0	0	0	0	0	0
"Sysselsatte"	"K.3218 Ås"	"Helsesykepleier og jordmor"	"Privat sektor og offentlige foretak"	..	..	..	0	0	..	..	3	3	3	3	3	0	0	0	3	0
"Sysselsatte"	"K.3218 Ås"	"Helsesykepleier og jordmor"	"Uoppgitt"	0	0	0	0	0	0	0	0	0	0	0	0	0	0	0	0	0
"Sysselsatte"	"K.3220 Enebakk"	"Helsesykepleier og jordmor"	"Kommuneforvaltningen"	7	6	7	10	10	9	7	9	9	10	10	9	9	11	10	13	13
"Sysselsatte"	"K.3220 Enebakk"	"Helsesykepleier og jordmor"	"Fylkeskommunal forvaltning"	0	0	0	0	0	0	0	0	0	0	0	0	0	0	0	0	0
"Sysselsatte"	"K.3220 Enebakk"	"Helsesykepleier og jordmor"	"Statsforvaltningen"	0	0	0	0	0	0	0	0	0	0	0	0	0	0	0	0	0
"Sysselsatte"	"K.3220 Enebakk"	"Helsesykepleier og jordmor"	"Privat sektor og offentlige foretak"	0	0	0	0	0	0	0	0	0	0	0	0	0	0	0	0	0
"Sysselsatte"	"K.3220 Enebakk"	"Helsesykepleier og jordmor"	"Uoppgitt"	0	0	0	0	0	0	0	0	0	0	0	0	0	0	0	0	0
"Sysselsatte"	"K.3222 Lørenskog"	"Helsesykepleier og jordmor"	"Kommuneforvaltningen"	16	19	19	20	21	22	24	23	22	25	22	25	30	38	42	42	41
"Sysselsatte"	"K.3222 Lørenskog"	"Helsesykepleier og jordmor"	"Fylkeskommunal forvaltning"	0	0	0	0	0	0	0	0	0	0	0	0	0	0	0	0	0
"Sysselsatte"	"K.3222 Lørenskog"	"Helsesykepleier og jordmor"	"Statsforvaltningen"	126	130	137	155	153	154	148	158	163	160	144	151	144	156	164	162	174
"Sysselsatte"	"K.3222 Lørenskog"	"Helsesykepleier og jordmor"	"Privat sektor og offentlige foretak"	..	0	0	0	0	0	0	0	0	0	0	0	0	0	0	0	0
"Sysselsatte"	"K.3222 Lørenskog"	"Helsesykepleier og jordmor"	"Uoppgitt"	0	0	0	0	0	0	0	0	0	0	0	0	0	0	0	0	0
"Sysselsatte"	"K.3224 Rælingen"	"Helsesykepleier og jordmor"	"Kommuneforvaltningen"	10	10	7	14	15	15	13	15	16	16	19	21	21	15	19	10	21
"Sysselsatte"	"K.3224 Rælingen"	"Helsesykepleier og jordmor"	"Fylkeskommunal forvaltning"	0	0	0	0	0	0	0	0	0	0	0	0	0	0	0	0	0
"Sysselsatte"	"K.3224 Rælingen"	"Helsesykepleier og jordmor"	"Statsforvaltningen"	0	0	0	0	0	0	0	0	0	0	0	0	0	0	0	0	0
"Sysselsatte"	"K.3224 Rælingen"	"Helsesykepleier og jordmor"	"Privat sektor og offentlige foretak"	0	0	0	0	0	0	0	0	0	0	0	0	0	0	0	0	0
"Sysselsatte"	"K.3224 Rælingen"	"Helsesykepleier og jordmor"	"Uoppgitt"	0	0	0	0	0	0	0	0	0	0	0	0	0	0	0	0	0
"Sysselsatte"	"K.3226 Aurskog-Høland"	"Helsesykepleier og jordmor"	"Kommuneforvaltningen"	11	10	10	..	..	..	..	11	14	13	14	13	13	13	17	15	12
"Sysselsatte"	"K.3226 Aurskog-Høland"	"Helsesykepleier og jordmor"	"Fylkeskommunal forvaltning"	0	0	0	0	0	0	0	0	0	0	0	0	0	0	0	0	0
"Sysselsatte"	"K.3226 Aurskog-Høland"	"Helsesykepleier og jordmor"	"Statsforvaltningen"	0	0	0	..	0	0	0	0	0	0	0	0	0	0	0	0	0
"Sysselsatte"	"K.3226 Aurskog-Høland"	"Helsesykepleier og jordmor"	"Privat sektor og offentlige foretak"	0	0	0	0	0	0	0	0	0	0	3	0	0	0	0	0	0
"Sysselsatte"	"K.3226 Aurskog-Høland"	"Helsesykepleier og jordmor"	"Uoppgitt"	0	0	0	0	0	0	0	0	0	0	0	0	0	0	0	0	0
"Sysselsatte"	"K.3228 Nes"	"Helsesykepleier og jordmor"	"Kommuneforvaltningen"	10	12	12	11	13	12	15	14	13	15	14	13	17	17	14	15	14
"Sysselsatte"	"K.3228 Nes"	"Helsesykepleier og jordmor"	"Fylkeskommunal forvaltning"	0	0	0	0	0	0	0	0	0	0	0	0	0	0	0	0	0
"Sysselsatte"	"K.3228 Nes"	"Helsesykepleier og jordmor"	"Statsforvaltningen"	..	..	..	..	..	..	..	0	3	3	0	0	0	0	0	3	0
"Sysselsatte"	"K.3228 Nes"	"Helsesykepleier og jordmor"	"Privat sektor og offentlige foretak"	0	0	0	0	0	0	0	0	0	0	0	0	3	0	0	0	0
"Sysselsatte"	"K.3228 Nes"	"Helsesykepleier og jordmor"	"Uoppgitt"	0	0	0	0	0	0	0	0	0	0	0	0	0	0	0	0	0
"Sysselsatte"	"K.3230 Gjerdrum"	"Helsesykepleier og jordmor"	"Kommuneforvaltningen"	4	4	5	8	6	7	7	6	6	5	7	9	6	9	7	7	8
"Sysselsatte"	"K.3230 Gjerdrum"	"Helsesykepleier og jordmor"	"Fylkeskommunal forvaltning"	0	0	0	0	0	0	0	0	0	0	0	0	0	0	0	0	0
"Sysselsatte"	"K.3230 Gjerdrum"	"Helsesykepleier og jordmor"	"Statsforvaltningen"	0	0	0	0	0	0	0	0	0	0	0	0	0	0	0	0	0
"Sysselsatte"	"K.3230 Gjerdrum"	"Helsesykepleier og jordmor"	"Privat sektor og offentlige foretak"	0	0	0	0	0	0	0	0	0	0	0	0	0	0	0	0	0
"Sysselsatte"	"K.3230 Gjerdrum"	"Helsesykepleier og jordmor"	"Uoppgitt"	0	0	0	0	0	0	0	0	0	0	0	0	0	0	0	0	0
"Sysselsatte"	"K.3232 Nittedal"	"Helsesykepleier og jordmor"	"Kommuneforvaltningen"	13	14	13	16	15	15	15	17	16	17	17	20	18	20	21	13	22
"Sysselsatte"	"K.3232 Nittedal"	"Helsesykepleier og jordmor"	"Fylkeskommunal forvaltning"	0	0	0	0	0	0	0	0	0	0	0	0	0	0	0	0	0
"Sysselsatte"	"K.3232 Nittedal"	"Helsesykepleier og jordmor"	"Statsforvaltningen"	0	0	0	..	0	0	..	0	0	0	0	0	0	0	0	0	0
"Sysselsatte"	"K.3232 Nittedal"	"Helsesykepleier og jordmor"	"Privat sektor og offentlige foretak"	..	..	..	..	..	..	..	3	0	0	0	0	0	0	0	0	0
"Sysselsatte"	"K.3232 Nittedal"	"Helsesykepleier og jordmor"	"Uoppgitt"	0	0	0	0	0	0	0	0	0	0	0	0	0	0	0	0	0
"Sysselsatte"	"K.3234 Lunner"	"Helsesykepleier og jordmor"	"Kommuneforvaltningen"	5	5	5	5	5	5	5	5	6	7	6	6	6	7	6	9	8
"Sysselsatte"	"K.3234 Lunner"	"Helsesykepleier og jordmor"	"Fylkeskommunal forvaltning"	0	0	0	0	0	0	0	0	0	0	0	0	0	0	0	0	0
"Sysselsatte"	"K.3234 Lunner"	"Helsesykepleier og jordmor"	"Statsforvaltningen"	0	0	0	0	0	0	0	0	0	0	0	0	0	0	0	0	0
"Sysselsatte"	"K.3234 Lunner"	"Helsesykepleier og jordmor"	"Privat sektor og offentlige foretak"	0	0	0	0	0	0	0	0	0	0	0	0	0	0	0	0	0
"Sysselsatte"	"K.3234 Lunner"	"Helsesykepleier og jordmor"	"Uoppgitt"	0	0	0	0	0	0	0	0	0	0	0	0	0	0	0	0	0
"Sysselsatte"	"K.3236 Jevnaker"	"Helsesykepleier og jordmor"	"Kommuneforvaltningen"	3	3	..	3	4	6	5	3	3	0	0	3	5	5	4	4	3
"Sysselsatte"	"K.3236 Jevnaker"	"Helsesykepleier og jordmor"	"Fylkeskommunal forvaltning"	0	0	0	0	0	0	0	0	0	0	0	0	0	0	0	0	0
"Sysselsatte"	"K.3236 Jevnaker"	"Helsesykepleier og jordmor"	"Statsforvaltningen"	0	0	0	0	0	0	0	0	0	0	0	0	0	0	0	0	0
"Sysselsatte"	"K.3236 Jevnaker"	"Helsesykepleier og jordmor"	"Privat sektor og offentlige foretak"	0	0	0	..	0	0	..	0	0	0	0	0	0	0	0	0	0
"Sysselsatte"	"K.3236 Jevnaker"	"Helsesykepleier og jordmor"	"Uoppgitt"	0	0	0	0	0	0	0	0	0	0	0	0	0	0	0	0	0
"Sysselsatte"	"K.3238 Nannestad"	"Helsesykepleier og jordmor"	"Kommuneforvaltningen"	11	11	11	10	12	12	13	12	13	13	13	14	14	16	15	17	18
"Sysselsatte"	"K.3238 Nannestad"	"Helsesykepleier og jordmor"	"Fylkeskommunal forvaltning"	0	0	0	0	0	0	0	0	0	0	0	0	0	0	0	0	0
"Sysselsatte"	"K.3238 Nannestad"	"Helsesykepleier og jordmor"	"Statsforvaltningen"	0	0	0	0	0	0	0	0	0	0	0	0	0	0	0	0	0
"Sysselsatte"	"K.3238 Nannestad"	"Helsesykepleier og jordmor"	"Privat sektor og offentlige foretak"	0	0	0	0	0	0	0	0	0	0	0	0	0	0	0	0	0
"Sysselsatte"	"K.3238 Nannestad"	"Helsesykepleier og jordmor"	"Uoppgitt"	0	0	0	0	0	0	0	0	0	0	0	0	0	0	0	0	0
"Sysselsatte"	"K.3240 Eidsvoll"	"Helsesykepleier og jordmor"	"Kommuneforvaltningen"	8	11	9	8	8	7	8	7	8	9	9	12	11	12	14	14	12
"Sysselsatte"	"K.3240 Eidsvoll"	"Helsesykepleier og jordmor"	"Fylkeskommunal forvaltning"	0	0	0	0	0	0	0	0	0	0	0	0	0	0	0	0	0
"Sysselsatte"	"K.3240 Eidsvoll"	"Helsesykepleier og jordmor"	"Statsforvaltningen"	0	0	..	..	0	0	0	0	0	0	0	0	0	0	0	0	0
"Sysselsatte"	"K.3240 Eidsvoll"	"Helsesykepleier og jordmor"	"Privat sektor og offentlige foretak"	..	..	0	0	0	0	0	0	0	0	0	0	0	0	0	0	0
"Sysselsatte"	"K.3240 Eidsvoll"	"Helsesykepleier og jordmor"	"Uoppgitt"	0	0	0	0	0	0	0	0	0	0	0	0	0	0	0	0	0
"Sysselsatte"	"K.3242 Hurdal"	"Helsesykepleier og jordmor"	"Kommuneforvaltningen"	..	..	..	..	..	3	..	0	0	0	0	0	0	0	0	0	0
"Sysselsatte"	"K.3242 Hurdal"	"Helsesykepleier og jordmor"	"Fylkeskommunal forvaltning"	0	0	0	0	0	0	0	0	0	0	0	0	0	0	0	0	0
"Sysselsatte"	"K.3242 Hurdal"	"Helsesykepleier og jordmor"	"Statsforvaltningen"	0	0	0	0	0	0	0	0	0	0	0	0	0	0	0	0	0
"Sysselsatte"	"K.3242 Hurdal"	"Helsesykepleier og jordmor"	"Privat sektor og offentlige foretak"	0	0	0	0	0	0	0	0	0	0	0	0	0	0	0	0	0
"Sysselsatte"	"K.3242 Hurdal"	"Helsesykepleier og jordmor"	"Uoppgitt"	0	0	0	0	0	0	0	0	0	0	0	0	0	0	0	0	0
"Sysselsatte"	"K.0301 Oslo"	"Helsesykepleier og jordmor"	"Kommuneforvaltningen"	264	295	294	322	319	339	358	360	370	400	447	485	526	530	568	562	554
"Sysselsatte"	"K.0301 Oslo"	"Helsesykepleier og jordmor"	"Fylkeskommunal forvaltning"	0	0	0	0	0	0	0	0	0	0	0	0	0	0	0	0	0
"Sysselsatte"	"K.0301 Oslo"	"Helsesykepleier og jordmor"	"Statsforvaltningen"	381	402	408	403	414	425	427	429	427	416	412	401	388	369	355	349	342
"Sysselsatte"	"K.0301 Oslo"	"Helsesykepleier og jordmor"	"Privat sektor og offentlige foretak"	56	63	68	76	83	81	75	79	84	78	70	81	69	73	79	82	91
"Sysselsatte"	"K.0301 Oslo"	"Helsesykepleier og jordmor"	"Uoppgitt"	0	0	0	0	0	0	0	0	0	0	0	0	0	0	0	0	0
"Sysselsatte"	"K.3301 Drammen"	"Helsesykepleier og jordmor"	"Kommuneforvaltningen"	53	58	57	62	62	63	64	66	66	75	76	81	56	54	66	82	87
"Sysselsatte"	"K.3301 Drammen"	"Helsesykepleier og jordmor"	"Fylkeskommunal forvaltning"	0	0	0	0	0	0	0	0	0	0	0	0	0	0	0	0	0
"Sysselsatte"	"K.3301 Drammen"	"Helsesykepleier og jordmor"	"Statsforvaltningen"	73	76	75	80	80	82	85	84	84	82	76	72	80	82	82	86	89
"Sysselsatte"	"K.3301 Drammen"	"Helsesykepleier og jordmor"	"Privat sektor og offentlige foretak"	5	..	4	5	3	3	3	4	5	3	3	3	4	4	4	3	3
"Sysselsatte"	"K.3301 Drammen"	"Helsesykepleier og jordmor"	"Uoppgitt"	0	0	0	0	0	0	0	0	0	0	0	0	0	0	0	0	0
"Sysselsatte"	"K.3303 Kongsberg"	"Helsesykepleier og jordmor"	"Kommuneforvaltningen"	14	16	17	21	20	20	20	22	21	21	22	23	23	31	31	30	26
"Sysselsatte"	"K.3303 Kongsberg"	"Helsesykepleier og jordmor"	"Fylkeskommunal forvaltning"	0	0	0	0	0	0	0	0	0	0	0	0	0	0	0	0	0
"Sysselsatte"	"K.3303 Kongsberg"	"Helsesykepleier og jordmor"	"Statsforvaltningen"	19	21	20	18	20	15	21	20	18	17	15	17	15	16	17	18	17
"Sysselsatte"	"K.3303 Kongsberg"	"Helsesykepleier og jordmor"	"Privat sektor og offentlige foretak"	3	3	..	..	..	..	0	0	0	0	0	3	0	0	3	3	3
"Sysselsatte"	"K.3303 Kongsberg"	"Helsesykepleier og jordmor"	"Uoppgitt"	0	0	0	0	0	0	0	0	0	0	0	0	0	0	0	0	0
"Sysselsatte"	"K.3305 Ringerike"	"Helsesykepleier og jordmor"	"Kommuneforvaltningen"	17	14	15	19	19	19	22	18	21	25	24	27	26	32	23	19	28
"Sysselsatte"	"K.3305 Ringerike"	"Helsesykepleier og jordmor"	"Fylkeskommunal forvaltning"	0	0	0	0	0	0	0	0	0	0	0	0	0	0	0	0	0
"Sysselsatte"	"K.3305 Ringerike"	"Helsesykepleier og jordmor"	"Statsforvaltningen"	32	25	32	32	28	28	29	24	30	27	32	27	25	25	30	29	32
"Sysselsatte"	"K.3305 Ringerike"	"Helsesykepleier og jordmor"	"Privat sektor og offentlige foretak"	3	3	..	4	4	5	5	4	3	3	3	3	6	3	3	6	0
"Sysselsatte"	"K.3305 Ringerike"	"Helsesykepleier og jordmor"	"Uoppgitt"	0	0	0	0	0	0	0	0	0	0	0	0	0	0	0	0	0
"Sysselsatte"	"K.3310 Hole"	"Helsesykepleier og jordmor"	"Kommuneforvaltningen"	..	5	5	4	6	5	5	5	4	4	5	5	5	3	3	4	4
"Sysselsatte"	"K.3310 Hole"	"Helsesykepleier og jordmor"	"Fylkeskommunal forvaltning"	0	0	0	0	0	0	0	0	0	0	0	0	0	0	0	0	0
"Sysselsatte"	"K.3310 Hole"	"Helsesykepleier og jordmor"	"Statsforvaltningen"	0	0	0	0	0	0	0	0	0	0	0	0	0	0	0	0	0
"Sysselsatte"	"K.3310 Hole"	"Helsesykepleier og jordmor"	"Privat sektor og offentlige foretak"	..	..	..	..	..	..	..	0	3	0	0	0	0	0	0	0	0
"Sysselsatte"	"K.3310 Hole"	"Helsesykepleier og jordmor"	"Uoppgitt"	0	0	0	0	0	0	0	0	0	0	0	0	0	0	0	0	0
"Sysselsatte"	"K.3312 Lier"	"Helsesykepleier og jordmor"	"Kommuneforvaltningen"	15	15	14	14	14	14	13	12	15	15	18	21	23	20	23	24	26
"Sysselsatte"	"K.3312 Lier"	"Helsesykepleier og jordmor"	"Fylkeskommunal forvaltning"	0	0	0	0	0	0	0	0	0	0	0	0	0	0	0	0	0
"Sysselsatte"	"K.3312 Lier"	"Helsesykepleier og jordmor"	"Statsforvaltningen"	0	0	..	..	..	..	..	0	0	0	0	0	0	0	0	0	0
"Sysselsatte"	"K.3312 Lier"	"Helsesykepleier og jordmor"	"Privat sektor og offentlige foretak"	0	0	0	0	0	0	0	3	0	0	0	0	0	0	0	0	3
"Sysselsatte"	"K.3312 Lier"	"Helsesykepleier og jordmor"	"Uoppgitt"	0	0	0	0	0	0	0	0	0	0	0	0	0	0	0	0	0
"Sysselsatte"	"K.3314 Øvre Eiker"	"Helsesykepleier og jordmor"	"Kommuneforvaltningen"	9	9	9	9	10	11	12	14	13	15	11	14	16	18	17	18	21
"Sysselsatte"	"K.3314 Øvre Eiker"	"Helsesykepleier og jordmor"	"Fylkeskommunal forvaltning"	0	0	0	0	0	0	0	0	0	0	0	0	0	0	0	0	0
"Sysselsatte"	"K.3314 Øvre Eiker"	"Helsesykepleier og jordmor"	"Statsforvaltningen"	0	0	..	0	..	0	0	0	0	0	0	0	0	0	0	0	0
"Sysselsatte"	"K.3314 Øvre Eiker"	"Helsesykepleier og jordmor"	"Privat sektor og offentlige foretak"	0	0	0	0	0	0	0	0	0	0	0	3	0	0	0	0	0
"Sysselsatte"	"K.3314 Øvre Eiker"	"Helsesykepleier og jordmor"	"Uoppgitt"	0	0	0	0	0	0	0	0	0	0	0	0	0	0	0	0	0
"Sysselsatte"	"K.3316 Modum"	"Helsesykepleier og jordmor"	"Kommuneforvaltningen"	8	10	9	11	11	12	12	11	12	13	14	15	16	17	18	16	13
"Sysselsatte"	"K.3316 Modum"	"Helsesykepleier og jordmor"	"Fylkeskommunal forvaltning"	0	0	0	0	0	0	0	0	0	0	0	0	0	0	0	0	0
"Sysselsatte"	"K.3316 Modum"	"Helsesykepleier og jordmor"	"Statsforvaltningen"	0	0	0	0	0	0	0	0	0	0	0	0	0	0	0	0	0
"Sysselsatte"	"K.3316 Modum"	"Helsesykepleier og jordmor"	"Privat sektor og offentlige foretak"	..	..	..	..	..	..	..	3	3	6	6	3	3	6	6	6	3
"Sysselsatte"	"K.3316 Modum"	"Helsesykepleier og jordmor"	"Uoppgitt"	0	0	0	0	0	0	0	0	0	0	0	0	0	0	0	0	0
"Sysselsatte"	"K.3318 Krødsherad"	"Helsesykepleier og jordmor"	"Kommuneforvaltningen"	..	..	..	..	..	..	..	3	3	3	3	6	0	3	3	3	0
"Sysselsatte"	"K.3318 Krødsherad"	"Helsesykepleier og jordmor"	"Fylkeskommunal forvaltning"	0	0	0	0	0	0	0	0	0	0	0	0	0	0	0	0	0
"Sysselsatte"	"K.3318 Krødsherad"	"Helsesykepleier og jordmor"	"Statsforvaltningen"	0	0	0	0	0	0	0	0	0	0	0	0	0	0	0	0	0
"Sysselsatte"	"K.3318 Krødsherad"	"Helsesykepleier og jordmor"	"Privat sektor og offentlige foretak"	0	0	0	0	0	0	0	0	0	0	0	0	0	0	0	0	0
"Sysselsatte"	"K.3318 Krødsherad"	"Helsesykepleier og jordmor"	"Uoppgitt"	0	0	0	0	0	0	0	0	0	0	0	0	0	0	0	0	0
"Sysselsatte"	"K.3320 Flå"	"Helsesykepleier og jordmor"	"Kommuneforvaltningen"	..	..	..	..	..	..	..	0	0	0	0	0	0	0	0	3	0
"Sysselsatte"	"K.3320 Flå"	"Helsesykepleier og jordmor"	"Fylkeskommunal forvaltning"	0	0	0	0	0	0	0	0	0	0	0	0	0	0	0	0	0
"Sysselsatte"	"K.3320 Flå"	"Helsesykepleier og jordmor"	"Statsforvaltningen"	0	0	0	0	0	0	0	0	0	0	0	0	0	0	0	0	0
"Sysselsatte"	"K.3320 Flå"	"Helsesykepleier og jordmor"	"Privat sektor og offentlige foretak"	0	0	..	..	0	0	0	0	0	0	3	0	3	3	3	0	3
"Sysselsatte"	"K.3320 Flå"	"Helsesykepleier og jordmor"	"Uoppgitt"	0	0	0	0	0	0	0	0	0	0	0	0	0	0	0	0	0
"Sysselsatte"	"K.3322 Nesbyen"	"Helsesykepleier og jordmor"	"Kommuneforvaltningen"	4	4	5	6	4	5	5	6	5	6	5	6	6	6	6	6	5
"Sysselsatte"	"K.3322 Nesbyen"	"Helsesykepleier og jordmor"	"Fylkeskommunal forvaltning"	0	0	0	0	0	0	0	0	0	0	0	0	0	0	0	0	0
"Sysselsatte"	"K.3322 Nesbyen"	"Helsesykepleier og jordmor"	"Statsforvaltningen"	0	0	0	0	0	0	0	0	0	0	0	0	0	0	0	0	0
"Sysselsatte"	"K.3322 Nesbyen"	"Helsesykepleier og jordmor"	"Privat sektor og offentlige foretak"	0	0	0	0	0	0	0	0	0	0	0	0	0	0	0	0	0
"Sysselsatte"	"K.3322 Nesbyen"	"Helsesykepleier og jordmor"	"Uoppgitt"	0	0	0	0	0	0	0	0	0	0	0	0	0	0	0	0	0
"Sysselsatte"	"K.3324 Gol"	"Helsesykepleier og jordmor"	"Kommuneforvaltningen"	3	4	4	4	6	5	5	5	5	5	6	8	6	5	3	3	4
"Sysselsatte"	"K.3324 Gol"	"Helsesykepleier og jordmor"	"Fylkeskommunal forvaltning"	0	0	0	0	0	0	0	0	0	0	0	0	0	0	0	0	0
"Sysselsatte"	"K.3324 Gol"	"Helsesykepleier og jordmor"	"Statsforvaltningen"	0	0	0	0	0	0	0	0	0	0	0	0	0	0	0	0	0
"Sysselsatte"	"K.3324 Gol"	"Helsesykepleier og jordmor"	"Privat sektor og offentlige foretak"	..	0	0	0	0	0	0	0	0	0	0	0	0	0	0	0	0
"Sysselsatte"	"K.3324 Gol"	"Helsesykepleier og jordmor"	"Uoppgitt"	0	0	0	0	0	0	0	0	0	0	0	0	0	0	0	0	0
"Sysselsatte"	"K.3326 Hemsedal"	"Helsesykepleier og jordmor"	"Kommuneforvaltningen"	..	..	3	3	4	5	5	4	3	3	3	3	4	4	6	5	4
"Sysselsatte"	"K.3326 Hemsedal"	"Helsesykepleier og jordmor"	"Fylkeskommunal forvaltning"	0	0	0	0	0	0	0	0	0	0	0	0	0	0	0	0	0
"Sysselsatte"	"K.3326 Hemsedal"	"Helsesykepleier og jordmor"	"Statsforvaltningen"	0	0	0	0	0	0	0	0	0	0	0	0	0	0	0	0	0
"Sysselsatte"	"K.3326 Hemsedal"	"Helsesykepleier og jordmor"	"Privat sektor og offentlige foretak"	0	0	0	0	0	0	0	0	0	0	0	0	0	0	0	0	0
"Sysselsatte"	"K.3326 Hemsedal"	"Helsesykepleier og jordmor"	"Uoppgitt"	0	0	0	0	0	0	0	0	0	0	0	0	0	0	0	0	0
"Sysselsatte"	"K.3328 Ål"	"Helsesykepleier og jordmor"	"Kommuneforvaltningen"	5	5	5	6	7	7	6	6	7	6	6	9	8	10	7	6	6
"Sysselsatte"	"K.3328 Ål"	"Helsesykepleier og jordmor"	"Fylkeskommunal forvaltning"	0	0	0	0	0	0	0	0	0	0	0	0	0	0	0	0	0
"Sysselsatte"	"K.3328 Ål"	"Helsesykepleier og jordmor"	"Statsforvaltningen"	..	0	0	0	0	0	0	0	0	0	0	0	0	0	0	0	0
"Sysselsatte"	"K.3328 Ål"	"Helsesykepleier og jordmor"	"Privat sektor og offentlige foretak"	0	0	0	0	0	0	0	0	0	0	0	0	0	0	0	0	0
"Sysselsatte"	"K.3328 Ål"	"Helsesykepleier og jordmor"	"Uoppgitt"	0	0	0	0	0	0	0	0	0	0	0	0	0	0	0	0	0
"Sysselsatte"	"K.3330 Hol"	"Helsesykepleier og jordmor"	"Kommuneforvaltningen"	4	4	3	..	..	3	..	0	3	3	3	3	3	6	6	4	7
"Sysselsatte"	"K.3330 Hol"	"Helsesykepleier og jordmor"	"Fylkeskommunal forvaltning"	0	0	0	0	0	0	0	0	0	0	0	0	0	0	0	0	0
"Sysselsatte"	"K.3330 Hol"	"Helsesykepleier og jordmor"	"Statsforvaltningen"	0	0	0	0	0	0	0	0	0	3	0	0	0	3	3	0	0
"Sysselsatte"	"K.3330 Hol"	"Helsesykepleier og jordmor"	"Privat sektor og offentlige foretak"	0	0	0	0	0	0	0	0	0	0	0	0	0	0	0	0	0
"Sysselsatte"	"K.3330 Hol"	"Helsesykepleier og jordmor"	"Uoppgitt"	0	0	0	0	0	0	0	0	0	0	0	0	0	0	0	0	0
"Sysselsatte"	"K.3332 Sigdal"	"Helsesykepleier og jordmor"	"Kommuneforvaltningen"	3	3	3	3	..	3	3	4	3	3	4	4	3	4	3	3	3
"Sysselsatte"	"K.3332 Sigdal"	"Helsesykepleier og jordmor"	"Fylkeskommunal forvaltning"	0	0	0	0	0	0	0	0	0	0	0	0	0	0	0	0	0
"Sysselsatte"	"K.3332 Sigdal"	"Helsesykepleier og jordmor"	"Statsforvaltningen"	0	0	0	0	0	0	0	0	0	0	0	0	0	0	0	0	0
"Sysselsatte"	"K.3332 Sigdal"	"Helsesykepleier og jordmor"	"Privat sektor og offentlige foretak"	0	0	0	0	0	0	0	0	0	0	0	0	0	0	0	0	0
"Sysselsatte"	"K.3332 Sigdal"	"Helsesykepleier og jordmor"	"Uoppgitt"	0	0	0	0	0	0	0	0	0	0	0	0	0	0	0	0	0
"Sysselsatte"	"K.3334 Flesberg"	"Helsesykepleier og jordmor"	"Kommuneforvaltningen"	3	3	3	3	3	4	3	3	3	3	4	3	3	0	0	0	0
"Sysselsatte"	"K.3334 Flesberg"	"Helsesykepleier og jordmor"	"Fylkeskommunal forvaltning"	0	0	0	0	0	0	0	0	0	0	0	0	0	0	0	0	0
"Sysselsatte"	"K.3334 Flesberg"	"Helsesykepleier og jordmor"	"Statsforvaltningen"	0	0	0	0	0	0	0	0	0	0	0	0	0	0	0	0	0
"Sysselsatte"	"K.3334 Flesberg"	"Helsesykepleier og jordmor"	"Privat sektor og offentlige foretak"	0	0	0	0	0	0	0	0	0	0	0	0	0	0	0	0	0
"Sysselsatte"	"K.3334 Flesberg"	"Helsesykepleier og jordmor"	"Uoppgitt"	0	0	0	0	0	0	0	0	0	0	0	0	0	0	0	0	0
"Sysselsatte"	"K.3336 Rollag"	"Helsesykepleier og jordmor"	"Kommuneforvaltningen"	..	..	..	..	..	..	..	3	3	3	3	3	3	3	6	0	0
"Sysselsatte"	"K.3336 Rollag"	"Helsesykepleier og jordmor"	"Fylkeskommunal forvaltning"	0	0	0	0	0	0	0	0	0	0	0	0	0	0	0	0	0
"Sysselsatte"	"K.3336 Rollag"	"Helsesykepleier og jordmor"	"Statsforvaltningen"	0	0	0	0	0	0	0	0	0	0	0	0	0	0	0	0	0
"Sysselsatte"	"K.3336 Rollag"	"Helsesykepleier og jordmor"	"Privat sektor og offentlige foretak"	0	0	0	0	0	0	0	0	0	0	0	0	0	0	0	0	0
"Sysselsatte"	"K.3336 Rollag"	"Helsesykepleier og jordmor"	"Uoppgitt"	0	0	0	0	0	0	0	0	0	0	0	0	0	0	0	0	0
"Sysselsatte"	"K.3338 Nore og Uvdal"	"Helsesykepleier og jordmor"	"Kommuneforvaltningen"	3	3	3	3	..	..	..	3	0	0	3	3	3	3	3	3	4
"Sysselsatte"	"K.3338 Nore og Uvdal"	"Helsesykepleier og jordmor"	"Fylkeskommunal forvaltning"	0	0	0	0	0	0	0	0	0	0	0	0	0	0	0	0	0
"Sysselsatte"	"K.3338 Nore og Uvdal"	"Helsesykepleier og jordmor"	"Statsforvaltningen"	0	0	0	0	0	0	0	0	0	0	0	0	0	0	0	0	0
"Sysselsatte"	"K.3338 Nore og Uvdal"	"Helsesykepleier og jordmor"	"Privat sektor og offentlige foretak"	0	..	0	..	0	0	..	0	0	0	0	0	0	0	0	0	0
"Sysselsatte"	"K.3338 Nore og Uvdal"	"Helsesykepleier og jordmor"	"Uoppgitt"	0	0	0	0	0	0	0	0	0	0	0	0	0	0	0	0	0
"Sysselsatte"	"K.3401 Kongsvinger"	"Helsesykepleier og jordmor"	"Kommuneforvaltningen"	11	11	11	11	11	12	13	9	11	12	13	13	14	18	13	13	14
"Sysselsatte"	"K.3401 Kongsvinger"	"Helsesykepleier og jordmor"	"Fylkeskommunal forvaltning"	0	0	0	0	0	0	0	0	0	0	0	0	0	0	0	0	0
"Sysselsatte"	"K.3401 Kongsvinger"	"Helsesykepleier og jordmor"	"Statsforvaltningen"	23	23	23	25	26	25	26	26	22	24	22	21	20	23	21	22	25
"Sysselsatte"	"K.3401 Kongsvinger"	"Helsesykepleier og jordmor"	"Privat sektor og offentlige foretak"	0	0	0	0	0	0	0	3	3	3	3	3	0	0	0	3	3
"Sysselsatte"	"K.3401 Kongsvinger"	"Helsesykepleier og jordmor"	"Uoppgitt"	0	0	0	0	0	0	0	0	0	0	0	0	0	0	0	0	0
"Sysselsatte"	"K.3403 Hamar"	"Helsesykepleier og jordmor"	"Kommuneforvaltningen"	15	17	16	19	22	22	24	25	30	28	32	31	28	38	43	41	43
"Sysselsatte"	"K.3403 Hamar"	"Helsesykepleier og jordmor"	"Fylkeskommunal forvaltning"	0	0	0	0	0	0	0	0	0	0	0	0	0	0	0	0	0
"Sysselsatte"	"K.3403 Hamar"	"Helsesykepleier og jordmor"	"Statsforvaltningen"	6	7	8	8	8	7	7	4	7	3	3	0	3	3	4	4	3
"Sysselsatte"	"K.3403 Hamar"	"Helsesykepleier og jordmor"	"Privat sektor og offentlige foretak"	..	..	..	..	..	..	..	0	0	0	0	0	0	3	0	0	0
"Sysselsatte"	"K.3403 Hamar"	"Helsesykepleier og jordmor"	"Uoppgitt"	0	0	0	0	0	0	0	0	0	0	0	0	0	0	0	0	0
"Sysselsatte"	"K.3405 Lillehammer"	"Helsesykepleier og jordmor"	"Kommuneforvaltningen"	15	17	15	15	20	21	22	19	22	20	26	26	28	28	32	30	31
"Sysselsatte"	"K.3405 Lillehammer"	"Helsesykepleier og jordmor"	"Fylkeskommunal forvaltning"	0	0	0	0	0	0	0	0	0	0	0	0	0	0	0	0	0
"Sysselsatte"	"K.3405 Lillehammer"	"Helsesykepleier og jordmor"	"Statsforvaltningen"	34	31	33	37	38	35	36	36	39	41	41	38	37	37	37	42	43
"Sysselsatte"	"K.3405 Lillehammer"	"Helsesykepleier og jordmor"	"Privat sektor og offentlige foretak"	..	..	3	..	..	..	..	0	0	0	3	4	0	0	0	0	3
"Sysselsatte"	"K.3405 Lillehammer"	"Helsesykepleier og jordmor"	"Uoppgitt"	0	0	0	0	0	0	0	0	0	0	0	0	0	0	0	0	0
"Sysselsatte"	"K.3407 Gjøvik"	"Helsesykepleier og jordmor"	"Kommuneforvaltningen"	16	16	16	16	16	16	20	21	22	21	23	23	25	25	31	30	29
"Sysselsatte"	"K.3407 Gjøvik"	"Helsesykepleier og jordmor"	"Fylkeskommunal forvaltning"	0	0	0	0	0	0	0	0	0	0	0	0	0	0	0	0	0
"Sysselsatte"	"K.3407 Gjøvik"	"Helsesykepleier og jordmor"	"Statsforvaltningen"	29	27	31	26	29	27	30	27	23	30	30	28	28	23	21	24	26
"Sysselsatte"	"K.3407 Gjøvik"	"Helsesykepleier og jordmor"	"Privat sektor og offentlige foretak"	0	0	0	0	0	0	..	0	0	0	0	0	0	0	0	3	0
"Sysselsatte"	"K.3407 Gjøvik"	"Helsesykepleier og jordmor"	"Uoppgitt"	0	0	0	0	0	0	0	0	0	0	0	0	0	0	0	0	0
"Sysselsatte"	"K.3411 Ringsaker"	"Helsesykepleier og jordmor"	"Kommuneforvaltningen"	19	23	19	22	21	21	23	24	27	29	25	27	30	27	33	31	29
"Sysselsatte"	"K.3411 Ringsaker"	"Helsesykepleier og jordmor"	"Fylkeskommunal forvaltning"	0	0	0	0	0	0	0	0	0	0	0	0	0	0	0	0	0
"Sysselsatte"	"K.3411 Ringsaker"	"Helsesykepleier og jordmor"	"Statsforvaltningen"	0	0	0	..	..	..	3	5	5	4	4	4	5	3	4	4	0
"Sysselsatte"	"K.3411 Ringsaker"	"Helsesykepleier og jordmor"	"Privat sektor og offentlige foretak"	..	..	..	..	0	0	..	0	3	0	3	0	0	0	3	3	0
"Sysselsatte"	"K.3411 Ringsaker"	"Helsesykepleier og jordmor"	"Uoppgitt"	0	0	0	0	0	0	0	0	0	0	0	0	0	0	0	0	0
"Sysselsatte"	"K.3412 Løten"	"Helsesykepleier og jordmor"	"Kommuneforvaltningen"	6	5	6	7	6	6	6	6	7	8	8	8	8	8	8	7	7
"Sysselsatte"	"K.3412 Løten"	"Helsesykepleier og jordmor"	"Fylkeskommunal forvaltning"	0	0	0	0	0	0	0	0	0	0	0	0	0	0	0	0	0
"Sysselsatte"	"K.3412 Løten"	"Helsesykepleier og jordmor"	"Statsforvaltningen"	0	0	0	0	0	0	0	0	0	0	0	0	0	0	0	0	0
"Sysselsatte"	"K.3412 Løten"	"Helsesykepleier og jordmor"	"Privat sektor og offentlige foretak"	0	0	0	0	0	0	0	0	0	0	0	0	0	0	0	0	0
"Sysselsatte"	"K.3412 Løten"	"Helsesykepleier og jordmor"	"Uoppgitt"	0	0	0	0	0	0	0	0	0	0	0	0	0	0	0	0	0
"Sysselsatte"	"K.3413 Stange"	"Helsesykepleier og jordmor"	"Kommuneforvaltningen"	8	13	11	14	18	16	16	16	18	17	21	21	22	21	26	23	20
"Sysselsatte"	"K.3413 Stange"	"Helsesykepleier og jordmor"	"Fylkeskommunal forvaltning"	0	0	0	0	0	0	0	0	0	0	0	0	0	0	0	0	0
"Sysselsatte"	"K.3413 Stange"	"Helsesykepleier og jordmor"	"Statsforvaltningen"	..	..	..	..	..	..	..	3	0	0	3	3	5	9	3	6	3
"Sysselsatte"	"K.3413 Stange"	"Helsesykepleier og jordmor"	"Privat sektor og offentlige foretak"	0	..	..	0	0	0	0	0	0	0	0	0	0	0	0	0	0
"Sysselsatte"	"K.3413 Stange"	"Helsesykepleier og jordmor"	"Uoppgitt"	0	0	0	0	0	0	0	0	0	0	0	0	0	0	0	0	0
"Sysselsatte"	"K.3414 Nord-Odal"	"Helsesykepleier og jordmor"	"Kommuneforvaltningen"	4	4	5	5	5	4	5	5	5	4	4	4	4	6	4	4	3
"Sysselsatte"	"K.3414 Nord-Odal"	"Helsesykepleier og jordmor"	"Fylkeskommunal forvaltning"	0	0	0	0	0	0	0	0	0	0	0	0	0	0	0	0	0
"Sysselsatte"	"K.3414 Nord-Odal"	"Helsesykepleier og jordmor"	"Statsforvaltningen"	0	0	0	0	0	0	0	0	0	0	0	0	0	0	0	0	0
"Sysselsatte"	"K.3414 Nord-Odal"	"Helsesykepleier og jordmor"	"Privat sektor og offentlige foretak"	0	0	0	0	0	0	0	0	0	0	0	0	0	0	0	0	0
"Sysselsatte"	"K.3414 Nord-Odal"	"Helsesykepleier og jordmor"	"Uoppgitt"	0	0	0	0	0	0	0	0	0	0	0	0	0	0	0	0	0
"Sysselsatte"	"K.3415 Sør-Odal"	"Helsesykepleier og jordmor"	"Kommuneforvaltningen"	5	6	5	6	5	7	6	6	5	6	7	7	8	10	9	10	9
"Sysselsatte"	"K.3415 Sør-Odal"	"Helsesykepleier og jordmor"	"Fylkeskommunal forvaltning"	0	0	0	0	0	0	0	0	0	0	0	0	0	0	0	0	0
"Sysselsatte"	"K.3415 Sør-Odal"	"Helsesykepleier og jordmor"	"Statsforvaltningen"	0	0	0	0	0	0	0	0	0	0	0	0	0	0	0	0	0
"Sysselsatte"	"K.3415 Sør-Odal"	"Helsesykepleier og jordmor"	"Privat sektor og offentlige foretak"	0	0	0	0	0	0	0	0	0	0	0	0	0	0	0	0	0
"Sysselsatte"	"K.3415 Sør-Odal"	"Helsesykepleier og jordmor"	"Uoppgitt"	0	0	0	0	0	0	0	0	0	0	0	0	0	0	0	0	0
"Sysselsatte"	"K.3416 Eidskog"	"Helsesykepleier og jordmor"	"Kommuneforvaltningen"	3	3	..	..	..	..	..	3	0	3	3	3	0	3	0	3	4
"Sysselsatte"	"K.3416 Eidskog"	"Helsesykepleier og jordmor"	"Fylkeskommunal forvaltning"	0	0	0	0	0	0	0	0	0	0	0	0	0	0	0	0	0
"Sysselsatte"	"K.3416 Eidskog"	"Helsesykepleier og jordmor"	"Statsforvaltningen"	0	0	0	0	0	0	0	0	0	0	0	0	0	0	0	0	0
"Sysselsatte"	"K.3416 Eidskog"	"Helsesykepleier og jordmor"	"Privat sektor og offentlige foretak"	0	0	0	0	0	0	0	0	0	0	0	0	0	0	0	0	0
"Sysselsatte"	"K.3416 Eidskog"	"Helsesykepleier og jordmor"	"Uoppgitt"	0	0	0	0	0	0	0	0	0	0	0	0	0	0	0	0	0
"Sysselsatte"	"K.3417 Grue"	"Helsesykepleier og jordmor"	"Kommuneforvaltningen"	4	4	4	4	4	4	4	4	5	5	4	4	4	3	3	3	0
"Sysselsatte"	"K.3417 Grue"	"Helsesykepleier og jordmor"	"Fylkeskommunal forvaltning"	0	0	0	0	0	0	0	0	0	0	0	0	0	0	0	0	0
"Sysselsatte"	"K.3417 Grue"	"Helsesykepleier og jordmor"	"Statsforvaltningen"	0	0	0	0	0	0	0	0	0	0	0	0	0	0	0	0	0
"Sysselsatte"	"K.3417 Grue"	"Helsesykepleier og jordmor"	"Privat sektor og offentlige foretak"	0	0	..	..	..	..	..	0	0	3	3	0	0	0	0	0	0
"Sysselsatte"	"K.3417 Grue"	"Helsesykepleier og jordmor"	"Uoppgitt"	0	0	0	0	0	0	0	0	0	0	0	0	0	0	0	0	0
"Sysselsatte"	"K.3418 Åsnes"	"Helsesykepleier og jordmor"	"Kommuneforvaltningen"	6	5	7	6	7	7	8	8	9	8	8	9	9	8	7	6	6
"Sysselsatte"	"K.3418 Åsnes"	"Helsesykepleier og jordmor"	"Fylkeskommunal forvaltning"	0	0	0	0	0	0	0	0	0	0	0	0	0	0	0	0	0
"Sysselsatte"	"K.3418 Åsnes"	"Helsesykepleier og jordmor"	"Statsforvaltningen"	0	0	0	0	0	0	0	0	0	0	0	0	0	0	0	0	0
"Sysselsatte"	"K.3418 Åsnes"	"Helsesykepleier og jordmor"	"Privat sektor og offentlige foretak"	..	..	..	..	0	0	..	0	0	0	0	0	0	0	0	0	0
"Sysselsatte"	"K.3418 Åsnes"	"Helsesykepleier og jordmor"	"Uoppgitt"	0	0	0	0	0	0	0	0	0	0	0	0	0	0	0	0	0
"Sysselsatte"	"K.3419 Våler (Innlandet)"	"Helsesykepleier og jordmor"	"Kommuneforvaltningen"	3	4	5	5	4	4	4	4	4	4	4	5	3	4	3	3	0
"Sysselsatte"	"K.3419 Våler (Innlandet)"	"Helsesykepleier og jordmor"	"Fylkeskommunal forvaltning"	0	0	0	0	0	0	0	0	0	0	0	0	0	0	0	0	0
"Sysselsatte"	"K.3419 Våler (Innlandet)"	"Helsesykepleier og jordmor"	"Statsforvaltningen"	0	0	0	0	0	0	0	0	0	0	0	0	0	0	0	0	0
"Sysselsatte"	"K.3419 Våler (Innlandet)"	"Helsesykepleier og jordmor"	"Privat sektor og offentlige foretak"	0	..	..	..	0	..	0	0	0	0	0	0	0	0	0	0	0
"Sysselsatte"	"K.3419 Våler (Innlandet)"	"Helsesykepleier og jordmor"	"Uoppgitt"	0	0	0	0	0	0	0	0	0	0	0	0	0	0	0	0	0
"Sysselsatte"	"K.3420 Elverum"	"Helsesykepleier og jordmor"	"Kommuneforvaltningen"	11	13	16	15	16	18	18	16	16	18	19	21	20	20	19	22	21
"Sysselsatte"	"K.3420 Elverum"	"Helsesykepleier og jordmor"	"Fylkeskommunal forvaltning"	0	0	0	0	0	0	0	0	0	0	0	0	0	0	0	0	0
"Sysselsatte"	"K.3420 Elverum"	"Helsesykepleier og jordmor"	"Statsforvaltningen"	26	30	27	29	29	31	29	28	31	33	33	29	30	31	34	41	40
"Sysselsatte"	"K.3420 Elverum"	"Helsesykepleier og jordmor"	"Privat sektor og offentlige foretak"	0	0	0	0	..	..	0	0	0	3	0	3	0	0	0	0	0
"Sysselsatte"	"K.3420 Elverum"	"Helsesykepleier og jordmor"	"Uoppgitt"	0	0	0	0	0	0	0	0	0	0	0	0	0	0	0	0	0
"Sysselsatte"	"K.3421 Trysil"	"Helsesykepleier og jordmor"	"Kommuneforvaltningen"	..	3	3	5	4	4	4	3	5	5	6	6	6	6	5	5	6
"Sysselsatte"	"K.3421 Trysil"	"Helsesykepleier og jordmor"	"Fylkeskommunal forvaltning"	0	0	0	0	0	0	0	0	0	0	0	0	0	0	0	0	0
"Sysselsatte"	"K.3421 Trysil"	"Helsesykepleier og jordmor"	"Statsforvaltningen"	0	0	0	0	0	0	0	0	0	0	0	0	0	0	0	0	0
"Sysselsatte"	"K.3421 Trysil"	"Helsesykepleier og jordmor"	"Privat sektor og offentlige foretak"	0	0	0	0	0	0	0	0	0	0	0	0	0	0	0	0	0
"Sysselsatte"	"K.3421 Trysil"	"Helsesykepleier og jordmor"	"Uoppgitt"	0	0	0	0	0	0	0	0	0	0	0	0	0	0	0	0	0
"Sysselsatte"	"K.3422 Åmot"	"Helsesykepleier og jordmor"	"Kommuneforvaltningen"	3	3	4	3	3	..	3	4	5	3	3	3	3	0	0	3	4
"Sysselsatte"	"K.3422 Åmot"	"Helsesykepleier og jordmor"	"Fylkeskommunal forvaltning"	0	0	0	0	0	0	0	0	0	0	0	0	0	0	0	0	0
"Sysselsatte"	"K.3422 Åmot"	"Helsesykepleier og jordmor"	"Statsforvaltningen"	0	0	0	0	0	0	0	0	0	0	0	0	0	0	0	0	0
"Sysselsatte"	"K.3422 Åmot"	"Helsesykepleier og jordmor"	"Privat sektor og offentlige foretak"	0	0	0	0	0	0	0	0	0	0	0	0	0	0	0	0	0
"Sysselsatte"	"K.3422 Åmot"	"Helsesykepleier og jordmor"	"Uoppgitt"	0	0	0	0	0	0	0	0	0	0	0	0	0	0	0	0	0
"Sysselsatte"	"K.3423 Stor-Elvdal"	"Helsesykepleier og jordmor"	"Kommuneforvaltningen"	..	3	..	..	..	..	3	3	3	3	4	3	4	3	3	3	3
"Sysselsatte"	"K.3423 Stor-Elvdal"	"Helsesykepleier og jordmor"	"Fylkeskommunal forvaltning"	0	0	0	0	0	0	0	0	0	0	0	0	0	0	0	0	0
"Sysselsatte"	"K.3423 Stor-Elvdal"	"Helsesykepleier og jordmor"	"Statsforvaltningen"	0	0	0	0	0	0	0	0	0	0	0	0	0	0	0	0	0
"Sysselsatte"	"K.3423 Stor-Elvdal"	"Helsesykepleier og jordmor"	"Privat sektor og offentlige foretak"	0	0	0	0	0	0	0	0	0	0	0	0	0	0	0	0	0
"Sysselsatte"	"K.3423 Stor-Elvdal"	"Helsesykepleier og jordmor"	"Uoppgitt"	0	0	0	0	0	0	0	0	0	0	0	0	0	0	0	0	0
"Sysselsatte"	"K.3424 Rendalen"	"Helsesykepleier og jordmor"	"Kommuneforvaltningen"	..	..	..	..	..	..	..	3	3	3	0	3	0	0	0	3	3
"Sysselsatte"	"K.3424 Rendalen"	"Helsesykepleier og jordmor"	"Fylkeskommunal forvaltning"	0	0	0	0	0	0	0	0	0	0	0	0	0	0	0	0	0
"Sysselsatte"	"K.3424 Rendalen"	"Helsesykepleier og jordmor"	"Statsforvaltningen"	0	0	0	0	0	0	0	0	0	0	0	0	0	0	0	0	0
"Sysselsatte"	"K.3424 Rendalen"	"Helsesykepleier og jordmor"	"Privat sektor og offentlige foretak"	0	0	0	0	0	0	0	0	0	0	0	0	0	0	0	0	0
"Sysselsatte"	"K.3424 Rendalen"	"Helsesykepleier og jordmor"	"Uoppgitt"	0	0	0	0	0	0	0	0	0	0	0	0	0	0	0	0	0
"Sysselsatte"	"K.3425 Engerdal"	"Helsesykepleier og jordmor"	"Kommuneforvaltningen"	..	..	..	..	..	..	0	0	0	0	3	0	0	0	0	0	0
"Sysselsatte"	"K.3425 Engerdal"	"Helsesykepleier og jordmor"	"Fylkeskommunal forvaltning"	0	0	0	0	0	0	0	0	0	0	0	0	0	0	0	0	0
"Sysselsatte"	"K.3425 Engerdal"	"Helsesykepleier og jordmor"	"Statsforvaltningen"	0	0	0	0	0	0	0	0	0	0	0	0	0	0	0	0	0
"Sysselsatte"	"K.3425 Engerdal"	"Helsesykepleier og jordmor"	"Privat sektor og offentlige foretak"	0	0	0	..	0	0	0	0	0	0	0	0	0	0	0	0	0
"Sysselsatte"	"K.3425 Engerdal"	"Helsesykepleier og jordmor"	"Uoppgitt"	0	0	0	0	0	0	0	0	0	0	0	0	0	0	0	0	0
"Sysselsatte"	"K.3426 Tolga"	"Helsesykepleier og jordmor"	"Kommuneforvaltningen"	..	..	..	..	..	..	..	3	3	0	0	0	0	0	0	0	0
"Sysselsatte"	"K.3426 Tolga"	"Helsesykepleier og jordmor"	"Fylkeskommunal forvaltning"	0	0	0	0	0	0	0	0	0	0	0	0	0	0	0	0	0
"Sysselsatte"	"K.3426 Tolga"	"Helsesykepleier og jordmor"	"Statsforvaltningen"	0	0	0	0	0	0	0	0	0	0	0	0	0	0	0	0	0
"Sysselsatte"	"K.3426 Tolga"	"Helsesykepleier og jordmor"	"Privat sektor og offentlige foretak"	0	0	0	0	0	0	0	0	0	0	0	0	0	0	0	0	0
"Sysselsatte"	"K.3426 Tolga"	"Helsesykepleier og jordmor"	"Uoppgitt"	0	0	0	0	0	0	0	0	0	0	0	0	0	0	0	0	0
"Sysselsatte"	"K.3427 Tynset"	"Helsesykepleier og jordmor"	"Kommuneforvaltningen"	4	4	4	4	4	4	5	4	4	5	6	5	6	7	7	7	5
"Sysselsatte"	"K.3427 Tynset"	"Helsesykepleier og jordmor"	"Fylkeskommunal forvaltning"	0	0	0	0	0	0	0	0	0	0	0	0	0	0	0	0	0
"Sysselsatte"	"K.3427 Tynset"	"Helsesykepleier og jordmor"	"Statsforvaltningen"	10	8	9	10	7	11	8	7	7	8	7	8	6	7	6	8	10
"Sysselsatte"	"K.3427 Tynset"	"Helsesykepleier og jordmor"	"Privat sektor og offentlige foretak"	..	0	0	0	0	0	0	0	0	0	0	0	0	0	0	0	0
"Sysselsatte"	"K.3427 Tynset"	"Helsesykepleier og jordmor"	"Uoppgitt"	0	0	0	0	0	0	0	0	0	0	0	0	0	0	0	0	0
"Sysselsatte"	"K.3428 Alvdal"	"Helsesykepleier og jordmor"	"Kommuneforvaltningen"	..	..	..	..	..	..	..	0	0	3	3	3	3	3	4	3	0
"Sysselsatte"	"K.3428 Alvdal"	"Helsesykepleier og jordmor"	"Fylkeskommunal forvaltning"	0	0	0	0	0	0	0	0	0	0	0	0	0	0	0	0	0
"Sysselsatte"	"K.3428 Alvdal"	"Helsesykepleier og jordmor"	"Statsforvaltningen"	0	0	0	0	0	0	0	0	0	0	0	0	0	0	0	0	0
"Sysselsatte"	"K.3428 Alvdal"	"Helsesykepleier og jordmor"	"Privat sektor og offentlige foretak"	0	0	0	0	0	0	0	0	0	0	0	0	0	0	0	0	0
"Sysselsatte"	"K.3428 Alvdal"	"Helsesykepleier og jordmor"	"Uoppgitt"	0	0	0	0	0	0	0	0	0	0	0	0	0	0	0	0	0
"Sysselsatte"	"K.3429 Folldal"	"Helsesykepleier og jordmor"	"Kommuneforvaltningen"	..	..	..	..	..	..	..	0	0	3	3	3	3	3	6	3	3
"Sysselsatte"	"K.3429 Folldal"	"Helsesykepleier og jordmor"	"Fylkeskommunal forvaltning"	0	0	0	0	0	0	0	0	0	0	0	0	0	0	0	0	0
"Sysselsatte"	"K.3429 Folldal"	"Helsesykepleier og jordmor"	"Statsforvaltningen"	0	0	0	0	0	0	0	0	0	0	0	0	0	0	0	0	0
"Sysselsatte"	"K.3429 Folldal"	"Helsesykepleier og jordmor"	"Privat sektor og offentlige foretak"	0	0	0	0	0	0	0	0	0	0	0	0	0	0	0	0	0
"Sysselsatte"	"K.3429 Folldal"	"Helsesykepleier og jordmor"	"Uoppgitt"	0	0	0	0	0	0	0	0	0	0	0	0	0	0	0	0	0
"Sysselsatte"	"K.3430 Os"	"Helsesykepleier og jordmor"	"Kommuneforvaltningen"	..	3	..	3	3	3	3	0	3	0	3	3	3	3	3	0	3
"Sysselsatte"	"K.3430 Os"	"Helsesykepleier og jordmor"	"Fylkeskommunal forvaltning"	0	0	0	0	0	0	0	0	0	0	0	0	0	0	0	0	0
"Sysselsatte"	"K.3430 Os"	"Helsesykepleier og jordmor"	"Statsforvaltningen"	0	0	0	0	0	0	0	0	0	0	0	0	0	0	0	0	0
"Sysselsatte"	"K.3430 Os"	"Helsesykepleier og jordmor"	"Privat sektor og offentlige foretak"	0	0	0	0	0	0	0	0	0	0	0	0	0	0	0	0	0
"Sysselsatte"	"K.3430 Os"	"Helsesykepleier og jordmor"	"Uoppgitt"	0	0	0	0	0	0	0	0	0	0	0	0	0	0	0	0	0
"Sysselsatte"	"K.3431 Dovre"	"Helsesykepleier og jordmor"	"Kommuneforvaltningen"	..	..	..	3	3	3	3	4	4	4	3	4	4	4	4	4	3
"Sysselsatte"	"K.3431 Dovre"	"Helsesykepleier og jordmor"	"Fylkeskommunal forvaltning"	0	0	0	0	0	0	0	0	0	0	0	0	0	0	0	0	0
"Sysselsatte"	"K.3431 Dovre"	"Helsesykepleier og jordmor"	"Statsforvaltningen"	0	0	0	0	0	0	0	0	0	0	0	0	0	0	0	0	0
"Sysselsatte"	"K.3431 Dovre"	"Helsesykepleier og jordmor"	"Privat sektor og offentlige foretak"	0	0	0	0	0	0	0	0	0	0	0	0	0	0	0	0	0
"Sysselsatte"	"K.3431 Dovre"	"Helsesykepleier og jordmor"	"Uoppgitt"	0	0	0	0	0	0	0	0	0	0	0	0	0	0	0	0	0
"Sysselsatte"	"K.3432 Lesja"	"Helsesykepleier og jordmor"	"Kommuneforvaltningen"	..	..	..	..	3	..	..	3	3	3	3	3	3	3	3	4	4
"Sysselsatte"	"K.3432 Lesja"	"Helsesykepleier og jordmor"	"Fylkeskommunal forvaltning"	0	0	0	0	0	0	0	0	0	0	0	0	0	0	0	0	0
"Sysselsatte"	"K.3432 Lesja"	"Helsesykepleier og jordmor"	"Statsforvaltningen"	0	0	0	0	0	0	0	0	0	0	0	0	0	0	0	0	0
"Sysselsatte"	"K.3432 Lesja"	"Helsesykepleier og jordmor"	"Privat sektor og offentlige foretak"	0	0	0	0	0	0	0	0	0	0	0	0	0	0	0	0	0
"Sysselsatte"	"K.3432 Lesja"	"Helsesykepleier og jordmor"	"Uoppgitt"	0	0	0	0	0	0	0	0	0	0	0	0	0	0	0	0	0
"Sysselsatte"	"K.3433 Skjåk"	"Helsesykepleier og jordmor"	"Kommuneforvaltningen"	4	4	3	3	4	4	5	0	3	3	3	3	3	3	0	5	5
"Sysselsatte"	"K.3433 Skjåk"	"Helsesykepleier og jordmor"	"Fylkeskommunal forvaltning"	0	0	0	0	0	0	0	0	0	0	0	0	0	0	0	0	0
"Sysselsatte"	"K.3433 Skjåk"	"Helsesykepleier og jordmor"	"Statsforvaltningen"	0	0	0	0	0	0	0	0	0	0	0	0	0	0	0	0	0
"Sysselsatte"	"K.3433 Skjåk"	"Helsesykepleier og jordmor"	"Privat sektor og offentlige foretak"	0	0	0	0	0	0	0	0	0	0	0	0	0	0	0	0	0
"Sysselsatte"	"K.3433 Skjåk"	"Helsesykepleier og jordmor"	"Uoppgitt"	0	0	0	0	0	0	0	0	0	0	0	0	0	0	0	0	0
"Sysselsatte"	"K.3434 Lom"	"Helsesykepleier og jordmor"	"Kommuneforvaltningen"	3	5	4	4	4	4	4	4	5	4	4	4	4	4	5	0	0
"Sysselsatte"	"K.3434 Lom"	"Helsesykepleier og jordmor"	"Fylkeskommunal forvaltning"	0	0	0	0	0	0	0	0	0	0	0	0	0	0	0	0	0
"Sysselsatte"	"K.3434 Lom"	"Helsesykepleier og jordmor"	"Statsforvaltningen"	0	0	0	0	0	0	0	0	0	0	0	0	0	0	0	0	0
"Sysselsatte"	"K.3434 Lom"	"Helsesykepleier og jordmor"	"Privat sektor og offentlige foretak"	0	0	0	0	0	0	0	0	0	0	0	0	0	0	0	0	0
"Sysselsatte"	"K.3434 Lom"	"Helsesykepleier og jordmor"	"Uoppgitt"	0	0	0	0	0	0	0	0	0	0	0	0	0	0	0	0	0
"Sysselsatte"	"K.3435 Vågå"	"Helsesykepleier og jordmor"	"Kommuneforvaltningen"	3	4	4	5	4	5	4	4	4	4	4	4	4	4	7	5	5
"Sysselsatte"	"K.3435 Vågå"	"Helsesykepleier og jordmor"	"Fylkeskommunal forvaltning"	0	0	0	0	0	0	0	0	0	0	0	0	0	0	0	0	0
"Sysselsatte"	"K.3435 Vågå"	"Helsesykepleier og jordmor"	"Statsforvaltningen"	0	0	0	0	0	0	0	0	0	0	0	0	0	0	0	0	0
"Sysselsatte"	"K.3435 Vågå"	"Helsesykepleier og jordmor"	"Privat sektor og offentlige foretak"	0	0	0	0	0	0	0	0	0	0	0	0	0	0	0	0	0
"Sysselsatte"	"K.3435 Vågå"	"Helsesykepleier og jordmor"	"Uoppgitt"	0	0	0	0	0	0	0	0	0	0	0	0	0	0	0	0	0
"Sysselsatte"	"K.3436 Nord-Fron"	"Helsesykepleier og jordmor"	"Kommuneforvaltningen"	3	3	4	4	4	4	4	4	4	4	4	3	4	4	6	5	5
"Sysselsatte"	"K.3436 Nord-Fron"	"Helsesykepleier og jordmor"	"Fylkeskommunal forvaltning"	0	0	0	0	0	0	0	0	0	0	0	0	0	0	0	0	0
"Sysselsatte"	"K.3436 Nord-Fron"	"Helsesykepleier og jordmor"	"Statsforvaltningen"	0	0	0	0	0	0	0	0	0	0	0	0	0	0	0	0	0
"Sysselsatte"	"K.3436 Nord-Fron"	"Helsesykepleier og jordmor"	"Privat sektor og offentlige foretak"	0	0	0	0	0	0	0	0	0	0	0	0	0	0	0	0	0
"Sysselsatte"	"K.3436 Nord-Fron"	"Helsesykepleier og jordmor"	"Uoppgitt"	0	0	0	0	0	0	0	0	0	0	0	0	0	0	0	0	0
"Sysselsatte"	"K.3437 Sel"	"Helsesykepleier og jordmor"	"Kommuneforvaltningen"	4	4	..	3	4	4	3	4	3	4	3	3	5	5	5	6	5
"Sysselsatte"	"K.3437 Sel"	"Helsesykepleier og jordmor"	"Fylkeskommunal forvaltning"	0	0	0	0	0	0	0	0	0	0	0	0	0	0	0	0	0
"Sysselsatte"	"K.3437 Sel"	"Helsesykepleier og jordmor"	"Statsforvaltningen"	0	0	..	..	0	0	..	3	0	6	3	3	0	0	0	0	0
"Sysselsatte"	"K.3437 Sel"	"Helsesykepleier og jordmor"	"Privat sektor og offentlige foretak"	0	0	0	0	0	0	0	0	0	0	0	0	0	0	0	0	0
"Sysselsatte"	"K.3437 Sel"	"Helsesykepleier og jordmor"	"Uoppgitt"	0	0	0	0	0	0	0	0	0	0	0	0	0	0	0	0	0
"Sysselsatte"	"K.3438 Sør-Fron"	"Helsesykepleier og jordmor"	"Kommuneforvaltningen"	..	..	..	3	..	4	3	0	0	3	3	3	3	3	4	4	4
"Sysselsatte"	"K.3438 Sør-Fron"	"Helsesykepleier og jordmor"	"Fylkeskommunal forvaltning"	0	0	0	0	0	0	0	0	0	0	0	0	0	0	0	0	0
"Sysselsatte"	"K.3438 Sør-Fron"	"Helsesykepleier og jordmor"	"Statsforvaltningen"	0	0	0	0	0	0	0	0	0	0	0	0	0	0	0	0	0
"Sysselsatte"	"K.3438 Sør-Fron"	"Helsesykepleier og jordmor"	"Privat sektor og offentlige foretak"	0	0	0	0	0	0	0	0	0	0	0	0	0	0	0	0	0
"Sysselsatte"	"K.3438 Sør-Fron"	"Helsesykepleier og jordmor"	"Uoppgitt"	0	0	0	0	0	0	0	0	0	0	0	0	0	0	0	0	0
"Sysselsatte"	"K.3439 Ringebu"	"Helsesykepleier og jordmor"	"Kommuneforvaltningen"	4	4	4	5	5	6	6	7	7	6	5	6	4	4	4	6	7
"Sysselsatte"	"K.3439 Ringebu"	"Helsesykepleier og jordmor"	"Fylkeskommunal forvaltning"	0	0	0	0	0	0	0	0	0	0	0	0	0	0	0	0	0
"Sysselsatte"	"K.3439 Ringebu"	"Helsesykepleier og jordmor"	"Statsforvaltningen"	0	0	0	0	0	0	0	0	0	0	0	0	0	0	0	0	0
"Sysselsatte"	"K.3439 Ringebu"	"Helsesykepleier og jordmor"	"Privat sektor og offentlige foretak"	0	0	0	0	0	0	0	0	0	0	0	0	0	0	0	0	0
"Sysselsatte"	"K.3439 Ringebu"	"Helsesykepleier og jordmor"	"Uoppgitt"	0	0	0	0	0	0	0	0	0	0	0	0	0	0	0	0	0
"Sysselsatte"	"K.3440 Øyer"	"Helsesykepleier og jordmor"	"Kommuneforvaltningen"	3	4	4	..	3	4	5	5	5	5	5	6	5	5	5	5	7
"Sysselsatte"	"K.3440 Øyer"	"Helsesykepleier og jordmor"	"Fylkeskommunal forvaltning"	0	0	0	0	0	0	0	0	0	0	0	0	0	0	0	0	0
"Sysselsatte"	"K.3440 Øyer"	"Helsesykepleier og jordmor"	"Statsforvaltningen"	0	0	0	0	0	0	0	0	0	0	0	0	0	0	0	0	0
"Sysselsatte"	"K.3440 Øyer"	"Helsesykepleier og jordmor"	"Privat sektor og offentlige foretak"	0	0	0	0	0	0	0	0	0	0	0	0	0	0	0	0	0
"Sysselsatte"	"K.3440 Øyer"	"Helsesykepleier og jordmor"	"Uoppgitt"	0	0	0	0	0	0	0	0	0	0	0	0	0	0	0	0	0
"Sysselsatte"	"K.3441 Gausdal"	"Helsesykepleier og jordmor"	"Kommuneforvaltningen"	3	3	3	3	4	5	4	6	4	5	3	3	6	5	5	9	6
"Sysselsatte"	"K.3441 Gausdal"	"Helsesykepleier og jordmor"	"Fylkeskommunal forvaltning"	0	0	0	0	0	0	0	0	0	0	0	0	0	0	0	0	0
"Sysselsatte"	"K.3441 Gausdal"	"Helsesykepleier og jordmor"	"Statsforvaltningen"	0	0	0	0	0	0	0	0	0	0	0	0	0	0	0	0	0
"Sysselsatte"	"K.3441 Gausdal"	"Helsesykepleier og jordmor"	"Privat sektor og offentlige foretak"	0	0	0	0	0	0	0	0	0	0	0	0	0	0	0	0	0
"Sysselsatte"	"K.3441 Gausdal"	"Helsesykepleier og jordmor"	"Uoppgitt"	0	0	0	0	0	0	0	0	0	0	0	0	0	0	0	0	0
"Sysselsatte"	"K.3442 Østre Toten"	"Helsesykepleier og jordmor"	"Kommuneforvaltningen"	6	7	6	9	8	10	9	12	9	12	12	13	12	11	11	13	12
"Sysselsatte"	"K.3442 Østre Toten"	"Helsesykepleier og jordmor"	"Fylkeskommunal forvaltning"	0	0	0	0	0	0	0	0	0	0	0	0	0	0	0	0	0
"Sysselsatte"	"K.3442 Østre Toten"	"Helsesykepleier og jordmor"	"Statsforvaltningen"	0	0	0	0	0	0	0	0	0	0	0	0	0	0	0	0	0
"Sysselsatte"	"K.3442 Østre Toten"	"Helsesykepleier og jordmor"	"Privat sektor og offentlige foretak"	..	..	..	..	..	..	..	0	0	0	0	0	0	0	0	3	0
"Sysselsatte"	"K.3442 Østre Toten"	"Helsesykepleier og jordmor"	"Uoppgitt"	0	0	0	0	0	0	0	0	0	0	0	0	0	0	0	0	0
"Sysselsatte"	"K.3443 Vestre Toten"	"Helsesykepleier og jordmor"	"Kommuneforvaltningen"	6	7	8	7	9	8	9	10	9	12	15	11	11	9	11	11	11
"Sysselsatte"	"K.3443 Vestre Toten"	"Helsesykepleier og jordmor"	"Fylkeskommunal forvaltning"	0	0	0	0	0	0	0	0	0	0	0	0	0	0	0	0	0
"Sysselsatte"	"K.3443 Vestre Toten"	"Helsesykepleier og jordmor"	"Statsforvaltningen"	0	0	0	0	0	0	0	0	3	0	0	3	3	0	0	3	3
"Sysselsatte"	"K.3443 Vestre Toten"	"Helsesykepleier og jordmor"	"Privat sektor og offentlige foretak"	0	0	0	0	0	..	..	3	3	0	0	3	0	0	0	0	0
"Sysselsatte"	"K.3443 Vestre Toten"	"Helsesykepleier og jordmor"	"Uoppgitt"	0	0	0	0	0	0	0	0	0	0	0	0	0	0	0	0	0
"Sysselsatte"	"K.3446 Gran"	"Helsesykepleier og jordmor"	"Kommuneforvaltningen"	6	7	8	9	8	9	10	12	12	13	14	14	14	12	13	12	12
"Sysselsatte"	"K.3446 Gran"	"Helsesykepleier og jordmor"	"Fylkeskommunal forvaltning"	0	0	0	0	0	0	0	0	0	0	0	0	0	0	0	0	0
"Sysselsatte"	"K.3446 Gran"	"Helsesykepleier og jordmor"	"Statsforvaltningen"	0	0	0	0	0	..	..	3	0	0	0	0	0	0	0	0	0
"Sysselsatte"	"K.3446 Gran"	"Helsesykepleier og jordmor"	"Privat sektor og offentlige foretak"	0	0	0	0	0	0	0	0	0	0	0	0	0	0	0	3	0
"Sysselsatte"	"K.3446 Gran"	"Helsesykepleier og jordmor"	"Uoppgitt"	0	0	0	0	0	0	0	0	0	0	0	0	0	0	0	0	0
"Sysselsatte"	"K.3447 Søndre Land"	"Helsesykepleier og jordmor"	"Kommuneforvaltningen"	3	4	4	4	4	3	3	3	3	3	3	3	4	5	6	6	6
"Sysselsatte"	"K.3447 Søndre Land"	"Helsesykepleier og jordmor"	"Fylkeskommunal forvaltning"	0	0	0	0	0	0	0	0	0	0	0	0	0	0	0	0	0
"Sysselsatte"	"K.3447 Søndre Land"	"Helsesykepleier og jordmor"	"Statsforvaltningen"	..	..	..	..	..	4	3	0	0	0	0	0	0	0	0	0	0
"Sysselsatte"	"K.3447 Søndre Land"	"Helsesykepleier og jordmor"	"Privat sektor og offentlige foretak"	0	0	0	0	..	0	..	0	0	0	0	0	0	0	0	0	0
"Sysselsatte"	"K.3447 Søndre Land"	"Helsesykepleier og jordmor"	"Uoppgitt"	0	0	0	0	0	0	0	0	0	0	0	0	0	0	0	0	0
"Sysselsatte"	"K.3448 Nordre Land"	"Helsesykepleier og jordmor"	"Kommuneforvaltningen"	5	5	4	4	4	4	5	4	5	5	7	7	6	6	9	5	6
"Sysselsatte"	"K.3448 Nordre Land"	"Helsesykepleier og jordmor"	"Fylkeskommunal forvaltning"	0	0	0	0	0	0	0	0	0	0	0	0	0	0	0	0	0
"Sysselsatte"	"K.3448 Nordre Land"	"Helsesykepleier og jordmor"	"Statsforvaltningen"	0	0	0	0	0	0	0	0	0	0	0	0	0	0	0	0	0
"Sysselsatte"	"K.3448 Nordre Land"	"Helsesykepleier og jordmor"	"Privat sektor og offentlige foretak"	0	0	0	0	..	..	..	0	0	0	3	0	0	0	0	0	0
"Sysselsatte"	"K.3448 Nordre Land"	"Helsesykepleier og jordmor"	"Uoppgitt"	0	0	0	0	0	0	0	0	0	0	0	0	0	0	0	0	0
"Sysselsatte"	"K.3449 Sør-Aurdal"	"Helsesykepleier og jordmor"	"Kommuneforvaltningen"	..	3	..	..	..	..	3	3	3	3	0	0	0	3	3	3	3
"Sysselsatte"	"K.3449 Sør-Aurdal"	"Helsesykepleier og jordmor"	"Fylkeskommunal forvaltning"	0	0	0	0	0	0	0	0	0	0	0	0	0	0	0	0	0
"Sysselsatte"	"K.3449 Sør-Aurdal"	"Helsesykepleier og jordmor"	"Statsforvaltningen"	0	0	0	0	0	0	0	0	0	0	0	0	0	0	0	0	0
"Sysselsatte"	"K.3449 Sør-Aurdal"	"Helsesykepleier og jordmor"	"Privat sektor og offentlige foretak"	..	..	..	..	..	..	..	0	3	3	0	0	0	0	0	0	0
"Sysselsatte"	"K.3449 Sør-Aurdal"	"Helsesykepleier og jordmor"	"Uoppgitt"	0	0	0	0	0	0	0	0	0	0	0	0	0	0	0	0	0
"Sysselsatte"	"K.3450 Etnedal"	"Helsesykepleier og jordmor"	"Kommuneforvaltningen"	..	..	..	..	3	3	3	3	3	0	3	3	0	0	3	3	3
"Sysselsatte"	"K.3450 Etnedal"	"Helsesykepleier og jordmor"	"Fylkeskommunal forvaltning"	0	0	0	0	0	0	0	0	0	0	0	0	0	0	0	0	0
"Sysselsatte"	"K.3450 Etnedal"	"Helsesykepleier og jordmor"	"Statsforvaltningen"	0	0	0	0	0	0	0	0	0	0	0	0	0	0	0	0	0
"Sysselsatte"	"K.3450 Etnedal"	"Helsesykepleier og jordmor"	"Privat sektor og offentlige foretak"	0	0	0	0	0	0	0	0	0	0	0	0	0	0	0	0	0
"Sysselsatte"	"K.3450 Etnedal"	"Helsesykepleier og jordmor"	"Uoppgitt"	0	0	0	0	0	0	0	0	0	0	0	0	0	0	0	0	0
"Sysselsatte"	"K.3451 Nord-Aurdal"	"Helsesykepleier og jordmor"	"Kommuneforvaltningen"	10	9	9	10	10	10	9	10	9	8	12	12	8	13	12	13	15
"Sysselsatte"	"K.3451 Nord-Aurdal"	"Helsesykepleier og jordmor"	"Fylkeskommunal forvaltning"	0	0	0	0	0	0	0	0	0	0	0	0	0	0	0	0	0
"Sysselsatte"	"K.3451 Nord-Aurdal"	"Helsesykepleier og jordmor"	"Statsforvaltningen"	..	..	..	..	0	..	0	0	0	0	0	0	0	0	0	0	0
"Sysselsatte"	"K.3451 Nord-Aurdal"	"Helsesykepleier og jordmor"	"Privat sektor og offentlige foretak"	..	..	..	..	..	..	..	0	0	0	3	0	3	0	0	0	0
"Sysselsatte"	"K.3451 Nord-Aurdal"	"Helsesykepleier og jordmor"	"Uoppgitt"	0	0	0	0	0	0	0	0	0	0	0	0	0	0	0	0	0
"Sysselsatte"	"K.3452 Vestre Slidre"	"Helsesykepleier og jordmor"	"Kommuneforvaltningen"	..	..	..	..	..	..	..	3	0	0	0	0	0	3	3	0	0
"Sysselsatte"	"K.3452 Vestre Slidre"	"Helsesykepleier og jordmor"	"Fylkeskommunal forvaltning"	0	0	0	0	0	0	0	0	0	0	0	0	0	0	0	0	0
"Sysselsatte"	"K.3452 Vestre Slidre"	"Helsesykepleier og jordmor"	"Statsforvaltningen"	0	0	0	0	0	0	0	0	0	0	0	0	0	0	0	0	0
"Sysselsatte"	"K.3452 Vestre Slidre"	"Helsesykepleier og jordmor"	"Privat sektor og offentlige foretak"	0	0	0	0	0	..	0	0	0	0	0	0	0	0	0	0	0
"Sysselsatte"	"K.3452 Vestre Slidre"	"Helsesykepleier og jordmor"	"Uoppgitt"	0	0	0	0	0	0	0	0	0	0	0	0	0	0	0	0	0
"Sysselsatte"	"K.3453 Øystre Slidre"	"Helsesykepleier og jordmor"	"Kommuneforvaltningen"	..	3	3	3	..	..	..	0	3	3	6	3	3	3	3	4	3
"Sysselsatte"	"K.3453 Øystre Slidre"	"Helsesykepleier og jordmor"	"Fylkeskommunal forvaltning"	0	0	0	0	0	0	0	0	0	0	0	0	0	0	0	0	0
"Sysselsatte"	"K.3453 Øystre Slidre"	"Helsesykepleier og jordmor"	"Statsforvaltningen"	0	0	0	0	0	0	0	0	0	0	0	0	0	0	0	0	0
"Sysselsatte"	"K.3453 Øystre Slidre"	"Helsesykepleier og jordmor"	"Privat sektor og offentlige foretak"	0	0	0	..	0	0	0	0	0	0	0	0	0	0	0	0	0
"Sysselsatte"	"K.3453 Øystre Slidre"	"Helsesykepleier og jordmor"	"Uoppgitt"	0	0	0	0	0	0	0	0	0	0	0	0	0	0	0	0	0
"Sysselsatte"	"K.3454 Vang"	"Helsesykepleier og jordmor"	"Kommuneforvaltningen"	..	..	..	..	..	..	..	0	0	3	0	0	3	0	0	0	0
"Sysselsatte"	"K.3454 Vang"	"Helsesykepleier og jordmor"	"Fylkeskommunal forvaltning"	0	0	0	0	0	0	0	0	0	0	0	0	0	0	0	0	0
"Sysselsatte"	"K.3454 Vang"	"Helsesykepleier og jordmor"	"Statsforvaltningen"	0	0	0	0	0	0	0	0	0	0	0	0	0	0	0	0	0
"Sysselsatte"	"K.3454 Vang"	"Helsesykepleier og jordmor"	"Privat sektor og offentlige foretak"	0	0	0	0	0	0	0	0	0	0	0	0	0	0	0	0	0
"Sysselsatte"	"K.3454 Vang"	"Helsesykepleier og jordmor"	"Uoppgitt"	0	0	0	0	0	0	0	0	0	0	0	0	0	0	0	0	0
"Sysselsatte"	"K.3901 Horten"	"Helsesykepleier og jordmor"	"Kommuneforvaltningen"	12	14	14	15	19	20	22	25	24	25	22	22	23	27	31	28	28
"Sysselsatte"	"K.3901 Horten"	"Helsesykepleier og jordmor"	"Fylkeskommunal forvaltning"	0	0	0	0	0	0	0	0	0	0	0	0	0	0	0	0	0
"Sysselsatte"	"K.3901 Horten"	"Helsesykepleier og jordmor"	"Statsforvaltningen"	0	0	0	0	0	0	0	0	0	0	0	0	0	0	0	0	0
"Sysselsatte"	"K.3901 Horten"	"Helsesykepleier og jordmor"	"Privat sektor og offentlige foretak"	0	0	0	..	0	0	0	0	0	0	0	0	0	0	0	0	0
"Sysselsatte"	"K.3901 Horten"	"Helsesykepleier og jordmor"	"Uoppgitt"	0	0	0	0	0	0	0	0	0	0	0	0	0	0	0	0	0
"Sysselsatte"	"K.3903 Holmestrand"	"Helsesykepleier og jordmor"	"Kommuneforvaltningen"	..	..	..	..	..	..	..	19	18	21	18	18	17	20	24	23	24
"Sysselsatte"	"K.3903 Holmestrand"	"Helsesykepleier og jordmor"	"Fylkeskommunal forvaltning"	0	0	0	0	0	0	0	0	0	0	0	0	0	0	0	0	0
"Sysselsatte"	"K.3903 Holmestrand"	"Helsesykepleier og jordmor"	"Statsforvaltningen"	0	0	0	0	0	0	0	0	0	0	0	0	0	0	0	0	0
"Sysselsatte"	"K.3903 Holmestrand"	"Helsesykepleier og jordmor"	"Privat sektor og offentlige foretak"	..	..	..	0	0	0	0	0	0	0	0	3	3	0	3	0	0
"Sysselsatte"	"K.3903 Holmestrand"	"Helsesykepleier og jordmor"	"Uoppgitt"	0	0	0	0	0	0	0	0	0	0	0	0	0	0	0	0	0
"Sysselsatte"	"K.3905 Tønsberg"	"Helsesykepleier og jordmor"	"Kommuneforvaltningen"	23	..	..	..	..	..	38	39	38	43	44	47	51	50	55	47	56
"Sysselsatte"	"K.3905 Tønsberg"	"Helsesykepleier og jordmor"	"Fylkeskommunal forvaltning"	0	0	0	0	0	0	0	0	0	0	0	0	0	0	0	0	0
"Sysselsatte"	"K.3905 Tønsberg"	"Helsesykepleier og jordmor"	"Statsforvaltningen"	65	65	67	65	62	61	68	64	67	63	65	64	67	61	68	71	74
"Sysselsatte"	"K.3905 Tønsberg"	"Helsesykepleier og jordmor"	"Privat sektor og offentlige foretak"	..	..	..	..	..	3	3	6	5	6	0	3	4	5	5	5	3
"Sysselsatte"	"K.3905 Tønsberg"	"Helsesykepleier og jordmor"	"Uoppgitt"	0	0	0	0	0	0	0	0	0	0	0	0	0	0	0	0	0
"Sysselsatte"	"K.3907 Sandefjord"	"Helsesykepleier og jordmor"	"Kommuneforvaltningen"	32	35	32	35	35	38	37	41	38	40	40	45	40	54	53	63	62
"Sysselsatte"	"K.3907 Sandefjord"	"Helsesykepleier og jordmor"	"Fylkeskommunal forvaltning"	0	0	0	0	0	0	0	0	0	0	0	0	0	0	0	0	0
"Sysselsatte"	"K.3907 Sandefjord"	"Helsesykepleier og jordmor"	"Statsforvaltningen"	0	0	0	0	0	0	0	0	0	0	0	0	0	0	0	0	0
"Sysselsatte"	"K.3907 Sandefjord"	"Helsesykepleier og jordmor"	"Privat sektor og offentlige foretak"	..	..	3	4	4	4	3	7	5	5	4	4	3	3	3	3	3
"Sysselsatte"	"K.3907 Sandefjord"	"Helsesykepleier og jordmor"	"Uoppgitt"	0	0	0	0	0	0	0	0	0	0	0	0	0	0	0	0	0
"Sysselsatte"	"K.3909 Larvik"	"Helsesykepleier og jordmor"	"Kommuneforvaltningen"	..	..	..	..	..	..	..	32	31	31	30	32	32	32	19	18	5
"Sysselsatte"	"K.3909 Larvik"	"Helsesykepleier og jordmor"	"Fylkeskommunal forvaltning"	0	0	0	0	0	0	0	0	0	0	0	0	0	0	0	0	0
"Sysselsatte"	"K.3909 Larvik"	"Helsesykepleier og jordmor"	"Statsforvaltningen"	4	4	4	4	4	..	..	3	3	0	3	0	0	3	0	0	3
"Sysselsatte"	"K.3909 Larvik"	"Helsesykepleier og jordmor"	"Privat sektor og offentlige foretak"	..	..	..	..	..	..	..	0	3	0	0	3	3	0	3	3	3
"Sysselsatte"	"K.3909 Larvik"	"Helsesykepleier og jordmor"	"Uoppgitt"	0	0	0	0	0	0	0	0	0	0	0	0	0	0	0	0	0
"Sysselsatte"	"K.3911 Færder"	"Helsesykepleier og jordmor"	"Kommuneforvaltningen"	..	..	18	20	..	17	17	17	15	18	19	23	22	21	22	21	19
"Sysselsatte"	"K.3911 Færder"	"Helsesykepleier og jordmor"	"Fylkeskommunal forvaltning"	0	0	0	0	0	0	0	0	0	0	0	0	0	0	0	0	0
"Sysselsatte"	"K.3911 Færder"	"Helsesykepleier og jordmor"	"Statsforvaltningen"	4	4	4	3	..	..	..	3	0	0	0	0	0	0	0	0	0
"Sysselsatte"	"K.3911 Færder"	"Helsesykepleier og jordmor"	"Privat sektor og offentlige foretak"	0	..	..	..	..	..	..	0	0	0	0	0	0	0	0	0	0
"Sysselsatte"	"K.3911 Færder"	"Helsesykepleier og jordmor"	"Uoppgitt"	0	0	0	0	0	0	0	0	0	0	0	0	0	0	0	0	0
"Sysselsatte"	"K.4001 Porsgrunn"	"Helsesykepleier og jordmor"	"Kommuneforvaltningen"	22	26	25	23	24	24	25	27	28	26	27	34	36	37	37	37	35
"Sysselsatte"	"K.4001 Porsgrunn"	"Helsesykepleier og jordmor"	"Fylkeskommunal forvaltning"	0	0	0	0	0	0	0	0	0	0	0	0	0	0	0	0	0
"Sysselsatte"	"K.4001 Porsgrunn"	"Helsesykepleier og jordmor"	"Statsforvaltningen"	6	6	6	4	6	5	5	3	3	4	0	0	0	0	0	0	0
"Sysselsatte"	"K.4001 Porsgrunn"	"Helsesykepleier og jordmor"	"Privat sektor og offentlige foretak"	..	..	..	..	..	..	..	3	3	0	0	3	0	0	0	0	0
"Sysselsatte"	"K.4001 Porsgrunn"	"Helsesykepleier og jordmor"	"Uoppgitt"	0	0	0	0	0	0	0	0	0	0	0	0	0	0	0	0	0
"Sysselsatte"	"K.4003 Skien"	"Helsesykepleier og jordmor"	"Kommuneforvaltningen"	29	35	30	33	35	35	37	36	34	48	43	47	44	45	49	45	50
"Sysselsatte"	"K.4003 Skien"	"Helsesykepleier og jordmor"	"Fylkeskommunal forvaltning"	0	0	0	0	0	0	0	0	0	0	0	0	0	0	0	0	0
"Sysselsatte"	"K.4003 Skien"	"Helsesykepleier og jordmor"	"Statsforvaltningen"	74	75	75	79	79	77	79	79	85	74	81	76	76	71	71	70	73
"Sysselsatte"	"K.4003 Skien"	"Helsesykepleier og jordmor"	"Privat sektor og offentlige foretak"	9	9	7	6	5	10	10	13	15	14	12	12	11	12	10	11	10
"Sysselsatte"	"K.4003 Skien"	"Helsesykepleier og jordmor"	"Uoppgitt"	0	0	0	0	0	0	0	0	0	0	0	0	0	0	0	0	0
"Sysselsatte"	"K.4005 Notodden"	"Helsesykepleier og jordmor"	"Kommuneforvaltningen"	8	8	9	7	9	12	12	11	11	12	12	12	11	12	11	11	11
"Sysselsatte"	"K.4005 Notodden"	"Helsesykepleier og jordmor"	"Fylkeskommunal forvaltning"	0	0	0	0	0	0	0	0	0	0	0	0	0	0	0	0	0
"Sysselsatte"	"K.4005 Notodden"	"Helsesykepleier og jordmor"	"Statsforvaltningen"	5	3	3	4	4	..	4	4	3	3	3	3	3	3	3	3	3
"Sysselsatte"	"K.4005 Notodden"	"Helsesykepleier og jordmor"	"Privat sektor og offentlige foretak"	..	..	..	..	..	..	0	0	0	0	0	0	0	0	0	0	0
"Sysselsatte"	"K.4005 Notodden"	"Helsesykepleier og jordmor"	"Uoppgitt"	0	0	0	0	0	0	0	0	0	0	0	0	0	0	0	0	0
"Sysselsatte"	"K.4010 Siljan"	"Helsesykepleier og jordmor"	"Kommuneforvaltningen"	..	..	..	..	..	..	..	3	0	0	0	0	0	3	0	0	0
"Sysselsatte"	"K.4010 Siljan"	"Helsesykepleier og jordmor"	"Fylkeskommunal forvaltning"	0	0	0	0	0	0	0	0	0	0	0	0	0	0	0	0	0
"Sysselsatte"	"K.4010 Siljan"	"Helsesykepleier og jordmor"	"Statsforvaltningen"	0	0	0	0	0	0	0	0	0	0	0	0	0	0	0	0	0
"Sysselsatte"	"K.4010 Siljan"	"Helsesykepleier og jordmor"	"Privat sektor og offentlige foretak"	0	0	0	0	0	0	0	0	0	0	0	0	0	0	0	0	0
"Sysselsatte"	"K.4010 Siljan"	"Helsesykepleier og jordmor"	"Uoppgitt"	0	0	0	0	0	0	0	0	0	0	0	0	0	0	0	0	0
"Sysselsatte"	"K.4012 Bamble"	"Helsesykepleier og jordmor"	"Kommuneforvaltningen"	11	11	11	10	11	11	10	12	12	13	12	13	10	11	15	11	11
"Sysselsatte"	"K.4012 Bamble"	"Helsesykepleier og jordmor"	"Fylkeskommunal forvaltning"	0	0	0	0	0	0	0	0	0	0	0	0	0	0	0	0	0
"Sysselsatte"	"K.4012 Bamble"	"Helsesykepleier og jordmor"	"Statsforvaltningen"	..	0	0	0	0	0	0	0	0	0	0	0	0	0	0	0	0
"Sysselsatte"	"K.4012 Bamble"	"Helsesykepleier og jordmor"	"Privat sektor og offentlige foretak"	0	0	0	0	0	0	0	0	0	0	0	0	0	0	0	0	0
"Sysselsatte"	"K.4012 Bamble"	"Helsesykepleier og jordmor"	"Uoppgitt"	0	0	0	0	0	0	0	0	0	0	0	0	0	0	0	0	0
"Sysselsatte"	"K.4014 Kragerø"	"Helsesykepleier og jordmor"	"Kommuneforvaltningen"	7	5	7	7	9	10	9	8	8	8	8	10	8	11	10	15	9
"Sysselsatte"	"K.4014 Kragerø"	"Helsesykepleier og jordmor"	"Fylkeskommunal forvaltning"	0	0	0	0	0	0	0	0	0	0	0	0	0	0	0	0	0
"Sysselsatte"	"K.4014 Kragerø"	"Helsesykepleier og jordmor"	"Statsforvaltningen"	0	0	0	0	0	0	0	0	0	0	0	0	0	0	0	0	0
"Sysselsatte"	"K.4014 Kragerø"	"Helsesykepleier og jordmor"	"Privat sektor og offentlige foretak"	0	0	0	0	0	0	0	0	0	0	0	0	0	0	0	0	0
"Sysselsatte"	"K.4014 Kragerø"	"Helsesykepleier og jordmor"	"Uoppgitt"	0	0	0	0	0	0	0	0	0	0	0	0	0	0	0	0	0
"Sysselsatte"	"K.4016 Drangedal"	"Helsesykepleier og jordmor"	"Kommuneforvaltningen"	..	3	3	..	3	4	3	3	3	0	3	0	3	3	0	0	0
"Sysselsatte"	"K.4016 Drangedal"	"Helsesykepleier og jordmor"	"Fylkeskommunal forvaltning"	0	0	0	0	0	0	0	0	0	0	0	0	0	0	0	0	0
"Sysselsatte"	"K.4016 Drangedal"	"Helsesykepleier og jordmor"	"Statsforvaltningen"	0	0	0	0	0	0	0	0	0	0	0	0	0	0	0	0	0
"Sysselsatte"	"K.4016 Drangedal"	"Helsesykepleier og jordmor"	"Privat sektor og offentlige foretak"	0	0	0	..	0	0	0	0	0	0	0	0	0	0	0	0	0
"Sysselsatte"	"K.4016 Drangedal"	"Helsesykepleier og jordmor"	"Uoppgitt"	0	0	0	0	0	0	0	0	0	0	0	0	0	0	0	0	0
"Sysselsatte"	"K.4018 Nome"	"Helsesykepleier og jordmor"	"Kommuneforvaltningen"	4	4	4	3	4	4	5	3	4	5	6	6	6	6	6	6	5
"Sysselsatte"	"K.4018 Nome"	"Helsesykepleier og jordmor"	"Fylkeskommunal forvaltning"	0	0	0	0	0	0	0	0	0	0	0	0	0	0	0	0	0
"Sysselsatte"	"K.4018 Nome"	"Helsesykepleier og jordmor"	"Statsforvaltningen"	0	0	0	0	0	0	0	0	0	0	0	0	0	0	0	0	0
"Sysselsatte"	"K.4018 Nome"	"Helsesykepleier og jordmor"	"Privat sektor og offentlige foretak"	..	..	..	..	..	..	..	3	3	3	3	0	0	0	0	0	0
"Sysselsatte"	"K.4018 Nome"	"Helsesykepleier og jordmor"	"Uoppgitt"	0	0	0	0	0	0	0	0	0	0	0	0	0	0	0	0	0
"Sysselsatte"	"K.4020 Midt-Telemark"	"Helsesykepleier og jordmor"	"Kommuneforvaltningen"	7	7	8	10	9	10	..	7	6	10	9	9	9	11	8	9	9
"Sysselsatte"	"K.4020 Midt-Telemark"	"Helsesykepleier og jordmor"	"Fylkeskommunal forvaltning"	0	0	0	0	0	0	0	0	0	0	0	0	0	0	0	0	0
"Sysselsatte"	"K.4020 Midt-Telemark"	"Helsesykepleier og jordmor"	"Statsforvaltningen"	0	0	0	0	0	0	0	0	0	0	0	0	0	0	0	0	0
"Sysselsatte"	"K.4020 Midt-Telemark"	"Helsesykepleier og jordmor"	"Privat sektor og offentlige foretak"	0	0	0	0	0	..	..	0	0	0	0	0	0	0	3	0	0
"Sysselsatte"	"K.4020 Midt-Telemark"	"Helsesykepleier og jordmor"	"Uoppgitt"	0	0	0	0	0	0	0	0	0	0	0	0	0	0	0	0	0
"Sysselsatte"	"K.4022 Seljord"	"Helsesykepleier og jordmor"	"Kommuneforvaltningen"	..	4	3	3	..	3	3	3	3	3	0	0	0	0	3	3	3
"Sysselsatte"	"K.4022 Seljord"	"Helsesykepleier og jordmor"	"Fylkeskommunal forvaltning"	0	0	0	0	0	0	0	0	0	0	0	0	0	0	0	0	0
"Sysselsatte"	"K.4022 Seljord"	"Helsesykepleier og jordmor"	"Statsforvaltningen"	0	..	0	..	..	..	..	3	6	3	3	3	3	0	3	0	0
"Sysselsatte"	"K.4022 Seljord"	"Helsesykepleier og jordmor"	"Privat sektor og offentlige foretak"	0	0	0	0	0	0	0	0	0	0	0	0	0	0	0	0	0
"Sysselsatte"	"K.4022 Seljord"	"Helsesykepleier og jordmor"	"Uoppgitt"	0	0	0	0	0	0	0	0	0	0	0	0	0	0	0	0	0
"Sysselsatte"	"K.4024 Hjartdal"	"Helsesykepleier og jordmor"	"Kommuneforvaltningen"	0	0	0	0	0	0	0	0	0	0	0	0	0	0	3	3	3
"Sysselsatte"	"K.4024 Hjartdal"	"Helsesykepleier og jordmor"	"Fylkeskommunal forvaltning"	0	0	0	0	0	0	0	0	0	0	0	0	0	0	0	0	0
"Sysselsatte"	"K.4024 Hjartdal"	"Helsesykepleier og jordmor"	"Statsforvaltningen"	0	0	0	0	0	0	0	0	0	0	0	0	0	0	0	0	0
"Sysselsatte"	"K.4024 Hjartdal"	"Helsesykepleier og jordmor"	"Privat sektor og offentlige foretak"	0	0	0	0	0	0	0	0	0	0	0	0	0	0	0	0	0
"Sysselsatte"	"K.4024 Hjartdal"	"Helsesykepleier og jordmor"	"Uoppgitt"	0	0	0	0	0	0	0	0	0	0	0	0	0	0	0	0	0
"Sysselsatte"	"K.4026 Tinn"	"Helsesykepleier og jordmor"	"Kommuneforvaltningen"	3	..	5	4	4	5	7	7	8	7	8	7	8	6	8	6	6
"Sysselsatte"	"K.4026 Tinn"	"Helsesykepleier og jordmor"	"Fylkeskommunal forvaltning"	0	0	0	0	0	0	0	0	0	0	0	0	0	0	0	0	0
"Sysselsatte"	"K.4026 Tinn"	"Helsesykepleier og jordmor"	"Statsforvaltningen"	4	4	..	..	3	..	..	3	3	3	3	3	0	0	3	3	3
"Sysselsatte"	"K.4026 Tinn"	"Helsesykepleier og jordmor"	"Privat sektor og offentlige foretak"	0	0	0	..	..	..	..	0	0	0	0	0	0	0	0	0	0
"Sysselsatte"	"K.4026 Tinn"	"Helsesykepleier og jordmor"	"Uoppgitt"	0	0	0	0	0	0	0	0	0	0	0	0	0	0	0	0	0
"Sysselsatte"	"K.4028 Kviteseid"	"Helsesykepleier og jordmor"	"Kommuneforvaltningen"	3	..	4	..	3	4	4	4	4	3	3	3	0	3	0	3	3
"Sysselsatte"	"K.4028 Kviteseid"	"Helsesykepleier og jordmor"	"Fylkeskommunal forvaltning"	0	0	0	0	0	0	0	0	0	0	0	0	0	0	0	0	0
"Sysselsatte"	"K.4028 Kviteseid"	"Helsesykepleier og jordmor"	"Statsforvaltningen"	0	0	0	0	0	0	0	0	0	0	0	0	0	0	0	0	0
"Sysselsatte"	"K.4028 Kviteseid"	"Helsesykepleier og jordmor"	"Privat sektor og offentlige foretak"	0	0	0	0	0	0	0	0	0	0	0	0	0	0	0	0	0
"Sysselsatte"	"K.4028 Kviteseid"	"Helsesykepleier og jordmor"	"Uoppgitt"	0	0	0	0	0	0	0	0	0	0	0	0	0	0	0	0	0
"Sysselsatte"	"K.4030 Nissedal"	"Helsesykepleier og jordmor"	"Kommuneforvaltningen"	3	4	3	3	3	4	3	3	0	0	3	0	0	3	0	0	0
"Sysselsatte"	"K.4030 Nissedal"	"Helsesykepleier og jordmor"	"Fylkeskommunal forvaltning"	0	0	0	0	0	0	0	0	0	0	0	0	0	0	0	0	0
"Sysselsatte"	"K.4030 Nissedal"	"Helsesykepleier og jordmor"	"Statsforvaltningen"	0	0	0	0	0	0	0	0	0	0	0	0	0	0	0	0	0
"Sysselsatte"	"K.4030 Nissedal"	"Helsesykepleier og jordmor"	"Privat sektor og offentlige foretak"	0	0	0	0	0	0	0	0	0	0	0	0	0	0	0	0	0
"Sysselsatte"	"K.4030 Nissedal"	"Helsesykepleier og jordmor"	"Uoppgitt"	0	0	0	0	0	0	0	0	0	0	0	0	0	0	0	0	0
"Sysselsatte"	"K.4032 Fyresdal"	"Helsesykepleier og jordmor"	"Kommuneforvaltningen"	..	3	3	..	..	3	..	3	3	3	3	0	0	0	0	0	0
"Sysselsatte"	"K.4032 Fyresdal"	"Helsesykepleier og jordmor"	"Fylkeskommunal forvaltning"	0	0	0	0	0	0	0	0	0	0	0	0	0	0	0	0	0
"Sysselsatte"	"K.4032 Fyresdal"	"Helsesykepleier og jordmor"	"Statsforvaltningen"	0	0	0	0	0	0	0	0	0	0	0	0	0	0	0	0	0
"Sysselsatte"	"K.4032 Fyresdal"	"Helsesykepleier og jordmor"	"Privat sektor og offentlige foretak"	..	..	..	..	..	..	..	3	3	0	0	0	0	0	0	0	0
"Sysselsatte"	"K.4032 Fyresdal"	"Helsesykepleier og jordmor"	"Uoppgitt"	0	0	0	0	0	0	0	0	0	0	0	0	0	0	0	0	0
"Sysselsatte"	"K.4034 Tokke"	"Helsesykepleier og jordmor"	"Kommuneforvaltningen"	3	4	4	4	3	4	3	3	3	3	3	4	4	4	4	5	4
"Sysselsatte"	"K.4034 Tokke"	"Helsesykepleier og jordmor"	"Fylkeskommunal forvaltning"	0	0	0	0	0	0	0	0	0	0	0	0	0	0	0	0	0
"Sysselsatte"	"K.4034 Tokke"	"Helsesykepleier og jordmor"	"Statsforvaltningen"	0	0	0	0	0	0	0	0	0	0	0	0	0	0	0	0	0
"Sysselsatte"	"K.4034 Tokke"	"Helsesykepleier og jordmor"	"Privat sektor og offentlige foretak"	..	0	0	0	0	0	0	0	0	0	0	0	0	0	0	0	0
"Sysselsatte"	"K.4034 Tokke"	"Helsesykepleier og jordmor"	"Uoppgitt"	0	0	0	0	0	0	0	0	0	0	0	0	0	0	0	0	0
"Sysselsatte"	"K.4036 Vinje"	"Helsesykepleier og jordmor"	"Kommuneforvaltningen"	6	5	6	6	5	5	5	7	7	7	13	10	10	12	10	14	13
"Sysselsatte"	"K.4036 Vinje"	"Helsesykepleier og jordmor"	"Fylkeskommunal forvaltning"	0	0	0	0	0	0	0	0	0	0	0	0	0	0	0	0	0
"Sysselsatte"	"K.4036 Vinje"	"Helsesykepleier og jordmor"	"Statsforvaltningen"	0	0	0	0	0	0	0	0	0	0	0	0	0	0	0	0	0
"Sysselsatte"	"K.4036 Vinje"	"Helsesykepleier og jordmor"	"Privat sektor og offentlige foretak"	..	..	..	..	..	..	..	0	0	3	0	0	0	3	0	0	0
"Sysselsatte"	"K.4036 Vinje"	"Helsesykepleier og jordmor"	"Uoppgitt"	0	0	0	0	0	0	0	0	0	0	0	0	0	0	0	0	0
"Sysselsatte"	"K.4201 Risør"	"Helsesykepleier og jordmor"	"Kommuneforvaltningen"	4	4	5	4	4	5	6	6	5	6	5	6	6	6	7	7	7
"Sysselsatte"	"K.4201 Risør"	"Helsesykepleier og jordmor"	"Fylkeskommunal forvaltning"	0	0	0	0	0	0	0	0	0	0	0	0	0	0	0	0	0
"Sysselsatte"	"K.4201 Risør"	"Helsesykepleier og jordmor"	"Statsforvaltningen"	0	0	0	0	0	0	0	0	0	0	0	0	0	0	0	0	0
"Sysselsatte"	"K.4201 Risør"	"Helsesykepleier og jordmor"	"Privat sektor og offentlige foretak"	0	0	0	0	0	0	0	0	0	0	0	0	0	0	0	0	0
"Sysselsatte"	"K.4201 Risør"	"Helsesykepleier og jordmor"	"Uoppgitt"	0	0	0	0	0	0	0	0	0	0	0	0	0	0	0	0	0
"Sysselsatte"	"K.4202 Grimstad"	"Helsesykepleier og jordmor"	"Kommuneforvaltningen"	9	9	9	12	11	10	11	12	15	19	17	21	21	26	22	21	22
"Sysselsatte"	"K.4202 Grimstad"	"Helsesykepleier og jordmor"	"Fylkeskommunal forvaltning"	0	0	0	0	0	0	0	0	0	0	0	0	0	0	0	0	0
"Sysselsatte"	"K.4202 Grimstad"	"Helsesykepleier og jordmor"	"Statsforvaltningen"	0	0	0	0	0	0	0	0	0	0	0	0	0	3	3	0	3
"Sysselsatte"	"K.4202 Grimstad"	"Helsesykepleier og jordmor"	"Privat sektor og offentlige foretak"	0	0	0	0	0	0	0	0	0	0	0	0	0	0	0	0	0
"Sysselsatte"	"K.4202 Grimstad"	"Helsesykepleier og jordmor"	"Uoppgitt"	0	0	0	0	0	0	0	0	0	0	0	0	0	0	0	0	0
"Sysselsatte"	"K.4203 Arendal"	"Helsesykepleier og jordmor"	"Kommuneforvaltningen"	23	20	20	20	23	22	27	29	28	29	32	36	36	35	39	35	35
"Sysselsatte"	"K.4203 Arendal"	"Helsesykepleier og jordmor"	"Fylkeskommunal forvaltning"	0	0	0	0	0	0	0	0	0	0	0	0	0	0	0	0	0
"Sysselsatte"	"K.4203 Arendal"	"Helsesykepleier og jordmor"	"Statsforvaltningen"	28	33	37	36	34	36	37	37	36	36	38	40	35	33	35	34	35
"Sysselsatte"	"K.4203 Arendal"	"Helsesykepleier og jordmor"	"Privat sektor og offentlige foretak"	..	..	..	..	..	..	..	0	0	0	0	0	0	0	0	0	0
"Sysselsatte"	"K.4203 Arendal"	"Helsesykepleier og jordmor"	"Uoppgitt"	0	0	0	0	0	0	0	0	0	0	0	0	0	0	0	0	0
"Sysselsatte"	"K.4204 Kristiansand"	"Helsesykepleier og jordmor"	"Kommuneforvaltningen"	70	75	70	74	78	77	77	80	80	87	97	107	107	117	112	110	109
"Sysselsatte"	"K.4204 Kristiansand"	"Helsesykepleier og jordmor"	"Fylkeskommunal forvaltning"	0	0	0	0	0	0	0	0	0	0	0	0	0	0	0	0	0
"Sysselsatte"	"K.4204 Kristiansand"	"Helsesykepleier og jordmor"	"Statsforvaltningen"	54	64	60	77	77	79	88	79	70	73	73	73	75	73	77	81	80
"Sysselsatte"	"K.4204 Kristiansand"	"Helsesykepleier og jordmor"	"Privat sektor og offentlige foretak"	..	..	..	..	..	..	..	3	6	4	6	0	3	3	3	3	3
"Sysselsatte"	"K.4204 Kristiansand"	"Helsesykepleier og jordmor"	"Uoppgitt"	0	0	0	0	0	0	0	0	0	0	0	0	0	0	0	0	0
"Sysselsatte"	"K.4205 Lindesnes"	"Helsesykepleier og jordmor"	"Kommuneforvaltningen"	14	..	..	..	..	..	..	18	22	20	21	19	15	17	23	21	21
"Sysselsatte"	"K.4205 Lindesnes"	"Helsesykepleier og jordmor"	"Fylkeskommunal forvaltning"	0	0	0	0	0	0	0	0	0	0	0	0	0	0	0	0	0
"Sysselsatte"	"K.4205 Lindesnes"	"Helsesykepleier og jordmor"	"Statsforvaltningen"	0	0	0	0	0	0	0	0	0	0	0	0	0	0	0	0	0
"Sysselsatte"	"K.4205 Lindesnes"	"Helsesykepleier og jordmor"	"Privat sektor og offentlige foretak"	0	0	0	0	0	0	0	0	0	0	0	0	0	0	0	0	0
"Sysselsatte"	"K.4205 Lindesnes"	"Helsesykepleier og jordmor"	"Uoppgitt"	0	0	0	0	0	0	0	0	0	0	0	0	0	0	0	0	0
"Sysselsatte"	"K.4206 Farsund"	"Helsesykepleier og jordmor"	"Kommuneforvaltningen"	4	5	5	5	5	5	5	5	5	7	5	6	7	9	11	7	6
"Sysselsatte"	"K.4206 Farsund"	"Helsesykepleier og jordmor"	"Fylkeskommunal forvaltning"	0	0	0	0	0	0	0	0	0	0	0	0	0	0	0	0	0
"Sysselsatte"	"K.4206 Farsund"	"Helsesykepleier og jordmor"	"Statsforvaltningen"	0	0	0	0	0	0	0	0	0	0	0	0	0	0	0	0	0
"Sysselsatte"	"K.4206 Farsund"	"Helsesykepleier og jordmor"	"Privat sektor og offentlige foretak"	0	0	0	0	0	0	0	0	0	0	0	0	0	0	0	0	0
"Sysselsatte"	"K.4206 Farsund"	"Helsesykepleier og jordmor"	"Uoppgitt"	0	0	0	0	0	0	0	0	0	0	0	0	0	0	0	0	0
"Sysselsatte"	"K.4207 Flekkefjord"	"Helsesykepleier og jordmor"	"Kommuneforvaltningen"	4	5	7	6	6	6	6	3	5	5	8	7	7	7	7	8	9
"Sysselsatte"	"K.4207 Flekkefjord"	"Helsesykepleier og jordmor"	"Fylkeskommunal forvaltning"	0	0	0	0	0	0	0	0	0	0	0	0	0	0	0	0	0
"Sysselsatte"	"K.4207 Flekkefjord"	"Helsesykepleier og jordmor"	"Statsforvaltningen"	10	10	10	10	12	12	13	12	12	11	12	13	14	14	13	14	15
"Sysselsatte"	"K.4207 Flekkefjord"	"Helsesykepleier og jordmor"	"Privat sektor og offentlige foretak"	0	0	0	0	0	0	0	3	0	0	0	0	0	0	3	3	0
"Sysselsatte"	"K.4207 Flekkefjord"	"Helsesykepleier og jordmor"	"Uoppgitt"	0	0	0	0	0	0	0	0	0	0	0	0	0	0	0	0	0
"Sysselsatte"	"K.4211 Gjerstad"	"Helsesykepleier og jordmor"	"Kommuneforvaltningen"	..	..	3	3	3	3	..	0	0	3	3	4	4	4	4	4	4
"Sysselsatte"	"K.4211 Gjerstad"	"Helsesykepleier og jordmor"	"Fylkeskommunal forvaltning"	0	0	0	0	0	0	0	0	0	0	0	0	0	0	0	0	0
"Sysselsatte"	"K.4211 Gjerstad"	"Helsesykepleier og jordmor"	"Statsforvaltningen"	0	0	0	0	0	0	0	0	0	0	0	0	0	0	0	0	0
"Sysselsatte"	"K.4211 Gjerstad"	"Helsesykepleier og jordmor"	"Privat sektor og offentlige foretak"	..	0	0	0	0	0	0	0	0	0	0	0	0	0	0	0	0
"Sysselsatte"	"K.4211 Gjerstad"	"Helsesykepleier og jordmor"	"Uoppgitt"	0	0	0	0	0	0	0	0	0	0	0	0	0	0	0	0	0
"Sysselsatte"	"K.4212 Vegårshei"	"Helsesykepleier og jordmor"	"Kommuneforvaltningen"	..	..	..	..	..	..	..	0	3	0	3	3	3	3	3	3	3
"Sysselsatte"	"K.4212 Vegårshei"	"Helsesykepleier og jordmor"	"Fylkeskommunal forvaltning"	0	0	0	0	0	0	0	0	0	0	0	0	0	0	0	0	0
"Sysselsatte"	"K.4212 Vegårshei"	"Helsesykepleier og jordmor"	"Statsforvaltningen"	0	0	0	0	0	0	0	0	0	0	0	0	0	0	0	0	0
"Sysselsatte"	"K.4212 Vegårshei"	"Helsesykepleier og jordmor"	"Privat sektor og offentlige foretak"	..	0	0	0	0	0	0	0	0	0	0	0	0	0	0	0	0
"Sysselsatte"	"K.4212 Vegårshei"	"Helsesykepleier og jordmor"	"Uoppgitt"	0	0	0	0	0	0	0	0	0	0	0	0	0	0	0	0	0
"Sysselsatte"	"K.4213 Tvedestrand"	"Helsesykepleier og jordmor"	"Kommuneforvaltningen"	5	6	7	7	5	6	6	6	6	7	6	5	6	6	6	5	9
"Sysselsatte"	"K.4213 Tvedestrand"	"Helsesykepleier og jordmor"	"Fylkeskommunal forvaltning"	0	0	0	0	0	0	0	0	0	0	0	0	0	0	0	0	0
"Sysselsatte"	"K.4213 Tvedestrand"	"Helsesykepleier og jordmor"	"Statsforvaltningen"	0	0	0	0	0	0	0	0	0	0	0	0	0	0	0	0	0
"Sysselsatte"	"K.4213 Tvedestrand"	"Helsesykepleier og jordmor"	"Privat sektor og offentlige foretak"	..	..	0	0	0	0	0	0	0	0	0	0	0	0	0	0	0
"Sysselsatte"	"K.4213 Tvedestrand"	"Helsesykepleier og jordmor"	"Uoppgitt"	0	0	0	0	0	0	0	0	0	0	0	0	0	0	0	0	0
"Sysselsatte"	"K.4214 Froland"	"Helsesykepleier og jordmor"	"Kommuneforvaltningen"	3	4	4	3	4	4	4	4	7	4	5	5	5	8	5	5	4
"Sysselsatte"	"K.4214 Froland"	"Helsesykepleier og jordmor"	"Fylkeskommunal forvaltning"	0	0	0	0	0	0	0	0	0	0	0	0	0	0	0	0	0
"Sysselsatte"	"K.4214 Froland"	"Helsesykepleier og jordmor"	"Statsforvaltningen"	0	0	0	0	0	0	0	0	0	0	0	0	0	0	0	0	0
"Sysselsatte"	"K.4214 Froland"	"Helsesykepleier og jordmor"	"Privat sektor og offentlige foretak"	0	0	0	0	0	0	0	0	0	0	0	0	0	0	0	0	0
"Sysselsatte"	"K.4214 Froland"	"Helsesykepleier og jordmor"	"Uoppgitt"	0	0	0	0	0	0	0	0	0	0	0	0	0	0	0	0	0
"Sysselsatte"	"K.4215 Lillesand"	"Helsesykepleier og jordmor"	"Kommuneforvaltningen"	7	8	8	8	7	7	8	5	6	8	8	7	8	11	9	9	10
"Sysselsatte"	"K.4215 Lillesand"	"Helsesykepleier og jordmor"	"Fylkeskommunal forvaltning"	0	0	0	0	0	0	0	0	0	0	0	0	0	0	0	0	0
"Sysselsatte"	"K.4215 Lillesand"	"Helsesykepleier og jordmor"	"Statsforvaltningen"	0	0	0	0	0	0	0	0	0	0	0	0	0	0	0	0	0
"Sysselsatte"	"K.4215 Lillesand"	"Helsesykepleier og jordmor"	"Privat sektor og offentlige foretak"	0	0	0	0	0	0	0	0	0	0	0	0	0	0	0	0	0
"Sysselsatte"	"K.4215 Lillesand"	"Helsesykepleier og jordmor"	"Uoppgitt"	0	0	0	0	0	0	0	0	0	0	0	0	0	0	0	0	0
"Sysselsatte"	"K.4216 Birkenes"	"Helsesykepleier og jordmor"	"Kommuneforvaltningen"	3	3	4	4	6	5	5	5	6	6	6	5	7	7	6	7	5
"Sysselsatte"	"K.4216 Birkenes"	"Helsesykepleier og jordmor"	"Fylkeskommunal forvaltning"	0	0	0	0	0	0	0	0	0	0	0	0	0	0	0	0	0
"Sysselsatte"	"K.4216 Birkenes"	"Helsesykepleier og jordmor"	"Statsforvaltningen"	0	0	0	0	0	0	0	0	0	0	0	0	0	0	0	0	0
"Sysselsatte"	"K.4216 Birkenes"	"Helsesykepleier og jordmor"	"Privat sektor og offentlige foretak"	0	0	0	0	0	0	0	0	0	0	0	0	0	0	0	0	0
"Sysselsatte"	"K.4216 Birkenes"	"Helsesykepleier og jordmor"	"Uoppgitt"	0	0	0	0	0	0	0	0	0	0	0	0	0	0	0	0	0
"Sysselsatte"	"K.4217 Åmli"	"Helsesykepleier og jordmor"	"Kommuneforvaltningen"	3	3	3	3	3	3	..	3	0	0	3	0	0	0	0	0	0
"Sysselsatte"	"K.4217 Åmli"	"Helsesykepleier og jordmor"	"Fylkeskommunal forvaltning"	0	0	0	0	0	0	0	0	0	0	0	0	0	0	0	0	0
"Sysselsatte"	"K.4217 Åmli"	"Helsesykepleier og jordmor"	"Statsforvaltningen"	0	0	0	0	0	0	0	0	0	0	0	0	0	0	0	0	0
"Sysselsatte"	"K.4217 Åmli"	"Helsesykepleier og jordmor"	"Privat sektor og offentlige foretak"	0	0	0	0	0	0	0	0	0	0	0	0	0	0	0	0	0
"Sysselsatte"	"K.4217 Åmli"	"Helsesykepleier og jordmor"	"Uoppgitt"	0	0	0	0	0	0	0	0	0	0	0	0	0	0	0	0	0
"Sysselsatte"	"K.4218 Iveland"	"Helsesykepleier og jordmor"	"Kommuneforvaltningen"	..	..	..	..	..	..	..	3	3	3	3	4	3	3	3	3	3
"Sysselsatte"	"K.4218 Iveland"	"Helsesykepleier og jordmor"	"Fylkeskommunal forvaltning"	0	0	0	0	0	0	0	0	0	0	0	0	0	0	0	0	0
"Sysselsatte"	"K.4218 Iveland"	"Helsesykepleier og jordmor"	"Statsforvaltningen"	0	0	0	0	0	0	0	0	0	0	0	0	0	0	0	0	0
"Sysselsatte"	"K.4218 Iveland"	"Helsesykepleier og jordmor"	"Privat sektor og offentlige foretak"	0	0	0	0	0	0	0	0	0	0	0	0	0	0	0	0	0
"Sysselsatte"	"K.4218 Iveland"	"Helsesykepleier og jordmor"	"Uoppgitt"	0	0	0	0	0	0	0	0	0	0	0	0	0	0	0	0	0
"Sysselsatte"	"K.4219 Evje og Hornnes"	"Helsesykepleier og jordmor"	"Kommuneforvaltningen"	5	6	6	5	4	3	..	3	3	3	0	3	0	0	0	3	3
"Sysselsatte"	"K.4219 Evje og Hornnes"	"Helsesykepleier og jordmor"	"Fylkeskommunal forvaltning"	0	0	0	0	0	0	0	0	0	0	0	0	0	0	0	0	0
"Sysselsatte"	"K.4219 Evje og Hornnes"	"Helsesykepleier og jordmor"	"Statsforvaltningen"	0	0	0	0	0	0	0	0	0	0	0	0	0	0	0	0	0
"Sysselsatte"	"K.4219 Evje og Hornnes"	"Helsesykepleier og jordmor"	"Privat sektor og offentlige foretak"	0	0	0	0	0	0	0	0	0	0	0	0	0	0	0	0	0
"Sysselsatte"	"K.4219 Evje og Hornnes"	"Helsesykepleier og jordmor"	"Uoppgitt"	0	0	0	0	0	0	0	0	0	0	0	0	0	0	0	0	0
"Sysselsatte"	"K.4220 Bygland"	"Helsesykepleier og jordmor"	"Kommuneforvaltningen"	..	..	..	..	0	..	..	0	0	3	0	0	3	0	3	0	3
"Sysselsatte"	"K.4220 Bygland"	"Helsesykepleier og jordmor"	"Fylkeskommunal forvaltning"	0	0	0	0	0	0	0	0	0	0	0	0	0	0	0	0	0
"Sysselsatte"	"K.4220 Bygland"	"Helsesykepleier og jordmor"	"Statsforvaltningen"	0	0	0	0	0	0	0	0	0	0	0	0	0	0	0	0	0
"Sysselsatte"	"K.4220 Bygland"	"Helsesykepleier og jordmor"	"Privat sektor og offentlige foretak"	0	0	0	0	0	0	0	0	0	0	0	0	0	0	0	0	0
"Sysselsatte"	"K.4220 Bygland"	"Helsesykepleier og jordmor"	"Uoppgitt"	0	0	0	0	0	0	0	0	0	0	0	0	0	0	0	0	0
"Sysselsatte"	"K.4221 Valle"	"Helsesykepleier og jordmor"	"Kommuneforvaltningen"	..	4	..	3	3	0	0	0	0	0	0	0	0	0	0	0	0
"Sysselsatte"	"K.4221 Valle"	"Helsesykepleier og jordmor"	"Fylkeskommunal forvaltning"	0	0	0	0	0	0	0	0	0	0	0	0	0	0	0	0	0
"Sysselsatte"	"K.4221 Valle"	"Helsesykepleier og jordmor"	"Statsforvaltningen"	0	0	0	0	0	0	0	0	0	0	0	0	0	0	0	0	0
"Sysselsatte"	"K.4221 Valle"	"Helsesykepleier og jordmor"	"Privat sektor og offentlige foretak"	0	0	0	0	0	0	0	0	0	0	0	0	0	0	0	0	0
"Sysselsatte"	"K.4221 Valle"	"Helsesykepleier og jordmor"	"Uoppgitt"	0	0	0	0	0	0	0	0	0	0	0	0	0	0	0	0	0
"Sysselsatte"	"K.4222 Bykle"	"Helsesykepleier og jordmor"	"Kommuneforvaltningen"	..	..	..	..	..	3	3	3	3	3	3	3	3	3	4	4	5
"Sysselsatte"	"K.4222 Bykle"	"Helsesykepleier og jordmor"	"Fylkeskommunal forvaltning"	0	0	0	0	0	0	0	0	0	0	0	0	0	0	0	0	0
"Sysselsatte"	"K.4222 Bykle"	"Helsesykepleier og jordmor"	"Statsforvaltningen"	0	0	0	0	0	0	0	0	0	0	0	0	0	0	0	0	0
"Sysselsatte"	"K.4222 Bykle"	"Helsesykepleier og jordmor"	"Privat sektor og offentlige foretak"	0	0	0	0	0	0	0	0	0	0	0	0	0	0	0	0	0
"Sysselsatte"	"K.4222 Bykle"	"Helsesykepleier og jordmor"	"Uoppgitt"	0	0	0	0	0	0	0	0	0	0	0	0	0	0	0	0	0
"Sysselsatte"	"K.4223 Vennesla"	"Helsesykepleier og jordmor"	"Kommuneforvaltningen"	10	10	10	9	11	9	10	13	13	13	13	14	16	15	13	13	10
"Sysselsatte"	"K.4223 Vennesla"	"Helsesykepleier og jordmor"	"Fylkeskommunal forvaltning"	0	0	0	0	0	0	0	0	0	0	0	0	0	0	0	0	0
"Sysselsatte"	"K.4223 Vennesla"	"Helsesykepleier og jordmor"	"Statsforvaltningen"	0	0	0	0	0	0	0	0	0	0	0	0	0	0	0	0	0
"Sysselsatte"	"K.4223 Vennesla"	"Helsesykepleier og jordmor"	"Privat sektor og offentlige foretak"	0	0	0	0	0	0	0	3	0	0	0	0	0	3	0	0	0
"Sysselsatte"	"K.4223 Vennesla"	"Helsesykepleier og jordmor"	"Uoppgitt"	0	0	0	0	0	0	0	0	0	0	0	0	0	0	0	0	0
"Sysselsatte"	"K.4224 Åseral"	"Helsesykepleier og jordmor"	"Kommuneforvaltningen"	..	..	..	3	..	..	..	0	0	0	0	3	3	3	0	3	3
"Sysselsatte"	"K.4224 Åseral"	"Helsesykepleier og jordmor"	"Fylkeskommunal forvaltning"	0	0	0	0	0	0	0	0	0	0	0	0	0	0	0	0	0
"Sysselsatte"	"K.4224 Åseral"	"Helsesykepleier og jordmor"	"Statsforvaltningen"	0	0	0	0	0	0	0	0	0	0	0	0	0	0	0	0	0
"Sysselsatte"	"K.4224 Åseral"	"Helsesykepleier og jordmor"	"Privat sektor og offentlige foretak"	0	0	0	0	0	0	0	0	0	0	0	0	0	0	0	0	0
"Sysselsatte"	"K.4224 Åseral"	"Helsesykepleier og jordmor"	"Uoppgitt"	0	0	0	0	0	0	0	0	0	0	0	0	0	0	0	0	0
"Sysselsatte"	"K.4225 Lyngdal"	"Helsesykepleier og jordmor"	"Kommuneforvaltningen"	..	..	..	..	..	..	..	7	8	11	8	10	7	7	8	9	8
"Sysselsatte"	"K.4225 Lyngdal"	"Helsesykepleier og jordmor"	"Fylkeskommunal forvaltning"	0	0	0	0	0	0	0	0	0	0	0	0	0	0	0	0	0
"Sysselsatte"	"K.4225 Lyngdal"	"Helsesykepleier og jordmor"	"Statsforvaltningen"	0	0	0	0	0	0	0	0	0	0	0	0	0	0	0	0	0
"Sysselsatte"	"K.4225 Lyngdal"	"Helsesykepleier og jordmor"	"Privat sektor og offentlige foretak"	0	0	0	0	0	0	0	0	0	0	0	0	0	0	0	0	3
"Sysselsatte"	"K.4225 Lyngdal"	"Helsesykepleier og jordmor"	"Uoppgitt"	0	0	0	0	0	0	0	0	0	0	0	0	0	0	0	0	0
"Sysselsatte"	"K.4226 Hægebostad"	"Helsesykepleier og jordmor"	"Kommuneforvaltningen"	..	..	..	..	..	3	3	3	3	0	3	3	0	3	3	0	0
"Sysselsatte"	"K.4226 Hægebostad"	"Helsesykepleier og jordmor"	"Fylkeskommunal forvaltning"	0	0	0	0	0	0	0	0	0	0	0	0	0	0	0	0	0
"Sysselsatte"	"K.4226 Hægebostad"	"Helsesykepleier og jordmor"	"Statsforvaltningen"	0	0	0	0	0	0	0	0	0	0	0	0	0	0	0	0	0
"Sysselsatte"	"K.4226 Hægebostad"	"Helsesykepleier og jordmor"	"Privat sektor og offentlige foretak"	0	0	0	0	0	0	0	0	0	0	0	0	0	0	0	0	0
"Sysselsatte"	"K.4226 Hægebostad"	"Helsesykepleier og jordmor"	"Uoppgitt"	0	0	0	0	0	0	0	0	0	0	0	0	0	0	0	0	0
"Sysselsatte"	"K.4227 Kvinesdal"	"Helsesykepleier og jordmor"	"Kommuneforvaltningen"	4	3	4	4	4	4	4	4	5	5	4	4	4	3	4	4	4
"Sysselsatte"	"K.4227 Kvinesdal"	"Helsesykepleier og jordmor"	"Fylkeskommunal forvaltning"	0	0	0	0	0	0	0	0	0	0	0	0	0	0	0	0	0
"Sysselsatte"	"K.4227 Kvinesdal"	"Helsesykepleier og jordmor"	"Statsforvaltningen"	..	0	0	0	0	0	0	0	0	0	0	0	0	0	0	0	0
"Sysselsatte"	"K.4227 Kvinesdal"	"Helsesykepleier og jordmor"	"Privat sektor og offentlige foretak"	0	0	0	0	0	0	0	0	0	0	0	0	0	0	0	0	0
"Sysselsatte"	"K.4227 Kvinesdal"	"Helsesykepleier og jordmor"	"Uoppgitt"	0	0	0	0	0	0	0	0	0	0	0	0	0	0	0	0	0
"Sysselsatte"	"K.4228 Sirdal"	"Helsesykepleier og jordmor"	"Kommuneforvaltningen"	..	..	..	..	..	3	..	3	3	3	3	0	3	5	3	6	3
"Sysselsatte"	"K.4228 Sirdal"	"Helsesykepleier og jordmor"	"Fylkeskommunal forvaltning"	0	0	0	0	0	0	0	0	0	0	0	0	0	0	0	0	0
"Sysselsatte"	"K.4228 Sirdal"	"Helsesykepleier og jordmor"	"Statsforvaltningen"	0	0	0	0	0	0	0	0	0	0	0	0	0	0	0	0	0
"Sysselsatte"	"K.4228 Sirdal"	"Helsesykepleier og jordmor"	"Privat sektor og offentlige foretak"	0	0	0	0	0	0	0	0	0	0	0	0	0	0	0	0	0
"Sysselsatte"	"K.4228 Sirdal"	"Helsesykepleier og jordmor"	"Uoppgitt"	0	0	0	0	0	0	0	0	0	0	0	0	0	0	0	0	0
"Sysselsatte"	"K.1101 Eigersund"	"Helsesykepleier og jordmor"	"Kommuneforvaltningen"	11	12	13	11	12	11	11	10	11	11	11	11	12	11	11	14	11
"Sysselsatte"	"K.1101 Eigersund"	"Helsesykepleier og jordmor"	"Fylkeskommunal forvaltning"	0	0	0	0	0	0	0	0	0	0	0	0	0	0	0	0	0
"Sysselsatte"	"K.1101 Eigersund"	"Helsesykepleier og jordmor"	"Statsforvaltningen"	0	0	0	0	0	0	0	0	0	0	0	0	0	0	0	0	0
"Sysselsatte"	"K.1101 Eigersund"	"Helsesykepleier og jordmor"	"Privat sektor og offentlige foretak"	..	..	..	..	0	0	0	0	0	0	0	0	0	0	0	0	0
"Sysselsatte"	"K.1101 Eigersund"	"Helsesykepleier og jordmor"	"Uoppgitt"	0	0	0	0	0	0	0	0	0	0	0	0	0	0	0	0	0
"Sysselsatte"	"K.1103 Stavanger"	"Helsesykepleier og jordmor"	"Kommuneforvaltningen"	..	..	..	82	..	88	..	83	83	90	97	97	101	99	91	105	105
"Sysselsatte"	"K.1103 Stavanger"	"Helsesykepleier og jordmor"	"Fylkeskommunal forvaltning"	0	0	0	0	0	0	0	0	0	0	0	0	0	0	0	0	0
"Sysselsatte"	"K.1103 Stavanger"	"Helsesykepleier og jordmor"	"Statsforvaltningen"	130	133	126	142	149	158	164	156	168	155	161	146	136	150	151	160	168
"Sysselsatte"	"K.1103 Stavanger"	"Helsesykepleier og jordmor"	"Privat sektor og offentlige foretak"	7	9	9	12	11	10	9	9	8	11	9	6	5	6	10	10	7
"Sysselsatte"	"K.1103 Stavanger"	"Helsesykepleier og jordmor"	"Uoppgitt"	0	0	0	0	0	0	0	0	0	0	0	0	0	0	0	0	0
"Sysselsatte"	"K.1106 Haugesund"	"Helsesykepleier og jordmor"	"Kommuneforvaltningen"	17	23	22	27	27	27	27	29	28	33	34	36	38	45	39	35	33
"Sysselsatte"	"K.1106 Haugesund"	"Helsesykepleier og jordmor"	"Fylkeskommunal forvaltning"	0	0	0	0	0	0	0	0	0	0	0	0	0	0	0	0	0
"Sysselsatte"	"K.1106 Haugesund"	"Helsesykepleier og jordmor"	"Statsforvaltningen"	45	44	51	52	58	55	54	61	61	59	61	55	53	46	53	54	56
"Sysselsatte"	"K.1106 Haugesund"	"Helsesykepleier og jordmor"	"Privat sektor og offentlige foretak"	3	3	3	3	5	4	..	3	3	5	5	4	0	0	0	6	7
"Sysselsatte"	"K.1106 Haugesund"	"Helsesykepleier og jordmor"	"Uoppgitt"	0	0	0	0	0	0	0	0	0	0	0	0	0	0	0	0	0
"Sysselsatte"	"K.1108 Sandnes"	"Helsesykepleier og jordmor"	"Kommuneforvaltningen"	50	52	51	54	56	57	57	60	57	66	70	73	74	71	74	74	76
"Sysselsatte"	"K.1108 Sandnes"	"Helsesykepleier og jordmor"	"Fylkeskommunal forvaltning"	0	0	0	0	0	0	0	0	0	0	0	0	0	0	0	0	0
"Sysselsatte"	"K.1108 Sandnes"	"Helsesykepleier og jordmor"	"Statsforvaltningen"	..	0	0	0	0	0	0	0	0	0	0	0	0	0	0	0	0
"Sysselsatte"	"K.1108 Sandnes"	"Helsesykepleier og jordmor"	"Privat sektor og offentlige foretak"	3	3	4	4	..	3	..	3	0	3	3	3	4	3	3	0	0
"Sysselsatte"	"K.1108 Sandnes"	"Helsesykepleier og jordmor"	"Uoppgitt"	0	0	0	0	0	0	0	0	0	0	0	0	0	0	0	0	0
"Sysselsatte"	"K.1111 Sokndal"	"Helsesykepleier og jordmor"	"Kommuneforvaltningen"	3	3	3	4	3	..	..	3	0	0	3	3	3	3	3	3	0
"Sysselsatte"	"K.1111 Sokndal"	"Helsesykepleier og jordmor"	"Fylkeskommunal forvaltning"	0	0	0	0	0	0	0	0	0	0	0	0	0	0	0	0	0
"Sysselsatte"	"K.1111 Sokndal"	"Helsesykepleier og jordmor"	"Statsforvaltningen"	0	0	0	0	0	0	0	0	0	0	0	0	0	0	0	0	0
"Sysselsatte"	"K.1111 Sokndal"	"Helsesykepleier og jordmor"	"Privat sektor og offentlige foretak"	0	0	0	0	0	0	0	0	0	0	0	0	0	0	0	0	0
"Sysselsatte"	"K.1111 Sokndal"	"Helsesykepleier og jordmor"	"Uoppgitt"	0	0	0	0	0	0	0	0	0	0	0	0	0	0	0	0	0
"Sysselsatte"	"K.1112 Lund"	"Helsesykepleier og jordmor"	"Kommuneforvaltningen"	..	4	..	..	..	..	..	3	3	3	3	3	4	4	4	5	6
"Sysselsatte"	"K.1112 Lund"	"Helsesykepleier og jordmor"	"Fylkeskommunal forvaltning"	0	0	0	0	0	0	0	0	0	0	0	0	0	0	0	0	0
"Sysselsatte"	"K.1112 Lund"	"Helsesykepleier og jordmor"	"Statsforvaltningen"	0	0	0	0	0	0	0	0	0	0	0	0	0	0	0	0	0
"Sysselsatte"	"K.1112 Lund"	"Helsesykepleier og jordmor"	"Privat sektor og offentlige foretak"	..	..	..	..	..	0	0	0	0	0	0	0	0	0	0	0	0
"Sysselsatte"	"K.1112 Lund"	"Helsesykepleier og jordmor"	"Uoppgitt"	0	0	0	0	0	0	0	0	0	0	0	0	0	0	0	0	0
"Sysselsatte"	"K.1114 Bjerkreim"	"Helsesykepleier og jordmor"	"Kommuneforvaltningen"	3	3	3	4	..	..	..	3	3	3	3	3	3	3	3	3	3
"Sysselsatte"	"K.1114 Bjerkreim"	"Helsesykepleier og jordmor"	"Fylkeskommunal forvaltning"	0	0	0	0	0	0	0	0	0	0	0	0	0	0	0	0	0
"Sysselsatte"	"K.1114 Bjerkreim"	"Helsesykepleier og jordmor"	"Statsforvaltningen"	0	0	0	0	0	0	0	0	0	0	0	0	0	0	0	0	0
"Sysselsatte"	"K.1114 Bjerkreim"	"Helsesykepleier og jordmor"	"Privat sektor og offentlige foretak"	0	0	0	0	0	0	0	0	0	0	0	0	0	0	0	0	0
"Sysselsatte"	"K.1114 Bjerkreim"	"Helsesykepleier og jordmor"	"Uoppgitt"	0	0	0	0	0	0	0	0	0	0	0	0	0	0	0	0	0
"Sysselsatte"	"K.1119 Hå"	"Helsesykepleier og jordmor"	"Kommuneforvaltningen"	10	13	12	15	13	17	14	18	16	15	14	13	12	13	13	15	17
"Sysselsatte"	"K.1119 Hå"	"Helsesykepleier og jordmor"	"Fylkeskommunal forvaltning"	0	0	0	0	0	0	0	0	0	0	0	0	0	0	0	0	0
"Sysselsatte"	"K.1119 Hå"	"Helsesykepleier og jordmor"	"Statsforvaltningen"	0	0	0	0	0	0	0	0	0	0	0	0	0	0	0	0	0
"Sysselsatte"	"K.1119 Hå"	"Helsesykepleier og jordmor"	"Privat sektor og offentlige foretak"	..	..	..	..	..	0	0	0	0	0	0	0	0	0	0	0	0
"Sysselsatte"	"K.1119 Hå"	"Helsesykepleier og jordmor"	"Uoppgitt"	0	0	0	0	0	0	0	0	0	0	0	0	0	0	0	0	0
"Sysselsatte"	"K.1120 Klepp"	"Helsesykepleier og jordmor"	"Kommuneforvaltningen"	7	13	9	10	10	10	12	15	14	14	13	15	15	15	13	14	12
"Sysselsatte"	"K.1120 Klepp"	"Helsesykepleier og jordmor"	"Fylkeskommunal forvaltning"	0	0	0	0	0	0	0	0	0	0	0	0	0	0	0	0	0
"Sysselsatte"	"K.1120 Klepp"	"Helsesykepleier og jordmor"	"Statsforvaltningen"	0	..	0	0	0	0	0	0	0	0	0	0	0	0	0	0	0
"Sysselsatte"	"K.1120 Klepp"	"Helsesykepleier og jordmor"	"Privat sektor og offentlige foretak"	..	..	..	..	..	..	0	0	0	3	3	0	0	0	0	0	0
"Sysselsatte"	"K.1120 Klepp"	"Helsesykepleier og jordmor"	"Uoppgitt"	0	0	0	0	0	0	0	0	0	0	0	0	0	0	0	0	0
"Sysselsatte"	"K.1121 Time"	"Helsesykepleier og jordmor"	"Kommuneforvaltningen"	10	14	12	10	12	13	12	14	15	19	20	19	18	20	20	20	19
"Sysselsatte"	"K.1121 Time"	"Helsesykepleier og jordmor"	"Fylkeskommunal forvaltning"	0	0	0	0	0	0	0	0	0	0	0	0	0	0	0	0	0
"Sysselsatte"	"K.1121 Time"	"Helsesykepleier og jordmor"	"Statsforvaltningen"	0	0	0	0	0	0	0	0	0	0	0	0	0	0	0	0	0
"Sysselsatte"	"K.1121 Time"	"Helsesykepleier og jordmor"	"Privat sektor og offentlige foretak"	..	..	..	..	..	3	3	3	3	3	3	0	3	0	0	0	0
"Sysselsatte"	"K.1121 Time"	"Helsesykepleier og jordmor"	"Uoppgitt"	0	0	0	0	0	0	0	0	0	0	0	0	0	0	0	0	0
"Sysselsatte"	"K.1122 Gjesdal"	"Helsesykepleier og jordmor"	"Kommuneforvaltningen"	7	7	6	7	8	8	5	7	7	10	11	11	11	10	9	10	10
"Sysselsatte"	"K.1122 Gjesdal"	"Helsesykepleier og jordmor"	"Fylkeskommunal forvaltning"	0	0	0	0	0	0	0	0	0	0	0	0	0	0	0	0	0
"Sysselsatte"	"K.1122 Gjesdal"	"Helsesykepleier og jordmor"	"Statsforvaltningen"	0	0	0	0	0	0	0	0	0	0	0	0	0	0	0	0	0
"Sysselsatte"	"K.1122 Gjesdal"	"Helsesykepleier og jordmor"	"Privat sektor og offentlige foretak"	0	0	0	0	0	0	0	0	0	0	0	0	0	0	0	0	0
"Sysselsatte"	"K.1122 Gjesdal"	"Helsesykepleier og jordmor"	"Uoppgitt"	0	0	0	0	0	0	0	0	0	0	0	0	0	0	0	0	0
"Sysselsatte"	"K.1124 Sola"	"Helsesykepleier og jordmor"	"Kommuneforvaltningen"	13	13	15	17	18	19	19	20	21	22	20	21	21	24	20	20	21
"Sysselsatte"	"K.1124 Sola"	"Helsesykepleier og jordmor"	"Fylkeskommunal forvaltning"	0	0	0	0	0	0	0	0	0	0	0	0	0	0	0	0	0
"Sysselsatte"	"K.1124 Sola"	"Helsesykepleier og jordmor"	"Statsforvaltningen"	..	..	..	..	..	..	..	0	3	0	0	3	0	0	0	0	3
"Sysselsatte"	"K.1124 Sola"	"Helsesykepleier og jordmor"	"Privat sektor og offentlige foretak"	..	0	0	0	0	0	0	0	0	0	0	0	0	3	0	0	0
"Sysselsatte"	"K.1124 Sola"	"Helsesykepleier og jordmor"	"Uoppgitt"	0	0	0	0	0	0	0	0	0	0	0	0	0	0	0	0	0
"Sysselsatte"	"K.1127 Randaberg"	"Helsesykepleier og jordmor"	"Kommuneforvaltningen"	6	6	8	8	10	8	8	8	11	11	12	11	11	9	8	11	11
"Sysselsatte"	"K.1127 Randaberg"	"Helsesykepleier og jordmor"	"Fylkeskommunal forvaltning"	0	0	0	0	0	0	0	0	0	0	0	0	0	0	0	0	0
"Sysselsatte"	"K.1127 Randaberg"	"Helsesykepleier og jordmor"	"Statsforvaltningen"	0	0	0	0	..	..	0	0	0	0	0	0	0	0	0	0	0
"Sysselsatte"	"K.1127 Randaberg"	"Helsesykepleier og jordmor"	"Privat sektor og offentlige foretak"	0	0	0	0	0	0	0	0	0	0	0	0	0	0	0	0	0
"Sysselsatte"	"K.1127 Randaberg"	"Helsesykepleier og jordmor"	"Uoppgitt"	0	0	0	0	0	0	0	0	0	0	0	0	0	0	0	0	0
"Sysselsatte"	"K.1130 Strand"	"Helsesykepleier og jordmor"	"Kommuneforvaltningen"	5	8	8	8	9	10	11	8	7	9	10	11	15	17	16	18	17
"Sysselsatte"	"K.1130 Strand"	"Helsesykepleier og jordmor"	"Fylkeskommunal forvaltning"	0	0	0	0	0	0	0	0	0	0	0	0	0	0	0	0	0
"Sysselsatte"	"K.1130 Strand"	"Helsesykepleier og jordmor"	"Statsforvaltningen"	0	..	..	..	0	0	0	0	0	0	0	0	0	0	0	0	0
"Sysselsatte"	"K.1130 Strand"	"Helsesykepleier og jordmor"	"Privat sektor og offentlige foretak"	0	0	0	0	0	0	0	0	0	0	0	0	0	0	0	0	0
"Sysselsatte"	"K.1130 Strand"	"Helsesykepleier og jordmor"	"Uoppgitt"	0	0	0	0	0	0	0	0	0	0	0	0	0	0	0	0	0
"Sysselsatte"	"K.1133 Hjelmeland"	"Helsesykepleier og jordmor"	"Kommuneforvaltningen"	..	..	3	..	..	..	..	3	3	3	3	0	3	3	3	3	3
"Sysselsatte"	"K.1133 Hjelmeland"	"Helsesykepleier og jordmor"	"Fylkeskommunal forvaltning"	0	0	0	0	0	0	0	0	0	0	0	0	0	0	0	0	0
"Sysselsatte"	"K.1133 Hjelmeland"	"Helsesykepleier og jordmor"	"Statsforvaltningen"	0	0	0	0	0	0	0	0	0	0	0	0	0	0	0	0	0
"Sysselsatte"	"K.1133 Hjelmeland"	"Helsesykepleier og jordmor"	"Privat sektor og offentlige foretak"	0	0	0	0	0	0	0	0	0	0	0	0	0	0	0	0	0
"Sysselsatte"	"K.1133 Hjelmeland"	"Helsesykepleier og jordmor"	"Uoppgitt"	0	0	0	0	0	0	0	0	0	0	0	0	0	0	0	0	0
"Sysselsatte"	"K.1134 Suldal"	"Helsesykepleier og jordmor"	"Kommuneforvaltningen"	4	4	..	..	..	0	..	4	4	3	0	0	0	3	3	3	0
"Sysselsatte"	"K.1134 Suldal"	"Helsesykepleier og jordmor"	"Fylkeskommunal forvaltning"	0	0	0	0	0	0	0	0	0	0	0	0	0	0	0	0	0
"Sysselsatte"	"K.1134 Suldal"	"Helsesykepleier og jordmor"	"Statsforvaltningen"	0	0	0	0	0	0	0	0	0	0	0	0	0	0	0	0	0
"Sysselsatte"	"K.1134 Suldal"	"Helsesykepleier og jordmor"	"Privat sektor og offentlige foretak"	..	..	0	0	0	0	0	0	0	0	0	0	0	0	0	0	0
"Sysselsatte"	"K.1134 Suldal"	"Helsesykepleier og jordmor"	"Uoppgitt"	0	0	0	0	0	0	0	0	0	0	0	0	0	0	0	0	0
"Sysselsatte"	"K.1135 Sauda"	"Helsesykepleier og jordmor"	"Kommuneforvaltningen"	3	4	4	4	5	..	3	3	3	4	4	3	4	4	5	5	4
"Sysselsatte"	"K.1135 Sauda"	"Helsesykepleier og jordmor"	"Fylkeskommunal forvaltning"	0	0	0	0	0	0	0	0	0	0	0	0	0	0	0	0	0
"Sysselsatte"	"K.1135 Sauda"	"Helsesykepleier og jordmor"	"Statsforvaltningen"	0	0	0	0	0	0	0	0	0	0	0	0	0	0	0	0	0
"Sysselsatte"	"K.1135 Sauda"	"Helsesykepleier og jordmor"	"Privat sektor og offentlige foretak"	0	0	0	0	0	0	0	0	0	0	0	0	0	0	0	0	0
"Sysselsatte"	"K.1135 Sauda"	"Helsesykepleier og jordmor"	"Uoppgitt"	0	0	0	0	0	0	0	0	0	0	0	0	0	0	0	0	0
"Sysselsatte"	"K.1144 Kvitsøy"	"Helsesykepleier og jordmor"	"Kommuneforvaltningen"	0	..	0	0	0	0	0	0	0	0	0	0	0	0	0	0	0
"Sysselsatte"	"K.1144 Kvitsøy"	"Helsesykepleier og jordmor"	"Fylkeskommunal forvaltning"	0	0	0	0	0	0	0	0	0	0	0	0	0	0	0	0	0
"Sysselsatte"	"K.1144 Kvitsøy"	"Helsesykepleier og jordmor"	"Statsforvaltningen"	0	0	0	0	0	0	0	0	0	0	0	0	0	0	0	0	0
"Sysselsatte"	"K.1144 Kvitsøy"	"Helsesykepleier og jordmor"	"Privat sektor og offentlige foretak"	0	0	0	0	0	0	0	0	0	0	0	0	0	0	0	0	0
"Sysselsatte"	"K.1144 Kvitsøy"	"Helsesykepleier og jordmor"	"Uoppgitt"	0	0	0	0	0	0	0	0	0	0	0	0	0	0	0	0	0
"Sysselsatte"	"K.1145 Bokn"	"Helsesykepleier og jordmor"	"Kommuneforvaltningen"	0	0	0	..	..	..	..	0	0	0	0	0	3	0	0	0	3
"Sysselsatte"	"K.1145 Bokn"	"Helsesykepleier og jordmor"	"Fylkeskommunal forvaltning"	0	0	0	0	0	0	0	0	0	0	0	0	0	0	0	0	0
"Sysselsatte"	"K.1145 Bokn"	"Helsesykepleier og jordmor"	"Statsforvaltningen"	0	0	0	0	0	0	0	0	0	0	0	0	0	0	0	0	0
"Sysselsatte"	"K.1145 Bokn"	"Helsesykepleier og jordmor"	"Privat sektor og offentlige foretak"	0	0	0	0	0	0	0	0	0	0	0	0	0	0	0	0	0
"Sysselsatte"	"K.1145 Bokn"	"Helsesykepleier og jordmor"	"Uoppgitt"	0	0	0	0	0	0	0	0	0	0	0	0	0	0	0	0	0
"Sysselsatte"	"K.1146 Tysvær"	"Helsesykepleier og jordmor"	"Kommuneforvaltningen"	8	8	8	9	9	9	9	10	12	14	13	13	12	13	12	13	14
"Sysselsatte"	"K.1146 Tysvær"	"Helsesykepleier og jordmor"	"Fylkeskommunal forvaltning"	0	0	0	0	0	0	0	0	0	0	0	0	0	0	0	0	0
"Sysselsatte"	"K.1146 Tysvær"	"Helsesykepleier og jordmor"	"Statsforvaltningen"	0	0	0	0	0	0	0	0	0	0	0	0	0	0	0	0	0
"Sysselsatte"	"K.1146 Tysvær"	"Helsesykepleier og jordmor"	"Privat sektor og offentlige foretak"	0	0	0	0	0	..	..	0	0	0	0	0	0	0	0	0	0
"Sysselsatte"	"K.1146 Tysvær"	"Helsesykepleier og jordmor"	"Uoppgitt"	0	0	0	0	0	0	0	0	0	0	0	0	0	0	0	0	0
"Sysselsatte"	"K.1149 Karmøy"	"Helsesykepleier og jordmor"	"Kommuneforvaltningen"	28	31	27	24	23	25	25	25	28	30	28	27	29	25	26	32	33
"Sysselsatte"	"K.1149 Karmøy"	"Helsesykepleier og jordmor"	"Fylkeskommunal forvaltning"	0	0	0	0	0	0	0	0	0	0	0	0	0	0	0	0	0
"Sysselsatte"	"K.1149 Karmøy"	"Helsesykepleier og jordmor"	"Statsforvaltningen"	..	..	..	..	..	..	..	0	3	3	0	3	0	0	3	0	0
"Sysselsatte"	"K.1149 Karmøy"	"Helsesykepleier og jordmor"	"Privat sektor og offentlige foretak"	..	..	..	..	..	..	..	0	0	0	0	0	0	0	3	0	0
"Sysselsatte"	"K.1149 Karmøy"	"Helsesykepleier og jordmor"	"Uoppgitt"	0	0	0	0	0	0	0	0	0	0	0	0	0	0	0	0	0
"Sysselsatte"	"K.1151 Utsira"	"Helsesykepleier og jordmor"	"Kommuneforvaltningen"	..	0	0	0	0	0	0	0	0	0	0	0	0	0	0	0	0
"Sysselsatte"	"K.1151 Utsira"	"Helsesykepleier og jordmor"	"Fylkeskommunal forvaltning"	0	0	0	0	0	0	0	0	0	0	0	0	0	0	0	0	0
"Sysselsatte"	"K.1151 Utsira"	"Helsesykepleier og jordmor"	"Statsforvaltningen"	0	0	0	0	0	0	0	0	0	0	0	0	0	0	0	0	0
"Sysselsatte"	"K.1151 Utsira"	"Helsesykepleier og jordmor"	"Privat sektor og offentlige foretak"	0	0	0	0	0	0	0	0	0	0	0	0	0	0	0	0	0
"Sysselsatte"	"K.1151 Utsira"	"Helsesykepleier og jordmor"	"Uoppgitt"	0	0	0	0	0	0	0	0	0	0	0	0	0	0	0	0	0
"Sysselsatte"	"K.1160 Vindafjord"	"Helsesykepleier og jordmor"	"Kommuneforvaltningen"	6	6	7	5	5	4	6	5	8	5	6	7	6	8	7	7	7
"Sysselsatte"	"K.1160 Vindafjord"	"Helsesykepleier og jordmor"	"Fylkeskommunal forvaltning"	0	0	0	0	0	0	0	0	0	0	0	0	0	0	0	0	0
"Sysselsatte"	"K.1160 Vindafjord"	"Helsesykepleier og jordmor"	"Statsforvaltningen"	0	0	0	0	0	0	0	0	0	0	0	0	0	0	0	0	0
"Sysselsatte"	"K.1160 Vindafjord"	"Helsesykepleier og jordmor"	"Privat sektor og offentlige foretak"	0	0	0	0	0	0	0	0	0	0	0	0	0	0	0	0	0
"Sysselsatte"	"K.1160 Vindafjord"	"Helsesykepleier og jordmor"	"Uoppgitt"	0	0	0	0	0	0	0	0	0	0	0	0	0	0	0	0	0
"Sysselsatte"	"K.4601 Bergen"	"Helsesykepleier og jordmor"	"Kommuneforvaltningen"	155	162	157	166	171	175	186	189	199	201	201	205	216	212	236	250	226
"Sysselsatte"	"K.4601 Bergen"	"Helsesykepleier og jordmor"	"Fylkeskommunal forvaltning"	0	0	0	0	0	0	0	0	0	0	0	0	0	0	0	0	0
"Sysselsatte"	"K.4601 Bergen"	"Helsesykepleier og jordmor"	"Statsforvaltningen"	184	192	193	206	202	220	244	241	227	226	215	213	219	220	207	208	207
"Sysselsatte"	"K.4601 Bergen"	"Helsesykepleier og jordmor"	"Privat sektor og offentlige foretak"	23	24	26	24	23	27	30	27	27	33	27	22	19	20	21	19	24
"Sysselsatte"	"K.4601 Bergen"	"Helsesykepleier og jordmor"	"Uoppgitt"	0	0	0	0	0	0	0	0	0	0	0	0	0	0	0	0	0
"Sysselsatte"	"K.4602 Kinn"	"Helsesykepleier og jordmor"	"Kommuneforvaltningen"	16	17	17	13	15	14	17	16	18	19	21	19	19	23	20	18	21
"Sysselsatte"	"K.4602 Kinn"	"Helsesykepleier og jordmor"	"Fylkeskommunal forvaltning"	0	0	0	0	0	0	0	0	0	0	0	0	0	0	0	0	0
"Sysselsatte"	"K.4602 Kinn"	"Helsesykepleier og jordmor"	"Statsforvaltningen"	0	0	0	..	..	..	..	0	0	0	0	0	0	0	0	0	0
"Sysselsatte"	"K.4602 Kinn"	"Helsesykepleier og jordmor"	"Privat sektor og offentlige foretak"	0	0	0	0	0	0	0	0	0	0	3	0	0	0	0	3	0
"Sysselsatte"	"K.4602 Kinn"	"Helsesykepleier og jordmor"	"Uoppgitt"	0	0	0	0	0	0	0	0	0	0	0	0	0	0	0	0	0
"Sysselsatte"	"K.4611 Etne"	"Helsesykepleier og jordmor"	"Kommuneforvaltningen"	..	3	..	3	..	3	4	3	3	3	4	4	4	3	3	3	3
"Sysselsatte"	"K.4611 Etne"	"Helsesykepleier og jordmor"	"Fylkeskommunal forvaltning"	0	0	0	0	0	0	0	0	0	0	0	0	0	0	0	0	0
"Sysselsatte"	"K.4611 Etne"	"Helsesykepleier og jordmor"	"Statsforvaltningen"	0	0	0	0	0	0	0	0	0	0	0	0	0	0	0	0	0
"Sysselsatte"	"K.4611 Etne"	"Helsesykepleier og jordmor"	"Privat sektor og offentlige foretak"	0	0	0	0	0	0	0	0	0	0	0	0	0	0	0	0	0
"Sysselsatte"	"K.4611 Etne"	"Helsesykepleier og jordmor"	"Uoppgitt"	0	0	0	0	0	0	0	0	0	0	0	0	0	0	0	0	0
"Sysselsatte"	"K.4612 Sveio"	"Helsesykepleier og jordmor"	"Kommuneforvaltningen"	3	4	4	3	4	4	5	5	5	5	5	5	5	6	4	4	4
"Sysselsatte"	"K.4612 Sveio"	"Helsesykepleier og jordmor"	"Fylkeskommunal forvaltning"	0	0	0	0	0	0	0	0	0	0	0	0	0	0	0	0	0
"Sysselsatte"	"K.4612 Sveio"	"Helsesykepleier og jordmor"	"Statsforvaltningen"	0	0	0	0	0	0	0	0	0	0	0	0	0	0	0	0	0
"Sysselsatte"	"K.4612 Sveio"	"Helsesykepleier og jordmor"	"Privat sektor og offentlige foretak"	0	..	..	..	..	..	..	0	0	0	0	0	0	0	0	0	0
"Sysselsatte"	"K.4612 Sveio"	"Helsesykepleier og jordmor"	"Uoppgitt"	0	0	0	0	0	0	0	0	0	0	0	0	0	0	0	0	0
"Sysselsatte"	"K.4613 Bømlo"	"Helsesykepleier og jordmor"	"Kommuneforvaltningen"	6	4	4	4	4	4	3	12	9	10	10	8	13	12	11	9	8
"Sysselsatte"	"K.4613 Bømlo"	"Helsesykepleier og jordmor"	"Fylkeskommunal forvaltning"	0	0	0	0	0	0	0	0	0	0	0	0	0	0	0	0	0
"Sysselsatte"	"K.4613 Bømlo"	"Helsesykepleier og jordmor"	"Statsforvaltningen"	0	0	0	0	0	0	0	0	0	0	0	0	0	0	0	0	0
"Sysselsatte"	"K.4613 Bømlo"	"Helsesykepleier og jordmor"	"Privat sektor og offentlige foretak"	0	0	0	0	0	0	0	0	0	0	0	0	0	0	0	0	0
"Sysselsatte"	"K.4613 Bømlo"	"Helsesykepleier og jordmor"	"Uoppgitt"	0	0	0	0	0	0	0	0	0	0	0	0	0	0	0	0	0
"Sysselsatte"	"K.4614 Stord"	"Helsesykepleier og jordmor"	"Kommuneforvaltningen"	8	11	9	9	6	13	13	11	13	13	14	13	14	17	16	15	17
"Sysselsatte"	"K.4614 Stord"	"Helsesykepleier og jordmor"	"Fylkeskommunal forvaltning"	0	0	0	0	0	0	0	0	0	0	0	0	0	0	0	0	0
"Sysselsatte"	"K.4614 Stord"	"Helsesykepleier og jordmor"	"Statsforvaltningen"	25	24	23	24	27	23	21	28	25	22	23	24	21	20	21	21	18
"Sysselsatte"	"K.4614 Stord"	"Helsesykepleier og jordmor"	"Privat sektor og offentlige foretak"	..	..	0	..	0	0	0	0	0	0	0	0	0	0	0	0	0
"Sysselsatte"	"K.4614 Stord"	"Helsesykepleier og jordmor"	"Uoppgitt"	0	0	0	0	0	0	0	0	0	0	0	0	0	0	0	0	0
"Sysselsatte"	"K.4615 Fitjar"	"Helsesykepleier og jordmor"	"Kommuneforvaltningen"	5	4	3	..	..	..	3	5	4	4	6	6	3	0	3	0	3
"Sysselsatte"	"K.4615 Fitjar"	"Helsesykepleier og jordmor"	"Fylkeskommunal forvaltning"	0	0	0	0	0	0	0	0	0	0	0	0	0	0	0	0	0
"Sysselsatte"	"K.4615 Fitjar"	"Helsesykepleier og jordmor"	"Statsforvaltningen"	0	0	0	0	0	0	0	0	0	0	0	0	0	0	0	0	0
"Sysselsatte"	"K.4615 Fitjar"	"Helsesykepleier og jordmor"	"Privat sektor og offentlige foretak"	0	0	0	0	0	0	0	0	0	0	3	3	0	0	0	0	0
"Sysselsatte"	"K.4615 Fitjar"	"Helsesykepleier og jordmor"	"Uoppgitt"	0	0	0	0	0	0	0	0	0	0	0	0	0	0	0	0	0
"Sysselsatte"	"K.4616 Tysnes"	"Helsesykepleier og jordmor"	"Kommuneforvaltningen"	3	..	3	..	3	..	3	3	3	3	3	0	3	3	3	0	3
"Sysselsatte"	"K.4616 Tysnes"	"Helsesykepleier og jordmor"	"Fylkeskommunal forvaltning"	0	0	0	0	0	0	0	0	0	0	0	0	0	0	0	0	0
"Sysselsatte"	"K.4616 Tysnes"	"Helsesykepleier og jordmor"	"Statsforvaltningen"	0	0	0	0	0	0	0	0	0	0	0	0	0	0	0	0	0
"Sysselsatte"	"K.4616 Tysnes"	"Helsesykepleier og jordmor"	"Privat sektor og offentlige foretak"	0	0	0	0	0	0	0	0	0	0	0	0	0	0	0	0	0
"Sysselsatte"	"K.4616 Tysnes"	"Helsesykepleier og jordmor"	"Uoppgitt"	0	0	0	0	0	0	0	0	0	0	0	0	0	0	0	0	0
"Sysselsatte"	"K.4617 Kvinnherad"	"Helsesykepleier og jordmor"	"Kommuneforvaltningen"	7	7	10	10	8	11	10	10	11	10	10	10	8	12	12	14	14
"Sysselsatte"	"K.4617 Kvinnherad"	"Helsesykepleier og jordmor"	"Fylkeskommunal forvaltning"	0	0	0	0	0	0	0	0	0	0	0	0	0	0	0	0	0
"Sysselsatte"	"K.4617 Kvinnherad"	"Helsesykepleier og jordmor"	"Statsforvaltningen"	0	0	0	0	0	0	0	3	0	0	0	0	0	0	0	0	0
"Sysselsatte"	"K.4617 Kvinnherad"	"Helsesykepleier og jordmor"	"Privat sektor og offentlige foretak"	0	0	..	0	0	0	0	0	0	0	0	0	0	0	0	0	0
"Sysselsatte"	"K.4617 Kvinnherad"	"Helsesykepleier og jordmor"	"Uoppgitt"	0	0	0	0	0	0	0	0	0	0	0	0	0	0	0	0	0
"Sysselsatte"	"K.4618 Ullensvang"	"Helsesykepleier og jordmor"	"Kommuneforvaltningen"	..	..	..	..	..	..	..	11	9	9	8	8	11	11	12	10	11
"Sysselsatte"	"K.4618 Ullensvang"	"Helsesykepleier og jordmor"	"Fylkeskommunal forvaltning"	0	0	0	0	0	0	0	0	0	0	0	0	0	0	0	0	0
"Sysselsatte"	"K.4618 Ullensvang"	"Helsesykepleier og jordmor"	"Statsforvaltningen"	4	4	4	5	6	6	7	8	7	6	4	4	4	4	3	5	4
"Sysselsatte"	"K.4618 Ullensvang"	"Helsesykepleier og jordmor"	"Privat sektor og offentlige foretak"	0	0	0	0	0	0	0	0	0	0	0	0	0	0	0	0	0
"Sysselsatte"	"K.4618 Ullensvang"	"Helsesykepleier og jordmor"	"Uoppgitt"	0	0	0	0	0	0	0	0	0	0	0	0	0	0	0	0	0
"Sysselsatte"	"K.4619 Eidfjord"	"Helsesykepleier og jordmor"	"Kommuneforvaltningen"	..	..	..	..	..	..	..	0	0	3	3	0	0	3	3	3	3
"Sysselsatte"	"K.4619 Eidfjord"	"Helsesykepleier og jordmor"	"Fylkeskommunal forvaltning"	0	0	0	0	0	0	0	0	0	0	0	0	0	0	0	0	0
"Sysselsatte"	"K.4619 Eidfjord"	"Helsesykepleier og jordmor"	"Statsforvaltningen"	0	0	0	0	0	0	0	0	0	0	0	0	0	0	0	0	0
"Sysselsatte"	"K.4619 Eidfjord"	"Helsesykepleier og jordmor"	"Privat sektor og offentlige foretak"	0	0	0	0	0	0	0	0	0	0	0	0	0	0	0	0	0
"Sysselsatte"	"K.4619 Eidfjord"	"Helsesykepleier og jordmor"	"Uoppgitt"	0	0	0	0	0	0	0	0	0	0	0	0	0	0	0	0	0
"Sysselsatte"	"K.4620 Ulvik"	"Helsesykepleier og jordmor"	"Kommuneforvaltningen"	..	..	..	..	..	..	..	3	0	0	0	0	0	0	0	3	0
"Sysselsatte"	"K.4620 Ulvik"	"Helsesykepleier og jordmor"	"Fylkeskommunal forvaltning"	0	0	0	0	0	0	0	0	0	0	0	0	0	0	0	0	0
"Sysselsatte"	"K.4620 Ulvik"	"Helsesykepleier og jordmor"	"Statsforvaltningen"	0	0	0	0	0	0	0	0	0	0	0	0	0	0	0	0	0
"Sysselsatte"	"K.4620 Ulvik"	"Helsesykepleier og jordmor"	"Privat sektor og offentlige foretak"	0	0	0	0	0	0	0	0	0	0	0	0	0	0	0	0	0
"Sysselsatte"	"K.4620 Ulvik"	"Helsesykepleier og jordmor"	"Uoppgitt"	0	0	0	0	0	0	0	0	0	0	0	0	0	0	0	0	0
"Sysselsatte"	"K.4621 Voss"	"Helsesykepleier og jordmor"	"Kommuneforvaltningen"	13	..	..	..	13	14	..	8	12	12	11	12	9	10	15	18	17
"Sysselsatte"	"K.4621 Voss"	"Helsesykepleier og jordmor"	"Fylkeskommunal forvaltning"	0	0	0	0	0	0	0	0	0	0	0	0	0	0	0	0	0
"Sysselsatte"	"K.4621 Voss"	"Helsesykepleier og jordmor"	"Statsforvaltningen"	16	17	18	18	20	21	20	20	20	20	21	20	21	22	22	23	23
"Sysselsatte"	"K.4621 Voss"	"Helsesykepleier og jordmor"	"Privat sektor og offentlige foretak"	0	..	..	..	..	0	0	0	0	0	0	0	0	0	0	0	0
"Sysselsatte"	"K.4621 Voss"	"Helsesykepleier og jordmor"	"Uoppgitt"	0	0	0	0	0	0	0	0	0	0	0	0	0	0	0	0	0
"Sysselsatte"	"K.4622 Kvam"	"Helsesykepleier og jordmor"	"Kommuneforvaltningen"	8	7	8	7	7	5	5	6	11	6	7	7	8	9	10	8	8
"Sysselsatte"	"K.4622 Kvam"	"Helsesykepleier og jordmor"	"Fylkeskommunal forvaltning"	0	0	0	0	0	0	0	0	0	0	0	0	0	0	0	0	0
"Sysselsatte"	"K.4622 Kvam"	"Helsesykepleier og jordmor"	"Statsforvaltningen"	0	0	0	0	0	0	0	0	0	0	0	0	0	0	0	0	0
"Sysselsatte"	"K.4622 Kvam"	"Helsesykepleier og jordmor"	"Privat sektor og offentlige foretak"	0	0	0	0	0	0	0	0	0	0	0	0	0	0	0	0	0
"Sysselsatte"	"K.4622 Kvam"	"Helsesykepleier og jordmor"	"Uoppgitt"	0	0	0	0	0	0	0	0	0	0	0	0	0	0	0	0	0
"Sysselsatte"	"K.4623 Samnanger"	"Helsesykepleier og jordmor"	"Kommuneforvaltningen"	..	..	..	..	..	..	..	3	3	3	0	0	3	0	0	0	3
"Sysselsatte"	"K.4623 Samnanger"	"Helsesykepleier og jordmor"	"Fylkeskommunal forvaltning"	0	0	0	0	0	0	0	0	0	0	0	0	0	0	0	0	0
"Sysselsatte"	"K.4623 Samnanger"	"Helsesykepleier og jordmor"	"Statsforvaltningen"	0	0	0	0	0	0	0	0	0	0	0	0	0	0	0	0	0
"Sysselsatte"	"K.4623 Samnanger"	"Helsesykepleier og jordmor"	"Privat sektor og offentlige foretak"	0	0	0	0	0	0	0	0	0	0	0	0	0	0	0	0	0
"Sysselsatte"	"K.4623 Samnanger"	"Helsesykepleier og jordmor"	"Uoppgitt"	0	0	0	0	0	0	0	0	0	0	0	0	0	0	0	0	0
"Sysselsatte"	"K.4624 Bjørnafjorden"	"Helsesykepleier og jordmor"	"Kommuneforvaltningen"	11	12	13	13	16	15	18	19	23	22	24	28	30	31	24	29	28
"Sysselsatte"	"K.4624 Bjørnafjorden"	"Helsesykepleier og jordmor"	"Fylkeskommunal forvaltning"	0	0	0	0	0	0	0	0	0	0	0	0	0	0	0	0	0
"Sysselsatte"	"K.4624 Bjørnafjorden"	"Helsesykepleier og jordmor"	"Statsforvaltningen"	0	..	0	0	0	0	0	0	0	0	3	0	0	0	0	0	0
"Sysselsatte"	"K.4624 Bjørnafjorden"	"Helsesykepleier og jordmor"	"Privat sektor og offentlige foretak"	0	0	0	0	..	..	0	0	3	0	0	0	0	0	3	0	0
"Sysselsatte"	"K.4624 Bjørnafjorden"	"Helsesykepleier og jordmor"	"Uoppgitt"	0	0	0	0	0	0	0	0	0	0	0	0	0	0	0	0	0
"Sysselsatte"	"K.4625 Austevoll"	"Helsesykepleier og jordmor"	"Kommuneforvaltningen"	5	4	3	4	6	6	8	7	6	6	6	6	8	8	8	8	8
"Sysselsatte"	"K.4625 Austevoll"	"Helsesykepleier og jordmor"	"Fylkeskommunal forvaltning"	0	0	0	0	0	0	0	0	0	0	0	0	0	0	0	0	0
"Sysselsatte"	"K.4625 Austevoll"	"Helsesykepleier og jordmor"	"Statsforvaltningen"	0	0	0	0	0	0	0	0	0	0	0	0	0	0	0	0	0
"Sysselsatte"	"K.4625 Austevoll"	"Helsesykepleier og jordmor"	"Privat sektor og offentlige foretak"	0	0	0	0	0	..	0	0	0	0	0	3	0	0	0	0	0
"Sysselsatte"	"K.4625 Austevoll"	"Helsesykepleier og jordmor"	"Uoppgitt"	0	0	0	0	0	0	0	0	0	0	0	0	0	0	0	0	0
"Sysselsatte"	"K.4626 Øygarden"	"Helsesykepleier og jordmor"	"Kommuneforvaltningen"	23	..	30	33	37	41	43	37	46	44	45	49	46	48	49	48	48
"Sysselsatte"	"K.4626 Øygarden"	"Helsesykepleier og jordmor"	"Fylkeskommunal forvaltning"	0	0	0	0	0	0	0	0	0	0	0	0	0	0	0	0	0
"Sysselsatte"	"K.4626 Øygarden"	"Helsesykepleier og jordmor"	"Statsforvaltningen"	0	0	0	..	0	0	0	0	0	0	0	3	0	0	0	0	0
"Sysselsatte"	"K.4626 Øygarden"	"Helsesykepleier og jordmor"	"Privat sektor og offentlige foretak"	..	..	..	..	..	..	..	3	3	0	0	3	0	0	0	0	0
"Sysselsatte"	"K.4626 Øygarden"	"Helsesykepleier og jordmor"	"Uoppgitt"	0	0	0	0	0	0	0	0	0	0	0	0	0	0	0	0	0
"Sysselsatte"	"K.4627 Askøy"	"Helsesykepleier og jordmor"	"Kommuneforvaltningen"	13	17	16	22	23	20	23	24	30	30	28	27	27	27	26	26	25
"Sysselsatte"	"K.4627 Askøy"	"Helsesykepleier og jordmor"	"Fylkeskommunal forvaltning"	0	0	0	0	0	0	0	0	0	0	0	0	0	0	0	0	0
"Sysselsatte"	"K.4627 Askøy"	"Helsesykepleier og jordmor"	"Statsforvaltningen"	0	0	0	0	0	0	0	0	0	0	0	0	0	0	0	0	0
"Sysselsatte"	"K.4627 Askøy"	"Helsesykepleier og jordmor"	"Privat sektor og offentlige foretak"	..	..	..	..	..	..	..	3	0	3	0	0	0	0	0	3	3
"Sysselsatte"	"K.4627 Askøy"	"Helsesykepleier og jordmor"	"Uoppgitt"	0	0	0	0	0	0	0	0	0	0	0	0	0	0	0	0	0
"Sysselsatte"	"K.4628 Vaksdal"	"Helsesykepleier og jordmor"	"Kommuneforvaltningen"	..	3	..	..	..	..	..	0	3	0	0	0	3	3	3	3	0
"Sysselsatte"	"K.4628 Vaksdal"	"Helsesykepleier og jordmor"	"Fylkeskommunal forvaltning"	0	0	0	0	0	0	0	0	0	0	0	0	0	0	0	0	0
"Sysselsatte"	"K.4628 Vaksdal"	"Helsesykepleier og jordmor"	"Statsforvaltningen"	0	0	0	0	0	0	0	0	0	0	0	0	0	0	0	0	0
"Sysselsatte"	"K.4628 Vaksdal"	"Helsesykepleier og jordmor"	"Privat sektor og offentlige foretak"	0	0	0	0	0	0	0	0	0	0	0	0	0	0	0	0	0
"Sysselsatte"	"K.4628 Vaksdal"	"Helsesykepleier og jordmor"	"Uoppgitt"	0	0	0	0	0	0	0	0	0	0	0	0	0	0	0	0	0
"Sysselsatte"	"K.4629 Modalen"	"Helsesykepleier og jordmor"	"Kommuneforvaltningen"	..	0	0	..	..	..	..	0	0	0	0	0	0	0	0	0	0
"Sysselsatte"	"K.4629 Modalen"	"Helsesykepleier og jordmor"	"Fylkeskommunal forvaltning"	0	0	0	0	0	0	0	0	0	0	0	0	0	0	0	0	0
"Sysselsatte"	"K.4629 Modalen"	"Helsesykepleier og jordmor"	"Statsforvaltningen"	0	0	0	0	0	0	0	0	0	0	0	0	0	0	0	0	0
"Sysselsatte"	"K.4629 Modalen"	"Helsesykepleier og jordmor"	"Privat sektor og offentlige foretak"	0	0	0	0	0	0	0	0	0	0	0	0	0	0	0	0	0
"Sysselsatte"	"K.4629 Modalen"	"Helsesykepleier og jordmor"	"Uoppgitt"	0	0	0	0	0	0	0	0	0	0	0	0	0	0	0	0	0
"Sysselsatte"	"K.4630 Osterøy"	"Helsesykepleier og jordmor"	"Kommuneforvaltningen"	6	6	4	6	7	6	6	7	8	6	6	5	8	6	6	5	5
"Sysselsatte"	"K.4630 Osterøy"	"Helsesykepleier og jordmor"	"Fylkeskommunal forvaltning"	0	0	0	0	0	0	0	0	0	0	0	0	0	0	0	0	0
"Sysselsatte"	"K.4630 Osterøy"	"Helsesykepleier og jordmor"	"Statsforvaltningen"	0	0	0	0	0	0	0	0	0	0	0	0	0	0	0	0	0
"Sysselsatte"	"K.4630 Osterøy"	"Helsesykepleier og jordmor"	"Privat sektor og offentlige foretak"	0	0	0	0	0	0	0	0	0	0	0	0	0	0	0	0	0
"Sysselsatte"	"K.4630 Osterøy"	"Helsesykepleier og jordmor"	"Uoppgitt"	0	0	0	0	0	0	0	0	0	0	0	0	0	0	0	0	0
"Sysselsatte"	"K.4631 Alver"	"Helsesykepleier og jordmor"	"Kommuneforvaltningen"	19	22	21	23	23	26	24	30	28	29	24	30	26	27	28	33	35
"Sysselsatte"	"K.4631 Alver"	"Helsesykepleier og jordmor"	"Fylkeskommunal forvaltning"	0	0	0	0	0	0	0	0	0	0	0	0	0	0	0	0	0
"Sysselsatte"	"K.4631 Alver"	"Helsesykepleier og jordmor"	"Statsforvaltningen"	0	0	0	0	0	0	0	0	0	0	0	0	0	0	0	0	0
"Sysselsatte"	"K.4631 Alver"	"Helsesykepleier og jordmor"	"Privat sektor og offentlige foretak"	0	..	..	..	..	..	..	0	0	0	3	0	3	0	0	0	0
"Sysselsatte"	"K.4631 Alver"	"Helsesykepleier og jordmor"	"Uoppgitt"	0	0	0	0	0	0	0	0	0	0	0	0	0	0	0	0	0
"Sysselsatte"	"K.4632 Austrheim"	"Helsesykepleier og jordmor"	"Kommuneforvaltningen"	..	..	..	..	3	3	3	0	0	3	3	0	3	3	3	3	3
"Sysselsatte"	"K.4632 Austrheim"	"Helsesykepleier og jordmor"	"Fylkeskommunal forvaltning"	0	0	0	0	0	0	0	0	0	0	0	0	0	0	0	0	0
"Sysselsatte"	"K.4632 Austrheim"	"Helsesykepleier og jordmor"	"Statsforvaltningen"	0	0	0	0	0	0	0	0	0	0	0	0	0	0	0	0	0
"Sysselsatte"	"K.4632 Austrheim"	"Helsesykepleier og jordmor"	"Privat sektor og offentlige foretak"	0	0	0	0	0	0	0	0	0	0	0	0	0	0	0	0	0
"Sysselsatte"	"K.4632 Austrheim"	"Helsesykepleier og jordmor"	"Uoppgitt"	0	0	0	0	0	0	0	0	0	0	0	0	0	0	0	0	0
"Sysselsatte"	"K.4633 Fedje"	"Helsesykepleier og jordmor"	"Kommuneforvaltningen"	..	..	..	..	..	..	..	3	0	0	0	0	0	3	3	0	0
"Sysselsatte"	"K.4633 Fedje"	"Helsesykepleier og jordmor"	"Fylkeskommunal forvaltning"	0	0	0	0	0	0	0	0	0	0	0	0	0	0	0	0	0
"Sysselsatte"	"K.4633 Fedje"	"Helsesykepleier og jordmor"	"Statsforvaltningen"	0	0	0	0	0	0	0	0	0	0	0	0	0	0	0	0	0
"Sysselsatte"	"K.4633 Fedje"	"Helsesykepleier og jordmor"	"Privat sektor og offentlige foretak"	0	0	0	0	0	0	0	0	0	0	0	0	0	0	0	0	0
"Sysselsatte"	"K.4633 Fedje"	"Helsesykepleier og jordmor"	"Uoppgitt"	0	0	0	0	0	0	0	0	0	0	0	0	0	0	0	0	0
"Sysselsatte"	"K.4634 Masfjorden"	"Helsesykepleier og jordmor"	"Kommuneforvaltningen"	..	..	..	..	..	..	..	0	3	0	3	3	3	3	3	0	0
"Sysselsatte"	"K.4634 Masfjorden"	"Helsesykepleier og jordmor"	"Fylkeskommunal forvaltning"	0	0	0	0	0	0	0	0	0	0	0	0	0	0	0	0	0
"Sysselsatte"	"K.4634 Masfjorden"	"Helsesykepleier og jordmor"	"Statsforvaltningen"	0	0	0	0	0	0	0	0	0	0	0	0	0	0	0	0	0
"Sysselsatte"	"K.4634 Masfjorden"	"Helsesykepleier og jordmor"	"Privat sektor og offentlige foretak"	0	0	0	0	0	0	0	0	0	0	0	0	0	0	0	0	0
"Sysselsatte"	"K.4634 Masfjorden"	"Helsesykepleier og jordmor"	"Uoppgitt"	0	0	0	0	0	0	0	0	0	0	0	0	0	0	0	0	0
"Sysselsatte"	"K.4635 Gulen"	"Helsesykepleier og jordmor"	"Kommuneforvaltningen"	..	..	..	..	..	..	..	3	3	3	3	3	3	0	3	3	3
"Sysselsatte"	"K.4635 Gulen"	"Helsesykepleier og jordmor"	"Fylkeskommunal forvaltning"	0	0	0	0	0	0	0	0	0	0	0	0	0	0	0	0	0
"Sysselsatte"	"K.4635 Gulen"	"Helsesykepleier og jordmor"	"Statsforvaltningen"	0	0	0	0	0	0	0	0	0	0	0	0	0	0	0	0	0
"Sysselsatte"	"K.4635 Gulen"	"Helsesykepleier og jordmor"	"Privat sektor og offentlige foretak"	0	0	0	0	0	0	0	0	0	0	0	0	0	0	0	0	0
"Sysselsatte"	"K.4635 Gulen"	"Helsesykepleier og jordmor"	"Uoppgitt"	0	0	0	0	0	0	0	0	0	0	0	0	0	0	0	0	0
"Sysselsatte"	"K.4636 Solund"	"Helsesykepleier og jordmor"	"Kommuneforvaltningen"	..	..	..	..	..	..	..	0	0	0	3	0	0	0	3	0	0
"Sysselsatte"	"K.4636 Solund"	"Helsesykepleier og jordmor"	"Fylkeskommunal forvaltning"	0	0	0	0	0	0	0	0	0	0	0	0	0	0	0	0	0
"Sysselsatte"	"K.4636 Solund"	"Helsesykepleier og jordmor"	"Statsforvaltningen"	0	0	0	0	0	0	0	0	0	0	0	0	0	0	0	0	0
"Sysselsatte"	"K.4636 Solund"	"Helsesykepleier og jordmor"	"Privat sektor og offentlige foretak"	0	0	0	0	0	0	0	0	0	0	0	0	0	0	0	0	0
"Sysselsatte"	"K.4636 Solund"	"Helsesykepleier og jordmor"	"Uoppgitt"	0	0	0	0	0	0	0	0	0	0	0	0	0	0	0	0	0
"Sysselsatte"	"K.4637 Hyllestad"	"Helsesykepleier og jordmor"	"Kommuneforvaltningen"	..	..	..	..	..	..	..	0	3	3	0	0	0	0	0	3	0
"Sysselsatte"	"K.4637 Hyllestad"	"Helsesykepleier og jordmor"	"Fylkeskommunal forvaltning"	0	0	0	0	0	0	0	0	0	0	0	0	0	0	0	0	0
"Sysselsatte"	"K.4637 Hyllestad"	"Helsesykepleier og jordmor"	"Statsforvaltningen"	0	0	0	0	0	0	0	0	0	0	0	0	0	0	0	0	0
"Sysselsatte"	"K.4637 Hyllestad"	"Helsesykepleier og jordmor"	"Privat sektor og offentlige foretak"	0	0	0	0	0	0	0	0	0	0	0	0	0	0	0	0	0
"Sysselsatte"	"K.4637 Hyllestad"	"Helsesykepleier og jordmor"	"Uoppgitt"	0	0	0	0	0	0	0	0	0	0	0	0	0	0	0	0	0
"Sysselsatte"	"K.4638 Høyanger"	"Helsesykepleier og jordmor"	"Kommuneforvaltningen"	5	4	3	4	4	5	4	4	5	5	5	6	7	9	4	4	4
"Sysselsatte"	"K.4638 Høyanger"	"Helsesykepleier og jordmor"	"Fylkeskommunal forvaltning"	0	0	0	0	0	0	0	0	0	0	0	0	0	0	0	0	0
"Sysselsatte"	"K.4638 Høyanger"	"Helsesykepleier og jordmor"	"Statsforvaltningen"	0	0	0	..	0	0	0	0	0	0	0	0	0	0	0	0	0
"Sysselsatte"	"K.4638 Høyanger"	"Helsesykepleier og jordmor"	"Privat sektor og offentlige foretak"	0	0	0	0	0	0	0	0	0	0	0	0	0	0	0	0	0
"Sysselsatte"	"K.4638 Høyanger"	"Helsesykepleier og jordmor"	"Uoppgitt"	0	0	0	0	0	0	0	0	0	0	0	0	0	0	0	0	0
"Sysselsatte"	"K.4639 Vik"	"Helsesykepleier og jordmor"	"Kommuneforvaltningen"	4	3	4	..	3	3	3	3	0	0	3	3	0	3	3	3	3
"Sysselsatte"	"K.4639 Vik"	"Helsesykepleier og jordmor"	"Fylkeskommunal forvaltning"	0	0	0	0	0	0	0	0	0	0	0	0	0	0	0	0	0
"Sysselsatte"	"K.4639 Vik"	"Helsesykepleier og jordmor"	"Statsforvaltningen"	0	0	0	0	0	0	0	0	0	0	0	0	0	0	0	0	0
"Sysselsatte"	"K.4639 Vik"	"Helsesykepleier og jordmor"	"Privat sektor og offentlige foretak"	0	0	0	0	0	0	0	0	0	0	0	0	0	0	0	0	0
"Sysselsatte"	"K.4639 Vik"	"Helsesykepleier og jordmor"	"Uoppgitt"	0	0	0	0	0	0	0	0	0	0	0	0	0	0	0	0	0
"Sysselsatte"	"K.4640 Sogndal"	"Helsesykepleier og jordmor"	"Kommuneforvaltningen"	..	..	..	..	..	..	..	17	18	20	17	17	18	16	17	16	15
"Sysselsatte"	"K.4640 Sogndal"	"Helsesykepleier og jordmor"	"Fylkeskommunal forvaltning"	0	0	0	0	0	0	0	0	0	0	0	0	0	0	0	0	0
"Sysselsatte"	"K.4640 Sogndal"	"Helsesykepleier og jordmor"	"Statsforvaltningen"	..	..	..	..	..	..	..	0	0	0	0	0	0	0	0	0	0
"Sysselsatte"	"K.4640 Sogndal"	"Helsesykepleier og jordmor"	"Privat sektor og offentlige foretak"	..	..	..	..	..	..	..	0	0	0	0	0	0	0	0	0	0
"Sysselsatte"	"K.4640 Sogndal"	"Helsesykepleier og jordmor"	"Uoppgitt"	0	0	0	0	0	0	0	0	0	0	0	0	0	0	0	0	0
"Sysselsatte"	"K.4641 Aurland"	"Helsesykepleier og jordmor"	"Kommuneforvaltningen"	..	..	..	..	..	..	..	0	0	0	3	3	3	3	3	0	3
"Sysselsatte"	"K.4641 Aurland"	"Helsesykepleier og jordmor"	"Fylkeskommunal forvaltning"	0	0	0	0	0	0	0	0	0	0	0	0	0	0	0	0	0
"Sysselsatte"	"K.4641 Aurland"	"Helsesykepleier og jordmor"	"Statsforvaltningen"	0	0	0	0	0	0	0	0	0	0	0	0	0	0	0	0	0
"Sysselsatte"	"K.4641 Aurland"	"Helsesykepleier og jordmor"	"Privat sektor og offentlige foretak"	0	0	0	0	0	0	0	0	0	0	0	0	0	0	0	0	0
"Sysselsatte"	"K.4641 Aurland"	"Helsesykepleier og jordmor"	"Uoppgitt"	0	0	0	0	0	0	0	0	0	0	0	0	0	0	0	0	0
"Sysselsatte"	"K.4642 Lærdal"	"Helsesykepleier og jordmor"	"Kommuneforvaltningen"	..	..	..	..	..	..	..	3	3	0	0	0	0	3	3	0	0
"Sysselsatte"	"K.4642 Lærdal"	"Helsesykepleier og jordmor"	"Fylkeskommunal forvaltning"	0	0	0	0	0	0	0	0	0	0	0	0	0	0	0	0	0
"Sysselsatte"	"K.4642 Lærdal"	"Helsesykepleier og jordmor"	"Statsforvaltningen"	10	9	9	8	8	12	11	11	9	12	8	12	13	12	11	12	11
"Sysselsatte"	"K.4642 Lærdal"	"Helsesykepleier og jordmor"	"Privat sektor og offentlige foretak"	0	0	0	0	0	0	0	0	0	0	0	0	0	0	0	0	0
"Sysselsatte"	"K.4642 Lærdal"	"Helsesykepleier og jordmor"	"Uoppgitt"	0	0	0	0	0	0	0	0	0	0	0	0	0	0	0	0	0
"Sysselsatte"	"K.4643 Årdal"	"Helsesykepleier og jordmor"	"Kommuneforvaltningen"	..	..	..	..	3	3	3	4	3	5	5	4	5	5	5	4	5
"Sysselsatte"	"K.4643 Årdal"	"Helsesykepleier og jordmor"	"Fylkeskommunal forvaltning"	0	0	0	0	0	0	0	0	0	0	0	0	0	0	0	0	0
"Sysselsatte"	"K.4643 Årdal"	"Helsesykepleier og jordmor"	"Statsforvaltningen"	0	0	0	0	0	0	0	0	0	0	0	0	0	0	0	0	0
"Sysselsatte"	"K.4643 Årdal"	"Helsesykepleier og jordmor"	"Privat sektor og offentlige foretak"	0	0	..	0	0	0	..	0	0	0	0	0	0	0	0	0	0
"Sysselsatte"	"K.4643 Årdal"	"Helsesykepleier og jordmor"	"Uoppgitt"	0	0	0	0	0	0	0	0	0	0	0	0	0	0	0	0	0
"Sysselsatte"	"K.4644 Luster"	"Helsesykepleier og jordmor"	"Kommuneforvaltningen"	5	7	5	5	5	7	6	6	6	6	6	5	7	9	7	7	6
"Sysselsatte"	"K.4644 Luster"	"Helsesykepleier og jordmor"	"Fylkeskommunal forvaltning"	0	0	0	0	0	0	0	0	0	0	0	0	0	0	0	0	0
"Sysselsatte"	"K.4644 Luster"	"Helsesykepleier og jordmor"	"Statsforvaltningen"	0	0	0	0	0	0	0	0	0	0	0	0	0	0	0	0	0
"Sysselsatte"	"K.4644 Luster"	"Helsesykepleier og jordmor"	"Privat sektor og offentlige foretak"	0	0	0	0	0	0	0	0	0	0	0	0	0	0	0	0	0
"Sysselsatte"	"K.4644 Luster"	"Helsesykepleier og jordmor"	"Uoppgitt"	0	0	0	0	0	0	0	0	0	0	0	0	0	0	0	0	0
"Sysselsatte"	"K.4645 Askvoll"	"Helsesykepleier og jordmor"	"Kommuneforvaltningen"	..	..	0	..	..	3	3	3	3	3	0	5	5	4	4	3	0
"Sysselsatte"	"K.4645 Askvoll"	"Helsesykepleier og jordmor"	"Fylkeskommunal forvaltning"	0	0	0	0	0	0	0	0	0	0	0	0	0	0	0	0	0
"Sysselsatte"	"K.4645 Askvoll"	"Helsesykepleier og jordmor"	"Statsforvaltningen"	0	0	0	0	0	0	0	0	0	0	0	0	0	0	0	0	0
"Sysselsatte"	"K.4645 Askvoll"	"Helsesykepleier og jordmor"	"Privat sektor og offentlige foretak"	0	0	0	0	0	0	0	0	0	0	0	0	0	0	0	0	0
"Sysselsatte"	"K.4645 Askvoll"	"Helsesykepleier og jordmor"	"Uoppgitt"	0	0	0	0	0	0	0	0	0	0	0	0	0	0	0	0	0
"Sysselsatte"	"K.4646 Fjaler"	"Helsesykepleier og jordmor"	"Kommuneforvaltningen"	..	..	..	..	..	..	..	0	3	3	3	3	3	3	3	3	3
"Sysselsatte"	"K.4646 Fjaler"	"Helsesykepleier og jordmor"	"Fylkeskommunal forvaltning"	0	0	0	0	0	0	0	0	0	0	0	0	0	0	0	0	0
"Sysselsatte"	"K.4646 Fjaler"	"Helsesykepleier og jordmor"	"Statsforvaltningen"	0	0	0	0	0	0	0	0	0	0	0	0	0	0	0	0	0
"Sysselsatte"	"K.4646 Fjaler"	"Helsesykepleier og jordmor"	"Privat sektor og offentlige foretak"	0	0	0	0	0	0	0	0	0	0	0	0	0	0	0	0	0
"Sysselsatte"	"K.4646 Fjaler"	"Helsesykepleier og jordmor"	"Uoppgitt"	0	0	0	0	0	0	0	0	0	0	0	0	0	0	0	0	0
"Sysselsatte"	"K.4647 Sunnfjord"	"Helsesykepleier og jordmor"	"Kommuneforvaltningen"	..	..	..	..	..	..	..	25	23	27	21	24	22	23	21	21	23
"Sysselsatte"	"K.4647 Sunnfjord"	"Helsesykepleier og jordmor"	"Fylkeskommunal forvaltning"	0	0	0	0	0	0	0	0	0	0	0	0	0	0	0	0	0
"Sysselsatte"	"K.4647 Sunnfjord"	"Helsesykepleier og jordmor"	"Statsforvaltningen"	31	32	29	30	31	38	36	32	31	31	32	28	35	34	31	33	29
"Sysselsatte"	"K.4647 Sunnfjord"	"Helsesykepleier og jordmor"	"Privat sektor og offentlige foretak"	..	..	..	..	0	0	0	0	0	0	0	0	0	0	0	0	0
"Sysselsatte"	"K.4647 Sunnfjord"	"Helsesykepleier og jordmor"	"Uoppgitt"	0	0	0	0	0	0	0	0	0	0	0	0	0	0	0	0	0
"Sysselsatte"	"K.4648 Bremanger"	"Helsesykepleier og jordmor"	"Kommuneforvaltningen"	3	..	..	..	..	..	..	3	3	3	3	3	3	3	3	3	0
"Sysselsatte"	"K.4648 Bremanger"	"Helsesykepleier og jordmor"	"Fylkeskommunal forvaltning"	0	0	0	0	0	0	0	0	0	0	0	0	0	0	0	0	0
"Sysselsatte"	"K.4648 Bremanger"	"Helsesykepleier og jordmor"	"Statsforvaltningen"	0	0	0	0	0	0	0	0	0	0	0	0	0	0	0	0	0
"Sysselsatte"	"K.4648 Bremanger"	"Helsesykepleier og jordmor"	"Privat sektor og offentlige foretak"	0	0	0	0	0	0	0	0	0	0	0	0	0	0	0	0	0
"Sysselsatte"	"K.4648 Bremanger"	"Helsesykepleier og jordmor"	"Uoppgitt"	0	0	0	0	0	0	0	0	0	0	0	0	0	0	0	0	0
"Sysselsatte"	"K.4649 Stad"	"Helsesykepleier og jordmor"	"Kommuneforvaltningen"	..	..	..	6	6	7	6	7	5	5	6	6	9	9	9	11	15
"Sysselsatte"	"K.4649 Stad"	"Helsesykepleier og jordmor"	"Fylkeskommunal forvaltning"	0	0	0	0	0	0	0	0	0	0	0	0	0	0	0	0	0
"Sysselsatte"	"K.4649 Stad"	"Helsesykepleier og jordmor"	"Statsforvaltningen"	12	11	11	12	11	10	9	10	10	11	12	12	15	11	12	12	13
"Sysselsatte"	"K.4649 Stad"	"Helsesykepleier og jordmor"	"Privat sektor og offentlige foretak"	0	0	0	0	0	0	0	0	0	0	0	0	0	0	0	0	0
"Sysselsatte"	"K.4649 Stad"	"Helsesykepleier og jordmor"	"Uoppgitt"	0	0	0	0	0	0	0	0	0	0	0	0	0	0	0	0	0
"Sysselsatte"	"K.4650 Gloppen"	"Helsesykepleier og jordmor"	"Kommuneforvaltningen"	4	3	3	3	5	4	3	4	4	3	5	5	7	7	7	9	8
"Sysselsatte"	"K.4650 Gloppen"	"Helsesykepleier og jordmor"	"Fylkeskommunal forvaltning"	0	0	0	0	0	0	0	0	0	0	0	0	0	0	0	0	0
"Sysselsatte"	"K.4650 Gloppen"	"Helsesykepleier og jordmor"	"Statsforvaltningen"	0	0	0	0	0	0	0	0	0	0	0	0	0	0	0	0	0
"Sysselsatte"	"K.4650 Gloppen"	"Helsesykepleier og jordmor"	"Privat sektor og offentlige foretak"	0	0	0	0	0	0	0	0	0	0	0	0	0	0	0	0	0
"Sysselsatte"	"K.4650 Gloppen"	"Helsesykepleier og jordmor"	"Uoppgitt"	0	0	0	0	0	0	0	0	0	0	0	0	0	0	0	0	0
"Sysselsatte"	"K.4651 Stryn"	"Helsesykepleier og jordmor"	"Kommuneforvaltningen"	6	5	4	5	4	5	4	7	7	5	8	7	8	8	10	8	6
"Sysselsatte"	"K.4651 Stryn"	"Helsesykepleier og jordmor"	"Fylkeskommunal forvaltning"	0	0	0	0	0	0	0	0	0	0	0	0	0	0	0	0	0
"Sysselsatte"	"K.4651 Stryn"	"Helsesykepleier og jordmor"	"Statsforvaltningen"	0	0	0	0	0	0	0	0	0	0	0	0	0	0	0	0	0
"Sysselsatte"	"K.4651 Stryn"	"Helsesykepleier og jordmor"	"Privat sektor og offentlige foretak"	0	0	0	0	0	0	0	0	0	0	0	0	0	0	0	0	0
"Sysselsatte"	"K.4651 Stryn"	"Helsesykepleier og jordmor"	"Uoppgitt"	0	0	0	0	0	0	0	0	0	0	0	0	0	0	0	0	0
"Sysselsatte"	"K.1505 Kristiansund"	"Helsesykepleier og jordmor"	"Kommuneforvaltningen"	16	15	15	14	12	14	12	13	15	12	11	10	13	15	19	20	18
"Sysselsatte"	"K.1505 Kristiansund"	"Helsesykepleier og jordmor"	"Fylkeskommunal forvaltning"	0	0	0	0	0	0	0	0	0	0	0	0	0	0	0	0	0
"Sysselsatte"	"K.1505 Kristiansund"	"Helsesykepleier og jordmor"	"Statsforvaltningen"	20	20	18	21	20	19	22	23	22	20	19	19	18	15	20	11	10
"Sysselsatte"	"K.1505 Kristiansund"	"Helsesykepleier og jordmor"	"Privat sektor og offentlige foretak"	..	..	0	..	..	..	0	0	0	0	0	0	0	0	0	3	0
"Sysselsatte"	"K.1505 Kristiansund"	"Helsesykepleier og jordmor"	"Uoppgitt"	0	0	0	0	0	0	0	0	0	0	0	0	0	0	0	0	0
"Sysselsatte"	"K.1506 Molde"	"Helsesykepleier og jordmor"	"Kommuneforvaltningen"	..	..	..	..	..	..	..	6	6	9	3	6	27	25	33	31	33
"Sysselsatte"	"K.1506 Molde"	"Helsesykepleier og jordmor"	"Fylkeskommunal forvaltning"	0	0	0	0	0	0	0	0	0	0	0	0	0	0	0	0	0
"Sysselsatte"	"K.1506 Molde"	"Helsesykepleier og jordmor"	"Statsforvaltningen"	23	27	26	29	26	26	25	22	23	26	27	21	21	32	32	37	40
"Sysselsatte"	"K.1506 Molde"	"Helsesykepleier og jordmor"	"Privat sektor og offentlige foretak"	..	..	..	..	..	..	..	0	0	3	3	0	0	0	0	0	3
"Sysselsatte"	"K.1506 Molde"	"Helsesykepleier og jordmor"	"Uoppgitt"	0	0	0	0	0	0	0	0	0	0	0	0	0	0	0	0	0
"Sysselsatte"	"K.1508 Ålesund"	"Helsesykepleier og jordmor"	"Kommuneforvaltningen"	..	..	..	..	..	..	..	48	49	49	54	58	78	73	76	76	64
"Sysselsatte"	"K.1508 Ålesund"	"Helsesykepleier og jordmor"	"Fylkeskommunal forvaltning"	0	0	0	0	0	0	0	0	0	0	0	0	0	0	0	0	0
"Sysselsatte"	"K.1508 Ålesund"	"Helsesykepleier og jordmor"	"Statsforvaltningen"	48	..	50	54	56	62	64	68	67	66	63	63	63	63	65	66	64
"Sysselsatte"	"K.1508 Ålesund"	"Helsesykepleier og jordmor"	"Privat sektor og offentlige foretak"	3	4	3	..	5	..	..	4	4	3	3	3	3	3	3	0	0
"Sysselsatte"	"K.1508 Ålesund"	"Helsesykepleier og jordmor"	"Uoppgitt"	0	0	0	0	0	0	0	0	0	0	0	0	0	0	0	0	0
"Sysselsatte"	"K.1511 Vanylven"	"Helsesykepleier og jordmor"	"Kommuneforvaltningen"	3	5	3	..	..	..	..	3	5	4	4	4	3	0	4	3	5
"Sysselsatte"	"K.1511 Vanylven"	"Helsesykepleier og jordmor"	"Fylkeskommunal forvaltning"	0	0	0	0	0	0	0	0	0	0	0	0	0	0	0	0	0
"Sysselsatte"	"K.1511 Vanylven"	"Helsesykepleier og jordmor"	"Statsforvaltningen"	0	0	0	0	..	..	0	0	0	0	0	0	0	0	0	0	0
"Sysselsatte"	"K.1511 Vanylven"	"Helsesykepleier og jordmor"	"Privat sektor og offentlige foretak"	0	0	0	..	0	0	0	0	0	0	0	0	0	0	0	0	0
"Sysselsatte"	"K.1511 Vanylven"	"Helsesykepleier og jordmor"	"Uoppgitt"	0	0	0	0	0	0	0	0	0	0	0	0	0	0	0	0	0
"Sysselsatte"	"K.1514 Sande (Møre og Romsdal)"	"Helsesykepleier og jordmor"	"Kommuneforvaltningen"	..	..	..	..	..	..	..	0	0	0	3	3	3	3	3	3	3
"Sysselsatte"	"K.1514 Sande (Møre og Romsdal)"	"Helsesykepleier og jordmor"	"Fylkeskommunal forvaltning"	0	0	0	0	0	0	0	0	0	0	0	0	0	0	0	0	0
"Sysselsatte"	"K.1514 Sande (Møre og Romsdal)"	"Helsesykepleier og jordmor"	"Statsforvaltningen"	0	0	0	0	0	0	0	0	0	0	0	0	0	0	0	0	0
"Sysselsatte"	"K.1514 Sande (Møre og Romsdal)"	"Helsesykepleier og jordmor"	"Privat sektor og offentlige foretak"	0	0	0	0	0	0	..	0	0	0	0	0	0	0	0	0	0
"Sysselsatte"	"K.1514 Sande (Møre og Romsdal)"	"Helsesykepleier og jordmor"	"Uoppgitt"	0	0	0	0	0	0	0	0	0	0	0	0	0	0	0	0	0
"Sysselsatte"	"K.1515 Herøy (Møre og Romsdal)"	"Helsesykepleier og jordmor"	"Kommuneforvaltningen"	6	7	7	7	5	6	8	7	6	9	9	8	8	11	8	8	8
"Sysselsatte"	"K.1515 Herøy (Møre og Romsdal)"	"Helsesykepleier og jordmor"	"Fylkeskommunal forvaltning"	0	0	0	0	0	0	0	0	0	0	0	0	0	0	0	0	0
"Sysselsatte"	"K.1515 Herøy (Møre og Romsdal)"	"Helsesykepleier og jordmor"	"Statsforvaltningen"	0	0	0	0	0	0	0	0	0	0	0	0	0	0	0	0	0
"Sysselsatte"	"K.1515 Herøy (Møre og Romsdal)"	"Helsesykepleier og jordmor"	"Privat sektor og offentlige foretak"	0	0	0	0	0	0	0	0	0	0	0	3	0	0	0	0	0
"Sysselsatte"	"K.1515 Herøy (Møre og Romsdal)"	"Helsesykepleier og jordmor"	"Uoppgitt"	0	0	0	0	0	0	0	0	0	0	0	0	0	0	0	0	0
"Sysselsatte"	"K.1516 Ulstein"	"Helsesykepleier og jordmor"	"Kommuneforvaltningen"	6	7	9	8	7	9	8	10	11	10	8	9	9	10	11	11	11
"Sysselsatte"	"K.1516 Ulstein"	"Helsesykepleier og jordmor"	"Fylkeskommunal forvaltning"	0	0	0	0	0	0	0	0	0	0	0	0	0	0	0	0	0
"Sysselsatte"	"K.1516 Ulstein"	"Helsesykepleier og jordmor"	"Statsforvaltningen"	0	0	0	0	0	0	0	0	0	0	0	0	0	0	0	3	0
"Sysselsatte"	"K.1516 Ulstein"	"Helsesykepleier og jordmor"	"Privat sektor og offentlige foretak"	0	0	..	..	..	..	..	0	0	0	0	0	0	0	0	0	0
"Sysselsatte"	"K.1516 Ulstein"	"Helsesykepleier og jordmor"	"Uoppgitt"	0	0	0	0	0	0	0	0	0	0	0	0	0	0	0	0	0
"Sysselsatte"	"K.1517 Hareid"	"Helsesykepleier og jordmor"	"Kommuneforvaltningen"	4	3	..	3	..	..	..	0	3	4	3	4	4	4	4	3	4
"Sysselsatte"	"K.1517 Hareid"	"Helsesykepleier og jordmor"	"Fylkeskommunal forvaltning"	0	0	0	0	0	0	0	0	0	0	0	0	0	0	0	0	0
"Sysselsatte"	"K.1517 Hareid"	"Helsesykepleier og jordmor"	"Statsforvaltningen"	0	0	0	0	0	0	0	0	0	0	3	3	3	3	0	0	0
"Sysselsatte"	"K.1517 Hareid"	"Helsesykepleier og jordmor"	"Privat sektor og offentlige foretak"	0	0	0	0	0	0	0	0	0	0	0	0	0	0	0	0	0
"Sysselsatte"	"K.1517 Hareid"	"Helsesykepleier og jordmor"	"Uoppgitt"	0	0	0	0	0	0	0	0	0	0	0	0	0	0	0	0	0
"Sysselsatte"	"K.1520 Ørsta"	"Helsesykepleier og jordmor"	"Kommuneforvaltningen"	7	7	6	9	8	9	9	10	9	11	12	17	16	17	17	17	12
"Sysselsatte"	"K.1520 Ørsta"	"Helsesykepleier og jordmor"	"Fylkeskommunal forvaltning"	..	0	0	0	0	0	0	0	0	0	0	0	0	0	0	0	0
"Sysselsatte"	"K.1520 Ørsta"	"Helsesykepleier og jordmor"	"Statsforvaltningen"	0	0	0	0	0	0	0	0	0	0	0	0	0	0	0	0	0
"Sysselsatte"	"K.1520 Ørsta"	"Helsesykepleier og jordmor"	"Privat sektor og offentlige foretak"	..	..	..	..	..	..	..	0	0	0	0	0	0	0	0	0	3
"Sysselsatte"	"K.1520 Ørsta"	"Helsesykepleier og jordmor"	"Uoppgitt"	0	0	0	0	0	0	0	0	0	0	0	0	0	0	0	0	0
"Sysselsatte"	"K.1525 Stranda"	"Helsesykepleier og jordmor"	"Kommuneforvaltningen"	3	3	3	3	3	3	3	5	3	3	3	3	3	4	4	3	4
"Sysselsatte"	"K.1525 Stranda"	"Helsesykepleier og jordmor"	"Fylkeskommunal forvaltning"	0	0	0	0	0	0	0	0	0	0	0	0	0	0	0	0	0
"Sysselsatte"	"K.1525 Stranda"	"Helsesykepleier og jordmor"	"Statsforvaltningen"	0	0	0	0	0	0	0	0	0	0	0	0	0	0	0	0	0
"Sysselsatte"	"K.1525 Stranda"	"Helsesykepleier og jordmor"	"Privat sektor og offentlige foretak"	..	0	..	..	..	..	..	0	0	0	0	0	0	0	0	0	0
"Sysselsatte"	"K.1525 Stranda"	"Helsesykepleier og jordmor"	"Uoppgitt"	0	0	0	0	0	0	0	0	0	0	0	0	0	0	0	0	0
"Sysselsatte"	"K.1528 Sykkylven"	"Helsesykepleier og jordmor"	"Kommuneforvaltningen"	6	9	7	8	7	6	10	7	7	11	12	8	11	12	8	8	8
"Sysselsatte"	"K.1528 Sykkylven"	"Helsesykepleier og jordmor"	"Fylkeskommunal forvaltning"	0	0	0	0	0	0	0	0	0	0	0	0	0	0	0	0	0
"Sysselsatte"	"K.1528 Sykkylven"	"Helsesykepleier og jordmor"	"Statsforvaltningen"	0	0	0	0	0	0	0	0	0	0	0	0	0	0	0	0	0
"Sysselsatte"	"K.1528 Sykkylven"	"Helsesykepleier og jordmor"	"Privat sektor og offentlige foretak"	0	0	0	0	0	0	0	0	0	0	0	0	0	0	0	0	0
"Sysselsatte"	"K.1528 Sykkylven"	"Helsesykepleier og jordmor"	"Uoppgitt"	0	0	0	0	0	0	0	0	0	0	0	0	0	0	0	0	0
"Sysselsatte"	"K.1531 Sula"	"Helsesykepleier og jordmor"	"Kommuneforvaltningen"	5	5	6	6	6	7	7	8	9	10	13	12	9	11	13	9	10
"Sysselsatte"	"K.1531 Sula"	"Helsesykepleier og jordmor"	"Fylkeskommunal forvaltning"	0	0	0	0	0	0	0	0	0	0	0	0	0	0	0	0	0
"Sysselsatte"	"K.1531 Sula"	"Helsesykepleier og jordmor"	"Statsforvaltningen"	0	0	0	0	0	0	0	0	0	0	0	0	0	0	0	0	0
"Sysselsatte"	"K.1531 Sula"	"Helsesykepleier og jordmor"	"Privat sektor og offentlige foretak"	0	0	0	0	0	0	0	0	0	0	3	0	0	0	0	0	0
"Sysselsatte"	"K.1531 Sula"	"Helsesykepleier og jordmor"	"Uoppgitt"	0	0	0	0	0	0	0	0	0	0	0	0	0	0	0	0	0
"Sysselsatte"	"K.1532 Giske"	"Helsesykepleier og jordmor"	"Kommuneforvaltningen"	5	6	7	6	6	7	7	9	10	10	10	10	11	11	12	13	10
"Sysselsatte"	"K.1532 Giske"	"Helsesykepleier og jordmor"	"Fylkeskommunal forvaltning"	0	0	0	0	0	0	0	0	0	0	0	0	0	0	0	0	0
"Sysselsatte"	"K.1532 Giske"	"Helsesykepleier og jordmor"	"Statsforvaltningen"	0	0	0	0	0	0	0	0	0	0	0	0	0	0	0	0	0
"Sysselsatte"	"K.1532 Giske"	"Helsesykepleier og jordmor"	"Privat sektor og offentlige foretak"	0	0	0	0	0	0	0	0	0	0	0	0	0	0	0	0	0
"Sysselsatte"	"K.1532 Giske"	"Helsesykepleier og jordmor"	"Uoppgitt"	0	0	0	0	0	0	0	0	0	0	0	0	0	0	0	0	0
"Sysselsatte"	"K.1535 Vestnes"	"Helsesykepleier og jordmor"	"Kommuneforvaltningen"	5	5	5	5	5	5	5	6	7	7	6	6	5	6	7	7	7
"Sysselsatte"	"K.1535 Vestnes"	"Helsesykepleier og jordmor"	"Fylkeskommunal forvaltning"	0	0	0	0	0	0	0	0	0	0	0	0	0	0	0	0	0
"Sysselsatte"	"K.1535 Vestnes"	"Helsesykepleier og jordmor"	"Statsforvaltningen"	0	0	0	0	0	0	0	0	0	0	0	0	0	0	0	0	0
"Sysselsatte"	"K.1535 Vestnes"	"Helsesykepleier og jordmor"	"Privat sektor og offentlige foretak"	0	0	0	0	0	0	0	0	0	0	0	0	0	0	0	0	0
"Sysselsatte"	"K.1535 Vestnes"	"Helsesykepleier og jordmor"	"Uoppgitt"	0	0	0	0	0	0	0	0	0	0	0	0	0	0	0	0	0
"Sysselsatte"	"K.1539 Rauma"	"Helsesykepleier og jordmor"	"Kommuneforvaltningen"	7	7	6	8	9	8	7	7	6	5	7	7	7	6	6	8	7
"Sysselsatte"	"K.1539 Rauma"	"Helsesykepleier og jordmor"	"Fylkeskommunal forvaltning"	0	0	0	0	0	0	0	0	0	0	0	0	0	0	0	0	0
"Sysselsatte"	"K.1539 Rauma"	"Helsesykepleier og jordmor"	"Statsforvaltningen"	0	0	0	0	0	0	0	0	0	0	0	0	0	0	0	0	0
"Sysselsatte"	"K.1539 Rauma"	"Helsesykepleier og jordmor"	"Privat sektor og offentlige foretak"	..	..	..	..	..	..	..	3	0	0	0	0	0	0	0	0	0
"Sysselsatte"	"K.1539 Rauma"	"Helsesykepleier og jordmor"	"Uoppgitt"	0	0	0	0	0	0	0	0	0	0	0	0	0	0	0	0	0
"Sysselsatte"	"K.1547 Aukra"	"Helsesykepleier og jordmor"	"Kommuneforvaltningen"	4	5	6	5	4	5	4	3	5	5	5	4	5	7	5	8	4
"Sysselsatte"	"K.1547 Aukra"	"Helsesykepleier og jordmor"	"Fylkeskommunal forvaltning"	0	0	0	0	0	0	0	0	0	0	0	0	0	0	0	0	0
"Sysselsatte"	"K.1547 Aukra"	"Helsesykepleier og jordmor"	"Statsforvaltningen"	0	0	0	0	0	0	0	0	0	0	0	0	0	0	0	0	0
"Sysselsatte"	"K.1547 Aukra"	"Helsesykepleier og jordmor"	"Privat sektor og offentlige foretak"	0	0	0	0	0	0	0	0	0	0	0	0	0	0	0	0	0
"Sysselsatte"	"K.1547 Aukra"	"Helsesykepleier og jordmor"	"Uoppgitt"	0	0	0	0	0	0	0	0	0	0	0	0	0	0	0	0	0
"Sysselsatte"	"K.1554 Averøy"	"Helsesykepleier og jordmor"	"Kommuneforvaltningen"	3	3	3	4	4	5	4	5	3	3	3	3	4	6	6	5	5
"Sysselsatte"	"K.1554 Averøy"	"Helsesykepleier og jordmor"	"Fylkeskommunal forvaltning"	0	0	0	0	0	0	0	0	0	0	0	0	0	0	0	0	0
"Sysselsatte"	"K.1554 Averøy"	"Helsesykepleier og jordmor"	"Statsforvaltningen"	0	0	0	0	0	0	0	0	0	0	0	0	0	0	0	0	0
"Sysselsatte"	"K.1554 Averøy"	"Helsesykepleier og jordmor"	"Privat sektor og offentlige foretak"	0	0	0	0	0	0	..	0	0	0	0	0	0	0	0	0	0
"Sysselsatte"	"K.1554 Averøy"	"Helsesykepleier og jordmor"	"Uoppgitt"	0	0	0	0	0	0	0	0	0	0	0	0	0	0	0	0	0
"Sysselsatte"	"K.1557 Gjemnes"	"Helsesykepleier og jordmor"	"Kommuneforvaltningen"	..	..	..	..	..	..	..	3	0	0	0	0	0	0	3	3	3
"Sysselsatte"	"K.1557 Gjemnes"	"Helsesykepleier og jordmor"	"Fylkeskommunal forvaltning"	0	0	0	0	0	0	0	0	0	0	0	0	0	0	0	0	0
"Sysselsatte"	"K.1557 Gjemnes"	"Helsesykepleier og jordmor"	"Statsforvaltningen"	0	0	0	0	0	0	0	0	0	0	0	0	0	0	0	0	0
"Sysselsatte"	"K.1557 Gjemnes"	"Helsesykepleier og jordmor"	"Privat sektor og offentlige foretak"	0	0	0	0	0	0	0	0	0	0	0	0	0	0	0	0	0
"Sysselsatte"	"K.1557 Gjemnes"	"Helsesykepleier og jordmor"	"Uoppgitt"	0	0	0	0	0	0	0	0	0	0	0	0	0	0	0	0	0
"Sysselsatte"	"K.1560 Tingvoll"	"Helsesykepleier og jordmor"	"Kommuneforvaltningen"	3	3	3	3	4	4	4	3	3	3	3	3	3	3	7	3	3
"Sysselsatte"	"K.1560 Tingvoll"	"Helsesykepleier og jordmor"	"Fylkeskommunal forvaltning"	0	0	0	0	0	0	0	0	0	0	0	0	0	0	0	0	0
"Sysselsatte"	"K.1560 Tingvoll"	"Helsesykepleier og jordmor"	"Statsforvaltningen"	0	0	0	0	0	0	0	0	0	0	0	0	0	0	0	0	0
"Sysselsatte"	"K.1560 Tingvoll"	"Helsesykepleier og jordmor"	"Privat sektor og offentlige foretak"	0	0	0	0	0	0	0	0	0	0	0	0	0	0	0	0	0
"Sysselsatte"	"K.1560 Tingvoll"	"Helsesykepleier og jordmor"	"Uoppgitt"	0	0	0	0	0	0	0	0	0	0	0	0	0	0	0	0	0
"Sysselsatte"	"K.1563 Sunndal"	"Helsesykepleier og jordmor"	"Kommuneforvaltningen"	6	6	6	5	4	8	8	9	9	7	7	6	5	5	6	6	6
"Sysselsatte"	"K.1563 Sunndal"	"Helsesykepleier og jordmor"	"Fylkeskommunal forvaltning"	0	0	0	0	0	0	0	0	0	0	0	0	0	0	0	0	0
"Sysselsatte"	"K.1563 Sunndal"	"Helsesykepleier og jordmor"	"Statsforvaltningen"	0	0	0	0	0	0	0	0	0	0	0	0	0	0	0	0	0
"Sysselsatte"	"K.1563 Sunndal"	"Helsesykepleier og jordmor"	"Privat sektor og offentlige foretak"	0	0	0	0	0	0	0	0	0	0	0	0	0	0	0	0	3
"Sysselsatte"	"K.1563 Sunndal"	"Helsesykepleier og jordmor"	"Uoppgitt"	0	0	0	0	0	0	0	0	0	0	0	0	0	0	0	0	0
"Sysselsatte"	"K.1566 Surnadal"	"Helsesykepleier og jordmor"	"Kommuneforvaltningen"	3	5	5	5	4	4	3	5	4	4	7	7	6	6	6	5	5
"Sysselsatte"	"K.1566 Surnadal"	"Helsesykepleier og jordmor"	"Fylkeskommunal forvaltning"	0	0	0	0	0	0	0	0	0	0	0	0	0	0	0	0	0
"Sysselsatte"	"K.1566 Surnadal"	"Helsesykepleier og jordmor"	"Statsforvaltningen"	0	0	0	0	0	0	0	0	0	0	0	0	0	0	0	0	0
"Sysselsatte"	"K.1566 Surnadal"	"Helsesykepleier og jordmor"	"Privat sektor og offentlige foretak"	0	0	0	0	0	0	0	0	0	0	0	0	0	0	0	0	0
"Sysselsatte"	"K.1566 Surnadal"	"Helsesykepleier og jordmor"	"Uoppgitt"	0	0	0	0	0	0	0	0	0	0	0	0	0	0	0	0	0
"Sysselsatte"	"K.1573 Smøla"	"Helsesykepleier og jordmor"	"Kommuneforvaltningen"	..	..	..	..	..	..	..	3	3	0	3	3	3	0	3	0	3
"Sysselsatte"	"K.1573 Smøla"	"Helsesykepleier og jordmor"	"Fylkeskommunal forvaltning"	0	0	0	0	0	0	0	0	0	0	0	0	0	0	0	0	0
"Sysselsatte"	"K.1573 Smøla"	"Helsesykepleier og jordmor"	"Statsforvaltningen"	0	0	0	0	0	0	0	0	0	0	0	0	0	0	0	0	0
"Sysselsatte"	"K.1573 Smøla"	"Helsesykepleier og jordmor"	"Privat sektor og offentlige foretak"	0	0	0	0	0	0	0	0	0	0	0	0	0	0	0	0	0
"Sysselsatte"	"K.1573 Smøla"	"Helsesykepleier og jordmor"	"Uoppgitt"	0	0	0	0	0	0	0	0	0	0	0	0	0	0	0	0	0
"Sysselsatte"	"K.1576 Aure"	"Helsesykepleier og jordmor"	"Kommuneforvaltningen"	3	..	3	3	3	3	..	0	3	3	3	4	4	4	5	4	4
"Sysselsatte"	"K.1576 Aure"	"Helsesykepleier og jordmor"	"Fylkeskommunal forvaltning"	0	0	0	0	0	0	0	0	0	0	0	0	0	0	0	0	0
"Sysselsatte"	"K.1576 Aure"	"Helsesykepleier og jordmor"	"Statsforvaltningen"	0	0	..	..	..	..	..	3	0	0	0	0	0	0	0	0	0
"Sysselsatte"	"K.1576 Aure"	"Helsesykepleier og jordmor"	"Privat sektor og offentlige foretak"	0	0	0	0	0	0	0	0	0	0	0	0	0	0	0	0	0
"Sysselsatte"	"K.1576 Aure"	"Helsesykepleier og jordmor"	"Uoppgitt"	0	0	0	0	0	0	0	0	0	0	0	0	0	0	0	0	0
"Sysselsatte"	"K.1577 Volda"	"Helsesykepleier og jordmor"	"Kommuneforvaltningen"	..	..	..	..	..	..	..	13	10	9	16	10	11	11	12	15	16
"Sysselsatte"	"K.1577 Volda"	"Helsesykepleier og jordmor"	"Fylkeskommunal forvaltning"	0	0	0	0	0	0	0	0	0	0	0	0	0	0	0	0	0
"Sysselsatte"	"K.1577 Volda"	"Helsesykepleier og jordmor"	"Statsforvaltningen"	19	18	20	20	19	19	21	20	22	22	19	21	17	20	21	24	23
"Sysselsatte"	"K.1577 Volda"	"Helsesykepleier og jordmor"	"Privat sektor og offentlige foretak"	..	..	0	..	0	0	0	0	0	0	0	0	0	0	0	0	0
"Sysselsatte"	"K.1577 Volda"	"Helsesykepleier og jordmor"	"Uoppgitt"	0	0	0	0	0	0	0	0	0	0	0	0	0	0	0	0	0
"Sysselsatte"	"K.1578 Fjord"	"Helsesykepleier og jordmor"	"Kommuneforvaltningen"	..	..	..	..	..	..	..	0	3	3	0	0	0	0	0	0	3
"Sysselsatte"	"K.1578 Fjord"	"Helsesykepleier og jordmor"	"Fylkeskommunal forvaltning"	0	0	0	0	0	0	0	0	0	0	0	0	0	0	0	0	0
"Sysselsatte"	"K.1578 Fjord"	"Helsesykepleier og jordmor"	"Statsforvaltningen"	0	0	0	0	0	0	0	0	0	0	0	0	0	0	0	0	0
"Sysselsatte"	"K.1578 Fjord"	"Helsesykepleier og jordmor"	"Privat sektor og offentlige foretak"	..	..	..	..	..	..	..	0	0	0	0	3	0	0	0	0	0
"Sysselsatte"	"K.1578 Fjord"	"Helsesykepleier og jordmor"	"Uoppgitt"	0	0	0	0	0	0	0	0	0	0	0	0	0	0	0	0	0
"Sysselsatte"	"K.1579 Hustadvika"	"Helsesykepleier og jordmor"	"Kommuneforvaltningen"	..	..	..	..	10	10	..	9	9	13	14	13	14	14	16	15	16
"Sysselsatte"	"K.1579 Hustadvika"	"Helsesykepleier og jordmor"	"Fylkeskommunal forvaltning"	0	0	0	0	0	0	0	0	0	0	0	0	0	0	0	0	0
"Sysselsatte"	"K.1579 Hustadvika"	"Helsesykepleier og jordmor"	"Statsforvaltningen"	0	0	0	0	0	0	0	0	0	0	0	0	0	0	0	0	0
"Sysselsatte"	"K.1579 Hustadvika"	"Helsesykepleier og jordmor"	"Privat sektor og offentlige foretak"	0	0	0	0	0	0	0	0	0	0	0	0	0	0	0	0	0
"Sysselsatte"	"K.1579 Hustadvika"	"Helsesykepleier og jordmor"	"Uoppgitt"	0	0	0	0	0	0	0	0	0	0	0	0	0	0	0	0	0
"Sysselsatte"	"K.1580 Haram"	"Helsesykepleier og jordmor"	"Kommuneforvaltningen"	6	7	5	8	7	7	6	8	8	9	9	10	0	0	0	0	8
"Sysselsatte"	"K.1580 Haram"	"Helsesykepleier og jordmor"	"Fylkeskommunal forvaltning"	0	0	0	0	0	0	0	0	0	0	0	0	0	0	0	0	0
"Sysselsatte"	"K.1580 Haram"	"Helsesykepleier og jordmor"	"Statsforvaltningen"	0	0	0	0	0	0	0	0	0	0	0	0	0	0	0	0	0
"Sysselsatte"	"K.1580 Haram"	"Helsesykepleier og jordmor"	"Privat sektor og offentlige foretak"	0	0	0	0	0	0	0	0	0	0	0	0	0	0	0	0	0
"Sysselsatte"	"K.1580 Haram"	"Helsesykepleier og jordmor"	"Uoppgitt"	0	0	0	0	0	0	0	0	0	0	0	0	0	0	0	0	0
"Sysselsatte"	"K.5001 Trondheim - Tråante"	"Helsesykepleier og jordmor"	"Kommuneforvaltningen"	113	119	114	122	115	129	130	135	132	155	163	178	186	198	202	201	198
"Sysselsatte"	"K.5001 Trondheim - Tråante"	"Helsesykepleier og jordmor"	"Fylkeskommunal forvaltning"	0	0	0	0	0	0	0	0	0	0	0	0	0	0	0	0	0
"Sysselsatte"	"K.5001 Trondheim - Tråante"	"Helsesykepleier og jordmor"	"Statsforvaltningen"	161	173	183	181	203	198	207	201	209	197	183	184	186	190	196	192	191
"Sysselsatte"	"K.5001 Trondheim - Tråante"	"Helsesykepleier og jordmor"	"Privat sektor og offentlige foretak"	..	13	13	11	16	13	15	18	21	22	20	24	21	20	23	21	19
"Sysselsatte"	"K.5001 Trondheim - Tråante"	"Helsesykepleier og jordmor"	"Uoppgitt"	0	0	0	0	0	0	0	0	0	0	0	0	0	0	0	0	0
"Sysselsatte"	"K.5006 Steinkjer"	"Helsesykepleier og jordmor"	"Kommuneforvaltningen"	..	..	..	..	..	..	..	17	16	16	19	22	21	22	24	20	19
"Sysselsatte"	"K.5006 Steinkjer"	"Helsesykepleier og jordmor"	"Fylkeskommunal forvaltning"	0	0	0	0	0	0	0	0	0	0	0	0	0	0	0	0	0
"Sysselsatte"	"K.5006 Steinkjer"	"Helsesykepleier og jordmor"	"Statsforvaltningen"	0	0	0	0	0	0	0	0	0	0	0	0	0	0	0	0	0
"Sysselsatte"	"K.5006 Steinkjer"	"Helsesykepleier og jordmor"	"Privat sektor og offentlige foretak"	..	0	..	..	..	..	..	3	0	0	0	0	0	0	0	0	0
"Sysselsatte"	"K.5006 Steinkjer"	"Helsesykepleier og jordmor"	"Uoppgitt"	0	0	0	0	0	0	0	0	0	0	0	0	0	0	0	0	0
"Sysselsatte"	"K.5007 Namsos - Nåavmesjenjaelmie"	"Helsesykepleier og jordmor"	"Kommuneforvaltningen"	..	..	..	..	..	..	..	9	13	15	14	12	12	14	12	17	12
"Sysselsatte"	"K.5007 Namsos - Nåavmesjenjaelmie"	"Helsesykepleier og jordmor"	"Fylkeskommunal forvaltning"	0	0	0	0	0	0	0	0	0	0	0	0	0	0	0	0	0
"Sysselsatte"	"K.5007 Namsos - Nåavmesjenjaelmie"	"Helsesykepleier og jordmor"	"Statsforvaltningen"	25	25	24	24	26	27	27	32	33	26	28	29	26	25	21	29	27
"Sysselsatte"	"K.5007 Namsos - Nåavmesjenjaelmie"	"Helsesykepleier og jordmor"	"Privat sektor og offentlige foretak"	0	0	0	0	0	0	0	0	0	0	0	3	0	0	0	0	0
"Sysselsatte"	"K.5007 Namsos - Nåavmesjenjaelmie"	"Helsesykepleier og jordmor"	"Uoppgitt"	0	0	0	0	0	0	0	0	0	0	0	0	0	0	0	0	0
"Sysselsatte"	"K.5014 Frøya"	"Helsesykepleier og jordmor"	"Kommuneforvaltningen"	3	3	..	..	..	..	..	0	0	3	3	3	5	4	4	6	8
"Sysselsatte"	"K.5014 Frøya"	"Helsesykepleier og jordmor"	"Fylkeskommunal forvaltning"	0	0	0	0	0	0	0	0	0	0	0	0	0	0	0	0	0
"Sysselsatte"	"K.5014 Frøya"	"Helsesykepleier og jordmor"	"Statsforvaltningen"	0	0	0	0	0	0	0	0	0	0	0	0	0	0	0	0	0
"Sysselsatte"	"K.5014 Frøya"	"Helsesykepleier og jordmor"	"Privat sektor og offentlige foretak"	0	..	0	0	0	0	0	0	0	0	0	0	0	0	0	0	0
"Sysselsatte"	"K.5014 Frøya"	"Helsesykepleier og jordmor"	"Uoppgitt"	0	0	0	0	0	0	0	0	0	0	0	0	0	0	0	0	0
"Sysselsatte"	"K.5020 Osen"	"Helsesykepleier og jordmor"	"Kommuneforvaltningen"	..	..	..	..	..	..	..	0	3	0	0	0	0	0	0	0	0
"Sysselsatte"	"K.5020 Osen"	"Helsesykepleier og jordmor"	"Fylkeskommunal forvaltning"	0	0	0	0	0	0	0	0	0	0	0	0	0	0	0	0	0
"Sysselsatte"	"K.5020 Osen"	"Helsesykepleier og jordmor"	"Statsforvaltningen"	0	0	0	0	0	0	0	0	0	0	0	0	0	0	0	0	0
"Sysselsatte"	"K.5020 Osen"	"Helsesykepleier og jordmor"	"Privat sektor og offentlige foretak"	0	0	0	0	0	0	0	0	0	0	0	0	0	0	0	0	0
"Sysselsatte"	"K.5020 Osen"	"Helsesykepleier og jordmor"	"Uoppgitt"	0	0	0	0	0	0	0	0	0	0	0	0	0	0	0	0	0
"Sysselsatte"	"K.5021 Oppdal"	"Helsesykepleier og jordmor"	"Kommuneforvaltningen"	6	7	7	8	8	9	10	11	12	11	10	10	12	11	14	10	11
"Sysselsatte"	"K.5021 Oppdal"	"Helsesykepleier og jordmor"	"Fylkeskommunal forvaltning"	0	0	0	0	0	0	0	0	0	0	0	0	0	0	0	0	0
"Sysselsatte"	"K.5021 Oppdal"	"Helsesykepleier og jordmor"	"Statsforvaltningen"	0	0	0	0	0	0	0	0	0	0	0	0	0	0	0	0	0
"Sysselsatte"	"K.5021 Oppdal"	"Helsesykepleier og jordmor"	"Privat sektor og offentlige foretak"	..	..	..	..	..	..	..	0	0	0	0	0	0	0	0	0	0
"Sysselsatte"	"K.5021 Oppdal"	"Helsesykepleier og jordmor"	"Uoppgitt"	0	0	0	0	0	0	0	0	0	0	0	0	0	0	0	0	0
"Sysselsatte"	"K.5022 Rennebu"	"Helsesykepleier og jordmor"	"Kommuneforvaltningen"	..	..	..	..	..	..	3	3	0	0	0	0	3	3	5	3	3
"Sysselsatte"	"K.5022 Rennebu"	"Helsesykepleier og jordmor"	"Fylkeskommunal forvaltning"	0	0	0	0	0	0	0	0	0	0	0	0	0	0	0	0	0
"Sysselsatte"	"K.5022 Rennebu"	"Helsesykepleier og jordmor"	"Statsforvaltningen"	0	0	0	0	0	0	0	0	0	0	0	0	0	0	0	0	0
"Sysselsatte"	"K.5022 Rennebu"	"Helsesykepleier og jordmor"	"Privat sektor og offentlige foretak"	0	0	0	0	0	0	0	0	0	0	0	0	0	0	0	0	0
"Sysselsatte"	"K.5022 Rennebu"	"Helsesykepleier og jordmor"	"Uoppgitt"	0	0	0	0	0	0	0	0	0	0	0	0	0	0	0	0	0
"Sysselsatte"	"K.5025 Røros - Rosse"	"Helsesykepleier og jordmor"	"Kommuneforvaltningen"	5	6	7	6	10	8	12	13	14	12	10	11	9	6	11	8	11
"Sysselsatte"	"K.5025 Røros - Rosse"	"Helsesykepleier og jordmor"	"Fylkeskommunal forvaltning"	0	0	0	0	0	0	0	0	0	0	0	0	0	0	0	0	0
"Sysselsatte"	"K.5025 Røros - Rosse"	"Helsesykepleier og jordmor"	"Statsforvaltningen"	0	0	0	0	0	0	0	0	0	0	0	0	0	0	0	0	0
"Sysselsatte"	"K.5025 Røros - Rosse"	"Helsesykepleier og jordmor"	"Privat sektor og offentlige foretak"	..	..	..	..	..	..	..	0	0	0	3	0	0	0	0	0	3
"Sysselsatte"	"K.5025 Røros - Rosse"	"Helsesykepleier og jordmor"	"Uoppgitt"	0	0	0	0	0	0	0	0	0	0	0	0	0	0	0	0	0
"Sysselsatte"	"K.5026 Holtålen"	"Helsesykepleier og jordmor"	"Kommuneforvaltningen"	0	..	..	..	..	..	..	3	0	3	3	0	3	3	3	3	0
"Sysselsatte"	"K.5026 Holtålen"	"Helsesykepleier og jordmor"	"Fylkeskommunal forvaltning"	0	0	0	0	0	0	0	0	0	0	0	0	0	0	0	0	0
"Sysselsatte"	"K.5026 Holtålen"	"Helsesykepleier og jordmor"	"Statsforvaltningen"	0	0	0	..	0	0	0	0	0	0	0	0	0	0	0	0	0
"Sysselsatte"	"K.5026 Holtålen"	"Helsesykepleier og jordmor"	"Privat sektor og offentlige foretak"	0	0	0	0	0	0	0	0	0	0	0	0	0	0	0	0	0
"Sysselsatte"	"K.5026 Holtålen"	"Helsesykepleier og jordmor"	"Uoppgitt"	0	0	0	0	0	0	0	0	0	0	0	0	0	0	0	0	0
"Sysselsatte"	"K.5027 Midtre Gauldal"	"Helsesykepleier og jordmor"	"Kommuneforvaltningen"	5	5	5	5	6	3	4	6	5	7	3	8	6	6	6	7	6
"Sysselsatte"	"K.5027 Midtre Gauldal"	"Helsesykepleier og jordmor"	"Fylkeskommunal forvaltning"	0	0	0	0	0	0	0	0	0	0	0	0	0	0	0	0	0
"Sysselsatte"	"K.5027 Midtre Gauldal"	"Helsesykepleier og jordmor"	"Statsforvaltningen"	0	0	0	0	0	0	0	0	0	0	0	0	0	0	0	0	0
"Sysselsatte"	"K.5027 Midtre Gauldal"	"Helsesykepleier og jordmor"	"Privat sektor og offentlige foretak"	0	..	0	..	..	..	..	3	0	0	0	0	0	3	3	0	0
"Sysselsatte"	"K.5027 Midtre Gauldal"	"Helsesykepleier og jordmor"	"Uoppgitt"	0	0	0	0	0	0	0	0	0	0	0	0	0	0	0	0	0
"Sysselsatte"	"K.5028 Melhus"	"Helsesykepleier og jordmor"	"Kommuneforvaltningen"	7	8	11	13	12	11	13	12	15	16	18	17	18	21	20	21	20
"Sysselsatte"	"K.5028 Melhus"	"Helsesykepleier og jordmor"	"Fylkeskommunal forvaltning"	0	0	0	0	0	0	0	0	0	0	0	0	0	0	0	0	0
"Sysselsatte"	"K.5028 Melhus"	"Helsesykepleier og jordmor"	"Statsforvaltningen"	0	0	0	0	0	0	0	0	0	0	0	0	0	0	0	0	0
"Sysselsatte"	"K.5028 Melhus"	"Helsesykepleier og jordmor"	"Privat sektor og offentlige foretak"	0	0	..	0	0	0	0	0	0	0	0	0	0	0	0	0	0
"Sysselsatte"	"K.5028 Melhus"	"Helsesykepleier og jordmor"	"Uoppgitt"	0	0	0	0	0	0	0	0	0	0	0	0	0	0	0	0	0
"Sysselsatte"	"K.5029 Skaun"	"Helsesykepleier og jordmor"	"Kommuneforvaltningen"	4	4	5	7	7	6	7	8	10	10	12	11	11	13	12	12	10
"Sysselsatte"	"K.5029 Skaun"	"Helsesykepleier og jordmor"	"Fylkeskommunal forvaltning"	0	0	0	0	0	0	0	0	0	0	0	0	0	0	0	0	0
"Sysselsatte"	"K.5029 Skaun"	"Helsesykepleier og jordmor"	"Statsforvaltningen"	0	0	0	0	0	0	0	0	0	0	0	0	0	0	0	0	0
"Sysselsatte"	"K.5029 Skaun"	"Helsesykepleier og jordmor"	"Privat sektor og offentlige foretak"	0	0	0	0	0	0	0	0	0	0	0	0	0	0	0	0	0
"Sysselsatte"	"K.5029 Skaun"	"Helsesykepleier og jordmor"	"Uoppgitt"	0	0	0	0	0	0	0	0	0	0	0	0	0	0	0	0	0
"Sysselsatte"	"K.5031 Malvik"	"Helsesykepleier og jordmor"	"Kommuneforvaltningen"	9	7	8	9	8	9	10	10	11	10	14	14	14	15	14	16	17
"Sysselsatte"	"K.5031 Malvik"	"Helsesykepleier og jordmor"	"Fylkeskommunal forvaltning"	0	0	0	0	0	0	0	0	0	0	0	0	0	0	0	0	0
"Sysselsatte"	"K.5031 Malvik"	"Helsesykepleier og jordmor"	"Statsforvaltningen"	0	0	0	0	0	0	0	0	0	0	0	0	0	0	0	0	0
"Sysselsatte"	"K.5031 Malvik"	"Helsesykepleier og jordmor"	"Privat sektor og offentlige foretak"	..	..	..	..	..	..	..	0	0	0	0	0	0	0	0	0	0
"Sysselsatte"	"K.5031 Malvik"	"Helsesykepleier og jordmor"	"Uoppgitt"	0	0	0	0	0	0	0	0	0	0	0	0	0	0	0	0	0
"Sysselsatte"	"K.5032 Selbu"	"Helsesykepleier og jordmor"	"Kommuneforvaltningen"	6	5	5	4	3	4	6	4	6	4	4	4	4	5	5	4	4
"Sysselsatte"	"K.5032 Selbu"	"Helsesykepleier og jordmor"	"Fylkeskommunal forvaltning"	0	0	0	0	0	0	0	0	0	0	0	0	0	0	0	0	0
"Sysselsatte"	"K.5032 Selbu"	"Helsesykepleier og jordmor"	"Statsforvaltningen"	0	0	0	0	0	0	0	0	0	0	0	0	0	0	0	0	0
"Sysselsatte"	"K.5032 Selbu"	"Helsesykepleier og jordmor"	"Privat sektor og offentlige foretak"	0	0	0	0	0	0	0	0	0	0	0	0	0	0	0	0	0
"Sysselsatte"	"K.5032 Selbu"	"Helsesykepleier og jordmor"	"Uoppgitt"	0	0	0	0	0	0	0	0	0	0	0	0	0	0	0	0	0
"Sysselsatte"	"K.5033 Tydal"	"Helsesykepleier og jordmor"	"Kommuneforvaltningen"	..	..	..	..	..	..	..	0	3	3	0	3	3	0	0	0	3
"Sysselsatte"	"K.5033 Tydal"	"Helsesykepleier og jordmor"	"Fylkeskommunal forvaltning"	0	0	0	0	0	0	0	0	0	0	0	0	0	0	0	0	0
"Sysselsatte"	"K.5033 Tydal"	"Helsesykepleier og jordmor"	"Statsforvaltningen"	0	0	0	0	0	0	0	0	0	0	0	0	0	0	0	0	0
"Sysselsatte"	"K.5033 Tydal"	"Helsesykepleier og jordmor"	"Privat sektor og offentlige foretak"	0	0	0	0	0	0	0	0	0	0	0	0	0	0	0	0	0
"Sysselsatte"	"K.5033 Tydal"	"Helsesykepleier og jordmor"	"Uoppgitt"	0	0	0	0	0	0	0	0	0	0	0	0	0	0	0	0	0
"Sysselsatte"	"K.5034 Meråker"	"Helsesykepleier og jordmor"	"Kommuneforvaltningen"	3	3	3	4	3	3	3	3	5	5	3	3	3	0	3	3	3
"Sysselsatte"	"K.5034 Meråker"	"Helsesykepleier og jordmor"	"Fylkeskommunal forvaltning"	0	0	0	0	0	0	0	0	0	0	0	0	0	0	0	0	0
"Sysselsatte"	"K.5034 Meråker"	"Helsesykepleier og jordmor"	"Statsforvaltningen"	0	0	0	0	0	0	0	0	0	0	0	0	0	0	0	0	0
"Sysselsatte"	"K.5034 Meråker"	"Helsesykepleier og jordmor"	"Privat sektor og offentlige foretak"	..	..	..	..	..	..	..	0	0	0	0	0	0	0	0	0	0
"Sysselsatte"	"K.5034 Meråker"	"Helsesykepleier og jordmor"	"Uoppgitt"	0	0	0	0	0	0	0	0	0	0	0	0	0	0	0	0	0
"Sysselsatte"	"K.5035 Stjørdal"	"Helsesykepleier og jordmor"	"Kommuneforvaltningen"	11	12	14	15	13	16	16	21	19	18	19	23	25	28	29	22	25
"Sysselsatte"	"K.5035 Stjørdal"	"Helsesykepleier og jordmor"	"Fylkeskommunal forvaltning"	0	0	0	0	0	0	0	0	0	0	0	0	0	0	0	0	0
"Sysselsatte"	"K.5035 Stjørdal"	"Helsesykepleier og jordmor"	"Statsforvaltningen"	4	4	4	4	4	3	3	3	4	3	0	0	0	0	3	0	0
"Sysselsatte"	"K.5035 Stjørdal"	"Helsesykepleier og jordmor"	"Privat sektor og offentlige foretak"	..	..	0	..	..	..	0	0	3	0	0	0	0	0	0	0	0
"Sysselsatte"	"K.5035 Stjørdal"	"Helsesykepleier og jordmor"	"Uoppgitt"	0	0	0	0	0	0	0	0	0	0	0	0	0	0	0	0	0
"Sysselsatte"	"K.5036 Frosta"	"Helsesykepleier og jordmor"	"Kommuneforvaltningen"	..	..	..	..	..	..	..	3	3	4	3	3	3	3	3	3	3
"Sysselsatte"	"K.5036 Frosta"	"Helsesykepleier og jordmor"	"Fylkeskommunal forvaltning"	0	0	0	0	0	0	0	0	0	0	0	0	0	0	0	0	0
"Sysselsatte"	"K.5036 Frosta"	"Helsesykepleier og jordmor"	"Statsforvaltningen"	0	0	0	0	0	0	0	0	0	0	0	0	0	0	0	0	0
"Sysselsatte"	"K.5036 Frosta"	"Helsesykepleier og jordmor"	"Privat sektor og offentlige foretak"	0	0	0	0	0	0	0	0	0	0	0	0	0	0	0	0	0
"Sysselsatte"	"K.5036 Frosta"	"Helsesykepleier og jordmor"	"Uoppgitt"	0	0	0	0	0	0	0	0	0	0	0	0	0	0	0	0	0
"Sysselsatte"	"K.5037 Levanger - Levangke"	"Helsesykepleier og jordmor"	"Kommuneforvaltningen"	14	14	16	17	18	19	20	20	24	25	22	23	26	28	25	27	21
"Sysselsatte"	"K.5037 Levanger - Levangke"	"Helsesykepleier og jordmor"	"Fylkeskommunal forvaltning"	0	0	0	0	0	0	0	0	0	0	0	0	0	0	0	0	0
"Sysselsatte"	"K.5037 Levanger - Levangke"	"Helsesykepleier og jordmor"	"Statsforvaltningen"	39	42	43	41	46	43	43	44	44	47	41	44	45	43	45	43	47
"Sysselsatte"	"K.5037 Levanger - Levangke"	"Helsesykepleier og jordmor"	"Privat sektor og offentlige foretak"	..	..	..	..	..	..	..	0	0	0	0	0	3	0	0	0	0
"Sysselsatte"	"K.5037 Levanger - Levangke"	"Helsesykepleier og jordmor"	"Uoppgitt"	0	0	0	0	0	0	0	0	0	0	0	0	0	0	0	0	0
"Sysselsatte"	"K.5038 Verdal"	"Helsesykepleier og jordmor"	"Kommuneforvaltningen"	9	12	11	14	15	16	15	13	13	11	14	12	10	15	15	14	18
"Sysselsatte"	"K.5038 Verdal"	"Helsesykepleier og jordmor"	"Fylkeskommunal forvaltning"	0	0	0	0	0	0	0	0	0	0	0	0	0	0	0	0	0
"Sysselsatte"	"K.5038 Verdal"	"Helsesykepleier og jordmor"	"Statsforvaltningen"	0	0	0	0	0	0	0	0	0	0	0	0	0	0	0	0	0
"Sysselsatte"	"K.5038 Verdal"	"Helsesykepleier og jordmor"	"Privat sektor og offentlige foretak"	0	0	0	0	0	..	0	0	0	0	3	0	3	0	3	0	0
"Sysselsatte"	"K.5038 Verdal"	"Helsesykepleier og jordmor"	"Uoppgitt"	0	0	0	0	0	0	0	0	0	0	0	0	0	0	0	0	0
"Sysselsatte"	"K.5041 Snåase - Snåsa"	"Helsesykepleier og jordmor"	"Kommuneforvaltningen"	..	..	..	..	..	..	3	0	0	0	0	0	0	0	3	0	3
"Sysselsatte"	"K.5041 Snåase - Snåsa"	"Helsesykepleier og jordmor"	"Fylkeskommunal forvaltning"	0	0	0	0	0	0	0	0	0	0	0	0	0	0	0	0	0
"Sysselsatte"	"K.5041 Snåase - Snåsa"	"Helsesykepleier og jordmor"	"Statsforvaltningen"	0	0	0	0	0	0	0	0	0	0	0	0	0	0	0	0	0
"Sysselsatte"	"K.5041 Snåase - Snåsa"	"Helsesykepleier og jordmor"	"Privat sektor og offentlige foretak"	..	0	..	..	0	0	0	0	0	0	0	0	0	0	0	0	0
"Sysselsatte"	"K.5041 Snåase - Snåsa"	"Helsesykepleier og jordmor"	"Uoppgitt"	0	0	0	0	0	0	0	0	0	0	0	0	0	0	0	0	0
"Sysselsatte"	"K.5042 Lierne"	"Helsesykepleier og jordmor"	"Kommuneforvaltningen"	..	..	..	..	3	3	..	3	3	0	3	0	3	3	3	3	3
"Sysselsatte"	"K.5042 Lierne"	"Helsesykepleier og jordmor"	"Fylkeskommunal forvaltning"	0	0	0	0	0	0	0	0	0	0	0	0	0	0	0	0	0
"Sysselsatte"	"K.5042 Lierne"	"Helsesykepleier og jordmor"	"Statsforvaltningen"	0	0	0	0	0	0	0	0	0	0	0	0	0	0	0	0	0
"Sysselsatte"	"K.5042 Lierne"	"Helsesykepleier og jordmor"	"Privat sektor og offentlige foretak"	0	0	0	0	0	0	0	0	0	0	0	0	0	0	0	0	0
"Sysselsatte"	"K.5042 Lierne"	"Helsesykepleier og jordmor"	"Uoppgitt"	0	0	0	0	0	0	0	0	0	0	0	0	0	0	0	0	0
"Sysselsatte"	"K.5043 Raarvihke - Røyrvik"	"Helsesykepleier og jordmor"	"Kommuneforvaltningen"	..	..	0	..	..	..	..	0	0	0	0	0	0	0	0	0	0
"Sysselsatte"	"K.5043 Raarvihke - Røyrvik"	"Helsesykepleier og jordmor"	"Fylkeskommunal forvaltning"	0	0	0	0	0	0	0	0	0	0	0	0	0	0	0	0	0
"Sysselsatte"	"K.5043 Raarvihke - Røyrvik"	"Helsesykepleier og jordmor"	"Statsforvaltningen"	0	0	0	0	0	0	0	0	0	0	0	0	0	0	0	0	0
"Sysselsatte"	"K.5043 Raarvihke - Røyrvik"	"Helsesykepleier og jordmor"	"Privat sektor og offentlige foretak"	0	0	0	0	0	0	0	0	0	0	0	0	0	0	0	0	0
"Sysselsatte"	"K.5043 Raarvihke - Røyrvik"	"Helsesykepleier og jordmor"	"Uoppgitt"	0	0	0	0	0	0	0	0	0	0	0	0	0	0	0	0	0
"Sysselsatte"	"K.5044 Namsskogan"	"Helsesykepleier og jordmor"	"Kommuneforvaltningen"	..	3	3	..	3	3	3	3	3	3	3	4	3	3	0	0	0
"Sysselsatte"	"K.5044 Namsskogan"	"Helsesykepleier og jordmor"	"Fylkeskommunal forvaltning"	0	0	0	0	0	0	0	0	0	0	0	0	0	0	0	0	0
"Sysselsatte"	"K.5044 Namsskogan"	"Helsesykepleier og jordmor"	"Statsforvaltningen"	0	0	0	0	0	0	0	0	0	0	0	0	0	0	0	0	0
"Sysselsatte"	"K.5044 Namsskogan"	"Helsesykepleier og jordmor"	"Privat sektor og offentlige foretak"	0	0	0	0	0	0	0	0	0	0	0	0	0	0	0	0	0
"Sysselsatte"	"K.5044 Namsskogan"	"Helsesykepleier og jordmor"	"Uoppgitt"	0	0	0	0	0	0	0	0	0	0	0	0	0	0	0	0	0
"Sysselsatte"	"K.5045 Grong"	"Helsesykepleier og jordmor"	"Kommuneforvaltningen"	..	..	..	5	3	4	3	3	0	6	3	3	4	3	3	3	3
"Sysselsatte"	"K.5045 Grong"	"Helsesykepleier og jordmor"	"Fylkeskommunal forvaltning"	0	0	0	0	0	0	0	0	0	0	0	0	0	0	0	0	0
"Sysselsatte"	"K.5045 Grong"	"Helsesykepleier og jordmor"	"Statsforvaltningen"	0	0	0	0	0	0	0	0	0	0	0	0	0	0	0	0	0
"Sysselsatte"	"K.5045 Grong"	"Helsesykepleier og jordmor"	"Privat sektor og offentlige foretak"	..	..	..	..	..	..	..	0	0	0	0	0	0	0	0	0	0
"Sysselsatte"	"K.5045 Grong"	"Helsesykepleier og jordmor"	"Uoppgitt"	0	0	0	0	0	0	0	0	0	0	0	0	0	0	0	0	0
"Sysselsatte"	"K.5046 Høylandet"	"Helsesykepleier og jordmor"	"Kommuneforvaltningen"	..	..	..	..	..	..	..	0	0	3	3	3	0	0	0	0	3
"Sysselsatte"	"K.5046 Høylandet"	"Helsesykepleier og jordmor"	"Fylkeskommunal forvaltning"	0	0	0	0	0	0	0	0	0	0	0	0	0	0	0	0	0
"Sysselsatte"	"K.5046 Høylandet"	"Helsesykepleier og jordmor"	"Statsforvaltningen"	0	0	0	0	0	0	0	0	0	0	0	0	0	0	0	0	0
"Sysselsatte"	"K.5046 Høylandet"	"Helsesykepleier og jordmor"	"Privat sektor og offentlige foretak"	0	0	0	0	0	0	0	0	0	0	0	0	0	0	0	0	0
"Sysselsatte"	"K.5046 Høylandet"	"Helsesykepleier og jordmor"	"Uoppgitt"	0	0	0	0	0	0	0	0	0	0	0	0	0	0	0	0	0
"Sysselsatte"	"K.5047 Overhalla"	"Helsesykepleier og jordmor"	"Kommuneforvaltningen"	..	..	..	..	..	..	..	3	3	0	3	3	3	3	0	0	0
"Sysselsatte"	"K.5047 Overhalla"	"Helsesykepleier og jordmor"	"Fylkeskommunal forvaltning"	0	0	0	0	0	0	0	0	0	0	0	0	0	0	0	0	0
"Sysselsatte"	"K.5047 Overhalla"	"Helsesykepleier og jordmor"	"Statsforvaltningen"	0	0	0	0	0	0	0	0	0	0	0	0	0	0	0	0	0
"Sysselsatte"	"K.5047 Overhalla"	"Helsesykepleier og jordmor"	"Privat sektor og offentlige foretak"	0	0	0	0	0	0	0	0	0	0	0	0	0	0	0	0	0
"Sysselsatte"	"K.5047 Overhalla"	"Helsesykepleier og jordmor"	"Uoppgitt"	0	0	0	0	0	0	0	0	0	0	0	0	0	0	0	0	0
"Sysselsatte"	"K.5049 Flatanger"	"Helsesykepleier og jordmor"	"Kommuneforvaltningen"	..	..	..	..	..	..	..	3	3	3	0	3	0	3	3	3	3
"Sysselsatte"	"K.5049 Flatanger"	"Helsesykepleier og jordmor"	"Fylkeskommunal forvaltning"	0	0	0	0	0	0	0	0	0	0	0	0	0	0	0	0	0
"Sysselsatte"	"K.5049 Flatanger"	"Helsesykepleier og jordmor"	"Statsforvaltningen"	0	0	0	0	0	0	0	0	0	0	0	0	0	0	0	0	0
"Sysselsatte"	"K.5049 Flatanger"	"Helsesykepleier og jordmor"	"Privat sektor og offentlige foretak"	0	0	0	0	0	0	0	0	0	0	0	0	0	0	0	0	0
"Sysselsatte"	"K.5049 Flatanger"	"Helsesykepleier og jordmor"	"Uoppgitt"	0	0	0	0	0	0	0	0	0	0	0	0	0	0	0	0	0
"Sysselsatte"	"K.5052 Leka"	"Helsesykepleier og jordmor"	"Kommuneforvaltningen"	..	..	..	..	..	0	0	0	3	0	0	0	0	0	0	0	0
"Sysselsatte"	"K.5052 Leka"	"Helsesykepleier og jordmor"	"Fylkeskommunal forvaltning"	0	0	0	0	0	0	0	0	0	0	0	0	0	0	0	0	0
"Sysselsatte"	"K.5052 Leka"	"Helsesykepleier og jordmor"	"Statsforvaltningen"	0	0	0	0	0	0	0	0	0	0	0	0	0	0	0	0	0
"Sysselsatte"	"K.5052 Leka"	"Helsesykepleier og jordmor"	"Privat sektor og offentlige foretak"	0	0	0	0	0	0	0	0	0	0	0	0	0	0	0	0	0
"Sysselsatte"	"K.5052 Leka"	"Helsesykepleier og jordmor"	"Uoppgitt"	0	0	0	0	0	0	0	0	0	0	0	0	0	0	0	0	0
"Sysselsatte"	"K.5053 Inderøy"	"Helsesykepleier og jordmor"	"Kommuneforvaltningen"	5	5	4	4	5	4	4	6	6	5	5	5	6	6	9	10	7
"Sysselsatte"	"K.5053 Inderøy"	"Helsesykepleier og jordmor"	"Fylkeskommunal forvaltning"	0	0	0	0	0	0	0	0	0	0	0	0	0	0	0	0	0
"Sysselsatte"	"K.5053 Inderøy"	"Helsesykepleier og jordmor"	"Statsforvaltningen"	0	0	0	0	0	0	0	0	0	0	0	0	0	0	0	0	0
"Sysselsatte"	"K.5053 Inderøy"	"Helsesykepleier og jordmor"	"Privat sektor og offentlige foretak"	0	0	0	0	0	0	0	0	0	0	0	0	0	0	0	0	0
"Sysselsatte"	"K.5053 Inderøy"	"Helsesykepleier og jordmor"	"Uoppgitt"	0	0	0	0	0	0	0	0	0	0	0	0	0	0	0	0	0
"Sysselsatte"	"K.5054 Indre Fosen"	"Helsesykepleier og jordmor"	"Kommuneforvaltningen"	13	11	12	11	10	10	11	11	11	11	10	9	11	15	15	12	10
"Sysselsatte"	"K.5054 Indre Fosen"	"Helsesykepleier og jordmor"	"Fylkeskommunal forvaltning"	0	0	0	0	0	0	0	0	0	0	0	0	0	0	0	0	0
"Sysselsatte"	"K.5054 Indre Fosen"	"Helsesykepleier og jordmor"	"Statsforvaltningen"	..	..	..	..	..	..	..	0	3	0	0	0	0	3	0	0	0
"Sysselsatte"	"K.5054 Indre Fosen"	"Helsesykepleier og jordmor"	"Privat sektor og offentlige foretak"	..	..	..	..	..	0	0	0	0	0	0	0	0	0	0	0	0
"Sysselsatte"	"K.5054 Indre Fosen"	"Helsesykepleier og jordmor"	"Uoppgitt"	0	0	0	0	0	0	0	0	0	0	0	0	0	0	0	0	0
"Sysselsatte"	"K.5055 Heim"	"Helsesykepleier og jordmor"	"Kommuneforvaltningen"	0	0	0	0	0	0	0	0	0	0	0	0	4	7	6	6	5
"Sysselsatte"	"K.5055 Heim"	"Helsesykepleier og jordmor"	"Fylkeskommunal forvaltning"	0	0	0	0	0	0	0	0	0	0	0	0	0	0	0	0	0
"Sysselsatte"	"K.5055 Heim"	"Helsesykepleier og jordmor"	"Statsforvaltningen"	0	0	0	0	0	0	0	0	0	0	0	0	0	0	0	0	0
"Sysselsatte"	"K.5055 Heim"	"Helsesykepleier og jordmor"	"Privat sektor og offentlige foretak"	0	0	0	0	0	0	0	0	0	0	0	0	0	0	0	0	0
"Sysselsatte"	"K.5055 Heim"	"Helsesykepleier og jordmor"	"Uoppgitt"	0	0	0	0	0	0	0	0	0	0	0	0	0	0	0	0	0
"Sysselsatte"	"K.5056 Hitra"	"Helsesykepleier og jordmor"	"Kommuneforvaltningen"	0	0	0	0	0	0	0	0	0	0	0	0	4	4	6	3	4
"Sysselsatte"	"K.5056 Hitra"	"Helsesykepleier og jordmor"	"Fylkeskommunal forvaltning"	0	0	0	0	0	0	0	0	0	0	0	0	0	0	0	0	0
"Sysselsatte"	"K.5056 Hitra"	"Helsesykepleier og jordmor"	"Statsforvaltningen"	0	0	0	0	0	0	0	0	0	0	0	0	0	0	0	0	0
"Sysselsatte"	"K.5056 Hitra"	"Helsesykepleier og jordmor"	"Privat sektor og offentlige foretak"	0	0	0	0	0	0	0	0	0	0	0	0	0	0	0	0	0
"Sysselsatte"	"K.5056 Hitra"	"Helsesykepleier og jordmor"	"Uoppgitt"	0	0	0	0	0	0	0	0	0	0	0	0	0	0	0	0	0
"Sysselsatte"	"K.5057 Ørland"	"Helsesykepleier og jordmor"	"Kommuneforvaltningen"	9	10	9	..	12	12	11	11	11	14	13	11	10	11	13	11	15
"Sysselsatte"	"K.5057 Ørland"	"Helsesykepleier og jordmor"	"Fylkeskommunal forvaltning"	0	0	0	0	0	0	0	0	0	0	0	0	0	0	0	0	0
"Sysselsatte"	"K.5057 Ørland"	"Helsesykepleier og jordmor"	"Statsforvaltningen"	0	0	0	0	0	0	0	0	0	0	0	0	0	0	0	0	0
"Sysselsatte"	"K.5057 Ørland"	"Helsesykepleier og jordmor"	"Privat sektor og offentlige foretak"	0	0	0	..	0	0	0	0	0	0	0	0	0	0	0	0	0
"Sysselsatte"	"K.5057 Ørland"	"Helsesykepleier og jordmor"	"Uoppgitt"	0	0	0	0	0	0	0	0	0	0	0	0	0	0	0	0	0
"Sysselsatte"	"K.5058 Åfjord"	"Helsesykepleier og jordmor"	"Kommuneforvaltningen"	..	..	..	..	..	4	..	4	6	4	4	7	7	8	8	8	6
"Sysselsatte"	"K.5058 Åfjord"	"Helsesykepleier og jordmor"	"Fylkeskommunal forvaltning"	0	0	0	0	0	0	0	0	0	0	0	0	0	0	0	0	0
"Sysselsatte"	"K.5058 Åfjord"	"Helsesykepleier og jordmor"	"Statsforvaltningen"	0	0	0	0	0	..	0	0	0	0	0	0	0	0	0	0	0
"Sysselsatte"	"K.5058 Åfjord"	"Helsesykepleier og jordmor"	"Privat sektor og offentlige foretak"	0	0	0	0	0	0	0	0	0	0	0	0	0	0	0	0	0
"Sysselsatte"	"K.5058 Åfjord"	"Helsesykepleier og jordmor"	"Uoppgitt"	0	0	0	0	0	0	0	0	0	0	0	0	0	0	0	0	0
"Sysselsatte"	"K.5059 Orkland"	"Helsesykepleier og jordmor"	"Kommuneforvaltningen"	0	0	0	0	0	0	0	0	0	0	0	0	17	19	17	16	15
"Sysselsatte"	"K.5059 Orkland"	"Helsesykepleier og jordmor"	"Fylkeskommunal forvaltning"	0	0	0	0	0	0	0	0	0	0	0	0	0	0	0	0	0
"Sysselsatte"	"K.5059 Orkland"	"Helsesykepleier og jordmor"	"Statsforvaltningen"	0	0	0	0	0	0	0	0	0	0	0	0	6	6	5	4	4
"Sysselsatte"	"K.5059 Orkland"	"Helsesykepleier og jordmor"	"Privat sektor og offentlige foretak"	0	0	0	0	0	0	0	0	0	0	0	0	0	0	0	0	0
"Sysselsatte"	"K.5059 Orkland"	"Helsesykepleier og jordmor"	"Uoppgitt"	0	0	0	0	0	0	0	0	0	0	0	0	0	0	0	0	0
"Sysselsatte"	"K.5060 Nærøysund"	"Helsesykepleier og jordmor"	"Kommuneforvaltningen"	7	8	8	8	8	10	9	8	8	8	10	12	12	11	11	11	9
"Sysselsatte"	"K.5060 Nærøysund"	"Helsesykepleier og jordmor"	"Fylkeskommunal forvaltning"	0	0	0	0	0	0	0	0	0	0	0	0	0	0	0	0	0
"Sysselsatte"	"K.5060 Nærøysund"	"Helsesykepleier og jordmor"	"Statsforvaltningen"	0	0	0	0	0	0	0	0	0	0	0	0	0	0	0	0	0
"Sysselsatte"	"K.5060 Nærøysund"	"Helsesykepleier og jordmor"	"Privat sektor og offentlige foretak"	0	..	..	0	0	0	0	0	0	0	0	0	0	0	0	0	0
"Sysselsatte"	"K.5060 Nærøysund"	"Helsesykepleier og jordmor"	"Uoppgitt"	0	0	0	0	0	0	0	0	0	0	0	0	0	0	0	0	0
"Sysselsatte"	"K.5061 Rindal"	"Helsesykepleier og jordmor"	"Kommuneforvaltningen"	..	3	3	..	3	..	..	0	0	0	3	3	3	3	3	3	3
"Sysselsatte"	"K.5061 Rindal"	"Helsesykepleier og jordmor"	"Fylkeskommunal forvaltning"	0	0	0	0	0	0	0	0	0	0	0	0	0	0	0	0	0
"Sysselsatte"	"K.5061 Rindal"	"Helsesykepleier og jordmor"	"Statsforvaltningen"	0	0	0	0	0	0	0	0	0	0	0	0	0	0	0	0	0
"Sysselsatte"	"K.5061 Rindal"	"Helsesykepleier og jordmor"	"Privat sektor og offentlige foretak"	0	0	0	0	0	0	0	0	0	0	0	0	0	0	0	0	0
"Sysselsatte"	"K.5061 Rindal"	"Helsesykepleier og jordmor"	"Uoppgitt"	0	0	0	0	0	0	0	0	0	0	0	0	0	0	0	0	0
"Sysselsatte"	"K.1804 Bodø"	"Helsesykepleier og jordmor"	"Kommuneforvaltningen"	36	44	44	44	45	44	45	43	45	49	51	54	51	50	56	49	51
"Sysselsatte"	"K.1804 Bodø"	"Helsesykepleier og jordmor"	"Fylkeskommunal forvaltning"	0	0	0	0	0	0	0	0	0	0	0	0	0	0	0	0	0
"Sysselsatte"	"K.1804 Bodø"	"Helsesykepleier og jordmor"	"Statsforvaltningen"	41	38	39	40	43	49	48	46	50	46	52	52	54	52	52	52	48
"Sysselsatte"	"K.1804 Bodø"	"Helsesykepleier og jordmor"	"Privat sektor og offentlige foretak"	..	..	..	3	3	4	3	5	3	6	3	0	3	3	3	3	0
"Sysselsatte"	"K.1804 Bodø"	"Helsesykepleier og jordmor"	"Uoppgitt"	0	0	0	0	0	0	0	0	0	0	0	0	0	0	0	0	0
"Sysselsatte"	"K.1806 Narvik"	"Helsesykepleier og jordmor"	"Kommuneforvaltningen"	0	0	0	0	0	0	0	0	0	0	0	0	17	17	18	18	17
"Sysselsatte"	"K.1806 Narvik"	"Helsesykepleier og jordmor"	"Fylkeskommunal forvaltning"	0	0	0	0	0	0	0	0	0	0	0	0	0	0	0	0	0
"Sysselsatte"	"K.1806 Narvik"	"Helsesykepleier og jordmor"	"Statsforvaltningen"	0	0	0	0	0	0	0	0	0	0	0	0	21	18	16	18	18
"Sysselsatte"	"K.1806 Narvik"	"Helsesykepleier og jordmor"	"Privat sektor og offentlige foretak"	0	0	0	0	0	0	0	0	0	0	0	0	0	0	0	0	0
"Sysselsatte"	"K.1806 Narvik"	"Helsesykepleier og jordmor"	"Uoppgitt"	0	0	0	0	0	0	0	0	0	0	0	0	0	0	0	0	0
"Sysselsatte"	"K.1811 Bindal"	"Helsesykepleier og jordmor"	"Kommuneforvaltningen"	3	3	..	3	..	..	..	0	3	3	0	3	3	0	3	0	0
"Sysselsatte"	"K.1811 Bindal"	"Helsesykepleier og jordmor"	"Fylkeskommunal forvaltning"	0	0	0	0	0	0	0	0	0	0	0	0	0	0	0	0	0
"Sysselsatte"	"K.1811 Bindal"	"Helsesykepleier og jordmor"	"Statsforvaltningen"	0	0	0	0	0	0	0	0	0	0	0	0	0	0	0	0	0
"Sysselsatte"	"K.1811 Bindal"	"Helsesykepleier og jordmor"	"Privat sektor og offentlige foretak"	0	0	0	0	0	0	0	0	0	0	0	0	0	0	0	0	0
"Sysselsatte"	"K.1811 Bindal"	"Helsesykepleier og jordmor"	"Uoppgitt"	0	0	0	0	0	0	0	0	0	0	0	0	0	0	0	0	0
"Sysselsatte"	"K.1812 Sømna"	"Helsesykepleier og jordmor"	"Kommuneforvaltningen"	3	4	3	3	..	3	3	3	3	3	3	3	0	0	0	3	3
"Sysselsatte"	"K.1812 Sømna"	"Helsesykepleier og jordmor"	"Fylkeskommunal forvaltning"	0	0	0	0	0	0	0	0	0	0	0	0	0	0	0	0	0
"Sysselsatte"	"K.1812 Sømna"	"Helsesykepleier og jordmor"	"Statsforvaltningen"	5	..	..	0	0	0	0	0	0	0	0	0	0	0	0	0	0
"Sysselsatte"	"K.1812 Sømna"	"Helsesykepleier og jordmor"	"Privat sektor og offentlige foretak"	0	0	0	0	0	0	..	0	0	0	0	0	0	0	0	0	0
"Sysselsatte"	"K.1812 Sømna"	"Helsesykepleier og jordmor"	"Uoppgitt"	0	0	0	0	0	0	0	0	0	0	0	0	0	0	0	0	0
"Sysselsatte"	"K.1813 Brønnøy"	"Helsesykepleier og jordmor"	"Kommuneforvaltningen"	7	7	6	6	6	6	6	7	7	7	6	7	7	7	11	5	7
"Sysselsatte"	"K.1813 Brønnøy"	"Helsesykepleier og jordmor"	"Fylkeskommunal forvaltning"	0	0	0	0	0	0	0	0	0	0	0	0	0	0	0	0	0
"Sysselsatte"	"K.1813 Brønnøy"	"Helsesykepleier og jordmor"	"Statsforvaltningen"	..	6	6	6	7	8	8	8	8	10	8	6	11	8	8	6	6
"Sysselsatte"	"K.1813 Brønnøy"	"Helsesykepleier og jordmor"	"Privat sektor og offentlige foretak"	0	0	..	..	..	..	..	0	0	0	0	0	0	0	0	0	0
"Sysselsatte"	"K.1813 Brønnøy"	"Helsesykepleier og jordmor"	"Uoppgitt"	0	0	0	0	0	0	0	0	0	0	0	0	0	0	0	0	0
"Sysselsatte"	"K.1815 Vega"	"Helsesykepleier og jordmor"	"Kommuneforvaltningen"	3	3	..	..	..	..	..	3	0	3	0	3	3	3	3	0	0
"Sysselsatte"	"K.1815 Vega"	"Helsesykepleier og jordmor"	"Fylkeskommunal forvaltning"	0	0	0	0	0	0	0	0	0	0	0	0	0	0	0	0	0
"Sysselsatte"	"K.1815 Vega"	"Helsesykepleier og jordmor"	"Statsforvaltningen"	0	0	0	0	0	0	0	0	0	0	0	0	0	0	0	0	0
"Sysselsatte"	"K.1815 Vega"	"Helsesykepleier og jordmor"	"Privat sektor og offentlige foretak"	0	0	0	0	0	0	0	0	0	0	0	0	0	0	0	0	0
"Sysselsatte"	"K.1815 Vega"	"Helsesykepleier og jordmor"	"Uoppgitt"	0	0	0	0	0	0	0	0	0	0	0	0	0	0	0	0	0
"Sysselsatte"	"K.1816 Vevelstad"	"Helsesykepleier og jordmor"	"Kommuneforvaltningen"	..	..	0	0	0	0	0	0	0	0	0	0	0	0	0	0	0
"Sysselsatte"	"K.1816 Vevelstad"	"Helsesykepleier og jordmor"	"Fylkeskommunal forvaltning"	0	0	0	0	0	0	0	0	0	0	0	0	0	0	0	0	0
"Sysselsatte"	"K.1816 Vevelstad"	"Helsesykepleier og jordmor"	"Statsforvaltningen"	0	0	0	0	0	0	0	0	0	0	0	0	0	0	0	0	0
"Sysselsatte"	"K.1816 Vevelstad"	"Helsesykepleier og jordmor"	"Privat sektor og offentlige foretak"	0	0	0	0	0	0	0	0	0	0	0	0	0	0	0	0	0
"Sysselsatte"	"K.1816 Vevelstad"	"Helsesykepleier og jordmor"	"Uoppgitt"	0	0	0	0	0	0	0	0	0	0	0	0	0	0	0	0	0
"Sysselsatte"	"K.1818 Herøy (Nordland)"	"Helsesykepleier og jordmor"	"Kommuneforvaltningen"	..	..	..	..	..	..	..	0	3	3	3	3	3	3	3	3	3
"Sysselsatte"	"K.1818 Herøy (Nordland)"	"Helsesykepleier og jordmor"	"Fylkeskommunal forvaltning"	0	0	0	0	0	0	0	0	0	0	0	0	0	0	0	0	0
"Sysselsatte"	"K.1818 Herøy (Nordland)"	"Helsesykepleier og jordmor"	"Statsforvaltningen"	0	0	0	0	0	0	0	0	0	0	0	0	0	0	0	0	0
"Sysselsatte"	"K.1818 Herøy (Nordland)"	"Helsesykepleier og jordmor"	"Privat sektor og offentlige foretak"	0	0	0	0	0	0	0	0	0	0	0	0	0	0	0	0	0
"Sysselsatte"	"K.1818 Herøy (Nordland)"	"Helsesykepleier og jordmor"	"Uoppgitt"	0	0	0	0	0	0	0	0	0	0	0	0	0	0	0	0	0
"Sysselsatte"	"K.1820 Alstahaug"	"Helsesykepleier og jordmor"	"Kommuneforvaltningen"	4	5	6	5	6	7	6	7	8	8	6	6	6	6	5	4	5
"Sysselsatte"	"K.1820 Alstahaug"	"Helsesykepleier og jordmor"	"Fylkeskommunal forvaltning"	0	0	0	0	0	0	0	0	0	0	0	0	0	0	0	0	0
"Sysselsatte"	"K.1820 Alstahaug"	"Helsesykepleier og jordmor"	"Statsforvaltningen"	16	17	17	18	20	17	15	14	17	17	22	23	23	26	27	24	25
"Sysselsatte"	"K.1820 Alstahaug"	"Helsesykepleier og jordmor"	"Privat sektor og offentlige foretak"	0	0	0	0	..	..	..	0	3	3	0	0	3	0	0	3	0
"Sysselsatte"	"K.1820 Alstahaug"	"Helsesykepleier og jordmor"	"Uoppgitt"	0	0	0	0	0	0	0	0	0	0	0	0	0	0	0	0	0
"Sysselsatte"	"K.1822 Leirfjord"	"Helsesykepleier og jordmor"	"Kommuneforvaltningen"	0	..	..	0	..	..	..	3	3	3	3	3	0	0	0	3	3
"Sysselsatte"	"K.1822 Leirfjord"	"Helsesykepleier og jordmor"	"Fylkeskommunal forvaltning"	0	0	0	0	0	0	0	0	0	0	0	0	0	0	0	0	0
"Sysselsatte"	"K.1822 Leirfjord"	"Helsesykepleier og jordmor"	"Statsforvaltningen"	0	0	0	0	0	0	0	0	0	0	0	0	0	0	0	0	0
"Sysselsatte"	"K.1822 Leirfjord"	"Helsesykepleier og jordmor"	"Privat sektor og offentlige foretak"	0	0	0	0	0	0	0	0	0	0	0	0	0	0	0	0	0
"Sysselsatte"	"K.1822 Leirfjord"	"Helsesykepleier og jordmor"	"Uoppgitt"	0	0	0	0	0	0	0	0	0	0	0	0	0	0	0	0	0
"Sysselsatte"	"K.1824 Vefsn"	"Helsesykepleier og jordmor"	"Kommuneforvaltningen"	13	15	15	15	13	10	11	10	11	10	13	12	13	10	11	11	18
"Sysselsatte"	"K.1824 Vefsn"	"Helsesykepleier og jordmor"	"Fylkeskommunal forvaltning"	0	0	0	0	0	0	0	0	0	0	0	0	0	0	0	0	0
"Sysselsatte"	"K.1824 Vefsn"	"Helsesykepleier og jordmor"	"Statsforvaltningen"	9	7	6	7	8	10	9	9	5	3	0	0	0	0	0	0	3
"Sysselsatte"	"K.1824 Vefsn"	"Helsesykepleier og jordmor"	"Privat sektor og offentlige foretak"	0	0	..	..	0	0	0	0	0	0	0	0	0	0	0	0	0
"Sysselsatte"	"K.1824 Vefsn"	"Helsesykepleier og jordmor"	"Uoppgitt"	0	0	0	0	0	0	0	0	0	0	0	0	0	0	0	0	0
"Sysselsatte"	"K.1825 Grane"	"Helsesykepleier og jordmor"	"Kommuneforvaltningen"	..	3	3	..	..	..	..	0	0	0	3	3	3	6	3	3	3
"Sysselsatte"	"K.1825 Grane"	"Helsesykepleier og jordmor"	"Fylkeskommunal forvaltning"	0	0	0	0	0	0	0	0	0	0	0	0	0	0	0	0	0
"Sysselsatte"	"K.1825 Grane"	"Helsesykepleier og jordmor"	"Statsforvaltningen"	0	0	0	0	0	0	0	0	0	0	0	0	0	0	0	0	0
"Sysselsatte"	"K.1825 Grane"	"Helsesykepleier og jordmor"	"Privat sektor og offentlige foretak"	0	0	0	0	0	0	0	0	0	0	0	0	0	0	0	0	0
"Sysselsatte"	"K.1825 Grane"	"Helsesykepleier og jordmor"	"Uoppgitt"	0	0	0	0	0	0	0	0	0	0	0	0	0	0	0	0	0
"Sysselsatte"	"K.1826 Aarborte - Hattfjelldal"	"Helsesykepleier og jordmor"	"Kommuneforvaltningen"	3	..	..	..	..	..	..	3	0	3	0	0	0	0	3	3	3
"Sysselsatte"	"K.1826 Aarborte - Hattfjelldal"	"Helsesykepleier og jordmor"	"Fylkeskommunal forvaltning"	0	0	0	0	0	0	0	0	0	0	0	0	0	0	0	0	0
"Sysselsatte"	"K.1826 Aarborte - Hattfjelldal"	"Helsesykepleier og jordmor"	"Statsforvaltningen"	0	0	0	0	0	0	0	0	0	0	0	0	0	0	0	0	0
"Sysselsatte"	"K.1826 Aarborte - Hattfjelldal"	"Helsesykepleier og jordmor"	"Privat sektor og offentlige foretak"	0	0	0	0	0	0	0	0	0	0	0	0	0	0	0	0	0
"Sysselsatte"	"K.1826 Aarborte - Hattfjelldal"	"Helsesykepleier og jordmor"	"Uoppgitt"	0	0	0	0	0	0	0	0	0	0	0	0	0	0	0	0	0
"Sysselsatte"	"K.1827 Dønna"	"Helsesykepleier og jordmor"	"Kommuneforvaltningen"	..	..	..	..	..	..	..	0	0	0	0	0	0	0	0	0	0
"Sysselsatte"	"K.1827 Dønna"	"Helsesykepleier og jordmor"	"Fylkeskommunal forvaltning"	0	0	0	0	0	0	0	0	0	0	0	0	0	0	0	0	0
"Sysselsatte"	"K.1827 Dønna"	"Helsesykepleier og jordmor"	"Statsforvaltningen"	0	0	0	0	0	0	0	0	0	0	0	0	0	0	0	0	0
"Sysselsatte"	"K.1827 Dønna"	"Helsesykepleier og jordmor"	"Privat sektor og offentlige foretak"	0	0	0	0	0	0	0	0	0	0	0	0	0	0	0	0	0
"Sysselsatte"	"K.1827 Dønna"	"Helsesykepleier og jordmor"	"Uoppgitt"	0	0	0	0	0	0	0	0	0	0	0	0	0	0	0	0	0
"Sysselsatte"	"K.1828 Nesna"	"Helsesykepleier og jordmor"	"Kommuneforvaltningen"	..	0	..	..	..	..	..	0	3	0	0	0	0	0	0	3	0
"Sysselsatte"	"K.1828 Nesna"	"Helsesykepleier og jordmor"	"Fylkeskommunal forvaltning"	0	0	0	0	0	0	0	0	0	0	0	0	0	0	0	0	0
"Sysselsatte"	"K.1828 Nesna"	"Helsesykepleier og jordmor"	"Statsforvaltningen"	0	0	0	0	0	0	0	0	0	0	0	0	0	0	0	0	0
"Sysselsatte"	"K.1828 Nesna"	"Helsesykepleier og jordmor"	"Privat sektor og offentlige foretak"	0	0	0	0	0	0	0	0	0	0	0	0	0	0	0	0	0
"Sysselsatte"	"K.1828 Nesna"	"Helsesykepleier og jordmor"	"Uoppgitt"	0	0	0	0	0	0	0	0	0	0	0	0	0	0	0	0	0
"Sysselsatte"	"K.1832 Hemnes"	"Helsesykepleier og jordmor"	"Kommuneforvaltningen"	3	3	4	4	3	4	4	3	3	0	3	5	5	6	4	5	5
"Sysselsatte"	"K.1832 Hemnes"	"Helsesykepleier og jordmor"	"Fylkeskommunal forvaltning"	0	0	0	0	0	0	0	0	0	0	0	0	0	0	0	0	0
"Sysselsatte"	"K.1832 Hemnes"	"Helsesykepleier og jordmor"	"Statsforvaltningen"	0	0	0	0	0	0	0	0	0	0	0	0	0	0	0	0	0
"Sysselsatte"	"K.1832 Hemnes"	"Helsesykepleier og jordmor"	"Privat sektor og offentlige foretak"	0	0	0	0	0	0	0	0	0	0	0	0	0	0	0	0	0
"Sysselsatte"	"K.1832 Hemnes"	"Helsesykepleier og jordmor"	"Uoppgitt"	0	0	0	0	0	0	0	0	0	0	0	0	0	0	0	0	0
"Sysselsatte"	"K.1833 Rana - Raane"	"Helsesykepleier og jordmor"	"Kommuneforvaltningen"	13	16	20	19	20	19	20	18	16	18	17	16	15	18	18	13	14
"Sysselsatte"	"K.1833 Rana - Raane"	"Helsesykepleier og jordmor"	"Fylkeskommunal forvaltning"	0	0	0	0	0	0	0	0	0	0	0	0	0	0	0	0	0
"Sysselsatte"	"K.1833 Rana - Raane"	"Helsesykepleier og jordmor"	"Statsforvaltningen"	12	15	15	15	15	18	19	19	19	23	20	20	22	20	19	17	19
"Sysselsatte"	"K.1833 Rana - Raane"	"Helsesykepleier og jordmor"	"Privat sektor og offentlige foretak"	0	0	0	0	0	0	0	0	0	3	3	0	0	0	0	0	0
"Sysselsatte"	"K.1833 Rana - Raane"	"Helsesykepleier og jordmor"	"Uoppgitt"	0	0	0	0	0	0	0	0	0	0	0	0	0	0	0	0	0
"Sysselsatte"	"K.1834 Lurøy"	"Helsesykepleier og jordmor"	"Kommuneforvaltningen"	..	..	..	..	4	3	..	3	3	3	3	0	3	0	3	0	0
"Sysselsatte"	"K.1834 Lurøy"	"Helsesykepleier og jordmor"	"Fylkeskommunal forvaltning"	0	0	0	0	0	0	0	0	0	0	0	0	0	0	0	0	0
"Sysselsatte"	"K.1834 Lurøy"	"Helsesykepleier og jordmor"	"Statsforvaltningen"	0	0	0	0	0	0	0	0	0	0	0	0	0	0	0	0	0
"Sysselsatte"	"K.1834 Lurøy"	"Helsesykepleier og jordmor"	"Privat sektor og offentlige foretak"	0	0	0	0	0	0	0	0	0	0	0	0	0	0	0	0	0
"Sysselsatte"	"K.1834 Lurøy"	"Helsesykepleier og jordmor"	"Uoppgitt"	0	0	0	0	0	0	0	0	0	0	0	0	0	0	0	0	0
"Sysselsatte"	"K.1835 Træna"	"Helsesykepleier og jordmor"	"Kommuneforvaltningen"	..	..	..	..	..	..	0	0	0	0	0	0	0	0	0	0	0
"Sysselsatte"	"K.1835 Træna"	"Helsesykepleier og jordmor"	"Fylkeskommunal forvaltning"	0	0	0	0	0	0	0	0	0	0	0	0	0	0	0	0	0
"Sysselsatte"	"K.1835 Træna"	"Helsesykepleier og jordmor"	"Statsforvaltningen"	0	0	0	0	0	0	0	0	0	0	0	0	0	0	0	0	0
"Sysselsatte"	"K.1835 Træna"	"Helsesykepleier og jordmor"	"Privat sektor og offentlige foretak"	0	0	0	0	0	0	0	0	0	0	0	0	0	0	0	0	0
"Sysselsatte"	"K.1835 Træna"	"Helsesykepleier og jordmor"	"Uoppgitt"	0	0	0	0	0	0	0	0	0	0	0	0	0	0	0	0	0
"Sysselsatte"	"K.1836 Rødøy"	"Helsesykepleier og jordmor"	"Kommuneforvaltningen"	..	0	..	..	..	..	..	0	0	0	3	0	0	3	3	0	3
"Sysselsatte"	"K.1836 Rødøy"	"Helsesykepleier og jordmor"	"Fylkeskommunal forvaltning"	0	0	0	0	0	0	0	0	0	0	0	0	0	0	0	0	0
"Sysselsatte"	"K.1836 Rødøy"	"Helsesykepleier og jordmor"	"Statsforvaltningen"	0	0	0	0	0	0	0	0	0	0	0	0	0	0	0	0	0
"Sysselsatte"	"K.1836 Rødøy"	"Helsesykepleier og jordmor"	"Privat sektor og offentlige foretak"	0	0	0	0	0	0	0	0	0	0	0	0	0	0	0	0	0
"Sysselsatte"	"K.1836 Rødøy"	"Helsesykepleier og jordmor"	"Uoppgitt"	0	0	0	0	0	0	0	0	0	0	0	0	0	0	0	0	0
"Sysselsatte"	"K.1837 Meløy"	"Helsesykepleier og jordmor"	"Kommuneforvaltningen"	8	8	7	7	8	10	10	7	10	9	8	8	11	11	7	7	4
"Sysselsatte"	"K.1837 Meløy"	"Helsesykepleier og jordmor"	"Fylkeskommunal forvaltning"	0	0	0	0	0	0	0	0	0	0	0	0	0	0	0	0	0
"Sysselsatte"	"K.1837 Meløy"	"Helsesykepleier og jordmor"	"Statsforvaltningen"	0	0	0	0	0	0	0	0	0	0	0	0	0	0	0	0	0
"Sysselsatte"	"K.1837 Meløy"	"Helsesykepleier og jordmor"	"Privat sektor og offentlige foretak"	..	..	..	..	..	..	..	3	0	0	3	3	0	0	0	0	0
"Sysselsatte"	"K.1837 Meløy"	"Helsesykepleier og jordmor"	"Uoppgitt"	0	0	0	0	0	0	0	0	0	0	0	0	0	0	0	0	0
"Sysselsatte"	"K.1838 Gildeskål"	"Helsesykepleier og jordmor"	"Kommuneforvaltningen"	..	0	0	0	0	0	0	0	0	0	3	0	3	0	0	3	3
"Sysselsatte"	"K.1838 Gildeskål"	"Helsesykepleier og jordmor"	"Fylkeskommunal forvaltning"	0	0	0	0	0	0	0	0	0	0	0	0	0	0	0	0	0
"Sysselsatte"	"K.1838 Gildeskål"	"Helsesykepleier og jordmor"	"Statsforvaltningen"	0	0	0	0	0	0	0	0	0	0	0	0	0	0	0	0	0
"Sysselsatte"	"K.1838 Gildeskål"	"Helsesykepleier og jordmor"	"Privat sektor og offentlige foretak"	0	0	0	0	0	0	0	0	0	0	0	0	0	0	0	0	0
"Sysselsatte"	"K.1838 Gildeskål"	"Helsesykepleier og jordmor"	"Uoppgitt"	0	0	0	0	0	0	0	0	0	0	0	0	0	0	0	0	0
"Sysselsatte"	"K.1839 Beiarn"	"Helsesykepleier og jordmor"	"Kommuneforvaltningen"	..	..	..	..	..	..	..	3	0	0	0	3	0	0	0	0	0
"Sysselsatte"	"K.1839 Beiarn"	"Helsesykepleier og jordmor"	"Fylkeskommunal forvaltning"	0	0	0	0	0	0	0	0	0	0	0	0	0	0	0	0	0
"Sysselsatte"	"K.1839 Beiarn"	"Helsesykepleier og jordmor"	"Statsforvaltningen"	0	0	0	0	0	0	0	0	0	0	0	0	0	0	0	0	0
"Sysselsatte"	"K.1839 Beiarn"	"Helsesykepleier og jordmor"	"Privat sektor og offentlige foretak"	0	0	0	0	0	0	0	0	0	0	0	0	0	0	0	0	0
"Sysselsatte"	"K.1839 Beiarn"	"Helsesykepleier og jordmor"	"Uoppgitt"	0	0	0	0	0	0	0	0	0	0	0	0	0	0	0	0	0
"Sysselsatte"	"K.1840 Saltdal"	"Helsesykepleier og jordmor"	"Kommuneforvaltningen"	6	6	6	6	9	9	8	8	6	7	7	7	7	5	8	6	6
"Sysselsatte"	"K.1840 Saltdal"	"Helsesykepleier og jordmor"	"Fylkeskommunal forvaltning"	0	0	0	0	0	0	0	0	0	0	0	0	0	0	0	0	0
"Sysselsatte"	"K.1840 Saltdal"	"Helsesykepleier og jordmor"	"Statsforvaltningen"	0	0	0	0	0	0	0	0	0	0	0	0	0	0	0	0	0
"Sysselsatte"	"K.1840 Saltdal"	"Helsesykepleier og jordmor"	"Privat sektor og offentlige foretak"	0	0	0	0	0	0	0	0	0	0	0	0	0	0	0	0	0
"Sysselsatte"	"K.1840 Saltdal"	"Helsesykepleier og jordmor"	"Uoppgitt"	0	0	0	0	0	0	0	0	0	0	0	0	0	0	0	0	0
"Sysselsatte"	"K.1841 Fauske - Fuossko"	"Helsesykepleier og jordmor"	"Kommuneforvaltningen"	8	7	9	9	9	8	11	10	10	8	7	7	8	11	6	8	5
"Sysselsatte"	"K.1841 Fauske - Fuossko"	"Helsesykepleier og jordmor"	"Fylkeskommunal forvaltning"	0	0	0	0	0	0	0	0	0	0	0	0	0	0	0	0	0
"Sysselsatte"	"K.1841 Fauske - Fuossko"	"Helsesykepleier og jordmor"	"Statsforvaltningen"	0	0	0	0	0	0	0	0	0	0	0	0	0	0	0	0	0
"Sysselsatte"	"K.1841 Fauske - Fuossko"	"Helsesykepleier og jordmor"	"Privat sektor og offentlige foretak"	..	..	..	..	..	..	..	3	3	0	0	0	0	0	0	3	3
"Sysselsatte"	"K.1841 Fauske - Fuossko"	"Helsesykepleier og jordmor"	"Uoppgitt"	0	0	0	0	0	0	0	0	0	0	0	0	0	0	0	0	0
"Sysselsatte"	"K.1845 Sørfold - Fuolldá"	"Helsesykepleier og jordmor"	"Kommuneforvaltningen"	0	..	..	0	0	..	0	3	0	3	3	3	3	0	0	0	0
"Sysselsatte"	"K.1845 Sørfold - Fuolldá"	"Helsesykepleier og jordmor"	"Fylkeskommunal forvaltning"	0	0	0	0	0	0	0	0	0	0	0	0	0	0	0	0	0
"Sysselsatte"	"K.1845 Sørfold - Fuolldá"	"Helsesykepleier og jordmor"	"Statsforvaltningen"	0	0	0	0	0	0	0	0	0	0	0	0	0	0	0	0	0
"Sysselsatte"	"K.1845 Sørfold - Fuolldá"	"Helsesykepleier og jordmor"	"Privat sektor og offentlige foretak"	0	0	0	0	0	0	0	0	0	0	0	0	0	0	0	0	0
"Sysselsatte"	"K.1845 Sørfold - Fuolldá"	"Helsesykepleier og jordmor"	"Uoppgitt"	0	0	0	0	0	0	0	0	0	0	0	0	0	0	0	0	0
"Sysselsatte"	"K.1848 Steigen"	"Helsesykepleier og jordmor"	"Kommuneforvaltningen"	6	6	5	6	6	5	4	4	7	6	6	4	7	7	6	6	6
"Sysselsatte"	"K.1848 Steigen"	"Helsesykepleier og jordmor"	"Fylkeskommunal forvaltning"	0	0	0	0	0	0	0	0	0	0	0	0	0	0	0	0	0
"Sysselsatte"	"K.1848 Steigen"	"Helsesykepleier og jordmor"	"Statsforvaltningen"	0	0	0	0	0	0	0	0	0	0	0	0	0	0	0	0	0
"Sysselsatte"	"K.1848 Steigen"	"Helsesykepleier og jordmor"	"Privat sektor og offentlige foretak"	0	0	0	0	0	0	0	0	0	0	0	3	0	0	0	0	0
"Sysselsatte"	"K.1848 Steigen"	"Helsesykepleier og jordmor"	"Uoppgitt"	0	0	0	0	0	0	0	0	0	0	0	0	0	0	0	0	0
"Sysselsatte"	"K.1851 Lødingen"	"Helsesykepleier og jordmor"	"Kommuneforvaltningen"	3	3	..	..	..	0	0	0	0	0	3	0	0	0	0	0	0
"Sysselsatte"	"K.1851 Lødingen"	"Helsesykepleier og jordmor"	"Fylkeskommunal forvaltning"	0	0	0	0	0	0	0	0	0	0	0	0	0	0	0	0	0
"Sysselsatte"	"K.1851 Lødingen"	"Helsesykepleier og jordmor"	"Statsforvaltningen"	0	0	0	0	0	0	0	0	0	0	0	0	0	0	0	0	0
"Sysselsatte"	"K.1851 Lødingen"	"Helsesykepleier og jordmor"	"Privat sektor og offentlige foretak"	..	0	0	0	0	0	0	0	0	0	0	0	0	0	0	0	0
"Sysselsatte"	"K.1851 Lødingen"	"Helsesykepleier og jordmor"	"Uoppgitt"	0	0	0	0	0	0	0	0	0	0	0	0	0	0	0	0	0
"Sysselsatte"	"K.1853 Evenes - Evenássi"	"Helsesykepleier og jordmor"	"Kommuneforvaltningen"	..	..	..	..	..	..	..	3	3	3	3	0	0	3	0	3	0
"Sysselsatte"	"K.1853 Evenes - Evenássi"	"Helsesykepleier og jordmor"	"Fylkeskommunal forvaltning"	0	0	0	0	0	0	0	0	0	0	0	0	0	0	0	0	0
"Sysselsatte"	"K.1853 Evenes - Evenássi"	"Helsesykepleier og jordmor"	"Statsforvaltningen"	0	0	0	0	0	0	0	0	0	0	0	0	0	0	0	0	0
"Sysselsatte"	"K.1853 Evenes - Evenássi"	"Helsesykepleier og jordmor"	"Privat sektor og offentlige foretak"	0	0	0	0	0	0	0	0	0	0	0	0	0	0	0	0	0
"Sysselsatte"	"K.1853 Evenes - Evenássi"	"Helsesykepleier og jordmor"	"Uoppgitt"	0	0	0	0	0	0	0	0	0	0	0	0	0	0	0	0	0
"Sysselsatte"	"K.1856 Røst"	"Helsesykepleier og jordmor"	"Kommuneforvaltningen"	..	..	..	..	0	0	0	0	0	0	0	0	0	3	0	0	0
"Sysselsatte"	"K.1856 Røst"	"Helsesykepleier og jordmor"	"Fylkeskommunal forvaltning"	0	0	0	0	0	0	0	0	0	0	0	0	0	0	0	0	0
"Sysselsatte"	"K.1856 Røst"	"Helsesykepleier og jordmor"	"Statsforvaltningen"	0	0	0	0	0	0	0	0	0	0	0	0	0	0	0	0	0
"Sysselsatte"	"K.1856 Røst"	"Helsesykepleier og jordmor"	"Privat sektor og offentlige foretak"	0	0	0	0	0	0	0	0	0	0	0	0	0	0	0	0	0
"Sysselsatte"	"K.1856 Røst"	"Helsesykepleier og jordmor"	"Uoppgitt"	0	0	0	0	0	0	0	0	0	0	0	0	0	0	0	0	0
"Sysselsatte"	"K.1857 Værøy"	"Helsesykepleier og jordmor"	"Kommuneforvaltningen"	0	0	0	..	0	0	0	0	0	0	0	0	0	0	0	0	0
"Sysselsatte"	"K.1857 Værøy"	"Helsesykepleier og jordmor"	"Fylkeskommunal forvaltning"	0	0	0	0	0	0	0	0	0	0	0	0	0	0	0	0	0
"Sysselsatte"	"K.1857 Værøy"	"Helsesykepleier og jordmor"	"Statsforvaltningen"	0	0	0	0	0	0	0	0	0	0	0	0	0	0	0	0	0
"Sysselsatte"	"K.1857 Værøy"	"Helsesykepleier og jordmor"	"Privat sektor og offentlige foretak"	0	0	0	0	0	0	0	0	0	0	0	0	0	0	0	0	0
"Sysselsatte"	"K.1857 Værøy"	"Helsesykepleier og jordmor"	"Uoppgitt"	0	0	0	0	0	0	0	0	0	0	0	0	0	0	0	0	0
"Sysselsatte"	"K.1859 Flakstad"	"Helsesykepleier og jordmor"	"Kommuneforvaltningen"	..	..	..	..	..	..	..	3	0	0	3	0	0	0	0	3	3
"Sysselsatte"	"K.1859 Flakstad"	"Helsesykepleier og jordmor"	"Fylkeskommunal forvaltning"	0	0	0	0	0	0	0	0	0	0	0	0	0	0	0	0	0
"Sysselsatte"	"K.1859 Flakstad"	"Helsesykepleier og jordmor"	"Statsforvaltningen"	0	0	0	0	0	0	0	0	0	0	0	0	0	0	0	0	0
"Sysselsatte"	"K.1859 Flakstad"	"Helsesykepleier og jordmor"	"Privat sektor og offentlige foretak"	0	0	0	0	0	0	0	0	0	0	0	0	0	0	0	0	0
"Sysselsatte"	"K.1859 Flakstad"	"Helsesykepleier og jordmor"	"Uoppgitt"	0	0	0	0	0	0	0	0	0	0	0	0	0	0	0	0	0
"Sysselsatte"	"K.1860 Vestvågøy"	"Helsesykepleier og jordmor"	"Kommuneforvaltningen"	12	13	13	12	15	15	15	18	16	12	13	13	13	14	13	10	8
"Sysselsatte"	"K.1860 Vestvågøy"	"Helsesykepleier og jordmor"	"Fylkeskommunal forvaltning"	0	0	0	0	0	0	0	0	0	0	0	0	0	0	0	0	0
"Sysselsatte"	"K.1860 Vestvågøy"	"Helsesykepleier og jordmor"	"Statsforvaltningen"	11	11	12	12	12	11	12	10	10	8	10	10	13	15	11	15	21
"Sysselsatte"	"K.1860 Vestvågøy"	"Helsesykepleier og jordmor"	"Privat sektor og offentlige foretak"	0	0	0	0	0	0	0	0	0	0	0	0	0	3	0	0	0
"Sysselsatte"	"K.1860 Vestvågøy"	"Helsesykepleier og jordmor"	"Uoppgitt"	0	0	0	0	0	0	0	0	0	0	0	0	0	0	0	0	0
"Sysselsatte"	"K.1865 Vågan"	"Helsesykepleier og jordmor"	"Kommuneforvaltningen"	4	5	6	7	9	8	8	9	9	8	7	6	4	5	6	5	9
"Sysselsatte"	"K.1865 Vågan"	"Helsesykepleier og jordmor"	"Fylkeskommunal forvaltning"	0	0	0	0	0	0	0	0	0	0	0	0	0	0	0	0	0
"Sysselsatte"	"K.1865 Vågan"	"Helsesykepleier og jordmor"	"Statsforvaltningen"	0	..	..	0	0	0	0	0	0	0	0	0	0	0	0	0	0
"Sysselsatte"	"K.1865 Vågan"	"Helsesykepleier og jordmor"	"Privat sektor og offentlige foretak"	..	..	..	..	0	0	0	0	0	0	0	3	0	0	0	0	0
"Sysselsatte"	"K.1865 Vågan"	"Helsesykepleier og jordmor"	"Uoppgitt"	0	0	0	0	0	0	0	0	0	0	0	0	0	0	0	0	0
"Sysselsatte"	"K.1866 Hadsel"	"Helsesykepleier og jordmor"	"Kommuneforvaltningen"	4	5	5	5	5	5	5	5	6	6	7	7	7	7	7	6	6
"Sysselsatte"	"K.1866 Hadsel"	"Helsesykepleier og jordmor"	"Fylkeskommunal forvaltning"	0	0	0	0	0	0	0	0	0	0	0	0	0	0	0	0	0
"Sysselsatte"	"K.1866 Hadsel"	"Helsesykepleier og jordmor"	"Statsforvaltningen"	13	12	11	13	12	15	17	17	17	18	20	18	21	19	17	23	20
"Sysselsatte"	"K.1866 Hadsel"	"Helsesykepleier og jordmor"	"Privat sektor og offentlige foretak"	0	0	0	0	0	0	0	0	0	0	0	0	0	0	0	0	0
"Sysselsatte"	"K.1866 Hadsel"	"Helsesykepleier og jordmor"	"Uoppgitt"	0	0	0	0	0	0	0	0	0	0	0	0	0	0	0	0	0
"Sysselsatte"	"K.1867 Bø"	"Helsesykepleier og jordmor"	"Kommuneforvaltningen"	3	3	..	..	..	..	..	3	0	0	0	0	3	0	0	3	3
"Sysselsatte"	"K.1867 Bø"	"Helsesykepleier og jordmor"	"Fylkeskommunal forvaltning"	0	0	0	0	0	0	0	0	0	0	0	0	0	0	0	0	0
"Sysselsatte"	"K.1867 Bø"	"Helsesykepleier og jordmor"	"Statsforvaltningen"	0	0	0	0	0	0	0	0	0	0	0	0	0	0	0	0	0
"Sysselsatte"	"K.1867 Bø"	"Helsesykepleier og jordmor"	"Privat sektor og offentlige foretak"	0	0	0	0	0	0	0	0	0	0	0	0	0	0	0	0	0
"Sysselsatte"	"K.1867 Bø"	"Helsesykepleier og jordmor"	"Uoppgitt"	0	0	0	0	0	0	0	0	0	0	0	0	0	0	0	0	0
"Sysselsatte"	"K.1868 Øksnes"	"Helsesykepleier og jordmor"	"Kommuneforvaltningen"	5	4	3	3	4	4	3	3	4	3	0	3	3	3	3	3	3
"Sysselsatte"	"K.1868 Øksnes"	"Helsesykepleier og jordmor"	"Fylkeskommunal forvaltning"	0	0	0	0	0	0	0	0	0	0	0	0	0	0	0	0	0
"Sysselsatte"	"K.1868 Øksnes"	"Helsesykepleier og jordmor"	"Statsforvaltningen"	0	0	0	0	0	0	0	0	0	0	0	0	0	0	0	0	0
"Sysselsatte"	"K.1868 Øksnes"	"Helsesykepleier og jordmor"	"Privat sektor og offentlige foretak"	0	..	..	..	..	0	0	0	0	0	0	0	0	0	0	0	0
"Sysselsatte"	"K.1868 Øksnes"	"Helsesykepleier og jordmor"	"Uoppgitt"	0	0	0	0	0	0	0	0	0	0	0	0	0	0	0	0	0
"Sysselsatte"	"K.1870 Sortland - Suortá"	"Helsesykepleier og jordmor"	"Kommuneforvaltningen"	8	8	8	7	8	8	8	8	7	6	8	7	6	8	11	11	10
"Sysselsatte"	"K.1870 Sortland - Suortá"	"Helsesykepleier og jordmor"	"Fylkeskommunal forvaltning"	0	0	0	0	0	0	0	0	0	0	0	0	0	0	0	0	0
"Sysselsatte"	"K.1870 Sortland - Suortá"	"Helsesykepleier og jordmor"	"Statsforvaltningen"	0	0	0	0	0	0	0	0	0	0	0	0	0	0	0	0	3
"Sysselsatte"	"K.1870 Sortland - Suortá"	"Helsesykepleier og jordmor"	"Privat sektor og offentlige foretak"	0	0	0	0	0	0	..	0	0	0	0	0	0	3	0	0	0
"Sysselsatte"	"K.1870 Sortland - Suortá"	"Helsesykepleier og jordmor"	"Uoppgitt"	0	0	0	0	0	0	0	0	0	0	0	0	0	0	0	0	0
"Sysselsatte"	"K.1871 Andøy"	"Helsesykepleier og jordmor"	"Kommuneforvaltningen"	4	5	5	5	5	5	5	5	6	5	4	5	6	5	4	4	4
"Sysselsatte"	"K.1871 Andøy"	"Helsesykepleier og jordmor"	"Fylkeskommunal forvaltning"	0	0	0	0	0	0	0	0	0	0	0	0	0	0	0	0	0
"Sysselsatte"	"K.1871 Andøy"	"Helsesykepleier og jordmor"	"Statsforvaltningen"	0	0	..	..	..	0	0	0	0	0	0	0	0	0	0	0	0
"Sysselsatte"	"K.1871 Andøy"	"Helsesykepleier og jordmor"	"Privat sektor og offentlige foretak"	0	0	..	0	0	0	0	0	0	0	0	0	0	0	0	0	0
"Sysselsatte"	"K.1871 Andøy"	"Helsesykepleier og jordmor"	"Uoppgitt"	0	0	0	0	0	0	0	0	0	0	0	0	0	0	0	0	0
"Sysselsatte"	"K.1874 Moskenes"	"Helsesykepleier og jordmor"	"Kommuneforvaltningen"	0	..	..	0	..	..	..	0	0	0	3	0	3	0	3	0	0
"Sysselsatte"	"K.1874 Moskenes"	"Helsesykepleier og jordmor"	"Fylkeskommunal forvaltning"	0	0	0	0	0	0	0	0	0	0	0	0	0	0	0	0	0
"Sysselsatte"	"K.1874 Moskenes"	"Helsesykepleier og jordmor"	"Statsforvaltningen"	0	..	..	0	0	0	0	0	3	0	0	0	0	0	0	0	0
"Sysselsatte"	"K.1874 Moskenes"	"Helsesykepleier og jordmor"	"Privat sektor og offentlige foretak"	0	0	0	0	0	0	0	0	0	0	0	0	0	0	0	0	0
"Sysselsatte"	"K.1874 Moskenes"	"Helsesykepleier og jordmor"	"Uoppgitt"	0	0	0	0	0	0	0	0	0	0	0	0	0	0	0	0	0
"Sysselsatte"	"K.1875 Hábmer - Hamarøy"	"Helsesykepleier og jordmor"	"Kommuneforvaltningen"	0	0	0	0	0	0	0	0	0	0	0	0	0	0	0	0	0
"Sysselsatte"	"K.1875 Hábmer - Hamarøy"	"Helsesykepleier og jordmor"	"Fylkeskommunal forvaltning"	0	0	0	0	0	0	0	0	0	0	0	0	0	0	0	0	0
"Sysselsatte"	"K.1875 Hábmer - Hamarøy"	"Helsesykepleier og jordmor"	"Statsforvaltningen"	0	0	0	0	0	0	0	0	0	0	0	0	0	3	0	0	0
"Sysselsatte"	"K.1875 Hábmer - Hamarøy"	"Helsesykepleier og jordmor"	"Privat sektor og offentlige foretak"	0	0	0	0	0	0	0	0	0	0	0	0	0	0	0	0	0
"Sysselsatte"	"K.1875 Hábmer - Hamarøy"	"Helsesykepleier og jordmor"	"Uoppgitt"	0	0	0	0	0	0	0	0	0	0	0	0	0	0	0	0	0
"Sysselsatte"	"K.5501 Tromsø"	"Helsesykepleier og jordmor"	"Kommuneforvaltningen"	63	56	60	59	64	61	58	60	64	62	63	63	59	70	71	66	62
"Sysselsatte"	"K.5501 Tromsø"	"Helsesykepleier og jordmor"	"Fylkeskommunal forvaltning"	0	0	0	0	0	0	0	0	0	0	0	0	0	0	0	0	0
"Sysselsatte"	"K.5501 Tromsø"	"Helsesykepleier og jordmor"	"Statsforvaltningen"	81	87	87	92	90	92	88	85	79	74	76	71	73	73	62	63	68
"Sysselsatte"	"K.5501 Tromsø"	"Helsesykepleier og jordmor"	"Privat sektor og offentlige foretak"	3	3	..	..	..	5	4	4	3	5	6	6	4	5	5	0	6
"Sysselsatte"	"K.5501 Tromsø"	"Helsesykepleier og jordmor"	"Uoppgitt"	0	0	0	0	0	0	0	0	0	0	0	0	0	0	0	0	0
"Sysselsatte"	"K.5503 Harstad - Hárstták"	"Helsesykepleier og jordmor"	"Kommuneforvaltningen"	..	..	..	..	22	20	21	20	18	18	17	19	20	27	22	21	19
"Sysselsatte"	"K.5503 Harstad - Hárstták"	"Helsesykepleier og jordmor"	"Fylkeskommunal forvaltning"	0	0	0	0	0	0	0	0	0	0	0	0	0	0	0	0	0
"Sysselsatte"	"K.5503 Harstad - Hárstták"	"Helsesykepleier og jordmor"	"Statsforvaltningen"	16	19	19	20	18	24	21	22	19	22	27	20	22	22	24	21	22
"Sysselsatte"	"K.5503 Harstad - Hárstták"	"Helsesykepleier og jordmor"	"Privat sektor og offentlige foretak"	5	5	5	5	5	5	5	5	4	4	3	4	3	3	3	0	0
"Sysselsatte"	"K.5503 Harstad - Hárstták"	"Helsesykepleier og jordmor"	"Uoppgitt"	0	0	0	0	0	0	0	0	0	0	0	0	0	0	0	0	0
"Sysselsatte"	"K.5510 Kvæfjord"	"Helsesykepleier og jordmor"	"Kommuneforvaltningen"	3	3	3	3	3	3	3	3	3	3	3	4	4	4	3	3	3
"Sysselsatte"	"K.5510 Kvæfjord"	"Helsesykepleier og jordmor"	"Fylkeskommunal forvaltning"	0	0	0	0	0	0	0	0	0	0	0	0	0	0	0	0	0
"Sysselsatte"	"K.5510 Kvæfjord"	"Helsesykepleier og jordmor"	"Statsforvaltningen"	0	0	0	0	0	0	0	0	0	0	0	0	0	0	0	0	0
"Sysselsatte"	"K.5510 Kvæfjord"	"Helsesykepleier og jordmor"	"Privat sektor og offentlige foretak"	0	0	0	0	0	0	0	0	0	0	0	0	0	0	0	0	0
"Sysselsatte"	"K.5510 Kvæfjord"	"Helsesykepleier og jordmor"	"Uoppgitt"	0	0	0	0	0	0	0	0	0	0	0	0	0	0	0	0	0
"Sysselsatte"	"K.5512 Dielddanuorri - Tjeldsund"	"Helsesykepleier og jordmor"	"Kommuneforvaltningen"	..	..	..	..	..	..	..	6	7	6	6	6	5	5	4	4	4
"Sysselsatte"	"K.5512 Dielddanuorri - Tjeldsund"	"Helsesykepleier og jordmor"	"Fylkeskommunal forvaltning"	0	0	0	0	0	0	0	0	0	0	0	0	0	0	0	0	0
"Sysselsatte"	"K.5512 Dielddanuorri - Tjeldsund"	"Helsesykepleier og jordmor"	"Statsforvaltningen"	0	0	0	0	0	0	0	0	0	0	0	0	0	0	0	0	0
"Sysselsatte"	"K.5512 Dielddanuorri - Tjeldsund"	"Helsesykepleier og jordmor"	"Privat sektor og offentlige foretak"	0	0	0	0	0	0	0	0	0	0	0	0	0	0	0	0	0
"Sysselsatte"	"K.5512 Dielddanuorri - Tjeldsund"	"Helsesykepleier og jordmor"	"Uoppgitt"	0	0	0	0	0	0	0	0	0	0	0	0	0	0	0	0	0
"Sysselsatte"	"K.5514 Ibestad"	"Helsesykepleier og jordmor"	"Kommuneforvaltningen"	..	0	0	0	..	..	..	0	0	3	3	3	3	0	3	0	0
"Sysselsatte"	"K.5514 Ibestad"	"Helsesykepleier og jordmor"	"Fylkeskommunal forvaltning"	0	0	0	0	0	0	0	0	0	0	0	0	0	0	0	0	0
"Sysselsatte"	"K.5514 Ibestad"	"Helsesykepleier og jordmor"	"Statsforvaltningen"	0	0	0	0	0	0	0	0	0	0	0	0	0	0	0	0	0
"Sysselsatte"	"K.5514 Ibestad"	"Helsesykepleier og jordmor"	"Privat sektor og offentlige foretak"	0	0	0	0	0	0	0	0	0	0	0	0	0	0	0	0	0
"Sysselsatte"	"K.5514 Ibestad"	"Helsesykepleier og jordmor"	"Uoppgitt"	0	0	0	0	0	0	0	0	0	0	0	0	0	0	0	0	0
"Sysselsatte"	"K.5516 Gratangen - Rivtták"	"Helsesykepleier og jordmor"	"Kommuneforvaltningen"	..	..	..	..	..	..	..	3	3	0	0	0	0	0	0	0	0
"Sysselsatte"	"K.5516 Gratangen - Rivtták"	"Helsesykepleier og jordmor"	"Fylkeskommunal forvaltning"	0	0	0	0	0	0	0	0	0	0	0	0	0	0	0	0	0
"Sysselsatte"	"K.5516 Gratangen - Rivtták"	"Helsesykepleier og jordmor"	"Statsforvaltningen"	0	0	0	0	0	0	0	0	0	0	0	0	0	0	0	0	0
"Sysselsatte"	"K.5516 Gratangen - Rivtták"	"Helsesykepleier og jordmor"	"Privat sektor og offentlige foretak"	0	..	..	..	..	..	..	0	0	0	3	3	0	0	0	0	0
"Sysselsatte"	"K.5516 Gratangen - Rivtták"	"Helsesykepleier og jordmor"	"Uoppgitt"	0	0	0	0	0	0	0	0	0	0	0	0	0	0	0	0	0
"Sysselsatte"	"K.5518 Loabák - Lavangen"	"Helsesykepleier og jordmor"	"Kommuneforvaltningen"	..	..	0	0	..	0	0	0	0	0	0	0	0	0	0	0	0
"Sysselsatte"	"K.5518 Loabák - Lavangen"	"Helsesykepleier og jordmor"	"Fylkeskommunal forvaltning"	0	0	0	0	0	0	0	0	0	0	0	0	0	0	0	0	0
"Sysselsatte"	"K.5518 Loabák - Lavangen"	"Helsesykepleier og jordmor"	"Statsforvaltningen"	0	0	0	0	0	0	0	0	0	0	0	0	0	0	0	0	0
"Sysselsatte"	"K.5518 Loabák - Lavangen"	"Helsesykepleier og jordmor"	"Privat sektor og offentlige foretak"	0	0	0	0	0	0	0	0	0	0	0	0	0	0	0	0	0
"Sysselsatte"	"K.5518 Loabák - Lavangen"	"Helsesykepleier og jordmor"	"Uoppgitt"	0	0	0	0	0	0	0	0	0	0	0	0	0	0	0	0	0
"Sysselsatte"	"K.5520 Bardu"	"Helsesykepleier og jordmor"	"Kommuneforvaltningen"	6	4	5	5	4	4	5	4	4	6	4	5	4	4	4	4	4
"Sysselsatte"	"K.5520 Bardu"	"Helsesykepleier og jordmor"	"Fylkeskommunal forvaltning"	0	0	0	0	0	0	0	0	0	0	0	0	0	0	0	0	0
"Sysselsatte"	"K.5520 Bardu"	"Helsesykepleier og jordmor"	"Statsforvaltningen"	0	0	0	0	0	0	0	0	0	0	0	0	0	0	0	0	0
"Sysselsatte"	"K.5520 Bardu"	"Helsesykepleier og jordmor"	"Privat sektor og offentlige foretak"	..	..	..	..	0	0	0	0	0	0	0	0	0	0	0	0	0
"Sysselsatte"	"K.5520 Bardu"	"Helsesykepleier og jordmor"	"Uoppgitt"	0	0	0	0	0	0	0	0	0	0	0	0	0	0	0	0	0
"Sysselsatte"	"K.5522 Salangen"	"Helsesykepleier og jordmor"	"Kommuneforvaltningen"	3	3	..	..	4	5	5	5	5	3	0	3	3	3	3	3	3
"Sysselsatte"	"K.5522 Salangen"	"Helsesykepleier og jordmor"	"Fylkeskommunal forvaltning"	0	0	0	0	0	0	0	0	0	0	0	0	0	0	0	0	0
"Sysselsatte"	"K.5522 Salangen"	"Helsesykepleier og jordmor"	"Statsforvaltningen"	0	0	0	0	0	0	0	0	0	0	0	0	0	0	0	0	0
"Sysselsatte"	"K.5522 Salangen"	"Helsesykepleier og jordmor"	"Privat sektor og offentlige foretak"	0	0	0	0	0	0	0	0	0	0	0	0	0	0	0	0	0
"Sysselsatte"	"K.5522 Salangen"	"Helsesykepleier og jordmor"	"Uoppgitt"	0	0	0	0	0	0	0	0	0	0	0	0	0	0	0	0	0
"Sysselsatte"	"K.5524 Målselv"	"Helsesykepleier og jordmor"	"Kommuneforvaltningen"	5	5	5	4	6	6	6	6	5	6	9	7	7	7	4	5	9
"Sysselsatte"	"K.5524 Målselv"	"Helsesykepleier og jordmor"	"Fylkeskommunal forvaltning"	0	0	0	0	0	0	0	0	0	0	0	0	0	0	0	0	0
"Sysselsatte"	"K.5524 Målselv"	"Helsesykepleier og jordmor"	"Statsforvaltningen"	0	0	0	0	0	0	0	0	0	0	0	0	0	0	0	0	0
"Sysselsatte"	"K.5524 Målselv"	"Helsesykepleier og jordmor"	"Privat sektor og offentlige foretak"	0	0	0	0	..	..	0	0	0	0	0	0	0	0	0	0	0
"Sysselsatte"	"K.5524 Målselv"	"Helsesykepleier og jordmor"	"Uoppgitt"	0	0	0	0	0	0	0	0	0	0	0	0	0	0	0	0	0
"Sysselsatte"	"K.5526 Sørreisa"	"Helsesykepleier og jordmor"	"Kommuneforvaltningen"	..	..	3	3	..	..	..	3	0	3	3	3	3	3	3	3	3
"Sysselsatte"	"K.5526 Sørreisa"	"Helsesykepleier og jordmor"	"Fylkeskommunal forvaltning"	0	0	0	0	0	0	0	0	0	0	0	0	0	0	0	0	0
"Sysselsatte"	"K.5526 Sørreisa"	"Helsesykepleier og jordmor"	"Statsforvaltningen"	0	0	0	0	0	0	0	0	0	0	0	0	0	0	0	0	0
"Sysselsatte"	"K.5526 Sørreisa"	"Helsesykepleier og jordmor"	"Privat sektor og offentlige foretak"	0	0	0	0	0	0	0	0	0	0	0	0	0	0	0	0	0
"Sysselsatte"	"K.5526 Sørreisa"	"Helsesykepleier og jordmor"	"Uoppgitt"	0	0	0	0	0	0	0	0	0	0	0	0	0	0	0	0	0
"Sysselsatte"	"K.5528 Dyrøy"	"Helsesykepleier og jordmor"	"Kommuneforvaltningen"	0	0	..	0	..	..	..	0	3	0	0	0	0	0	0	0	0
"Sysselsatte"	"K.5528 Dyrøy"	"Helsesykepleier og jordmor"	"Fylkeskommunal forvaltning"	0	0	0	0	0	0	0	0	0	0	0	0	0	0	0	0	0
"Sysselsatte"	"K.5528 Dyrøy"	"Helsesykepleier og jordmor"	"Statsforvaltningen"	0	0	0	0	0	0	0	0	0	0	0	0	0	0	0	0	0
"Sysselsatte"	"K.5528 Dyrøy"	"Helsesykepleier og jordmor"	"Privat sektor og offentlige foretak"	0	0	0	0	0	0	0	0	0	0	0	0	0	0	0	0	0
"Sysselsatte"	"K.5528 Dyrøy"	"Helsesykepleier og jordmor"	"Uoppgitt"	0	0	0	0	0	0	0	0	0	0	0	0	0	0	0	0	0
"Sysselsatte"	"K.5530 Senja"	"Helsesykepleier og jordmor"	"Kommuneforvaltningen"	..	..	..	..	..	..	..	22	22	21	20	17	18	16	19	14	20
"Sysselsatte"	"K.5530 Senja"	"Helsesykepleier og jordmor"	"Fylkeskommunal forvaltning"	0	0	0	0	0	0	0	0	0	0	0	0	0	0	0	0	0
"Sysselsatte"	"K.5530 Senja"	"Helsesykepleier og jordmor"	"Statsforvaltningen"	..	0	0	0	0	0	..	0	0	3	0	3	3	4	3	4	4
"Sysselsatte"	"K.5530 Senja"	"Helsesykepleier og jordmor"	"Privat sektor og offentlige foretak"	0	0	..	..	..	..	..	0	0	0	0	0	0	0	0	0	0
"Sysselsatte"	"K.5530 Senja"	"Helsesykepleier og jordmor"	"Uoppgitt"	0	0	0	0	0	0	0	0	0	0	0	0	0	0	0	0	0
"Sysselsatte"	"K.5532 Balsfjord"	"Helsesykepleier og jordmor"	"Kommuneforvaltningen"	5	5	5	5	6	5	5	5	4	3	3	3	0	3	0	3	3
"Sysselsatte"	"K.5532 Balsfjord"	"Helsesykepleier og jordmor"	"Fylkeskommunal forvaltning"	0	0	0	0	0	0	0	0	0	0	0	0	0	0	0	0	0
"Sysselsatte"	"K.5532 Balsfjord"	"Helsesykepleier og jordmor"	"Statsforvaltningen"	..	..	..	..	..	..	..	0	0	0	0	0	3	0	3	3	0
"Sysselsatte"	"K.5532 Balsfjord"	"Helsesykepleier og jordmor"	"Privat sektor og offentlige foretak"	0	0	0	0	0	0	0	0	0	0	0	0	0	0	0	0	0
"Sysselsatte"	"K.5532 Balsfjord"	"Helsesykepleier og jordmor"	"Uoppgitt"	0	0	0	0	0	0	0	0	0	0	0	0	0	0	0	0	0
"Sysselsatte"	"K.5534 Karlsøy"	"Helsesykepleier og jordmor"	"Kommuneforvaltningen"	..	..	..	..	3	..	..	0	3	3	3	3	3	0	0	0	3
"Sysselsatte"	"K.5534 Karlsøy"	"Helsesykepleier og jordmor"	"Fylkeskommunal forvaltning"	0	0	0	0	0	0	0	0	0	0	0	0	0	0	0	0	0
"Sysselsatte"	"K.5534 Karlsøy"	"Helsesykepleier og jordmor"	"Statsforvaltningen"	0	0	0	0	0	0	0	0	0	0	0	0	0	0	0	0	0
"Sysselsatte"	"K.5534 Karlsøy"	"Helsesykepleier og jordmor"	"Privat sektor og offentlige foretak"	0	0	0	0	0	0	0	0	0	0	0	0	0	0	0	0	0
"Sysselsatte"	"K.5534 Karlsøy"	"Helsesykepleier og jordmor"	"Uoppgitt"	0	0	0	0	0	0	0	0	0	0	0	0	0	0	0	0	0
"Sysselsatte"	"K.5536 Lyngen"	"Helsesykepleier og jordmor"	"Kommuneforvaltningen"	..	..	..	3	3	3	3	4	5	5	5	5	5	5	5	6	6
"Sysselsatte"	"K.5536 Lyngen"	"Helsesykepleier og jordmor"	"Fylkeskommunal forvaltning"	0	0	0	0	0	0	0	0	0	0	0	0	0	0	0	0	0
"Sysselsatte"	"K.5536 Lyngen"	"Helsesykepleier og jordmor"	"Statsforvaltningen"	0	0	0	0	0	0	0	0	0	0	0	0	0	0	0	0	0
"Sysselsatte"	"K.5536 Lyngen"	"Helsesykepleier og jordmor"	"Privat sektor og offentlige foretak"	0	0	0	0	0	0	0	0	0	0	0	0	0	0	0	0	0
"Sysselsatte"	"K.5536 Lyngen"	"Helsesykepleier og jordmor"	"Uoppgitt"	0	0	0	0	0	0	0	0	0	0	0	0	0	0	0	0	0
"Sysselsatte"	"K.5538 Storfjord - Omasvuotna - Omasvuono"	"Helsesykepleier og jordmor"	"Kommuneforvaltningen"	..	..	..	..	..	..	..	3	3	0	0	0	0	0	0	0	0
"Sysselsatte"	"K.5538 Storfjord - Omasvuotna - Omasvuono"	"Helsesykepleier og jordmor"	"Fylkeskommunal forvaltning"	0	0	0	0	0	0	0	0	0	0	0	0	0	0	0	0	0
"Sysselsatte"	"K.5538 Storfjord - Omasvuotna - Omasvuono"	"Helsesykepleier og jordmor"	"Statsforvaltningen"	0	0	0	0	0	0	0	0	0	0	0	0	0	0	0	0	0
"Sysselsatte"	"K.5538 Storfjord - Omasvuotna - Omasvuono"	"Helsesykepleier og jordmor"	"Privat sektor og offentlige foretak"	0	0	0	..	..	..	..	3	3	3	3	0	3	0	3	3	0
"Sysselsatte"	"K.5538 Storfjord - Omasvuotna - Omasvuono"	"Helsesykepleier og jordmor"	"Uoppgitt"	0	0	0	0	0	0	0	0	0	0	0	0	0	0	0	0	0
"Sysselsatte"	"K.5540 Gáivuotna - Kåfjord - Kaivuono"	"Helsesykepleier og jordmor"	"Kommuneforvaltningen"	..	0	..	..	0	0	0	0	0	0	0	0	0	0	0	0	0
"Sysselsatte"	"K.5540 Gáivuotna - Kåfjord - Kaivuono"	"Helsesykepleier og jordmor"	"Fylkeskommunal forvaltning"	0	0	0	0	0	0	0	0	0	0	0	0	0	0	0	0	0
"Sysselsatte"	"K.5540 Gáivuotna - Kåfjord - Kaivuono"	"Helsesykepleier og jordmor"	"Statsforvaltningen"	0	0	..	0	0	0	0	0	0	0	0	0	0	0	0	0	0
"Sysselsatte"	"K.5540 Gáivuotna - Kåfjord - Kaivuono"	"Helsesykepleier og jordmor"	"Privat sektor og offentlige foretak"	0	0	0	0	0	0	0	0	0	0	0	0	0	0	0	0	0
"Sysselsatte"	"K.5540 Gáivuotna - Kåfjord - Kaivuono"	"Helsesykepleier og jordmor"	"Uoppgitt"	0	0	0	0	0	0	0	0	0	0	0	0	0	0	0	0	0
"Sysselsatte"	"K.5542 Skjervøy"	"Helsesykepleier og jordmor"	"Kommuneforvaltningen"	3	3	..	..	..	..	..	3	0	0	0	0	0	3	3	3	0
"Sysselsatte"	"K.5542 Skjervøy"	"Helsesykepleier og jordmor"	"Fylkeskommunal forvaltning"	0	0	0	0	0	0	0	0	0	0	0	0	0	0	0	0	0
"Sysselsatte"	"K.5542 Skjervøy"	"Helsesykepleier og jordmor"	"Statsforvaltningen"	0	0	0	0	0	0	0	0	0	0	0	0	0	0	0	0	0
"Sysselsatte"	"K.5542 Skjervøy"	"Helsesykepleier og jordmor"	"Privat sektor og offentlige foretak"	0	0	0	0	0	0	0	0	0	0	0	0	0	0	0	0	0
"Sysselsatte"	"K.5542 Skjervøy"	"Helsesykepleier og jordmor"	"Uoppgitt"	0	0	0	0	0	0	0	0	0	0	0	0	0	0	0	0	0
"Sysselsatte"	"K.5544 Nordreisa - Ráisa - Raisi"	"Helsesykepleier og jordmor"	"Kommuneforvaltningen"	10	11	9	9	10	9	10	11	8	7	5	6	7	8	8	12	11
"Sysselsatte"	"K.5544 Nordreisa - Ráisa - Raisi"	"Helsesykepleier og jordmor"	"Fylkeskommunal forvaltning"	0	0	0	0	0	0	0	0	0	0	0	0	0	0	0	0	0
"Sysselsatte"	"K.5544 Nordreisa - Ráisa - Raisi"	"Helsesykepleier og jordmor"	"Statsforvaltningen"	0	0	0	0	0	0	0	0	0	0	0	0	0	0	0	0	0
"Sysselsatte"	"K.5544 Nordreisa - Ráisa - Raisi"	"Helsesykepleier og jordmor"	"Privat sektor og offentlige foretak"	0	..	..	..	0	0	0	0	0	0	0	0	0	0	3	3	3
"Sysselsatte"	"K.5544 Nordreisa - Ráisa - Raisi"	"Helsesykepleier og jordmor"	"Uoppgitt"	0	0	0	0	0	0	0	0	0	0	0	0	0	0	0	0	0
"Sysselsatte"	"K.5546 Kvænangen"	"Helsesykepleier og jordmor"	"Kommuneforvaltningen"	..	..	..	..	..	..	..	0	0	0	3	3	0	0	0	0	3
"Sysselsatte"	"K.5546 Kvænangen"	"Helsesykepleier og jordmor"	"Fylkeskommunal forvaltning"	0	0	0	0	0	0	0	0	0	0	0	0	0	0	0	0	0
"Sysselsatte"	"K.5546 Kvænangen"	"Helsesykepleier og jordmor"	"Statsforvaltningen"	0	0	0	0	0	0	0	0	0	0	0	0	0	3	0	0	3
"Sysselsatte"	"K.5546 Kvænangen"	"Helsesykepleier og jordmor"	"Privat sektor og offentlige foretak"	0	0	0	0	0	0	0	0	0	0	0	0	0	0	0	0	0
"Sysselsatte"	"K.5546 Kvænangen"	"Helsesykepleier og jordmor"	"Uoppgitt"	0	0	0	0	0	0	0	0	0	0	0	0	0	0	0	0	0
"Sysselsatte"	"K.5601 Alta"	"Helsesykepleier og jordmor"	"Kommuneforvaltningen"	19	15	16	20	19	18	20	17	23	20	19	12	13	17	16	14	13
"Sysselsatte"	"K.5601 Alta"	"Helsesykepleier og jordmor"	"Fylkeskommunal forvaltning"	0	0	0	0	0	0	0	0	0	0	0	0	0	0	0	0	0
"Sysselsatte"	"K.5601 Alta"	"Helsesykepleier og jordmor"	"Statsforvaltningen"	3	3	3	3	3	3	3	3	3	3	3	12	11	12	13	16	16
"Sysselsatte"	"K.5601 Alta"	"Helsesykepleier og jordmor"	"Privat sektor og offentlige foretak"	..	..	..	3	..	3	..	3	3	0	3	0	3	0	0	3	3
"Sysselsatte"	"K.5601 Alta"	"Helsesykepleier og jordmor"	"Uoppgitt"	0	0	0	0	0	0	0	0	0	0	0	0	0	0	0	0	0
"Sysselsatte"	"K.5603 Hammerfest - Hámmerfeasta"	"Helsesykepleier og jordmor"	"Kommuneforvaltningen"	..	..	..	8	10	9	..	9	10	11	10	10	14	14	16	19	18
"Sysselsatte"	"K.5603 Hammerfest - Hámmerfeasta"	"Helsesykepleier og jordmor"	"Fylkeskommunal forvaltning"	0	0	0	0	0	0	0	0	0	0	0	0	0	0	0	0	0
"Sysselsatte"	"K.5603 Hammerfest - Hámmerfeasta"	"Helsesykepleier og jordmor"	"Statsforvaltningen"	19	15	15	18	18	18	18	19	26	18	20	23	19	14	15	10	10
"Sysselsatte"	"K.5603 Hammerfest - Hámmerfeasta"	"Helsesykepleier og jordmor"	"Privat sektor og offentlige foretak"	0	0	0	0	0	0	0	0	0	0	0	0	0	0	0	0	0
"Sysselsatte"	"K.5603 Hammerfest - Hámmerfeasta"	"Helsesykepleier og jordmor"	"Uoppgitt"	0	0	0	0	0	0	0	0	0	0	0	0	0	0	0	0	0
"Sysselsatte"	"K.5605 Sør-Varanger"	"Helsesykepleier og jordmor"	"Kommuneforvaltningen"	6	6	6	7	8	8	7	7	7	7	7	7	7	6	8	8	7
"Sysselsatte"	"K.5605 Sør-Varanger"	"Helsesykepleier og jordmor"	"Fylkeskommunal forvaltning"	0	0	0	0	0	0	0	0	0	0	0	0	0	0	0	0	0
"Sysselsatte"	"K.5605 Sør-Varanger"	"Helsesykepleier og jordmor"	"Statsforvaltningen"	12	13	7	13	16	13	13	10	11	14	13	17	16	12	15	14	15
"Sysselsatte"	"K.5605 Sør-Varanger"	"Helsesykepleier og jordmor"	"Privat sektor og offentlige foretak"	0	0	0	0	0	0	0	0	0	0	0	3	0	0	0	0	0
"Sysselsatte"	"K.5605 Sør-Varanger"	"Helsesykepleier og jordmor"	"Uoppgitt"	0	0	0	0	0	0	0	0	0	0	0	0	0	0	0	0	0
"Sysselsatte"	"K.5607 Vadsø"	"Helsesykepleier og jordmor"	"Kommuneforvaltningen"	8	6	8	10	8	7	6	6	6	5	6	5	7	7	7	5	5
"Sysselsatte"	"K.5607 Vadsø"	"Helsesykepleier og jordmor"	"Fylkeskommunal forvaltning"	0	0	0	0	0	0	0	0	0	0	0	0	0	0	0	0	0
"Sysselsatte"	"K.5607 Vadsø"	"Helsesykepleier og jordmor"	"Statsforvaltningen"	0	0	0	0	..	0	0	0	0	0	0	0	0	0	0	0	0
"Sysselsatte"	"K.5607 Vadsø"	"Helsesykepleier og jordmor"	"Privat sektor og offentlige foretak"	0	0	0	0	0	0	0	0	0	0	0	0	0	0	0	0	0
"Sysselsatte"	"K.5607 Vadsø"	"Helsesykepleier og jordmor"	"Uoppgitt"	0	0	0	0	0	0	0	0	0	0	0	0	0	0	0	0	0
"Sysselsatte"	"K.5610 Kárásjohka - Karasjok"	"Helsesykepleier og jordmor"	"Kommuneforvaltningen"	4	..	..	..	..	..	3	3	3	3	3	3	0	0	3	3	3
"Sysselsatte"	"K.5610 Kárásjohka - Karasjok"	"Helsesykepleier og jordmor"	"Fylkeskommunal forvaltning"	0	0	0	0	0	0	0	0	0	0	0	0	0	0	0	0	0
"Sysselsatte"	"K.5610 Kárásjohka - Karasjok"	"Helsesykepleier og jordmor"	"Statsforvaltningen"	0	..	..	..	..	..	..	0	0	3	0	3	0	0	3	0	6
"Sysselsatte"	"K.5610 Kárásjohka - Karasjok"	"Helsesykepleier og jordmor"	"Privat sektor og offentlige foretak"	0	0	0	0	0	0	0	0	0	0	0	0	0	0	0	0	0
"Sysselsatte"	"K.5610 Kárásjohka - Karasjok"	"Helsesykepleier og jordmor"	"Uoppgitt"	0	0	0	0	0	0	0	0	0	0	0	0	0	0	0	0	0
"Sysselsatte"	"K.5612 Guovdageaidnu - Kautokeino"	"Helsesykepleier og jordmor"	"Kommuneforvaltningen"	3	3	4	3	5	4	..	0	3	3	3	0	0	3	3	3	5
"Sysselsatte"	"K.5612 Guovdageaidnu - Kautokeino"	"Helsesykepleier og jordmor"	"Fylkeskommunal forvaltning"	0	0	0	0	0	0	0	0	0	0	0	0	0	0	0	0	0
"Sysselsatte"	"K.5612 Guovdageaidnu - Kautokeino"	"Helsesykepleier og jordmor"	"Statsforvaltningen"	0	0	0	0	0	0	0	0	0	0	0	0	0	0	0	0	0
"Sysselsatte"	"K.5612 Guovdageaidnu - Kautokeino"	"Helsesykepleier og jordmor"	"Privat sektor og offentlige foretak"	0	0	0	0	0	0	0	0	0	0	0	0	0	0	0	0	0
"Sysselsatte"	"K.5612 Guovdageaidnu - Kautokeino"	"Helsesykepleier og jordmor"	"Uoppgitt"	0	0	0	0	0	0	0	0	0	0	0	0	0	0	0	0	0
"Sysselsatte"	"K.5614 Loppa"	"Helsesykepleier og jordmor"	"Kommuneforvaltningen"	3	3	3	..	..	..	..	3	0	3	6	3	3	3	3	3	3
"Sysselsatte"	"K.5614 Loppa"	"Helsesykepleier og jordmor"	"Fylkeskommunal forvaltning"	0	0	0	0	0	0	0	0	0	0	0	0	0	0	0	0	0
"Sysselsatte"	"K.5614 Loppa"	"Helsesykepleier og jordmor"	"Statsforvaltningen"	0	..	..	0	..	0	0	0	0	0	0	0	0	0	0	0	0
"Sysselsatte"	"K.5614 Loppa"	"Helsesykepleier og jordmor"	"Privat sektor og offentlige foretak"	..	0	0	0	0	0	0	0	0	0	0	0	0	0	0	0	0
"Sysselsatte"	"K.5614 Loppa"	"Helsesykepleier og jordmor"	"Uoppgitt"	0	0	0	0	0	0	0	0	0	0	0	0	0	0	0	0	0
"Sysselsatte"	"K.5616 Hasvik"	"Helsesykepleier og jordmor"	"Kommuneforvaltningen"	0	0	..	..	..	..	..	0	0	0	3	3	3	3	3	3	0
"Sysselsatte"	"K.5616 Hasvik"	"Helsesykepleier og jordmor"	"Fylkeskommunal forvaltning"	0	0	0	0	0	0	0	0	0	0	0	0	0	0	0	0	0
"Sysselsatte"	"K.5616 Hasvik"	"Helsesykepleier og jordmor"	"Statsforvaltningen"	0	0	0	0	0	0	0	0	0	0	0	0	0	0	0	0	0
"Sysselsatte"	"K.5616 Hasvik"	"Helsesykepleier og jordmor"	"Privat sektor og offentlige foretak"	0	0	0	0	0	0	0	0	0	0	0	0	0	0	0	0	0
"Sysselsatte"	"K.5616 Hasvik"	"Helsesykepleier og jordmor"	"Uoppgitt"	0	0	0	0	0	0	0	0	0	0	0	0	0	0	0	0	0
"Sysselsatte"	"K.5618 Måsøy"	"Helsesykepleier og jordmor"	"Kommuneforvaltningen"	..	..	..	0	0	0	..	0	0	0	0	0	0	0	0	0	0
"Sysselsatte"	"K.5618 Måsøy"	"Helsesykepleier og jordmor"	"Fylkeskommunal forvaltning"	0	0	0	0	0	0	0	0	0	0	0	0	0	0	0	0	0
"Sysselsatte"	"K.5618 Måsøy"	"Helsesykepleier og jordmor"	"Statsforvaltningen"	0	0	0	0	0	0	0	0	0	0	0	0	0	0	0	0	0
"Sysselsatte"	"K.5618 Måsøy"	"Helsesykepleier og jordmor"	"Privat sektor og offentlige foretak"	0	0	0	0	0	0	0	0	0	0	0	0	0	0	0	0	0
"Sysselsatte"	"K.5618 Måsøy"	"Helsesykepleier og jordmor"	"Uoppgitt"	0	0	0	0	0	0	0	0	0	0	0	0	0	0	0	0	0
"Sysselsatte"	"K.5620 Nordkapp"	"Helsesykepleier og jordmor"	"Kommuneforvaltningen"	3	..	3	3	3	3	3	3	3	3	3	3	3	3	3	3	3
"Sysselsatte"	"K.5620 Nordkapp"	"Helsesykepleier og jordmor"	"Fylkeskommunal forvaltning"	0	0	0	0	0	0	0	0	0	0	0	0	0	0	0	0	0
"Sysselsatte"	"K.5620 Nordkapp"	"Helsesykepleier og jordmor"	"Statsforvaltningen"	0	0	0	0	0	0	0	0	0	0	0	0	0	0	0	0	0
"Sysselsatte"	"K.5620 Nordkapp"	"Helsesykepleier og jordmor"	"Privat sektor og offentlige foretak"	0	0	0	0	0	0	0	0	0	0	0	0	0	0	0	0	0
"Sysselsatte"	"K.5620 Nordkapp"	"Helsesykepleier og jordmor"	"Uoppgitt"	0	0	0	0	0	0	0	0	0	0	0	0	0	0	0	0	0
"Sysselsatte"	"K.5622 Porsanger - Porsángu - Porsanki"	"Helsesykepleier og jordmor"	"Kommuneforvaltningen"	4	6	7	6	4	3	5	4	4	4	4	4	4	4	4	4	4
"Sysselsatte"	"K.5622 Porsanger - Porsángu - Porsanki"	"Helsesykepleier og jordmor"	"Fylkeskommunal forvaltning"	0	0	0	0	0	0	0	0	0	0	0	0	0	0	0	0	0
"Sysselsatte"	"K.5622 Porsanger - Porsángu - Porsanki"	"Helsesykepleier og jordmor"	"Statsforvaltningen"	0	0	0	0	0	0	0	0	0	0	0	0	0	0	0	0	0
"Sysselsatte"	"K.5622 Porsanger - Porsángu - Porsanki"	"Helsesykepleier og jordmor"	"Privat sektor og offentlige foretak"	0	0	0	0	0	0	0	0	0	0	0	0	0	0	0	0	0
"Sysselsatte"	"K.5622 Porsanger - Porsángu - Porsanki"	"Helsesykepleier og jordmor"	"Uoppgitt"	0	0	0	0	0	0	0	0	0	0	0	0	0	0	0	0	0
"Sysselsatte"	"K.5624 Lebesby"	"Helsesykepleier og jordmor"	"Kommuneforvaltningen"	..	0	0	..	..	..	..	0	0	0	0	0	0	0	3	3	0
"Sysselsatte"	"K.5624 Lebesby"	"Helsesykepleier og jordmor"	"Fylkeskommunal forvaltning"	0	0	0	0	0	0	0	0	0	0	0	0	0	0	0	0	0
"Sysselsatte"	"K.5624 Lebesby"	"Helsesykepleier og jordmor"	"Statsforvaltningen"	0	0	0	0	0	0	0	0	0	0	0	0	0	0	0	0	0
"Sysselsatte"	"K.5624 Lebesby"	"Helsesykepleier og jordmor"	"Privat sektor og offentlige foretak"	0	0	0	0	0	0	0	0	0	0	0	0	0	0	0	0	0
"Sysselsatte"	"K.5624 Lebesby"	"Helsesykepleier og jordmor"	"Uoppgitt"	0	0	0	0	0	0	0	0	0	0	0	0	0	0	0	0	0
"Sysselsatte"	"K.5626 Gamvik"	"Helsesykepleier og jordmor"	"Kommuneforvaltningen"	..	..	..	..	..	..	..	0	3	0	0	0	3	3	0	0	0
"Sysselsatte"	"K.5626 Gamvik"	"Helsesykepleier og jordmor"	"Fylkeskommunal forvaltning"	0	0	0	0	0	0	0	0	0	0	0	0	0	0	0	0	0
"Sysselsatte"	"K.5626 Gamvik"	"Helsesykepleier og jordmor"	"Statsforvaltningen"	0	0	0	0	0	0	0	0	0	0	0	0	0	0	0	0	0
"Sysselsatte"	"K.5626 Gamvik"	"Helsesykepleier og jordmor"	"Privat sektor og offentlige foretak"	0	0	0	0	0	0	0	0	0	0	0	0	0	0	0	0	0
"Sysselsatte"	"K.5626 Gamvik"	"Helsesykepleier og jordmor"	"Uoppgitt"	0	0	0	0	0	0	0	0	0	0	0	0	0	0	0	0	0
"Sysselsatte"	"K.5628 Deatnu - Tana"	"Helsesykepleier og jordmor"	"Kommuneforvaltningen"	0	..	0	0	0	0	0	0	0	0	0	0	0	3	3	4	4
"Sysselsatte"	"K.5628 Deatnu - Tana"	"Helsesykepleier og jordmor"	"Fylkeskommunal forvaltning"	0	0	0	0	0	0	0	0	0	0	0	0	0	0	0	0	0
"Sysselsatte"	"K.5628 Deatnu - Tana"	"Helsesykepleier og jordmor"	"Statsforvaltningen"	..	..	..	..	..	..	..	3	3	0	0	3	3	0	0	0	0
"Sysselsatte"	"K.5628 Deatnu - Tana"	"Helsesykepleier og jordmor"	"Privat sektor og offentlige foretak"	0	0	0	0	0	0	0	0	0	0	0	0	0	0	0	0	0
"Sysselsatte"	"K.5628 Deatnu - Tana"	"Helsesykepleier og jordmor"	"Uoppgitt"	0	0	0	0	0	0	0	0	0	0	0	0	0	0	0	0	0
"Sysselsatte"	"K.5630 Berlevåg"	"Helsesykepleier og jordmor"	"Kommuneforvaltningen"	3	3	3	..	..	..	..	3	0	3	3	0	0	3	0	0	3
"Sysselsatte"	"K.5630 Berlevåg"	"Helsesykepleier og jordmor"	"Fylkeskommunal forvaltning"	0	0	0	0	0	0	0	0	0	0	0	0	0	0	0	0	0
"Sysselsatte"	"K.5630 Berlevåg"	"Helsesykepleier og jordmor"	"Statsforvaltningen"	0	0	0	0	0	0	0	0	0	0	0	0	0	0	0	0	0
"Sysselsatte"	"K.5630 Berlevåg"	"Helsesykepleier og jordmor"	"Privat sektor og offentlige foretak"	0	0	0	0	0	0	0	0	0	0	0	0	0	0	0	0	0
"Sysselsatte"	"K.5630 Berlevåg"	"Helsesykepleier og jordmor"	"Uoppgitt"	0	0	0	0	0	0	0	0	0	0	0	0	0	0	0	0	0
"Sysselsatte"	"K.5632 Båtsfjord"	"Helsesykepleier og jordmor"	"Kommuneforvaltningen"	3	3	3	3	3	3	3	3	3	0	0	3	3	0	3	3	3
"Sysselsatte"	"K.5632 Båtsfjord"	"Helsesykepleier og jordmor"	"Fylkeskommunal forvaltning"	0	0	0	0	0	0	0	0	0	0	0	0	0	0	0	0	0
"Sysselsatte"	"K.5632 Båtsfjord"	"Helsesykepleier og jordmor"	"Statsforvaltningen"	0	0	0	0	0	0	0	0	0	0	0	0	0	0	0	0	0
"Sysselsatte"	"K.5632 Båtsfjord"	"Helsesykepleier og jordmor"	"Privat sektor og offentlige foretak"	0	0	0	0	0	0	0	0	0	0	0	0	0	0	0	0	0
"Sysselsatte"	"K.5632 Båtsfjord"	"Helsesykepleier og jordmor"	"Uoppgitt"	0	0	0	0	0	0	0	0	0	0	0	0	0	0	0	0	0
"Sysselsatte"	"K.5634 Vardø"	"Helsesykepleier og jordmor"	"Kommuneforvaltningen"	..	..	..	..	..	..	..	0	3	0	0	0	0	0	3	3	0
"Sysselsatte"	"K.5634 Vardø"	"Helsesykepleier og jordmor"	"Fylkeskommunal forvaltning"	0	0	0	0	0	0	0	0	0	0	0	0	0	0	0	0	0
"Sysselsatte"	"K.5634 Vardø"	"Helsesykepleier og jordmor"	"Statsforvaltningen"	0	0	0	0	0	0	0	0	0	0	0	0	0	0	0	0	0
"Sysselsatte"	"K.5634 Vardø"	"Helsesykepleier og jordmor"	"Privat sektor og offentlige foretak"	0	0	0	0	0	0	0	0	0	0	0	0	0	0	0	0	0
"Sysselsatte"	"K.5634 Vardø"	"Helsesykepleier og jordmor"	"Uoppgitt"	0	0	0	0	0	0	0	0	0	0	0	0	0	0	0	0	0
"Sysselsatte"	"K.5636 Unjárga - Nesseby"	"Helsesykepleier og jordmor"	"Kommuneforvaltningen"	..	..	..	..	..	..	..	3	0	3	0	0	0	3	3	4	3
"Sysselsatte"	"K.5636 Unjárga - Nesseby"	"Helsesykepleier og jordmor"	"Fylkeskommunal forvaltning"	0	0	0	0	0	0	0	0	0	0	0	0	0	0	0	0	0
"Sysselsatte"	"K.5636 Unjárga - Nesseby"	"Helsesykepleier og jordmor"	"Statsforvaltningen"	0	0	0	0	0	0	0	0	0	0	0	0	0	0	0	0	0
"Sysselsatte"	"K.5636 Unjárga - Nesseby"	"Helsesykepleier og jordmor"	"Privat sektor og offentlige foretak"	0	0	0	0	0	0	0	0	0	0	0	0	0	0	0	0	0
"Sysselsatte"	"K.5636 Unjárga - Nesseby"	"Helsesykepleier og jordmor"	"Uoppgitt"	0	0	0	0	0	0	0	0	0	0	0	0	0	0	0	0	0
"Sysselsatte"	"K.21-22 Svalbard og Jan Mayen"	"Helsesykepleier og jordmor"	"Kommuneforvaltningen"	0	0	0	0	0	0	0	0	0	0	0	0	0	0	0	0	0
"Sysselsatte"	"K.21-22 Svalbard og Jan Mayen"	"Helsesykepleier og jordmor"	"Fylkeskommunal forvaltning"	0	0	0	0	0	0	0	0	0	0	0	0	0	0	0	0	0
"Sysselsatte"	"K.21-22 Svalbard og Jan Mayen"	"Helsesykepleier og jordmor"	"Statsforvaltningen"	0	0	0	0	0	0	0	0	0	0	0	0	0	0	0	0	0
"Sysselsatte"	"K.21-22 Svalbard og Jan Mayen"	"Helsesykepleier og jordmor"	"Privat sektor og offentlige foretak"	0	0	0	0	0	0	0	0	0	0	0	0	0	0	0	0	0
"Sysselsatte"	"K.21-22 Svalbard og Jan Mayen"	"Helsesykepleier og jordmor"	"Uoppgitt"	0	0	0	0	0	0	0	0	0	0	0	0	0	0	0	0	0
"Sysselsatte"	"K.23 Kontinentalsokkelen"	"Helsesykepleier og jordmor"	"Kommuneforvaltningen"	0	0	0	0	0	0	0	0	0	0	0	0	0	0	0	0	0
"Sysselsatte"	"K.23 Kontinentalsokkelen"	"Helsesykepleier og jordmor"	"Fylkeskommunal forvaltning"	0	0	0	0	0	0	0	0	0	0	0	0	0	0	0	0	0
"Sysselsatte"	"K.23 Kontinentalsokkelen"	"Helsesykepleier og jordmor"	"Statsforvaltningen"	0	0	0	0	0	0	0	0	0	0	0	0	0	0	0	0	0
"Sysselsatte"	"K.23 Kontinentalsokkelen"	"Helsesykepleier og jordmor"	"Privat sektor og offentlige foretak"	0	0	0	0	0	0	0	0	0	0	0	0	0	0	0	0	0
"Sysselsatte"	"K.23 Kontinentalsokkelen"	"Helsesykepleier og jordmor"	"Uoppgitt"	0	0	0	0	0	0	0	0	0	0	0	0	0	0	0	0	0
"Sysselsatte"	"K.Rest Delte kommuner og uoppgitt"	"Helsesykepleier og jordmor"	"Kommuneforvaltningen"	..	..	..	..	..	..	..	48	45	48	41	47	0	0	0	0	0
"Sysselsatte"	"K.Rest Delte kommuner og uoppgitt"	"Helsesykepleier og jordmor"	"Fylkeskommunal forvaltning"	0	0	0	0	0	0	0	0	0	0	0	0	0	0	0	0	0
"Sysselsatte"	"K.Rest Delte kommuner og uoppgitt"	"Helsesykepleier og jordmor"	"Statsforvaltningen"	..	..	..	..	..	..	..	23	21	24	24	20	3	0	3	3	3
"Sysselsatte"	"K.Rest Delte kommuner og uoppgitt"	"Helsesykepleier og jordmor"	"Privat sektor og offentlige foretak"	..	..	..	..	..	..	..	0	0	0	0	3	0	0	0	0	0
"Sysselsatte"	"K.Rest Delte kommuner og uoppgitt"	"Helsesykepleier og jordmor"	"Uoppgitt"	0	0	0	0	0	0	0	0	0	0	0	0	0	0	0	0	0
