data.id,,kommentarnummer,analyse,post
1huqhmv,0,0.0,0.0,0
1huqhmv,1,1.0,0.0,0
1huqhmv,2,2.0,-1.0,0
1huqhmv,3,3.0,-1.0,0
1huqhmv,4,4.0,0.0,0
1huqhmv,5,5.0,-1.0,0
1huqhmv,6,6.0,-1.0,0
1huqhmv,7,7.0,0.0,0
1huqhmv,8,8.0,0.0,0
1huqhmv,9,9.0,-1.0,0
1huqhmv,10,10.0,0.0,0
1huqhmv,11,11.0,0.0,0
1huqhmv,12,12.0,0.0,0
1huqhmv,13,13.0,0.0,0
1huqhmv,14,14.0,0.0,0
1huqhmv,15,15.0,-1.0,0
1huqhmv,16,16.0,0.0,0
1huqhmv,17,17.0,0.0,0
1huqhmv,18,18.0,0.0,0
1huqhmv,19,19.0,0.0,0
1huqhmv,20,20.0,0.0,0
1huqhmv,21,21.0,0.0,0
1huqhmv,22,22.0,0.0,0
1huqhmv,23,23.0,0.0,0
1huqhmv,24,24.0,0.0,0
1huqhmv,25,25.0,0.0,0
1huqhmv,26,26.0,-1.0,0
1huqhmv,27,27.0,0.0,0
1huqhmv,28,28.0,0.0,0
1huqhmv,29,29.0,0.0,0
1huqhmv,30,30.0,0.0,0
1huqhmv,31,31.0,-1.0,0
1hvdi6l,0,0.0,0.0,0
1hvdi6l,1,1.0,-1.0,0
1hvdi6l,2,2.0,0.0,0
1hvdi6l,3,3.0,-1.0,0
1hvdi6l,4,4.0,1.0,0
1hvdi6l,5,5.0,-1.0,0
1hvdi6l,6,6.0,0.0,0
1hvdi6l,7,7.0,1.0,0
1hvdi6l,8,8.0,1.0,0
1hvdi6l,9,9.0,1.0,0
1hvdi6l,10,10.0,0.0,0
1hvdi6l,11,11.0,1.0,0
1hvdi6l,12,12.0,1.0,0
1hvdi6l,13,13.0,0.0,0
1hvdi6l,14,14.0,0.0,0
1hvdi6l,15,15.0,0.0,0
1hvdi6l,16,16.0,1.0,0
1hvdi6l,17,17.0,0.0,0
1hvdi6l,18,18.0,1.0,0
1hvdi6l,19,19.0,1.0,0
1hvdi6l,20,20.0,-1.0,0
1hvdi6l,21,21.0,1.0,0
1hvdi6l,22,22.0,0.0,0
1hvdi6l,23,23.0,-1.0,0
1hvdi6l,24,24.0,1.0,0
1hvdi6l,25,25.0,0.0,0
1hvdi6l,26,26.0,0.0,0
1hvdi6l,27,27.0,1.0,0
1hvdi6l,28,28.0,-1.0,0
1hvdi6l,29,29.0,-1.0,0
1hvdi6l,30,30.0,-1.0,0
1hvdi6l,31,31.0,0.0,0
1hvdi6l,32,32.0,0.0,0
1hvdi6l,33,33.0,0.0,0
1hvdi6l,34,34.0,1.0,0
1hvdi6l,35,35.0,1.0,0
1hvdi6l,36,36.0,-1.0,0
1hvdi6l,37,37.0,1.0,0
1hvdi6l,38,38.0,1.0,0
1hvdi6l,39,39.0,1.0,0
1hvdi6l,40,40.0,0.0,0
1hvdi6l,41,41.0,0.0,0
1hveydk,0,0.0,1.0,0
1hveydk,1,1.0,0.0,0
1hveydk,2,2.0,0.0,0
1hveydk,3,3.0,-1.0,0
1hveydk,4,4.0,1.0,0
1hveydk,5,5.0,1.0,0
1hveydk,6,6.0,0.0,0
1hveydk,7,7.0,1.0,0
1hveydk,8,8.0,1.0,0
1hveydk,9,9.0,1.0,0
1hveydk,10,10.0,1.0,0
1hveydk,11,11.0,0.0,0
1hveydk,12,12.0,0.0,0
1hveydk,13,13.0,1.0,0
1hveydk,14,14.0,1.0,0
1hveydk,15,15.0,1.0,0
1hveydk,16,16.0,1.0,0
1hveydk,17,17.0,0.0,0
1hveydk,18,18.0,1.0,0
1hveydk,19,19.0,0.0,0
1hveydk,20,20.0,0.0,0
1hveydk,21,21.0,0.0,0
1hveydk,22,22.0,1.0,0
1hveydk,23,23.0,1.0,0
1hveydk,24,24.0,1.0,0
1hveydk,25,25.0,1.0,0
1hveydk,26,26.0,1.0,0
1hveydk,27,27.0,0.0,0
1hveydk,28,28.0,0.0,0
1hveydk,29,29.0,0.0,0
1hveydk,30,30.0,0.0,0
1hveydk,31,31.0,0.0,0
1hveydk,32,32.0,0.0,0
1hveydk,33,33.0,1.0,0
1hveydk,34,34.0,1.0,0
1hveydk,35,35.0,0.0,0
1hveydk,36,36.0,0.0,0
1hveydk,37,37.0,0.0,0
1hwknl0,0,0.0,1.0,0
1hwknl0,1,1.0,-1.0,0
1hwknl0,2,2.0,1.0,0
1hwknl0,3,3.0,0.0,0
1hwknl0,4,4.0,0.0,0
1hwknl0,5,5.0,0.0,0
1hwknl0,6,6.0,0.0,0
1hwknl0,7,7.0,-1.0,0
1hwknl0,8,8.0,1.0,0
1hwknl0,9,9.0,1.0,0
1hwknl0,10,10.0,0.0,0
1hwknl0,11,11.0,0.0,0
1hwknl0,12,12.0,0.0,0
1hwknl0,13,13.0,1.0,0
1hwknl0,14,14.0,1.0,0
1hwknl0,15,15.0,0.0,0
1hwknl0,16,16.0,1.0,0
1hwknl0,17,17.0,0.0,0
1hwknl0,18,18.0,0.0,0
1hwknl0,19,19.0,1.0,0
1hwknl0,20,20.0,0.0,0
1hwknl0,21,21.0,0.0,0
1hwknl0,22,22.0,1.0,0
1hwknl0,23,23.0,-1.0,0
1hwknl0,24,24.0,-1.0,0
1hwknl0,25,25.0,-1.0,0
1hwknl0,26,26.0,0.0,0
1hwknl0,27,27.0,0.0,0
1hwknl0,28,28.0,1.0,0
1hwknl0,29,29.0,1.0,0
1hwknl0,30,30.0,-1.0,0
1hwknl0,31,31.0,1.0,0
1hwknl0,32,32.0,1.0,0
1hwknl0,33,33.0,1.0,0
1hwknl0,34,34.0,1.0,0
1hwknl0,35,35.0,1.0,0
1hwknl0,36,36.0,1.0,0
1hwknl0,37,37.0,1.0,0
1hwknl0,38,38.0,1.0,0
1hwknl0,39,39.0,1.0,0
1hwknl0,40,40.0,1.0,0
1hwknl0,41,41.0,-1.0,0
1hwknl0,42,42.0,1.0,0
1hwknl0,43,43.0,1.0,0
1hwknl0,44,44.0,0.0,0
1hwknl0,45,45.0,0.0,0
1hwknl0,46,46.0,1.0,0
1hwknl0,47,47.0,0.0,0
1hwknl0,48,48.0,1.0,0
1hwknl0,49,49.0,1.0,0
1hwknl0,50,50.0,0.0,0
1hwknl0,51,51.0,0.0,0
1hwknl0,52,52.0,0.0,0
1hwknl0,53,53.0,0.0,0
1hwknl0,54,54.0,1.0,0
1hwknl0,55,55.0,1.0,0
1hwknl0,56,56.0,0.0,0
1hwknl0,57,57.0,1.0,0
1hwknl0,58,58.0,-1.0,0
1hwknl0,59,59.0,-1.0,0
1hwknl0,60,60.0,1.0,0
1hwknl0,61,61.0,0.0,0
1hwknl0,62,62.0,0.0,0
1hwknl0,63,63.0,0.0,0
1hwknl0,64,64.0,0.0,0
1i3bp7w,0,1.0,1.0,0
1i3bp7w,1,3.0,0.0,0
1i3bp7w,2,5.0,1.0,0
1i3bp7w,3,6.0,1.0,0
1i3bp7w,4,8.0,0.0,0
1i3bp7w,5,11.0,1.0,0
1i3bp7w,6,13.0,1.0,0
1i3bp7w,7,20.0,-1.0,0
1i3bp7w,8,21.0,1.0,0
1i3bp7w,9,23.0,1.0,0
1i3bp7w,10,24.0,-1.0,0
1i3bp7w,11,27.0,-1.0,0
1i3bp7w,12,28.0,1.0,0
1i3bp7w,13,29.0,1.0,0
1i3bp7w,14,32.0,-1.0,0
1i3bp7w,15,33.0,-1.0,0
1i3bp7w,16,35.0,1.0,0
1i3bp7w,17,37.0,1.0,0
1i3bp7w,18,39.0,1.0,0
1i3bp7w,19,45.0,1.0,0
1i3bp7w,20,46.0,0.0,0
1i3bp7w,21,47.0,1.0,0
1i3bp7w,22,49.0,1.0,0
1i3bp7w,23,57.0,-1.0,0
1i5lkct,0,0.0,0.0,0
1i5lkct,1,1.0,0.0,0
1i5lkct,2,2.0,0.0,0
1i5lkct,3,3.0,-1.0,0
1i5lkct,4,4.0,0.0,0
1i5lkct,5,5.0,0.0,0
1i5lkct,6,6.0,-1.0,0
1i5lkct,7,7.0,0.0,0
1i5lkct,8,8.0,0.0,0
1i5lkct,9,9.0,0.0,0
1i5lkct,10,10.0,-1.0,0
1i5lkct,11,11.0,0.0,0
1i5lkct,12,12.0,1.0,0
1i5lkct,13,13.0,1.0,0
1i5lkct,14,14.0,0.0,0
1i5lkct,15,15.0,0.0,0
1i5lkct,16,16.0,0.0,0
1i5lkct,17,17.0,0.0,0
1i5lkct,18,18.0,-1.0,0
1i5lkct,19,19.0,1.0,0
1i5lkct,20,20.0,0.0,0
1i5lkct,21,21.0,0.0,0
1i5lkct,22,22.0,0.0,0
1i5lkct,23,23.0,0.0,0
1i5lkct,24,24.0,1.0,0
1i5lkct,25,25.0,-1.0,0
1i5lkct,26,26.0,0.0,0
1i5lkct,27,27.0,1.0,0
1i5lkct,28,28.0,-1.0,0
1i5lkct,29,29.0,1.0,0
1i5lkct,30,30.0,-1.0,0
1i5lkct,31,31.0,0.0,0
1i5lkct,32,32.0,-1.0,0
1i5lkct,33,33.0,0.0,0
1i5lkct,34,34.0,-1.0,0
1i5lkct,35,35.0,-1.0,0
1i5lkct,36,36.0,0.0,0
1i5lkct,37,37.0,0.0,0
1i5lkct,38,38.0,0.0,0
1i5lkct,39,39.0,0.0,0
1i5lkct,40,40.0,0.0,0
1i5lkct,41,41.0,0.0,0
1i5lkct,42,42.0,0.0,0
1i5lkct,43,43.0,0.0,0
1i5lkct,44,44.0,1.0,0
1i5lkct,45,45.0,0.0,0
1i5lkct,46,46.0,0.0,0
1i5lkct,47,47.0,-1.0,0
1i5lkct,48,48.0,0.0,0
1i5lkct,49,49.0,0.0,0
1i5lkct,50,50.0,0.0,0
1i5lkct,51,51.0,0.0,0
1i5lkct,52,52.0,0.0,0
1i5lkct,53,53.0,1.0,0
1i6i4ng,0,0.0,-1.0,0
1i6i4ng,1,1.0,0.0,0
1i6i4ng,2,2.0,0.0,0
1i6i4ng,3,3.0,0.0,0
1i6i4ng,4,4.0,1.0,0
1i6i4ng,5,5.0,-1.0,0
1i6i4ng,6,6.0,1.0,0
1i6i4ng,7,7.0,0.0,0
1i6i4ng,8,8.0,1.0,0
1i6i4ng,9,9.0,-1.0,0
1i6i4ng,10,10.0,1.0,0
1i6i4ng,11,11.0,0.0,0
1i6i4ng,12,12.0,-1.0,0
1i6i4ng,13,13.0,-1.0,0
1i6i4ng,14,14.0,0.0,0
1i6i4ng,15,15.0,1.0,0
1i6i4ng,16,16.0,1.0,0
1i6i4ng,17,17.0,-1.0,0
1i6i4ng,18,18.0,-1.0,0
1i6i4ng,19,19.0,0.0,0
1i6i4ng,20,20.0,0.0,0
1i6i4ng,21,21.0,0.0,0
1i6i4ng,22,22.0,0.0,0
1i6i4ng,23,23.0,1.0,0
1i6i4ng,24,24.0,-1.0,0
1i6i4ng,25,25.0,1.0,0
1i6i4ng,26,26.0,0.0,0
1i6i4ng,27,27.0,1.0,0
1i6i4ng,28,28.0,0.0,0
1i6i4ng,29,29.0,0.0,0
1i6i4ng,30,30.0,0.0,0
1i6i4ng,31,31.0,0.0,0
1i6i4ng,32,32.0,0.0,0
1i6i4ng,33,33.0,0.0,0
1i6i4ng,34,34.0,0.0,0
1i6i4ng,35,35.0,-1.0,0
1i6i4ng,36,36.0,0.0,0
1i6i4ng,37,37.0,1.0,0
1i6i4ng,38,38.0,1.0,0
1i6i4ng,39,39.0,1.0,0
1i6i4ng,40,40.0,0.0,0
1i6i4ng,41,41.0,1.0,0
1i6i4ng,42,42.0,1.0,0
1i6i4ng,43,43.0,1.0,0
1i6i4ng,44,44.0,0.0,0
1i6i4ng,45,45.0,0.0,0
1i6i4ng,46,46.0,-1.0,0
1i6i4ng,47,47.0,1.0,0
1i6i4ng,48,48.0,0.0,0
1i6i4ng,49,49.0,0.0,0
1i6i4ng,50,50.0,0.0,0
1i6i4ng,51,51.0,0.0,0
1i6i4ng,52,52.0,0.0,0
1i6i4ng,53,53.0,0.0,0
1i6i4ng,54,54.0,1.0,0
1i6i4ng,55,55.0,1.0,0
1i6i4ng,56,56.0,1.0,0
1i6i4ng,57,57.0,1.0,0
1i6i4ng,58,58.0,-1.0,0
1i6i4ng,59,59.0,1.0,0
1i6i4ng,60,60.0,1.0,0
1i6i4ng,61,61.0,1.0,0
1i6i4ng,62,62.0,0.0,0
1i6i4ng,63,63.0,0.0,0
1i6i4ng,64,64.0,0.0,0
1i6i4ng,65,65.0,0.0,0
1i6i4ng,66,66.0,0.0,0
1i6i4ng,67,67.0,0.0,0
1i6i4ng,68,68.0,1.0,0
1i6i4ng,69,69.0,1.0,0
1i6i4ng,70,70.0,0.0,0
1i6i4ng,71,71.0,0.0,0
1i6i4ng,72,72.0,0.0,0
1i6i4ng,73,73.0,0.0,0
1i6i4ng,74,74.0,1.0,0
1i6i4ng,75,75.0,1.0,0
1i6i4ng,76,76.0,-1.0,0
1i6i4ng,77,77.0,1.0,0
1i6i4ng,78,78.0,1.0,0
1i6i4ng,79,79.0,0.0,0
1i6i4ng,80,80.0,1.0,0
1i6i4ng,81,81.0,0.0,0
1i6i4ng,82,82.0,1.0,0
1i6i4ng,83,83.0,0.0,0
1i6i4ng,84,84.0,0.0,0
1i6i4ng,85,85.0,0.0,0
1i7zejl,0,0.0,-1.0,0
1i7zejl,1,1.0,-1.0,0
1i7zejl,2,2.0,-1.0,0
1i7zejl,3,3.0,-1.0,0
1i7zejl,4,4.0,0.0,0
1i7zejl,5,5.0,0.0,0
1i7zejl,6,6.0,-1.0,0
1i7zejl,7,7.0,-1.0,0
1i7zejl,8,8.0,-1.0,0
1i7zejl,9,9.0,-1.0,0
1i7zejl,10,10.0,-1.0,0
1i7zejl,11,11.0,0.0,0
1i7zejl,12,12.0,0.0,0
1i7zejl,13,13.0,1.0,0
1i7zejl,14,14.0,0.0,0
1i7zejl,15,15.0,0.0,0
1i7zejl,16,16.0,-1.0,0
1i7zejl,17,17.0,0.0,0
1i7zejl,18,18.0,-1.0,0
1i7zejl,19,19.0,1.0,0
1i7zejl,20,20.0,0.0,0
1i7zejl,21,21.0,-1.0,0
1i7zejl,22,22.0,-1.0,0
1i7zejl,23,23.0,-1.0,0
1i7zejl,24,24.0,-1.0,0
1i7zejl,25,25.0,-1.0,0
1i7zejl,26,26.0,0.0,0
1i7zejl,27,27.0,0.0,0
1i7zejl,28,28.0,0.0,0
1i7zejl,29,29.0,1.0,0
1i7zejl,30,30.0,-1.0,0
1i7zejl,31,31.0,-1.0,0
1i7zejl,32,32.0,0.0,0
1i7zejl,33,33.0,0.0,0
1i7zejl,34,34.0,0.0,0
1i7zejl,35,35.0,0.0,0
1i7zejl,36,36.0,-1.0,0
1i7zejl,37,37.0,-1.0,0
1i7zejl,38,38.0,1.0,0
1i7zejl,39,39.0,-1.0,0
1i7zejl,40,40.0,-1.0,0
1i7zejl,41,41.0,0.0,0
1i7zejl,42,42.0,-1.0,0
1i7zejl,43,43.0,-1.0,0
1i7zejl,44,44.0,0.0,0
1i7zejl,45,45.0,0.0,0
1i7zejl,46,46.0,0.0,0
1i7zejl,47,47.0,0.0,0
1i7zejl,48,48.0,0.0,0
1i7zejl,49,49.0,0.0,0
1i7zejl,50,50.0,-1.0,0
1i7zejl,51,51.0,0.0,0
1i7zejl,52,52.0,1.0,0
1i7zejl,53,53.0,0.0,0
1i7zejl,54,54.0,-1.0,0
1i7zejl,55,55.0,0.0,0
1i7zejl,56,56.0,1.0,0
1i7zejl,57,57.0,1.0,0
1i7zejl,58,58.0,0.0,0
1i7zejl,59,59.0,-1.0,0
1i7zejl,60,60.0,0.0,0
1i7zejl,61,61.0,0.0,0
1i7zejl,62,62.0,0.0,0
1i7zejl,63,63.0,1.0,0
1i7zejl,64,64.0,-1.0,0
1i7zejl,65,65.0,-1.0,0
1i7zejl,66,66.0,0.0,0
1i7zejl,67,67.0,-1.0,0
1i7zejl,68,68.0,0.0,0
1i7zejl,69,69.0,-1.0,0
1i7zejl,70,70.0,0.0,0
1i7zejl,71,71.0,1.0,0
1i7zejl,72,72.0,-1.0,0
1i7zejl,73,73.0,-1.0,0
1i7zejl,74,74.0,1.0,0
1i7zejl,75,75.0,-1.0,0
1i7zejl,76,76.0,0.0,0
1i7zejl,77,77.0,1.0,0
1i7zejl,78,78.0,-1.0,0
1i7zejl,79,79.0,0.0,0
1i7zejl,80,80.0,0.0,0
1i7zejl,81,81.0,-1.0,0
1i7zejl,82,82.0,-1.0,0
1i7zejl,83,83.0,-1.0,0
1i7zejl,84,84.0,-1.0,0
1i7zejl,85,85.0,-1.0,0
1i7zejl,86,86.0,-1.0,0
1i7zejl,87,87.0,-1.0,0
1i7zejl,88,88.0,-1.0,0
1i7zejl,89,89.0,-1.0,0
1i7zejl,90,90.0,-1.0,0
1i7zejl,91,91.0,-1.0,0
1i7zejl,92,92.0,-1.0,0
1i7zejl,93,93.0,-1.0,0
1i7zejl,94,94.0,0.0,0
1i7zejl,95,95.0,1.0,0
1i7zejl,96,96.0,1.0,0
1i7zejl,97,97.0,0.0,0
1i7zejl,98,98.0,1.0,0
1i7zejl,99,99.0,0.0,0
1i7zejl,100,100.0,0.0,0
1i7zejl,101,101.0,0.0,0
1i7zejl,102,102.0,0.0,0
1i7zejl,103,103.0,0.0,0
1i7zejl,104,104.0,1.0,0
1i7zejl,105,105.0,-1.0,0
1i7zejl,106,106.0,1.0,0
1i7zejl,107,107.0,1.0,0
1i7zejl,108,108.0,1.0,0
1i7zejl,109,109.0,0.0,0
1i7zejl,110,110.0,1.0,0
1i7zejl,111,111.0,0.0,0
1i7zejl,112,112.0,0.0,0
1i7zejl,113,113.0,1.0,0
1i7zejl,114,114.0,0.0,0
1i7zejl,115,115.0,0.0,0
1i7zejl,116,116.0,0.0,0
1i7zejl,117,117.0,-1.0,0
1i7zejl,118,118.0,1.0,0
1i7zejl,119,119.0,0.0,0
1i7zejl,120,120.0,0.0,0
1i7zejl,121,121.0,1.0,0
1i7zejl,122,122.0,0.0,0
1i7zejl,123,123.0,0.0,0
1i7zejl,124,124.0,0.0,0
1i7zejl,125,125.0,-1.0,0
1i7zejl,126,126.0,-1.0,0
1i7zejl,127,127.0,-1.0,0
1i7zejl,128,128.0,-1.0,0
1i7zejl,129,129.0,-1.0,0
1i7zejl,130,130.0,-1.0,0
1i7zejl,131,131.0,-1.0,0
1i7zejl,132,132.0,0.0,0
1i7zejl,133,133.0,0.0,0
1i7zejl,134,134.0,-1.0,0
1i7zejl,135,135.0,-1.0,0
1i7zejl,136,136.0,-1.0,0
1i7zejl,137,137.0,-1.0,0
1i7zejl,138,138.0,-1.0,0
1i7zejl,139,139.0,0.0,0
1i7zejl,140,140.0,0.0,0
1i7zejl,141,141.0,0.0,0
1i7zejl,142,142.0,-1.0,0
1i7zejl,143,143.0,0.0,0
1i7zejl,144,144.0,0.0,0
1i7zejl,145,145.0,-1.0,0
1i7zejl,146,146.0,1.0,0
1i7zejl,147,147.0,0.0,0
1i7zejl,148,148.0,0.0,0
1i7zejl,149,149.0,0.0,0
1i7zejl,150,150.0,0.0,0
1i7zejl,151,151.0,-1.0,0
1i7zejl,152,152.0,0.0,0
1i7zejl,153,153.0,0.0,0
1i7zejl,154,154.0,0.0,0
1i7zejl,155,155.0,0.0,0
1i7zejl,156,156.0,0.0,0
1i7zejl,157,157.0,0.0,0
1i7zejl,158,158.0,0.0,0
1i7zejl,159,159.0,0.0,0
1i7zejl,160,160.0,0.0,0
1i7zejl,161,161.0,0.0,0
1i7zejl,162,162.0,-1.0,0
1i7zejl,163,163.0,-1.0,0
1i7zejl,164,164.0,-1.0,0
1i7zejl,165,165.0,0.0,0
1i7zejl,166,166.0,0.0,0
1i7zejl,167,167.0,0.0,0
1i7zejl,168,168.0,-1.0,0
1i7zejl,169,169.0,0.0,0
1i7zejl,170,170.0,0.0,0
1i7zejl,171,171.0,0.0,0
1i7zejl,172,172.0,0.0,0
1i7zejl,173,173.0,-1.0,0
1i7zejl,174,174.0,-1.0,0
1i7zejl,175,175.0,0.0,0
1i7zejl,176,176.0,0.0,0
1i7zejl,177,177.0,0.0,0
1i7zejl,178,178.0,0.0,0
1i7zejl,179,179.0,0.0,0
1i7zejl,180,180.0,-1.0,0
1i7zejl,181,181.0,0.0,0
1i7zejl,182,182.0,0.0,0
1i7zejl,183,183.0,0.0,0
1i7zejl,184,184.0,0.0,0
1i7zejl,185,185.0,0.0,0
1i7zejl,186,186.0,0.0,0
1i8bt1e,0,0.0,-1.0,0
1i8bt1e,1,1.0,-1.0,0
1i8bt1e,2,2.0,1.0,0
1i8bt1e,3,3.0,0.0,0
1i8bt1e,4,4.0,1.0,0
1i8bt1e,5,5.0,1.0,0
1i8bt1e,6,6.0,1.0,0
1i8bt1e,7,8.0,0.0,0
1i8bt1e,8,9.0,0.0,0
1i8bt1e,9,10.0,0.0,0
1i8bt1e,10,11.0,0.0,0
1i8bt1e,11,15.0,0.0,0
1i8bt1e,12,16.0,0.0,0
1i8bt1e,13,23.0,1.0,0
1i8bt1e,14,24.0,0.0,0
1i8bt1e,15,31.0,1.0,0
1i8bt1e,16,35.0,1.0,0
1i8bt1e,17,37.0,-1.0,0
1i8bt1e,18,39.0,-1.0,0
1i8bt1e,19,40.0,-1.0,0
1i8bt1e,20,42.0,0.0,0
1i9ix4e,0,0.0,1.0,0
1i9ix4e,1,1.0,-1.0,0
1i9ix4e,2,2.0,1.0,0
1i9ix4e,3,3.0,0.0,0
1i9ix4e,4,4.0,1.0,0
1i9ix4e,5,5.0,0.0,0
1i9ix4e,6,6.0,0.0,0
1i9ix4e,7,7.0,0.0,0
1i9ix4e,8,8.0,-1.0,0
1i9ix4e,9,9.0,1.0,0
1i9ix4e,10,10.0,-1.0,0
1i9ix4e,11,11.0,1.0,0
1i9ix4e,12,12.0,0.0,0
1i9ix4e,13,13.0,-1.0,0
1i9ix4e,14,14.0,-1.0,0
1i9ix4e,15,15.0,1.0,0
1i9ix4e,16,16.0,1.0,0
1i9ix4e,17,17.0,0.0,0
1i9ix4e,18,18.0,0.0,0
1i9ix4e,19,19.0,1.0,0
1i9ix4e,20,20.0,0.0,0
1i9ix4e,21,21.0,-1.0,0
1i9ix4e,22,22.0,-1.0,0
1i9ix4e,23,23.0,1.0,0
1i9ix4e,24,24.0,1.0,0
1i9ix4e,25,25.0,0.0,0
1i9ix4e,26,26.0,0.0,0
1i9ix4e,27,27.0,0.0,0
1i9ix4e,28,28.0,1.0,0
1i9ix4e,29,29.0,1.0,0
1i9ix4e,30,30.0,0.0,0
1i9ix4e,31,31.0,0.0,0
1i9ix4e,32,32.0,1.0,0
1i9ix4e,33,33.0,0.0,0
1i9ix4e,34,34.0,0.0,0
1i9ix4e,35,35.0,0.0,0
1i9ix4e,36,36.0,0.0,0
1i9ix4e,37,37.0,-1.0,0
1i9ix4e,38,38.0,0.0,0
1i9ix4e,39,39.0,1.0,0
1i9ix4e,40,40.0,1.0,0
1i9ix4e,41,41.0,0.0,0
1i9ix4e,42,42.0,-1.0,0
1i9ix4e,43,43.0,-1.0,0
1i9ix4e,44,44.0,1.0,0
1i9ix4e,45,45.0,1.0,0
1i9ix4e,46,46.0,0.0,0
1i9ix4e,47,47.0,-1.0,0
1i9ix4e,48,48.0,1.0,0
1i9ix4e,49,49.0,0.0,0
1i9ix4e,50,50.0,0.0,0
1i9ix4e,51,51.0,0.0,0
1i9ix4e,52,52.0,0.0,0
1i9ix4e,53,53.0,0.0,0
1i9ix4e,54,54.0,-1.0,0
1i9ix4e,55,55.0,-1.0,0
1i9ix4e,56,56.0,1.0,0
1i9ix4e,57,57.0,1.0,0
1i9ix4e,58,58.0,1.0,0
1i9ix4e,59,59.0,0.0,0
1i9ix4e,60,60.0,0.0,0
1i9ix4e,61,61.0,1.0,0
1i9ix4e,62,62.0,1.0,0
1i9ix4e,63,63.0,1.0,0
1i9ix4e,64,64.0,0.0,0
1i9ix4e,65,65.0,-1.0,0
1i9ix4e,66,66.0,0.0,0
1i9ix4e,67,67.0,0.0,0
1i9ix4e,68,68.0,0.0,0
1i9ix4e,69,69.0,0.0,0
1i9ix4e,70,70.0,0.0,0
1i9ix4e,71,71.0,0.0,0
1i9ix4e,72,72.0,-1.0,0
1i9ix4e,73,73.0,1.0,0
1i9ix4e,74,74.0,-1.0,0
1i9ix4e,75,75.0,-1.0,0
1i9ix4e,76,76.0,0.0,0
1i9ix4e,77,77.0,0.0,0
1i9ix4e,78,78.0,0.0,0
1i9ix4e,79,79.0,0.0,0
1i9ix4e,80,80.0,0.0,0
1i9ix4e,81,81.0,0.0,0
1i9ix4e,82,82.0,0.0,0
1i9ix4e,83,83.0,0.0,0
1i9ix4e,84,84.0,1.0,0
1i9ix4e,85,85.0,0.0,0
1i9ix4e,86,86.0,1.0,0
1i9ix4e,87,87.0,-1.0,0
1i9ix4e,88,88.0,0.0,0
1i9ix4e,89,89.0,0.0,0
1i9ix4e,90,90.0,-1.0,0
1i9ix4e,91,91.0,-1.0,0
1i9ix4e,92,92.0,-1.0,0
1i9ix4e,93,93.0,0.0,0
1i9ix4e,94,94.0,-1.0,0
1i9ix4e,95,95.0,-1.0,0
1i9ix4e,96,96.0,1.0,0
1i9ix4e,97,97.0,0.0,0
1i9ix4e,98,98.0,0.0,0
1i9ix4e,99,99.0,0.0,0
1i9ix4e,100,100.0,1.0,0
1i9ix4e,101,101.0,-1.0,0
1i9ix4e,102,102.0,0.0,0
1i9ix4e,103,103.0,0.0,0
1i9ix4e,104,104.0,-1.0,0
1i9ix4e,105,105.0,0.0,0
1i9ix4e,106,106.0,1.0,0
1i9ix4e,107,107.0,0.0,0
1i9ix4e,108,108.0,0.0,0
1i9ix4e,109,109.0,-1.0,0
1i9ix4e,110,110.0,1.0,0
1i9ix4e,111,111.0,-1.0,0
1i9ix4e,112,112.0,1.0,0
1i9ix4e,113,113.0,0.0,0
1i9ix4e,114,114.0,1.0,0
1ib1wm2,0,0.0,0.0,0
1ib1wm2,1,1.0,0.0,0
1ib1wm2,2,2.0,1.0,0
1ib1wm2,3,3.0,1.0,0
1ib1wm2,4,4.0,0.0,0
1ib1wm2,5,5.0,0.0,0
1ib1wm2,6,6.0,-1.0,0
1ib1wm2,7,7.0,1.0,0
1ib1wm2,8,8.0,-1.0,0
1ib1wm2,9,9.0,1.0,0
1ib1wm2,10,10.0,0.0,0
1ib1wm2,11,11.0,-1.0,0
1ib1wm2,12,12.0,1.0,0
1ib1wm2,13,13.0,-1.0,0
1ib1wm2,14,14.0,1.0,0
1ib1wm2,15,15.0,0.0,0
1ib1wm2,16,16.0,0.0,0
1ib1wm2,17,17.0,1.0,0
1ib1wm2,18,18.0,1.0,0
1ib1wm2,19,19.0,-1.0,0
1ib1wm2,20,20.0,0.0,0
1ib1wm2,21,21.0,0.0,0
1ib1wm2,22,22.0,1.0,0
1ib1wm2,23,23.0,1.0,0
1ib1wm2,24,24.0,1.0,0
1ib1wm2,25,25.0,-1.0,0
1ib1wm2,26,26.0,0.0,0
1ib1wm2,27,27.0,-1.0,0
1ib1wm2,28,28.0,0.0,0
1ib1wm2,29,29.0,0.0,0
1ib1wm2,30,30.0,0.0,0
1ib1wm2,31,31.0,-1.0,0
1ib1wm2,32,32.0,0.0,0
1ib1wm2,33,33.0,0.0,0
1ib1wm2,34,34.0,-1.0,0
1ib1wm2,35,35.0,0.0,0
1ib1wm2,36,36.0,0.0,0
1ib1wm2,37,37.0,0.0,0
1ib1wm2,38,38.0,0.0,0
1ib1wm2,39,39.0,0.0,0
1ib1wm2,40,40.0,0.0,0
1icbs4i,0,0.0,1.0,0
1icbs4i,1,1.0,-1.0,0
1icbs4i,2,2.0,-1.0,0
1icbs4i,3,3.0,-1.0,0
1icbs4i,4,4.0,0.0,0
1icbs4i,5,5.0,-1.0,0
1icbs4i,6,6.0,0.0,0
1icbs4i,7,7.0,1.0,0
1icbs4i,8,8.0,-1.0,0
1icbs4i,9,9.0,1.0,0
1icbs4i,10,10.0,0.0,0
1icbs4i,11,11.0,1.0,0
1icbs4i,12,12.0,0.0,0
1icbs4i,13,13.0,-1.0,0
1icbs4i,14,14.0,-1.0,0
1icbs4i,15,15.0,0.0,0
1icbs4i,16,16.0,1.0,0
1icbs4i,17,17.0,0.0,0
1icbs4i,18,18.0,-1.0,0
1icbs4i,19,19.0,-1.0,0
1icbs4i,20,20.0,0.0,0
1icbs4i,21,21.0,1.0,0
1icbs4i,22,22.0,0.0,0
1icbs4i,23,23.0,1.0,0
1icbs4i,24,24.0,1.0,0
1icbs4i,25,25.0,1.0,0
1icbs4i,26,26.0,0.0,0
1icbs4i,27,27.0,0.0,0
1icbs4i,28,28.0,1.0,0
1icbs4i,29,29.0,-1.0,0
1icbs4i,30,30.0,0.0,0
1icbs4i,31,31.0,1.0,0
1icbs4i,32,32.0,0.0,0
1icbs4i,33,33.0,-1.0,0
1icbs4i,34,34.0,0.0,0
1icbs4i,35,35.0,1.0,0
1icbs4i,36,36.0,1.0,0
1icbs4i,37,37.0,-1.0,0
1icbs4i,38,38.0,1.0,0
1icbs4i,39,39.0,-1.0,0
1icbs4i,40,40.0,-1.0,0
1icbs4i,41,41.0,0.0,0
1icbs4i,42,42.0,0.0,0
1icbs4i,43,43.0,0.0,0
1icbs4i,44,44.0,1.0,0
1icbs4i,45,45.0,1.0,0
1icbs4i,46,46.0,1.0,0
1icbs4i,47,47.0,1.0,0
1icbs4i,48,48.0,-1.0,0
1icbs4i,49,49.0,1.0,0
1icbs4i,50,50.0,0.0,0
1icbs4i,51,51.0,-1.0,0
1icbs4i,52,52.0,1.0,0
1icbs4i,53,53.0,-1.0,0
1icbs4i,54,54.0,-1.0,0
1icbs4i,55,55.0,-1.0,0
1icbs4i,56,56.0,1.0,0
1icbs4i,57,57.0,1.0,0
1icbs4i,58,58.0,0.0,0
1icbs4i,59,59.0,1.0,0
1icbs4i,60,60.0,-1.0,0
1icbs4i,61,61.0,-1.0,0
1icbs4i,62,62.0,-1.0,0
1icbs4i,63,63.0,-1.0,0
1icbs4i,64,64.0,0.0,0
1icbs4i,65,65.0,0.0,0
1icbs4i,66,66.0,0.0,0
1icbs4i,67,67.0,0.0,0
1icbs4i,68,68.0,-1.0,0
1icbs4i,69,69.0,0.0,0
1icbs4i,70,70.0,-1.0,0
1icbs4i,71,71.0,-1.0,0
1icbs4i,72,72.0,1.0,0
1icbs4i,73,73.0,0.0,0
1icbs4i,74,74.0,-1.0,0
1icbs4i,75,75.0,0.0,0
1icbs4i,76,76.0,1.0,0
1icbs4i,77,77.0,0.0,0
1icbs4i,78,78.0,-1.0,0
1icbs4i,79,79.0,0.0,0
1icbs4i,80,80.0,0.0,0
1icbs4i,81,81.0,0.0,0
1icbs4i,82,82.0,0.0,0
1icbs4i,83,83.0,0.0,0
1icbs4i,84,84.0,1.0,0
1icbs4i,85,85.0,1.0,0
1icbs4i,86,86.0,1.0,0
1icbs4i,87,87.0,0.0,0
1icbs4i,88,88.0,0.0,0
1icbs4i,89,89.0,0.0,0
1icbs4i,90,90.0,0.0,0
1icbs4i,91,91.0,0.0,0
1icbs4i,92,92.0,-1.0,0
1icbs4i,93,93.0,-1.0,0
1icbs4i,94,94.0,-1.0,0
1icbs4i,95,95.0,0.0,0
1icbs4i,96,96.0,-1.0,0
1icbs4i,97,97.0,-1.0,0
1icbs4i,98,98.0,0.0,0
1icbs4i,99,99.0,-1.0,0
1icbs4i,100,100.0,0.0,0
1icbs4i,101,101.0,0.0,0
1icbs4i,102,102.0,-1.0,0
1icbs4i,103,103.0,0.0,0
1icbs4i,104,104.0,0.0,0
1icbs4i,105,105.0,1.0,0
1icbs4i,106,106.0,0.0,0
1icbs4i,107,107.0,0.0,0
1icbs4i,108,108.0,0.0,0
1icbs4i,109,109.0,0.0,0
1icbs4i,110,110.0,0.0,0
1icbs4i,111,111.0,0.0,0
1icbs4i,112,112.0,-1.0,0
1icbs4i,113,113.0,-1.0,0
1icbs4i,114,114.0,0.0,0
1icbs4i,115,115.0,1.0,0
1icbs4i,116,116.0,0.0,0
1icbs4i,117,117.0,0.0,0
1icbs4i,118,118.0,0.0,0
1icbs4i,119,119.0,0.0,0
1icbs4i,120,120.0,-1.0,0
1icbs4i,121,121.0,-1.0,0
1icbs4i,122,122.0,-1.0,0
1icbs4i,123,123.0,-1.0,0
1icbs4i,124,124.0,-1.0,0
1icbs4i,125,125.0,0.0,0
1icbs4i,126,126.0,0.0,0
1icbs4i,127,127.0,-1.0,0
1icbs4i,128,128.0,-1.0,0
1icbs4i,129,129.0,-1.0,0
1icbs4i,130,130.0,1.0,0
1icbs4i,131,131.0,1.0,0
1icbs4i,132,132.0,-1.0,0
1icbs4i,133,133.0,-1.0,0
1icbs4i,134,134.0,-1.0,0
1icbs4i,135,135.0,1.0,0
1icbs4i,136,136.0,1.0,0
1icbs4i,137,137.0,1.0,0
1icbs4i,138,138.0,1.0,0
1icbs4i,139,139.0,0.0,0
1icbs4i,140,140.0,-1.0,0
1icbs4i,141,141.0,-1.0,0
1icbs4i,142,142.0,-1.0,0
1icbs4i,143,143.0,-1.0,0
1icbs4i,144,144.0,0.0,0
1icbs4i,145,145.0,0.0,0
1icbs4i,146,146.0,-1.0,0
1icbs4i,147,147.0,-1.0,0
1icbs4i,148,148.0,1.0,0
1icbs4i,149,149.0,1.0,0
1icbs4i,150,150.0,0.0,0
1icbs4i,151,151.0,0.0,0
1icbs4i,152,152.0,-1.0,0
1icbs4i,153,153.0,0.0,0
1icbs4i,154,154.0,1.0,0
1icbs4i,155,155.0,1.0,0
1icbs4i,156,156.0,0.0,0
1icbs4i,157,157.0,0.0,0
1icbs4i,158,158.0,0.0,0
1icbs4i,159,159.0,0.0,0
1icbs4i,160,160.0,0.0,0
1icbs4i,161,161.0,0.0,0
1icbs4i,162,162.0,0.0,0
1icbs4i,163,163.0,0.0,0
1icbs4i,164,164.0,0.0,0
1icbs4i,165,165.0,0.0,0
1icbs4i,166,166.0,0.0,0
1icbs4i,167,167.0,0.0,0
1icbs4i,168,168.0,0.0,0
1icbs4i,169,169.0,0.0,0
1icbs4i,170,170.0,0.0,0
1icbs4i,171,171.0,0.0,0
1icbs4i,172,172.0,1.0,0
1icbs4i,173,173.0,1.0,0
1icbs4i,174,174.0,1.0,0
1icbs4i,175,175.0,-1.0,0
1icbs4i,176,176.0,1.0,0
1icbs4i,177,177.0,0.0,0
1icbs4i,178,178.0,-1.0,0
1icbs4i,179,179.0,0.0,0
1icbs4i,180,180.0,0.0,0
1icbs4i,181,181.0,0.0,0
1icbs4i,182,182.0,0.0,0
1icbs4i,183,183.0,0.0,0
1icbs4i,184,184.0,-1.0,0
1icrrmk,0,0.0,0.0,0
1icrrmk,1,1.0,-1.0,0
1icrrmk,2,2.0,0.0,0
1icrrmk,3,3.0,1.0,0
1icrrmk,4,4.0,0.0,0
1icrrmk,5,5.0,-1.0,0
1icrrmk,6,6.0,0.0,0
1icrrmk,7,7.0,1.0,0
1icrrmk,8,8.0,0.0,0
1icrrmk,9,9.0,0.0,0
1icrrmk,10,10.0,0.0,0
1icrrmk,11,11.0,1.0,0
1icrrmk,12,12.0,0.0,0
1icrrmk,13,13.0,1.0,0
1icrrmk,14,14.0,0.0,0
1icrrmk,15,15.0,1.0,0
1icrrmk,16,16.0,0.0,0
1icrrmk,17,17.0,0.0,0
1icrrmk,18,18.0,0.0,0
1icrrmk,19,19.0,0.0,0
1icrrmk,20,20.0,0.0,0
1icrrmk,21,21.0,1.0,0
1icrrmk,22,22.0,0.0,0
1icrrmk,23,23.0,0.0,0
1icrrmk,24,24.0,-1.0,0
1icrrmk,25,25.0,0.0,0
1icrrmk,26,26.0,0.0,0
1icrrmk,27,27.0,0.0,0
1icrrmk,28,28.0,0.0,0
1icrrmk,29,29.0,0.0,0
1icrrmk,30,30.0,1.0,0
1icrrmk,31,31.0,0.0,0
1icrrmk,32,32.0,0.0,0
1icrrmk,33,33.0,0.0,0
1icrrmk,34,34.0,1.0,0
1icrrmk,35,35.0,0.0,0
1icrrmk,36,36.0,1.0,0
1icrrmk,37,37.0,1.0,0
1icrrmk,38,38.0,0.0,0
1icrrmk,39,39.0,0.0,0
1icrrmk,40,40.0,0.0,0
1icrrmk,41,41.0,0.0,0
1icrrmk,42,42.0,0.0,0
1icrrmk,43,43.0,0.0,0
1icrrmk,44,44.0,0.0,0
1icrrmk,45,45.0,0.0,0
1icrrmk,46,46.0,0.0,0
1icrrmk,47,47.0,0.0,0
1icrrmk,48,48.0,0.0,0
1icrrmk,49,49.0,0.0,0
1icrrmk,50,50.0,0.0,0
1icrrmk,51,51.0,1.0,0
1icrrmk,52,52.0,0.0,0
1icrrmk,53,53.0,0.0,0
1icrrmk,54,54.0,0.0,0
1icrrmk,55,55.0,1.0,0
1icrrmk,56,56.0,1.0,0
1icrrmk,57,57.0,0.0,0
1icrrmk,58,58.0,0.0,0
1icrrmk,59,59.0,0.0,0
1icrrmk,60,60.0,-1.0,0
1icrrmk,61,61.0,0.0,0
1icrrmk,62,62.0,0.0,0
1icrrmk,63,63.0,0.0,0
1icrrmk,64,64.0,0.0,0
1icrrmk,65,65.0,-1.0,0
1icrrmk,66,66.0,0.0,0
1icrrmk,67,67.0,1.0,0
1icrrmk,68,68.0,1.0,0
1icrrmk,69,69.0,1.0,0
1icrrmk,70,70.0,0.0,0
1icrrmk,71,71.0,1.0,0
1icrrmk,72,72.0,0.0,0
1icrrmk,73,73.0,0.0,0
1icrrmk,74,74.0,0.0,0
1icrrmk,75,75.0,0.0,0
1icrrmk,76,76.0,0.0,0
1icrrmk,77,77.0,0.0,0
1icrrmk,78,78.0,1.0,0
1icrrmk,79,79.0,1.0,0
1icrrmk,80,80.0,-1.0,0
1icrrmk,81,81.0,1.0,0
1icrrmk,82,82.0,0.0,0
1icrrmk,83,83.0,0.0,0
1icrrmk,84,84.0,1.0,0
1icrrmk,85,85.0,0.0,0
1icrrmk,86,86.0,1.0,0
1ido1ou,0,0.0,1.0,0
1ido1ou,1,1.0,0.0,0
1ido1ou,2,2.0,1.0,0
1ido1ou,3,3.0,0.0,0
1ido1ou,4,4.0,-1.0,0
1ido1ou,5,5.0,1.0,0
1ido1ou,6,6.0,0.0,0
1ido1ou,7,7.0,0.0,0
1ido1ou,8,8.0,0.0,0
1ido1ou,9,9.0,-1.0,0
1ido1ou,10,10.0,0.0,0
1ido1ou,11,11.0,0.0,0
1ido1ou,12,12.0,0.0,0
1ido1ou,13,13.0,1.0,0
1ido1ou,14,14.0,0.0,0
1ido1ou,15,15.0,0.0,0
1ido1ou,16,16.0,0.0,0
1ido1ou,17,17.0,1.0,0
1ido1ou,18,18.0,-1.0,0
1ido1ou,19,19.0,0.0,0
1ido1ou,20,20.0,0.0,0
1ido1ou,21,21.0,-1.0,0
1ido1ou,22,22.0,0.0,0
1ido1ou,23,23.0,0.0,0
1ido1ou,24,24.0,0.0,0
1ido1ou,25,25.0,0.0,0
1ido1ou,26,26.0,0.0,0
1ido1ou,27,27.0,0.0,0
1ido1ou,28,28.0,0.0,0
1ido1ou,29,29.0,0.0,0
1ido1ou,30,30.0,1.0,0
1ido1ou,31,31.0,1.0,0
1ido1ou,32,32.0,0.0,0
1ido1ou,33,33.0,0.0,0
1ido1ou,34,34.0,0.0,0
1ido1ou,35,35.0,0.0,0
1ido1ou,36,36.0,0.0,0
1ido1ou,37,37.0,-1.0,0
1ido1ou,38,38.0,1.0,0
1ido1ou,39,39.0,0.0,0
1ido1ou,40,40.0,1.0,0
1ido1ou,41,41.0,0.0,0
1ido1ou,42,42.0,0.0,0
1ido1ou,43,43.0,-1.0,0
1ido1ou,44,44.0,0.0,0
1ido1ou,45,45.0,1.0,0
1ido1ou,46,46.0,0.0,0
1ido1ou,47,47.0,-1.0,0
1ido1ou,48,48.0,1.0,0
1ido1ou,49,49.0,1.0,0
1ido1ou,50,50.0,1.0,0
1ido1ou,51,51.0,0.0,0
1ido1ou,52,52.0,0.0,0
1ido1ou,53,53.0,0.0,0
1ido1ou,54,54.0,0.0,0
1ido1ou,55,55.0,0.0,0
1ido1ou,56,56.0,0.0,0
1ido1ou,57,57.0,0.0,0
1ido1ou,58,58.0,0.0,0
1ido1ou,59,59.0,0.0,0
1ido1ou,60,60.0,0.0,0
1ido1ou,61,61.0,0.0,0
1ido1ou,62,62.0,0.0,0
1ido1ou,63,63.0,0.0,0
1ido1ou,64,64.0,0.0,0
1ido1ou,65,65.0,1.0,0
1ido1ou,66,66.0,-1.0,0
1ido1ou,67,67.0,0.0,0
1ido1ou,68,68.0,-1.0,0
1ido1ou,69,69.0,1.0,0
1ido1ou,70,70.0,1.0,0
1ido1ou,71,71.0,1.0,0
1ido1ou,72,72.0,0.0,0
1ieoclk,0,0.0,-1.0,0
1ieoclk,1,1.0,1.0,0
1ieoclk,2,2.0,0.0,0
1ieoclk,3,3.0,0.0,0
1ieoclk,4,4.0,0.0,0
1ieoclk,5,5.0,0.0,0
1ieoclk,6,6.0,0.0,0
1ieoclk,7,7.0,0.0,0
1ieoclk,8,8.0,1.0,0
1ieoclk,9,9.0,1.0,0
1ieoclk,10,10.0,0.0,0
1ieoclk,11,11.0,0.0,0
1ieoclk,12,12.0,0.0,0
1ieoclk,13,13.0,0.0,0
1ieoclk,14,14.0,1.0,0
1ieoclk,15,15.0,1.0,0
1ieoclk,16,16.0,0.0,0
1ieoclk,17,17.0,0.0,0
1ieoclk,18,18.0,0.0,0
1ieoclk,19,19.0,0.0,0
1ieoclk,20,20.0,0.0,0
1ieoclk,21,21.0,0.0,0
1ieoclk,22,22.0,1.0,0
1ieoclk,23,23.0,0.0,0
1ieoclk,24,24.0,0.0,0
1ieoclk,25,25.0,0.0,0
1ieoclk,26,26.0,-1.0,0
1ieoclk,27,27.0,0.0,0
1ieoclk,28,28.0,0.0,0
1ieoclk,29,29.0,0.0,0
1ieoclk,30,30.0,1.0,0
1ieoclk,31,31.0,1.0,0
1ieoclk,32,32.0,0.0,0
1ieoclk,33,33.0,1.0,0
1ieoclk,34,34.0,0.0,0
1ieoclk,35,35.0,0.0,0
1ieoclk,36,36.0,0.0,0
1ieoclk,37,37.0,0.0,0
1ieoclk,38,38.0,1.0,0
1ieoclk,39,39.0,0.0,0
1ieoclk,40,40.0,0.0,0
1ieoclk,41,41.0,1.0,0
1ieoclk,42,42.0,0.0,0
1ieoclk,43,43.0,1.0,0
1ieoclk,44,44.0,1.0,0
1ieoclk,45,45.0,1.0,0
1ieoclk,46,46.0,1.0,0
1ieoclk,47,47.0,1.0,0
1ieoclk,48,48.0,0.0,0
1ieoclk,49,49.0,0.0,0
1ieoclk,50,50.0,0.0,0
1ieoclk,51,51.0,0.0,0
1ieoclk,52,52.0,0.0,0
1ieoclk,53,53.0,0.0,0
1ieoclk,54,54.0,-1.0,0
1ieoclk,55,55.0,0.0,0
1ieoclk,56,56.0,-1.0,0
1ieoclk,57,57.0,1.0,0
1ieoclk,58,58.0,-1.0,0
1ieoclk,59,59.0,0.0,0
1ieoclk,60,60.0,0.0,0
1ieoclk,61,61.0,0.0,0
1ieoclk,62,62.0,0.0,0
1ieoclk,63,63.0,0.0,0
1ieoclk,64,64.0,0.0,0
1ieoclk,65,65.0,0.0,0
1ieoclk,66,66.0,0.0,0
1ieoclk,67,67.0,0.0,0
1ieoclk,68,68.0,0.0,0
1ieoclk,69,69.0,0.0,0
1ieoclk,70,70.0,1.0,0
1ieoclk,71,71.0,1.0,0
1ieoclk,72,72.0,0.0,0
1ieoclk,73,73.0,1.0,0
1ieoclk,74,74.0,0.0,0
1ieoclk,75,75.0,0.0,0
1ieoclk,76,76.0,0.0,0
1ieoclk,77,77.0,0.0,0
1ieoclk,78,78.0,0.0,0
1ieoclk,79,79.0,0.0,0
1iftfqb,0,0.0,-1.0,0
1iftfqb,1,1.0,0.0,0
1iftfqb,2,2.0,-1.0,0
1iftfqb,3,3.0,0.0,0
1iftfqb,4,4.0,0.0,0
1iftfqb,5,5.0,-1.0,0
1iftfqb,6,6.0,0.0,0
1iftfqb,7,7.0,0.0,0
1iftfqb,8,8.0,0.0,0
1iftfqb,9,9.0,-1.0,0
1iftfqb,10,10.0,-1.0,0
1iftfqb,11,11.0,0.0,0
1iftfqb,12,12.0,1.0,0
1iftfqb,13,13.0,0.0,0
1iftfqb,14,14.0,0.0,0
1iftfqb,15,15.0,0.0,0
1iftfqb,16,16.0,0.0,0
1iftfqb,17,17.0,0.0,0
1iftfqb,18,18.0,0.0,0
1iftfqb,19,19.0,0.0,0
1iftfqb,20,20.0,1.0,0
1iftfqb,21,21.0,0.0,0
1iftfqb,22,22.0,-1.0,0
1iftfqb,23,23.0,0.0,0
1iftfqb,24,24.0,0.0,0
1iftfqb,25,25.0,0.0,0
1iftfqb,26,26.0,0.0,0
1iftfqb,27,27.0,0.0,0
1iftfqb,28,28.0,-1.0,0
1iftfqb,29,29.0,-1.0,0
1iftfqb,30,30.0,0.0,0
1iftfqb,31,31.0,0.0,0
1iftfqb,32,32.0,0.0,0
1iftfqb,33,33.0,0.0,0
1iftfqb,34,34.0,0.0,0
1iftfqb,35,35.0,0.0,0
1iftfqb,36,36.0,0.0,0
1iftfqb,37,37.0,0.0,0
1iftfqb,38,38.0,1.0,0
1iftfqb,39,39.0,1.0,0
1iftfqb,40,40.0,1.0,0
1iftfqb,41,41.0,0.0,0
1iftfqb,42,42.0,0.0,0
1iftfqb,43,43.0,1.0,0
1iftfqb,44,44.0,0.0,0
1iftfqb,45,45.0,0.0,0
1iftfqb,46,46.0,0.0,0
1iftfqb,47,47.0,0.0,0
1iftfqb,48,48.0,0.0,0
1iftfqb,49,49.0,0.0,0
1iftfqb,50,50.0,0.0,0
1iftfqb,51,51.0,0.0,0
1iftfqb,52,52.0,0.0,0
1iftfqb,53,53.0,0.0,0
1iftfqb,54,54.0,0.0,0
1iftfqb,55,55.0,0.0,0
1iftfqb,56,56.0,1.0,0
1iftfqb,57,57.0,-1.0,0
1iftfqb,58,58.0,0.0,0
1iftfqb,59,59.0,-1.0,0
1iftfqb,60,60.0,0.0,0
1iftfqb,61,61.0,0.0,0
1iftfqb,62,62.0,0.0,0
1iftfqb,63,63.0,0.0,0
1iftfqb,64,64.0,-1.0,0
1iftfqb,65,65.0,0.0,0
1iftfqb,66,66.0,0.0,0
1iftfqb,67,67.0,0.0,0
1iftfqb,68,68.0,0.0,0
1iftfqb,69,69.0,0.0,0
1iftfqb,70,70.0,0.0,0
1iftfqb,71,71.0,0.0,0
1iftfqb,72,72.0,0.0,0
1iftfqb,73,73.0,0.0,0
1iftfqb,74,74.0,1.0,0
1iftfqb,75,75.0,-1.0,0
1iftfqb,76,76.0,0.0,0
1iftfqb,77,77.0,0.0,0
1iftfqb,78,78.0,0.0,0
1iftfqb,79,79.0,-1.0,0
1iftfqb,80,80.0,-1.0,0
1iftfqb,81,81.0,0.0,0
1iftfqb,82,82.0,0.0,0
1iftfqb,83,83.0,0.0,0
1iftfqb,84,84.0,0.0,0
1iftfqb,85,85.0,0.0,0
1iftfqb,86,86.0,0.0,0
1iftfqb,87,87.0,0.0,0
1iftfqb,88,88.0,-1.0,0
1iftfqb,89,89.0,0.0,0
1iftfqb,90,90.0,-1.0,0
1iftfqb,91,91.0,-1.0,0
1iftfqb,92,92.0,0.0,0
1iftfqb,93,93.0,0.0,0
1iftfqb,94,94.0,0.0,0
1iftfqb,95,95.0,0.0,0
1iftfqb,96,96.0,0.0,0
1iftfqb,97,97.0,0.0,0
1iftfqb,98,98.0,0.0,0
1iftfqb,99,99.0,0.0,0
1iftfqb,100,100.0,0.0,0
1iftfqb,101,101.0,0.0,0
1iftfqb,102,102.0,0.0,0
1iftfqb,103,103.0,0.0,0
1iftfqb,104,104.0,0.0,0
1iftfqb,105,105.0,0.0,0
1iftfqb,106,106.0,0.0,0
1iftfqb,107,107.0,0.0,0
1iftfqb,108,108.0,0.0,0
1iftfqb,109,109.0,0.0,0
1iftfqb,110,110.0,1.0,0
1iftfqb,111,111.0,1.0,0
1iftfqb,112,112.0,0.0,0
1iftfqb,113,113.0,0.0,0
1iftfqb,114,114.0,0.0,0
1iftfqb,115,115.0,0.0,0
1iftfqb,116,116.0,0.0,0
1iftfqb,117,117.0,-1.0,0
1iftfqb,118,118.0,-1.0,0
1iftfqb,119,119.0,0.0,0
1iftfqb,120,120.0,0.0,0
1iftfqb,121,121.0,0.0,0
1iftfqb,122,122.0,0.0,0
1iftfqb,123,123.0,0.0,0
1iftfqb,124,124.0,0.0,0
1iftfqb,125,125.0,0.0,0
1iftfqb,126,126.0,0.0,0
1iftfqb,127,127.0,0.0,0
1iftfqb,128,128.0,-1.0,0
1iftfqb,129,129.0,0.0,0
1iftfqb,130,130.0,0.0,0
1iftfqb,131,131.0,0.0,0
1iftfqb,132,132.0,-1.0,0
1iftfqb,133,133.0,-1.0,0
1iftfqb,134,134.0,-1.0,0
1iftfqb,135,135.0,0.0,0
1iftfqb,136,136.0,0.0,0
1iftfqb,137,137.0,0.0,0
1iftfqb,138,138.0,0.0,0
1iftfqb,139,139.0,0.0,0
1iftfqb,140,140.0,0.0,0
1iftfqb,141,141.0,0.0,0
1iftfqb,142,142.0,0.0,0
1iftfqb,143,143.0,-1.0,0
1iftfqb,144,144.0,0.0,0
1iftfqb,145,145.0,0.0,0
1iftfqb,146,146.0,-1.0,0
1iftfqb,147,147.0,0.0,0
1iftfqb,148,148.0,1.0,0
1iftfqb,149,149.0,-1.0,0
1iftfqb,150,150.0,0.0,0
1iftfqb,151,151.0,0.0,0
1iftfqb,152,152.0,0.0,0
1iftfqb,153,153.0,0.0,0
1iftfqb,154,154.0,0.0,0
1iftfqb,155,155.0,0.0,0
1iftfqb,156,156.0,-1.0,0
1iftfqb,157,157.0,0.0,0
1iftfqb,158,158.0,0.0,0
1iftfqb,159,159.0,0.0,0
1iftfqb,160,160.0,0.0,0
1iftfqb,161,161.0,-1.0,0
1iftfqb,162,162.0,0.0,0
1iftfqb,163,163.0,0.0,0
1iftfqb,164,164.0,0.0,0
1iftfqb,165,165.0,0.0,0
1iftfqb,166,166.0,0.0,0
1iftfqb,167,167.0,0.0,0
1iftfqb,168,168.0,0.0,0
1iftfqb,169,169.0,0.0,0
1iftfqb,170,170.0,0.0,0
1iftfqb,171,171.0,0.0,0
1iftfqb,172,172.0,0.0,0
1iftfqb,173,173.0,0.0,0
1iftfqb,174,174.0,0.0,0
1iftfqb,175,175.0,0.0,0
1iftfqb,176,176.0,0.0,0
1iftfqb,177,177.0,0.0,0
1iftfqb,178,178.0,0.0,0
1iftfqb,179,179.0,0.0,0
1iftfqb,180,180.0,0.0,0
1igk67i,0,0.0,1.0,0
1igk67i,1,1.0,1.0,0
1igk67i,2,2.0,0.0,0
1igk67i,3,3.0,0.0,0
1igk67i,4,4.0,1.0,0
1igk67i,5,5.0,1.0,0
1igk67i,6,6.0,0.0,0
1igk67i,7,7.0,0.0,0
1igk67i,8,8.0,0.0,0
1igk67i,9,9.0,0.0,0
1igk67i,10,10.0,0.0,0
1igk67i,11,11.0,1.0,0
1igk67i,12,12.0,0.0,0
1igk67i,13,13.0,1.0,0
1igk67i,14,14.0,-1.0,0
1igk67i,15,15.0,1.0,0
1igk67i,16,16.0,1.0,0
1igk67i,17,17.0,0.0,0
1igk67i,18,18.0,0.0,0
1igk67i,19,19.0,-1.0,0
1igk67i,20,20.0,-1.0,0
1igk67i,21,21.0,1.0,0
1igk67i,22,22.0,1.0,0
1igk67i,23,23.0,1.0,0
1igk67i,24,24.0,-1.0,0
1igk67i,25,25.0,0.0,0
1igk67i,26,26.0,0.0,0
1igk67i,27,27.0,0.0,0
1igk67i,28,28.0,0.0,0
1igk67i,29,29.0,1.0,0
1igk67i,30,30.0,1.0,0
1igk67i,31,31.0,0.0,0
1igk67i,32,32.0,0.0,0
1igk67i,33,33.0,0.0,0
1igk67i,34,34.0,0.0,0
1igk67i,35,35.0,0.0,0
1igk67i,36,36.0,0.0,0
1igk67i,37,37.0,0.0,0
1igk67i,38,38.0,1.0,0
1igk67i,39,39.0,0.0,0
1igk67i,40,40.0,1.0,0
1igvjx0,0,0.0,0.0,0
1igvjx0,1,1.0,-1.0,0
1il7a7q,0,0.0,0.0,0
1il7a7q,1,1.0,1.0,0
1il7a7q,2,2.0,-1.0,0
1il7a7q,3,3.0,0.0,0
1il7a7q,4,4.0,-1.0,0
1il7a7q,5,5.0,0.0,0
1il7a7q,6,6.0,-1.0,0
1il7a7q,7,7.0,-1.0,0
1il7a7q,8,8.0,-1.0,0
1il7a7q,9,9.0,1.0,0
1il7a7q,10,10.0,-1.0,0
1il7a7q,11,11.0,1.0,0
1il7a7q,12,12.0,0.0,0
1il7a7q,13,13.0,1.0,0
1il7a7q,14,14.0,0.0,0
1il7a7q,15,15.0,0.0,0
1il7a7q,16,16.0,1.0,0
1il7a7q,17,17.0,1.0,0
1il7a7q,18,18.0,1.0,0
1il7a7q,19,19.0,1.0,0
1il7a7q,20,20.0,0.0,0
1il7a7q,21,21.0,1.0,0
1il7a7q,22,22.0,-1.0,0
1il7a7q,23,23.0,0.0,0
1il7a7q,24,24.0,0.0,0
1il7a7q,25,25.0,-1.0,0
1il7a7q,26,26.0,0.0,0
1il7a7q,27,27.0,0.0,0
1il7a7q,28,28.0,1.0,0
1il7a7q,29,29.0,0.0,0
1il7a7q,30,30.0,1.0,0
1il7a7q,31,31.0,0.0,0
1il7a7q,32,32.0,0.0,0
1il7a7q,33,33.0,0.0,0
1il7a7q,34,34.0,0.0,0
1il7a7q,35,35.0,1.0,0
1il7a7q,36,36.0,-1.0,0
1il7a7q,37,37.0,-1.0,0
1il7a7q,38,38.0,0.0,0
1il7a7q,39,39.0,-1.0,0
1il7a7q,40,40.0,-1.0,0
1il7a7q,41,41.0,1.0,0
1il7a7q,42,42.0,-1.0,0
1il7a7q,43,43.0,0.0,0
1il7a7q,44,44.0,0.0,0
1il7a7q,45,45.0,0.0,0
1il7a7q,46,46.0,1.0,0
1il7a7q,47,47.0,0.0,0
1il7a7q,48,48.0,1.0,0
1il7a7q,49,49.0,1.0,0
1il7a7q,50,50.0,1.0,0
1il7a7q,51,51.0,1.0,0
1il7a7q,52,52.0,-1.0,0
1il7a7q,53,53.0,-1.0,0
1il7a7q,54,54.0,-1.0,0
1il7a7q,55,55.0,0.0,0
1il7a7q,56,56.0,0.0,0
1il7a7q,57,57.0,1.0,0
1il7a7q,58,58.0,0.0,0
1il7a7q,59,59.0,-1.0,0
1il7a7q,60,60.0,0.0,0
1il7a7q,61,61.0,0.0,0
1il7a7q,62,62.0,0.0,0
1il7a7q,63,63.0,0.0,0
1il7a7q,64,64.0,1.0,0
1il7a7q,65,65.0,-1.0,0
1il7a7q,66,66.0,0.0,0
1il7a7q,67,67.0,-1.0,0
1il7a7q,68,68.0,-1.0,0
1il7a7q,69,69.0,1.0,0
1il7a7q,70,70.0,0.0,0
1il7a7q,71,71.0,0.0,0
1il7a7q,72,72.0,0.0,0
1il7a7q,73,73.0,0.0,0
1il7a7q,74,74.0,0.0,0
1il7a7q,75,75.0,0.0,0
1il7a7q,76,76.0,-1.0,0
1il7a7q,77,77.0,-1.0,0
1il7a7q,78,78.0,0.0,0
1il7a7q,79,79.0,1.0,0
1il7a7q,80,80.0,1.0,0
1il7a7q,81,81.0,0.0,0
1il7a7q,82,82.0,0.0,0
1il7a7q,83,83.0,-1.0,0
1il7a7q,84,84.0,0.0,0
1il7a7q,85,85.0,-1.0,0
1im52z6,0,0.0,-1.0,0
1im52z6,1,1.0,-1.0,0
1im52z6,2,2.0,0.0,0
1im52z6,3,3.0,0.0,0
1im52z6,4,4.0,0.0,0
1im52z6,5,5.0,-1.0,0
1im52z6,6,6.0,-1.0,0
1im52z6,7,7.0,0.0,0
1im52z6,8,8.0,0.0,0
1im52z6,9,9.0,0.0,0
1im52z6,10,10.0,1.0,0
1im52z6,11,11.0,0.0,0
1im52z6,12,12.0,0.0,0
1im52z6,13,13.0,0.0,0
1im52z6,14,14.0,0.0,0
1im52z6,15,15.0,1.0,0
1im52z6,16,16.0,1.0,0
1im52z6,17,17.0,-1.0,0
1im52z6,18,18.0,0.0,0
1im52z6,19,19.0,-1.0,0
1im52z6,20,20.0,1.0,0
1im52z6,21,21.0,-1.0,0
1im52z6,22,22.0,1.0,0
1im52z6,23,23.0,0.0,0
1im52z6,24,24.0,1.0,0
1im52z6,25,25.0,-1.0,0
1im52z6,26,26.0,0.0,0
1im52z6,27,27.0,0.0,0
1im52z6,28,28.0,-1.0,0
1im52z6,29,29.0,0.0,0
1im52z6,30,30.0,0.0,0
1im52z6,31,31.0,0.0,0
1im52z6,32,32.0,0.0,0
1im52z6,33,33.0,0.0,0
1im52z6,34,34.0,0.0,0
1im52z6,35,35.0,0.0,0
1im52z6,36,36.0,0.0,0
1im52z6,37,37.0,1.0,0
1im52z6,38,38.0,0.0,0
1im52z6,39,39.0,0.0,0
1im52z6,40,40.0,0.0,0
1im52z6,41,41.0,0.0,0
1im52z6,42,42.0,0.0,0
1im52z6,43,43.0,1.0,0
1im52z6,44,44.0,0.0,0
1im52z6,45,45.0,0.0,0
1im52z6,46,46.0,1.0,0
1im52z6,47,47.0,1.0,0
1im52z6,48,48.0,0.0,0
1im52z6,49,49.0,1.0,0
1im52z6,50,50.0,1.0,0
1im52z6,51,51.0,1.0,0
1im52z6,52,52.0,0.0,0
1im52z6,53,53.0,1.0,0
1im52z6,54,54.0,1.0,0
1im52z6,55,55.0,1.0,0
1im52z6,56,56.0,1.0,0
1im52z6,57,57.0,1.0,0
1im52z6,58,58.0,1.0,0
1im52z6,59,59.0,0.0,0
1im52z6,60,60.0,0.0,0
1im52z6,61,61.0,0.0,0
1im52z6,62,62.0,1.0,0
1im52z6,63,63.0,1.0,0
1im52z6,64,64.0,0.0,0
1im52z6,65,65.0,0.0,0
1imvwdd,0,0.0,-1.0,0
1imvwdd,1,1.0,1.0,0
1imvwdd,2,2.0,-1.0,0
1imvwdd,3,3.0,0.0,0
1imvwdd,4,4.0,0.0,0
1imvwdd,5,5.0,0.0,0
1imvwdd,6,6.0,1.0,0
1imvwdd,7,7.0,-1.0,0
1imvwdd,8,8.0,-1.0,0
1imvwdd,9,9.0,-1.0,0
1imvwdd,10,10.0,1.0,0
1imvwdd,11,11.0,1.0,0
1imvwdd,12,12.0,1.0,0
1imvwdd,13,13.0,-1.0,0
1imvwdd,14,14.0,1.0,0
1imvwdd,15,15.0,0.0,0
1imvwdd,16,16.0,0.0,0
1imvwdd,17,17.0,1.0,0
1imvwdd,18,18.0,1.0,0
1imvwdd,19,19.0,-1.0,0
1imvwdd,20,20.0,-1.0,0
1imvwdd,21,21.0,1.0,0
1imvwdd,22,22.0,-1.0,0
1imvwdd,23,23.0,0.0,0
1imvwdd,24,24.0,0.0,0
1imvwdd,25,25.0,-1.0,0
1imvwdd,26,26.0,1.0,0
1imvwdd,27,27.0,0.0,0
1imvwdd,28,28.0,-1.0,0
1imvwdd,29,29.0,0.0,0
1imvwdd,30,30.0,0.0,0
1imvwdd,31,31.0,0.0,0
1imvwdd,32,32.0,0.0,0
1imvwdd,33,33.0,0.0,0
1imvwdd,34,34.0,0.0,0
1imvwdd,35,35.0,0.0,0
1imvwdd,36,36.0,1.0,0
1imvwdd,37,37.0,0.0,0
1imvwdd,38,38.0,0.0,0
1iqt4ns,0,0.0,1.0,0
1iqt4ns,1,1.0,1.0,0
1iqt4ns,2,2.0,0.0,0
1iqt4ns,3,3.0,0.0,0
1iqt4ns,4,4.0,1.0,0
1iqt4ns,5,5.0,1.0,0
1iqt4ns,6,6.0,0.0,0
1iqt4ns,7,7.0,0.0,0
1iqt4ns,8,8.0,0.0,0
1iqt4ns,9,9.0,0.0,0
1iqt4ns,10,10.0,0.0,0
1iqt4ns,11,11.0,0.0,0
1iqt4ns,12,12.0,0.0,0
1iqt4ns,13,13.0,0.0,0
1iqt4ns,14,14.0,0.0,0
1iqt4ns,15,15.0,0.0,0
1iqt4ns,16,16.0,-1.0,0
1iqt4ns,17,17.0,1.0,0
1iqt4ns,18,18.0,-1.0,0
1iqt4ns,19,19.0,1.0,0
1iqt4ns,20,20.0,0.0,0
1iqt4ns,21,21.0,0.0,0
1iqt4ns,22,22.0,-1.0,0
1iqt4ns,23,23.0,0.0,0
1iqt4ns,24,24.0,-1.0,0
1iqt4ns,25,25.0,0.0,0
1iqt4ns,26,26.0,1.0,0
1iqt4ns,27,27.0,0.0,0
1iqt4ns,28,28.0,1.0,0
1iqt4ns,29,29.0,0.0,0
1iqt4ns,30,30.0,-1.0,0
1iqt4ns,31,31.0,1.0,0
1iqt4ns,32,32.0,0.0,0
1iqt4ns,33,33.0,1.0,0
1iqt4ns,34,34.0,0.0,0
1iqt4ns,35,35.0,0.0,0
1iqt4ns,36,36.0,0.0,0
1iqt4ns,37,37.0,1.0,0
1iqt4ns,38,38.0,1.0,0
1iqt4ns,39,39.0,1.0,0
1iqt4ns,40,40.0,1.0,0
1iqt4ns,41,41.0,0.0,0
1iqt4ns,42,42.0,1.0,0
1iqt4ns,43,43.0,0.0,0
1iqt4ns,44,44.0,1.0,0
1iqt4ns,45,45.0,1.0,0
1iqt4ns,46,46.0,1.0,0
1iqt4ns,47,47.0,0.0,0
1iqt4ns,48,48.0,1.0,0
1iqt4ns,49,49.0,1.0,0
1iqt4ns,50,50.0,1.0,0
1iqt4ns,51,51.0,1.0,0
1iqt4ns,52,52.0,0.0,0
1iqt4ns,53,53.0,1.0,0
1iqt4ns,54,54.0,0.0,0
1iqt4ns,55,55.0,0.0,0
1iqt4ns,56,56.0,1.0,0
1iqt4ns,57,57.0,0.0,0
1iqt4ns,58,58.0,0.0,0
1iqt4ns,59,59.0,0.0,0
1iqt4ns,60,60.0,0.0,0
1iqt4ns,61,61.0,1.0,0
1iqt4ns,62,62.0,0.0,0
1iqt4ns,63,63.0,0.0,0
1iqt4ns,64,64.0,1.0,0
1iqt4ns,65,65.0,1.0,0
1iqt4ns,66,66.0,0.0,0
1iqt4ns,67,67.0,1.0,0
1iqt4ns,68,68.0,0.0,0
1iqt4ns,69,69.0,1.0,0
1iqt4ns,70,70.0,0.0,0
1iqt4ns,71,71.0,0.0,0
1iqt4ns,72,72.0,0.0,0
1iqt4ns,73,73.0,0.0,0
1iqt4ns,74,74.0,0.0,0
1iqt4ns,75,75.0,1.0,0
1iqt4ns,76,76.0,1.0,0
1iqt4ns,77,77.0,1.0,0
1iqt4ns,78,78.0,1.0,0
1iqt4ns,79,79.0,1.0,0
1iqt4ns,80,80.0,1.0,0
1iqt4ns,81,81.0,1.0,0
1iqt4ns,82,82.0,-1.0,0
1iqt4ns,83,83.0,1.0,0
1iqt4ns,84,84.0,-1.0,0
1iqt4ns,85,85.0,0.0,0
1iqt4ns,86,86.0,1.0,0
1iqt4ns,87,87.0,0.0,0
1iqt4ns,88,88.0,1.0,0
1iqt4ns,89,89.0,0.0,0
1iqt4ns,90,90.0,0.0,0
1iqt4ns,91,91.0,0.0,0
1iqt4ns,92,92.0,0.0,0
1iqt4ns,93,93.0,-1.0,0
1iqt4ns,94,94.0,0.0,0
1iqt4ns,95,95.0,0.0,0
1iqt4ns,96,96.0,1.0,0
1iqt4ns,97,97.0,0.0,0
1iqt4ns,98,98.0,0.0,0
1iqt4ns,99,99.0,0.0,0
1iqt4ns,100,100.0,0.0,0
1iqt4ns,101,101.0,0.0,0
1iqt4ns,102,102.0,1.0,0
1iqt4ns,103,103.0,0.0,0
1iqt4ns,104,104.0,0.0,0
1iqt4ns,105,105.0,0.0,0
1iqt4ns,106,106.0,1.0,0
1iqt4ns,107,107.0,0.0,0
1iqt4ns,108,108.0,0.0,0
1iqt4ns,109,109.0,0.0,0
1iqt4ns,110,110.0,0.0,0
1iqt4ns,111,111.0,0.0,0
1iqt4ns,112,112.0,1.0,0
1iqt4ns,113,113.0,0.0,0
1iqt4ns,114,114.0,-1.0,0
1iqt4ns,115,115.0,0.0,0
1iqt4ns,116,116.0,0.0,0
1iqt4ns,117,117.0,0.0,0
1iqt4ns,118,118.0,0.0,0
1iqt4ns,119,119.0,0.0,0
1iqt4ns,120,120.0,0.0,0
1iqt4ns,121,121.0,0.0,0
1iqt4ns,122,122.0,0.0,0
1iqt4ns,123,123.0,0.0,0
1iqt4ns,124,124.0,0.0,0
1iqt4ns,125,125.0,1.0,0
1iqt4ns,126,126.0,0.0,0
1iqt4ns,127,127.0,0.0,0
1iqt4ns,128,128.0,0.0,0
1iqt4ns,129,129.0,0.0,0
1iqt4ns,130,130.0,0.0,0
1iqt4ns,131,131.0,0.0,0
1iqt4ns,132,132.0,0.0,0
1iqt4ns,133,133.0,0.0,0
1iqt4ns,134,134.0,0.0,0
1iqt4ns,135,135.0,0.0,0
1iqt4ns,136,136.0,-1.0,0
1iqt4ns,137,137.0,0.0,0
1iqt4ns,138,138.0,0.0,0
1iqt4ns,139,139.0,-1.0,0
1iqt4ns,140,140.0,-1.0,0
1iqt4ns,141,141.0,0.0,0
1iqt4ns,142,142.0,0.0,0
1iqt4ns,143,143.0,0.0,0
1iqt4ns,144,144.0,0.0,0
1iqt4ns,145,145.0,0.0,0
1iqt4ns,146,146.0,0.0,0
1iqt4ns,147,147.0,0.0,0
1iqt4ns,148,148.0,0.0,0
1iqt4ns,149,149.0,0.0,0
1iqt4ns,150,150.0,0.0,0
1iqt4ns,151,151.0,0.0,0
1irq5pv,0,0.0,-1.0,0
1irq5pv,1,1.0,0.0,0
1irq5pv,2,2.0,-1.0,0
1irq5pv,3,3.0,0.0,0
1irq5pv,4,4.0,-1.0,0
1irq5pv,5,5.0,0.0,0
1irq5pv,6,6.0,0.0,0
1irq5pv,7,7.0,0.0,0
1irq5pv,8,8.0,0.0,0
1irq5pv,9,9.0,1.0,0
1irq5pv,10,10.0,0.0,0
1irq5pv,11,11.0,-1.0,0
1irq5pv,12,12.0,0.0,0
1irq5pv,13,13.0,0.0,0
1irq5pv,14,14.0,1.0,0
1irq5pv,15,15.0,1.0,0
1irq5pv,16,16.0,0.0,0
1irq5pv,17,17.0,1.0,0
1irq5pv,18,18.0,0.0,0
1irq5pv,19,19.0,0.0,0
1irq5pv,20,20.0,-1.0,0
1irq5pv,21,21.0,1.0,0
1irq5pv,22,22.0,0.0,0
1irq5pv,23,23.0,0.0,0
1irq5pv,24,24.0,1.0,0
1irq5pv,25,25.0,0.0,0
1irq5pv,26,26.0,1.0,0
1irq5pv,27,27.0,0.0,0
1irq5pv,28,28.0,0.0,0
1irq5pv,29,29.0,0.0,0
1irq5pv,30,30.0,0.0,0
1irq5pv,31,31.0,-1.0,0
1irq5pv,32,32.0,0.0,0
1irq5pv,33,33.0,1.0,0
1irq5pv,34,34.0,1.0,0
1irq5pv,35,35.0,0.0,0
1irq5pv,36,36.0,0.0,0
1irq5pv,37,37.0,0.0,0
1irq5pv,38,38.0,0.0,0
1irq5pv,39,39.0,0.0,0
1irq5pv,40,40.0,0.0,0
1irq5pv,41,41.0,0.0,0
1irq5pv,42,42.0,0.0,0
1irq5pv,43,43.0,0.0,0
1irq5pv,44,44.0,0.0,0
1irq5pv,45,45.0,0.0,0
1irq5pv,46,46.0,0.0,0
1irq5pv,47,47.0,0.0,0
1irq5pv,48,48.0,0.0,0
1irq5pv,49,49.0,0.0,0
1irq5pv,50,50.0,0.0,0
1irq5pv,51,51.0,1.0,0
1irq5pv,52,52.0,1.0,0
1irq5pv,53,53.0,0.0,0
1irq5pv,54,54.0,0.0,0
1irq5pv,55,55.0,0.0,0
1irq5pv,56,56.0,0.0,0
1irq5pv,57,57.0,0.0,0
1irq5pv,58,58.0,0.0,0
1irq5pv,59,59.0,0.0,0
1irq5pv,60,60.0,-1.0,0
1irq5pv,61,61.0,0.0,0
1irq5pv,62,62.0,0.0,0
1irq5pv,63,63.0,0.0,0
1irq5pv,64,64.0,0.0,0
1irq5pv,65,65.0,-1.0,0
1irq5pv,66,66.0,0.0,0
1irq5pv,67,67.0,0.0,0
1irq5pv,68,68.0,0.0,0
1irq5pv,69,69.0,0.0,0
1irq5pv,70,70.0,0.0,0
1irq5pv,71,71.0,0.0,0
1irq5pv,72,72.0,0.0,0
1irq5pv,73,73.0,0.0,0
1irq5pv,74,74.0,0.0,0
1irq5pv,75,75.0,0.0,0
1irq5pv,76,76.0,0.0,0
1irq5pv,77,77.0,0.0,0
1irq5pv,78,78.0,0.0,0
1irq5pv,79,79.0,0.0,0
1irq5pv,80,80.0,1.0,0
1irq5pv,81,81.0,0.0,0
1irq5pv,82,82.0,0.0,0
1irq5pv,83,83.0,0.0,0
1irq5pv,84,84.0,0.0,0
1irq5pv,85,85.0,0.0,0
1irq5pv,86,86.0,0.0,0
1irq5pv,87,87.0,0.0,0
1irq5pv,88,88.0,0.0,0
1irq5pv,89,89.0,0.0,0
1irq5pv,90,90.0,0.0,0
1irq5pv,91,91.0,1.0,0
1irq5pv,92,92.0,0.0,0
1irq5pv,93,93.0,1.0,0
1irq5pv,94,94.0,1.0,0
1irq5pv,95,95.0,1.0,0
1irq5pv,96,96.0,0.0,0
1irq5pv,97,97.0,0.0,0
1irq5pv,98,98.0,0.0,0
1irq5pv,99,99.0,1.0,0
1irq5pv,100,100.0,0.0,0
1irq5pv,101,101.0,1.0,0
1irq5pv,102,102.0,0.0,0
1irq5pv,103,103.0,0.0,0
1irq5pv,104,104.0,1.0,0
1irq5pv,105,105.0,0.0,0
1irq5pv,106,106.0,-1.0,0
1irq5pv,107,107.0,0.0,0
1irq5pv,108,108.0,0.0,0
1irq5pv,109,109.0,0.0,0
1irq5pv,110,110.0,0.0,0
1irq5pv,111,111.0,0.0,0
1irq5pv,112,112.0,0.0,0
1irq5pv,113,113.0,0.0,0
1irq5pv,114,114.0,0.0,0
1irq5pv,115,115.0,1.0,0
1irq5pv,116,116.0,0.0,0
1irq5pv,117,117.0,0.0,0
1irq5pv,118,118.0,0.0,0
1irq5pv,119,119.0,0.0,0
1irq5pv,120,120.0,0.0,0
1irq5pv,121,121.0,0.0,0
1irq5pv,122,122.0,0.0,0
1irq5pv,123,123.0,0.0,0
1irq5pv,124,124.0,1.0,0
1irq5pv,125,125.0,0.0,0
1irq5pv,126,126.0,0.0,0
1irq5pv,127,127.0,0.0,0
1irq5pv,128,128.0,0.0,0
1irq5pv,129,129.0,0.0,0
1irq5pv,130,130.0,1.0,0
1irq5pv,131,131.0,0.0,0
1irq5pv,132,132.0,0.0,0
1irq5pv,133,133.0,0.0,0
1irq5pv,134,134.0,-1.0,0
1irq5pv,135,135.0,0.0,0
1irq5pv,136,136.0,0.0,0
1irq5pv,137,137.0,0.0,0
1irq5pv,138,138.0,0.0,0
1irq5pv,139,139.0,0.0,0
1irq5pv,140,140.0,0.0,0
1irq5pv,141,141.0,0.0,0
1irq5pv,142,142.0,0.0,0
1irq5pv,143,143.0,0.0,0
1irq5pv,144,144.0,0.0,0
1irq5pv,145,145.0,0.0,0
1irq5pv,146,146.0,0.0,0
1irq5pv,147,147.0,0.0,0
1irq5pv,148,148.0,0.0,0
1irq5pv,149,149.0,0.0,0
1irq5pv,150,150.0,0.0,0
1irq5pv,151,151.0,0.0,0
1irq5pv,152,152.0,0.0,0
1irq5pv,153,153.0,0.0,0
1irq5pv,154,154.0,0.0,0
1irq5pv,155,155.0,0.0,0
1irq5pv,156,156.0,0.0,0
1irq5pv,157,157.0,0.0,0
1irq5pv,158,158.0,0.0,0
1irq5pv,159,159.0,0.0,0
1irq5pv,160,160.0,0.0,0
1irq5pv,161,161.0,0.0,0
1irq5pv,162,162.0,0.0,0
1irq5pv,163,163.0,0.0,0
1irq5pv,164,164.0,0.0,0
1irr7vr,0,0.0,0.0,0
1irr7vr,1,1.0,0.0,0
1irr7vr,2,2.0,1.0,0
1irr7vr,3,3.0,0.0,0
1irr7vr,4,4.0,0.0,0
1irr7vr,5,5.0,1.0,0
1irr7vr,6,6.0,-1.0,0
1irr7vr,7,7.0,0.0,0
1irr7vr,8,8.0,0.0,0
1irr7vr,9,9.0,1.0,0
1irr7vr,10,10.0,1.0,0
1irr7vr,11,11.0,0.0,0
1irr7vr,12,12.0,-1.0,0
1irr7vr,13,13.0,0.0,0
1irr7vr,14,14.0,-1.0,0
1irr7vr,15,15.0,-1.0,0
1irr7vr,16,16.0,0.0,0
1irr7vr,17,17.0,-1.0,0
1irr7vr,18,18.0,-1.0,0
1irr7vr,19,19.0,0.0,0
1irr7vr,20,20.0,0.0,0
1irr7vr,21,21.0,-1.0,0
1irr7vr,22,22.0,0.0,0
1irr7vr,23,23.0,0.0,0
1irr7vr,24,24.0,0.0,0
1irr7vr,25,25.0,-1.0,0
1irr7vr,26,26.0,0.0,0
1irr7vr,27,27.0,1.0,0
1irr7vr,28,28.0,0.0,0
1irr7vr,29,29.0,0.0,0
1irr7vr,30,30.0,0.0,0
1irr7vr,31,31.0,0.0,0
1irr7vr,32,32.0,0.0,0
1irr7vr,33,33.0,0.0,0
1irr7vr,34,34.0,0.0,0
1irr7vr,35,35.0,1.0,0
1irr7vr,36,36.0,1.0,0
1irr7vr,37,37.0,0.0,0
1irr7vr,38,38.0,0.0,0
1irr7vr,39,39.0,0.0,0
1irr7vr,40,40.0,1.0,0
1irr7vr,41,41.0,0.0,0
1irr7vr,42,42.0,1.0,0
1irr7vr,43,43.0,0.0,0
1irr7vr,44,44.0,0.0,0
1irr7vr,45,45.0,0.0,0
1irr7vr,46,46.0,1.0,0
1irr7vr,47,47.0,0.0,0
1irr7vr,48,48.0,0.0,0
1irr7vr,49,49.0,0.0,0
1irr7vr,50,50.0,1.0,0
1irr7vr,51,51.0,0.0,0
1irr7vr,52,52.0,1.0,0
1irr7vr,53,53.0,0.0,0
1irr7vr,54,54.0,-1.0,0
1irr7vr,55,55.0,-1.0,0
1irr7vr,56,56.0,-1.0,0
1irr7vr,57,57.0,1.0,0
1irr7vr,58,58.0,1.0,0
1irr7vr,59,59.0,1.0,0
1irr7vr,60,60.0,-1.0,0
1irr7vr,61,61.0,-1.0,0
1irr7vr,62,62.0,0.0,0
1irr7vr,63,63.0,0.0,0
1irr7vr,64,64.0,0.0,0
1irr7vr,65,65.0,0.0,0
1irr7vr,66,66.0,0.0,0
1irr7vr,67,67.0,1.0,0
1irr7vr,68,68.0,0.0,0
1irr7vr,69,69.0,0.0,0
1irr7vr,70,70.0,0.0,0
1irr7vr,71,71.0,1.0,0
1irr7vr,72,72.0,1.0,0
1irr7vr,73,73.0,1.0,0
1irr7vr,74,74.0,0.0,0
1irr7vr,75,75.0,1.0,0
1irr7vr,76,76.0,1.0,0
1irr7vr,77,77.0,0.0,0
1irr7vr,78,78.0,-1.0,0
1irr7vr,79,79.0,0.0,0
1irr7vr,80,80.0,0.0,0
1irr7vr,81,81.0,1.0,0
1irr7vr,82,82.0,0.0,0
1irr7vr,83,83.0,1.0,0
1irr7vr,84,84.0,1.0,0
1irr7vr,85,85.0,0.0,0
1irr7vr,86,86.0,1.0,0
1irr7vr,87,87.0,0.0,0
1irr7vr,88,88.0,0.0,0
1irr7vr,89,89.0,0.0,0
1irr7vr,90,90.0,0.0,0
1irr7vr,91,91.0,0.0,0
1irr7vr,92,92.0,0.0,0
1irr7vr,93,93.0,0.0,0
1irr7vr,94,94.0,1.0,0
1irr7vr,95,95.0,1.0,0
1irr7vr,96,96.0,1.0,0
1irr7vr,97,97.0,1.0,0
1irr7vr,98,98.0,1.0,0
1irr7vr,99,99.0,0.0,0
1irr7vr,100,100.0,1.0,0
1irr7vr,101,101.0,1.0,0
1irr7vr,102,102.0,0.0,0
1irr7vr,103,103.0,-1.0,0
1irr7vr,104,104.0,-1.0,0
1irr7vr,105,105.0,-1.0,0
1irr7vr,106,106.0,0.0,0
1irr7vr,107,107.0,0.0,0
1irr7vr,108,108.0,-1.0,0
1irr7vr,109,109.0,-1.0,0
1irr7vr,110,110.0,-1.0,0
1irr7vr,111,111.0,1.0,0
1irv8vs,0,0.0,0.0,0
1irv8vs,1,1.0,-1.0,0
1irv8vs,2,2.0,0.0,0
1irv8vs,3,3.0,0.0,0
1irv8vs,4,4.0,-1.0,0
1irv8vs,5,5.0,1.0,0
1irv8vs,6,6.0,0.0,0
1irv8vs,7,7.0,0.0,0
1irv8vs,8,8.0,0.0,0
1irv8vs,9,9.0,0.0,0
1irv8vs,10,10.0,0.0,0
1irv8vs,11,11.0,-1.0,0
1irv8vs,12,12.0,0.0,0
1irv8vs,13,13.0,0.0,0
1irv8vs,14,14.0,-1.0,0
1irv8vs,15,15.0,0.0,0
1irv8vs,16,16.0,0.0,0
1irv8vs,17,17.0,-1.0,0
1irv8vs,18,18.0,1.0,0
1irv8vs,19,19.0,0.0,0
1irv8vs,20,20.0,0.0,0
1irv8vs,21,21.0,0.0,0
1irv8vs,22,22.0,0.0,0
1irv8vs,23,23.0,0.0,0
1irv8vs,24,24.0,1.0,0
1irv8vs,25,25.0,0.0,0
1irv8vs,26,26.0,0.0,0
1irv8vs,27,27.0,-1.0,0
1irv8vs,28,28.0,0.0,0
1irv8vs,29,29.0,0.0,0
1irv8vs,30,30.0,-1.0,0
1irv8vs,31,31.0,0.0,0
1irv8vs,32,32.0,0.0,0
1irv8vs,33,33.0,0.0,0
1irv8vs,34,34.0,0.0,0
1irv8vs,35,35.0,0.0,0
1irv8vs,36,36.0,0.0,0
1irv8vs,37,37.0,0.0,0
1irv8vs,38,38.0,0.0,0
1irv8vs,39,39.0,0.0,0
1irv8vs,40,40.0,0.0,0
1irv8vs,41,41.0,-1.0,0
1irv8vs,42,42.0,0.0,0
1irv8vs,43,43.0,0.0,0
1irv8vs,44,44.0,0.0,0
1irv8vs,45,45.0,-1.0,0
1irv8vs,46,46.0,0.0,0
1ise5ot,0,0.0,-1.0,0
1ise5ot,1,1.0,1.0,0
1ise5ot,2,2.0,0.0,0
1ise5ot,3,3.0,1.0,0
1ise5ot,4,4.0,1.0,0
1ise5ot,5,5.0,0.0,0
1ise5ot,6,6.0,0.0,0
1ise5ot,7,7.0,1.0,0
1ise5ot,8,8.0,-1.0,0
1ise5ot,9,9.0,1.0,0
1ise5ot,10,10.0,-1.0,0
1ise5ot,11,11.0,1.0,0
1ise5ot,12,12.0,1.0,0
1ise5ot,13,13.0,0.0,0
1ise5ot,14,14.0,1.0,0
1ise5ot,15,15.0,-1.0,0
1ise5ot,16,16.0,0.0,0
1ise5ot,17,17.0,1.0,0
1ise5ot,18,18.0,0.0,0
1ise5ot,19,19.0,1.0,0
1ise5ot,20,20.0,-1.0,0
1ise5ot,21,21.0,0.0,0
1ise5ot,22,22.0,0.0,0
1ise5ot,23,23.0,0.0,0
1ise5ot,24,24.0,-1.0,0
1ise5ot,25,25.0,1.0,0
1ise5ot,26,26.0,0.0,0
1ise5ot,27,27.0,0.0,0
1ise5ot,28,28.0,0.0,0
1ise5ot,29,29.0,0.0,0
1ise5ot,30,30.0,0.0,0
1ise5ot,31,31.0,0.0,0
1ise5ot,32,32.0,1.0,0
1ise5ot,33,33.0,0.0,0
1ise5ot,34,34.0,0.0,0
1ise5ot,35,35.0,0.0,0
1ise5ot,36,36.0,1.0,0
1ise5ot,37,37.0,0.0,0
1ise5ot,38,38.0,0.0,0
1ise5ot,39,39.0,1.0,0
1ise5ot,40,40.0,0.0,0
1ise5ot,41,41.0,1.0,0
1ise5ot,42,42.0,1.0,0
1ise5ot,43,43.0,1.0,0
1ise5ot,44,44.0,1.0,0
1ise5ot,45,45.0,-1.0,0
1ise5ot,46,46.0,0.0,0
1ise5ot,47,47.0,0.0,0
1ise5ot,48,48.0,0.0,0
1ise5ot,49,49.0,0.0,0
1ise5ot,50,50.0,0.0,0
1ise5ot,51,51.0,0.0,0
1ise5ot,52,52.0,0.0,0
1ise5ot,53,53.0,0.0,0
1ise5ot,54,54.0,0.0,0
1ise5ot,55,55.0,1.0,0
1ise5ot,56,56.0,1.0,0
1ise5ot,57,57.0,1.0,0
1ise5ot,58,58.0,1.0,0
1ise5ot,59,59.0,1.0,0
1ise5ot,60,60.0,1.0,0
1ise5ot,61,61.0,1.0,0
1ise5ot,62,62.0,-1.0,0
1ise5ot,63,63.0,0.0,0
1ise5ot,64,64.0,-1.0,0
1ise5ot,65,65.0,1.0,0
1ise5ot,66,66.0,0.0,0
1ise5ot,67,67.0,1.0,0
1ise5ot,68,68.0,-1.0,0
1ise5ot,69,69.0,0.0,0
1ise5ot,70,70.0,0.0,0
1ise5ot,71,71.0,0.0,0
1ise5ot,72,72.0,1.0,0
1ise5ot,73,73.0,-1.0,0
1ise5ot,74,74.0,0.0,0
1ise5ot,75,75.0,1.0,0
1ise5ot,76,76.0,-1.0,0
1ise5ot,77,77.0,1.0,0
1ise5ot,78,78.0,1.0,0
1ise5ot,79,79.0,1.0,0
1ise5ot,80,80.0,1.0,0
1ise5ot,81,81.0,1.0,0
1ise5ot,82,82.0,1.0,0
1ise5ot,83,83.0,1.0,0
1ise5ot,84,84.0,1.0,0
1ise5ot,85,85.0,1.0,0
1ise5ot,86,86.0,0.0,0
1ise5ot,87,87.0,0.0,0
1ise5ot,88,88.0,0.0,0
1ise5ot,89,89.0,0.0,0
1ise5ot,90,90.0,1.0,0
1ise5ot,91,91.0,0.0,0
1ise5ot,92,92.0,1.0,0
1ise5ot,93,93.0,-1.0,0
1ise5ot,94,94.0,1.0,0
1ise5ot,95,95.0,0.0,0
1ise5ot,96,96.0,0.0,0
1ise5ot,97,97.0,0.0,0
1ise5ot,98,98.0,0.0,0
1ise5ot,99,99.0,0.0,0
1ise5ot,100,100.0,0.0,0
1ise5ot,101,101.0,1.0,0
1ise5ot,102,102.0,1.0,0
1ise5ot,103,103.0,0.0,0
1ise5ot,104,104.0,0.0,0
1ise5ot,105,105.0,1.0,0
1ise5ot,106,106.0,0.0,0
1ise5ot,107,107.0,0.0,0
1ise5ot,108,108.0,0.0,0
1ise5ot,109,109.0,0.0,0
1ise5ot,110,110.0,0.0,0
1ise5ot,111,111.0,0.0,0
1ise5ot,112,112.0,0.0,0
1ise5ot,113,113.0,0.0,0
1ise5ot,114,114.0,0.0,0
1ise5ot,115,115.0,0.0,0
1ise5ot,116,116.0,1.0,0
1ise5ot,117,117.0,1.0,0
1ise5ot,118,118.0,1.0,0
1ise5ot,119,119.0,1.0,0
1ise5ot,120,120.0,-1.0,0
1ise5ot,121,121.0,1.0,0
1ise5ot,122,122.0,0.0,0
1ise5ot,123,123.0,-1.0,0
1ise5ot,124,124.0,1.0,0
1ise5ot,125,125.0,1.0,0
1ise5ot,126,126.0,0.0,0
1ise5ot,127,127.0,1.0,0
1ise5ot,128,128.0,1.0,0
1ise5ot,129,129.0,1.0,0
1ise5ot,130,130.0,-1.0,0
1ise5ot,131,131.0,1.0,0
1ise5ot,132,132.0,0.0,0
1ise5ot,133,133.0,1.0,0
1ise5ot,134,134.0,0.0,0
1ise5ot,135,135.0,0.0,0
1ise5ot,136,136.0,1.0,0
1ise5ot,137,137.0,1.0,0
1ise5ot,138,138.0,1.0,0
1ise5ot,139,139.0,0.0,0
1ise5ot,140,140.0,1.0,0
1ise5ot,141,141.0,1.0,0
1ise5ot,142,142.0,1.0,0
1ise5ot,143,143.0,1.0,0
1ise5ot,144,144.0,0.0,0
1ise5ot,145,145.0,1.0,0
1ise5ot,146,146.0,0.0,0
1ise5ot,147,147.0,1.0,0
1ise5ot,148,148.0,1.0,0
1ise5ot,149,149.0,1.0,0
1ise5ot,150,150.0,1.0,0
1ise5ot,151,151.0,1.0,0
1ise5ot,152,152.0,1.0,0
1ise5ot,153,153.0,1.0,0
1ise5ot,154,154.0,0.0,0
1ise5ot,155,155.0,1.0,0
1ise5ot,156,156.0,0.0,0
1ise5ot,157,157.0,0.0,0
1ise5ot,158,158.0,0.0,0
1ise5ot,159,159.0,1.0,0
1ise5ot,160,160.0,1.0,0
1ise5ot,161,161.0,1.0,0
1ise5ot,162,162.0,0.0,0
1ise5ot,163,163.0,1.0,0
1ise5ot,164,164.0,0.0,0
1ise5ot,165,165.0,1.0,0
1ise5ot,166,166.0,-1.0,0
1ise5ot,167,167.0,0.0,0
1ise5ot,168,168.0,0.0,0
1ise5ot,169,169.0,0.0,0
1ise5ot,170,170.0,0.0,0
1ise5ot,171,171.0,0.0,0
1ise5ot,172,172.0,0.0,0
1ise5ot,173,173.0,0.0,0
1ise5ot,174,174.0,0.0,0
1ise5ot,175,175.0,0.0,0
1ise5ot,176,176.0,0.0,0
1ise5ot,177,177.0,0.0,0
1ise5ot,178,178.0,0.0,0
1ise5ot,179,179.0,0.0,0
1ise5ot,180,180.0,0.0,0
1ise5ot,181,181.0,0.0,0
1ise5ot,182,182.0,1.0,0
1ise5ot,183,183.0,1.0,0
1ise5ot,184,184.0,1.0,0
1ise5ot,185,185.0,0.0,0
1ise5ot,186,186.0,1.0,0
1ise5ot,187,187.0,1.0,0
1ise5ot,188,188.0,0.0,0
1ise5ot,189,189.0,0.0,0
1ise5ot,190,190.0,0.0,0
1ise5ot,191,191.0,0.0,0
1ise5ot,192,192.0,0.0,0
1ise5ot,193,193.0,1.0,0
1ise5ot,194,194.0,0.0,0
1ise5ot,195,195.0,1.0,0
1ise5ot,196,196.0,0.0,0
1ise5ot,197,197.0,0.0,0
1ism5i4,0,0.0,-1.0,0
1ism5i4,1,1.0,1.0,0
1ism5i4,2,2.0,1.0,0
1ism5i4,3,3.0,0.0,0
1ism5i4,4,4.0,0.0,0
1ism5i4,5,5.0,0.0,0
1ism5i4,6,6.0,1.0,0
1ism5i4,7,7.0,1.0,0
1ism5i4,8,8.0,0.0,0
1ism5i4,9,9.0,1.0,0
1ism5i4,10,10.0,-1.0,0
1ism5i4,11,11.0,-1.0,0
1ism5i4,12,12.0,1.0,0
1ism5i4,13,13.0,0.0,0
1ism5i4,14,14.0,1.0,0
1ism5i4,15,15.0,0.0,0
1ism5i4,16,16.0,0.0,0
1ism5i4,17,17.0,0.0,0
1ism5i4,18,18.0,0.0,0
1ism5i4,19,19.0,-1.0,0
1ism5i4,20,20.0,0.0,0
1ism5i4,21,21.0,1.0,0
1ism5i4,22,22.0,1.0,0
1ism5i4,23,23.0,0.0,0
1ism5i4,24,24.0,1.0,0
1ism5i4,25,25.0,1.0,0
1ism5i4,26,26.0,-1.0,0
1ism5i4,27,27.0,0.0,0
1ism5i4,28,28.0,0.0,0
1ism5i4,29,29.0,-1.0,0
1ism5i4,30,30.0,0.0,0
1ism5i4,31,31.0,0.0,0
1ism5i4,32,32.0,0.0,0
1ism5i4,33,33.0,0.0,0
1itdks0,0,1.0,0.0,1
1itdks0,1,2.0,1.0,1
1itdks0,2,3.0,-1.0,1
1itdks0,3,4.0,0.0,1
1itdks0,4,5.0,1.0,1
1itdks0,5,6.0,-1.0,1
1itdks0,6,7.0,0.0,1
1itdks0,7,8.0,-1.0,1
1itdks0,8,9.0,0.0,1
1itdks0,9,10.0,-1.0,1
1itdks0,10,11.0,-1.0,1
1itdks0,11,12.0,0.0,1
1itdks0,12,13.0,0.0,1
1itdks0,13,14.0,0.0,1
1itdks0,14,15.0,-1.0,1
1itdks0,15,16.0,-1.0,1
1itdks0,16,17.0,0.0,1
1itdks0,17,18.0,-1.0,1
1itdks0,18,19.0,1.0,1
1itdks0,19,20.0,-1.0,1
1itdks0,20,21.0,1.0,1
1itdks0,21,22.0,-1.0,1
1itdks0,22,23.0,1.0,1
1itdks0,23,24.0,-1.0,1
1itdks0,24,25.0,1.0,1
1itdks0,25,26.0,-1.0,1
1itdks0,26,27.0,1.0,1
1itdks0,27,28.0,0.0,1
1itdks0,28,29.0,0.0,1
1itdks0,29,30.0,1.0,1
1itdks0,30,31.0,0.0,1
1itdks0,31,32.0,0.0,1
1itdks0,32,33.0,0.0,1
1itdks0,33,34.0,0.0,1
1itdks0,34,35.0,0.0,1
1itdks0,35,36.0,0.0,1
1itdks0,36,37.0,-1.0,1
1itdks0,37,38.0,1.0,1
1itdks0,38,39.0,1.0,1
1itdks0,39,40.0,-1.0,1
1itdks0,40,41.0,-1.0,1
1itdks0,41,42.0,1.0,1
1itdks0,42,43.0,1.0,1
1itdks0,43,44.0,1.0,1
1itdks0,44,45.0,0.0,1
1itdks0,45,46.0,0.0,1
1itdks0,46,47.0,0.0,1
1itdks0,47,48.0,0.0,1
1itdks0,48,49.0,0.0,1
1itdks0,49,50.0,0.0,1
1itdks0,50,51.0,1.0,1
1itdks0,51,52.0,-1.0,1
1itdks0,52,53.0,0.0,1
1itdks0,53,54.0,0.0,1
1itdks0,54,55.0,0.0,1
1itdks0,55,56.0,-1.0,1
1itdks0,56,57.0,0.0,1
1itdks0,57,58.0,0.0,1
1itdks0,58,59.0,1.0,1
1itdks0,59,60.0,0.0,1
1itdks0,60,61.0,0.0,1
1itdks0,61,62.0,0.0,1
1itdks0,62,63.0,-1.0,1
1itdks0,63,64.0,0.0,1
1itdks0,64,65.0,0.0,1
1itdks0,65,66.0,0.0,1
1itdks0,66,67.0,0.0,1
1itdks0,67,68.0,0.0,1
1itdks0,68,69.0,0.0,1
1itdks0,69,70.0,-1.0,1
1itdks0,70,71.0,0.0,1
1itdks0,71,72.0,-1.0,1
1itdks0,72,73.0,-1.0,1
1itdks0,73,74.0,1.0,1
1itdks0,74,75.0,1.0,1
1itdks0,75,76.0,0.0,1
1itdks0,76,77.0,1.0,1
1itdks0,77,78.0,0.0,1
1itdks0,78,79.0,0.0,1
1itdks0,79,80.0,-1.0,1
1itdks0,80,81.0,1.0,1
1itdks0,81,82.0,0.0,1
1itdks0,82,83.0,0.0,1
1itdks0,83,84.0,-1.0,1
1itdks0,84,85.0,0.0,1
1itdks0,85,86.0,-1.0,1
1itdks0,86,87.0,1.0,1
1itdks0,87,88.0,0.0,1
1itdks0,88,89.0,1.0,1
1itdks0,89,90.0,0.0,1
1itdks0,90,91.0,0.0,1
1itdks0,91,92.0,0.0,1
1itdks0,92,93.0,0.0,1
1itdks0,93,94.0,0.0,1
1itdks0,94,95.0,1.0,1
1itdks0,95,96.0,1.0,1
1itdks0,96,97.0,1.0,1
1itdks0,97,98.0,1.0,1
1itdks0,98,99.0,1.0,1
1itdks0,99,100.0,1.0,1
1itdks0,100,101.0,1.0,1
1itdks0,101,102.0,1.0,1
1itdks0,102,103.0,0.0,1
1itdks0,103,104.0,-1.0,1
1itdks0,104,105.0,0.0,1
1itdks0,105,106.0,1.0,1
1itdks0,106,107.0,0.0,1
1itdks0,107,108.0,1.0,1
1itdks0,108,109.0,1.0,1
1itdks0,109,110.0,1.0,1
1itdks0,110,111.0,0.0,1
1itdks0,111,112.0,1.0,1
1itdks0,112,113.0,1.0,1
1itdks0,113,114.0,1.0,1
1itdks0,114,115.0,1.0,1
1itdks0,115,116.0,1.0,1
1itdks0,116,117.0,0.0,1
1itdks0,117,118.0,0.0,1
1itdks0,118,119.0,0.0,1
1itdks0,119,120.0,0.0,1
1itdks0,120,121.0,0.0,1
1itdks0,121,122.0,0.0,1
1itdks0,122,123.0,0.0,1
1itdks0,123,124.0,-1.0,1
1itdks0,124,125.0,0.0,1
1itdks0,125,126.0,1.0,1
1itdks0,126,127.0,1.0,1
1itdks0,127,128.0,1.0,1
1itdks0,128,129.0,1.0,1
1itdks0,129,130.0,1.0,1
1itdks0,130,131.0,1.0,1
1itdks0,131,132.0,1.0,1
1itdks0,132,133.0,0.0,1
1itdks0,133,134.0,0.0,1
1itdks0,134,135.0,1.0,1
1itdks0,135,136.0,0.0,1
1itdks0,136,137.0,1.0,1
1itdks0,137,138.0,1.0,1
1itdks0,138,139.0,0.0,1
1itdks0,139,140.0,0.0,1
1itdks0,140,141.0,0.0,1
1itdks0,141,142.0,0.0,1
1itdks0,142,143.0,0.0,1
1itdks0,143,144.0,0.0,1
1itdks0,144,145.0,0.0,1
1itdks0,145,146.0,0.0,1
1itdks0,146,147.0,0.0,1
1itdks0,147,148.0,1.0,1
1iw9atv,0,0.0,1.0,0
1iw9atv,1,1.0,0.0,0
1iw9atv,2,2.0,1.0,0
1iw9atv,3,3.0,0.0,0
1iw9atv,4,4.0,1.0,0
1iy40fx,0,0.0,1.0,1
1iy40fx,1,1.0,1.0,1
1iz0hqd,0,1.0,1.0,0
1iz0hqd,1,2.0,-1.0,0
1iz0hqd,2,3.0,0.0,0
1iz0hqd,3,4.0,1.0,0
1iz0hqd,4,5.0,-1.0,0
1iz0hqd,5,6.0,0.0,0
1iz0hqd,6,7.0,1.0,0
1iz0hqd,7,8.0,-1.0,0
1iz0hqd,8,9.0,0.0,0
1izkir9,0,0.0,0.0,0
1izkir9,1,1.0,0.0,0
1izkir9,2,2.0,0.0,0
1izkir9,3,3.0,0.0,0
1izkir9,4,4.0,0.0,0
1izkir9,5,5.0,0.0,0
1izkir9,6,6.0,0.0,0
1izkir9,7,7.0,0.0,0
1izkir9,8,8.0,0.0,0
1izkir9,9,9.0,0.0,0
1izkir9,10,10.0,0.0,0
1izkir9,11,11.0,1.0,0
1izkir9,12,12.0,1.0,0
1izkir9,13,13.0,1.0,0
1izkir9,14,14.0,0.0,0
1izkir9,15,15.0,0.0,0
1izkir9,16,16.0,1.0,0
1izkir9,17,17.0,0.0,0
1izkir9,18,18.0,0.0,0
1izkir9,19,19.0,0.0,0
1izkir9,20,20.0,0.0,0
1izkir9,21,21.0,0.0,0
1izkir9,22,22.0,-1.0,0
1izkir9,23,23.0,1.0,0
1izkir9,24,24.0,0.0,0
1izkir9,25,25.0,0.0,0
1izkir9,26,26.0,0.0,0
1izkir9,27,27.0,0.0,0
1izkir9,28,28.0,0.0,0
1izkir9,29,29.0,-1.0,0
1izkir9,30,30.0,0.0,0
1izkir9,31,31.0,-1.0,0
1izkir9,32,32.0,0.0,0
1izkir9,33,33.0,1.0,0
1izkir9,34,34.0,-1.0,0
1izkir9,35,35.0,1.0,0
1izkir9,36,36.0,1.0,0
1izkir9,37,37.0,-1.0,0
1izkir9,38,38.0,0.0,0
1izkir9,39,39.0,1.0,0
1izkir9,40,40.0,0.0,0
1izkir9,41,41.0,0.0,0
1izkir9,42,42.0,0.0,0
1izkir9,43,43.0,1.0,0
1izkir9,44,44.0,0.0,0
1izkir9,45,45.0,-1.0,0
1izkir9,46,46.0,-1.0,0
1izkir9,47,47.0,0.0,0
1izkir9,48,48.0,0.0,0
1izkir9,49,49.0,0.0,0
1izkir9,50,50.0,-1.0,0
1izkir9,51,51.0,0.0,0
1izkir9,52,52.0,0.0,0
1izkir9,53,53.0,0.0,0
1izkir9,54,54.0,0.0,0
1izkir9,55,55.0,0.0,0
1izkir9,56,56.0,0.0,0
1izkir9,57,57.0,1.0,0
1izkir9,58,58.0,0.0,0
1izkir9,59,59.0,0.0,0
1izkir9,60,60.0,0.0,0
1izkir9,61,61.0,0.0,0
1izkir9,62,62.0,0.0,0
1izkir9,63,63.0,1.0,0
1izkir9,64,64.0,0.0,0
1izkir9,65,65.0,0.0,0
1izkir9,66,66.0,0.0,0
1izkir9,67,67.0,1.0,0
1izkir9,68,68.0,0.0,0
1izkir9,69,69.0,0.0,0
1izkir9,70,70.0,0.0,0
1izkir9,71,71.0,0.0,0
1izkir9,72,72.0,0.0,0
1izkir9,73,73.0,0.0,0
1izkir9,74,74.0,1.0,0
1izkir9,75,75.0,0.0,0
1izkir9,76,76.0,0.0,0
1izkir9,77,77.0,0.0,0
1izkir9,78,78.0,1.0,0
1izkir9,79,79.0,0.0,0
1izkir9,80,80.0,1.0,0
1izkir9,81,81.0,1.0,0
1izkir9,82,82.0,1.0,0
1izkir9,83,83.0,1.0,0
1izkir9,84,84.0,1.0,0
1izkir9,85,85.0,1.0,0
1izkir9,86,86.0,0.0,0
1izkir9,87,87.0,0.0,0
1izkir9,88,88.0,1.0,0
1izkir9,89,89.0,1.0,0
1izkir9,90,90.0,1.0,0
1izkir9,91,91.0,1.0,0
1izkir9,92,92.0,1.0,0
1izkir9,93,93.0,0.0,0
1izkir9,94,94.0,0.0,0
1izkir9,95,95.0,0.0,0
1izkir9,96,96.0,1.0,0
1izkir9,97,97.0,1.0,0
1izkir9,98,98.0,0.0,0
1izkir9,99,99.0,1.0,0
1izkir9,100,100.0,0.0,0
1izkir9,101,101.0,1.0,0
1izkir9,102,102.0,1.0,0
1izkir9,103,103.0,-1.0,0
1izkir9,104,104.0,-1.0,0
1izkir9,105,105.0,0.0,0
1j02nm5,0,0.0,1.0,0
1j02nm5,1,1.0,1.0,0
1j02nm5,2,2.0,0.0,0
1j02nm5,3,3.0,1.0,0
1j02nm5,4,4.0,1.0,0
1j02nm5,5,5.0,0.0,0
1j02nm5,6,6.0,1.0,0
1j02nm5,7,7.0,0.0,0
1j02nm5,8,8.0,1.0,0
1j02nm5,9,9.0,0.0,0
1j02nm5,10,10.0,1.0,0
1j02nm5,11,11.0,1.0,0
1j02nm5,12,12.0,1.0,0
1j02nm5,13,13.0,-1.0,0
1j02nm5,14,14.0,-1.0,0
1j02nm5,15,15.0,0.0,0
1j02nm5,16,16.0,1.0,0
1j02nm5,17,17.0,1.0,0
1j02nm5,18,18.0,1.0,0
1j02nm5,19,19.0,1.0,0
1j02nm5,20,20.0,1.0,0
1j02nm5,21,21.0,1.0,0
1j02nm5,22,22.0,-1.0,0
1j02nm5,23,23.0,1.0,0
1j02nm5,24,24.0,1.0,0
1j02nm5,25,25.0,1.0,0
1j02nm5,26,26.0,1.0,0
1j02nm5,27,27.0,1.0,0
1j02nm5,28,28.0,-1.0,0
1j02nm5,29,29.0,0.0,0
1j02nm5,30,30.0,0.0,0
1j02nm5,31,31.0,0.0,0
1j02nm5,32,32.0,1.0,0
1j02nm5,33,33.0,0.0,0
1j02nm5,34,34.0,0.0,0
1j02nm5,35,35.0,1.0,0
1j02nm5,36,36.0,1.0,0
1j03lj8,0,0.0,0.0,0
1j03lj8,1,1.0,0.0,0
1j03lj8,2,2.0,0.0,0
1j03lj8,3,3.0,0.0,0
1j03lj8,4,4.0,0.0,0
1j03lj8,5,5.0,0.0,0
1j03lj8,6,6.0,0.0,0
1j03lj8,7,7.0,0.0,0
1j03lj8,8,8.0,0.0,0
1j03lj8,9,9.0,0.0,0
1j03lj8,10,10.0,0.0,0
1j03lj8,11,11.0,0.0,0
1j03lj8,12,12.0,0.0,0
1j03lj8,13,13.0,0.0,0
1j03lj8,14,14.0,0.0,0
1j03lj8,15,15.0,1.0,0
1j03lj8,16,16.0,0.0,0
1j03lj8,17,17.0,0.0,0
1j03lj8,18,18.0,0.0,0
1j03lj8,19,19.0,1.0,0
1j03lj8,20,20.0,0.0,0
1j03lj8,21,21.0,0.0,0
1j03lj8,22,22.0,0.0,0
1j03lj8,23,23.0,0.0,0
1j03lj8,24,24.0,0.0,0
1j03lj8,25,25.0,1.0,0
1j03lj8,26,26.0,1.0,0
1j03lj8,27,27.0,0.0,0
1j03lj8,28,28.0,0.0,0
1j03lj8,29,29.0,0.0,0
1j03lj8,30,30.0,0.0,0
1j03lj8,31,31.0,0.0,0
1j03lj8,32,32.0,1.0,0
1j03lj8,33,33.0,0.0,0
1j03lj8,34,34.0,0.0,0
1j03lj8,35,35.0,0.0,0
1j03lj8,36,36.0,0.0,0
1j03lj8,37,37.0,0.0,0
1j03lj8,38,38.0,-1.0,0
1j03lj8,39,39.0,-1.0,0
1j03lj8,40,40.0,0.0,0
1j03lj8,41,41.0,0.0,0
1j03lj8,42,42.0,-1.0,0
1j03lj8,43,43.0,-1.0,0
1j03lj8,44,44.0,-1.0,0
1j03lj8,45,45.0,0.0,0
1j4hds7,0,0.0,1.0,0
1j4hds7,1,1.0,-1.0,0
1j4hds7,2,2.0,-1.0,0
1j4hds7,3,3.0,-1.0,0
1j4hds7,4,4.0,0.0,0
1j4hds7,5,5.0,-1.0,0
1j4hds7,6,6.0,-1.0,0
1j4hds7,7,7.0,0.0,0
1j4hds7,8,8.0,-1.0,0
1j4hds7,9,9.0,-1.0,0
1j4hds7,10,10.0,-1.0,0
1j4hds7,11,11.0,0.0,0
1j4hds7,12,12.0,0.0,0
1j4hds7,13,13.0,0.0,0
1j4hds7,14,14.0,0.0,0
1j4hds7,15,15.0,-1.0,0
1j4hds7,16,16.0,-1.0,0
1j4hds7,17,17.0,0.0,0
1j4hds7,18,18.0,0.0,0
1j4hds7,19,19.0,-1.0,0
1j4hds7,20,20.0,-1.0,0
1j4hds7,21,21.0,0.0,0
1j4hds7,22,22.0,0.0,0
1j4hds7,23,23.0,0.0,0
1j4hds7,24,24.0,0.0,0
1j4hds7,25,25.0,1.0,0
1j4hds7,26,26.0,-1.0,0
1j4hds7,27,27.0,0.0,0
1j4hds7,28,28.0,0.0,0
1j4hds7,29,29.0,0.0,0
1j4hds7,30,30.0,0.0,0
1j4hds7,31,31.0,0.0,0
1j4hds7,32,32.0,0.0,0
1j4hds7,33,33.0,0.0,0
1j4hds7,34,34.0,-1.0,0
1j4hds7,35,35.0,0.0,0
1j55lo1,0,0.0,0.0,0
1j55lo1,1,1.0,-1.0,0
1j55lo1,2,2.0,0.0,0
1j55lo1,3,3.0,-1.0,0
1j55lo1,4,4.0,0.0,0
1j55lo1,5,5.0,0.0,0
1j55lo1,6,6.0,-1.0,0
1j55lo1,7,7.0,0.0,0
1j6nif6,0,0.0,-1.0,0
1j6nif6,1,1.0,1.0,0
1j6nif6,2,2.0,0.0,0
1j6nif6,3,3.0,0.0,0
1j6nif6,4,4.0,0.0,0
1j6nif6,5,5.0,1.0,0
1j6nif6,6,6.0,0.0,0
1j6nif6,7,7.0,-1.0,0
1j6nif6,8,8.0,1.0,0
1j6nif6,9,9.0,-1.0,0
1j6nif6,10,10.0,0.0,0
1j6nif6,11,11.0,-1.0,0
1j6nif6,12,12.0,0.0,0
1j6nif6,13,13.0,1.0,0
1j6nif6,14,14.0,-1.0,0
1j6nif6,15,15.0,0.0,0
1j6nif6,16,16.0,1.0,0
1j6nif6,17,17.0,0.0,0
1j6nif6,18,18.0,0.0,0
1j6nif6,19,19.0,0.0,0
1j6nif6,20,20.0,0.0,0
1j6nif6,21,21.0,0.0,0
1j6nif6,22,22.0,1.0,0
1j6nif6,23,23.0,0.0,0
1j6nif6,24,24.0,0.0,0
1j6nif6,25,25.0,1.0,0
1j6nif6,26,26.0,0.0,0
1j6nif6,27,27.0,0.0,0
1j6nif6,28,28.0,1.0,0
1j6nif6,29,29.0,0.0,0
1j6nif6,30,30.0,1.0,0
1j6nif6,31,31.0,0.0,0
1j6nif6,32,32.0,-1.0,0
1j6nif6,33,33.0,0.0,0
1j6nif6,34,34.0,0.0,0
1j6nif6,35,35.0,0.0,0
1j6nif6,36,36.0,0.0,0
1j6nif6,37,37.0,0.0,0
1j6nif6,38,38.0,0.0,0
1j6nif6,39,39.0,0.0,0
1j6nif6,40,40.0,0.0,0
1j6nif6,41,41.0,0.0,0
1j6nif6,42,42.0,0.0,0
1j6nif6,43,43.0,0.0,0
1j6nif6,44,44.0,0.0,0
1j6nif6,45,45.0,0.0,0
1j6nif6,46,46.0,0.0,0
1j6nif6,47,47.0,0.0,0
1j6nif6,48,48.0,0.0,0
1j75m82,0,0.0,0.0,0
1j75m82,1,1.0,0.0,0
1j75m82,2,2.0,-1.0,0
1j75m82,3,3.0,0.0,0
1j75m82,4,4.0,-1.0,0
1j75m82,5,5.0,0.0,0
1j75m82,6,6.0,0.0,0
1j75m82,7,7.0,-1.0,0
1j75m82,8,8.0,1.0,0
1j75m82,9,9.0,1.0,0
1j75m82,10,10.0,0.0,0
1j75m82,11,11.0,0.0,0
1j75m82,12,12.0,0.0,0
1j75m82,13,13.0,0.0,0
1j8mein,0,0.0,1.0,0
1j8mein,1,1.0,1.0,0
1j8mein,2,2.0,-1.0,0
1j8mein,3,3.0,1.0,0
1j8mein,4,4.0,0.0,0
1j8mein,5,5.0,1.0,0
1j8mein,6,6.0,0.0,0
1j8mein,7,7.0,1.0,0
1j8mein,8,8.0,-1.0,0
1j8mein,9,9.0,0.0,0
1j8mein,10,10.0,-1.0,0
1j8mein,11,11.0,-1.0,0
1j8mein,12,12.0,1.0,0
1j8mein,13,13.0,0.0,0
1j8mein,14,14.0,0.0,0
1j8mein,15,15.0,1.0,0
1j8mein,16,16.0,1.0,0
1j8mein,17,17.0,-1.0,0
1j8mein,18,18.0,0.0,0
1j8mein,19,19.0,0.0,0
1j8mein,20,20.0,-1.0,0
1j8mein,21,21.0,1.0,0
1j8mein,22,22.0,1.0,0
1j8mein,23,23.0,1.0,0
1j8mein,24,24.0,1.0,0
1j8mein,25,25.0,-1.0,0
1j8mein,26,26.0,1.0,0
1j8mein,27,27.0,1.0,0
1j8mein,28,28.0,0.0,0
1j8mein,29,29.0,0.0,0
1j8mein,30,30.0,0.0,0
1j8mein,31,31.0,1.0,0
1j8mein,32,32.0,0.0,0
1j8mein,33,33.0,0.0,0
1j8mein,34,34.0,1.0,0
1j8mein,35,35.0,0.0,0
1j8mein,36,36.0,1.0,0
1j8mein,37,37.0,1.0,0
1j8mein,38,38.0,1.0,0
1j8mein,39,39.0,0.0,0
1j8mein,40,40.0,0.0,0
1j8mein,41,41.0,1.0,0
1j8mein,42,42.0,1.0,0
1j8mein,43,43.0,1.0,0
1j8mein,44,44.0,1.0,0
1j8mein,45,45.0,0.0,0
1j8mein,46,46.0,1.0,0
1j8mein,47,47.0,1.0,0
1j8mein,48,48.0,1.0,0
1j8mein,49,49.0,0.0,0
1j8mein,50,50.0,-1.0,0
1j8mein,51,51.0,0.0,0
1j8mein,52,52.0,0.0,0
1j8mein,53,53.0,0.0,0
1j8mein,54,54.0,0.0,0
1j8mein,55,55.0,0.0,0
1j8mein,56,56.0,1.0,0
1j8mein,57,57.0,0.0,0
1j8mein,58,58.0,1.0,0
1j8mein,59,59.0,1.0,0
1j8mein,60,60.0,0.0,0
1j8mein,61,61.0,0.0,0
1j8mein,62,62.0,0.0,0
1j8mein,63,63.0,1.0,0
1j8mein,64,64.0,1.0,0
1j8mein,65,65.0,0.0,0
1j8mein,66,66.0,0.0,0
1j8mein,67,67.0,0.0,0
1j8mein,68,68.0,0.0,0
1j8mein,69,69.0,0.0,0
1j8mein,70,70.0,1.0,0
1j8mein,71,71.0,1.0,0
1j8mein,72,72.0,1.0,0
1j8mein,73,73.0,0.0,0
1j8n9bf,0,0.0,1.0,0
1j8n9bf,1,1.0,1.0,0
1j8n9bf,2,2.0,1.0,0
1j8n9bf,3,3.0,1.0,0
1j8n9bf,4,4.0,-1.0,0
1j8n9bf,5,5.0,1.0,0
1j8n9bf,6,7.0,1.0,0
1j8n9bf,7,8.0,0.0,0
1j8n9bf,8,9.0,0.0,0
1j8n9bf,9,10.0,1.0,0
1j8n9bf,10,11.0,0.0,0
1j8n9bf,11,12.0,0.0,0
1j8n9bf,12,13.0,0.0,0
1j8n9bf,13,14.0,0.0,0
1j8n9bf,14,15.0,0.0,0
1j8n9bf,15,16.0,0.0,0
1j8n9bf,16,17.0,0.0,0
1j8n9bf,17,18.0,0.0,0
1j8n9bf,18,19.0,0.0,0
1j8n9bf,19,20.0,0.0,0
1j8n9bf,20,22.0,0.0,0
1j8n9bf,21,23.0,0.0,0
1j8n9bf,22,24.0,0.0,0
1j8n9bf,23,25.0,0.0,0
1j8n9bf,24,26.0,1.0,0
1j8n9bf,25,27.0,1.0,0
1j8n9bf,26,28.0,1.0,0
1j8n9bf,27,29.0,-1.0,0
1j8n9bf,28,30.0,1.0,0
1j8n9bf,29,31.0,1.0,0
1j8n9bf,30,32.0,1.0,0
1j8n9bf,31,33.0,1.0,0
1j8n9bf,32,34.0,1.0,0
1j8n9bf,33,35.0,1.0,0
1j8n9bf,34,36.0,0.0,0
1j8n9bf,35,37.0,0.0,0
1j8n9bf,36,38.0,1.0,0
1j8n9bf,37,39.0,-1.0,0
1j8n9bf,38,40.0,1.0,0
1j8n9bf,39,41.0,-1.0,0
1j8n9bf,40,42.0,0.0,0
1j8n9bf,41,43.0,0.0,0
1j8n9bf,42,44.0,-1.0,0
1j8n9bf,43,45.0,-1.0,0
1j8n9bf,44,46.0,1.0,0
1j8n9bf,45,47.0,1.0,0
1j8n9bf,46,48.0,0.0,0
1j8n9bf,47,49.0,1.0,0
1j8n9bf,48,50.0,0.0,0
1j8n9bf,49,51.0,1.0,0
1j8n9bf,50,52.0,0.0,0
1j8n9bf,51,53.0,0.0,0
1j8n9bf,52,54.0,0.0,0
1j8n9bf,53,55.0,-1.0,0
1j8n9bf,54,56.0,0.0,0
1j8n9bf,55,57.0,1.0,0
1j8n9bf,56,58.0,-1.0,0
1j8n9bf,57,59.0,1.0,0
1j8n9bf,58,60.0,1.0,0
1j8n9bf,59,61.0,1.0,0
1j8n9bf,60,62.0,0.0,0
1j8n9bf,61,63.0,0.0,0
1j8n9bf,62,64.0,0.0,0
1j8n9bf,63,65.0,1.0,0
1j8n9bf,64,66.0,1.0,0
1j8n9bf,65,67.0,-1.0,0
1j8n9bf,66,68.0,1.0,0
1j8n9bf,67,69.0,1.0,0
1j8n9bf,68,70.0,1.0,0
1j8n9bf,69,71.0,1.0,0
1j8n9bf,70,72.0,0.0,0
1j8n9bf,71,73.0,0.0,0
1j8n9bf,72,74.0,1.0,0
1j8n9bf,73,75.0,1.0,0
1j8n9bf,74,76.0,0.0,0
1j8n9bf,75,77.0,0.0,0
1j8n9bf,76,78.0,0.0,0
1j8n9bf,77,79.0,1.0,0
1j8n9bf,78,80.0,1.0,0
1j8n9bf,79,81.0,1.0,0
1j8n9bf,80,82.0,1.0,0
1j8n9bf,81,83.0,1.0,0
1j8n9bf,82,84.0,1.0,0
1j8n9bf,83,85.0,0.0,0
1j8n9bf,84,86.0,1.0,0
1j8n9bf,85,87.0,0.0,0
1j8n9bf,86,88.0,0.0,0
1j8n9bf,87,89.0,0.0,0
1j8n9bf,88,90.0,0.0,0
1j8n9bf,89,91.0,0.0,0
1j8n9bf,90,92.0,0.0,0
1j8n9bf,91,93.0,1.0,0
1j8n9bf,92,94.0,1.0,0
1j8n9bf,93,95.0,1.0,0
1j8n9bf,94,96.0,1.0,0
1j8n9bf,95,97.0,0.0,0
1j8n9bf,96,98.0,0.0,0
1j8n9bf,97,99.0,0.0,0
1j8n9bf,98,100.0,1.0,0
1j8n9bf,99,101.0,-1.0,0
1j8n9bf,100,102.0,1.0,0
1j8n9bf,101,103.0,1.0,0
1j8n9bf,102,104.0,1.0,0
1j8n9bf,103,105.0,1.0,0
1j8n9bf,104,106.0,1.0,0
1j8n9bf,105,107.0,0.0,0
1j8n9bf,106,108.0,1.0,0
1j8n9bf,107,109.0,0.0,0
1j8n9bf,108,110.0,1.0,0
1j8n9bf,109,111.0,-1.0,0
1j8n9bf,110,112.0,0.0,0
1j8n9bf,111,113.0,-1.0,0
1j8n9bf,112,114.0,0.0,0
1j8n9bf,113,115.0,0.0,0
1j8n9bf,114,116.0,0.0,0
1j8n9bf,115,117.0,-1.0,0
1j8n9bf,116,118.0,0.0,0
1j8n9bf,117,119.0,0.0,0
1j8n9bf,118,120.0,-1.0,0
1j8n9bf,119,121.0,1.0,0
1j8n9bf,120,122.0,0.0,0
1j8n9bf,121,123.0,0.0,0
1j8n9bf,122,124.0,0.0,0
1j8n9bf,123,125.0,0.0,0
1j8n9bf,124,126.0,0.0,0
1j8n9bf,125,127.0,0.0,0
1j8n9bf,126,128.0,0.0,0
1j8n9bf,127,129.0,0.0,0
1j8n9bf,128,130.0,1.0,0
1j8n9bf,129,131.0,0.0,0
1j8n9bf,130,132.0,0.0,0
1j8n9bf,131,133.0,0.0,0
1j8n9bf,132,134.0,1.0,0
1j8n9bf,133,135.0,0.0,0
1j8n9bf,134,136.0,1.0,0
1j8n9bf,135,137.0,0.0,0
1j8n9bf,136,138.0,1.0,0
1j8n9bf,137,139.0,1.0,0
1j8n9bf,138,140.0,1.0,0
1j8n9bf,139,141.0,1.0,0
1j8n9bf,140,142.0,1.0,0
1j8n9bf,141,143.0,1.0,0
1j8n9bf,142,144.0,0.0,0
1j8n9bf,143,145.0,0.0,0
1j8n9bf,144,146.0,1.0,0
1j8n9bf,145,147.0,0.0,0
1j8n9bf,146,148.0,0.0,0
1j8n9bf,147,149.0,0.0,0
1j8n9bf,148,150.0,0.0,0
1j8n9bf,149,151.0,0.0,0
1j8n9bf,150,152.0,0.0,0
1j8n9bf,151,153.0,-1.0,0
1j8n9bf,152,154.0,0.0,0
1j8n9bf,153,155.0,-1.0,0
1j8n9bf,154,156.0,-1.0,0
1j8n9bf,155,157.0,0.0,0
1j8n9bf,156,158.0,1.0,0
1j8n9bf,157,159.0,0.0,0
1j8n9bf,158,160.0,1.0,0
1j8n9bf,159,161.0,1.0,0
1j8n9bf,160,162.0,1.0,0
1j8n9bf,161,163.0,1.0,0
1j8n9bf,162,164.0,1.0,0
1j8n9bf,163,165.0,1.0,0
1j8n9bf,164,166.0,1.0,0
1j8n9bf,165,167.0,1.0,0
1j8n9bf,166,168.0,1.0,0
1j8n9bf,167,169.0,1.0,0
1j8n9bf,168,170.0,1.0,0
1j8n9bf,169,171.0,0.0,0
1j8n9bf,170,172.0,0.0,0
1j8n9bf,171,173.0,0.0,0
1j8n9bf,172,174.0,0.0,0
1j8n9bf,173,175.0,0.0,0
1j8n9bf,174,176.0,0.0,0
1j8n9bf,175,177.0,0.0,0
1j8n9bf,176,178.0,0.0,0
1j8n9bf,177,179.0,0.0,0
1j8n9bf,178,180.0,0.0,0
1j8n9bf,179,181.0,0.0,0
1j8n9bf,180,182.0,0.0,0
1j8n9bf,181,183.0,0.0,0
1j8n9bf,182,184.0,0.0,0
1j8n9bf,183,185.0,0.0,0
1j8n9bf,184,186.0,0.0,0
1j8n9bf,185,187.0,0.0,0
1j8n9bf,186,188.0,0.0,0
1j8n9bf,187,189.0,0.0,0
1j8n9bf,188,190.0,0.0,0
1j8n9bf,189,191.0,0.0,0
1j8n9bf,190,192.0,0.0,0
1j8n9bf,191,193.0,0.0,0
1j8n9bf,192,194.0,0.0,0
1j8n9bf,193,195.0,1.0,0
1j9f7n3,0,0.0,0.0,0
1j9f7n3,1,1.0,0.0,0
1j9f7n3,2,2.0,0.0,0
1j9f7n3,3,3.0,-1.0,0
1j9f7n3,4,4.0,0.0,0
1j9f7n3,5,5.0,0.0,0
1j9f7n3,6,6.0,-1.0,0
1j9f7n3,7,7.0,-1.0,0
1j9f7n3,8,8.0,0.0,0
1j9f7n3,9,9.0,-1.0,0
1j9f7n3,10,10.0,0.0,0
1j9f7n3,11,11.0,-1.0,0
1j9f7n3,12,12.0,0.0,0
1j9f7n3,13,13.0,1.0,0
1j9f7n3,14,14.0,0.0,0
1j9f7n3,15,15.0,-1.0,0
1j9f7n3,16,16.0,0.0,0
1j9f7n3,17,17.0,1.0,0
1j9f7n3,18,18.0,0.0,0
1j9f7n3,19,19.0,0.0,0
1j9f7n3,20,20.0,0.0,0
1j9f7n3,21,21.0,0.0,0
1j9f7n3,22,22.0,-1.0,0
1j9f7n3,23,23.0,-1.0,0
1j9f7n3,24,24.0,-1.0,0
1j9f7n3,25,25.0,-1.0,0
1j9f7n3,26,26.0,1.0,0
1j9f7n3,27,27.0,0.0,0
1j9f7n3,28,28.0,0.0,0
1j9f7n3,29,29.0,0.0,0
1j9f7n3,30,30.0,0.0,0
1j9f7n3,31,31.0,0.0,0
1j9f7n3,32,32.0,0.0,0
1j9f7n3,33,33.0,0.0,0
1j9f7n3,34,34.0,0.0,0
1j9f7n3,35,35.0,0.0,0
1j9f7n3,36,36.0,0.0,0
1j9f7n3,37,37.0,0.0,0
1j9f7n3,38,38.0,1.0,0
1j9f7n3,39,39.0,-1.0,0
1j9f7n3,40,40.0,0.0,0
1j9f7n3,41,41.0,0.0,0
1j9f7n3,42,42.0,0.0,0
1j9f7n3,43,43.0,-1.0,0
1j9f7n3,44,44.0,1.0,0
1j9f7n3,45,45.0,0.0,0
1j9f7n3,46,46.0,0.0,0
1j9f7n3,47,47.0,-1.0,0
1j9f7n3,48,48.0,-1.0,0
1j9f7n3,49,49.0,1.0,0
1j9f7n3,50,50.0,1.0,0
1j9f7n3,51,51.0,1.0,0
1j9f7n3,52,52.0,0.0,0
1j9f7n3,53,53.0,0.0,0
1j9f7n3,54,54.0,-1.0,0
1j9f7n3,55,55.0,0.0,0
1j9f7n3,56,56.0,0.0,0
1j9f7n3,57,57.0,0.0,0
1j9f7n3,58,58.0,-1.0,0
1j9f7n3,59,59.0,0.0,0
1j9f7n3,60,60.0,0.0,0
1j9f7n3,61,61.0,-1.0,0
1j9f7n3,62,62.0,0.0,0
1j9f7n3,63,63.0,0.0,0
1j9f7n3,64,64.0,-1.0,0
1j9f7n3,65,65.0,0.0,0
1j9f7n3,66,66.0,0.0,0
1j9f7n3,67,67.0,1.0,0
1j9f7n3,68,68.0,-1.0,0
1j9f7n3,69,69.0,0.0,0
1j9f7n3,70,70.0,0.0,0
1j9f7n3,71,71.0,0.0,0
1j9f7n3,72,72.0,0.0,0
1j9f7n3,73,73.0,1.0,0
1j9f7n3,74,74.0,1.0,0
1j9f7n3,75,75.0,-1.0,0
1j9f7n3,76,76.0,0.0,0
1j9f7n3,77,77.0,1.0,0
1j9f7n3,78,78.0,0.0,0
1j9f7n3,79,79.0,0.0,0
1j9f7n3,80,80.0,0.0,0
1j9f7n3,81,81.0,-1.0,0
1j9f7n3,82,82.0,0.0,0
1j9f7n3,83,83.0,0.0,0
1j9f7n3,84,84.0,-1.0,0
1j9f7n3,85,85.0,0.0,0
1j9f7n3,86,86.0,1.0,0
1j9f7n3,87,87.0,0.0,0
1j9f7n3,88,88.0,0.0,0
1j9f7n3,89,89.0,0.0,0
1j9f7n3,90,90.0,0.0,0
1j9f7n3,91,91.0,0.0,0
1j9f7n3,92,92.0,-1.0,0
1j9f7n3,93,93.0,0.0,0
1j9f7n3,94,94.0,0.0,0
1j9f7n3,95,95.0,0.0,0
1j9f7n3,96,96.0,1.0,0
1j9f7n3,97,97.0,0.0,0
1j9f7n3,98,98.0,0.0,0
1j9f7n3,99,99.0,0.0,0
1j9f7n3,100,100.0,0.0,0
1j9f7n3,101,101.0,-1.0,0
1j9f7n3,102,102.0,-1.0,0
1j9f7n3,103,103.0,1.0,0
1j9f7n3,104,104.0,0.0,0
1j9f7n3,105,105.0,-1.0,0
1j9f7n3,106,106.0,-1.0,0
1j9f7n3,107,107.0,-1.0,0
1j9f7n3,108,108.0,-1.0,0
1j9f7n3,109,109.0,0.0,0
1j9f7n3,110,110.0,-1.0,0
1j9f7n3,111,111.0,0.0,0
1j9f7n3,112,112.0,1.0,0
1j9f7n3,113,113.0,0.0,0
1j9f7n3,114,114.0,-1.0,0
1j9f7n3,115,115.0,0.0,0
1j9f7n3,116,116.0,0.0,0
1j9f7n3,117,117.0,0.0,0
1j9f7n3,118,118.0,0.0,0
1j9f7n3,119,119.0,0.0,0
1j9f7n3,120,120.0,0.0,0
1j9f7n3,121,121.0,0.0,0
1j9f7n3,122,122.0,0.0,0
1j9f7n3,123,123.0,0.0,0
1j9f7n3,124,124.0,0.0,0
1j9f7n3,125,125.0,0.0,0
1j9f7n3,126,126.0,0.0,0
1j9f7n3,127,127.0,-1.0,0
1j9f7n3,128,128.0,-1.0,0
1j9f7n3,129,129.0,0.0,0
1j9f7n3,130,130.0,0.0,0
1j9f7n3,131,131.0,0.0,0
1j9f7n3,132,132.0,0.0,0
1j9f7n3,133,133.0,0.0,0
1j9f7n3,134,134.0,0.0,0
1j9f7n3,135,135.0,-1.0,0
1j9f7n3,136,136.0,0.0,0
1j9f7n3,137,137.0,0.0,0
1j9f7n3,138,138.0,0.0,0
1j9f7n3,139,139.0,0.0,0
1j9f7n3,140,140.0,0.0,0
1j9f7n3,141,141.0,0.0,0
1j9f7n3,142,142.0,0.0,0
1j9f7n3,143,143.0,0.0,0
1j9f7n3,144,144.0,0.0,0
1j9f7n3,145,145.0,0.0,0
1j9f7n3,146,146.0,1.0,0
1j9f7n3,147,147.0,1.0,0
1j9f7n3,148,148.0,-1.0,0
1j9f7n3,149,149.0,-1.0,0
1j9f7n3,150,150.0,0.0,0
1j9f7n3,151,151.0,1.0,0
1j9f7n3,152,152.0,-1.0,0
1j9f7n3,153,153.0,-1.0,0
1j9f7n3,154,154.0,-1.0,0
1j9f7n3,155,155.0,0.0,0
1j9f7n3,156,156.0,0.0,0
1j9f7n3,157,157.0,0.0,0
1j9f7n3,158,158.0,-1.0,0
1j9f7n3,159,159.0,0.0,0
1j9f7n3,160,160.0,0.0,0
1j9f7n3,161,161.0,0.0,0
1j9f7n3,162,162.0,0.0,0
1j9f7n3,163,163.0,-1.0,0
1j9f7n3,164,164.0,-1.0,0
1j9f7n3,165,165.0,0.0,0
1j9f7n3,166,166.0,0.0,0
1j9f7n3,167,167.0,0.0,0
1j9f7n3,168,168.0,0.0,0
1j9f7n3,169,169.0,0.0,0
1j9f7n3,170,170.0,0.0,0
1j9f7n3,171,171.0,0.0,0
1j9f7n3,172,172.0,-1.0,0
1j9f7n3,173,173.0,0.0,0
1j9f7n3,174,174.0,0.0,0
1j9f7n3,175,175.0,0.0,0
1j9f7n3,176,176.0,0.0,0
1j9f7n3,177,177.0,1.0,0
1j9f7n3,178,178.0,1.0,0
1j9f7n3,179,179.0,0.0,0
1j9f7n3,180,180.0,0.0,0
1j9f7n3,181,181.0,0.0,0
1j9f7n3,182,182.0,0.0,0
1j9f7n3,183,183.0,0.0,0
1j9f7n3,184,184.0,0.0,0
1j9f7n3,185,185.0,0.0,0
1j9f7n3,186,186.0,0.0,0
1j9f7n3,187,187.0,-1.0,0
1j9f7n3,188,188.0,0.0,0
1j9f7n3,189,189.0,0.0,0
1j9f7n3,190,190.0,0.0,0
1j9f7n3,191,191.0,0.0,0
1j9f7n3,192,192.0,1.0,0
1j9f7n3,193,193.0,1.0,0
1jb0fdf,0,0.0,1.0,0
1jb0fdf,1,1.0,0.0,0
1jb0fdf,2,2.0,1.0,0
1jb0fdf,3,3.0,-1.0,0
1jb0fdf,4,4.0,0.0,0
1jb0fdf,5,5.0,0.0,0
1jb0fdf,6,6.0,1.0,0
1jb0fdf,7,7.0,1.0,0
1jb0fdf,8,8.0,1.0,0
1jb0fdf,9,9.0,0.0,0
1jb0fdf,10,10.0,0.0,0
1jb0fdf,11,11.0,0.0,0
1jb0fdf,12,12.0,1.0,0
1jb0fdf,13,13.0,-1.0,0
1jb0fdf,14,14.0,1.0,0
1jb0fdf,15,15.0,-1.0,0
1jb0fdf,16,16.0,1.0,0
1jb0fdf,17,17.0,0.0,0
1jb0fdf,18,18.0,0.0,0
1jb0fdf,19,19.0,0.0,0
1jb0fdf,20,20.0,1.0,0
1jb0fdf,21,21.0,1.0,0
1jb0fdf,22,22.0,1.0,0
1jb0fdf,23,23.0,1.0,0
1jb0fdf,24,24.0,1.0,0
1jb0fdf,25,25.0,0.0,0
1jb0fdf,26,26.0,0.0,0
1jb0fdf,27,27.0,0.0,0
1jb0fdf,28,28.0,0.0,0
1jb0fdf,29,29.0,-1.0,0
1jb0fdf,30,30.0,0.0,0
1jb0fdf,31,31.0,0.0,0
1jb0fdf,32,32.0,1.0,0
1jb0fdf,33,33.0,1.0,0
1jb0fdf,34,34.0,-1.0,0
1jb0fdf,35,35.0,0.0,0
1jb0fdf,36,36.0,1.0,0
1jb0fdf,37,37.0,0.0,0
1jb0fdf,38,38.0,-1.0,0
1jb0fdf,39,39.0,0.0,0
1jb0fdf,40,40.0,-1.0,0
1jb0fdf,41,41.0,1.0,0
1jb0fdf,42,42.0,0.0,0
1jb0fdf,43,43.0,0.0,0
1jb0fdf,44,44.0,1.0,0
1jb0fdf,45,45.0,0.0,0
1jb0fdf,46,46.0,1.0,0
1jb0fdf,47,47.0,1.0,0
1jb0fdf,48,48.0,1.0,0
1jb0fdf,49,49.0,0.0,0
1jb0fdf,50,50.0,0.0,0
1jb0fdf,51,51.0,1.0,0
1jb0fdf,52,52.0,1.0,0
1jb0fdf,53,53.0,1.0,0
1jb0fdf,54,54.0,1.0,0
1jb0fdf,55,55.0,0.0,0
1jb0fdf,56,56.0,0.0,0
1jb0fdf,57,57.0,0.0,0
1jb0fdf,58,58.0,0.0,0
1jb0fdf,59,59.0,0.0,0
1jb0fdf,60,60.0,0.0,0
1jb0fdf,61,61.0,1.0,0
1jb0fdf,62,62.0,1.0,0
1jb0fdf,63,63.0,1.0,0
1jb0fdf,64,64.0,1.0,0
1jb0fdf,65,65.0,0.0,0
1jb0fdf,66,66.0,0.0,0
1jb0fdf,67,67.0,0.0,0
1jb0fdf,68,68.0,0.0,0
1jb0fdf,69,69.0,-1.0,0
1jb0fdf,70,70.0,-1.0,0
1jb0fdf,71,71.0,-1.0,0
1jb0fdf,72,72.0,-1.0,0
1jb0fdf,73,73.0,0.0,0
1jb0fdf,74,74.0,0.0,0
1jb0fdf,75,75.0,0.0,0
1jb0fdf,76,76.0,0.0,0
1jb0fdf,77,77.0,0.0,0
1jb0fdf,78,78.0,0.0,0
1jb0fdf,79,79.0,0.0,0
1jb0fdf,80,80.0,0.0,0
1jb0fdf,81,81.0,0.0,0
1jb0fdf,82,82.0,0.0,0
1jb0fdf,83,83.0,0.0,0
1jb0fdf,84,84.0,0.0,0
1jb0fdf,85,85.0,0.0,0
1jb1rkc,0,0.0,0.0,0
1jb1rkc,1,1.0,-1.0,0
1jb1rkc,2,2.0,1.0,0
1jb1rkc,3,3.0,0.0,0
1jb1rkc,4,4.0,0.0,0
1jb1rkc,5,5.0,0.0,0
1jb1rkc,6,6.0,0.0,0
1jb1rkc,7,7.0,0.0,0
1jb1rkc,8,8.0,0.0,0
1jb1rkc,9,9.0,0.0,0
1jb1rkc,10,10.0,0.0,0
1jb1rkc,11,11.0,0.0,0
1jb1rkc,12,12.0,1.0,0
1jb1rkc,13,13.0,1.0,0
1jb2o7m,0,0.0,-1.0,1
1jb2o7m,1,1.0,1.0,1
1jb2o7m,2,2.0,1.0,1
1jb2o7m,3,3.0,-1.0,1
1jb2o7m,4,4.0,1.0,1
1jbychh,0,0.0,1.0,0
1jbychh,1,1.0,0.0,0
1jbychh,2,2.0,1.0,0
1jbychh,3,3.0,-1.0,0
1jbychh,4,4.0,0.0,0
1jbychh,5,5.0,1.0,0
1jbychh,6,6.0,-1.0,0
1jbychh,7,7.0,0.0,0
1jbychh,8,8.0,0.0,0
1jbychh,9,9.0,0.0,0
1jbychh,10,10.0,0.0,0
1jbychh,11,11.0,-1.0,0
1jbychh,12,12.0,1.0,0
1jbychh,13,13.0,-1.0,0
1jbychh,14,14.0,0.0,0
1jbychh,15,15.0,0.0,0
1jbychh,16,16.0,-1.0,0
1jbychh,17,17.0,0.0,0
1jbychh,18,18.0,-1.0,0
1jbychh,19,19.0,0.0,0
1jbychh,20,20.0,0.0,0
1jbychh,21,21.0,-1.0,0
1jbychh,22,22.0,1.0,0
1jbychh,23,23.0,0.0,0
1jbychh,24,24.0,-1.0,0
1jbychh,25,25.0,1.0,0
1jbychh,26,26.0,0.0,0
1jbychh,27,27.0,0.0,0
1jbychh,28,28.0,-1.0,0
1jbychh,29,29.0,1.0,0
1jbychh,30,30.0,-1.0,0
1jbychh,31,31.0,0.0,0
1jbychh,32,32.0,1.0,0
1jbychh,33,33.0,0.0,0
1jbychh,34,34.0,0.0,0
1jbychh,35,35.0,-1.0,0
1jbychh,36,36.0,0.0,0
1jbychh,37,37.0,-1.0,0
1jbychh,38,38.0,0.0,0
1jbychh,39,39.0,-1.0,0
1jbychh,40,40.0,-1.0,0
1jbychh,41,41.0,-1.0,0
1jbychh,42,42.0,-1.0,0
1jbychh,43,43.0,0.0,0
1jbychh,44,44.0,-1.0,0
1jbychh,45,45.0,0.0,0
1jbychh,46,46.0,-1.0,0
1jbychh,47,47.0,1.0,0
1jbychh,48,48.0,0.0,0
1jbychh,49,49.0,0.0,0
1jbychh,50,50.0,-1.0,0
1jbychh,51,51.0,-1.0,0
1jbychh,52,52.0,0.0,0
1jbychh,53,53.0,0.0,0
1jbychh,54,54.0,0.0,0
1jbychh,55,55.0,-1.0,0
1jbychh,56,56.0,-1.0,0
1jbychh,57,57.0,-1.0,0
1jbychh,58,58.0,0.0,0
1jbychh,59,59.0,0.0,0
1jbychh,60,60.0,-1.0,0
1jbychh,61,61.0,1.0,0
1jbychh,62,62.0,0.0,0
1jbychh,63,63.0,0.0,0
1jbychh,64,64.0,0.0,0
1jbychh,65,65.0,-1.0,0
1jbychh,66,66.0,1.0,0
1jbychh,67,67.0,0.0,0
1jbychh,68,68.0,0.0,0
1jbychh,69,69.0,0.0,0
1jbychh,70,70.0,0.0,0
1jbychh,71,71.0,-1.0,0
1jbychh,72,72.0,0.0,0
1jbychh,73,73.0,0.0,0
1jbychh,74,74.0,-1.0,0
1jbychh,75,75.0,0.0,0
1jbychh,76,76.0,1.0,0
1jbychh,77,77.0,1.0,0
1jbychh,78,78.0,-1.0,0
1jbychh,79,79.0,-1.0,0
1jbychh,80,80.0,0.0,0
1jbychh,81,81.0,0.0,0
1jbychh,82,82.0,0.0,0
1jbychh,83,83.0,1.0,0
1jbychh,84,84.0,1.0,0
1jbychh,85,85.0,-1.0,0
1jbychh,86,86.0,-1.0,0
1jbychh,87,87.0,0.0,0
1jbychh,88,88.0,0.0,0
1jbychh,89,89.0,-1.0,0
1jbychh,90,90.0,-1.0,0
1jbychh,91,91.0,-1.0,0
1jbychh,92,92.0,0.0,0
1jbychh,93,93.0,0.0,0
1jbychh,94,94.0,-1.0,0
1jbychh,95,95.0,0.0,0
1jbychh,96,96.0,0.0,0
1jbychh,97,97.0,0.0,0
1jbychh,98,98.0,0.0,0
1jbychh,99,99.0,0.0,0
1jbychh,100,100.0,0.0,0
1jbychh,101,101.0,0.0,0
1jdazvf,0,0.0,0.0,1
1jdazvf,1,1.0,-1.0,1
1jdazvf,2,2.0,0.0,1
1jdazvf,3,3.0,0.0,1
1jdm30i,0,0.0,1.0,0
1jdm30i,1,1.0,0.0,0
1jdm30i,2,2.0,0.0,0
1jdm30i,3,3.0,-1.0,0
1jdm30i,4,4.0,0.0,0
1jdm30i,5,5.0,0.0,0
1jdm30i,6,6.0,0.0,0
1jdm30i,7,7.0,0.0,0
1jet46t,0,0.0,0.0,0
1jet46t,1,1.0,-1.0,0
1jet46t,2,2.0,0.0,0
1jet46t,3,3.0,0.0,0
1jet46t,4,4.0,0.0,0
1jet46t,5,5.0,0.0,0
1jet46t,6,6.0,0.0,0
1jet46t,7,7.0,-1.0,0
1jet46t,8,8.0,1.0,0
1jet46t,9,9.0,0.0,0
1jet46t,10,10.0,0.0,0
1jet46t,11,11.0,0.0,0
1jet46t,12,12.0,0.0,0
1jet46t,13,13.0,0.0,0
1jet46t,14,14.0,0.0,0
1jet46t,15,15.0,0.0,0
1jet46t,16,16.0,0.0,0
1jet46t,17,17.0,-1.0,0
1jet46t,18,18.0,-1.0,0
1jet46t,19,19.0,1.0,0
1jet46t,20,20.0,-1.0,0
1jet46t,21,21.0,0.0,0
1jet46t,22,22.0,-1.0,0
1jet46t,23,23.0,0.0,0
1jet46t,24,24.0,0.0,0
1jet46t,25,25.0,-1.0,0
1jet46t,26,26.0,-1.0,0
1jet46t,27,27.0,-1.0,0
1jet46t,28,28.0,0.0,0
1jet46t,29,29.0,0.0,0
1jet46t,30,30.0,0.0,0
1jet46t,31,31.0,0.0,0
1jet46t,32,32.0,-1.0,0
1jet46t,33,33.0,1.0,0
1jet46t,34,34.0,0.0,0
1jet46t,35,35.0,0.0,0
1jet46t,36,36.0,0.0,0
1jet46t,37,37.0,0.0,0
1jet46t,38,38.0,-1.0,0
1jet46t,39,39.0,0.0,0
1jet46t,40,40.0,-1.0,0
1jet46t,41,41.0,-1.0,0
1jet46t,42,42.0,0.0,0
1jet46t,43,43.0,0.0,0
1jet46t,44,44.0,-1.0,0
1jet46t,45,45.0,1.0,0
1jet46t,46,46.0,-1.0,0
1jet46t,47,47.0,0.0,0
1jet46t,48,48.0,-1.0,0
1jet46t,49,49.0,-1.0,0
1jet46t,50,50.0,0.0,0
1jet46t,51,51.0,0.0,0
1jet46t,52,52.0,-1.0,0
1jet46t,53,53.0,0.0,0
1jet46t,54,54.0,0.0,0
1jet46t,55,55.0,1.0,0
1jet46t,56,56.0,0.0,0
1jet46t,57,57.0,0.0,0
1jet46t,58,58.0,0.0,0
1jet46t,59,59.0,0.0,0
1jet46t,60,60.0,0.0,0
1jet46t,61,61.0,0.0,0
1jet46t,62,62.0,-1.0,0
1jet46t,63,63.0,0.0,0
1jet46t,64,64.0,0.0,0
1jet46t,65,65.0,-1.0,0
1jet46t,66,66.0,-1.0,0
1jet46t,67,67.0,0.0,0
1jet46t,68,68.0,0.0,0
1jet46t,69,69.0,0.0,0
1jet46t,70,70.0,-1.0,0
1jet46t,71,71.0,-1.0,0
1jet46t,72,72.0,0.0,0
1jet46t,73,73.0,-1.0,0
1jet46t,74,74.0,-1.0,0
1jet46t,75,75.0,0.0,0
1jet46t,76,76.0,0.0,0
1jet46t,77,77.0,0.0,0
1jet46t,78,78.0,0.0,0
1jet46t,79,79.0,0.0,0
1jet46t,80,80.0,0.0,0
1jet46t,81,81.0,0.0,0
1jet46t,82,82.0,0.0,0
1jet46t,83,83.0,0.0,0
1jet46t,84,84.0,1.0,0
1jet46t,85,85.0,0.0,0
1jet46t,86,86.0,-1.0,0
1jet46t,87,87.0,0.0,0
1jet46t,88,88.0,0.0,0
1jet46t,89,89.0,1.0,0
1jet46t,90,90.0,0.0,0
1jet46t,91,91.0,-1.0,0
1jet46t,92,92.0,0.0,0
1jet46t,93,93.0,0.0,0
1jet46t,94,94.0,0.0,0
1jet46t,95,95.0,1.0,0
1jet46t,96,96.0,0.0,0
1jet46t,97,97.0,0.0,0
1jet46t,98,98.0,0.0,0
1jet46t,99,99.0,0.0,0
1jet46t,100,100.0,0.0,0
1jet46t,101,101.0,0.0,0
1jet46t,102,102.0,0.0,0
1jet46t,103,103.0,0.0,0
1jet46t,104,104.0,0.0,0
1jet46t,105,105.0,0.0,0
1jet46t,106,106.0,-1.0,0
1jet46t,107,107.0,0.0,0
1jet46t,108,108.0,0.0,0
1jet46t,109,109.0,0.0,0
1jet46t,110,110.0,0.0,0
1jet46t,111,111.0,0.0,0
1jet46t,112,112.0,0.0,0
1jet46t,113,113.0,0.0,0
1jet46t,114,114.0,0.0,0
1jet46t,115,115.0,0.0,0
1jet46t,116,116.0,0.0,0
1jet46t,117,117.0,0.0,0
1jet46t,118,118.0,0.0,0
1jet46t,119,119.0,0.0,0
1jet46t,120,120.0,0.0,0
1jet46t,121,121.0,-1.0,0
1jet46t,122,122.0,-1.0,0
1jet46t,123,123.0,0.0,0
1jet46t,124,124.0,0.0,0
1jet46t,125,125.0,-1.0,0
1jet46t,126,126.0,0.0,0
1jet46t,127,127.0,0.0,0
1jet46t,128,128.0,0.0,0
1jet46t,129,129.0,0.0,0
1jet46t,130,130.0,0.0,0
1jet46t,131,131.0,0.0,0
1jet46t,132,132.0,0.0,0
1jet46t,133,133.0,0.0,0
1jet46t,134,134.0,0.0,0
1jet46t,135,135.0,0.0,0
1jet46t,136,136.0,0.0,0
1jet46t,137,137.0,0.0,0
1jet46t,138,138.0,-1.0,0
1jet46t,139,139.0,0.0,0
1jet46t,140,140.0,-1.0,0
1jet46t,141,141.0,0.0,0
1jet46t,142,142.0,0.0,0
1jet46t,143,143.0,1.0,0
1jet46t,144,144.0,0.0,0
1jf1pzs,0,0.0,1.0,0
1jf1pzs,1,1.0,1.0,0
1jf1pzs,2,2.0,1.0,0
1jf1pzs,3,3.0,1.0,0
1jf1pzs,4,4.0,1.0,0
1jf1pzs,5,5.0,1.0,0
1jf1pzs,6,6.0,1.0,0
1jf1pzs,7,7.0,1.0,0
1jf1pzs,8,8.0,1.0,0
1jf1pzs,9,9.0,1.0,0
1jf1pzs,10,10.0,1.0,0
1jf1pzs,11,11.0,1.0,0
1jf1pzs,12,12.0,0.0,0
1jf1pzs,13,13.0,1.0,0
1jf1pzs,14,14.0,1.0,0
1jf1pzs,15,15.0,-1.0,0
1jf1pzs,16,16.0,0.0,0
1jf1pzs,17,17.0,0.0,0
1jf1pzs,18,18.0,1.0,0
1jf1pzs,19,19.0,1.0,0
1jf1pzs,20,20.0,0.0,0
1jf1pzs,21,21.0,1.0,0
1jf1pzs,22,22.0,1.0,0
1jf1pzs,23,23.0,1.0,0
1jf1pzs,24,24.0,1.0,0
1jf1pzs,25,25.0,1.0,0
1jf1pzs,26,26.0,0.0,0
1jf1pzs,27,27.0,1.0,0
1jf1pzs,28,28.0,1.0,0
1jf1pzs,29,29.0,1.0,0
1jf1pzs,30,30.0,1.0,0
1jfkwde,0,0.0,1.0,0
1jfkwde,1,1.0,1.0,0
1jfkwde,2,2.0,0.0,0
1jfkwde,3,3.0,0.0,0
1jfkwde,4,4.0,1.0,0
1jfkwde,5,5.0,0.0,0
1jfkwde,6,6.0,1.0,0
1jfkwde,7,7.0,0.0,0
1jfkwde,8,8.0,1.0,0
1jfkwde,9,9.0,1.0,0
1jfkwde,10,10.0,0.0,0
1jfkwde,11,11.0,0.0,0
1jfkwde,12,12.0,0.0,0
1jfkwde,13,13.0,1.0,0
1jfkwde,14,14.0,1.0,0
1jfkwde,15,15.0,1.0,0
1jfkwde,16,16.0,0.0,0
1jfkwde,17,17.0,1.0,0
1jfkwde,18,18.0,1.0,0
1jfkwde,19,19.0,0.0,0
1jfkwde,20,20.0,1.0,0
1jibrb2,0,0.0,0.0,0
1jibrb2,1,1.0,0.0,0
1jibrb2,2,2.0,0.0,0
1jibrb2,3,3.0,-1.0,0
1jibrb2,4,4.0,0.0,0
1jibrb2,5,5.0,0.0,0
1jibrb2,6,6.0,-1.0,0
1jibrb2,7,7.0,0.0,0
1jibrb2,8,8.0,0.0,0
1jibrb2,9,9.0,1.0,0
1jibrb2,10,10.0,-1.0,0
1jjdy6a,0,0.0,0.0,0
1jjdy6a,1,1.0,1.0,0
1jjdy6a,2,2.0,0.0,0
1jjdy6a,3,3.0,1.0,0
1jjdy6a,4,4.0,1.0,0
1jjdy6a,5,5.0,-1.0,0
1jjdy6a,6,6.0,1.0,0
1jjdy6a,7,7.0,0.0,0
1jjdy6a,8,8.0,0.0,0
1jjdy6a,9,9.0,0.0,0
1jjdy6a,10,10.0,0.0,0
1jjdy6a,11,11.0,0.0,0
1jjdy6a,12,12.0,1.0,0
1jjdy6a,13,13.0,0.0,0
1jjdy6a,14,14.0,0.0,0
1jjdy6a,15,15.0,0.0,0
1jjdy6a,16,16.0,1.0,0
1jjdy6a,17,17.0,1.0,0
1jjdy6a,18,18.0,0.0,0
1jjdy6a,19,19.0,0.0,0
1jjdy6a,20,20.0,0.0,0
1jjdy6a,21,21.0,1.0,0
1jjdy6a,22,22.0,1.0,0
1jjdy6a,23,23.0,0.0,0
1jjdy6a,24,24.0,0.0,0
1jjdy6a,25,25.0,0.0,0
1jjdy6a,26,26.0,0.0,0
1jjdy6a,27,27.0,0.0,0
1jjdy6a,28,28.0,0.0,0
1jjdy6a,29,29.0,1.0,0
1jjdy6a,30,30.0,0.0,0
1jjdy6a,31,31.0,1.0,0
1jjdy6a,32,32.0,1.0,0
1jjdy6a,33,33.0,0.0,0
1jjdy6a,34,34.0,1.0,0
1jjdy6a,35,35.0,0.0,0
1jjdy6a,36,36.0,0.0,0
1jjdy6a,37,37.0,1.0,0
1jjdy6a,38,38.0,0.0,0
1jjdy6a,39,39.0,0.0,0
1jjdy6a,40,40.0,1.0,0
1jjdy6a,41,41.0,1.0,0
1jjdy6a,42,42.0,1.0,0
1jjdy6a,43,43.0,0.0,0
1jjdy6a,44,44.0,1.0,0
1jjdy6a,45,45.0,1.0,0
1jjdy6a,46,46.0,1.0,0
1jjdy6a,47,47.0,1.0,0
1jjdy6a,48,48.0,0.0,0
1jjdy6a,49,49.0,0.0,0
1jjkcxu,0,0.0,-1.0,1
1jjkcxu,1,1.0,1.0,1
1jjkcxu,2,2.0,-1.0,1
1jjkcxu,3,3.0,0.0,1
1jjkcxu,4,4.0,1.0,1
1jjkcxu,5,5.0,1.0,1
1jjkcxu,6,6.0,0.0,1
1jjkcxu,7,7.0,1.0,1
1jjkcxu,8,8.0,1.0,1
1jjkcxu,9,9.0,1.0,1
1jjkcxu,10,10.0,0.0,1
1jjkcxu,11,11.0,1.0,1
1jjkcxu,12,12.0,1.0,1
1jjkcxu,13,13.0,-1.0,1
1jjkcxu,14,14.0,0.0,1
1jjkcxu,15,15.0,-1.0,1
1jjkcxu,16,16.0,0.0,1
1jjkcxu,17,17.0,-1.0,1
1jjkcxu,18,18.0,0.0,1
1jjkcxu,19,19.0,0.0,1
1jjkcxu,20,20.0,0.0,1
1jjkcxu,21,21.0,0.0,1
1jjkcxu,22,22.0,1.0,1
1jjkcxu,23,23.0,0.0,1
1jjkcxu,24,24.0,0.0,1
1jjkcxu,25,25.0,0.0,1
1jjkcxu,26,26.0,0.0,1
1jjkcxu,27,27.0,0.0,1
1jjkcxu,28,28.0,1.0,1
1jjkcxu,29,29.0,1.0,1
1jjkcxu,30,30.0,0.0,1
1jjkcxu,31,31.0,0.0,1
1jjkcxu,32,32.0,0.0,1
1jjkcxu,33,33.0,0.0,1
1jjkcxu,34,34.0,1.0,1
1jjkcxu,35,35.0,1.0,1
1jjkcxu,36,36.0,1.0,1
1jjkcxu,37,37.0,0.0,1
1jjkcxu,38,38.0,1.0,1
1jjkcxu,39,39.0,1.0,1
1jjkcxu,40,40.0,0.0,1
1jjkcxu,41,41.0,0.0,1
1jjnshj,0,0.0,1.0,0
1jjnshj,1,1.0,0.0,0
1jjnshj,2,2.0,1.0,0
1jjnshj,3,3.0,1.0,0
1jjnshj,4,4.0,1.0,0
1jjnshj,5,5.0,1.0,0
1jjnshj,6,6.0,1.0,0
1jjnshj,7,7.0,1.0,0
1jjnshj,8,8.0,0.0,0
1jjnshj,9,9.0,1.0,0
1jjnshj,10,10.0,0.0,0
1jjnshj,11,11.0,0.0,0
1jjnshj,12,12.0,1.0,0
1jjnshj,13,13.0,1.0,0
1jjnshj,14,14.0,1.0,0
1jjnshj,15,15.0,0.0,0
1jjnshj,16,16.0,-1.0,0
1jjnshj,17,17.0,-1.0,0
1jjnshj,18,18.0,0.0,0
1jjnshj,19,19.0,1.0,0
1jjnshj,20,20.0,0.0,0
1jjnshj,21,21.0,-1.0,0
1jjnshj,22,22.0,1.0,0
1jjnshj,23,23.0,1.0,0
1jjnshj,24,24.0,1.0,0
1jjnshj,25,25.0,-1.0,0
1jjnshj,26,26.0,1.0,0
1jjnshj,27,27.0,1.0,0
1jjnshj,28,28.0,1.0,0
1jjnshj,29,29.0,1.0,0
1jjnshj,30,30.0,1.0,0
1jjnshj,31,31.0,-1.0,0
1jjnshj,32,32.0,1.0,0
1jjnshj,33,33.0,1.0,0
1jjnshj,34,34.0,-1.0,0
1jjnshj,35,35.0,0.0,0
1jjnshj,36,36.0,1.0,0
1jjnshj,37,37.0,-1.0,0
1jjnshj,38,38.0,1.0,0
1jjnshj,39,39.0,0.0,0
1jjnshj,40,40.0,1.0,0
1jjnshj,41,41.0,1.0,0
1jjnshj,42,42.0,0.0,0
1jjnshj,43,43.0,0.0,0
1jjnshj,44,44.0,1.0,0
1jjnshj,45,45.0,1.0,0
1jjnshj,46,46.0,1.0,0
1jjnshj,47,47.0,1.0,0
1jjnshj,48,48.0,-1.0,0
1jjnshj,49,49.0,0.0,0
1jjnshj,50,50.0,0.0,0
1jjnshj,51,51.0,0.0,0
1jjnshj,52,52.0,0.0,0
1jjnshj,53,53.0,0.0,0
1jjnshj,54,54.0,0.0,0
1jjnshj,55,55.0,1.0,0
1jjnshj,56,56.0,1.0,0
1jjnshj,57,57.0,1.0,0
1jjnshj,58,58.0,0.0,0
1jjnshj,59,59.0,0.0,0
1jjnshj,60,60.0,1.0,0
1jjnshj,61,61.0,1.0,0
1jjnshj,62,62.0,0.0,0
1jjnshj,63,63.0,1.0,0
1jjnshj,64,64.0,-1.0,0
1jjnshj,65,65.0,-1.0,0
1jjnshj,66,66.0,1.0,0
1jjnshj,67,67.0,0.0,0
1jjnshj,68,68.0,1.0,0
1jjnshj,69,69.0,0.0,0
1jjnshj,70,70.0,1.0,0
1jjnshj,71,71.0,-1.0,0
1jjnshj,72,72.0,1.0,0
1jjnshj,73,73.0,1.0,0
1jjnshj,74,74.0,1.0,0
1jjnshj,75,75.0,1.0,0
1jjnshj,76,76.0,1.0,0
1jjnshj,77,77.0,-1.0,0
1jjnshj,78,78.0,1.0,0
1jjnshj,79,79.0,-1.0,0
1jjnshj,80,80.0,-1.0,0
1jjnshj,81,81.0,0.0,0
1jjnshj,82,82.0,0.0,0
1jjnshj,83,83.0,0.0,0
1jjnshj,84,84.0,0.0,0
1jky43c,0,0.0,1.0,0
1jky43c,1,1.0,0.0,0
1jky43c,2,2.0,1.0,0
1jky43c,3,3.0,0.0,0
1jky43c,4,4.0,0.0,0
1jky43c,5,5.0,1.0,0
1jky43c,6,6.0,0.0,0
1jky43c,7,7.0,0.0,0
1jky43c,8,8.0,0.0,0
1jky43c,9,9.0,0.0,0
1jky43c,10,10.0,0.0,0
1jky43c,11,11.0,0.0,0
1jky43c,12,12.0,0.0,0
1jky43c,13,13.0,0.0,0
1jky43c,14,14.0,1.0,0
1jky43c,15,15.0,0.0,0
1jky43c,16,16.0,0.0,0
1jky43c,17,17.0,0.0,0
1jky43c,18,18.0,0.0,0
1jky43c,19,19.0,-1.0,0
1jky43c,20,20.0,-1.0,0
1jky43c,21,21.0,0.0,0
1jky43c,22,22.0,1.0,0
1jky43c,23,23.0,0.0,0
1jky43c,24,24.0,0.0,0
1jky43c,25,25.0,0.0,0
1jky43c,26,26.0,1.0,0
1jky43c,27,27.0,-1.0,0
1jky43c,28,28.0,0.0,0
1jky43c,29,29.0,0.0,0
1jky43c,30,30.0,0.0,0
1jky43c,31,31.0,0.0,0
1jky43c,32,32.0,0.0,0
1jky43c,33,33.0,0.0,0
1jky43c,34,34.0,0.0,0
1jky43c,35,35.0,0.0,0
1jky43c,36,36.0,0.0,0
1jky43c,37,37.0,0.0,0
1jky43c,38,38.0,0.0,0
1jky43c,39,39.0,0.0,0
1jky43c,40,40.0,0.0,0
1jky43c,41,41.0,0.0,0
1jky43c,42,42.0,0.0,0
1jky43c,43,43.0,0.0,0
1jky43c,44,44.0,-1.0,0
1jky43c,45,45.0,1.0,0
1jky43c,46,46.0,0.0,0
1jky43c,47,47.0,0.0,0
1jky43c,48,48.0,0.0,0
1jky43c,49,49.0,0.0,0
1jky43c,50,50.0,0.0,0
1jky43c,51,51.0,0.0,0
1jky43c,52,52.0,0.0,0
1jky43c,53,53.0,1.0,0
1jky43c,54,54.0,-1.0,0
1jky43c,55,55.0,0.0,0
1jky43c,56,56.0,-1.0,0
1jky43c,57,57.0,0.0,0
1jky43c,58,58.0,0.0,0
1jky43c,59,59.0,0.0,0
1jky43c,60,60.0,0.0,0
1jky43c,61,61.0,1.0,0
1jky43c,62,62.0,0.0,0
1jky43c,63,63.0,-1.0,0
1jky43c,64,64.0,0.0,0
1jky43c,65,65.0,0.0,0
1jky43c,66,66.0,1.0,0
1jky43c,67,67.0,0.0,0
1jky43c,68,68.0,0.0,0
1jky43c,69,69.0,0.0,0
1jky43c,70,70.0,0.0,0
1jky43c,71,71.0,1.0,0
1jky43c,72,72.0,1.0,0
1jky43c,73,73.0,0.0,0
1jky43c,74,74.0,-1.0,0
1jky43c,75,75.0,-1.0,0
1jky43c,76,76.0,0.0,0
1jky43c,77,77.0,0.0,0
1jky43c,78,78.0,0.0,0
1jky43c,79,79.0,-1.0,0
1jky43c,80,80.0,1.0,0
1jky43c,81,81.0,0.0,0
1jky43c,82,82.0,0.0,0
1jky43c,83,83.0,-1.0,0
1jky43c,84,84.0,-1.0,0
1jky43c,85,85.0,-1.0,0
1jky43c,86,86.0,-1.0,0
1jky43c,87,87.0,-1.0,0
1jky43c,88,88.0,0.0,0
1jky43c,89,89.0,1.0,0
1jky43c,90,90.0,-1.0,0
1jky43c,91,91.0,0.0,0
1jky43c,92,92.0,-1.0,0
1jky43c,93,93.0,0.0,0
1jky43c,94,94.0,-1.0,0
1jky43c,95,95.0,0.0,0
1jky43c,96,96.0,0.0,0
1jky43c,97,97.0,0.0,0
1jky43c,98,98.0,0.0,0
1jky43c,99,99.0,0.0,0
1jky43c,100,100.0,0.0,0
1jky43c,101,101.0,0.0,0
1jky43c,102,102.0,0.0,0
1jky43c,103,103.0,-1.0,0
1jky43c,104,104.0,1.0,0
1jky43c,105,105.0,1.0,0
1jky43c,106,106.0,1.0,0
1jky43c,107,107.0,1.0,0
1jky43c,108,108.0,0.0,0
1jky43c,109,109.0,-1.0,0
1jky43c,110,110.0,-1.0,0
1jky43c,111,111.0,1.0,0
1jky43c,112,112.0,-1.0,0
1jky43c,113,113.0,0.0,0
1jky43c,114,114.0,0.0,0
1jky43c,115,115.0,-1.0,0
1jky43c,116,116.0,0.0,0
1jky43c,117,117.0,0.0,0
1jky43c,118,118.0,0.0,0
1jky43c,119,119.0,0.0,0
1jky43c,120,120.0,0.0,0
1jky43c,121,121.0,0.0,0
1jky43c,122,122.0,-1.0,0
1jky43c,123,123.0,0.0,0
1jky43c,124,124.0,0.0,0
1jky43c,125,125.0,0.0,0
1jky43c,126,126.0,0.0,0
1jky43c,127,127.0,0.0,0
1jky43c,128,128.0,0.0,0
1jky43c,129,129.0,0.0,0
1jky43c,130,130.0,0.0,0
1jky43c,131,131.0,0.0,0
1jky43c,132,132.0,0.0,0
1jky43c,133,133.0,0.0,0
1jky43c,134,134.0,0.0,0
1jky43c,135,135.0,0.0,0
1jky43c,136,136.0,0.0,0
1jky43c,137,137.0,0.0,0
1jky43c,138,138.0,0.0,0
1jky43c,139,139.0,0.0,0
1jky43c,140,140.0,0.0,0
1jky43c,141,141.0,0.0,0
1jky43c,142,142.0,0.0,0
1jky43c,143,143.0,0.0,0
1jky43c,144,144.0,0.0,0
1jky43c,145,145.0,0.0,0
1jky43c,146,146.0,0.0,0
1jky43c,147,147.0,0.0,0
1jky43c,148,148.0,0.0,0
1jky43c,149,149.0,0.0,0
1jky43c,150,150.0,0.0,0
1jky43c,151,151.0,0.0,0
1jky43c,152,152.0,0.0,0
1jky43c,153,153.0,-1.0,0
1jky43c,154,154.0,0.0,0
1jky43c,155,155.0,0.0,0
1jky43c,156,156.0,0.0,0
1jky43c,157,157.0,0.0,0
1jky43c,158,158.0,0.0,0
1jky43c,159,159.0,0.0,0
1jky43c,160,160.0,0.0,0
1jky43c,161,161.0,0.0,0
1jky43c,162,162.0,0.0,0
1jky43c,163,163.0,0.0,0
1jky43c,164,164.0,0.0,0
1jky43c,165,165.0,-1.0,0
1jky43c,166,166.0,0.0,0
1jky43c,167,167.0,0.0,0
1jky43c,168,168.0,1.0,0
1jky43c,169,169.0,0.0,0
1jky43c,170,170.0,0.0,0
1jky43c,171,171.0,0.0,0
1jky43c,172,172.0,0.0,0
1jky43c,173,173.0,0.0,0
1jky43c,174,174.0,0.0,0
1jky43c,175,175.0,0.0,0
1jky43c,176,176.0,0.0,0
1jky43c,177,177.0,0.0,0
1jky43c,178,178.0,0.0,0
1jky43c,179,179.0,0.0,0
1jky43c,180,180.0,0.0,0
1jky43c,181,181.0,0.0,0
1jky43c,182,182.0,0.0,0
1jky43c,183,183.0,1.0,0
1jky43c,184,184.0,0.0,0
1jky43c,185,185.0,0.0,0
1jky43c,186,186.0,0.0,0
1jky43c,187,187.0,0.0,0
1jky43c,188,188.0,0.0,0
1jky43c,189,189.0,0.0,0
1jky43c,190,190.0,0.0,0
1jky43c,191,191.0,0.0,0
1jky43c,192,192.0,0.0,0
1jky43c,193,193.0,0.0,0
1jky43c,194,194.0,0.0,0
1jky43c,195,195.0,0.0,0
1jmhi1p,0,0.0,0.0,0
1jmhi1p,1,1.0,0.0,0
1jmhi1p,2,2.0,0.0,0
1jmhi1p,3,3.0,0.0,0
1jmhi1p,4,4.0,0.0,0
1jmhi1p,5,5.0,0.0,0
1jmhi1p,6,6.0,0.0,0
1jmhi1p,7,7.0,0.0,0
1jmhi1p,8,8.0,0.0,0
1jmhi1p,9,9.0,0.0,0
1jmhi1p,10,10.0,0.0,0
1jmhi1p,11,11.0,0.0,0
1jmhi1p,12,12.0,0.0,0
1jmhi1p,13,13.0,0.0,0
1jmhi1p,14,14.0,0.0,0
1jmhi1p,15,15.0,0.0,0
1jmhi1p,16,16.0,0.0,0
1jmhi1p,17,17.0,0.0,0
1jmhi1p,18,18.0,-1.0,0
1jmhi1p,19,19.0,0.0,0
1jmhi1p,20,20.0,0.0,0
1jmhi1p,21,21.0,0.0,0
1jmhi1p,22,22.0,0.0,0
1jmhi1p,23,23.0,0.0,0
1jmhi1p,24,24.0,0.0,0
1jmhi1p,25,25.0,0.0,0
1jmhi1p,26,26.0,-1.0,0
1jmhi1p,27,27.0,0.0,0
1jmhi1p,28,28.0,0.0,0
1jmhi1p,29,29.0,0.0,0
1jmhi1p,30,30.0,0.0,0
1jmhi1p,31,31.0,0.0,0
1jmhi1p,32,32.0,0.0,0
1jmhi1p,33,33.0,0.0,0
1jmhi1p,34,34.0,0.0,0
1jnbuuo,0,0.0,1.0,0
1jnbuuo,1,1.0,0.0,0
1jnbuuo,2,2.0,0.0,0
1jnbuuo,3,3.0,-1.0,0
1jnbuuo,4,4.0,0.0,0
1jnbuuo,5,5.0,0.0,0
1jnbuuo,6,6.0,0.0,0
1jnbuuo,7,7.0,0.0,0
1jnbuuo,8,8.0,-1.0,0
1jnbuuo,9,9.0,1.0,0
1jnbuuo,10,10.0,0.0,0
1jnbuuo,11,11.0,-1.0,0
1jnbuuo,12,12.0,1.0,0
1jnbuuo,13,13.0,1.0,0
1jnbuuo,14,14.0,-1.0,0
1jnbuuo,15,15.0,-1.0,0
1jnbuuo,16,16.0,1.0,0
1jnbuuo,17,17.0,1.0,0
1jnbuuo,18,18.0,1.0,0
1jnbuuo,19,19.0,-1.0,0
1jnbuuo,20,20.0,1.0,0
1jnbuuo,21,21.0,1.0,0
1jnbuuo,22,22.0,0.0,0
1jnbuuo,23,23.0,0.0,0
1jnbuuo,24,24.0,0.0,0
1jnbuuo,25,25.0,0.0,0
1jnbuuo,26,26.0,0.0,0
1jnbuuo,27,27.0,0.0,0
1jnbuuo,28,28.0,0.0,0
1jnbuuo,29,29.0,0.0,0
1jnbuuo,30,30.0,0.0,0
1jnbuuo,31,31.0,0.0,0
1jnbuuo,32,32.0,0.0,0
1jnbuuo,33,33.0,0.0,0
1jnnged,0,0.0,0.0,0
1jnnged,1,1.0,0.0,0
1jnnged,2,2.0,0.0,0
1jnnged,3,3.0,0.0,0
1jnnged,4,4.0,0.0,0
1jnnged,5,5.0,0.0,0
1jnnged,6,6.0,0.0,0
1jnnged,7,7.0,0.0,0
1jnnged,8,8.0,0.0,0
1jnnged,9,9.0,-1.0,0
1jnnged,10,10.0,0.0,0
1jnnged,11,11.0,1.0,0
1jnnged,12,12.0,-1.0,0
1jnnged,13,13.0,0.0,0
1jnnged,14,14.0,0.0,0
1jnnged,15,15.0,1.0,0
1jnnged,16,16.0,1.0,0
1jnnged,17,17.0,0.0,0
1jnnged,18,18.0,-1.0,0
1jnnged,19,19.0,1.0,0
1jnnged,20,20.0,-1.0,0
1jnnged,21,21.0,0.0,0
1jnnged,22,22.0,1.0,0
1jnnged,23,23.0,0.0,0
1jnnged,24,24.0,1.0,0
1jnnged,25,25.0,1.0,0
1jnnged,26,26.0,0.0,0
1jnnged,27,27.0,0.0,0
1jnnged,28,28.0,0.0,0
1jnnged,29,29.0,0.0,0
1jnnged,30,30.0,0.0,0
1jnnged,31,31.0,0.0,0
1jnnged,32,32.0,-1.0,0
1jnnged,33,33.0,0.0,0
1jnnged,34,34.0,1.0,0
1jnnged,35,35.0,0.0,0
1jnnged,36,36.0,0.0,0
1jnnged,37,37.0,1.0,0
1jnnged,38,38.0,1.0,0
1jnnged,39,39.0,0.0,0
1jnnged,40,40.0,0.0,0
1jnnged,41,41.0,0.0,0
1jnnged,42,42.0,-1.0,0
1jnnged,43,43.0,0.0,0
1jnnged,44,44.0,0.0,0
1jnnged,45,45.0,0.0,0
1jnnged,46,46.0,0.0,0
1jnnged,47,47.0,0.0,0
1jnnged,48,48.0,1.0,0
1jnnged,49,49.0,0.0,0
1jnnged,50,50.0,0.0,0
1jnnged,51,51.0,0.0,0
1jnnged,52,52.0,1.0,0
1jnnged,53,53.0,1.0,0
1jnnged,54,54.0,0.0,0
1jnnged,55,55.0,0.0,0
1jnnged,56,56.0,-1.0,0
1jnnged,57,57.0,-1.0,0
1jnnged,58,58.0,1.0,0
1jnnged,59,59.0,0.0,0
1jnnged,60,60.0,0.0,0
1jnnged,61,61.0,0.0,0
1jnnged,62,62.0,-1.0,0
1jnnged,63,63.0,0.0,0
1jnnged,64,64.0,0.0,0
1jnnged,65,65.0,0.0,0
1jnnged,66,66.0,0.0,0
1jnnged,67,67.0,0.0,0
1jnnged,68,68.0,0.0,0
1jnnged,69,69.0,1.0,0
1jnnged,70,70.0,0.0,0
1jnnged,71,71.0,1.0,0
1jnnged,72,72.0,-1.0,0
1jnnged,73,73.0,-1.0,0
1jnnged,74,74.0,0.0,0
1jnnged,75,75.0,0.0,0
1jnnged,76,76.0,0.0,0
1jnnged,77,77.0,1.0,0
1jnnged,78,78.0,0.0,0
1jobyr9,0,14.0,1.0,0
1jobyr9,1,15.0,0.0,0
1jobyr9,2,50.0,1.0,0
1jobyr9,3,51.0,0.0,0
1jobyr9,4,63.0,0.0,0
1jobyr9,5,13.0,1.0,0
1jotwyz,0,0.0,0.0,1
1jotwyz,1,1.0,-1.0,1
1jotwyz,2,2.0,0.0,1
1jotwyz,3,3.0,0.0,1
1jotwyz,4,4.0,0.0,1
1jotwyz,5,5.0,0.0,1
1jotwyz,6,6.0,0.0,1
1jotwyz,7,7.0,0.0,1
1jotwyz,8,8.0,0.0,1
1jotwyz,9,9.0,0.0,1
1jou5to,0,0.0,-1.0,0
1jou5to,1,1.0,0.0,0
1jou5to,2,2.0,-1.0,0
1jou5to,3,3.0,0.0,0
1jou5to,4,4.0,-1.0,0
1jov3xv,0,0.0,-1.0,-1
1jov3xv,1,1.0,-1.0,-1
1jov3xv,2,2.0,-1.0,-1
1jov3xv,3,3.0,-1.0,-1
1jov3xv,4,4.0,0.0,-1
1jov3xv,5,5.0,1.0,-1
1jov3xv,6,6.0,1.0,-1
1jov3xv,7,7.0,0.0,-1
1jov3xv,8,8.0,0.0,-1
1jov3xv,9,9.0,0.0,-1
1jov3xv,10,10.0,-1.0,-1
1jov3xv,11,11.0,-1.0,-1
1jov3xv,12,12.0,-1.0,-1
1jov3xv,13,13.0,-1.0,-1
1jov3xv,14,14.0,-1.0,-1
1jov3xv,15,15.0,1.0,-1
1jov3xv,16,16.0,1.0,-1
1jov3xv,17,17.0,-1.0,-1
1jov3xv,18,18.0,-1.0,-1
1jov3xv,19,19.0,-1.0,-1
1jov3xv,20,20.0,-1.0,-1
1jov3xv,21,21.0,0.0,-1
1jov3xv,22,22.0,0.0,-1
1jov3xv,23,23.0,-1.0,-1
1jov3xv,24,24.0,-1.0,-1
1jov3xv,25,25.0,1.0,-1
1jov3xv,26,26.0,0.0,-1
1jov3xv,27,27.0,-1.0,-1
1jov3xv,28,28.0,-1.0,-1
1jov3xv,29,29.0,-1.0,-1
1jov3xv,30,30.0,-1.0,-1
1jov3xv,31,31.0,-1.0,-1
1jov3xv,32,32.0,1.0,-1
1jov3xv,33,33.0,-1.0,-1
1jov3xv,34,34.0,0.0,-1
1jov3xv,35,35.0,-1.0,-1
1jov3xv,36,36.0,0.0,-1
1jov3xv,37,37.0,0.0,-1
1jov3xv,38,38.0,-1.0,-1
1jov3xv,39,39.0,-1.0,-1
1jov3xv,40,40.0,-1.0,-1
1jov3xv,41,41.0,-1.0,-1
1jov3xv,42,42.0,0.0,-1
1jov3xv,43,43.0,0.0,-1
1jov3xv,44,44.0,1.0,-1
1jov3xv,45,45.0,0.0,-1
1jov3xv,46,46.0,0.0,-1
1jov3xv,47,47.0,0.0,-1
1jov3xv,48,48.0,0.0,-1
1jov3xv,49,49.0,0.0,-1
1jov3xv,50,50.0,0.0,-1
1jov3xv,51,51.0,-1.0,-1
1jov3xv,52,52.0,1.0,-1
1jov3xv,53,53.0,-1.0,-1
1jov3xv,54,54.0,1.0,-1
1jov3xv,55,55.0,0.0,-1
1jov3xv,56,56.0,-1.0,-1
1jov3xv,57,57.0,0.0,-1
1jov3xv,58,58.0,0.0,-1
1jov3xv,59,59.0,0.0,-1
1jov3xv,60,60.0,0.0,-1
1jov3xv,61,61.0,-1.0,-1
1jov3xv,62,62.0,0.0,-1
1jov3xv,63,63.0,0.0,-1
1jov3xv,64,64.0,0.0,-1
1jov3xv,65,65.0,0.0,-1
1jril3q,0,0.0,0.0,1
1jril3q,1,1.0,0.0,1
1jril3q,2,2.0,0.0,1
1jril3q,3,3.0,0.0,1
1jril3q,4,4.0,0.0,1
1jril3q,5,5.0,0.0,1
1jril3q,6,6.0,0.0,1
1jril3q,7,7.0,0.0,1
1jril3q,8,8.0,1.0,1
1jril3q,9,9.0,1.0,1
1jril3q,10,10.0,1.0,1
1jril3q,11,11.0,1.0,1
1jril3q,12,12.0,1.0,1
1jril3q,13,13.0,1.0,1
1jril3q,14,14.0,1.0,1
1jril3q,15,15.0,1.0,1
1jril3q,16,16.0,0.0,1
1jril3q,17,17.0,0.0,1
1jril3q,18,18.0,-1.0,1
1jril3q,19,19.0,1.0,1
1jril3q,20,20.0,-1.0,1
1jril3q,21,21.0,1.0,1
1jril3q,22,22.0,0.0,1
1jril3q,23,23.0,1.0,1
1jril3q,24,24.0,0.0,1
1jril3q,25,25.0,1.0,1
1jril3q,26,26.0,0.0,1
1jril3q,27,27.0,1.0,1
1jril3q,28,28.0,0.0,1
1jril3q,29,29.0,1.0,1
1jril3q,30,30.0,0.0,1
1jril3q,31,31.0,1.0,1
1jril3q,32,32.0,0.0,1
1jril3q,33,33.0,-1.0,1
1jril3q,34,34.0,-1.0,1
1jril3q,35,35.0,0.0,1
1jril3q,36,36.0,1.0,1
1jril3q,37,37.0,0.0,1
1jsse73,0,0.0,0.0,0
1jsse73,1,1.0,0.0,0
1jsse73,2,2.0,0.0,0
1jsse73,3,3.0,0.0,0
1jsse73,4,4.0,0.0,0
1jsse73,5,5.0,0.0,0
1jsse73,6,6.0,0.0,0
1jsse73,7,7.0,0.0,0
1jsse73,8,8.0,0.0,0
1jsse73,9,9.0,0.0,0
1jsse73,10,10.0,0.0,0
1jsse73,11,11.0,0.0,0
1jsse73,12,12.0,0.0,0
1jsse73,13,13.0,0.0,0
1jud162,0,0.0,0.0,0
1jud162,1,1.0,0.0,0
1jud162,2,2.0,0.0,0
1jud162,3,3.0,0.0,0
1jud162,4,4.0,0.0,0
1jud162,5,5.0,0.0,0
1jud162,6,6.0,0.0,0
1jud162,7,7.0,0.0,0
1jud162,8,8.0,0.0,0
1jz0wa3,0,0.0,0.0,0
1jz0wa3,1,1.0,1.0,0
1jz0wa3,2,2.0,-1.0,0
1jz0wa3,3,3.0,0.0,0
1jz0wa3,4,4.0,0.0,0
1jz0wa3,5,5.0,-1.0,0
1jz0wa3,6,6.0,-1.0,0
1jz0wa3,7,7.0,-1.0,0
1jz0wa3,8,8.0,-1.0,0
1jz0wa3,9,9.0,-1.0,0
1jz0wa3,10,10.0,0.0,0
1jz0wa3,11,11.0,0.0,0
1jz0wa3,12,12.0,0.0,0
1jz0wa3,13,13.0,1.0,0
1jz0wa3,14,14.0,0.0,0
1jz0wa3,15,15.0,-1.0,0
1jz0wa3,16,16.0,0.0,0
1jz0wa3,17,17.0,0.0,0
1jz0wa3,18,18.0,1.0,0
1jz0wa3,19,19.0,-1.0,0
1jz0wa3,20,20.0,1.0,0
1jz0wa3,21,21.0,-1.0,0
1jz0wa3,22,22.0,-1.0,0
1jz0wa3,23,23.0,0.0,0
1jz0wa3,24,24.0,1.0,0
1jz0wa3,25,25.0,1.0,0
1jz0wa3,26,26.0,-1.0,0
1jz90s5,0,0.0,1.0,0
1jz90s5,1,1.0,1.0,0
1jz90s5,2,2.0,1.0,0
1jz90s5,3,3.0,0.0,0
1jz90s5,4,4.0,1.0,0
1jz90s5,5,5.0,1.0,0
1jz90s5,6,6.0,0.0,0
1jz90s5,7,7.0,-1.0,0
1jz90s5,8,8.0,1.0,0
1jz90s5,9,9.0,0.0,0
1jz90s5,10,10.0,0.0,0
1jz90s5,11,11.0,0.0,0
1jz90s5,12,12.0,1.0,0
1jz90s5,13,13.0,1.0,0
1jz90s5,14,14.0,1.0,0
1jz90s5,15,15.0,1.0,0
1jz90s5,16,16.0,1.0,0
1jz90s5,17,17.0,1.0,0
1jz90s5,18,18.0,1.0,0
1jz90s5,19,19.0,0.0,0
1jz90s5,20,20.0,1.0,0
1jz90s5,21,21.0,1.0,0
1jz90s5,22,22.0,-1.0,0
1jz90s5,23,23.0,0.0,0
1jz90s5,24,24.0,1.0,0
1jz90s5,25,25.0,0.0,0
1k1z1bs,0,0.0,1.0,0
1k1z1bs,1,1.0,0.0,0
1k1z1bs,2,2.0,-1.0,0
1k1z1bs,3,3.0,0.0,0
1k1z1bs,4,4.0,0.0,0
1k1z1bs,5,5.0,0.0,0
1k1z1bs,6,6.0,0.0,0
1k1z1bs,7,7.0,-1.0,0
1k1z1bs,8,8.0,1.0,0
1k1z1bs,9,9.0,-1.0,0
1k1z1bs,10,10.0,0.0,0
1k1z1bs,11,11.0,1.0,0
1k1z1bs,12,12.0,0.0,0
1k1z1bs,13,13.0,0.0,0
1k1z1bs,14,14.0,0.0,0
1k1z1bs,15,15.0,0.0,0
1k1z1bs,16,16.0,0.0,0
1k1z1bs,17,17.0,-1.0,0
1k1z1bs,18,18.0,1.0,0
1k1z1bs,19,19.0,0.0,0
1k1z1bs,20,20.0,0.0,0
1k1z1bs,21,21.0,0.0,0
1k1z1bs,22,22.0,0.0,0
1k1z1bs,23,23.0,-1.0,0
1k1z1bs,24,24.0,1.0,0
1k1z1bs,25,25.0,1.0,0
1k1z1bs,26,26.0,0.0,0
1k1z1bs,27,27.0,0.0,0
1k1z1bs,28,28.0,0.0,0
1k1z1bs,29,29.0,0.0,0
1k1z1bs,30,30.0,1.0,0
1k1z1bs,31,31.0,0.0,0
1k1z1bs,32,32.0,0.0,0
1k1z1bs,33,33.0,1.0,0
1k1z1bs,34,34.0,1.0,0
1k1z1bs,35,35.0,0.0,0
1k1z1bs,36,36.0,1.0,0
1k1z1bs,37,37.0,1.0,0
1k1z1bs,38,38.0,1.0,0
1k1z1bs,39,39.0,-1.0,0
1k1z1bs,40,40.0,-1.0,0
1k1z1bs,41,41.0,0.0,0
1k1z1bs,42,42.0,0.0,0
1k1z1bs,43,43.0,-1.0,0
1k1z1bs,44,44.0,-1.0,0
1k1z1bs,45,45.0,1.0,0
1k1z1bs,46,46.0,1.0,0
1k1z1bs,47,47.0,-1.0,0
1k1z1bs,48,48.0,-1.0,0
1k1z1bs,49,49.0,0.0,0
1k1z1bs,50,50.0,0.0,0
1k1z1bs,51,51.0,0.0,0
1k1z1bs,52,52.0,0.0,0
1k1z1bs,53,53.0,0.0,0
1k1z1bs,54,54.0,1.0,0
1k1z1bs,55,55.0,1.0,0
1k1z1bs,56,56.0,0.0,0
1k1z1bs,57,57.0,-1.0,0
1k1z1bs,58,58.0,-1.0,0
1k1z1bs,59,59.0,1.0,0
1k1z1bs,60,60.0,1.0,0
1k1z1bs,61,61.0,-1.0,0
1k1z1bs,62,62.0,-1.0,0
1k1z1bs,63,63.0,1.0,0
1k1z1bs,64,64.0,1.0,0
1k1z1bs,65,65.0,1.0,0
1k1z1bs,66,66.0,0.0,0
1k1z1bs,67,67.0,0.0,0
1k1z1bs,68,68.0,0.0,0
1k1z1bs,69,69.0,1.0,0
1k1z1bs,70,70.0,0.0,0
1k1z1bs,71,71.0,0.0,0
1k1z1bs,72,72.0,1.0,0
1k1z1bs,73,73.0,1.0,0
1k1z1bs,74,74.0,1.0,0
1k1z1bs,75,75.0,-1.0,0
1k1z1bs,76,76.0,0.0,0
1k1z1bs,77,77.0,1.0,0
1k1z1bs,78,78.0,0.0,0
1k1z1bs,79,79.0,0.0,0
1k1z1bs,80,80.0,0.0,0
1k1z1bs,81,81.0,0.0,0
1k1z1bs,82,82.0,0.0,0
1k1z1bs,83,83.0,0.0,0
1k1z1bs,84,84.0,1.0,0
1k1z1bs,85,85.0,1.0,0
1k1z1bs,86,86.0,1.0,0
1k1z1bs,87,87.0,-1.0,0
1k1z1bs,88,88.0,0.0,0
1k1z1bs,89,89.0,0.0,0
1k1z1bs,90,90.0,0.0,0
1k1z1bs,91,91.0,-1.0,0
1k1z1bs,92,92.0,0.0,0
1k1z1bs,93,93.0,0.0,0
1k1z1bs,94,94.0,0.0,0
1k1z1bs,95,95.0,0.0,0
1k1z1bs,96,96.0,0.0,0
1k1z1bs,97,97.0,0.0,0
1k1z1bs,98,98.0,1.0,0
1k1z1bs,99,99.0,0.0,0
1k1z1bs,100,100.0,0.0,0
1k1z1bs,101,101.0,0.0,0
1k1z1bs,102,102.0,0.0,0
1k1z1bs,103,103.0,0.0,0
1k1z1bs,104,104.0,-1.0,0
1k1z1bs,105,105.0,-1.0,0
1k1z1bs,106,106.0,0.0,0
1k1z1bs,107,107.0,-1.0,0
1k1z1bs,108,108.0,-1.0,0
1k1z1bs,109,109.0,-1.0,0
1k1z1bs,110,110.0,1.0,0
1k1z1bs,111,111.0,-1.0,0
1k1z1bs,112,112.0,0.0,0
1k1z1bs,113,113.0,0.0,0
1k1z1bs,114,114.0,0.0,0
1k1z1bs,115,115.0,0.0,0
1k1z1bs,116,116.0,0.0,0
1k1z1bs,117,117.0,0.0,0
1k1z1bs,118,118.0,0.0,0
1k1z1bs,119,119.0,1.0,0
1k1z1bs,120,120.0,0.0,0
1k1z1bs,121,121.0,0.0,0
1k1z1bs,122,122.0,0.0,0
1k1z1bs,123,123.0,-1.0,0
1k1z1bs,124,124.0,0.0,0
1k1z1bs,125,125.0,-1.0,0
1k1z1bs,126,126.0,-1.0,0
1k1z1bs,127,127.0,-1.0,0
1k1z1bs,128,128.0,0.0,0
1k1z1bs,129,129.0,-1.0,0
1k1z1bs,130,130.0,0.0,0
1k1z1bs,131,131.0,0.0,0
1k1z1bs,132,132.0,-1.0,0
1k1z1bs,133,133.0,0.0,0
1k1z1bs,134,134.0,0.0,0
1k1z1bs,135,135.0,0.0,0
1k1z1bs,136,136.0,0.0,0
1k1z1bs,137,137.0,0.0,0
1k1z1bs,138,138.0,1.0,0
1k1z1bs,139,139.0,0.0,0
1k1z1bs,140,140.0,0.0,0
1k1z1bs,141,141.0,-1.0,0
1k1z1bs,142,142.0,1.0,0
1k1z1bs,143,143.0,0.0,0
1k1z1bs,144,144.0,-1.0,0
1k1z1bs,145,145.0,1.0,0
1k1z1bs,146,146.0,1.0,0
1k1z1bs,147,147.0,0.0,0
1k1z1bs,148,148.0,0.0,0
1k1z1bs,149,149.0,0.0,0
1k1z1bs,150,150.0,1.0,0
1k1z1bs,151,151.0,1.0,0
1k1z1bs,152,152.0,0.0,0
1k1z1bs,153,153.0,0.0,0
1k1z1bs,154,154.0,1.0,0
1k1z1bs,155,155.0,1.0,0
1k1z1bs,156,156.0,1.0,0
1k1z1bs,157,157.0,1.0,0
1k1z1bs,158,158.0,0.0,0
1k1z1bs,159,159.0,1.0,0
1k1z1bs,160,160.0,0.0,0
1k1z1bs,161,161.0,0.0,0
1k1z1bs,162,162.0,0.0,0
1k1z1bs,163,163.0,1.0,0
1k1z1bs,164,164.0,1.0,0
1k1z1bs,165,165.0,1.0,0
1k1z1bs,166,166.0,-1.0,0
1k1z1bs,167,167.0,-1.0,0
1k1z1bs,168,168.0,0.0,0
1k1z1bs,169,169.0,0.0,0
1k1z1bs,170,170.0,0.0,0
1k1z1bs,171,171.0,0.0,0
1k1z1bs,172,172.0,0.0,0
1k1z1bs,173,173.0,0.0,0
1k1z1bs,174,174.0,0.0,0
1k1z1bs,175,175.0,0.0,0
1k1z1bs,176,176.0,0.0,0
1k1z1bs,177,177.0,0.0,0
1k1z1bs,178,178.0,0.0,0
1k1z1bs,179,179.0,0.0,0
1k1z1bs,180,180.0,0.0,0
1k1z1bs,181,181.0,0.0,0
1k1z1bs,182,182.0,0.0,0
1k1z1bs,183,183.0,0.0,0
1k1z1bs,184,184.0,0.0,0
1k1z1bs,185,185.0,0.0,0
1k1z1bs,186,186.0,0.0,0
1k1z1bs,187,187.0,1.0,0
1k1z1bs,188,188.0,0.0,0
1k1z1bs,189,189.0,0.0,0
1k1z1bs,190,190.0,0.0,0
1k1z1bs,191,191.0,0.0,0
1k1z1bs,192,192.0,0.0,0
1k1z1bs,193,193.0,0.0,0
1k1z1bs,194,194.0,0.0,0
1k1z1bs,195,195.0,1.0,0
1k21lfr,0,0.0,1.0,0
1k21lfr,1,1.0,-1.0,0
1k21lfr,2,2.0,1.0,0
1k21lfr,3,3.0,-1.0,0
1k21lfr,4,4.0,1.0,0
1k21lfr,5,5.0,1.0,0
1k21lfr,6,6.0,-1.0,0
1k21lfr,7,7.0,0.0,0
1k21lfr,8,8.0,0.0,0
1k21lfr,9,9.0,0.0,0
1k21lfr,10,10.0,0.0,0
1k21lfr,11,11.0,0.0,0
1k21lfr,12,12.0,0.0,0
1k21lfr,13,13.0,0.0,0
1k21lfr,14,14.0,-1.0,0
1k21lfr,15,15.0,-1.0,0
1k21lfr,16,16.0,-1.0,0
1k21lfr,17,17.0,1.0,0
1k21lfr,18,18.0,-1.0,0
1k21lfr,19,19.0,1.0,0
1k21lfr,20,20.0,-1.0,0
1k21lfr,21,21.0,0.0,0
1k21lfr,22,22.0,1.0,0
1k21lfr,23,23.0,-1.0,0
1k21lfr,24,24.0,0.0,0
1k21lfr,25,25.0,1.0,0
1k21lfr,26,26.0,1.0,0
1k21lfr,27,27.0,0.0,0
1k21lfr,28,28.0,0.0,0
1k21lfr,29,29.0,0.0,0
1k21lfr,30,30.0,1.0,0
1k21lfr,31,31.0,1.0,0
1k21lfr,32,32.0,1.0,0
1k21lfr,33,33.0,1.0,0
1k21lfr,34,34.0,0.0,0
1k21lfr,35,35.0,0.0,0
1k21lfr,36,36.0,0.0,0
1k21lfr,37,37.0,0.0,0
1k21lfr,38,38.0,0.0,0
1k21lfr,39,39.0,0.0,0
1k21lfr,40,40.0,0.0,0
1k21lfr,41,41.0,0.0,0
1k21lfr,42,42.0,1.0,0
1k21lfr,43,43.0,0.0,0
1k21lfr,44,44.0,1.0,0
1k21lfr,45,45.0,0.0,0
1k21lfr,46,46.0,0.0,0
1k21lfr,47,47.0,0.0,0
1k21lfr,48,48.0,1.0,0
1k21lfr,49,49.0,-1.0,0
1k21lfr,50,50.0,0.0,0
1k21lfr,51,51.0,-1.0,0
1k21lfr,52,52.0,1.0,0
1k21lfr,53,53.0,-1.0,0
1k2uekv,0,1.0,0.0,0
1k2uekv,1,2.0,0.0,0
1k2uekv,2,3.0,0.0,0
1k2uekv,3,4.0,0.0,0
1k2uekv,4,5.0,0.0,0
1k2uekv,5,6.0,0.0,0
1k2uekv,6,7.0,0.0,0
1k2uekv,7,8.0,0.0,0
1k2uekv,8,9.0,0.0,0
1k2uekv,9,10.0,0.0,0
1k2uekv,10,11.0,0.0,0
1k2uekv,11,12.0,0.0,0
1k2uekv,12,13.0,0.0,0
1k2uekv,13,14.0,0.0,0
1k2uekv,14,15.0,-1.0,0
1k2uekv,15,16.0,0.0,0
1k2uekv,16,17.0,0.0,0
1k2uekv,17,18.0,0.0,0
1k2uekv,18,19.0,0.0,0
1k2uekv,19,20.0,0.0,0
1k2uekv,20,21.0,0.0,0
1k2uekv,21,22.0,0.0,0
1k2uekv,22,23.0,0.0,0
1k2uekv,23,24.0,0.0,0
1k2uekv,24,25.0,0.0,0
1k2uekv,25,26.0,0.0,0
1k2uekv,26,27.0,0.0,0
1k2uekv,27,28.0,0.0,0
1k2uekv,28,29.0,0.0,0
1k2uekv,29,30.0,0.0,0
1k2uekv,30,31.0,-1.0,0
1k6oti5,0,0.0,0.0,0
1k6oti5,1,1.0,0.0,0
1k6oti5,2,2.0,-1.0,0
1k6oti5,3,3.0,0.0,0
1k6oti5,4,4.0,0.0,0
1k6oti5,5,5.0,0.0,0
1k6oti5,6,6.0,-1.0,0
1k6oti5,7,7.0,0.0,0
1k6oti5,8,8.0,-1.0,0
1k6oti5,9,9.0,0.0,0
1k6palj,0,0.0,0.0,0
1k6palj,1,1.0,1.0,0
1k6palj,2,2.0,0.0,0
1k6palj,3,3.0,1.0,0
1k6palj,4,4.0,0.0,0
1k6palj,5,5.0,1.0,0
1k6palj,6,6.0,0.0,0
1k6palj,7,7.0,0.0,0
1k6palj,8,8.0,1.0,0
1k6palj,9,9.0,0.0,0
1k6palj,10,10.0,0.0,0
1k6palj,11,11.0,1.0,0
1k6palj,12,12.0,0.0,0
1k6palj,13,13.0,1.0,0
1k6palj,14,14.0,0.0,0
1k6palj,15,15.0,-1.0,0
1k6palj,16,16.0,0.0,0
1k6palj,17,17.0,0.0,0
1k6palj,18,18.0,0.0,0
1k6palj,19,19.0,0.0,0
1k6palj,20,20.0,1.0,0
1k6palj,21,21.0,0.0,0
1k6palj,22,22.0,0.0,0
1k6palj,23,23.0,1.0,0
1k6palj,24,24.0,0.0,0
1k6palj,25,25.0,0.0,0
1k6palj,26,26.0,0.0,0
1k6palj,27,27.0,0.0,0
1k6palj,28,28.0,0.0,0
1k6palj,29,29.0,1.0,0
1k6palj,30,30.0,1.0,0
1k6palj,31,31.0,1.0,0
1k6palj,32,32.0,1.0,0
1k6palj,33,33.0,1.0,0
1k6palj,34,34.0,0.0,0
1k6palj,35,35.0,0.0,0
1k6palj,36,36.0,0.0,0
1k6palj,37,37.0,1.0,0
1k9ahez,0,0.0,0.0,0
1k9ahez,1,1.0,1.0,0
1k9ahez,2,2.0,1.0,0
1k9ahez,3,3.0,1.0,0
1k9ahez,4,4.0,0.0,0
1k9ahez,5,5.0,0.0,0
1k9ahez,6,6.0,0.0,0
1k9ahez,7,7.0,0.0,0
1k9ahez,8,8.0,1.0,0
1k9ahez,9,9.0,1.0,0
1k9ahez,10,10.0,1.0,0
1k9ahez,11,11.0,1.0,0
1k9ahez,12,12.0,0.0,0
1k9ahez,13,13.0,0.0,0
1k9ahez,14,14.0,0.0,0
1k9ahez,15,15.0,1.0,0
1k9ahez,16,16.0,1.0,0
1k9ahez,17,17.0,0.0,0
1k9ahez,18,18.0,0.0,0
1k9ahez,19,19.0,1.0,0
1k9ahez,20,20.0,1.0,0
1k9ahez,21,21.0,0.0,0
1k9ahez,22,22.0,0.0,0
1k9ahez,23,23.0,0.0,0
1k9ahez,24,24.0,1.0,0
1k9ahez,25,25.0,0.0,0
1k9ahez,26,26.0,1.0,0
1k9ahez,27,27.0,1.0,0
1k9ahez,28,28.0,0.0,0
1k9ahez,29,29.0,1.0,0
1k9ahez,30,30.0,0.0,0
1k9ahez,31,31.0,0.0,0
1k9ahez,32,32.0,0.0,0
1k9ahez,33,33.0,0.0,0
1k9ahez,34,34.0,1.0,0
1k9ahez,35,35.0,1.0,0
1k9ahez,36,36.0,0.0,0
1k9ahez,37,37.0,1.0,0
1k9ahez,38,38.0,1.0,0
1k9ahez,39,39.0,0.0,0
1k9zvp2,0,0.0,1.0,0
1k9zvp2,1,1.0,0.0,0
1k9zvp2,2,2.0,0.0,0
1k9zvp2,3,3.0,-1.0,0
1k9zvp2,4,4.0,0.0,0
1k9zvp2,5,5.0,0.0,0
1k9zvp2,6,6.0,0.0,0
1k9zvp2,7,7.0,-1.0,0
1k9zvp2,8,8.0,-1.0,0
1k9zvp2,9,9.0,-1.0,0
1k9zvp2,10,10.0,1.0,0
1k9zvp2,11,11.0,0.0,0
1k9zvp2,12,12.0,-1.0,0
1k9zvp2,13,13.0,-1.0,0
1k9zvp2,14,14.0,1.0,0
1k9zvp2,15,15.0,0.0,0
1k9zvp2,16,16.0,-1.0,0
1k9zvp2,17,17.0,0.0,0
1k9zvp2,18,18.0,-1.0,0
1k9zvp2,19,19.0,1.0,0
1k9zvp2,20,20.0,-1.0,0
1k9zvp2,21,21.0,0.0,0
1k9zvp2,22,22.0,-1.0,0
1k9zvp2,23,23.0,1.0,0
1k9zvp2,24,24.0,0.0,0
1k9zvp2,25,25.0,0.0,0
1k9zvp2,26,26.0,0.0,0
1k9zvp2,27,27.0,0.0,0
1k9zvp2,28,28.0,0.0,0
1k9zvp2,29,29.0,0.0,0
1k9zvp2,30,30.0,0.0,0
1k9zvp2,31,31.0,0.0,0
1k9zvp2,32,32.0,0.0,0
1k9zvp2,33,33.0,0.0,0
1k9zvp2,34,34.0,-1.0,0
1k9zvp2,35,35.0,0.0,0
1k9zvp2,36,36.0,-1.0,0
1k9zvp2,37,37.0,1.0,0
1k9zvp2,38,38.0,0.0,0
1k9zvp2,39,39.0,0.0,0
1k9zvp2,40,40.0,0.0,0
1k9zvp2,41,41.0,0.0,0
1k9zvp2,42,42.0,0.0,0
1k9zvp2,43,43.0,0.0,0
1k9zvp2,44,44.0,0.0,0
1k9zvp2,45,45.0,0.0,0
1k9zvp2,46,46.0,0.0,0
1k9zvp2,47,47.0,0.0,0
1k9zvp2,48,48.0,0.0,0
1k9zvp2,49,49.0,1.0,0
1k9zvp2,50,50.0,1.0,0
1k9zvp2,51,51.0,0.0,0
1k9zvp2,52,52.0,1.0,0
1k9zvp2,53,53.0,0.0,0
1k9zvp2,54,54.0,0.0,0
1k9zvp2,55,55.0,0.0,0
1k9zvp2,56,56.0,0.0,0
1k9zvp2,57,57.0,0.0,0
1k9zvp2,58,58.0,1.0,0
1k9zvp2,59,59.0,0.0,0
1k9zvp2,60,60.0,-1.0,0
1k9zvp2,61,61.0,1.0,0
1k9zvp2,62,62.0,0.0,0
1k9zvp2,63,63.0,-1.0,0
1k9zvp2,64,64.0,-1.0,0
1k9zvp2,65,65.0,0.0,0
1k9zvp2,66,66.0,0.0,0
1k9zvp2,67,67.0,0.0,0
1k9zvp2,68,68.0,0.0,0
1k9zvp2,69,69.0,0.0,0
1k9zvp2,70,70.0,-1.0,0
1k9zvp2,71,71.0,-1.0,0
1k9zvp2,72,72.0,0.0,0
1k9zvp2,73,73.0,-1.0,0
1k9zvp2,74,74.0,0.0,0
1k9zvp2,75,75.0,0.0,0
1kah4o6,0,0.0,1.0,0
1kah4o6,1,1.0,0.0,0
1kah4o6,2,2.0,1.0,0
1kah4o6,3,3.0,0.0,0
1kah4o6,4,4.0,1.0,0
1kah4o6,5,5.0,0.0,0
1kah4o6,6,6.0,0.0,0
1kah4o6,7,7.0,0.0,0
1kah4o6,8,8.0,1.0,0
1kah4o6,9,9.0,0.0,0
1kah4o6,10,10.0,1.0,0
1kah4o6,11,11.0,-1.0,0
1kah4o6,12,12.0,0.0,0
1kah4o6,13,13.0,0.0,0
1kah4o6,14,14.0,0.0,0
1kah4o6,15,15.0,0.0,0
1kah4o6,16,16.0,0.0,0
1kah4o6,17,17.0,1.0,0
1kah4o6,18,18.0,0.0,0
1kah4o6,19,19.0,-1.0,0
1kah4o6,20,20.0,1.0,0
1kah4o6,21,21.0,1.0,0
1kah4o6,22,22.0,0.0,0
1kah4o6,23,23.0,-1.0,0
1kah4o6,24,24.0,0.0,0
1kah4o6,25,25.0,0.0,0
1kah4o6,26,26.0,-1.0,0
1kah4o6,27,27.0,0.0,0
1kah4o6,28,28.0,0.0,0
1kah4o6,29,29.0,0.0,0
1kah4o6,30,30.0,1.0,0
1kah4o6,31,31.0,1.0,0
1kah4o6,32,32.0,1.0,0
1kah4o6,33,33.0,0.0,0
1kah4o6,34,34.0,0.0,0
1kah4o6,35,35.0,0.0,0
1kah4o6,36,36.0,0.0,0
1kah4o6,37,37.0,0.0,0
1kah4o6,38,38.0,0.0,0
1kah4o6,39,39.0,0.0,0
1kah4o6,40,40.0,1.0,0
1kah4o6,41,41.0,1.0,0
1kah4o6,42,42.0,0.0,0
1kah4o6,43,43.0,0.0,0
1kah4o6,44,44.0,0.0,0
1kah4o6,45,45.0,0.0,0
1kah4o6,46,46.0,0.0,0
1kah4o6,47,47.0,0.0,0
1kah4o6,48,48.0,0.0,0
1kah4o6,49,49.0,0.0,0
1kah4o6,50,50.0,1.0,0
1kah4o6,51,51.0,0.0,0
1kah4o6,52,52.0,1.0,0
1kah4o6,53,53.0,0.0,0
1kah4o6,54,54.0,0.0,0
1kah4o6,55,55.0,1.0,0
1kah4o6,56,56.0,1.0,0
1kah4o6,57,57.0,1.0,0
1kah4o6,58,58.0,-1.0,0
1kah4o6,59,59.0,0.0,0
1kah4o6,60,60.0,0.0,0
1kah4o6,61,61.0,-1.0,0
1kah4o6,62,62.0,0.0,0
1kah4o6,63,63.0,-1.0,0
1kah4o6,64,64.0,1.0,0
1kah4o6,65,65.0,1.0,0
1kah4o6,66,66.0,1.0,0
1kah4o6,67,67.0,0.0,0
1kah4o6,68,68.0,1.0,0
1kah4o6,69,69.0,0.0,0
1kah4o6,70,70.0,0.0,0
1kah4o6,71,71.0,0.0,0
1kah4o6,72,72.0,1.0,0
1kah4o6,73,73.0,0.0,0
1kah4o6,74,74.0,0.0,0
1kah4o6,75,75.0,0.0,0
1kah4o6,76,76.0,0.0,0
1kah4o6,77,77.0,1.0,0
1kah4o6,78,78.0,0.0,0
1kah4o6,79,79.0,0.0,0
1kah4o6,80,80.0,1.0,0
1kah4o6,81,81.0,1.0,0
1kah4o6,82,82.0,0.0,0
1kah4o6,83,83.0,0.0,0
1kah4o6,84,84.0,0.0,0
1kah4o6,85,85.0,1.0,0
1kah4o6,86,86.0,1.0,0
1kah4o6,87,87.0,0.0,0
1kah4o6,88,88.0,1.0,0
1kah4o6,89,89.0,0.0,0
1kah4o6,90,90.0,1.0,0
1kah4o6,91,91.0,1.0,0
1kah4o6,92,92.0,1.0,0
1kah4o6,93,93.0,1.0,0
1kah4o6,94,94.0,0.0,0
1kah4o6,95,95.0,0.0,0
1kah4o6,96,96.0,1.0,0
1kah4o6,97,97.0,1.0,0
1kah4o6,98,98.0,1.0,0
1kah4o6,99,99.0,0.0,0
1kah4o6,100,100.0,0.0,0
1kah4o6,101,101.0,-1.0,0
1kah4o6,102,102.0,0.0,0
1kah4o6,103,103.0,-1.0,0
1kah4o6,104,104.0,1.0,0
1kah4o6,105,105.0,1.0,0
1kah4o6,106,106.0,-1.0,0
1kah4o6,107,107.0,-1.0,0
1kah4o6,108,108.0,0.0,0
1kah4o6,109,109.0,1.0,0
1kah4o6,110,110.0,0.0,0
1kaj62y,0,0.0,1.0,0
1kaj62y,1,1.0,1.0,0
1kaj62y,2,2.0,1.0,0
1kaj62y,3,3.0,1.0,0
1kaj62y,4,4.0,-1.0,0
1kaj62y,5,5.0,-1.0,0
1kaj62y,6,6.0,1.0,0
1kaj62y,7,7.0,1.0,0
1kaj62y,8,8.0,0.0,0
1kaj62y,9,9.0,0.0,0
1kaj62y,10,10.0,1.0,0
1kaj62y,11,11.0,-1.0,0
1kaj62y,12,12.0,0.0,0
1kaj62y,13,13.0,1.0,0
1kaj62y,14,14.0,0.0,0
1kaj62y,15,15.0,0.0,0
1kaj62y,16,16.0,1.0,0
1kaj62y,17,17.0,1.0,0
1kaj62y,18,18.0,0.0,0
1kaj62y,19,19.0,1.0,0
1kaj62y,20,20.0,0.0,0
1kaj62y,21,21.0,1.0,0
1kaj62y,22,22.0,1.0,0
1kaj62y,23,23.0,1.0,0
1kaj62y,24,24.0,-1.0,0
1kaj62y,25,25.0,1.0,0
1kaj62y,26,26.0,1.0,0
1kaj62y,27,27.0,1.0,0
1kaj62y,28,28.0,1.0,0
1kaj62y,29,29.0,1.0,0
1kaj62y,30,30.0,1.0,0
1kaj62y,31,31.0,0.0,0
1kaj62y,32,32.0,1.0,0
1kaj62y,33,33.0,-1.0,0
1kaj62y,34,34.0,0.0,0
1kaj62y,35,35.0,0.0,0
1kaj62y,36,36.0,0.0,0
1kaj62y,37,37.0,0.0,0
1kaj62y,38,38.0,0.0,0
1kaj62y,39,39.0,0.0,0
1kaj62y,40,40.0,0.0,0
1kaj62y,41,41.0,0.0,0
1kaj62y,42,42.0,1.0,0
1kaj62y,43,43.0,1.0,0
1kaj62y,44,44.0,1.0,0
1kaj62y,45,45.0,1.0,0
1kaj62y,46,46.0,1.0,0
1kaj62y,47,47.0,1.0,0
1kaj9c5,0,0.0,1.0,0
1kaj9c5,1,1.0,1.0,0
1kaj9c5,2,2.0,1.0,0
1kaj9c5,3,3.0,1.0,0
1kaj9c5,4,4.0,0.0,0
1kaj9c5,5,5.0,0.0,0
1kaj9c5,6,6.0,0.0,0
1kaj9c5,7,7.0,0.0,0
1kaj9c5,8,8.0,1.0,0
1kaj9c5,9,9.0,1.0,0
1kaj9c5,10,10.0,0.0,0
1kaj9c5,11,11.0,0.0,0
1kaj9c5,12,12.0,1.0,0
1kaj9c5,13,13.0,-1.0,0
1kaj9c5,14,14.0,1.0,0
1kaj9c5,15,15.0,1.0,0
1kaj9c5,16,16.0,-1.0,0
1kaj9c5,17,17.0,1.0,0
1kaj9c5,18,18.0,1.0,0
1kaj9c5,19,19.0,1.0,0
1kaj9c5,20,20.0,1.0,0
1kaj9c5,21,21.0,-1.0,0
1kaj9c5,22,22.0,-1.0,0
1kaj9c5,23,23.0,0.0,0
1kaj9c5,24,24.0,0.0,0
1kaj9c5,25,25.0,0.0,0
1kaj9c5,26,26.0,0.0,0
1kaj9c5,27,27.0,0.0,0
1kaj9c5,28,28.0,0.0,0
1kaj9c5,29,29.0,0.0,0
1kaj9c5,30,30.0,0.0,0
1kaj9c5,31,31.0,0.0,0
1kaj9c5,32,32.0,-1.0,0
1kbepg9,0,0.0,0.0,0
1kbepg9,1,1.0,0.0,0
1kbepg9,2,2.0,-1.0,0
1kbepg9,3,3.0,1.0,0
1kbepg9,4,4.0,0.0,0
1kbepg9,5,5.0,1.0,0
1kbepg9,6,6.0,-1.0,0
1kbepg9,7,7.0,1.0,0
1kbepg9,8,8.0,1.0,0
1kbepg9,9,9.0,1.0,0
1kbepg9,10,10.0,0.0,0
1kbepg9,11,11.0,0.0,0
1kbepg9,12,12.0,0.0,0
1kbepg9,13,13.0,0.0,0
1kbepg9,14,14.0,0.0,0
1kbepg9,15,15.0,0.0,0
1kbepg9,16,16.0,0.0,0
1kbepg9,17,17.0,0.0,0
1kbepg9,18,18.0,0.0,0
1kbepg9,19,19.0,-1.0,0
1kbepg9,20,20.0,0.0,0
1kbepg9,21,21.0,0.0,0
1kbepg9,22,22.0,0.0,0
1kbepg9,23,23.0,0.0,0
1kbepg9,24,24.0,0.0,0
1kbepg9,25,25.0,0.0,0
1kbepg9,26,26.0,1.0,0
1kbepg9,27,27.0,0.0,0
1kbepg9,28,28.0,0.0,0
1kbepg9,29,29.0,0.0,0
1kbepg9,30,30.0,0.0,0
1kbepg9,31,31.0,0.0,0
1kbepg9,32,32.0,0.0,0
1kbepg9,33,33.0,0.0,0
1kbepg9,34,34.0,0.0,0
1kbepg9,35,35.0,0.0,0
1kbepg9,36,36.0,-1.0,0
1kbepg9,37,37.0,0.0,0
1kbepg9,38,38.0,1.0,0
1kbepg9,39,39.0,-1.0,0
1kbepg9,40,40.0,-1.0,0
1kbepg9,41,41.0,0.0,0
1kbepg9,42,42.0,1.0,0
1kbepg9,43,43.0,0.0,0
1kbepg9,44,44.0,1.0,0
1kbepg9,45,45.0,0.0,0
1kbepg9,46,46.0,0.0,0
1kbepg9,47,47.0,0.0,0
1kbepg9,48,48.0,0.0,0
1kbepg9,49,49.0,0.0,0
1kbepg9,50,50.0,-1.0,0
1kbepg9,51,51.0,1.0,0
1kbepg9,52,52.0,1.0,0
1kbepg9,53,53.0,-1.0,0
1kbepg9,54,54.0,0.0,0
1kbepg9,55,55.0,1.0,0
1kbepg9,56,56.0,0.0,0
1kbepg9,57,57.0,0.0,0
1kbepg9,58,58.0,0.0,0
1kbepg9,59,59.0,0.0,0
1kbepg9,60,60.0,-1.0,0
1kbepg9,61,61.0,0.0,0
1kbepg9,62,62.0,0.0,0
1kbepg9,63,63.0,0.0,0
1kbepg9,64,64.0,0.0,0
1kbepg9,65,65.0,0.0,0
1kbepg9,66,66.0,0.0,0
1kbepg9,67,67.0,0.0,0
1kbepg9,68,68.0,0.0,0
1kbepg9,69,69.0,0.0,0
1kbepg9,70,70.0,-1.0,0
1kbepg9,71,71.0,-1.0,0
1kbepg9,72,72.0,0.0,0
1kbepg9,73,73.0,0.0,0
1kbepg9,74,74.0,0.0,0
1kbepg9,75,75.0,0.0,0
1kbepg9,76,76.0,0.0,0
1kbepg9,77,77.0,1.0,0
1kbrujj,0,0.0,1.0,0
1kbrujj,1,1.0,1.0,0
1kbrujj,2,2.0,-1.0,0
1kbrujj,3,3.0,1.0,0
1kbrujj,4,4.0,0.0,0
1kbrujj,5,5.0,0.0,0
1kbrujj,6,6.0,0.0,0
1kbrujj,7,7.0,1.0,0
1kbrujj,8,8.0,0.0,0
1kbrujj,9,9.0,1.0,0
1kbrujj,10,10.0,1.0,0
1kbrujj,11,11.0,0.0,0
1kbrujj,12,12.0,1.0,0
1kbrujj,13,13.0,-1.0,0
1kbrujj,14,14.0,-1.0,0
1kbrujj,15,15.0,-1.0,0
1kbrujj,16,16.0,1.0,0
1kbrujj,17,17.0,1.0,0
1kbrujj,18,18.0,-1.0,0
1kbrujj,19,19.0,1.0,0
1kbrujj,20,20.0,0.0,0
1kbrujj,21,21.0,1.0,0
1kbrujj,22,22.0,0.0,0
1kbrujj,23,23.0,1.0,0
1kbrujj,24,24.0,1.0,0
1kbrujj,25,25.0,1.0,0
1kbrujj,26,26.0,1.0,0
1kbrujj,27,27.0,0.0,0
1kbrujj,28,28.0,-1.0,0
1kbrujj,29,29.0,0.0,0
1kbrujj,30,30.0,0.0,0
1kbrujj,31,31.0,0.0,0
1kbrujj,32,32.0,1.0,0
1kbrujj,33,33.0,-1.0,0
1kbrujj,34,34.0,0.0,0
1kbrujj,35,35.0,1.0,0
1kbrujj,36,36.0,1.0,0
1kbrujj,37,37.0,0.0,0
1kbrujj,38,38.0,0.0,0
1kbrujj,39,39.0,1.0,0
1kbrujj,40,40.0,1.0,0
1kbrujj,41,41.0,1.0,0
1kbrujj,42,42.0,0.0,0
1kbrujj,43,43.0,0.0,0
1kbrujj,44,44.0,0.0,0
1kbrujj,45,45.0,0.0,0
1kbrujj,46,46.0,0.0,0
1kbrujj,47,47.0,0.0,0
1kbrujj,48,48.0,-1.0,0
1kbrujj,49,49.0,0.0,0
1kbrujj,50,50.0,1.0,0
1kbrujj,51,51.0,1.0,0
1kbrujj,52,52.0,-1.0,0
1kbrujj,53,53.0,0.0,0
1kbrujj,54,54.0,1.0,0
1kbrujj,55,55.0,1.0,0
1kbrujj,56,56.0,0.0,0
1kbrujj,57,57.0,0.0,0
1kbrujj,58,58.0,1.0,0
1kbrujj,59,59.0,1.0,0
1kbrujj,60,60.0,0.0,0
1kbrujj,61,61.0,0.0,0
1kbrujj,62,62.0,1.0,0
1kbrujj,63,63.0,1.0,0
1kbrujj,64,64.0,0.0,0
1kbrujj,65,65.0,1.0,0
1kbrujj,66,66.0,1.0,0
1kbrujj,67,67.0,1.0,0
1kbrujj,68,68.0,0.0,0
1kbrujj,69,69.0,0.0,0
1kbrujj,70,70.0,1.0,0
1kbrujj,71,71.0,-1.0,0
1kbrujj,72,72.0,0.0,0
1kbrujj,73,73.0,0.0,0
1kbrujj,74,74.0,-1.0,0
1kbrujj,75,75.0,0.0,0
1kbrujj,76,76.0,0.0,0
1kbrujj,77,77.0,0.0,0
1kbrujj,78,78.0,-1.0,0
1kbrujj,79,79.0,0.0,0
1kbrujj,80,80.0,-1.0,0
1kbrujj,81,81.0,1.0,0
1kbrujj,82,82.0,1.0,0
1kbrujj,83,83.0,1.0,0
1kbrujj,84,84.0,-1.0,0
1kbrujj,85,85.0,0.0,0
1kbrujj,86,86.0,1.0,0
1kbrujj,87,87.0,1.0,0
1kbrujj,88,88.0,-1.0,0
1kbrujj,89,89.0,0.0,0
1kbrujj,90,90.0,1.0,0
1kc84un,0,1.0,1.0,0
1kc84un,1,2.0,1.0,0
1kc84un,2,4.0,1.0,0
1kc84un,3,6.0,1.0,0
1kc84un,4,11.0,1.0,0
1kc84un,5,12.0,0.0,0
1kc84un,6,13.0,1.0,0
1kc84un,7,19.0,0.0,0
1kc84un,8,22.0,1.0,0
1kc84un,9,26.0,1.0,0
1kc84un,10,27.0,-1.0,0
1kc84un,11,44.0,1.0,0
1kc84un,12,46.0,1.0,0
1kc84un,13,62.0,1.0,0
1kc84un,14,63.0,1.0,0
1kc84un,15,71.0,1.0,0
1kc84un,16,74.0,1.0,0
1kc84un,17,78.0,0.0,0
1kc84un,18,79.0,0.0,0
1kc84un,19,80.0,1.0,0
1kc84un,20,87.0,1.0,0
1kc84un,21,100.0,0.0,0
1kc84un,22,111.0,0.0,0
1kc84un,23,33.0,0.0,0
1kc84un,24,4.0,1.0,0
1kcffjh,0,0.0,-1.0,0
1kcffjh,1,1.0,1.0,0
1kcffjh,2,2.0,0.0,0
1kcffjh,3,3.0,0.0,0
1kcffjh,4,4.0,-1.0,0
1kcffjh,5,5.0,0.0,0
1kcffjh,6,6.0,1.0,0
1kcffjh,7,7.0,1.0,0
1kdb81o,0,0.0,0.0,0
1kdb81o,1,1.0,0.0,0
1kdb81o,2,2.0,0.0,0
1kdb81o,3,3.0,0.0,0
1kdb81o,4,4.0,-1.0,0
1kdb81o,5,5.0,0.0,0
1kdb81o,6,6.0,0.0,0
1kdb81o,7,7.0,1.0,0
1kdb81o,8,8.0,0.0,0
1kdpqh8,0,0.0,-1.0,0
1kdpqh8,1,1.0,1.0,0
1kdpqh8,2,2.0,0.0,0
1kdpqh8,3,3.0,1.0,0
1kdpqh8,4,4.0,1.0,0
1kdpqh8,5,5.0,0.0,0
1kdpqh8,6,6.0,1.0,0
1kdpqh8,7,7.0,1.0,0
1kdpqh8,8,8.0,1.0,0
1kdpqh8,9,9.0,0.0,0
1kdpqh8,10,10.0,1.0,0
1kdpqh8,11,11.0,0.0,0
1kdpqh8,12,12.0,0.0,0
1kdpqh8,13,13.0,0.0,0
1kdpqh8,14,14.0,0.0,0
1kdpqh8,15,15.0,1.0,0
1kdpqh8,16,16.0,0.0,0
1kdpqh8,17,17.0,1.0,0
1kdpqh8,18,18.0,0.0,0
1kdpqh8,19,19.0,0.0,0
1kdpqh8,20,20.0,0.0,0
1kdpqh8,21,21.0,1.0,0
1kdpqh8,22,22.0,0.0,0
1kdpqh8,23,23.0,0.0,0
1kdpqh8,24,24.0,1.0,0
1kdpqh8,25,25.0,0.0,0
1kdpqh8,26,26.0,1.0,0
1kdpqh8,27,27.0,1.0,0
1kdpqh8,28,28.0,0.0,0
1kdpqh8,29,29.0,1.0,0
1kdpqh8,30,30.0,-1.0,0
1kdpqh8,31,31.0,1.0,0
1kdpqh8,32,32.0,1.0,0
1kdpqh8,33,33.0,0.0,0
1kdpqh8,34,34.0,0.0,0
1kdpqh8,35,35.0,0.0,0
1kdpqh8,36,36.0,-1.0,0
1kdpqh8,37,37.0,0.0,0
1kdpqh8,38,38.0,1.0,0
1kdpqh8,39,39.0,0.0,0
1kdpqh8,40,40.0,0.0,0
1kdpqh8,41,41.0,0.0,0
1kdpqh8,42,42.0,-1.0,0
1kdpqh8,43,43.0,-1.0,0
1kdpqh8,44,44.0,0.0,0
1kdpqh8,45,45.0,0.0,0
1kdpqh8,46,46.0,1.0,0
1kdpqh8,47,47.0,-1.0,0
1kdpqh8,48,48.0,-1.0,0
1kdpqh8,49,49.0,1.0,0
1kdpqh8,50,50.0,1.0,0
1kdpqh8,51,51.0,0.0,0
1kdpqh8,52,52.0,0.0,0
1kdpqh8,53,53.0,0.0,0
1kdpqh8,54,54.0,1.0,0
1kdpqh8,55,55.0,1.0,0
1kdpqh8,56,56.0,1.0,0
1kdpqh8,57,57.0,1.0,0
1kdpqh8,58,58.0,0.0,0
1kdpqh8,59,59.0,1.0,0
1kdpqh8,60,60.0,-1.0,0
1kdpqh8,61,61.0,-1.0,0
1kdpqh8,62,62.0,1.0,0
1kdpqh8,63,63.0,1.0,0
1kdpqh8,64,64.0,1.0,0
1kdpqh8,65,65.0,-1.0,0
1kdpqh8,66,66.0,0.0,0
1kdpqh8,67,67.0,0.0,0
1kdpqh8,68,68.0,0.0,0
1kdpqh8,69,69.0,0.0,0
1kdpqh8,70,70.0,1.0,0
1kdpqh8,71,71.0,0.0,0
1kdpqh8,72,72.0,-1.0,0
1kdpqh8,73,73.0,0.0,0
1kdpqh8,74,74.0,-1.0,0
1kdpqh8,75,75.0,-1.0,0
1kdpqh8,76,76.0,-1.0,0
1kdpqh8,77,77.0,0.0,0
1kdpqh8,78,78.0,0.0,0
1kdpqh8,79,79.0,-1.0,0
1kdpqh8,80,80.0,-1.0,0
1kdpqh8,81,81.0,0.0,0
1kdpqh8,82,82.0,0.0,0
1kdpqh8,83,83.0,0.0,0
1kdpqh8,84,84.0,0.0,0
1kdpqh8,85,85.0,0.0,0
1kdpqh8,86,86.0,1.0,0
1kdpqh8,87,87.0,0.0,0
1kdpqh8,88,88.0,0.0,0
1kdpqh8,89,89.0,1.0,0
1kdpqh8,90,90.0,0.0,0
1kdpqh8,91,91.0,0.0,0
1kdpqh8,92,92.0,-1.0,0
1kdpqh8,93,93.0,0.0,0
1kdpqh8,94,94.0,1.0,0
1kdpqh8,95,95.0,0.0,0
1kdpqh8,96,96.0,0.0,0
1kdpqh8,97,97.0,0.0,0
1kdpqh8,98,98.0,0.0,0
1kdpqh8,99,99.0,0.0,0
1kdpqh8,100,100.0,0.0,0
1kdpqh8,101,101.0,0.0,0
1kdpqh8,102,102.0,0.0,0
1kdpqh8,103,103.0,1.0,0
1kdpqh8,104,104.0,1.0,0
1kdpqh8,105,105.0,0.0,0
1kdpqh8,106,106.0,0.0,0
1kdpqh8,107,107.0,-1.0,0
1kdpqh8,108,108.0,0.0,0
1kdpqh8,109,109.0,0.0,0
1kdpqh8,110,110.0,-1.0,0
1kdpqh8,111,111.0,-1.0,0
1kdpqh8,112,112.0,0.0,0
1kdpqh8,113,113.0,0.0,0
1kdpqh8,114,114.0,1.0,0
1kdpqh8,115,115.0,1.0,0
1kdpqh8,116,116.0,-1.0,0
1kdpqh8,117,117.0,-1.0,0
1kdpqh8,118,118.0,-1.0,0
1kdpqh8,119,119.0,1.0,0
1kdpqh8,120,120.0,0.0,0
1kdpqh8,121,121.0,-1.0,0
1kdpqh8,122,122.0,0.0,0
1kdpqh8,123,123.0,1.0,0
1kdpqh8,124,124.0,1.0,0
1kdpqh8,125,125.0,0.0,0
1kdpqh8,126,126.0,0.0,0
1kdpqh8,127,127.0,0.0,0
1kdpqh8,128,128.0,1.0,0
1kdpqh8,129,129.0,0.0,0
1kdpqh8,130,130.0,0.0,0
1kdpqh8,131,131.0,1.0,0
1kdpqh8,132,132.0,1.0,0
1kdpqh8,133,133.0,1.0,0
1kdpqh8,134,134.0,0.0,0
1kdpqh8,135,135.0,0.0,0
1kdpqh8,136,136.0,0.0,0
1kdpqh8,137,137.0,0.0,0
1kdpqh8,138,138.0,0.0,0
1kdpqh8,139,139.0,0.0,0
1kdpqh8,140,140.0,0.0,0
1kdpqh8,141,141.0,0.0,0
1kdpqh8,142,142.0,0.0,0
1kdpqh8,143,143.0,1.0,0
1kdpqh8,144,144.0,0.0,0
1kdpqh8,145,145.0,0.0,0
1kdpqh8,146,146.0,0.0,0
1kdpqh8,147,147.0,1.0,0
1kdpqh8,148,148.0,0.0,0
1kdpqh8,149,149.0,1.0,0
1kdpqh8,150,150.0,1.0,0
1kdpqh8,151,151.0,1.0,0
1kdpqh8,152,152.0,0.0,0
1kdpqh8,153,153.0,0.0,0
1kdpqh8,154,154.0,1.0,0
1kdpqh8,155,155.0,-1.0,0
1kdpqh8,156,156.0,0.0,0
1kdpqh8,157,157.0,-1.0,0
1kdpqh8,158,158.0,0.0,0
1kdpqh8,159,159.0,0.0,0
1kdpqh8,160,160.0,0.0,0
1kdpqh8,161,161.0,0.0,0
1kdpqh8,162,162.0,0.0,0
1kdpqh8,163,163.0,0.0,0
1kdpqh8,164,164.0,0.0,0
1kdpqh8,165,165.0,0.0,0
1kdpqh8,166,166.0,0.0,0
1kdpqh8,167,167.0,0.0,0
1kdpqh8,168,168.0,1.0,0
1kdpqh8,169,169.0,1.0,0
1kdpqh8,170,170.0,0.0,0
1kdpqh8,171,171.0,0.0,0
1kdpqh8,172,172.0,0.0,0
1kdpqh8,173,173.0,0.0,0
1kdpqh8,174,174.0,0.0,0
1kdpqh8,175,175.0,0.0,0
1kdpqh8,176,176.0,0.0,0
1kdpqh8,177,177.0,0.0,0
1kdpqh8,178,178.0,0.0,0
1kdpqh8,179,179.0,0.0,0
1kdpqh8,180,180.0,0.0,0
1kdpqh8,181,181.0,0.0,0
1kdpqh8,182,182.0,0.0,0
1kdpqh8,183,183.0,0.0,0
1kdpqh8,184,184.0,0.0,0
1kdpqh8,185,185.0,0.0,0
1kdpqh8,186,186.0,0.0,0
1kdpqh8,187,187.0,0.0,0
1kdpqh8,188,188.0,0.0,0
1kdpqh8,189,189.0,0.0,0
1kdxv1v,0,0.0,-1.0,0
1kdxv1v,1,1.0,1.0,0
1kdxv1v,2,2.0,1.0,0
1kdxv1v,3,3.0,0.0,0
1kdxv1v,4,4.0,0.0,0
1kdxv1v,5,5.0,0.0,0
1kdxv1v,6,6.0,1.0,0
1kdxv1v,7,7.0,1.0,0
1kdxv1v,8,8.0,1.0,0
1kdxv1v,9,9.0,1.0,0
1kdxv1v,10,10.0,1.0,0
1kdxv1v,11,11.0,1.0,0
1kdxv1v,12,12.0,1.0,0
1kdxv1v,13,13.0,0.0,0
1kdxv1v,14,14.0,1.0,0
1kdxv1v,15,15.0,1.0,0
1kdxv1v,16,16.0,1.0,0
1kdxv1v,17,17.0,1.0,0
1kdxv1v,18,18.0,1.0,0
1kdxv1v,19,19.0,1.0,0
1kdxv1v,20,20.0,0.0,0
1kdxv1v,21,21.0,1.0,0
1kdxv1v,22,22.0,0.0,0
1kdxv1v,23,23.0,0.0,0
1kdxv1v,24,24.0,1.0,0
1kdxv1v,25,25.0,-1.0,0
1kdxv1v,26,26.0,1.0,0
1kdxv1v,27,27.0,0.0,0
1kdxv1v,28,28.0,1.0,0
1kdxv1v,29,29.0,1.0,0
1kdxv1v,30,30.0,0.0,0
1kdxv1v,31,31.0,1.0,0
1kdxv1v,32,32.0,0.0,0
1kdxv1v,33,33.0,1.0,0
1kdxv1v,34,34.0,1.0,0
1kdxv1v,35,35.0,1.0,0
1kdxv1v,36,36.0,1.0,0
1kdxv1v,37,37.0,-1.0,0
1kdxv1v,38,38.0,-1.0,0
1kdxv1v,39,39.0,-1.0,0
1kdxv1v,40,40.0,-1.0,0
1kdxv1v,41,41.0,-1.0,0
1kdxv1v,42,42.0,0.0,0
1kdxv1v,43,43.0,1.0,0
1kdxv1v,44,44.0,0.0,0
1kdxv1v,45,45.0,-1.0,0
1kdxv1v,46,46.0,0.0,0
1kdxv1v,47,47.0,1.0,0
1kdxv1v,48,48.0,0.0,0
1kdxv1v,49,49.0,-1.0,0
1kdxv1v,50,50.0,0.0,0
1kdxv1v,51,51.0,-1.0,0
1kdxv1v,52,52.0,0.0,0
1keduf1,0,0.0,0.0,0
1keduf1,1,1.0,-1.0,0
1keduf1,2,2.0,1.0,0
1keduf1,3,3.0,0.0,0
1keduf1,4,4.0,0.0,0
1keduf1,5,5.0,1.0,0
1keduf1,6,6.0,1.0,0
1keduf1,7,7.0,-1.0,0
1keduf1,8,8.0,0.0,0
1keduf1,9,9.0,0.0,0
1keduf1,10,10.0,1.0,0
1keduf1,11,11.0,1.0,0
1keduf1,12,12.0,0.0,0
1keduf1,13,13.0,0.0,0
1keduf1,14,14.0,0.0,0
1keduf1,15,15.0,1.0,0
1keduf1,16,16.0,0.0,0
1keduf1,17,17.0,0.0,0
1keduf1,18,18.0,0.0,0
1keduf1,19,19.0,0.0,0
1keduf1,20,20.0,1.0,0
1keduf1,21,21.0,0.0,0
1keduf1,22,22.0,0.0,0
1keduf1,23,23.0,0.0,0
1keduf1,24,24.0,0.0,0
1keduf1,25,25.0,1.0,0
1keduf1,26,26.0,0.0,0
1keduf1,27,27.0,1.0,0
1keduf1,28,28.0,0.0,0
1keduf1,29,29.0,0.0,0
1keduf1,30,30.0,1.0,0
1keduf1,31,31.0,1.0,0
1keduf1,32,32.0,-1.0,0
1keduf1,33,33.0,0.0,0
1keduf1,34,34.0,0.0,0
1keduf1,35,35.0,-1.0,0
1keduf1,36,36.0,0.0,0
1keduf1,37,37.0,0.0,0
1keduf1,38,38.0,0.0,0
1keduf1,39,39.0,0.0,0
1keduf1,40,40.0,0.0,0
1keduf1,41,41.0,1.0,0
1keduf1,42,42.0,1.0,0
1keduf1,43,43.0,-1.0,0
1keduf1,44,44.0,-1.0,0
1keduf1,45,45.0,0.0,0
1keduf1,46,46.0,0.0,0
1keduf1,47,47.0,0.0,0
1keduf1,48,48.0,0.0,0
1keduf1,49,49.0,0.0,0
1keduf1,50,50.0,0.0,0
1keduf1,51,51.0,1.0,0
1keduf1,52,52.0,1.0,0
1keeo0b,0,0.0,-1.0,0
1keeo0b,1,1.0,0.0,0
1keeo0b,2,2.0,-1.0,0
1keeo0b,3,3.0,-1.0,0
1keeo0b,4,4.0,0.0,0
1keeo0b,5,5.0,1.0,0
1keeo0b,6,6.0,1.0,0
1keeo0b,7,7.0,1.0,0
1keeo0b,8,8.0,1.0,0
1keeo0b,9,9.0,-1.0,0
1keeo0b,10,10.0,-1.0,0
1keeo0b,11,11.0,0.0,0
1keeo0b,12,12.0,1.0,0
1keeo0b,13,13.0,1.0,0
1keeo0b,14,14.0,-1.0,0
1keeo0b,15,15.0,1.0,0
1keeo0b,16,16.0,0.0,0
1keeo0b,17,17.0,0.0,0
1keeo0b,18,18.0,1.0,0
1keeo0b,19,19.0,1.0,0
1keeo0b,20,20.0,1.0,0
1keeo0b,21,21.0,0.0,0
1keeo0b,22,22.0,0.0,0
1keeo0b,23,23.0,-1.0,0
1keeo0b,24,24.0,0.0,0
1keeo0b,25,25.0,-1.0,0
1keeo0b,26,26.0,1.0,0
1keeo0b,27,27.0,0.0,0
1keeo0b,28,28.0,0.0,0
1keeo0b,29,29.0,0.0,0
1keeo0b,30,30.0,1.0,0
1keeo0b,31,31.0,0.0,0
1keeo0b,32,32.0,0.0,0
1keeo0b,33,33.0,-1.0,0
1keeo0b,34,34.0,0.0,0
1keeo0b,35,35.0,0.0,0
1keeo0b,36,36.0,0.0,0
1keeo0b,37,37.0,1.0,0
1keeo0b,38,38.0,0.0,0
1keeo0b,39,39.0,1.0,0
1keeo0b,40,40.0,-1.0,0
1keeo0b,41,41.0,-1.0,0
1keeo0b,42,42.0,0.0,0
1keeo0b,43,43.0,-1.0,0
1keeo0b,44,44.0,0.0,0
1keeo0b,45,45.0,0.0,0
1keeo0b,46,46.0,0.0,0
1keeo0b,47,47.0,1.0,0
1keeo0b,48,48.0,1.0,0
1keeo0b,49,49.0,0.0,0
1keeo0b,50,50.0,1.0,0
1keeo0b,51,51.0,1.0,0
1keeo0b,52,52.0,1.0,0
1kg2zxo,0,0.0,1.0,0
1kg2zxo,1,1.0,-1.0,0
1kg2zxo,2,2.0,-1.0,0
1kg2zxo,3,3.0,0.0,0
1kg2zxo,4,4.0,-1.0,0
1kg2zxo,5,5.0,-1.0,0
1kg2zxo,6,6.0,-1.0,0
1kg2zxo,7,7.0,1.0,0
1kg2zxo,8,8.0,-1.0,0
1kg2zxo,9,9.0,0.0,0
1kg2zxo,10,10.0,-1.0,0
1kg2zxo,11,11.0,0.0,0
1kg2zxo,12,12.0,0.0,0
1kg2zxo,13,13.0,-1.0,0
1kg2zxo,14,14.0,0.0,0
1kg2zxo,15,15.0,0.0,0
1kg2zxo,16,16.0,0.0,0
1kg2zxo,17,17.0,0.0,0
1kg2zxo,18,18.0,0.0,0
1kg2zxo,19,19.0,0.0,0
1kg2zxo,20,20.0,0.0,0
1kg2zxo,21,21.0,0.0,0
1kg2zxo,22,22.0,0.0,0
1kg2zxo,23,23.0,0.0,0
1kg2zxo,24,24.0,0.0,0
1kg2zxo,25,25.0,-1.0,0
1kg2zxo,26,26.0,0.0,0
1kg2zxo,27,27.0,-1.0,0
1kg2zxo,28,28.0,0.0,0
1kg2zxo,29,29.0,0.0,0
1kg2zxo,30,30.0,0.0,0
1kg2zxo,31,31.0,0.0,0
1kg2zxo,32,32.0,0.0,0
1kg2zxo,33,33.0,0.0,0
1kg2zxo,34,34.0,-1.0,0
1kg2zxo,35,35.0,0.0,0
1kg2zxo,36,36.0,-1.0,0
1kg2zxo,37,37.0,0.0,0
1kg2zxo,38,38.0,0.0,0
1kg2zxo,39,39.0,0.0,0
1kg2zxo,40,40.0,-1.0,0
1kg2zxo,41,41.0,-1.0,0
1kg2zxo,42,42.0,1.0,0
1kg2zxo,43,43.0,0.0,0
1kg2zxo,44,44.0,0.0,0
1kg2zxo,45,45.0,0.0,0
1kg2zxo,46,46.0,1.0,0
1kg2zxo,47,47.0,0.0,0
1kg2zxo,48,48.0,0.0,0
1kg2zxo,49,49.0,0.0,0
1kg2zxo,50,50.0,0.0,0
1kg2zxo,51,51.0,0.0,0
1kg2zxo,52,52.0,0.0,0
1kg2zxo,53,53.0,0.0,0
1kg2zxo,54,54.0,1.0,0
1kg2zxo,55,55.0,-1.0,0
1kg2zxo,56,56.0,0.0,0
1kg2zxo,57,57.0,0.0,0
1kg2zxo,58,58.0,0.0,0
1kg2zxo,59,59.0,-1.0,0
1kg2zxo,60,60.0,1.0,0
1kg2zxo,61,61.0,-1.0,0
1kg2zxo,62,62.0,-1.0,0
1kg2zxo,63,63.0,-1.0,0
1kg2zxo,64,64.0,1.0,0
1kin0sg,0,0.0,0.0,0
1kin0sg,1,1.0,0.0,0
1kin0sg,2,2.0,-1.0,0
1kin0sg,3,3.0,0.0,0
1kin0sg,4,4.0,1.0,0
1kin0sg,5,5.0,0.0,0
1kin0sg,6,6.0,1.0,0
1kin0sg,7,7.0,1.0,0
1kin0sg,8,8.0,-1.0,0
1kin0sg,9,9.0,-1.0,0
1kin0sg,10,10.0,0.0,0
1kin0sg,11,11.0,-1.0,0
1kin0sg,12,12.0,0.0,0
1kin0sg,13,13.0,-1.0,0
1kin0sg,14,14.0,1.0,0
1kin0sg,15,15.0,1.0,0
1kin0sg,16,16.0,0.0,0
1kin0sg,17,17.0,-1.0,0
1kin0sg,18,18.0,-1.0,0
1kin0sg,19,19.0,0.0,0
1kin0sg,20,20.0,0.0,0
1kin0sg,21,21.0,0.0,0
1kin0sg,22,22.0,0.0,0
1kin0sg,23,23.0,0.0,0
1kin0sg,24,24.0,0.0,0
1kin0sg,25,25.0,-1.0,0
1kin0sg,26,26.0,-1.0,0
1kin0sg,27,27.0,1.0,0
1kin0sg,28,28.0,1.0,0
1kin0sg,29,29.0,1.0,0
1kin0sg,30,30.0,-1.0,0
1kin0sg,31,31.0,0.0,0
1kin0sg,32,32.0,0.0,0
1kin0sg,33,33.0,1.0,0
1kin0sg,34,34.0,-1.0,0
1kin0sg,35,35.0,0.0,0
1kin0sg,36,36.0,0.0,0
1kin0sg,37,37.0,0.0,0
1kin0sg,38,38.0,0.0,0
1kin0sg,39,39.0,0.0,0
1kin0sg,40,40.0,-1.0,0
1kin0sg,41,41.0,0.0,0
1kin0sg,42,42.0,0.0,0
1kin0sg,43,43.0,0.0,0
1kin0sg,44,44.0,-1.0,0
1kin0sg,45,45.0,-1.0,0
1kin0sg,46,46.0,-1.0,0
1kin0sg,47,47.0,1.0,0
1kin0sg,48,48.0,-1.0,0
1kin0sg,49,49.0,0.0,0
1kin0sg,50,50.0,0.0,0
1kin0sg,51,51.0,0.0,0
1kin0sg,52,52.0,0.0,0
1kin0sg,53,53.0,0.0,0
1kin0sg,54,54.0,0.0,0
1kin0sg,55,55.0,0.0,0
1kin0sg,56,56.0,0.0,0
1kin0sg,57,57.0,0.0,0
1kin0sg,58,58.0,0.0,0
1kin0sg,59,59.0,-1.0,0
1kin0sg,60,60.0,0.0,0
1kin0sg,61,61.0,1.0,0
1kin0sg,62,62.0,0.0,0
1kjibaj,0,0.0,1.0,0
1kjibaj,1,1.0,1.0,0
1kjibaj,2,2.0,-1.0,0
1kjibaj,3,3.0,0.0,0
1kjibaj,4,4.0,0.0,0
1kjibaj,5,5.0,0.0,0
1kjibaj,6,6.0,1.0,0
1kjibaj,7,7.0,-1.0,0
1kjibaj,8,8.0,0.0,0
1kjibaj,9,9.0,0.0,0
1kjibaj,10,10.0,1.0,0
1kjibaj,11,11.0,-1.0,0
1kjibaj,12,12.0,0.0,0
1kjibaj,13,13.0,1.0,0
1kjibaj,14,14.0,1.0,0
1kjibaj,15,15.0,1.0,0
1kjibaj,16,16.0,1.0,0
1kjibaj,17,17.0,0.0,0
1kjibaj,18,18.0,0.0,0
1kjibaj,19,19.0,1.0,0
1kjibaj,20,20.0,1.0,0
1kjibaj,21,21.0,1.0,0
1kjibaj,22,22.0,0.0,0
1kjibaj,23,23.0,-1.0,0
1kjibaj,24,24.0,0.0,0
1kjibaj,25,25.0,0.0,0
1kjibaj,26,26.0,0.0,0
1kjibaj,27,27.0,0.0,0
1kjibaj,28,28.0,0.0,0
1kjibaj,29,29.0,0.0,0
1kjibaj,30,30.0,1.0,0
1kjibaj,31,31.0,-1.0,0
1kjibaj,32,32.0,-1.0,0
1kjibaj,33,33.0,1.0,0
1kjibaj,34,34.0,0.0,0
1kjibaj,35,35.0,0.0,0
1kjibaj,36,36.0,-1.0,0
1kjibaj,37,37.0,-1.0,0
1kjibaj,38,38.0,0.0,0
1kjibaj,39,39.0,1.0,0
1kjibaj,40,40.0,0.0,0
1kjibaj,41,41.0,1.0,0
1kjibaj,42,42.0,0.0,0
1kjibaj,43,43.0,0.0,0
1kjibaj,44,44.0,1.0,0
1kjibaj,45,45.0,1.0,0
1kjibaj,46,46.0,1.0,0
1kjibaj,47,47.0,1.0,0
1kjibaj,48,48.0,0.0,0
1kjibaj,49,49.0,1.0,0
1kjibaj,50,50.0,0.0,0
1kjibaj,51,51.0,0.0,0
1kjibaj,52,52.0,0.0,0
1kjibaj,53,53.0,1.0,0
1kjibaj,54,54.0,0.0,0
1kjibaj,55,55.0,0.0,0
1kjibaj,56,56.0,1.0,0
1kjibaj,57,57.0,0.0,0
1kjibaj,58,58.0,0.0,0
1kjibaj,59,59.0,-1.0,0
1kjibaj,60,60.0,0.0,0
1kjibaj,61,61.0,0.0,0
1kjibaj,62,62.0,1.0,0
1kjibaj,63,63.0,1.0,0
1kjibaj,64,64.0,1.0,0
1kjibaj,65,65.0,1.0,0
1kjibaj,66,66.0,1.0,0
1kjibaj,67,67.0,1.0,0
1kjibaj,68,68.0,1.0,0
1kjibaj,69,69.0,0.0,0
1kjibaj,70,70.0,0.0,0
1kjibaj,71,71.0,0.0,0
1kl14t5,0,0.0,-1.0,0
1kl14t5,1,1.0,0.0,0
1kl14t5,2,2.0,0.0,0
1kl14t5,3,3.0,-1.0,0
1kl14t5,4,4.0,0.0,0
1kl14t5,5,5.0,-1.0,0
1kl14t5,6,6.0,1.0,0
1kl14t5,7,7.0,1.0,0
1kl14t5,8,8.0,0.0,0
1kl14t5,9,9.0,0.0,0
1kl14t5,10,10.0,1.0,0
1kl14t5,11,11.0,0.0,0
1kl14t5,12,12.0,1.0,0
1kl14t5,13,13.0,1.0,0
1kl14t5,14,14.0,0.0,0
1kl14t5,15,15.0,1.0,0
1kl14t5,16,16.0,0.0,0
1kl14t5,17,17.0,-1.0,0
1kl14t5,18,18.0,0.0,0
1kl14t5,19,19.0,0.0,0
1kl14t5,20,20.0,1.0,0
1kl14t5,21,21.0,1.0,0
1kl14t5,22,22.0,-1.0,0
1kl14t5,23,23.0,-1.0,0
1kl14t5,24,24.0,0.0,0
1kl14t5,25,25.0,0.0,0
1kl14t5,26,26.0,1.0,0
1kl14t5,27,27.0,1.0,0
1kl14t5,28,28.0,0.0,0
1kl14t5,29,29.0,1.0,0
1kl14t5,30,30.0,0.0,0
1kl14t5,31,31.0,0.0,0
1kl14t5,32,32.0,0.0,0
1kl14t5,33,33.0,0.0,0
1kl14t5,34,34.0,1.0,0
1kl14t5,35,35.0,1.0,0
1kl14t5,36,36.0,0.0,0
1kl14t5,37,37.0,1.0,0
1kl14t5,38,38.0,0.0,0
1kl14t5,39,39.0,-1.0,0
1kl14t5,40,40.0,0.0,0
1kl14t5,41,41.0,0.0,0
1kl14t5,42,42.0,0.0,0
1kl14t5,43,43.0,0.0,0
1kl14t5,44,44.0,0.0,0
1kl14t5,45,45.0,-1.0,0
1kl14t5,46,46.0,0.0,0
1kl14t5,47,47.0,1.0,0
1kl14t5,48,48.0,1.0,0
1kl14t5,49,49.0,1.0,0
1kl14t5,50,50.0,1.0,0
1kl14t5,51,51.0,1.0,0
1kl14t5,52,52.0,1.0,0
1kl14t5,53,53.0,1.0,0
1kl14t5,54,54.0,0.0,0
1kl14t5,55,55.0,0.0,0
1kl14t5,56,56.0,0.0,0
1kl14t5,57,57.0,0.0,0
1kl14t5,58,58.0,-1.0,0
1kl14t5,59,59.0,1.0,0
1kl14t5,60,60.0,0.0,0
1kl14t5,61,61.0,0.0,0
1kl14t5,62,62.0,0.0,0
1kl14t5,63,63.0,1.0,0
1kl14t5,64,64.0,0.0,0
1kl14t5,65,65.0,1.0,0
1kl14t5,66,66.0,1.0,0
1kl14t5,67,67.0,0.0,0
1kl14t5,68,68.0,0.0,0
1kl14t5,69,69.0,1.0,0
1kl14t5,70,70.0,0.0,0
1kl14t5,71,71.0,1.0,0
1kl14t5,72,72.0,0.0,0
1kl14t5,73,73.0,0.0,0
1kl14t5,74,74.0,0.0,0
1kl14t5,75,75.0,0.0,0
1kl14t5,76,76.0,0.0,0
1kl14t5,77,77.0,1.0,0
1kl14t5,78,78.0,0.0,0
1kl14t5,79,79.0,1.0,0
1kl14t5,80,80.0,0.0,0
1kl14t5,81,81.0,1.0,0
1kl14t5,82,82.0,0.0,0
1kl14t5,83,83.0,1.0,0
1kl14t5,84,84.0,1.0,0
1kl14t5,85,85.0,1.0,0
1kl14t5,86,86.0,1.0,0
1kl14t5,87,87.0,1.0,0
1kl14t5,88,88.0,-1.0,0
1kl14t5,89,89.0,1.0,0
1kl14t5,90,90.0,0.0,0
1kl14t5,91,91.0,0.0,0
1kl14t5,92,92.0,1.0,0
1kl14t5,93,93.0,0.0,0
1kl14t5,94,94.0,1.0,0
1kl14t5,95,95.0,1.0,0
1kl14t5,96,96.0,0.0,0
1kl14t5,97,97.0,1.0,0
1kl14t5,98,98.0,0.0,0
1kl14t5,99,99.0,0.0,0
1kl14t5,100,100.0,1.0,0
1kl14t5,101,101.0,1.0,0
1kl14t5,102,102.0,1.0,0
1kl14t5,103,103.0,0.0,0
1kl14t5,104,104.0,0.0,0
1kl14t5,105,105.0,1.0,0
1kl14t5,106,106.0,0.0,0
1kl14t5,107,107.0,0.0,0
1kl14t5,108,108.0,1.0,0
1kl14t5,109,109.0,1.0,0
1klgocf,0,1.0,0.0,0
1klgocf,1,2.0,0.0,0
1klgocf,2,3.0,0.0,0
1klgocf,3,4.0,0.0,0
1klgocf,4,5.0,-1.0,0
1klgocf,5,6.0,0.0,0
1klgocf,6,7.0,0.0,0
1klgocf,7,8.0,0.0,0
1klgocf,8,9.0,0.0,0
1klgocf,9,10.0,0.0,0
1klgocf,10,11.0,0.0,0
1klgocf,11,12.0,0.0,0
1klgocf,12,13.0,0.0,0
1klgocf,13,14.0,0.0,0
1klgocf,14,15.0,0.0,0
1klgocf,15,16.0,-1.0,0
1klgocf,16,17.0,0.0,0
1klgocf,17,18.0,1.0,0
1klgocf,18,19.0,1.0,0
1klgocf,19,20.0,-1.0,0
1klgocf,20,21.0,0.0,0
1klgocf,21,22.0,0.0,0
1klgocf,22,23.0,0.0,0
1klgocf,23,24.0,0.0,0
1klgocf,24,25.0,0.0,0
1klgocf,25,26.0,1.0,0
1klgocf,26,27.0,0.0,0
1klgocf,27,28.0,0.0,0
1klgocf,28,29.0,0.0,0
1klgocf,29,30.0,1.0,0
1klgocf,30,31.0,-1.0,0
1klgocf,31,32.0,1.0,0
1klgocf,32,33.0,1.0,0
1klgocf,33,34.0,-1.0,0
1klgocf,34,35.0,1.0,0
1klgocf,35,36.0,1.0,0
1klgocf,36,37.0,0.0,0
1klgocf,37,38.0,0.0,0
1klgocf,38,39.0,0.0,0
1klgocf,39,40.0,-1.0,0
1klgocf,40,41.0,0.0,0
1klgocf,41,42.0,1.0,0
1klgocf,42,43.0,0.0,0
1klgocf,43,44.0,1.0,0
1klgocf,44,45.0,-1.0,0
1klgocf,45,46.0,0.0,0
1klgocf,46,47.0,0.0,0
1klgocf,47,48.0,1.0,0
1klgocf,48,49.0,0.0,0
1klgocf,49,50.0,-1.0,0
1klgocf,50,51.0,-1.0,0
1klgocf,51,52.0,-1.0,0
1klgocf,52,53.0,-1.0,0
1klgocf,53,54.0,0.0,0
1klgocf,54,55.0,-1.0,0
1klgocf,55,56.0,0.0,0
1klgocf,56,57.0,0.0,0
1klgocf,57,58.0,-1.0,0
1klgocf,58,59.0,0.0,0
1klgocf,59,60.0,0.0,0
1klgocf,60,61.0,0.0,0
1klgocf,61,62.0,0.0,0
1klgocf,62,63.0,1.0,0
1klgocf,63,64.0,1.0,0
1klgocf,64,65.0,0.0,0
1klgocf,65,66.0,1.0,0
1klgocf,66,67.0,0.0,0
1klgocf,67,68.0,0.0,0
1klgocf,68,69.0,0.0,0
1klgocf,69,70.0,0.0,0
1klgocf,70,71.0,1.0,0
1klgocf,71,72.0,1.0,0
1klgocf,72,73.0,0.0,0
1klgocf,73,74.0,0.0,0
1klgocf,74,75.0,0.0,0
1klgocf,75,76.0,0.0,0
1klgocf,76,77.0,1.0,0
1klgocf,77,78.0,0.0,0
1klgocf,78,79.0,1.0,0
1klgocf,79,80.0,1.0,0
1klgocf,80,81.0,1.0,0
1klgocf,81,82.0,1.0,0
1klgocf,82,83.0,0.0,0
1klgocf,83,84.0,1.0,0
1klgocf,84,85.0,0.0,0
1klgocf,85,86.0,0.0,0
1klgocf,86,87.0,0.0,0
1klgocf,87,88.0,0.0,0
1klgocf,88,89.0,0.0,0
1klgocf,89,90.0,1.0,0
1klgocf,90,91.0,1.0,0
1klgocf,91,92.0,0.0,0
1klgocf,92,93.0,1.0,0
1klgocf,93,94.0,1.0,0
1klgocf,94,95.0,0.0,0
1klgocf,95,96.0,0.0,0
1klgocf,96,97.0,0.0,0
1klgocf,97,98.0,0.0,0
1klgocf,98,99.0,1.0,0
1klgocf,99,100.0,0.0,0
1klgocf,100,101.0,0.0,0
1klgocf,101,102.0,0.0,0
1klgocf,102,103.0,0.0,0
1klgocf,103,104.0,1.0,0
1klgocf,104,105.0,1.0,0
1klgocf,105,106.0,1.0,0
1klgocf,106,107.0,1.0,0
1klgocf,107,108.0,1.0,0
1klgocf,108,109.0,1.0,0
1klgocf,109,110.0,1.0,0
1klgocf,110,111.0,1.0,0
1klgocf,111,112.0,0.0,0
1klgocf,112,113.0,0.0,0
1klgocf,113,114.0,1.0,0
1klgocf,114,115.0,1.0,0
1klgocf,115,116.0,-1.0,0
1klgocf,116,117.0,0.0,0
1klgocf,117,118.0,0.0,0
1klgocf,118,119.0,0.0,0
1klgocf,119,120.0,1.0,0
1klgocf,120,121.0,0.0,0
1klgocf,121,122.0,1.0,0
1klgocf,122,123.0,0.0,0
1klgocf,123,124.0,0.0,0
1klgocf,124,125.0,0.0,0
1klgocf,125,126.0,0.0,0
1klgocf,126,127.0,-1.0,0
1klgocf,127,128.0,1.0,0
1klgocf,128,129.0,0.0,0
1klgocf,129,130.0,0.0,0
1klgocf,130,131.0,0.0,0
1klgocf,131,132.0,0.0,0
1klgocf,132,133.0,0.0,0
1klgocf,133,134.0,0.0,0
1klgocf,134,135.0,0.0,0
1klgocf,135,136.0,0.0,0
1klgocf,136,137.0,0.0,0
1klgocf,137,138.0,1.0,0
1klgocf,138,139.0,0.0,0
1klgocf,139,140.0,0.0,0
1klgocf,140,141.0,0.0,0
1klgocf,141,142.0,0.0,0
1klgocf,142,143.0,0.0,0
1klgocf,143,144.0,0.0,0
1klgocf,144,145.0,1.0,0
1klgocf,145,146.0,1.0,0
1klgocf,146,147.0,0.0,0
1klgocf,147,148.0,0.0,0
1klgocf,148,149.0,0.0,0
1klgocf,149,150.0,0.0,0
1klgocf,150,151.0,0.0,0
1klgocf,151,152.0,0.0,0
1klgocf,152,153.0,0.0,0
1klgocf,153,154.0,1.0,0
1klgocf,154,155.0,1.0,0
1klgocf,155,156.0,1.0,0
1klgocf,156,157.0,1.0,0
1klgocf,157,158.0,0.0,0
1klgocf,158,159.0,1.0,0
1klgocf,159,160.0,1.0,0
1klgocf,160,161.0,0.0,0
1klohhu,0,0.0,0.0,0
1klohhu,1,1.0,0.0,0
1klohhu,2,2.0,0.0,0
1klohhu,3,3.0,0.0,0
1klohhu,4,5.0,1.0,0
1klohhu,5,6.0,1.0,0
1klohhu,6,7.0,1.0,0
1klohhu,7,10.0,0.0,0
1klohhu,8,11.0,0.0,0
1klohhu,9,12.0,0.0,0
1klohhu,10,13.0,0.0,0
1klohhu,11,14.0,0.0,0
1klohhu,12,15.0,0.0,0
1klohhu,13,16.0,0.0,0
1klohhu,14,17.0,0.0,0
1klohhu,15,18.0,1.0,0
1klohhu,16,19.0,1.0,0
1kmbuqd,0,0.0,1.0,0
1kmbuqd,1,1.0,1.0,0
1kmbuqd,2,2.0,0.0,0
1kmbuqd,3,3.0,-1.0,0
1kmbuqd,4,4.0,0.0,0
1kmbuqd,5,5.0,-1.0,0
1kmbuqd,6,6.0,0.0,0
1kmbuqd,7,7.0,1.0,0
1kmbuqd,8,8.0,0.0,0
1kmbuqd,9,9.0,0.0,0
1kmbuqd,10,10.0,0.0,0
1kmbuqd,11,11.0,0.0,0
1kmbuqd,12,12.0,-1.0,0
1kmbuqd,13,13.0,1.0,0
1kmbuqd,14,14.0,1.0,0
1kmbuqd,15,15.0,1.0,0
1knaxbp,0,0.0,0.0,0
1knaxbp,1,1.0,1.0,0
1knaxbp,2,2.0,1.0,0
1knaxbp,3,3.0,1.0,0
1knaxbp,4,4.0,1.0,0
1knaxbp,5,5.0,0.0,0
1knaxbp,6,6.0,1.0,0
1knaxbp,7,7.0,0.0,0
1knaxbp,8,8.0,1.0,0
1knaxbp,9,9.0,-1.0,0
1knaxbp,10,10.0,1.0,0
1knaxbp,11,11.0,0.0,0
1knaxbp,12,12.0,0.0,0
1knaxbp,13,13.0,1.0,0
1knaxbp,14,14.0,0.0,0
1knaxbp,15,15.0,-1.0,0
1knaxbp,16,16.0,1.0,0
1knaxbp,17,17.0,0.0,0
1knaxbp,18,18.0,1.0,0
1knaxbp,19,19.0,-1.0,0
1knaxbp,20,20.0,1.0,0
1knaxbp,21,21.0,-1.0,0
1knaxbp,22,22.0,1.0,0
1knaxbp,23,23.0,1.0,0
1knaxbp,24,24.0,1.0,0
1knaxbp,25,25.0,1.0,0
1knaxbp,26,26.0,1.0,0
1knaxbp,27,27.0,1.0,0
1knaxbp,28,28.0,1.0,0
1knaxbp,29,29.0,0.0,0
1knaxbp,30,30.0,0.0,0
1knaxbp,31,31.0,1.0,0
1knaxbp,32,32.0,1.0,0
1knaxbp,33,33.0,1.0,0
1knaxbp,34,34.0,1.0,0
1knaxbp,35,35.0,-1.0,0
1knaxbp,36,36.0,0.0,0
1knaxbp,37,37.0,0.0,0
1knaxbp,38,38.0,0.0,0
1knaxbp,39,39.0,0.0,0
1knaxbp,40,40.0,1.0,0
1knaxbp,41,41.0,0.0,0
1knaxbp,42,42.0,0.0,0
1knaxbp,43,43.0,0.0,0
1knaxbp,44,44.0,0.0,0
1knaxbp,45,45.0,0.0,0
1knaxbp,46,46.0,1.0,0
1knaxbp,47,47.0,0.0,0
1knaxbp,48,48.0,1.0,0
1knaxbp,49,49.0,-1.0,0
1knaxbp,50,50.0,0.0,0
1knaxbp,51,51.0,0.0,0
1knaxbp,52,52.0,1.0,0
1knaxbp,53,53.0,1.0,0
1knaxbp,54,54.0,0.0,0
1knaxbp,55,55.0,0.0,0
1knaxbp,56,56.0,0.0,0
1knaxbp,57,57.0,0.0,0
1knaxbp,58,58.0,1.0,0
1kntqwb,0,0.0,-1.0,0
1kntqwb,1,1.0,0.0,0
1kntqwb,2,2.0,-1.0,0
1kntqwb,3,3.0,0.0,0
1kntqwb,4,4.0,0.0,0
1kntqwb,5,5.0,0.0,0
1kntqwb,6,6.0,0.0,0
1kntqwb,7,7.0,0.0,0
1kntqwb,8,8.0,1.0,0
1kntqwb,9,9.0,-1.0,0
1kntqwb,10,10.0,0.0,0
1kntqwb,11,11.0,0.0,0
1kntqwb,12,12.0,0.0,0
1kntqwb,13,13.0,-1.0,0
1kntqwb,14,14.0,0.0,0
1kntqwb,15,15.0,0.0,0
1kntqwb,16,16.0,0.0,0
1kntqwb,17,17.0,-1.0,0
1kntqwb,18,18.0,0.0,0
1kntqwb,19,19.0,-1.0,0
1kntqwb,20,20.0,0.0,0
1kntqwb,21,21.0,-1.0,0
1kntqwb,22,22.0,0.0,0
1kntqwb,23,23.0,0.0,0
1kntqwb,24,24.0,-1.0,0
1kntqwb,25,25.0,0.0,0
1kntqwb,26,26.0,-1.0,0
1kntqwb,27,27.0,0.0,0
1kntqwb,28,28.0,0.0,0
1kntqwb,29,29.0,0.0,0
1kntqwb,30,30.0,0.0,0
1kntqwb,31,31.0,0.0,0
1kntqwb,32,32.0,1.0,0
1kntqwb,33,33.0,-1.0,0
1kntqwb,34,34.0,0.0,0
1kntqwb,35,35.0,0.0,0
1kntqwb,36,36.0,0.0,0
1kntqwb,37,37.0,1.0,0
1kntqwb,38,38.0,0.0,0
1kntqwb,39,39.0,0.0,0
1kntqwb,40,40.0,1.0,0
1kntqwb,41,41.0,0.0,0
1kntqwb,42,42.0,0.0,0
1kntqwb,43,43.0,1.0,0
1kntqwb,44,44.0,1.0,0
1kntqwb,45,45.0,0.0,0
1kntqwb,46,46.0,-1.0,0
1kntqwb,47,47.0,0.0,0
1kntqwb,48,48.0,1.0,0
1kntqwb,49,49.0,-1.0,0
1kntqwb,50,50.0,1.0,0
1kntqwb,51,51.0,-1.0,0
1kntqwb,52,52.0,0.0,0
1kntqwb,53,53.0,0.0,0
1kntqwb,54,54.0,1.0,0
1kntqwb,55,55.0,0.0,0
1kntqwb,56,56.0,0.0,0
1kntqwb,57,57.0,0.0,0
1kntqwb,58,58.0,0.0,0
1kntqwb,59,59.0,1.0,0
1kntqwb,60,60.0,0.0,0
1kntqwb,61,61.0,-1.0,0
1kntqwb,62,62.0,0.0,0
1kntqwb,63,63.0,-1.0,0
1kntqwb,64,64.0,0.0,0
1kntqwb,65,65.0,0.0,0
1kntqwb,66,66.0,-1.0,0
1kntqwb,67,67.0,-1.0,0
1kntqwb,68,68.0,1.0,0
1kntqwb,69,69.0,0.0,0
1kntqwb,70,70.0,-1.0,0
1kntqwb,71,71.0,-1.0,0
1kntqwb,72,72.0,0.0,0
1kntqwb,73,73.0,0.0,0
1kntqwb,74,74.0,0.0,0
1kntqwb,75,75.0,0.0,0
1kntqwb,76,76.0,-1.0,0
1kntqwb,77,77.0,0.0,0
1kntqwb,78,78.0,0.0,0
1kntqwb,79,79.0,-1.0,0
1kntqwb,80,80.0,0.0,0
1kntqwb,81,81.0,0.0,0
1kntqwb,82,82.0,1.0,0
1kntqwb,83,83.0,1.0,0
1kntqwb,84,84.0,1.0,0
1kntqwb,85,85.0,0.0,0
1kntqwb,86,86.0,0.0,0
1kntqwb,87,87.0,1.0,0
1kntqwb,88,88.0,1.0,0
1kntqwb,89,89.0,-1.0,0
1kntqwb,90,90.0,1.0,0
1kntqwb,91,91.0,0.0,0
1kntqwb,92,92.0,0.0,0
1kntqwb,93,93.0,-1.0,0
1kntqwb,94,94.0,1.0,0
1kntqwb,95,95.0,0.0,0
1kntqwb,96,96.0,0.0,0
1kntqwb,97,97.0,-1.0,0
1kntqwb,98,98.0,0.0,0
1kntqwb,99,99.0,-1.0,0
1kntqwb,100,100.0,1.0,0
1kntqwb,101,101.0,1.0,0
1kntqwb,102,102.0,0.0,0
1kntqwb,103,103.0,0.0,0
1kntqwb,104,104.0,-1.0,0
1kntqwb,105,105.0,0.0,0
1kntqwb,106,106.0,0.0,0
1kntqwb,107,107.0,0.0,0
1kntqwb,108,108.0,0.0,0
1kntqwb,109,109.0,0.0,0
1kntqwb,110,110.0,0.0,0
1kntqwb,111,111.0,0.0,0
1kntqwb,112,112.0,0.0,0
1kntqwb,113,113.0,-1.0,0
1kntqwb,114,114.0,0.0,0
1kntqwb,115,115.0,0.0,0
1kntqwb,116,116.0,-1.0,0
1kntqwb,117,117.0,0.0,0
1kntqwb,118,118.0,0.0,0
1kntqwb,119,119.0,0.0,0
1kntqwb,120,120.0,0.0,0
1kntqwb,121,121.0,0.0,0
1kntqwb,122,122.0,0.0,0
1kntqwb,123,123.0,0.0,0
1kntqwb,124,124.0,0.0,0
1kntqwb,125,125.0,0.0,0
1kntqwb,126,126.0,0.0,0
1kntqwb,127,127.0,0.0,0
1kntqwb,128,128.0,0.0,0
1kntqwb,129,129.0,-1.0,0
1kntqwb,130,130.0,-1.0,0
1kntqwb,131,131.0,0.0,0
1kntqwb,132,132.0,0.0,0
1kntqwb,133,133.0,0.0,0
1kntqwb,134,134.0,0.0,0
1kntqwb,135,135.0,1.0,0
1kntqwb,136,136.0,-1.0,0
1kntqwb,137,137.0,0.0,0
1kntqwb,138,138.0,0.0,0
1kntqwb,139,139.0,0.0,0
1kntqwb,140,140.0,0.0,0
1kntqwb,141,141.0,0.0,0
1kntqwb,142,142.0,0.0,0
1kntqwb,143,143.0,0.0,0
1kntqwb,144,144.0,0.0,0
1kntqwb,145,145.0,0.0,0
1kntqwb,146,146.0,0.0,0
1kntqwb,147,147.0,0.0,0
1kntqwb,148,148.0,0.0,0
1kntqwb,149,149.0,1.0,0
1kntqwb,150,150.0,1.0,0
1kntqwb,151,151.0,0.0,0
1kntqwb,152,152.0,0.0,0
1kntqwb,153,153.0,0.0,0
1kntqwb,154,154.0,0.0,0
1kntqwb,155,155.0,0.0,0
1kntqwb,156,156.0,0.0,0
1kntqwb,157,157.0,0.0,0
1kntqwb,158,158.0,0.0,0
1kntqwb,159,159.0,0.0,0
1kntqwb,160,160.0,0.0,0
1kntqwb,161,161.0,0.0,0
1kntqwb,162,162.0,0.0,0
1kntqwb,163,163.0,0.0,0
1kntqwb,164,164.0,0.0,0
1kntqwb,165,165.0,0.0,0
1kntqwb,166,166.0,0.0,0
1kntqwb,167,167.0,0.0,0
1kntqwb,168,168.0,0.0,0
1kntqwb,169,169.0,0.0,0
1kntqwb,170,170.0,0.0,0
1kntqwb,171,171.0,0.0,0
1kntqwb,172,172.0,0.0,0
1kntqwb,173,173.0,0.0,0
1kntqwb,174,174.0,0.0,0
1kntqwb,175,175.0,1.0,0
1kntqwb,176,176.0,1.0,0
1kntqwb,177,177.0,0.0,0
1kntqwb,178,178.0,0.0,0
1kntqwb,179,179.0,0.0,0
1kntqwb,180,180.0,0.0,0
1kntqwb,181,181.0,1.0,0
1kntqwb,182,182.0,-1.0,0
1kntqwb,183,183.0,0.0,0
1kntqwb,184,184.0,0.0,0
1kntqwb,185,185.0,0.0,0
1kntqwb,186,186.0,0.0,0
1kntqwb,187,187.0,0.0,0
1kntqwb,188,188.0,0.0,0
1kntqwb,189,189.0,0.0,0
1krayf7,0,0.0,0.0,0
1krayf7,1,1.0,0.0,0
1krayf7,2,2.0,-1.0,0
1krayf7,3,3.0,0.0,0
1krayf7,4,4.0,1.0,0
1krayf7,5,5.0,0.0,0
1krayf7,6,6.0,0.0,0
1krayf7,7,7.0,0.0,0
1krayf7,8,8.0,0.0,0
1krayf7,9,9.0,0.0,0
1krayf7,10,10.0,0.0,0
1krayf7,11,11.0,0.0,0
1krayf7,12,12.0,-1.0,0
1krayf7,13,13.0,-1.0,0
1krayf7,14,14.0,-1.0,0
1krayf7,15,15.0,0.0,0
1krayf7,16,16.0,-1.0,0
1krayf7,17,17.0,0.0,0
1krayf7,18,18.0,1.0,0
1krayf7,19,19.0,-1.0,0
1krayf7,20,20.0,0.0,0
1krayf7,21,21.0,-1.0,0
1krayf7,22,22.0,-1.0,0
1krayf7,23,23.0,-1.0,0
1krayf7,24,24.0,0.0,0
1krayf7,25,25.0,0.0,0
1krayf7,26,26.0,0.0,0
1krayf7,27,27.0,0.0,0
1krayf7,28,28.0,1.0,0
1krayf7,29,29.0,0.0,0
1krayf7,30,30.0,0.0,0
1krayf7,31,31.0,0.0,0
1krayf7,32,32.0,0.0,0
1krayf7,33,33.0,1.0,0
1krayf7,34,34.0,0.0,0
1krayf7,35,35.0,1.0,0
1krayf7,36,36.0,0.0,0
1krayf7,37,37.0,0.0,0
1krayf7,38,38.0,1.0,0
1krayf7,39,39.0,0.0,0
1krayf7,40,40.0,0.0,0
1krayf7,41,41.0,1.0,0
1krayf7,42,42.0,1.0,0
1krayf7,43,43.0,-1.0,0
1krayf7,44,44.0,0.0,0
1krayf7,45,45.0,0.0,0
1krayf7,46,46.0,0.0,0
1krayf7,47,47.0,0.0,0
1krayf7,48,48.0,0.0,0
1krayf7,49,49.0,0.0,0
1krayf7,50,50.0,0.0,0
1krayf7,51,51.0,0.0,0
1krayf7,52,52.0,0.0,0
1krayf7,53,53.0,0.0,0
1krayf7,54,54.0,-1.0,0
1krayf7,55,55.0,0.0,0
1krayf7,56,56.0,-1.0,0
1krayf7,57,57.0,-1.0,0
1krayf7,58,58.0,-1.0,0
1krayf7,59,59.0,-1.0,0
1krayf7,60,60.0,0.0,0
1krayf7,61,61.0,0.0,0
1krayf7,62,62.0,0.0,0
1krayf7,63,63.0,0.0,0
1krayf7,64,64.0,0.0,0
1krayf7,65,65.0,0.0,0
1krayf7,66,66.0,0.0,0
1krayf7,67,67.0,0.0,0
1krayf7,68,68.0,1.0,0
1krayf7,69,69.0,0.0,0
1krayf7,70,70.0,0.0,0
1krayf7,71,71.0,0.0,0
1krayf7,72,72.0,0.0,0
1krayf7,73,73.0,0.0,0
1krayf7,74,74.0,0.0,0
1krayf7,75,75.0,0.0,0
1krayf7,76,76.0,0.0,0
1krayf7,77,77.0,0.0,0
1krayf7,78,78.0,0.0,0
1krayf7,79,79.0,0.0,0
1krayf7,80,80.0,0.0,0
1krayf7,81,81.0,0.0,0
1krayf7,82,82.0,0.0,0
1krayf7,83,83.0,-1.0,0
1krayf7,84,84.0,-1.0,0
1krayf7,85,85.0,0.0,0
1krayf7,86,86.0,0.0,0
1krayf7,87,87.0,0.0,0
1krayf7,88,88.0,0.0,0
1krayf7,89,89.0,0.0,0
1krayf7,90,90.0,-1.0,0
1krayf7,91,91.0,1.0,0
1krayf7,92,92.0,0.0,0
1krayf7,93,93.0,0.0,0
1krayf7,94,94.0,0.0,0
1krayf7,95,95.0,-1.0,0
1krayf7,96,96.0,0.0,0
1krayf7,97,97.0,0.0,0
1krayf7,98,98.0,0.0,0
1krayf7,99,99.0,0.0,0
1krayf7,100,100.0,0.0,0
1krayf7,101,101.0,-1.0,0
1krayf7,102,102.0,0.0,0
1krayf7,103,103.0,1.0,0
1krayf7,104,104.0,1.0,0
1krayf7,105,105.0,-1.0,0
1krayf7,106,106.0,-1.0,0
1krayf7,107,107.0,-1.0,0
1krayf7,108,108.0,-1.0,0
1krayf7,109,109.0,-1.0,0
1krayf7,110,110.0,0.0,0
1krayf7,111,111.0,0.0,0
1krayf7,112,112.0,0.0,0
1krayf7,113,113.0,1.0,0
1krayf7,114,114.0,0.0,0
1krayf7,115,115.0,-1.0,0
1krayf7,116,116.0,0.0,0
1krayf7,117,117.0,0.0,0
1krayf7,118,118.0,0.0,0
1krayf7,119,119.0,0.0,0
1krayf7,120,120.0,0.0,0
1krayf7,121,121.0,0.0,0
1krayf7,122,122.0,0.0,0
1krayf7,123,123.0,0.0,0
1krayf7,124,124.0,-1.0,0
1krayf7,125,125.0,0.0,0
1kte89k,0,0.0,-1.0,0
1kte89k,1,1.0,-1.0,0
1kte89k,2,2.0,0.0,0
1kte89k,3,3.0,0.0,0
1kte89k,4,4.0,0.0,0
1kte89k,5,5.0,0.0,0
1kte89k,6,6.0,0.0,0
1kte89k,7,7.0,-1.0,0
1kte89k,8,8.0,0.0,0
1kte89k,9,9.0,0.0,0
1kte89k,10,10.0,1.0,0
1kte89k,11,11.0,0.0,0
1kte89k,12,12.0,0.0,0
1kte89k,13,13.0,0.0,0
1kte89k,14,14.0,0.0,0
1kte89k,15,15.0,0.0,0
1kte89k,16,16.0,0.0,0
1kte89k,17,17.0,0.0,0
1kte89k,18,18.0,0.0,0
1kte89k,19,19.0,-1.0,0
1kte89k,20,20.0,-1.0,0
1kte89k,21,21.0,0.0,0
1kte89k,22,22.0,1.0,0
1kte89k,23,23.0,0.0,0
1kte89k,24,24.0,0.0,0
1kte89k,25,25.0,0.0,0
1kte89k,26,26.0,0.0,0
1kte89k,27,27.0,0.0,0
1kte89k,28,28.0,0.0,0
1kte89k,29,29.0,0.0,0
1kur2lk,0,0.0,-1.0,0
1kur2lk,1,1.0,1.0,0
1kur2lk,2,2.0,1.0,0
1kur2lk,3,3.0,0.0,0
1kur2lk,4,4.0,-1.0,0
1kur2lk,5,5.0,0.0,0
1kur2lk,6,6.0,-1.0,0
1kur2lk,7,7.0,0.0,0
1kur2lk,8,8.0,0.0,0
1kur2lk,9,9.0,1.0,0
1kur2lk,10,10.0,1.0,0
1kur2lk,11,11.0,-1.0,0
1kur2lk,12,12.0,-1.0,0
1kur2lk,13,13.0,1.0,0
1kur2lk,14,14.0,0.0,0
1kur2lk,15,15.0,0.0,0
1kur2lk,16,16.0,1.0,0
1kur2lk,17,17.0,0.0,0
1kur2lk,18,18.0,1.0,0
1kur2lk,19,19.0,0.0,0
1kur2lk,20,20.0,-1.0,0
1kur2lk,21,21.0,1.0,0
1kur2lk,22,22.0,0.0,0
1kur2lk,23,23.0,1.0,0
1kur2lk,24,24.0,0.0,0
1kur2lk,25,25.0,1.0,0
1kur2lk,26,26.0,-1.0,0
1kur2lk,27,27.0,1.0,0
1kur2lk,28,28.0,1.0,0
1kur2lk,29,29.0,0.0,0
1kur2lk,30,30.0,0.0,0
1kur2lk,31,31.0,0.0,0
1kur2lk,32,32.0,-1.0,0
1kur2lk,33,33.0,0.0,0
1kur2lk,34,34.0,0.0,0
1kur2lk,35,35.0,0.0,0
1kur2lk,36,36.0,-1.0,0
1kur2lk,37,37.0,-1.0,0
1kur2lk,38,38.0,1.0,0
1kur2lk,39,39.0,0.0,0
1kur2lk,40,40.0,1.0,0
1kur2lk,41,41.0,1.0,0
1kur2lk,42,42.0,-1.0,0
1kvoiep,0,0.0,1.0,0
1kvoiep,1,1.0,1.0,0
1kvoiep,2,2.0,0.0,0
1kvoiep,3,3.0,1.0,0
1kvoiep,4,4.0,-1.0,0
1kvoiep,5,5.0,1.0,0
1kzp7jv,0,0.0,1.0,0
1kzp7jv,1,1.0,-1.0,0
1kzp7jv,2,2.0,-1.0,0
1kzp7jv,3,3.0,1.0,0
1kzp7jv,4,4.0,1.0,0
1kzp7jv,5,5.0,0.0,0
1kzp7jv,6,6.0,0.0,0
1kzp7jv,7,7.0,0.0,0
1kzp7jv,8,8.0,1.0,0
1kzp7jv,9,9.0,1.0,0
1kzp7jv,10,10.0,0.0,0
1kzp7jv,11,11.0,0.0,0
1kzp7jv,12,12.0,1.0,0
1kzp7jv,13,13.0,1.0,0
1kzp7jv,14,14.0,1.0,0
1kzp7jv,15,15.0,0.0,0
1kzp7jv,16,16.0,1.0,0
1kzp7jv,17,17.0,1.0,0
1kzp7jv,18,18.0,1.0,0
1l0vcae,0,0.0,-1.0,0
1l0vcae,1,1.0,0.0,0
1l0vcae,2,2.0,0.0,0
1l0vcae,3,3.0,-1.0,0
1l0vcae,4,4.0,0.0,0
1l0vcae,5,5.0,1.0,0
1l0vcae,6,6.0,0.0,0
1l0vcae,7,7.0,0.0,0
1l0vcae,8,8.0,-1.0,0
1l0vcae,9,9.0,0.0,0
1l0vcae,10,10.0,-1.0,0
1l0vcae,11,11.0,0.0,0
1l0vcae,12,12.0,0.0,0
1l0vcae,13,13.0,1.0,0
1l0vcae,14,14.0,0.0,0
1l0vcae,15,15.0,0.0,0
1l0vcae,16,16.0,0.0,0
1l0vcae,17,17.0,0.0,0
1l0vcae,18,18.0,0.0,0
1l0vcae,19,19.0,1.0,0
1l0vcae,20,20.0,0.0,0
1l0vcae,21,21.0,0.0,0
1l0vcae,22,22.0,0.0,0
1l0vcae,23,23.0,0.0,0
1l0vcae,24,24.0,0.0,0
1l0vcae,25,25.0,0.0,0
1l0vcae,26,26.0,0.0,0
1l0vcae,27,27.0,1.0,0
1l3fcro,0,0.0,0.0,0
1l3fcro,1,1.0,0.0,0
1l3fcro,2,2.0,-1.0,0
1l3fcro,3,3.0,-1.0,0
1l3fcro,4,4.0,0.0,0
1l3fcro,5,5.0,0.0,0
1l3fcro,6,6.0,-1.0,0
1l3fcro,7,7.0,0.0,0
1l3fcro,8,8.0,0.0,0
1l3fcro,9,9.0,1.0,0
1l3fcro,10,10.0,-1.0,0
1l3fcro,11,11.0,1.0,0
1l3fcro,12,12.0,1.0,0
1l3fcro,13,13.0,0.0,0
1l3fcro,14,14.0,0.0,0
1l3fcro,15,15.0,0.0,0
1l3fcro,16,16.0,0.0,0
1l3fcro,17,17.0,0.0,0
1l3fcro,18,18.0,0.0,0
1l3fcro,19,19.0,0.0,0
1l3fcro,20,20.0,0.0,0
1l3fcro,21,21.0,1.0,0
1l3fcro,22,22.0,0.0,0
1l3fcro,23,23.0,1.0,0
1l3fcro,24,24.0,-1.0,0
1l3fcro,25,25.0,0.0,0
1l3fcro,26,26.0,0.0,0
1l3fcro,27,27.0,0.0,0
1l3fcro,28,28.0,-1.0,0
1l3fcro,29,29.0,-1.0,0
1l3fcro,30,30.0,0.0,0
1l3fcro,31,31.0,0.0,0
1l3fcro,32,32.0,-1.0,0
1l3fcro,33,33.0,0.0,0
1l54ph3,0,0.0,-1.0,0
1l54ph3,1,1.0,-1.0,0
1l54ph3,2,3.0,0.0,0
1l54ph3,3,4.0,0.0,0
1l54ph3,4,5.0,0.0,0
1l54ph3,5,6.0,1.0,0
1l54ph3,6,10.0,-1.0,0
1l54ph3,7,11.0,0.0,0
1l54ph3,8,12.0,0.0,0
1l54ph3,9,15.0,-1.0,0
1l54ph3,10,18.0,1.0,0
1l54ph3,11,21.0,-1.0,0
1l54ph3,12,22.0,0.0,0
1l54ph3,13,23.0,1.0,0
1l54ph3,14,24.0,1.0,0
1l54ph3,15,27.0,1.0,0
1l54ph3,16,28.0,1.0,0
1l54ph3,17,30.0,1.0,0
1l54ph3,18,31.0,-1.0,0
1l54ph3,19,32.0,1.0,0
1l54ph3,20,36.0,1.0,0
1l54ph3,21,37.0,1.0,0
1l54ph3,22,38.0,1.0,0
1l54ph3,23,39.0,1.0,0
1l54ph3,24,41.0,1.0,0
1l54ph3,25,42.0,1.0,0
1l54ph3,26,46.0,1.0,0
1l54ph3,27,47.0,1.0,0
1l54ph3,28,48.0,1.0,0
1l7f4dw,0,0.0,1.0,0
1l7f4dw,1,1.0,1.0,0
1l7f4dw,2,2.0,0.0,0
1l7f4dw,3,3.0,0.0,0
1l7f4dw,4,4.0,1.0,0
1l7f4dw,5,5.0,1.0,0
1l7f4dw,6,6.0,0.0,0
1l7f4dw,7,7.0,1.0,0
1l7f4dw,8,8.0,-1.0,0
1l7f4dw,9,9.0,1.0,0
1l7f4dw,10,10.0,0.0,0
1l7f4dw,11,11.0,0.0,0
1l7f4dw,12,12.0,0.0,0
1l7f4dw,13,13.0,0.0,0
1l8x3ji,0,0.0,0.0,1
1l8x3ji,1,1.0,1.0,1
1l8x3ji,2,2.0,0.0,1
1l8x3ji,3,3.0,1.0,1
1l8x3ji,4,4.0,1.0,1
1l8x3ji,5,5.0,0.0,1
1l8x3ji,6,6.0,0.0,1
1l8x3ji,7,7.0,0.0,1
1l8x3ji,8,8.0,0.0,1
1l8x3ji,9,9.0,0.0,1
1l8x3ji,10,10.0,0.0,1
1l8x3ji,11,11.0,0.0,1
1l8x3ji,12,12.0,0.0,1
1l8x3ji,13,13.0,0.0,1
1lecs6a,0,1.0,0.0,0
1lkvyct,0,0.0,0.0,0
1lkvyct,1,1.0,0.0,0
1lkvyct,2,2.0,0.0,0
1lkvyct,3,3.0,-1.0,0
1lkvyct,4,4.0,0.0,0
1lkvyct,5,5.0,0.0,0
1lkvyct,6,6.0,-1.0,0
1lkvyct,7,7.0,0.0,0
1lkvyct,8,8.0,0.0,0
1lkvyct,9,9.0,0.0,0
1lkvyct,10,10.0,-1.0,0
1lkvyct,11,11.0,0.0,0
1lkvyct,12,12.0,0.0,0
1lkvyct,13,13.0,0.0,0
1lkvyct,14,14.0,0.0,0
1lkvyct,15,15.0,0.0,0
1lkvyct,16,16.0,1.0,0
1lkvyct,17,17.0,0.0,0
1lkvyct,18,18.0,0.0,0
1lkvyct,19,19.0,0.0,0
1lkvyct,20,20.0,0.0,0
1lkvyct,21,21.0,0.0,0
1lkvyct,22,22.0,0.0,0
1lkvyct,23,23.0,0.0,0
1lkvyct,24,24.0,0.0,0
1lkvyct,25,25.0,0.0,0
1lkvyct,26,26.0,0.0,0
1lkvyct,27,27.0,0.0,0
1lkvyct,28,28.0,0.0,0
1lkvyct,29,29.0,1.0,0
1lkvyct,30,30.0,0.0,0
1lkvyct,31,31.0,0.0,0
1lkvyct,32,32.0,0.0,0
1lkvyct,33,33.0,0.0,0
1lkvyct,34,34.0,0.0,0
1lkvyct,35,35.0,0.0,0
1lkvyct,36,36.0,0.0,0
1lkvyct,37,37.0,0.0,0
1lkvyct,38,38.0,0.0,0
1lkvyct,39,39.0,0.0,0
1lkvyct,40,40.0,0.0,0
1lkvyct,41,41.0,0.0,0
1lkvyct,42,42.0,1.0,0
1lkvyct,43,43.0,1.0,0
1lkvyct,44,44.0,1.0,0
1lkvyct,45,45.0,1.0,0
1lkvyct,46,46.0,1.0,0
1lkvyct,47,47.0,0.0,0
1lkvyct,48,48.0,0.0,0
1lkvyct,49,49.0,0.0,0
1llb7zm,0,0.0,-1.0,0
1llb7zm,1,1.0,1.0,0
1llb7zm,2,2.0,1.0,0
1llb7zm,3,3.0,0.0,0
1llb7zm,4,4.0,-1.0,0
1llb7zm,5,5.0,0.0,0
1llb7zm,6,6.0,0.0,0
1llb7zm,7,7.0,0.0,0
1llb7zm,8,8.0,0.0,0
1llb7zm,9,9.0,0.0,0
1llb7zm,10,10.0,0.0,0
1llb7zm,11,11.0,0.0,0
1llb7zm,12,12.0,0.0,0
1llb7zm,13,13.0,0.0,0
1llb7zm,14,14.0,1.0,0
1llb7zm,15,15.0,0.0,0
1llb7zm,16,16.0,1.0,0
1llb7zm,17,17.0,1.0,0
1llb7zm,18,18.0,-1.0,0
1llb7zm,19,19.0,1.0,0
1llb7zm,20,20.0,-1.0,0
1llb7zm,21,21.0,1.0,0
1llb7zm,22,22.0,0.0,0
1llb7zm,23,23.0,0.0,0
1llb7zm,24,24.0,0.0,0
1llb7zm,25,25.0,1.0,0
1llb7zm,26,26.0,0.0,0
1llb7zm,27,27.0,1.0,0
1llb7zm,28,28.0,0.0,0
1llb7zm,29,29.0,0.0,0
1llb7zm,30,30.0,-1.0,0
1llb7zm,31,31.0,0.0,0
1llb7zm,32,32.0,-1.0,0
1llb7zm,33,33.0,1.0,0
1llb7zm,34,34.0,0.0,0
1llb7zm,35,35.0,1.0,0
1llb7zm,36,36.0,0.0,0
1llb7zm,37,37.0,1.0,0
1llb7zm,38,38.0,-1.0,0
1llb7zm,39,39.0,1.0,0
1llb7zm,40,40.0,0.0,0
1llb7zm,41,41.0,1.0,0
1llb7zm,42,42.0,-1.0,0
1llb7zm,43,43.0,-1.0,0
1llb7zm,44,44.0,-1.0,0
1llb7zm,45,45.0,0.0,0
1llb7zm,46,46.0,1.0,0
1llb7zm,47,47.0,1.0,0
1llb7zm,48,48.0,1.0,0
1llb7zm,49,49.0,1.0,0
1llb7zm,50,50.0,-1.0,0
1llb7zm,51,51.0,0.0,0
1llb7zm,52,52.0,0.0,0
1llb7zm,53,53.0,1.0,0
1llb7zm,54,54.0,1.0,0
1llb7zm,55,55.0,-1.0,0
1llb7zm,56,56.0,-1.0,0
1llb7zm,57,57.0,0.0,0
1llb7zm,58,58.0,0.0,0
1llb7zm,59,59.0,0.0,0
1llb7zm,60,60.0,-1.0,0
1llb7zm,61,61.0,1.0,0
1llb7zm,62,62.0,0.0,0
1llb7zm,63,63.0,-1.0,0
1llb7zm,64,64.0,1.0,0
1llb7zm,65,65.0,0.0,0
1llb7zm,66,66.0,0.0,0
1llb7zm,67,67.0,0.0,0
1llb7zm,68,68.0,1.0,0
1llb7zm,69,69.0,0.0,0
1llb7zm,70,70.0,1.0,0
1llb7zm,71,71.0,0.0,0
1llb7zm,72,72.0,1.0,0
1llb7zm,73,73.0,1.0,0
1llb7zm,74,74.0,-1.0,0
1llb7zm,75,75.0,-1.0,0
1llb7zm,76,76.0,0.0,0
1llb7zm,77,77.0,0.0,0
1llb7zm,78,78.0,0.0,0
1llb7zm,79,79.0,0.0,0
1llb7zm,80,80.0,0.0,0
1llb7zm,81,81.0,0.0,0
1llb7zm,82,82.0,0.0,0
1llb7zm,83,83.0,0.0,0
1llb7zm,84,84.0,0.0,0
1llb7zm,85,85.0,0.0,0
1llb7zm,86,86.0,0.0,0
1llb7zm,87,87.0,0.0,0
1llb7zm,88,88.0,1.0,0
1llb7zm,89,89.0,0.0,0
1lnaiez,0,0.0,-1.0,0
1lnaiez,1,1.0,0.0,0
1lnaiez,2,2.0,0.0,0
1lnaiez,3,3.0,0.0,0
1lnaiez,4,4.0,0.0,0
1lnaiez,5,5.0,0.0,0
1lnaiez,6,6.0,0.0,0
1lnaiez,7,7.0,0.0,0
1lnaiez,8,8.0,0.0,0
1lnaiez,9,9.0,0.0,0
1lnaiez,10,10.0,0.0,0
1lnaiez,11,11.0,0.0,0
1lnaiez,12,12.0,0.0,0
1lnaiez,13,13.0,0.0,0
1lnaiez,14,14.0,0.0,0
1lnaiez,15,15.0,-1.0,0
1lnaiez,16,16.0,0.0,0
1lnaiez,17,17.0,0.0,0
1lnaiez,18,18.0,0.0,0
1lnaiez,19,19.0,0.0,0
1lnaiez,20,20.0,1.0,0
1lnaiez,21,21.0,-1.0,0
1lnaiez,22,22.0,0.0,0
1lnaiez,23,23.0,-1.0,0
1lnaiez,24,24.0,0.0,0
1lnaiez,25,25.0,0.0,0
1lnaiez,26,26.0,0.0,0
1lnaiez,27,27.0,0.0,0
1lnaiez,28,28.0,0.0,0
1lnaiez,29,29.0,1.0,0
1lnaiez,30,30.0,0.0,0
1lnaiez,31,31.0,0.0,0
1lnaiez,32,32.0,0.0,0
1lnaiez,33,33.0,1.0,0
1lnaiez,34,34.0,-1.0,0
1lnaiez,35,35.0,0.0,0
1lnaiez,36,36.0,0.0,0
1lnaiez,37,37.0,0.0,0
1lnaiez,38,38.0,0.0,0
1lnaiez,39,39.0,0.0,0
1lnaiez,40,40.0,0.0,0
1lnaiez,41,41.0,0.0,0
1lnaiez,42,42.0,0.0,0
1lnaiez,43,43.0,-1.0,0
1lnaiez,44,44.0,0.0,0
1lnaiez,45,45.0,0.0,0
1lnaiez,46,46.0,0.0,0
1lnaiez,47,47.0,1.0,0
1lnaiez,48,48.0,1.0,0
1lnaiez,49,49.0,0.0,0
1lnaiez,50,50.0,0.0,0
1lnaiez,51,51.0,0.0,0
1lnaiez,52,52.0,0.0,0
1lnaiez,53,53.0,0.0,0
1lnaiez,54,54.0,0.0,0
1lnaiez,55,55.0,0.0,0
1lnaiez,56,56.0,1.0,0
1lnaiez,57,57.0,0.0,0
1lnaiez,58,58.0,0.0,0
1lnaiez,59,59.0,0.0,0
1lnaiez,60,60.0,1.0,0
1lnaiez,61,61.0,-1.0,0
1lnaiez,62,62.0,0.0,0
1lnaiez,63,63.0,0.0,0
1lnaiez,64,64.0,0.0,0
1lnaiez,65,65.0,1.0,0
1lnaiez,66,66.0,0.0,0
1lnaiez,67,67.0,0.0,0
1lnaiez,68,68.0,1.0,0
1lnaiez,69,69.0,0.0,0
1lnaiez,70,70.0,0.0,0
1lnaiez,71,71.0,0.0,0
1lnaiez,72,72.0,0.0,0
1lnaiez,73,73.0,1.0,0
1lnaiez,74,74.0,0.0,0
1lnaiez,75,75.0,1.0,0
1lnaiez,76,76.0,1.0,0
1lnaiez,77,77.0,-1.0,0
1lnaiez,78,78.0,-1.0,0
1lnaiez,79,79.0,0.0,0
1lnaiez,80,80.0,0.0,0
1lnaiez,81,81.0,0.0,0
1lnaiez,82,82.0,0.0,0
1lnaiez,83,83.0,1.0,0
1lnaiez,84,84.0,0.0,0
1lnaiez,85,85.0,0.0,0
1lnaiez,86,86.0,0.0,0
1lnaiez,87,87.0,0.0,0
1lnaiez,88,88.0,0.0,0
1lnaiez,89,89.0,0.0,0
1lnaiez,90,90.0,0.0,0
1lnaiez,91,91.0,0.0,0
1lnaiez,92,92.0,0.0,0
1lnaiez,93,93.0,0.0,0
1lnaiez,94,94.0,0.0,0
1lnaiez,95,95.0,0.0,0
1lnaiez,96,96.0,0.0,0
1lnaiez,97,97.0,0.0,0
1lnaiez,98,98.0,0.0,0
1lnaiez,99,99.0,0.0,0
1lnaiez,100,100.0,0.0,0
1lnaiez,101,101.0,0.0,0
1lnaiez,102,102.0,0.0,0
1lnaiez,103,103.0,-1.0,0
1lnaiez,104,104.0,1.0,0
1lnaiez,105,105.0,1.0,0
1lnaiez,106,106.0,0.0,0
1lnaiez,107,107.0,0.0,0
1lnaiez,108,108.0,0.0,0
1lnaiez,109,109.0,1.0,0
1lnaiez,110,110.0,0.0,0
1lnaiez,111,111.0,0.0,0
1lnaiez,112,112.0,0.0,0
1lnaiez,113,113.0,1.0,0
1lnaiez,114,114.0,0.0,0
1lnaiez,115,115.0,0.0,0
1lnaiez,116,116.0,0.0,0
1lnaiez,117,117.0,0.0,0
1lnaiez,118,118.0,0.0,0
1lnaiez,119,119.0,0.0,0
1lnaiez,120,120.0,0.0,0
1lp0xeu,0,0.0,1.0,0
1lp0xeu,1,1.0,0.0,0
1lp0xeu,2,2.0,0.0,0
1lp0xeu,3,3.0,1.0,0
1lp0xeu,4,4.0,1.0,0
1lp0xeu,5,5.0,-1.0,0
1lp0xeu,6,6.0,1.0,0
1lp0xeu,7,7.0,-1.0,0
1lp0xeu,8,8.0,0.0,0
1lp0xeu,9,9.0,0.0,0
1lp0xeu,10,10.0,1.0,0
1lp0xeu,11,11.0,-1.0,0
1lp0xeu,12,12.0,1.0,0
1lp0xeu,13,13.0,1.0,0
1lp0xeu,14,14.0,0.0,0
1lp0xeu,15,15.0,0.0,0
1lp0xeu,16,16.0,0.0,0
1lp0xeu,17,17.0,0.0,0
1lp0xeu,18,18.0,0.0,0
1lp0xeu,19,19.0,-1.0,0
1lqqhri,0,0.0,0.0,0
1lqqhri,1,1.0,1.0,0
1lqqhri,2,2.0,0.0,0
1lqqhri,3,3.0,0.0,0
1lqqhri,4,4.0,0.0,0
1lqqhri,5,5.0,1.0,0
1lqqhri,6,6.0,0.0,0
1lqqhri,7,7.0,1.0,0
1lqqhri,8,8.0,0.0,0
1lqqhri,9,9.0,0.0,0
1lqqhri,10,10.0,0.0,0
1lqqhri,11,11.0,0.0,0
1lqqhri,12,12.0,0.0,0
1lqqhri,13,13.0,0.0,0
1lqqhri,14,14.0,0.0,0
1lqqhri,15,15.0,0.0,0
1lqqhri,16,16.0,0.0,0
1lqqhri,17,17.0,0.0,0
1lqqhri,18,18.0,0.0,0
1lqqhri,19,19.0,0.0,0
1lqqhri,20,20.0,1.0,0
1lqqhri,21,21.0,0.0,0
1lqqhri,22,22.0,0.0,0
1lqqhri,23,23.0,0.0,0
1lqqhri,24,24.0,0.0,0
1lqqhri,25,25.0,0.0,0
1lqqhri,26,26.0,0.0,0
1lqqhri,27,27.0,0.0,0
1lqqhri,28,28.0,0.0,0
1lqqhri,29,29.0,0.0,0
1lqqhri,30,30.0,0.0,0
1lqqhri,31,31.0,0.0,0
1lqqhri,32,32.0,1.0,0
1lqqhri,33,33.0,0.0,0
1lqqhri,34,34.0,0.0,0
1lqqhri,35,35.0,0.0,0
1lqqhri,36,36.0,0.0,0
1lqqhri,37,37.0,0.0,0
1lqqhri,38,38.0,0.0,0
1lqqhri,39,39.0,0.0,0
1lqqhri,40,40.0,0.0,0
1lqqhri,41,41.0,0.0,0
1lqqhri,42,42.0,0.0,0
1lqqhri,43,43.0,0.0,0
1lqqhri,44,44.0,0.0,0
1lqqhri,45,45.0,0.0,0
1lqqhri,46,46.0,0.0,0
1lqqhri,47,47.0,0.0,0
1lqqhri,48,48.0,0.0,0
1lqqhri,49,49.0,1.0,0
1lqqhri,50,50.0,0.0,0
1lqqhri,51,51.0,0.0,0
1lqqhri,52,52.0,0.0,0
1lqqhri,53,53.0,0.0,0
1lqqhri,54,54.0,0.0,0
1lqqhri,55,55.0,0.0,0
1lqqhri,56,56.0,0.0,0
1lqqhri,57,57.0,0.0,0
1lqqhri,58,58.0,0.0,0
1lqqhri,59,59.0,0.0,0
1lqqhri,60,60.0,0.0,0
1lqqhri,61,61.0,0.0,0
1lqqhri,62,62.0,0.0,0
1lqqhri,63,63.0,0.0,0
1lqqhri,64,64.0,0.0,0
1lqqhri,65,65.0,0.0,0
1lqqhri,66,66.0,0.0,0
1lqqhri,67,67.0,0.0,0
1lqqhri,68,68.0,1.0,0
1lqqhri,69,69.0,0.0,0
1lqqhri,70,70.0,0.0,0
1lqqhri,71,71.0,0.0,0
1lqqhri,72,72.0,0.0,0
1lqqhri,73,73.0,0.0,0
1lqqhri,74,74.0,0.0,0
1lqqhri,75,75.0,0.0,0
1lqqhri,76,76.0,0.0,0
1lqqhri,77,77.0,0.0,0
1lqqhri,78,78.0,0.0,0
1lqqhri,79,79.0,0.0,0
1lqqhri,80,80.0,0.0,0
1lqqhri,81,81.0,0.0,0
1lqqhri,82,82.0,0.0,0
1lqqhri,83,83.0,0.0,0
1lqqhri,84,84.0,0.0,0
1lqqhri,85,85.0,0.0,0
1lqqhri,86,86.0,0.0,0
1lqqhri,87,87.0,0.0,0
1lqqhri,88,88.0,0.0,0
1lqqhri,89,89.0,0.0,0
1lqqhri,90,90.0,0.0,0
1lqqhri,91,91.0,0.0,0
1lqqhri,92,92.0,0.0,0
1lqqhri,93,93.0,0.0,0
1lqqhri,94,94.0,1.0,0
1lqqhri,95,95.0,0.0,0
1lqqhri,96,96.0,0.0,0
1lqqhri,97,97.0,0.0,0
1lqqhri,98,98.0,1.0,0
1lqqhri,99,99.0,0.0,0
1lqqhri,100,100.0,0.0,0
1lqqhri,101,101.0,1.0,0
1lqqhri,102,102.0,0.0,0
1lqqhri,103,103.0,1.0,0
1lqqhri,104,104.0,0.0,0
1lqqhri,105,105.0,0.0,0
1lqqhri,106,106.0,0.0,0
1lqqhri,107,107.0,0.0,0
1lqqhri,108,108.0,0.0,0
1lqqhri,109,109.0,0.0,0
1lqqhri,110,110.0,0.0,0
1lqqhri,111,111.0,0.0,0
1lqqhri,112,112.0,0.0,0
1lqqhri,113,113.0,0.0,0
1lqqhri,114,114.0,0.0,0
1lqqhri,115,115.0,0.0,0
1lqqhri,116,116.0,0.0,0
1lqqhri,117,117.0,0.0,0
1lrhea0,0,0.0,1.0,0
1lrhea0,1,1.0,0.0,0
1lrhea0,2,2.0,1.0,0
1lrhea0,3,3.0,1.0,0
1lrhea0,4,4.0,1.0,0
1lrhea0,5,5.0,1.0,0
1lrhea0,6,6.0,1.0,0
1lrhea0,7,7.0,1.0,0
1lrhea0,8,8.0,1.0,0
1lrhea0,9,9.0,1.0,0
1lrhea0,10,10.0,1.0,0
1lrhea0,11,11.0,1.0,0
1lrhea0,12,12.0,1.0,0
1lrhea0,13,13.0,0.0,0
1lrhea0,14,14.0,0.0,0
1lrhea0,15,15.0,0.0,0
1lrhea0,16,16.0,0.0,0
1lrhea0,17,17.0,0.0,0
1lrhea0,18,18.0,1.0,0
1lrhea0,19,19.0,1.0,0
1lrhea0,20,20.0,0.0,0
1lrhea0,21,21.0,0.0,0
1lrhea0,22,22.0,1.0,0
1lrhea0,23,23.0,0.0,0
1lrhea0,24,24.0,1.0,0
1lrhea0,25,25.0,1.0,0
1lrhea0,26,26.0,1.0,0
1lul9zs,0,0.0,1.0,0
1lul9zs,1,1.0,0.0,0
1lul9zs,2,2.0,1.0,0
1lul9zs,3,3.0,0.0,0
1lul9zs,4,4.0,0.0,0
1lul9zs,5,5.0,-1.0,0
1lul9zs,6,6.0,1.0,0
1lul9zs,7,7.0,0.0,0
1lul9zs,8,8.0,0.0,0
1lul9zs,9,9.0,0.0,0
1lul9zs,10,10.0,0.0,0
1lul9zs,11,11.0,1.0,0
1lul9zs,12,12.0,1.0,0
1lul9zs,13,13.0,0.0,0
1lul9zs,14,14.0,1.0,0
1lul9zs,15,15.0,-1.0,0
1lul9zs,16,16.0,0.0,0
1lul9zs,17,17.0,0.0,0
1lul9zs,18,18.0,1.0,0
1lul9zs,19,19.0,1.0,0
1lul9zs,20,20.0,-1.0,0
1lul9zs,21,21.0,1.0,0
1lul9zs,22,22.0,1.0,0
1lul9zs,23,23.0,-1.0,0
1lul9zs,24,24.0,0.0,0
1lul9zs,25,25.0,0.0,0
1lul9zs,26,26.0,-1.0,0
1lul9zs,27,27.0,1.0,0
1lul9zs,28,28.0,-1.0,0
1lul9zs,29,29.0,1.0,0
1lul9zs,30,30.0,0.0,0
1lul9zs,31,31.0,0.0,0
1lul9zs,32,32.0,0.0,0
1lul9zs,33,33.0,0.0,0
1lul9zs,34,34.0,0.0,0
1lul9zs,35,35.0,0.0,0
1lul9zs,36,36.0,0.0,0
1lul9zs,37,37.0,0.0,0
1lul9zs,38,38.0,0.0,0
1lul9zs,39,39.0,0.0,0
1lul9zs,40,40.0,-1.0,0
1lul9zs,41,41.0,0.0,0
1lul9zs,42,42.0,1.0,0
1lul9zs,43,43.0,0.0,0
1lul9zs,44,44.0,0.0,0
1lul9zs,45,45.0,1.0,0
1lul9zs,46,46.0,1.0,0
1lul9zs,47,47.0,1.0,0
1lul9zs,48,48.0,1.0,0
1lul9zs,49,49.0,0.0,0
1lul9zs,50,50.0,0.0,0
1lul9zs,51,51.0,0.0,0
1lul9zs,52,52.0,0.0,0
1lul9zs,53,53.0,1.0,0
1lul9zs,54,54.0,0.0,0
1lul9zs,55,55.0,0.0,0
1lul9zs,56,56.0,0.0,0
1lul9zs,57,57.0,0.0,0
1lul9zs,58,58.0,0.0,0
1lul9zs,59,59.0,1.0,0
1lul9zs,60,60.0,0.0,0
1lul9zs,61,61.0,0.0,0
1lul9zs,62,62.0,0.0,0
1lul9zs,63,63.0,0.0,0
1lul9zs,64,64.0,0.0,0
1lul9zs,65,65.0,0.0,0
1lul9zs,66,66.0,0.0,0
1lul9zs,67,67.0,1.0,0
1lul9zs,68,68.0,0.0,0
1lul9zs,69,69.0,1.0,0
1lul9zs,70,70.0,0.0,0
1lul9zs,71,71.0,0.0,0
1lul9zs,72,72.0,0.0,0
1lul9zs,73,73.0,0.0,0
1lul9zs,74,74.0,0.0,0
1lul9zs,75,75.0,1.0,0
1lul9zs,76,76.0,1.0,0
1lul9zs,77,77.0,1.0,0
1lul9zs,78,78.0,1.0,0
1lul9zs,79,79.0,1.0,0
1lul9zs,80,80.0,1.0,0
1lul9zs,81,81.0,1.0,0
1lul9zs,82,82.0,1.0,0
1lul9zs,83,83.0,-1.0,0
1lul9zs,84,84.0,1.0,0
1lul9zs,85,85.0,-1.0,0
1lul9zs,86,86.0,1.0,0
1lul9zs,87,87.0,-1.0,0
1lul9zs,88,88.0,1.0,0
1lul9zs,89,89.0,1.0,0
1lul9zs,90,90.0,1.0,0
1lul9zs,91,91.0,0.0,0
1lul9zs,92,92.0,0.0,0
1lul9zs,93,93.0,1.0,0
1lul9zs,94,94.0,1.0,0
1lul9zs,95,95.0,0.0,0
1lul9zs,96,96.0,1.0,0
1lul9zs,97,97.0,1.0,0
1lul9zs,98,98.0,-1.0,0
1lul9zs,99,99.0,-1.0,0
1lul9zs,100,100.0,1.0,0
1lul9zs,101,101.0,1.0,0
1lul9zs,102,102.0,1.0,0
1lul9zs,103,103.0,1.0,0
1lul9zs,104,104.0,1.0,0
1lul9zs,105,105.0,0.0,0
1lul9zs,106,106.0,0.0,0
1lul9zs,107,107.0,0.0,0
1lul9zs,108,108.0,-1.0,0
1lul9zs,109,109.0,0.0,0
1lul9zs,110,110.0,1.0,0
1lul9zs,111,111.0,0.0,0
1lul9zs,112,112.0,0.0,0
1lul9zs,113,113.0,0.0,0
1lul9zs,114,114.0,0.0,0
1lul9zs,115,115.0,0.0,0
1lul9zs,116,116.0,0.0,0
1lul9zs,117,117.0,1.0,0
1lul9zs,118,118.0,1.0,0
1lul9zs,119,119.0,-1.0,0
1lul9zs,120,120.0,0.0,0
1lw640c,0,0.0,0.0,1
1lw640c,1,1.0,-1.0,1
1lw640c,2,2.0,0.0,1
1lw640c,3,3.0,0.0,1
1lw640c,4,4.0,1.0,1
1lw640c,5,5.0,0.0,1
1lw640c,6,6.0,0.0,1
1lw640c,7,7.0,1.0,1
1lw640c,8,8.0,1.0,1
1lw640c,9,9.0,1.0,1
1lw640c,10,10.0,-1.0,1
1lw640c,11,11.0,1.0,1
1lw640c,12,12.0,1.0,1
1lw640c,13,13.0,0.0,1
1lw640c,14,14.0,0.0,1
1lw640c,15,15.0,-1.0,1
1lw640c,16,16.0,0.0,1
1lw640c,17,17.0,0.0,1
1lw640c,18,18.0,0.0,1
1lw640c,19,19.0,0.0,1
1lw640c,20,20.0,-1.0,1
1lw640c,21,21.0,0.0,1
1lw640c,22,22.0,-1.0,1
1lw640c,23,23.0,0.0,1
1lw640c,24,24.0,0.0,1
1lw640c,25,25.0,1.0,1
1lw640c,26,26.0,0.0,1
1lw640c,27,27.0,0.0,1
1lw640c,28,28.0,0.0,1
1lw640c,29,29.0,-1.0,1
1lw640c,30,30.0,1.0,1
1lw640c,31,31.0,1.0,1
1lw640c,32,32.0,1.0,1
1lw640c,33,33.0,-1.0,1
1lw640c,34,34.0,-1.0,1
1lw640c,35,35.0,0.0,1
1lw640c,36,36.0,-1.0,1
1lw640c,37,37.0,-1.0,1
1lw640c,38,38.0,0.0,1
1lw640c,39,39.0,0.0,1
1lw640c,40,40.0,0.0,1
1lw640c,41,41.0,0.0,1
1lw640c,42,42.0,0.0,1
1lw640c,43,43.0,0.0,1
1lw640c,44,44.0,0.0,1
1lw640c,45,45.0,0.0,1
1lw640c,46,46.0,0.0,1
1lw640c,47,47.0,1.0,1
1lw640c,48,48.0,1.0,1
1lw640c,49,49.0,0.0,1
1lw640c,50,50.0,0.0,1
1lw640c,51,51.0,-1.0,1
1lw640c,52,52.0,0.0,1
1lw640c,53,53.0,0.0,1
1lw640c,54,54.0,0.0,1
1lw640c,55,55.0,1.0,1
1lw640c,56,56.0,-1.0,1
1lw640c,57,57.0,0.0,1
1lw640c,58,58.0,1.0,1
1lw640c,59,59.0,-1.0,1
1lw640c,60,60.0,1.0,1
1lw640c,61,61.0,0.0,1
1lw640c,62,62.0,0.0,1
1lw640c,63,63.0,0.0,1
1lw640c,64,64.0,0.0,1
1lw640c,65,65.0,0.0,1
1lw640c,66,66.0,0.0,1
1lw640c,67,67.0,1.0,1
1lw640c,68,68.0,1.0,1
1lw640c,69,69.0,1.0,1
1lw640c,70,70.0,0.0,1
1lw640c,71,71.0,0.0,1
1lw640c,72,72.0,-1.0,1
1lw640c,73,73.0,-1.0,1
1lw640c,74,74.0,1.0,1
1lw640c,75,75.0,1.0,1
1lw640c,76,76.0,0.0,1
1lw640c,77,77.0,0.0,1
1lw640c,78,78.0,0.0,1
1lw640c,79,79.0,0.0,1
1lw640c,80,80.0,0.0,1
1lw640c,81,81.0,1.0,1
1lw640c,82,82.0,1.0,1
1lw640c,83,83.0,0.0,1
1lw640c,84,84.0,1.0,1
1lw640c,85,85.0,-1.0,1
1lw640c,86,86.0,-1.0,1
1lw640c,87,87.0,1.0,1
1lw640c,88,88.0,1.0,1
1lw640c,89,89.0,-1.0,1
1lw640c,90,90.0,1.0,1
1lw640c,91,91.0,-1.0,1
1lw640c,92,92.0,1.0,1
1lw640c,93,93.0,-1.0,1
1lw640c,94,94.0,1.0,1
1lw640c,95,95.0,-1.0,1
1lw640c,96,96.0,1.0,1
1lw640c,97,97.0,0.0,1
1lw640c,98,98.0,-1.0,1
1lw640c,99,99.0,0.0,1
1lw640c,100,100.0,1.0,1
1lw640c,101,101.0,0.0,1
1lw640c,102,102.0,0.0,1
1lw640c,103,103.0,0.0,1
1lw640c,104,104.0,0.0,1
1lw640c,105,105.0,0.0,1
1lwzy1p,0,0.0,0.0,0
1lwzy1p,1,1.0,0.0,0
1lwzy1p,2,2.0,0.0,0
1lwzy1p,3,3.0,0.0,0
1lwzy1p,4,4.0,0.0,0
1lwzy1p,5,5.0,0.0,0
1lwzy1p,6,6.0,0.0,0
1lwzy1p,7,7.0,0.0,0
1lwzy1p,8,8.0,0.0,0
1lwzy1p,9,9.0,0.0,0
1lwzy1p,10,10.0,0.0,0
1lyb5kf,0,0.0,0.0,0
1lyb5kf,1,1.0,0.0,0
1lyb5kf,2,2.0,1.0,0
1lyb5kf,3,3.0,0.0,0
1lyb5kf,4,4.0,1.0,0
1lyb5kf,5,5.0,1.0,0
1lyb5kf,6,6.0,0.0,0
1lyb5kf,7,7.0,0.0,0
1lyb5kf,8,8.0,0.0,0
1lyb5kf,9,9.0,0.0,0
1lyb5kf,10,10.0,0.0,0
1lyb5kf,11,11.0,1.0,0
1lyb5kf,12,12.0,0.0,0
1lyb5kf,13,13.0,0.0,0
1lyb5kf,14,14.0,0.0,0
1lyb5kf,15,15.0,1.0,0
1lyb5kf,16,16.0,0.0,0
1lyb5kf,17,17.0,0.0,0
1lyb5kf,18,18.0,0.0,0
1lyb5kf,19,19.0,0.0,0
1lyb5kf,20,20.0,0.0,0
1lyb5kf,21,21.0,0.0,0
1lyb5kf,22,22.0,1.0,0
1lyb5kf,23,23.0,0.0,0
1lyb5kf,24,24.0,0.0,0
1lyb5kf,25,25.0,1.0,0
1lyb5kf,26,26.0,0.0,0
1lyb5kf,27,27.0,1.0,0
1lyb5kf,28,28.0,0.0,0
1lyb5kf,29,29.0,-1.0,0
1lyb5kf,30,30.0,-1.0,0
1lyb5kf,31,31.0,-1.0,0
1lyb5kf,32,32.0,1.0,0
1lyb5kf,33,33.0,0.0,0
1lyb5kf,34,34.0,0.0,0
1lyb5kf,35,35.0,1.0,0
1lyb5kf,36,36.0,1.0,0
1lyb5kf,37,37.0,0.0,0
1lyb5kf,38,38.0,0.0,0
1lyb5kf,39,39.0,0.0,0
1lyb5kf,40,40.0,0.0,0
1lyb5kf,41,41.0,0.0,0
1lyb5kf,42,42.0,1.0,0
1lyb5kf,43,43.0,0.0,0
1lyb5kf,44,44.0,0.0,0
1lyb5kf,45,45.0,0.0,0
1lyb5kf,46,46.0,0.0,0
1lyb5kf,47,47.0,0.0,0
1lyb5kf,48,48.0,0.0,0
1lyb5kf,49,49.0,1.0,0
1lyb5kf,50,50.0,-1.0,0
1lyb5kf,51,51.0,1.0,0
1lyb5kf,52,52.0,0.0,0
1lyb5kf,53,53.0,1.0,0
1lyb5kf,54,54.0,0.0,0
1lyb5kf,55,55.0,0.0,0
1lyb5kf,56,56.0,0.0,0
1lyb5kf,57,57.0,0.0,0
1lyv41c,0,0.0,0.0,0
1lyv41c,1,1.0,1.0,0
1lyv41c,2,2.0,0.0,0
1lyv41c,3,3.0,0.0,0
1lyv41c,4,4.0,0.0,0
1lyv41c,5,5.0,1.0,0
1lyv41c,6,6.0,0.0,0
1lyv41c,7,7.0,0.0,0
1lyv41c,8,8.0,0.0,0
1lyv41c,9,9.0,-1.0,0
1lyv41c,10,10.0,0.0,0
1lyv41c,11,11.0,0.0,0
1lyv41c,12,12.0,0.0,0
1lyv41c,13,13.0,0.0,0
1lyv41c,14,14.0,0.0,0
1lyv41c,15,15.0,0.0,0
1lyv41c,16,16.0,0.0,0
1lyv41c,17,17.0,0.0,0
1lyv41c,18,18.0,0.0,0
1lyv41c,19,19.0,-1.0,0
1lyv41c,20,20.0,1.0,0
1lyv41c,21,21.0,-1.0,0
1lyv41c,22,22.0,1.0,0
1lyv41c,23,23.0,0.0,0
1lyv41c,24,24.0,1.0,0
1lyv41c,25,25.0,1.0,0
1lyv41c,26,26.0,0.0,0
1lyv41c,27,27.0,0.0,0
1lyv41c,28,28.0,1.0,0
1lyv41c,29,29.0,1.0,0
1lyv41c,30,30.0,1.0,0
1lyv41c,31,31.0,0.0,0
1lyv41c,32,32.0,0.0,0
1lyv41c,33,33.0,1.0,0
1lyv41c,34,34.0,1.0,0
1lyv41c,35,35.0,0.0,0
1lyv41c,36,36.0,1.0,0
1lyv41c,37,37.0,0.0,0
1lyv41c,38,38.0,0.0,0
1lyv41c,39,39.0,0.0,0
1lyv41c,40,40.0,0.0,0
1lyv41c,41,41.0,0.0,0
1lyv41c,42,42.0,0.0,0
1lyv41c,43,43.0,0.0,0
1lyv41c,44,44.0,0.0,0
1lyv41c,45,45.0,1.0,0
1lyv41c,46,46.0,0.0,0
1lyv41c,47,47.0,0.0,0
1lyv41c,48,48.0,0.0,0
1lyv41c,49,49.0,0.0,0
1lyv41c,50,50.0,-1.0,0
1lyv41c,51,51.0,0.0,0
1lyv41c,52,52.0,-1.0,0
1lyv41c,53,53.0,-1.0,0
1lyv41c,54,54.0,-1.0,0
1lyv41c,55,55.0,-1.0,0
1lyv41c,56,56.0,-1.0,0
1lyv41c,57,57.0,-1.0,0
1lyv41c,58,58.0,-1.0,0
1lyv41c,59,59.0,-1.0,0
1lyv41c,60,60.0,-1.0,0
1lyv41c,61,61.0,-1.0,0
1lyv41c,62,62.0,-1.0,0
1lyv41c,63,63.0,-1.0,0
1lyv41c,64,64.0,-1.0,0
1lyv41c,65,65.0,0.0,0
1lyv41c,66,66.0,0.0,0
1lyv41c,67,67.0,0.0,0
1lyv41c,68,68.0,0.0,0
1lyv41c,69,69.0,0.0,0
1lyv41c,70,70.0,1.0,0
1lyv41c,71,71.0,0.0,0
1lyv41c,72,72.0,0.0,0
1lyv41c,73,73.0,0.0,0
1lyv41c,74,74.0,0.0,0
1lz3gsi,0,0.0,1.0,1
1lz3gsi,1,1.0,1.0,1
1lz3gsi,2,2.0,1.0,1
1lz3gsi,3,3.0,1.0,1
1lz3gsi,4,4.0,1.0,1
1lz3gsi,5,5.0,1.0,1
1lz3gsi,6,6.0,1.0,1
1lz3gsi,7,7.0,1.0,1
1lz3gsi,8,8.0,1.0,1
1lz3gsi,9,9.0,1.0,1
1lz3gsi,10,10.0,1.0,1
1lz3gsi,11,11.0,1.0,1
1lz3gsi,12,12.0,1.0,1
1lz3gsi,13,13.0,0.0,1
1lz3gsi,14,14.0,0.0,1
1lz3gsi,15,15.0,1.0,1
1lz3gsi,16,16.0,0.0,1
1lz3gsi,17,17.0,1.0,1
1lz3gsi,18,18.0,1.0,1
1lz3gsi,19,19.0,1.0,1
1lz7g2r,0,0.0,1.0,0
1lz7g2r,1,1.0,0.0,0
1lz7g2r,2,2.0,1.0,0
1lz7g2r,3,3.0,-1.0,0
1lz7g2r,4,4.0,1.0,0
1lz7g2r,5,5.0,1.0,0
1lz7g2r,6,6.0,0.0,0
1lz7g2r,7,7.0,1.0,0
1lz7g2r,8,8.0,1.0,0
1lz7g2r,9,9.0,1.0,0
1lz7g2r,10,10.0,0.0,0
1lz7g2r,11,11.0,0.0,0
1lz7g2r,12,12.0,0.0,0
1lz7g2r,13,13.0,0.0,0
1lz7g2r,14,14.0,0.0,0
1lz7g2r,15,15.0,1.0,0
1lz7g2r,16,16.0,-1.0,0
1lz7g2r,17,17.0,1.0,0
1lz7g2r,18,18.0,0.0,0
1lz7g2r,19,19.0,1.0,0
1lz7g2r,20,20.0,0.0,0
1lz7g2r,21,21.0,0.0,0
1lz7g2r,22,22.0,1.0,0
1lz7g2r,23,23.0,1.0,0
1lz7g2r,24,24.0,1.0,0
1lz7g2r,25,25.0,1.0,0
1lz7g2r,26,26.0,0.0,0
1lz7g2r,27,27.0,0.0,0
1lz7g2r,28,28.0,1.0,0
1lz7g2r,29,29.0,0.0,0
1lz7g2r,30,30.0,1.0,0
1lz7g2r,31,31.0,0.0,0
1lz7g2r,32,32.0,0.0,0
1lz7g2r,33,33.0,0.0,0
1lz7g2r,34,34.0,0.0,0
1lz7g2r,35,35.0,0.0,0
1lz7g2r,36,36.0,1.0,0
1lz7g2r,37,37.0,1.0,0
1lz7g2r,38,38.0,0.0,0
1lz7g2r,39,39.0,0.0,0
1lz7g2r,40,40.0,1.0,0
1lz7g2r,41,41.0,1.0,0
1lz7g2r,42,42.0,0.0,0
1lz7g2r,43,43.0,1.0,0
1lz7g2r,44,44.0,0.0,0
1lz7g2r,45,45.0,1.0,0
1lz7g2r,46,46.0,0.0,0
1lz7g2r,47,47.0,0.0,0
1lz7g2r,48,48.0,0.0,0
1lz7g2r,49,49.0,0.0,0
1lz7g2r,50,50.0,0.0,0
1lz7g2r,51,51.0,1.0,0
1lz7g2r,52,52.0,1.0,0
1lz7g2r,53,53.0,1.0,0
1lz7g2r,54,54.0,1.0,0
1lz7g2r,55,55.0,1.0,0
1lz7g2r,56,56.0,-1.0,0
1lz7g2r,57,57.0,-1.0,0
1lz7g2r,58,58.0,-1.0,0
1lz7g2r,59,59.0,-1.0,0
1lz7g2r,60,60.0,-1.0,0
1lz7g2r,61,61.0,0.0,0
1lzhw2z,0,0.0,0.0,0
1lzhw2z,1,1.0,0.0,0
1lzhw2z,2,2.0,0.0,0
1lzhw2z,3,3.0,0.0,0
1lzhw2z,4,4.0,0.0,0
1lzhw2z,5,5.0,0.0,0
1lzhw2z,6,6.0,1.0,0
1lzhw2z,7,7.0,-1.0,0
1lzhw2z,8,8.0,1.0,0
1lzhw2z,9,9.0,0.0,0
1lzhw2z,10,10.0,1.0,0
1lzhw2z,11,11.0,1.0,0
1lzhw2z,12,12.0,1.0,0
1lzhw2z,13,13.0,0.0,0
1lzhw2z,14,14.0,-1.0,0
1lzhw2z,15,15.0,0.0,0
1lzhw2z,16,16.0,0.0,0
1lzhw2z,17,17.0,1.0,0
1lzhw2z,18,18.0,1.0,0
1lzhw2z,19,19.0,1.0,0
1lzhw2z,20,20.0,1.0,0
1lzhw2z,21,21.0,1.0,0
1lzhw2z,22,22.0,0.0,0
1lzhw2z,23,23.0,1.0,0
1lzhw2z,24,24.0,0.0,0
1lzhw2z,25,25.0,1.0,0
1lzhw2z,26,26.0,1.0,0
1lzhw2z,27,27.0,0.0,0
1lzhw2z,28,28.0,1.0,0
1lzhw2z,29,29.0,1.0,0
1lzhw2z,30,30.0,1.0,0
1lzhw2z,31,31.0,0.0,0
1lzhw2z,32,32.0,0.0,0
1lzhw2z,33,33.0,0.0,0
1m1ff54,0,0.0,0.0,0
1m1ff54,1,1.0,0.0,0
1m1ff54,2,2.0,0.0,0
1m1ff54,3,3.0,-1.0,0
1m1ff54,4,4.0,1.0,0
1m1ff54,5,5.0,1.0,0
1m1ff54,6,6.0,0.0,0
1m1ff54,7,7.0,-1.0,0
1m1ff54,8,8.0,0.0,0
1m1ff54,9,9.0,-1.0,0
1m1ff54,10,10.0,1.0,0
1m1ff54,11,11.0,-1.0,0
1m1ff54,12,12.0,1.0,0
1m1ff54,13,13.0,0.0,0
1m1ff54,14,14.0,1.0,0
1m1ff54,15,15.0,1.0,0
1m1ff54,16,16.0,0.0,0
1m1ff54,17,17.0,1.0,0
1m1ff54,18,18.0,0.0,0
1m1ff54,19,19.0,-1.0,0
1m1ff54,20,20.0,1.0,0
1m1ff54,21,21.0,0.0,0
1m1ff54,22,22.0,0.0,0
1m1ff54,23,23.0,1.0,0
1m1ff54,24,24.0,1.0,0
1m1ff54,25,25.0,0.0,0
1m1ff54,26,26.0,0.0,0
1m1ff54,27,27.0,1.0,0
1m1ff54,28,28.0,1.0,0
1m31if3,0,0.0,-1.0,0
1m31if3,1,1.0,1.0,0
1m31if3,2,2.0,-1.0,0
1m31if3,3,3.0,-1.0,0
1m31if3,4,4.0,0.0,0
1m31if3,5,5.0,1.0,0
1m31if3,6,6.0,0.0,0
1m31if3,7,7.0,0.0,0
1m31if3,8,8.0,-1.0,0
1m31if3,9,9.0,-1.0,0
1m31if3,10,10.0,1.0,0
1m31if3,11,11.0,0.0,0
1m31if3,12,12.0,-1.0,0
1m31if3,13,13.0,1.0,0
1m31if3,14,14.0,0.0,0
1m31if3,15,15.0,0.0,0
1m31if3,16,16.0,0.0,0
1m31if3,17,17.0,0.0,0
1m31if3,18,18.0,-1.0,0
1m31if3,19,19.0,1.0,0
1m31if3,20,20.0,0.0,0
1m31if3,21,21.0,0.0,0
1m31if3,22,22.0,0.0,0
1m31if3,23,23.0,0.0,0
1m31if3,24,24.0,-1.0,0
1m31if3,25,25.0,-1.0,0
1m31if3,26,26.0,0.0,0
1m31if3,27,27.0,-1.0,0
1m31if3,28,28.0,-1.0,0
1m31if3,29,29.0,0.0,0
1m31if3,30,30.0,0.0,0
1m31if3,31,31.0,-1.0,0
1m31if3,32,32.0,-1.0,0
1m31if3,33,33.0,0.0,0
1m31if3,34,34.0,-1.0,0
1m31if3,35,35.0,1.0,0
1m31if3,36,36.0,0.0,0
1m31if3,37,37.0,0.0,0
1m31if3,38,38.0,0.0,0
1m31if3,39,39.0,0.0,0
1m31if3,40,40.0,-1.0,0
1m31if3,41,41.0,0.0,0
1m31if3,42,42.0,1.0,0
1m31if3,43,43.0,0.0,0
1m31if3,44,44.0,1.0,0
1m31if3,45,45.0,-1.0,0
1m31if3,46,46.0,0.0,0
1m31if3,47,47.0,-1.0,0
1m31if3,48,48.0,1.0,0
1m31if3,49,49.0,-1.0,0
1m31if3,50,50.0,0.0,0
1m31if3,51,51.0,0.0,0
1m31if3,52,52.0,1.0,0
1m31if3,53,53.0,1.0,0
1m31if3,54,54.0,-1.0,0
1m31if3,55,55.0,0.0,0
1m31if3,56,56.0,0.0,0
1m31if3,57,57.0,0.0,0
1m31if3,58,58.0,-1.0,0
1m31if3,59,59.0,-1.0,0
1m31if3,60,60.0,0.0,0
1m31if3,61,61.0,1.0,0
1m31if3,62,62.0,0.0,0
1m31if3,63,63.0,0.0,0
1m31if3,64,64.0,0.0,0
1m31if3,65,65.0,0.0,0
1m31if3,66,66.0,0.0,0
1m31if3,67,67.0,1.0,0
1m31if3,68,68.0,0.0,0
1m31if3,69,69.0,0.0,0
1m31if3,70,70.0,0.0,0
1m31if3,71,71.0,0.0,0
1m31if3,72,72.0,0.0,0
1m31if3,73,73.0,0.0,0
1m31if3,74,74.0,0.0,0
1m31if3,75,75.0,1.0,0
1m31if3,76,76.0,0.0,0
1m31if3,77,77.0,0.0,0
1m31if3,78,78.0,0.0,0
1m31if3,79,79.0,0.0,0
1m31if3,80,80.0,0.0,0
1m31if3,81,81.0,0.0,0
1m31if3,82,82.0,0.0,0
1m31if3,83,83.0,1.0,0
1m388md,0,0.0,-1.0,0
1m388md,1,1.0,0.0,0
1m388md,2,2.0,-1.0,0
1m388md,3,3.0,1.0,0
1m388md,4,4.0,0.0,0
1m388md,5,5.0,-1.0,0
1m388md,6,6.0,0.0,0
1m388md,7,7.0,1.0,0
1m388md,8,8.0,0.0,0
1m388md,9,9.0,1.0,0
1m388md,10,10.0,0.0,0
1m388md,11,11.0,0.0,0
1m388md,12,12.0,0.0,0
1m388md,13,13.0,1.0,0
1m388md,14,14.0,0.0,0
1m388md,15,15.0,0.0,0
1m388md,16,16.0,1.0,0
1m388md,17,17.0,0.0,0
1m388md,18,18.0,0.0,0
1m388md,19,19.0,1.0,0
1m388md,20,20.0,1.0,0
1m388md,21,21.0,0.0,0
1m388md,22,22.0,1.0,0
1m388md,23,23.0,0.0,0
1m388md,24,24.0,1.0,0
1m388md,25,25.0,0.0,0
1m388md,26,26.0,1.0,0
1m388md,27,27.0,1.0,0
1m388md,28,28.0,-1.0,0
1m388md,29,29.0,0.0,0
1m388md,30,30.0,0.0,0
1m388md,31,31.0,1.0,0
1m388md,32,32.0,0.0,0
1m388md,33,33.0,0.0,0
1m388md,34,34.0,0.0,0
1m388md,35,35.0,0.0,0
1m3fzf3,0,0.0,-1.0,0
1m3fzf3,1,1.0,1.0,0
1m3fzf3,2,2.0,1.0,0
1m3fzf3,3,3.0,0.0,0
1m3fzf3,4,4.0,1.0,0
1m3fzf3,5,5.0,1.0,0
1m3fzf3,6,6.0,1.0,0
1m3fzf3,7,7.0,1.0,0
1m3fzf3,8,8.0,1.0,0
1m3fzf3,9,9.0,1.0,0
1m3fzf3,10,10.0,0.0,0
1m3fzf3,11,11.0,1.0,0
1m3fzf3,12,12.0,1.0,0
1m3fzf3,13,13.0,1.0,0
1m3fzf3,14,14.0,1.0,0
1m3fzf3,15,15.0,1.0,0
1m3fzf3,16,16.0,1.0,0
1m3fzf3,17,17.0,0.0,0
1m3fzf3,18,18.0,1.0,0
1m3fzf3,19,19.0,1.0,0
1m3fzf3,20,20.0,1.0,0
1m3fzf3,21,21.0,0.0,0
1m3fzf3,22,22.0,0.0,0
1m3fzf3,23,23.0,0.0,0
1m3fzf3,24,24.0,-1.0,0
1m3fzf3,25,25.0,1.0,0
1m3fzf3,26,26.0,1.0,0
1m3fzf3,27,27.0,-1.0,0
1m3fzf3,28,28.0,1.0,0
1m3fzf3,29,29.0,1.0,0
1m3fzf3,30,30.0,1.0,0
1m3fzf3,31,31.0,0.0,0
1m3fzf3,32,32.0,1.0,0
1m3fzf3,33,33.0,1.0,0
1m47qwf,0,0.0,0.0,0
1m47qwf,1,1.0,0.0,0
1m47qwf,2,2.0,0.0,0
1m47qwf,3,3.0,0.0,0
1m47qwf,4,4.0,0.0,0
1m47qwf,5,5.0,0.0,0
1m47qwf,6,6.0,0.0,0
1m47qwf,7,7.0,0.0,0
1m47qwf,8,8.0,0.0,0
1m47qwf,9,9.0,0.0,0
1m47qwf,10,10.0,0.0,0
1m47qwf,11,11.0,0.0,0
1m47qwf,12,12.0,0.0,0
1m47qwf,13,13.0,0.0,0
1m47qwf,14,14.0,0.0,0
1m47qwf,15,15.0,1.0,0
1m47qwf,16,16.0,1.0,0
1m47qwf,17,17.0,0.0,0
1m47qwf,18,18.0,0.0,0
1m47qwf,19,19.0,0.0,0
1m47qwf,20,20.0,0.0,0
1m47qwf,21,21.0,-1.0,0
1m47qwf,22,22.0,0.0,0
1m47qwf,23,23.0,0.0,0
1m47qwf,24,24.0,0.0,0
1m47qwf,25,25.0,0.0,0
1m47qwf,26,26.0,-1.0,0
1m47qwf,27,27.0,0.0,0
1m47qwf,28,28.0,1.0,0
1m47qwf,29,29.0,0.0,0
1m47qwf,30,30.0,1.0,0
1m4qp3n,0,0.0,-1.0,0
1m4qp3n,1,1.0,1.0,0
1m4qp3n,2,2.0,0.0,0
1m4qp3n,3,3.0,0.0,0
1m4qp3n,4,4.0,0.0,0
1m4qp3n,5,5.0,0.0,0
1m4qp3n,6,6.0,0.0,0
1m4qp3n,7,7.0,1.0,0
1m4qp3n,8,8.0,1.0,0
1m4qp3n,9,9.0,0.0,0
1m4qp3n,10,10.0,0.0,0
1m4qp3n,11,11.0,0.0,0
1m4qp3n,12,12.0,-1.0,0
1m4qp3n,13,13.0,0.0,0
1m4qp3n,14,14.0,1.0,0
1m4qp3n,15,15.0,0.0,0
1m4qp3n,16,16.0,1.0,0
1m4qp3n,17,17.0,-1.0,0
1m4qp3n,18,18.0,1.0,0
1m4qp3n,19,19.0,0.0,0
1m4qp3n,20,20.0,0.0,0
1m4qp3n,21,21.0,0.0,0
1m4qp3n,22,22.0,-1.0,0
1m4qp3n,23,23.0,0.0,0
1m4qp3n,24,24.0,0.0,0
1m4qp3n,25,25.0,1.0,0
1m4qp3n,26,26.0,1.0,0
1m4qp3n,27,27.0,1.0,0
1m4qp3n,28,28.0,1.0,0
1m4qp3n,29,29.0,1.0,0
1m4qp3n,30,30.0,1.0,0
1m4qp3n,31,31.0,0.0,0
1m4qp3n,32,32.0,0.0,0
1m4qp3n,33,33.0,0.0,0
1m4qp3n,34,34.0,0.0,0
1m4qp3n,35,35.0,0.0,0
1m4qp3n,36,36.0,-1.0,0
1m4qp3n,37,37.0,0.0,0
1m4qp3n,38,38.0,-1.0,0
1m4qp3n,39,39.0,0.0,0
1m4qp3n,40,40.0,0.0,0
1m4qp3n,41,41.0,0.0,0
1m4qp3n,42,42.0,0.0,0
1m4qp3n,43,43.0,0.0,0
1m4qp3n,44,44.0,1.0,0
1m4qp3n,45,45.0,1.0,0
1m4qp3n,46,46.0,1.0,0
1m4qp3n,47,47.0,-1.0,0
1m4qp3n,48,48.0,0.0,0
1m4qp3n,49,49.0,0.0,0
1m4qp3n,50,50.0,-1.0,0
1m4qp3n,51,51.0,-1.0,0
1m4qp3n,52,52.0,-1.0,0
1m4qp3n,53,53.0,-1.0,0
1m4qp3n,54,54.0,0.0,0
1m4qp3n,55,55.0,0.0,0
1m4qp3n,56,56.0,-1.0,0
1m4qp3n,57,57.0,0.0,0
1m4qp3n,58,58.0,0.0,0
1m4qp3n,59,59.0,0.0,0
1m4qp3n,60,60.0,0.0,0
1m4qp3n,61,61.0,0.0,0
1m5ca3o,0,0.0,0.0,0
1m5ca3o,1,1.0,0.0,0
1m5ca3o,2,2.0,0.0,0
1m5ca3o,3,3.0,-1.0,0
1m5ca3o,4,4.0,0.0,0
1m5ca3o,5,5.0,0.0,0
1m5ca3o,6,6.0,0.0,0
1m5ca3o,7,7.0,0.0,0
1m5ca3o,8,8.0,0.0,0
1m5ca3o,9,9.0,0.0,0
1m5ca3o,10,10.0,0.0,0
1m5ca3o,11,11.0,0.0,0
1m5ca3o,12,12.0,0.0,0
1m5ca3o,13,13.0,1.0,0
1m5ca3o,14,14.0,0.0,0
1m5ca3o,15,15.0,0.0,0
1m5ca3o,16,16.0,0.0,0
1m5ca3o,17,17.0,0.0,0
1m5ca3o,18,18.0,0.0,0
1m5ca3o,19,19.0,0.0,0
1m5ca3o,20,20.0,0.0,0
1m5ca3o,21,21.0,0.0,0
1m5ca3o,22,22.0,0.0,0
1m5ca3o,23,23.0,0.0,0
1m5ca3o,24,24.0,0.0,0
1m5ca3o,25,25.0,-1.0,0
1m5ca3o,26,26.0,1.0,0
1m5ca3o,27,27.0,1.0,0
1m5ca3o,28,28.0,1.0,0
1m5ca3o,29,29.0,1.0,0
1m5ca3o,30,30.0,0.0,0
1m5ca3o,31,31.0,1.0,0
1m5ca3o,32,32.0,0.0,0
1m5ca3o,33,33.0,1.0,0
1m5ca3o,34,34.0,-1.0,0
1m5ca3o,35,35.0,0.0,0
1m5ca3o,36,36.0,0.0,0
1m5ca3o,37,37.0,0.0,0
1m5ca3o,38,38.0,0.0,0
1m5ca3o,39,39.0,0.0,0
1m5ca3o,40,40.0,-1.0,0
1m5ca3o,41,41.0,0.0,0
1m5ca3o,42,42.0,0.0,0
1m5ca3o,43,43.0,0.0,0
1m5ca3o,44,44.0,0.0,0
1m5ca3o,45,45.0,0.0,0
1m5ca3o,46,46.0,0.0,0
1m5ca3o,47,47.0,-1.0,0
1m5ca3o,48,48.0,0.0,0
1m5ca3o,49,49.0,1.0,0
1m5ca3o,50,50.0,1.0,0
1m5ca3o,51,51.0,0.0,0
1m5ca3o,52,52.0,0.0,0
1m5ca3o,53,53.0,1.0,0
1m5ca3o,54,54.0,1.0,0
1m5ca3o,55,55.0,-1.0,0
1m5ca3o,56,56.0,-1.0,0
1m5ca3o,57,57.0,0.0,0
1m5ca3o,58,58.0,0.0,0
1m5ca3o,59,59.0,0.0,0
1m5ca3o,60,60.0,0.0,0
1m5ca3o,61,61.0,0.0,0
1m5ca3o,62,62.0,0.0,0
1m5ca3o,63,63.0,0.0,0
1m5ca3o,64,64.0,0.0,0
1m5ca3o,65,65.0,0.0,0
1m5ca3o,66,66.0,0.0,0
1m5ca3o,67,67.0,0.0,0
1m5ca3o,68,68.0,0.0,0
1m5ca3o,69,69.0,0.0,0
1m5ca3o,70,70.0,0.0,0
1m5ca3o,71,71.0,0.0,0
1m5ca3o,72,72.0,0.0,0
1m5ca3o,73,73.0,0.0,0
1m5ca3o,74,74.0,0.0,0
1m5ca3o,75,75.0,0.0,0
1m5ca3o,76,76.0,0.0,0
1m5ca3o,77,77.0,0.0,0
1m5ca3o,78,78.0,0.0,0
1m5ca3o,79,79.0,0.0,0
1m5ca3o,80,80.0,0.0,0
1m5ca3o,81,81.0,0.0,0
1m5ca3o,82,82.0,0.0,0
1m5ca3o,83,83.0,1.0,0
1m5ca3o,84,84.0,1.0,0
1m5ca3o,85,85.0,0.0,0
1m5ca3o,86,86.0,0.0,0
1m5ca3o,87,87.0,0.0,0
1m5ca3o,88,88.0,0.0,0
1m5ca3o,89,89.0,0.0,0
1m5ca3o,90,90.0,-1.0,0
1m5ca3o,91,91.0,1.0,0
1m5ca3o,92,92.0,1.0,0
1m5ca3o,93,93.0,1.0,0
1m5ca3o,94,94.0,0.0,0
1m5ca3o,95,95.0,1.0,0
1m5ca3o,96,96.0,1.0,0
1m5ca3o,97,97.0,1.0,0
1m5ca3o,98,98.0,0.0,0
1m5ca3o,99,99.0,0.0,0
1m5ca3o,100,100.0,0.0,0
1m5ca3o,101,101.0,0.0,0
1m5ca3o,102,102.0,0.0,0
1m5ca3o,103,103.0,0.0,0
1m5ca3o,104,104.0,0.0,0
1m5ca3o,105,105.0,0.0,0
1m784ou,0,0.0,-1.0,0
1m784ou,1,1.0,1.0,0
1m784ou,2,2.0,0.0,0
1m784ou,3,3.0,0.0,0
1m784ou,4,4.0,0.0,0
1m784ou,5,5.0,0.0,0
1m784ou,6,6.0,0.0,0
1m784ou,7,7.0,1.0,0
1m784ou,8,8.0,0.0,0
1m784ou,9,9.0,1.0,0
1m784ou,10,10.0,0.0,0
1m784ou,11,11.0,1.0,0
1m784ou,12,12.0,1.0,0
1m784ou,13,13.0,0.0,0
1m784ou,14,14.0,0.0,0
1m784ou,15,15.0,-1.0,0
1m784ou,16,16.0,0.0,0
1m784ou,17,17.0,0.0,0
1m784ou,18,18.0,1.0,0
1m784ou,19,19.0,-1.0,0
1m784ou,20,20.0,1.0,0
1m784ou,21,21.0,0.0,0
1m784ou,22,22.0,0.0,0
1m784ou,23,23.0,1.0,0
1m784ou,24,24.0,1.0,0
1m784ou,25,25.0,0.0,0
1m784ou,26,26.0,1.0,0
1m784ou,27,27.0,0.0,0
1m784ou,28,28.0,0.0,0
1m784ou,29,29.0,0.0,0
1m784ou,30,30.0,0.0,0
1m784ou,31,31.0,0.0,0
1m784ou,32,32.0,0.0,0
1m7wtd5,0,0.0,0.0,0
1m7wtd5,1,1.0,0.0,0
1m7wtd5,2,2.0,0.0,0
1m7wtd5,3,3.0,0.0,0
1m7wtd5,4,4.0,0.0,0
1m7wtd5,5,5.0,0.0,0
1m7wtd5,6,6.0,1.0,0
1m7wtd5,7,7.0,-1.0,0
1m7wtd5,8,8.0,0.0,0
1m7wtd5,9,9.0,1.0,0
1m7wtd5,10,10.0,0.0,0
1m7wtd5,11,11.0,0.0,0
1m7wtd5,12,12.0,0.0,0
1m7wtd5,13,13.0,0.0,0
1m7wtd5,14,14.0,0.0,0
1m7wtd5,15,15.0,0.0,0
1m7wtd5,16,16.0,0.0,0
1m7wtd5,17,17.0,0.0,0
1m7wtd5,18,18.0,1.0,0
1m7wtd5,19,19.0,0.0,0
1m7wtd5,20,20.0,1.0,0
1m7wtd5,21,21.0,-1.0,0
1m7wtd5,22,22.0,-1.0,0
1m7wtd5,23,23.0,0.0,0
1m7wtd5,24,24.0,0.0,0
1m7wtd5,25,25.0,0.0,0
1m7wtd5,26,26.0,0.0,0
1m7wtd5,27,27.0,0.0,0
1m7wtd5,28,28.0,1.0,0
1m7wtd5,29,29.0,1.0,0
1m7wtd5,30,30.0,1.0,0
1m7wtd5,31,31.0,0.0,0
1m7wtd5,32,32.0,0.0,0
1m7wtd5,33,33.0,1.0,0
1m7wtd5,34,34.0,1.0,0
1m7wtd5,35,35.0,0.0,0
1m7wtd5,36,36.0,0.0,0
1m7wtd5,37,37.0,0.0,0
1m7wtd5,38,38.0,0.0,0
1m7wtd5,39,39.0,0.0,0
1m7wtd5,40,40.0,0.0,0
1m7wtd5,41,41.0,0.0,0
1m7wtd5,42,42.0,0.0,0
1m7wtd5,43,43.0,0.0,0
1m7wtd5,44,44.0,0.0,0
1m7wtd5,45,45.0,0.0,0
1m7wtd5,46,46.0,0.0,0
1m7wtd5,47,47.0,0.0,0
1m7wtd5,48,48.0,0.0,0
1m7wtd5,49,49.0,0.0,0
1m7wtd5,50,50.0,0.0,0
1mbpps5,0,0.0,-1.0,1
1mbpps5,1,1.0,1.0,1
1mbpps5,2,2.0,-1.0,1
1mbpps5,3,3.0,1.0,1
1mbpps5,4,4.0,0.0,1
1mbpps5,5,5.0,-1.0,1
1mbpps5,6,6.0,0.0,1
1mbpps5,7,7.0,-1.0,1
1mbpps5,8,8.0,0.0,1
1mbpps5,9,9.0,0.0,1
1mbpps5,10,10.0,1.0,1
1mbpps5,11,11.0,0.0,1
1mbpps5,12,12.0,-1.0,1
1mbpps5,13,13.0,0.0,1
1mbpps5,14,14.0,1.0,1
1mbpps5,15,15.0,1.0,1
1mcia6r,0,0.0,0.0,0
1mcia6r,1,1.0,0.0,0
1mcia6r,2,2.0,0.0,0
1mcia6r,3,3.0,0.0,0
1mcia6r,4,4.0,0.0,0
1mcia6r,5,5.0,0.0,0
1mcia6r,6,6.0,0.0,0
1mdojer,0,0.0,1.0,0
1mdojer,1,1.0,1.0,0
1mdojer,2,2.0,0.0,0
1mdojer,3,3.0,0.0,0
1mdojer,4,4.0,-1.0,0
1mdojer,5,5.0,1.0,0
1mdojer,6,6.0,0.0,0
1mdojer,7,7.0,0.0,0
1mdojer,8,8.0,0.0,0
1mdojer,9,9.0,-1.0,0
1mdojer,10,10.0,0.0,0
1mdojer,11,11.0,1.0,0
1mdojer,12,12.0,0.0,0
1mdojer,13,13.0,0.0,0
1mdojer,14,14.0,0.0,0
1mdojer,15,15.0,0.0,0
1mdojer,16,16.0,0.0,0
1mdojer,17,17.0,0.0,0
1mdojer,18,18.0,0.0,0
1mdojer,19,19.0,1.0,0
1mdojer,20,20.0,0.0,0
1mdojer,21,21.0,0.0,0
1mdojer,22,22.0,0.0,0
1mdojer,23,23.0,0.0,0
1mdojer,24,24.0,0.0,0
1mdojer,25,25.0,0.0,0
1mdojer,26,26.0,0.0,0
1mdojer,27,27.0,0.0,0
1mdojer,28,28.0,0.0,0
1mdojer,29,29.0,0.0,0
1mdojer,30,30.0,0.0,0
1mdojer,31,31.0,0.0,0
1mdojer,32,32.0,0.0,0
1mdojer,33,33.0,0.0,0
1mdojer,34,34.0,0.0,0
1mdojer,35,35.0,1.0,0
1mdojer,36,36.0,0.0,0
1mdojer,37,37.0,0.0,0
1mdojer,38,38.0,0.0,0
1mdojer,39,39.0,-1.0,0
1mdojer,40,40.0,-1.0,0
1mdojer,41,41.0,-1.0,0
1mdojer,42,42.0,1.0,0
1mdojer,43,43.0,0.0,0
1mdojer,44,44.0,-1.0,0
1mdojer,45,45.0,0.0,0
1mdojer,46,46.0,-1.0,0
1mdojer,47,47.0,-1.0,0
1mdojer,48,48.0,1.0,0
1mdojer,49,49.0,-1.0,0
1mdojer,50,50.0,1.0,0
1mdojer,51,51.0,0.0,0
1mdojer,52,52.0,1.0,0
1mdojer,53,53.0,1.0,0
1mdojer,54,54.0,0.0,0
1mdojer,55,55.0,0.0,0
1mdojer,56,56.0,0.0,0
1mdojer,57,57.0,0.0,0
1mdojer,58,58.0,1.0,0
1mdojer,59,59.0,0.0,0
1mdojer,60,60.0,-1.0,0
1mdojer,61,61.0,0.0,0
1mdojer,62,62.0,0.0,0
1mdojer,63,63.0,0.0,0
1mdojer,64,64.0,1.0,0
1mdojer,65,65.0,1.0,0
1mdojer,66,66.0,0.0,0
1mdojer,67,67.0,0.0,0
1mdojer,68,68.0,0.0,0
1mdojer,69,69.0,1.0,0
1mdojer,70,70.0,-1.0,0
1mdojer,71,71.0,1.0,0
1mdojer,72,72.0,0.0,0
1mdojer,73,73.0,-1.0,0
1mdojer,74,74.0,1.0,0
1mdojer,75,75.0,0.0,0
1mdojer,76,76.0,0.0,0
1mdojer,77,77.0,0.0,0
1mdojer,78,78.0,-1.0,0
1mdojer,79,79.0,0.0,0
1mdojer,80,80.0,0.0,0
1mdojer,81,81.0,0.0,0
1mdojer,82,82.0,0.0,0
1mdojer,83,83.0,1.0,0
1mdojer,84,84.0,0.0,0
1mdojer,85,85.0,-1.0,0
1mdojer,86,86.0,0.0,0
1mdojer,87,87.0,0.0,0
1mdojer,88,88.0,0.0,0
1mdojer,89,89.0,1.0,0
1mdojer,90,90.0,0.0,0
1mdojer,91,91.0,0.0,0
1mdojer,92,92.0,0.0,0
1mdojer,93,93.0,0.0,0
1mdojer,94,94.0,0.0,0
1mdojer,95,95.0,0.0,0
1mdojer,96,96.0,0.0,0
1mdojer,97,97.0,0.0,0
1mdojer,98,98.0,0.0,0
1mdojer,99,99.0,0.0,0
1mdojer,100,100.0,-1.0,0
1mdojer,101,101.0,0.0,0
1mdojer,102,102.0,0.0,0
1mdojer,103,103.0,0.0,0
1mdojer,104,104.0,0.0,0
1mdojer,105,105.0,0.0,0
1mdojer,106,106.0,0.0,0
1mdojer,107,107.0,0.0,0
1mdojer,108,108.0,0.0,0
1mdojer,109,109.0,0.0,0
1mdojer,110,110.0,0.0,0
1mdojer,111,111.0,0.0,0
1mdojer,112,112.0,0.0,0
1mdojer,113,113.0,1.0,0
1mdojer,114,114.0,0.0,0
1mdojer,115,115.0,0.0,0
1mdojer,116,116.0,0.0,0
1mdojer,117,117.0,0.0,0
1mdojer,118,118.0,0.0,0
1mdojer,119,119.0,0.0,0
1mdojer,120,120.0,0.0,0
1mdojer,121,121.0,0.0,0
1mdojer,122,122.0,0.0,0
1mdojer,123,123.0,0.0,0
1mdojer,124,124.0,0.0,0
1mdojer,125,125.0,0.0,0
1mdojer,126,126.0,0.0,0
1mdojer,127,127.0,0.0,0
1mdojer,128,128.0,0.0,0
1mdojer,129,129.0,0.0,0
1mdojer,130,130.0,0.0,0
1mdojer,131,131.0,0.0,0
1mdojer,132,132.0,0.0,0
1mdojer,133,133.0,0.0,0
1mdojer,134,134.0,0.0,0
1mdojer,135,135.0,0.0,0
1mdojer,136,136.0,0.0,0
1mdojer,137,137.0,0.0,0
1mdojer,138,138.0,0.0,0
1mdojer,139,139.0,0.0,0
1mdojer,140,140.0,0.0,0
1mdojer,141,141.0,0.0,0
1mdojer,142,142.0,-1.0,0
1mdojer,143,143.0,0.0,0
1mdojer,144,144.0,0.0,0
1mdojer,145,145.0,0.0,0
1mdojer,146,146.0,0.0,0
1mdojer,147,147.0,0.0,0
1mdojer,148,148.0,0.0,0
1mdojer,149,149.0,0.0,0
1mdojer,150,150.0,0.0,0
1mdojer,151,151.0,0.0,0
1mdojer,152,152.0,0.0,0
1mdojer,153,153.0,0.0,0
1mdojer,154,154.0,0.0,0
1mdojer,155,155.0,0.0,0
1mdojer,156,156.0,0.0,0
1mdojer,157,157.0,0.0,0
1mdojer,158,158.0,0.0,0
1mdojer,159,159.0,1.0,0
1mdojer,160,160.0,0.0,0
1mdojer,161,161.0,0.0,0
1mdojer,162,162.0,0.0,0
1mdojer,163,163.0,0.0,0
1mdojer,164,164.0,0.0,0
1mdojer,165,165.0,0.0,0
1mdojer,166,166.0,0.0,0
1mdojer,167,167.0,0.0,0
1mdojer,168,168.0,0.0,0
1mdojer,169,169.0,0.0,0
1mdojer,170,170.0,0.0,0
1mdojer,171,171.0,0.0,0
1mdojer,172,172.0,0.0,0
1mdojer,173,173.0,0.0,0
1mdojer,174,174.0,0.0,0
1mdojer,175,175.0,0.0,0
1mdojer,176,176.0,0.0,0
1mdojer,177,177.0,0.0,0
1mdojer,178,178.0,0.0,0
1mdojer,179,179.0,0.0,0
1mdojer,180,180.0,0.0,0
1mdojer,181,181.0,0.0,0
1mdojer,182,182.0,0.0,0
1mdojer,183,183.0,0.0,0
1mdojer,184,184.0,0.0,0
1mdojer,185,185.0,0.0,0
1mdojer,186,186.0,0.0,0
1mdojer,187,187.0,0.0,0
1mdojer,188,188.0,0.0,0
1mdojer,189,189.0,0.0,0
1mdojer,190,190.0,0.0,0
1mdojer,191,191.0,0.0,0
1mdojer,192,192.0,0.0,0
1mdojer,193,193.0,0.0,0
1mdojer,194,194.0,0.0,0
1mdojer,195,195.0,0.0,0
1meqgol,0,0.0,0.0,0
1meqgol,1,1.0,1.0,0
1meqgol,2,2.0,0.0,0
1meqgol,3,3.0,1.0,0
1meqgol,4,4.0,1.0,0
1meqgol,5,5.0,1.0,0
1meqgol,6,6.0,1.0,0
1meqgol,7,7.0,1.0,0
1meqgol,8,8.0,1.0,0
1meqgol,9,9.0,0.0,0
1meqgol,10,10.0,0.0,0
1meqgol,11,11.0,0.0,0
1meqgol,12,12.0,1.0,0
1meqgol,13,13.0,1.0,0
1meqgol,14,14.0,1.0,0
1meqgol,15,15.0,1.0,0
1meqgol,16,16.0,0.0,0
1meqgol,17,17.0,1.0,0
1meqgol,18,18.0,1.0,0
1meqgol,19,19.0,0.0,0
1meqgol,20,20.0,1.0,0
1meqgol,21,21.0,1.0,0
1meqgol,22,22.0,1.0,0
1meqgol,23,23.0,-1.0,0
1meqgol,24,24.0,1.0,0
1meqgol,25,25.0,1.0,0
1meqgol,26,26.0,1.0,0
1meqgol,27,27.0,1.0,0
1meqgol,28,28.0,1.0,0
1meqgol,29,29.0,1.0,0
1meqgol,30,30.0,-1.0,0
1meqgol,31,31.0,-1.0,0
1meqgol,32,32.0,1.0,0
1meqgol,33,33.0,1.0,0
1meqgol,34,34.0,0.0,0
1meqgol,35,35.0,1.0,0
1meqgol,36,36.0,0.0,0
1meqgol,37,37.0,0.0,0
1meqgol,38,38.0,1.0,0
1meqgol,39,39.0,1.0,0
1meqgol,40,40.0,1.0,0
1meqgol,41,41.0,0.0,0
1meqgol,42,42.0,0.0,0
1meqgol,43,43.0,1.0,0
1meqgol,44,44.0,1.0,0
1meqgol,45,45.0,-1.0,0
1mex97k,0,0.0,0.0,0
1mex97k,1,1.0,0.0,0
1mex97k,2,2.0,0.0,0
1mex97k,3,3.0,0.0,0
1mex97k,4,4.0,0.0,0
1mex97k,5,5.0,0.0,0
1mex97k,6,6.0,0.0,0
1mex97k,7,7.0,-1.0,0
1mex97k,8,8.0,0.0,0
1mex97k,9,9.0,-1.0,0
1mex97k,10,10.0,0.0,0
1mex97k,11,11.0,-1.0,0
1mex97k,12,12.0,0.0,0
1mex97k,13,13.0,0.0,0
1mex97k,14,14.0,0.0,0
1mex97k,15,15.0,0.0,0
1mex97k,16,16.0,0.0,0
1mex97k,17,17.0,0.0,0
1mex97k,18,18.0,1.0,0
1mex97k,19,19.0,0.0,0
1mex97k,20,20.0,-1.0,0
1mex97k,21,21.0,0.0,0
1mex97k,22,22.0,0.0,0
1mex97k,23,23.0,0.0,0
1mex97k,24,24.0,0.0,0
1mex97k,25,25.0,0.0,0
1mex97k,26,26.0,1.0,0
1mex97k,27,27.0,1.0,0
1mex97k,28,28.0,1.0,0
1mex97k,29,29.0,0.0,0
1mex97k,30,30.0,1.0,0
1mex97k,31,31.0,1.0,0
1mex97k,32,32.0,1.0,0
1mgftru,0,0.0,-1.0,0
1mgftru,1,1.0,1.0,0
1mgftru,2,2.0,-1.0,0
1mgftru,3,3.0,1.0,0
1mgftru,4,4.0,-1.0,0
1mgftru,5,5.0,1.0,0
1mgftru,6,6.0,0.0,0
1mgftru,7,7.0,0.0,0
1mgftru,8,8.0,0.0,0
1mgftru,9,9.0,0.0,0
1mgftru,10,10.0,1.0,0
1mgftru,11,11.0,-1.0,0
1mgftru,12,12.0,1.0,0
1mgftru,13,13.0,-1.0,0
1mgftru,14,14.0,1.0,0
1mgftru,15,15.0,-1.0,0
1mgftru,16,16.0,0.0,0
1mgftru,17,17.0,-1.0,0
1mgftru,18,18.0,0.0,0
1mgftru,19,19.0,0.0,0
1mgftru,20,20.0,-1.0,0
1mgftru,21,21.0,0.0,0
1mgftru,22,22.0,0.0,0
1mgftru,23,23.0,0.0,0
1mgftru,24,24.0,0.0,0
1mgftru,25,25.0,-1.0,0
1mgftru,26,26.0,0.0,0
1mgftru,27,27.0,0.0,0
1mgftru,28,28.0,-1.0,0
1mgftru,29,29.0,1.0,0
1mgftru,30,30.0,1.0,0
1mgftru,31,31.0,0.0,0
1mgftru,32,32.0,0.0,0
1mgftru,33,33.0,0.0,0
1mgftru,34,34.0,0.0,0
1mgftru,35,35.0,0.0,0
1mgftru,36,36.0,0.0,0
1mgftru,37,37.0,0.0,0
1mgftru,38,38.0,0.0,0
1mgftru,39,39.0,0.0,0
1mgftru,40,40.0,1.0,0
1mgftru,41,41.0,0.0,0
1mgftru,42,42.0,0.0,0
1mgftru,43,43.0,0.0,0
1mgftru,44,44.0,0.0,0
1mgftru,45,45.0,1.0,0
1mgftru,46,46.0,1.0,0
1mgptxn,0,0.0,0.0,0
1mgptxn,1,1.0,-1.0,0
1mgptxn,2,2.0,0.0,0
1mgptxn,3,3.0,0.0,0
1mgptxn,4,4.0,0.0,0
1mgptxn,5,5.0,-1.0,0
1mgptxn,6,6.0,0.0,0
1mgptxn,7,7.0,-1.0,0
1mgptxn,8,8.0,1.0,0
1mgptxn,9,9.0,0.0,0
1mgptxn,10,10.0,-1.0,0
1mgptxn,11,11.0,-1.0,0
1mgptxn,12,12.0,0.0,0
1mgptxn,13,13.0,1.0,0
1mgptxn,14,14.0,0.0,0
1mgptxn,15,15.0,0.0,0
1mgptxn,16,16.0,0.0,0
1mgptxn,17,17.0,-1.0,0
1mgptxn,18,18.0,1.0,0
1mgptxn,19,19.0,1.0,0
1mgptxn,20,20.0,1.0,0
1mgptxn,21,21.0,1.0,0
1mgptxn,22,22.0,1.0,0
1mgptxn,23,23.0,1.0,0
1mgptxn,24,24.0,0.0,0
1mgptxn,25,25.0,0.0,0
1mgptxn,26,26.0,0.0,0
1mgptxn,27,27.0,-1.0,0
1mgptxn,28,28.0,0.0,0
1mgptxn,29,29.0,-1.0,0
1mgptxn,30,30.0,-1.0,0
1mgptxn,31,31.0,-1.0,0
1mgptxn,32,32.0,0.0,0
1mgptxn,33,33.0,1.0,0
1mgptxn,34,34.0,1.0,0
1mgptxn,35,35.0,1.0,0
1mgptxn,36,36.0,1.0,0
1mgptxn,37,37.0,0.0,0
1mgptxn,38,38.0,1.0,0
1mgptxn,39,39.0,0.0,0
1mgptxn,40,40.0,1.0,0
1mgptxn,41,41.0,-1.0,0
1mgptxn,42,42.0,1.0,0
1mgptxn,43,43.0,1.0,0
1mgptxn,44,44.0,1.0,0
1mgptxn,45,45.0,0.0,0
1mgptxn,46,46.0,0.0,0
1mgptxn,47,47.0,1.0,0
1mgptxn,48,48.0,0.0,0
1mgptxn,49,49.0,-1.0,0
1mgptxn,50,50.0,0.0,0
1mgptxn,51,51.0,0.0,0
1mgptxn,52,52.0,0.0,0
1mgptxn,53,53.0,0.0,0
1mgptxn,54,54.0,0.0,0
1mgptxn,55,55.0,0.0,0
1mgptxn,56,56.0,0.0,0
1mgptxn,57,57.0,0.0,0
1mgptxn,58,58.0,0.0,0
1mgptxn,59,59.0,0.0,0
1mgptxn,60,60.0,1.0,0
1mgptxn,61,61.0,0.0,0
1mgptxn,62,62.0,1.0,0
1mgptxn,63,63.0,1.0,0
1mgptxn,64,64.0,1.0,0
1mgptxn,65,65.0,-1.0,0
1mgptxn,66,66.0,-1.0,0
1mgptxn,67,67.0,1.0,0
1mgptxn,68,68.0,0.0,0
1mgptxn,69,69.0,1.0,0
1mgptxn,70,70.0,1.0,0
1mgptxn,71,71.0,-1.0,0
1mgptxn,72,72.0,-1.0,0
1mgptxn,73,73.0,0.0,0
1mgptxn,74,74.0,0.0,0
1mgptxn,75,75.0,0.0,0
1mgptxn,76,76.0,0.0,0
1mgptxn,77,77.0,0.0,0
1mgptxn,78,78.0,0.0,0
1mgptxn,79,79.0,0.0,0
1mgptxn,80,80.0,0.0,0
1mgptxn,81,81.0,0.0,0
1mgptxn,82,82.0,0.0,0
1mgptxn,83,83.0,0.0,0
1mgptxn,84,84.0,0.0,0
1mgptxn,85,85.0,0.0,0
1mgptxn,86,86.0,1.0,0
1mgptxn,87,87.0,1.0,0
1mgptxn,88,88.0,-1.0,0
1mgptxn,89,89.0,-1.0,0
1mgptxn,90,90.0,-1.0,0
1mgptxn,91,91.0,0.0,0
1mgptxn,92,92.0,0.0,0
1mgptxn,93,93.0,0.0,0
1mgptxn,94,94.0,0.0,0
1mgptxn,95,95.0,0.0,0
1mgptxn,96,96.0,0.0,0
1mgptxn,97,97.0,1.0,0
1mgptxn,98,98.0,0.0,0
1mgptxn,99,99.0,0.0,0
1mgptxn,100,100.0,0.0,0
1mgptxn,101,101.0,1.0,0
1mgptxn,102,102.0,0.0,0
1mgptxn,103,103.0,0.0,0
1mgptxn,104,104.0,0.0,0
1mgptxn,105,105.0,0.0,0
1mgptxn,106,106.0,0.0,0
1mgptxn,107,107.0,0.0,0
1mgptxn,108,108.0,1.0,0
1mgptxn,109,109.0,0.0,0
1mgptxn,110,110.0,1.0,0
1mgptxn,111,111.0,1.0,0
1mgptxn,112,112.0,1.0,0
1mgptxn,113,113.0,-1.0,0
1mgptxn,114,114.0,1.0,0
1mgptxn,115,115.0,-1.0,0
1mgptxn,116,116.0,0.0,0
1mgptxn,117,117.0,0.0,0
1mgptxn,118,118.0,0.0,0
1mgptxn,119,119.0,-1.0,0
1mgptxn,120,120.0,1.0,0
1mgptxn,121,121.0,0.0,0
1mgptxn,122,122.0,0.0,0
1mgptxn,123,123.0,1.0,0
1mgptxn,124,124.0,0.0,0
1mgptxn,125,125.0,0.0,0
1mgptxn,126,126.0,0.0,0
1mgptxn,127,127.0,0.0,0
1mgptxn,128,128.0,1.0,0
1mgptxn,129,129.0,0.0,0
1mgptxn,130,130.0,0.0,0
1mgptxn,131,131.0,0.0,0
1mgptxn,132,132.0,0.0,0
1mgptxn,133,133.0,0.0,0
1mgptxn,134,134.0,0.0,0
1mgptxn,135,135.0,-1.0,0
1mgptxn,136,136.0,0.0,0
1mgptxn,137,137.0,0.0,0
1mgptxn,138,138.0,0.0,0
1mgptxn,139,139.0,0.0,0
1mgptxn,140,140.0,0.0,0
1mgptxn,141,141.0,0.0,0
1mgptxn,142,142.0,0.0,0
1mgptxn,143,143.0,0.0,0
1mgptxn,144,144.0,0.0,0
1mgptxn,145,145.0,0.0,0
1mgptxn,146,146.0,0.0,0
1mgptxn,147,147.0,0.0,0
1mgptxn,148,148.0,0.0,0
1mgptxn,149,149.0,1.0,0
1mgptxn,150,150.0,-1.0,0
1mgptxn,151,151.0,0.0,0
1mgptxn,152,152.0,0.0,0
1mgptxn,153,153.0,0.0,0
1mgptxn,154,154.0,0.0,0
1mgptxn,155,155.0,0.0,0
1mgptxn,156,156.0,0.0,0
1mgptxn,157,157.0,0.0,0
1mgptxn,158,158.0,0.0,0
1mgptxn,159,159.0,0.0,0
1mgptxn,160,160.0,0.0,0
1mgptxn,161,161.0,0.0,0
1mgptxn,162,162.0,0.0,0
1mgptxn,163,163.0,0.0,0
1mhj4ha,0,0.0,0.0,0
1mhj4ha,1,1.0,0.0,0
1mhj4ha,2,2.0,1.0,0
1mhj4ha,3,3.0,1.0,0
1mhj4ha,4,4.0,1.0,0
1mi6wif,0,0.0,0.0,0
1mi6wif,1,1.0,0.0,0
1mi6wif,2,2.0,0.0,0
1mi6wif,3,3.0,0.0,0
1mi6wif,4,4.0,0.0,0
1mi6wif,5,5.0,0.0,0
1mi6wif,6,6.0,0.0,0
1mi6wif,7,7.0,0.0,0
1mi6wif,8,8.0,0.0,0
1mi6wif,9,9.0,0.0,0
1mi6wif,10,10.0,0.0,0
1mi6wif,11,11.0,0.0,0
1mi6wif,12,12.0,0.0,0
1mi6wif,13,13.0,0.0,0
1mi6wif,14,14.0,0.0,0
1mi6wif,15,15.0,0.0,0
1mi6wif,16,16.0,0.0,0
1mi6wif,17,17.0,1.0,0
1mi6wif,18,18.0,0.0,0
1mi6wif,19,19.0,0.0,0
1mi6wif,20,20.0,0.0,0
1mi6wif,21,21.0,0.0,0
1mi6wif,22,22.0,0.0,0
1mi6wif,23,23.0,0.0,0
1mi6wif,24,24.0,0.0,0
1mi6wif,25,25.0,0.0,0
1mi6wif,26,26.0,0.0,0
1mi6wif,27,27.0,0.0,0
1mi6wif,28,28.0,0.0,0
1mi6wif,29,29.0,0.0,0
1mi6wif,30,30.0,0.0,0
1mi6wif,31,31.0,0.0,0
1mi6wif,32,32.0,0.0,0
1mi6wif,33,33.0,0.0,0
1mi6wif,34,34.0,0.0,0
1mi6wif,35,35.0,0.0,0
1mi6wif,36,36.0,0.0,0
1mi6wif,37,37.0,0.0,0
1mi6wif,38,38.0,0.0,0
1mi6wif,39,39.0,0.0,0
1mi6wif,40,40.0,0.0,0
1mi6wif,41,41.0,1.0,0
1mi6wif,42,42.0,0.0,0
1mi6wif,43,43.0,0.0,0
1mi6wif,44,44.0,0.0,0
1mi6wif,45,45.0,0.0,0
1mi6wif,46,46.0,0.0,0
1mi6wif,47,47.0,0.0,0
1mi6wif,48,48.0,0.0,0
1mi6wif,49,49.0,0.0,0
1mi6wif,50,50.0,0.0,0
1mi6wif,51,51.0,0.0,0
1mi6wif,52,52.0,0.0,0
1mi6wif,53,53.0,0.0,0
1mi6wif,54,54.0,0.0,0
1mi6wif,55,55.0,0.0,0
1mi6wif,56,56.0,0.0,0
1mi6wif,57,57.0,0.0,0
1mi6wif,58,58.0,0.0,0
1mlylmf,0,0.0,1.0,0
1mlylmf,1,1.0,-1.0,0
1mlylmf,2,2.0,0.0,0
1mlylmf,3,3.0,0.0,0
1mlylmf,4,4.0,0.0,0
1mlylmf,5,5.0,-1.0,0
1mlylmf,6,6.0,-1.0,0
1mlylmf,7,7.0,1.0,0
1mlylmf,8,8.0,-1.0,0
1mlylmf,9,9.0,0.0,0
1mlylmf,10,10.0,-1.0,0
1mlylmf,11,11.0,1.0,0
1mlylmf,12,12.0,-1.0,0
1mlylmf,13,13.0,1.0,0
1mlylmf,14,14.0,-1.0,0
1mlylmf,15,15.0,1.0,0
1mlylmf,16,16.0,1.0,0
1mnrxft,0,0.0,1.0,0
1mnrxft,1,1.0,-1.0,0
1mnrxft,2,2.0,1.0,0
1mnrxft,3,3.0,1.0,0
1mnrxft,4,4.0,0.0,0
1mnrxft,5,5.0,0.0,0
1mnrxft,6,6.0,0.0,0
1mnrxft,7,7.0,-1.0,0
1mnrxft,8,8.0,0.0,0
1mnrxft,9,9.0,-1.0,0
1mnrxft,10,10.0,0.0,0
1mnrxft,11,11.0,-1.0,0
1mnrxft,12,12.0,0.0,0
1mnrxft,13,13.0,0.0,0
1mnrxft,14,14.0,0.0,0
1mnrxft,15,15.0,1.0,0
1mnrxft,16,16.0,1.0,0
1mnrxft,17,17.0,1.0,0
1mnrxft,18,18.0,1.0,0
1mnrxft,19,19.0,1.0,0
1mnrxft,20,20.0,0.0,0
1mnrxft,21,21.0,0.0,0
1mnrxft,22,22.0,1.0,0
1mnrxft,23,23.0,0.0,0
1mnrxft,24,24.0,-1.0,0
1mnrxft,25,25.0,0.0,0
1mnrxft,26,26.0,-1.0,0
1mnrxft,27,27.0,0.0,0
1mnrxft,28,28.0,0.0,0
1mnrxft,29,29.0,-1.0,0
1mnrxft,30,30.0,0.0,0
1mnrxft,31,31.0,-1.0,0
1mnrxft,32,32.0,-1.0,0
1mnrxft,33,33.0,0.0,0
1mnrxft,34,34.0,0.0,0
1mnrxft,35,35.0,-1.0,0
1mnrxft,36,36.0,0.0,0
1mpsi3f,0,0.0,0.0,1
1mpsi3f,1,1.0,1.0,1
1mpsi3f,2,2.0,1.0,1
1mpsi3f,3,3.0,1.0,1
1mpsi3f,4,4.0,0.0,1
1mpsi3f,5,5.0,1.0,1
1mpsi3f,6,6.0,-1.0,1
1mpsi3f,7,7.0,1.0,1
1mpsi3f,8,8.0,0.0,1
1mpsi3f,9,9.0,1.0,1
1mpsi3f,10,10.0,0.0,1
1mpsi3f,11,11.0,1.0,1
1mpsi3f,12,12.0,0.0,1
1mpsi3f,13,13.0,1.0,1
1mpsi3f,14,14.0,0.0,1
1mpsi3f,15,15.0,-1.0,1
1mpsi3f,16,16.0,1.0,1
1mpsi3f,17,17.0,1.0,1
1mpsi3f,18,18.0,1.0,1
1mpsi3f,19,19.0,1.0,1
1mpsi3f,20,20.0,1.0,1
1mpsi3f,21,21.0,1.0,1
1mpsi3f,22,22.0,0.0,1
1mpsi3f,23,23.0,1.0,1
1mpsi3f,24,24.0,1.0,1
1mpsi3f,25,25.0,1.0,1
1mpsi3f,26,26.0,1.0,1
1mpsi3f,27,27.0,1.0,1
1mpsi3f,28,28.0,1.0,1
1mpsi3f,29,29.0,1.0,1
1mpsi3f,30,30.0,1.0,1
1mpsi3f,31,31.0,1.0,1
1mpsi3f,32,32.0,1.0,1
1mpsi3f,33,33.0,0.0,1
1mpsi3f,34,34.0,0.0,1
1mpsi3f,35,35.0,1.0,1
1mpsi3f,36,36.0,1.0,1
1mpsi3f,37,37.0,1.0,1
1mpsi3f,38,38.0,1.0,1
1mpsi3f,39,39.0,0.0,1
1mpsi3f,40,40.0,0.0,1
1mpsi3f,41,41.0,-1.0,1
1mpsi3f,42,42.0,1.0,1
1mpsi3f,43,43.0,1.0,1
1mpsi3f,44,44.0,1.0,1
1mpsi3f,45,45.0,0.0,1
1mpsi3f,46,46.0,1.0,1
1mpsi3f,47,47.0,1.0,1
1mpsi3f,48,48.0,0.0,1
1mpsi3f,49,49.0,0.0,1
1mpsi3f,50,50.0,0.0,1
1mpsi3f,51,51.0,0.0,1
1mpsi3f,52,52.0,1.0,1
1mpsi3f,53,53.0,1.0,1
1mpsi3f,54,54.0,0.0,1
1mpsi3f,55,55.0,1.0,1
1mpsi3f,56,56.0,1.0,1
1mpsi3f,57,57.0,1.0,1
1mpsi3f,58,58.0,1.0,1
1mpsi3f,59,59.0,1.0,1
1mpw2p7,0,0.0,1.0,0
1mpw2p7,1,1.0,1.0,0
1mpw2p7,2,2.0,1.0,0
1mpw2p7,3,3.0,1.0,0
1mpw2p7,4,4.0,0.0,0
1mpw2p7,5,5.0,0.0,0
1mpw2p7,6,6.0,1.0,0
1mpw2p7,7,7.0,1.0,0
1mpw2p7,8,8.0,0.0,0
1mpw2p7,9,9.0,1.0,0
1mpw2p7,10,10.0,0.0,0
1mpw2p7,11,11.0,-1.0,0
1mpw2p7,12,12.0,-1.0,0
1mpw2p7,13,13.0,-1.0,0
1mpw2p7,14,14.0,0.0,0
1mpw2p7,15,15.0,0.0,0
1mpw2p7,16,16.0,0.0,0
1mpw2p7,17,17.0,0.0,0
1mpw2p7,18,18.0,1.0,0
1mpw2p7,19,19.0,1.0,0
1mpw2p7,20,20.0,1.0,0
1mpw2p7,21,21.0,0.0,0
1mpw2p7,22,22.0,0.0,0
1mpw2p7,23,23.0,0.0,0
1mpw2p7,24,24.0,0.0,0
1mpw2p7,25,25.0,1.0,0
1mpw2p7,26,26.0,0.0,0
1mpw2p7,27,27.0,1.0,0
1mso263,0,0.0,1.0,0
1mso263,1,1.0,1.0,0
1mso263,2,2.0,1.0,0
1mso263,3,3.0,1.0,0
1mso263,4,6.0,1.0,0
1mso263,5,10.0,1.0,0
1mso263,6,16.0,1.0,0
1mso263,7,20.0,1.0,0
1mso263,8,26.0,1.0,0
1mso263,9,28.0,1.0,0
1mso263,10,39.0,1.0,0
1mso263,11,42.0,1.0,0
1mso263,12,60.0,1.0,0
1mso263,13,61.0,1.0,0
1mso263,14,95.0,1.0,0
1mso263,15,96.0,1.0,0
1mso263,16,98.0,1.0,0
1mso263,17,99.0,-1.0,0
1mso263,18,46.0,-1.0,0
1mso263,19,90.0,-1.0,0
1mso263,20,84.0,-1.0,0
1mso263,21,64.0,-1.0,0
1mso263,22,65.0,-1.0,0
1mso263,23,87.0,-1.0,0
1mso263,24,91.0,1.0,0
1mso263,25,12.0,0.0,0
1mso263,26,4.0,0.0,0
1mso263,27,5.0,0.0,0
1mso263,28,7.0,0.0,0
1mso263,29,8.0,0.0,0
1mso263,30,9.0,0.0,0
1mso263,31,11.0,0.0,0
1mso263,32,13.0,0.0,0
1mso263,33,14.0,0.0,0
1mso263,34,15.0,0.0,0
1mso263,35,17.0,0.0,0
1mso263,36,18.0,0.0,0
1mso263,37,19.0,0.0,0
1mso263,38,21.0,0.0,0
1mso263,39,22.0,0.0,0
1mso263,40,23.0,0.0,0
1mso263,41,24.0,0.0,0
1mso263,42,25.0,0.0,0
1mso263,43,27.0,0.0,0
1mso263,44,29.0,0.0,0
1mso263,45,30.0,0.0,0
1mso263,46,31.0,0.0,0
1mso263,47,32.0,0.0,0
1mso263,48,33.0,0.0,0
1mso263,49,34.0,0.0,0
1mso263,50,35.0,0.0,0
1mso263,51,36.0,0.0,0
1mso263,52,37.0,0.0,0
1mso263,53,38.0,0.0,0
1mso263,54,40.0,0.0,0
1mso263,55,41.0,0.0,0
1mso263,56,43.0,0.0,0
1mso263,57,44.0,0.0,0
1mso263,58,45.0,0.0,0
1mso263,59,47.0,0.0,0
1mso263,60,48.0,0.0,0
1mso263,61,49.0,0.0,0
1mso263,62,50.0,0.0,0
1mso263,63,51.0,0.0,0
1mso263,64,52.0,0.0,0
1mso263,65,53.0,0.0,0
1mso263,66,54.0,0.0,0
1mso263,67,55.0,0.0,0
1mso263,68,56.0,0.0,0
1mso263,69,57.0,0.0,0
1mso263,70,58.0,0.0,0
1mso263,71,59.0,0.0,0
1mso263,72,62.0,0.0,0
1mso263,73,63.0,0.0,0
1mso263,74,66.0,0.0,0
1mso263,75,67.0,0.0,0
1mso263,76,68.0,0.0,0
1mso263,77,69.0,0.0,0
1mso263,78,70.0,0.0,0
1mso263,79,71.0,0.0,0
1mso263,80,72.0,0.0,0
1mso263,81,73.0,0.0,0
1mso263,82,74.0,0.0,0
1mso263,83,75.0,0.0,0
1mso263,84,76.0,0.0,0
1mso263,85,77.0,0.0,0
1mso263,86,78.0,0.0,0
1mso263,87,79.0,0.0,0
1mso263,88,80.0,0.0,0
1mso263,89,81.0,0.0,0
1mso263,90,82.0,1.0,0
1mso263,91,83.0,0.0,0
1mtxend,0,0.0,-1.0,0
1mtxend,1,1.0,1.0,0
1mtxend,2,2.0,1.0,0
1mtxend,3,3.0,-1.0,0
1mtxend,4,4.0,0.0,0
1mtxend,5,5.0,0.0,0
1mtxend,6,6.0,0.0,0
1mtxend,7,7.0,0.0,0
1mtxend,8,8.0,0.0,0
1mtxend,9,9.0,-1.0,0
1mtxend,10,10.0,0.0,0
1mtxend,11,11.0,0.0,0
1mtxend,12,12.0,1.0,0
1mtxend,13,13.0,0.0,0
1mtxend,14,14.0,0.0,0
1mtxend,15,15.0,1.0,0
1mtxend,16,16.0,0.0,0
1mtxend,17,17.0,-1.0,0
1mtxend,18,18.0,0.0,0
1mtxend,19,19.0,-1.0,0
1mtxend,20,20.0,1.0,0
1mtxend,21,21.0,0.0,0
1mtxend,22,22.0,0.0,0
1mtxend,23,23.0,0.0,0
1mtxend,24,24.0,-1.0,0
1mtxend,25,25.0,1.0,0
1mtxend,26,26.0,1.0,0
1mtxend,27,27.0,1.0,0
1mtxend,28,28.0,-1.0,0
1mtxend,29,29.0,-1.0,0
1mtxend,30,30.0,-1.0,0
1mtxend,31,31.0,0.0,0
1mtxend,32,32.0,0.0,0
1mtxend,33,33.0,0.0,0
1mtxend,34,34.0,0.0,0
1mtxend,35,35.0,0.0,0
1mtxend,36,36.0,0.0,0
1mtxend,37,37.0,0.0,0
1mtxend,38,38.0,0.0,0
1mtxend,39,39.0,0.0,0
1mtxend,40,40.0,0.0,0
1mtxend,41,41.0,0.0,0
1mtxend,42,42.0,0.0,0
1mtxend,43,43.0,0.0,0
1mtxend,44,44.0,1.0,0
1mtxend,45,45.0,0.0,0
1mtxend,46,46.0,1.0,0
1mtxend,47,47.0,-1.0,0
1mtxend,48,48.0,0.0,0
1mtxend,49,49.0,-1.0,0
1mtxend,50,50.0,-1.0,0
1mtxend,51,51.0,-1.0,0
1mtxend,52,52.0,0.0,0
1mtxend,53,53.0,-1.0,0
1mw5t82,0,0.0,0.0,0
1mw5t82,1,1.0,1.0,0
1mw5t82,2,2.0,1.0,0
1mw5t82,3,3.0,-1.0,0
1mw5t82,4,4.0,0.0,0
1mw5t82,5,5.0,0.0,0
1mw5t82,6,6.0,0.0,0
1mw5t82,7,7.0,-1.0,0
1mw5t82,8,8.0,0.0,0
1mw5t82,9,9.0,0.0,0
1mw5t82,10,10.0,0.0,0
1mw5t82,11,11.0,0.0,0
1mw5t82,12,12.0,1.0,0
1mw5t82,13,13.0,1.0,0
1mw5t82,14,14.0,0.0,0
1mw5t82,15,15.0,1.0,0
1mw5t82,16,16.0,0.0,0
1mw5t82,17,17.0,1.0,0
1mw5t82,18,18.0,0.0,0
1mw5t82,19,19.0,0.0,0
1mw5t82,20,20.0,1.0,0
1mw5t82,21,21.0,1.0,0
1mw5t82,22,22.0,0.0,0
1mw5t82,23,23.0,1.0,0
1mw5t82,24,24.0,1.0,0
1mw5t82,25,25.0,1.0,0
1mw5t82,26,26.0,0.0,0
1mw5t82,27,27.0,1.0,0
1mw5t82,28,28.0,1.0,0
1mw5t82,29,29.0,1.0,0
1mw5t82,30,30.0,1.0,0
1mw5t82,31,31.0,0.0,0
1mw5t82,32,32.0,0.0,0
1mw5t82,33,33.0,1.0,0
1mw5t82,34,34.0,0.0,0
1mw5t82,35,35.0,1.0,0
1mw5t82,36,36.0,1.0,0
1mw5t82,37,37.0,-1.0,0
1mw5t82,38,38.0,0.0,0
1mw5t82,39,39.0,0.0,0
1mw5t82,40,40.0,0.0,0
1mw5t82,41,41.0,0.0,0
1mw5t82,42,42.0,0.0,0
1mw5t82,43,43.0,0.0,0
1mw5t82,44,44.0,0.0,0
1mw5t82,45,45.0,0.0,0
1mw5t82,46,46.0,0.0,0
1mw5t82,47,47.0,0.0,0
1mw5t82,48,48.0,0.0,0
1mw5t82,49,49.0,1.0,0
1mw5t82,50,50.0,0.0,0
1mw5t82,51,51.0,0.0,0
1mw5t82,52,52.0,0.0,0
1mw5t82,53,53.0,0.0,0
1mw5t82,54,54.0,1.0,0
1mw5t82,55,55.0,1.0,0
1mw5t82,56,56.0,1.0,0
1mw5t82,57,57.0,-1.0,0
1mw5t82,58,58.0,0.0,0
1mw5t82,59,59.0,-1.0,0
1mw5t82,60,60.0,0.0,0
1mw5t82,61,61.0,0.0,0
1mw5t82,62,62.0,0.0,0
1mw5t82,63,63.0,0.0,0
1mw5t82,64,64.0,0.0,0
1mw5t82,65,65.0,0.0,0
1mw5t82,66,66.0,0.0,0
1mw5t82,67,67.0,0.0,0
1mw5t82,68,68.0,1.0,0
1mw5t82,69,69.0,-1.0,0
1mw5t82,70,70.0,0.0,0
1mw5t82,71,71.0,0.0,0
1mw5t82,72,72.0,-1.0,0
1mw5t82,73,73.0,0.0,0
1mw5t82,74,74.0,0.0,0
1mw5t82,75,75.0,-1.0,0
1mw5t82,76,76.0,0.0,0
1mw5t82,77,77.0,0.0,0
1mw5t82,78,78.0,0.0,0
1mw5t82,79,79.0,0.0,0
1mw5t82,80,80.0,0.0,0
1mw5t82,81,81.0,0.0,0
1mw5t82,82,82.0,1.0,0
1mw5t82,83,83.0,1.0,0
1mw5t82,84,84.0,0.0,0
1mw5t82,85,85.0,1.0,0
1mw5t82,86,86.0,0.0,0
1mw5t82,87,87.0,0.0,0
1mw5t82,88,88.0,0.0,0
1mw5t82,89,89.0,0.0,0
1mw5t82,90,90.0,0.0,0
1mw5t82,91,91.0,0.0,0
1mw5t82,92,92.0,0.0,0
1mw5t82,93,93.0,1.0,0
1mw5t82,94,94.0,0.0,0
1mw5t82,95,95.0,0.0,0
1mw5t82,96,96.0,0.0,0
1mw5t82,97,97.0,0.0,0
1mw5t82,98,98.0,0.0,0
1mw5t82,99,99.0,0.0,0
1mw5t82,100,100.0,0.0,0
1mw5t82,101,101.0,1.0,0
1mw5t82,102,102.0,-1.0,0
1mw5t82,103,103.0,0.0,0
1mw5t82,104,104.0,0.0,0
1mw5t82,105,105.0,0.0,0
1mw5t82,106,106.0,-1.0,0
1mw5t82,107,107.0,0.0,0
1mw5t82,108,108.0,0.0,0
1mw5t82,109,109.0,0.0,0
1mw5t82,110,110.0,0.0,0
1mw5t82,111,111.0,1.0,0
1mw5t82,112,112.0,0.0,0
1mw5t82,113,113.0,0.0,0
1mydwaw,0,0.0,-1.0,1
1mydwaw,1,1.0,0.0,1
1mydwaw,2,2.0,0.0,1
1mydwaw,3,3.0,0.0,1
1mydwaw,4,4.0,0.0,1
1mydwaw,5,5.0,1.0,1
1mydwaw,6,6.0,1.0,1
1mydwaw,7,7.0,1.0,1
1mydwaw,8,8.0,1.0,1
1mydwaw,9,9.0,1.0,1
1mydwaw,10,10.0,1.0,1
1mydwaw,11,11.0,1.0,1
1mydwaw,12,12.0,1.0,1
1mydwaw,13,13.0,1.0,1
1mydwaw,14,14.0,1.0,1
1mydwaw,15,15.0,0.0,1
1mydwaw,16,16.0,1.0,1
1mydwaw,17,17.0,1.0,1
1mydwaw,18,18.0,1.0,1
1mydwaw,19,19.0,1.0,1
1mydwaw,20,20.0,1.0,1
1n04xhq,0,,,0.0
1n0larr,0,0.0,0.0,0
1n0larr,1,1.0,0.0,0
1n0larr,2,2.0,0.0,0
1n0larr,3,3.0,-1.0,0
1n0larr,4,4.0,0.0,0
1n0larr,5,5.0,-1.0,0
1n0larr,6,6.0,0.0,0
1n0larr,7,7.0,-1.0,0
1n0larr,8,8.0,0.0,0
1n0larr,9,9.0,0.0,0
1n0larr,10,10.0,0.0,0
1n0larr,11,11.0,0.0,0
1n0larr,12,12.0,1.0,0
1n0larr,13,13.0,-1.0,0
1n0larr,14,14.0,1.0,0
1n0larr,15,15.0,0.0,0
1n0larr,16,16.0,0.0,0
1n0larr,17,17.0,0.0,0
1n0larr,18,18.0,0.0,0
1n0larr,19,19.0,0.0,0
1n0larr,20,20.0,1.0,0
1n0larr,21,21.0,0.0,0
1n0larr,22,22.0,0.0,0
1n0larr,23,23.0,1.0,0
1n0larr,24,24.0,0.0,0
1n0larr,25,25.0,0.0,0
1n0larr,26,26.0,0.0,0
1n0larr,27,27.0,0.0,0
1n0larr,28,28.0,1.0,0
1n0larr,29,29.0,-1.0,0
1n0larr,30,30.0,0.0,0
1n0larr,31,31.0,-1.0,0
1n0larr,32,32.0,0.0,0
1n0larr,33,33.0,-1.0,0
1n0larr,34,34.0,0.0,0
1n0larr,35,35.0,0.0,0
1n0larr,36,36.0,-1.0,0
1n0larr,37,37.0,0.0,0
1n0larr,38,38.0,0.0,0
1n0larr,39,39.0,0.0,0
1n0larr,40,40.0,0.0,0
1n0larr,41,41.0,0.0,0
1n0larr,42,42.0,0.0,0
1n0larr,43,43.0,0.0,0
1n0larr,44,44.0,0.0,0
1n0larr,45,45.0,1.0,0
1n0larr,46,46.0,0.0,0
1n0larr,47,47.0,0.0,0
1n0larr,48,48.0,0.0,0
1n0larr,49,49.0,0.0,0
1n0larr,50,50.0,0.0,0
1n0larr,51,51.0,-1.0,0
1n0larr,52,52.0,0.0,0
1n0larr,53,53.0,0.0,0
1n0larr,54,54.0,0.0,0
1n0larr,55,55.0,0.0,0
1n0larr,56,56.0,0.0,0
1n0larr,57,57.0,0.0,0
1n0larr,58,58.0,0.0,0
1n0larr,59,59.0,0.0,0
1n0larr,60,60.0,0.0,0
1n0larr,61,61.0,0.0,0
1n0larr,62,62.0,0.0,0
1n0larr,63,63.0,0.0,0
1n0larr,64,64.0,0.0,0
1n0larr,65,65.0,0.0,0
1n0larr,66,66.0,0.0,0
1n0larr,67,67.0,0.0,0
1n0larr,68,68.0,0.0,0
1n0larr,69,69.0,0.0,0
1n0larr,70,70.0,1.0,0
1n0larr,71,71.0,1.0,0
1n0larr,72,72.0,-1.0,0
1n0larr,73,73.0,0.0,0
1n0larr,74,74.0,0.0,0
1n0larr,75,75.0,-1.0,0
1n0larr,76,76.0,0.0,0
1n0larr,77,77.0,0.0,0
1n0larr,78,78.0,0.0,0
1n0larr,79,79.0,0.0,0
1n0larr,80,80.0,0.0,0
1n0larr,81,81.0,0.0,0
1n0larr,82,82.0,0.0,0
1n0larr,83,83.0,0.0,0
1n0larr,84,84.0,-1.0,0
1n0larr,85,85.0,0.0,0
1n0larr,86,86.0,0.0,0
1n0larr,87,87.0,0.0,0
1n0larr,88,88.0,0.0,0
1n0larr,89,89.0,0.0,0
1n0larr,90,90.0,-1.0,0
1n0larr,91,91.0,0.0,0
1n0larr,92,92.0,1.0,0
1n0larr,93,93.0,1.0,0
1n0larr,94,94.0,0.0,0
1n0larr,95,95.0,0.0,0
1n0larr,96,96.0,0.0,0
1n0larr,97,97.0,1.0,0
1n0larr,98,98.0,0.0,0
1n0larr,99,99.0,0.0,0
1n0larr,100,100.0,0.0,0
1n0larr,101,101.0,1.0,0
1n0larr,102,102.0,0.0,0
1n0larr,103,103.0,0.0,0
1n0larr,104,104.0,0.0,0
1n0larr,105,105.0,0.0,0
1n0larr,106,106.0,-1.0,0
1n0larr,107,107.0,0.0,0
1n0larr,108,108.0,0.0,0
1n0larr,109,109.0,0.0,0
1n0larr,110,110.0,0.0,0
1n0larr,111,111.0,0.0,0
1n0larr,112,112.0,0.0,0
1n0larr,113,113.0,0.0,0
1n0larr,114,114.0,0.0,0
1n0larr,115,115.0,0.0,0
1n0larr,116,116.0,0.0,0
1n0larr,117,117.0,0.0,0
1n0larr,118,118.0,1.0,0
1n0larr,119,119.0,-1.0,0
1n0larr,120,120.0,1.0,0
1n0larr,121,121.0,1.0,0
1n0qst3,0,0.0,1.0,0
1n0qst3,1,1.0,0.0,0
1n0qst3,2,2.0,1.0,0
1n0qst3,3,3.0,-1.0,0
1n0qst3,4,4.0,0.0,0
1n0qst3,5,5.0,-1.0,0
1n0qst3,6,6.0,1.0,0
1n0qst3,7,7.0,1.0,0
1n0qst3,8,8.0,0.0,0
1n0qst3,9,9.0,0.0,0
1n0qst3,10,10.0,1.0,0
1n0qst3,11,11.0,1.0,0
1n0qst3,12,12.0,1.0,0
1n0qst3,13,13.0,1.0,0
1n0qst3,14,14.0,0.0,0
1n0qst3,15,15.0,1.0,0
1n0qst3,16,16.0,1.0,0
1n0qst3,17,17.0,1.0,0
1n0qst3,18,18.0,1.0,0
1n0qst3,19,19.0,1.0,0
1n0qst3,20,20.0,0.0,0
1n0qst3,21,21.0,1.0,0
1n0qst3,22,22.0,0.0,0
1n0qst3,23,23.0,1.0,0
1n0qst3,24,24.0,1.0,0
1n0qst3,25,25.0,0.0,0
1n0qst3,26,26.0,0.0,0
1n0qst3,27,27.0,0.0,0
1n0qst3,28,28.0,0.0,0
1n0qst3,29,29.0,0.0,0
1n0qst3,30,30.0,0.0,0
1n0qst3,31,31.0,0.0,0
1n0qst3,32,32.0,1.0,0
1n0qst3,33,33.0,0.0,0
1n0qst3,34,34.0,1.0,0
1n0qst3,35,35.0,0.0,0
1n0qst3,36,36.0,0.0,0
1n0qst3,37,37.0,0.0,0
1n0qst3,38,38.0,-1.0,0
1n0qst3,39,39.0,0.0,0
1n0qst3,40,40.0,-1.0,0
1n0qst3,41,41.0,0.0,0
1n0qst3,42,42.0,1.0,0
1n0qst3,43,43.0,1.0,0
1n0qst3,44,44.0,1.0,0
1n0qst3,45,45.0,0.0,0
1n0qst3,46,46.0,0.0,0
1n0qst3,47,47.0,0.0,0
1n0qst3,48,48.0,0.0,0
1n0qst3,49,49.0,0.0,0
1n0qst3,50,50.0,1.0,0
1n0qst3,51,51.0,1.0,0
1n0qst3,52,52.0,0.0,0
1n0qst3,53,53.0,0.0,0
1n0qst3,54,54.0,1.0,0
1n0qst3,55,55.0,0.0,0
1n0qst3,56,56.0,1.0,0
1n0qst3,57,57.0,0.0,0
1n0qst3,58,58.0,0.0,0
1n0qst3,59,59.0,0.0,0
1n0qst3,60,60.0,1.0,0
1n0qst3,61,61.0,0.0,0
1n0qst3,62,62.0,1.0,0
1n0qst3,63,63.0,1.0,0
1n0qst3,64,64.0,1.0,0
1n0qst3,65,65.0,0.0,0
1n0qst3,66,66.0,1.0,0
1n0qst3,67,67.0,1.0,0
1n0qst3,68,68.0,1.0,0
1n0qst3,69,69.0,0.0,0
1n0qst3,70,70.0,0.0,0
1n0qst3,71,71.0,0.0,0
1n0qst3,72,72.0,0.0,0
1n0qst3,73,73.0,-1.0,0
1n0qst3,74,74.0,-1.0,0
1n0qst3,75,75.0,-1.0,0
1n0qst3,76,76.0,1.0,0
1n0qst3,77,77.0,0.0,0
1n0qst3,78,78.0,0.0,0
1n0qst3,79,79.0,0.0,0
1n0qst3,80,80.0,0.0,0
1n0qst3,81,81.0,0.0,0
1n0qst3,82,82.0,0.0,0
1n0qst3,83,83.0,0.0,0
1n0qst3,84,84.0,1.0,0
1n0qst3,85,85.0,0.0,0
1n0qst3,86,86.0,1.0,0
1n0qst3,87,87.0,0.0,0
1n0qst3,88,88.0,1.0,0
1n0qst3,89,89.0,-1.0,0
1n0qst3,90,90.0,0.0,0
1n0qst3,91,91.0,0.0,0
1n0qst3,92,92.0,1.0,0
1n0qst3,93,93.0,1.0,0
1n0qst3,94,94.0,0.0,0
1n0qst3,95,95.0,1.0,0
1n0qst3,96,96.0,1.0,0
1n0qst3,97,97.0,1.0,0
1n0qst3,98,98.0,1.0,0
1n0qst3,99,99.0,1.0,0
1n0qst3,100,100.0,1.0,0
1n0qst3,101,101.0,1.0,0
1n0qst3,102,102.0,0.0,0
1n0qst3,103,103.0,0.0,0
1n0qst3,104,104.0,1.0,0
1n26a1e,0,0.0,1.0,0
1n26a1e,1,1.0,-1.0,0
1n26a1e,2,2.0,0.0,0
1n26a1e,3,3.0,0.0,0
1n26a1e,4,4.0,1.0,0
1n26a1e,5,5.0,1.0,0
1n26a1e,6,6.0,1.0,0
1n26a1e,7,7.0,1.0,0
1n26a1e,8,8.0,1.0,0
1n26a1e,9,9.0,-1.0,0
1n26a1e,10,10.0,1.0,0
1n26a1e,11,11.0,0.0,0
1n26a1e,12,12.0,1.0,0
1n26a1e,13,13.0,1.0,0
1n26a1e,14,14.0,0.0,0
1n26a1e,15,15.0,1.0,0
1n26a1e,16,16.0,1.0,0
1n26a1e,17,17.0,1.0,0
1n26a1e,18,18.0,1.0,0
1n26a1e,19,19.0,1.0,0
1n26a1e,20,20.0,0.0,0
1n26a1e,21,21.0,0.0,0
1n26a1e,22,22.0,0.0,0
1n26a1e,23,23.0,0.0,0
1n26a1e,24,24.0,1.0,0
1n26a1e,25,25.0,1.0,0
1n45ydw,0,0.0,0.0,0
1n45ydw,1,1.0,0.0,0
1n45ydw,2,2.0,0.0,0
1n45ydw,3,3.0,0.0,0
1n45ydw,4,4.0,0.0,0
1n45ydw,5,5.0,0.0,0
1n45ydw,6,6.0,0.0,0
1n45ydw,7,7.0,0.0,0
1n45ydw,8,8.0,0.0,0
1n45ydw,9,9.0,0.0,0
1n45ydw,10,10.0,-1.0,0
1n45ydw,11,11.0,0.0,0
1n45ydw,12,12.0,0.0,0
1n45ydw,13,13.0,0.0,0
1n45ydw,14,14.0,0.0,0
1n45ydw,15,15.0,0.0,0
1n45ydw,16,16.0,0.0,0
1n45ydw,17,17.0,0.0,0
1n45ydw,18,18.0,0.0,0
1n45ydw,19,19.0,-1.0,0
1n45ydw,20,20.0,0.0,0
1n45ydw,21,21.0,0.0,0
1n45ydw,22,22.0,0.0,0
1n45ydw,23,23.0,0.0,0
1n45ydw,24,24.0,0.0,0
1n45ydw,25,25.0,1.0,0
1n45ydw,26,26.0,1.0,0
1n45ydw,27,27.0,0.0,0
1n45ydw,28,28.0,-1.0,0
1n45ydw,29,29.0,0.0,0
1n45ydw,30,30.0,1.0,0
1n45ydw,31,31.0,0.0,0
1n45ydw,32,32.0,-1.0,0
1n45ydw,33,33.0,0.0,0
1n45ydw,34,34.0,0.0,0
1n45ydw,35,35.0,0.0,0
1n45ydw,36,36.0,0.0,0
1n45ydw,37,37.0,1.0,0
1n45ydw,38,38.0,0.0,0
1n45ydw,39,39.0,1.0,0
1n45ydw,40,40.0,-1.0,0
1n45ydw,41,41.0,0.0,0
1n45ydw,42,42.0,0.0,0
1n45ydw,43,43.0,0.0,0
1n45ydw,44,44.0,-1.0,0
1n45ydw,45,45.0,1.0,0
1n45ydw,46,46.0,0.0,0
1n45ydw,47,47.0,0.0,0
1n45ydw,48,48.0,-1.0,0
1n45ydw,49,49.0,0.0,0
1n45ydw,50,50.0,0.0,0
1n45ydw,51,51.0,1.0,0
1n45ydw,52,52.0,1.0,0
1n45ydw,53,53.0,1.0,0
1n45ydw,54,54.0,-1.0,0
1n45ydw,55,55.0,0.0,0
1n45ydw,56,56.0,0.0,0
1n45ydw,57,57.0,0.0,0
1n45ydw,58,58.0,0.0,0
1n45ydw,59,59.0,0.0,0
1n45ydw,60,60.0,0.0,0
1n45ydw,61,61.0,0.0,0
1n45ydw,62,62.0,0.0,0
1n45ydw,63,63.0,0.0,0
1n45ydw,64,64.0,0.0,0
1n45ydw,65,65.0,0.0,0
1n45ydw,66,66.0,0.0,0
1n45ydw,67,67.0,1.0,0
1n45ydw,68,68.0,1.0,0
1n45ydw,69,69.0,1.0,0
1n45ydw,70,70.0,1.0,0
1n45ydw,71,71.0,0.0,0
1n45ydw,72,72.0,0.0,0
1n45ydw,73,73.0,0.0,0
1n45ydw,74,74.0,1.0,0
1n45ydw,75,75.0,1.0,0
1n45ydw,76,76.0,0.0,0
1n45ydw,77,77.0,0.0,0
1n45ydw,78,78.0,0.0,0
1n45ydw,79,79.0,0.0,0
1n45ydw,80,80.0,0.0,0
1n45ydw,81,81.0,0.0,0
1n45ydw,82,82.0,0.0,0
1n45ydw,83,83.0,0.0,0
1n45ydw,84,84.0,0.0,0
1n45ydw,85,85.0,0.0,0
1n45ydw,86,86.0,1.0,0
1n45ydw,87,87.0,1.0,0
1n45ydw,88,88.0,0.0,0
1n45ydw,89,89.0,0.0,0
1n45ydw,90,90.0,0.0,0
1n45ydw,91,91.0,1.0,0
1n45ydw,92,92.0,1.0,0
1n4n8pi,0,0.0,0.0,0
1n4n8pi,1,1.0,1.0,0
1n4n8pi,2,2.0,1.0,0
1n4n8pi,3,3.0,0.0,0
1n4n8pi,4,4.0,1.0,0
1n4n8pi,5,5.0,1.0,0
1n4n8pi,6,6.0,1.0,0
1n4n8pi,7,7.0,1.0,0
1n4n8pi,8,8.0,1.0,0
1n4n8pi,9,9.0,1.0,0
1n4n8pi,10,10.0,0.0,0
1n4n8pi,11,11.0,0.0,0
1n4n8pi,12,12.0,1.0,0
1n4n8pi,13,13.0,1.0,0
1n4n8pi,14,14.0,1.0,0
1n4n8pi,15,15.0,1.0,0
1n4n8pi,16,16.0,1.0,0
1n4n8pi,17,17.0,0.0,0
1n4n8pi,18,18.0,0.0,0
1n4n8pi,19,19.0,1.0,0
1n4n8pi,20,20.0,0.0,0
1n4n8pi,21,21.0,1.0,0
1n4n8pi,22,22.0,1.0,0
1n4n8pi,23,23.0,1.0,0
1n4n8pi,24,24.0,1.0,0
1n4tlof,0,0.0,-1.0,0
1n4tlof,1,1.0,1.0,0
1n4tlof,2,2.0,0.0,0
1n4tlof,3,3.0,0.0,0
1n4tlof,4,4.0,1.0,0
1n4tlof,5,5.0,-1.0,0
1n4tlof,6,6.0,0.0,0
1n4tlof,7,7.0,-1.0,0
1n4tlof,8,8.0,0.0,0
1n4tlof,9,9.0,0.0,0
1n4tlof,10,10.0,-1.0,0
1n4tlof,11,11.0,1.0,0
1n4tlof,12,12.0,-1.0,0
1n4tlof,13,13.0,-1.0,0
1n4tlof,14,14.0,0.0,0
1n4tlof,15,15.0,-1.0,0
1n4tlof,16,16.0,0.0,0
1n4tlof,17,17.0,-1.0,0
1n4tlof,18,18.0,0.0,0
1n4tlof,19,19.0,0.0,0
1n4tlof,20,20.0,1.0,0
1n4tlof,21,21.0,0.0,0
1n4tlof,22,22.0,1.0,0
1n4tlof,23,23.0,-1.0,0
1n4tlof,24,24.0,0.0,0
1n4tlof,25,25.0,0.0,0
1n4tlof,26,26.0,0.0,0
1n4tlof,27,27.0,1.0,0
1n4tlof,28,28.0,-1.0,0
1n4tlof,29,29.0,-1.0,0
1n4tlof,30,30.0,-1.0,0
1n4tlof,31,31.0,-1.0,0
1n4tlof,32,32.0,0.0,0
1n4tlof,33,33.0,0.0,0
1n4tlof,34,34.0,0.0,0
1n4tlof,35,35.0,-1.0,0
1n4tlof,36,36.0,0.0,0
1n4tlof,37,37.0,0.0,0
1n4tlof,38,38.0,0.0,0
1n4tlof,39,39.0,0.0,0
1n4tlof,40,40.0,-1.0,0
1n4tlof,41,41.0,0.0,0
1n4tlof,42,42.0,0.0,0
1n4tlof,43,43.0,-1.0,0
1n4tlof,44,44.0,0.0,0
1n4tlof,45,45.0,1.0,0
1n4tlof,46,46.0,0.0,0
1n4tlof,47,47.0,-1.0,0
1n4tlof,48,48.0,-1.0,0
1n4tlof,49,49.0,-1.0,0
1n4tlof,50,50.0,0.0,0
1n4tlof,51,51.0,-1.0,0
1n4tlof,52,52.0,-1.0,0
1n4tlof,53,53.0,0.0,0
1n4tlof,54,54.0,-1.0,0
1n4tlof,55,55.0,-1.0,0
1n4tlof,56,56.0,-1.0,0
1n4tlof,57,57.0,0.0,0
1n4tlof,58,58.0,0.0,0
1n4tlof,59,59.0,0.0,0
1n4tlof,60,60.0,0.0,0
1n4tlof,61,61.0,0.0,0
1n4tlof,62,62.0,-1.0,0
1n4tlof,63,63.0,0.0,0
1n4tlof,64,64.0,-1.0,0
1n4tlof,65,65.0,0.0,0
1n4tlof,66,66.0,0.0,0
1n4tlof,67,67.0,-1.0,0
1n4tlof,68,68.0,1.0,0
1n4tlof,69,69.0,-1.0,0
1n4tlof,70,70.0,0.0,0
1n4tlof,71,71.0,1.0,0
1n4tlof,72,72.0,1.0,0
1n4tlof,73,73.0,1.0,0
1n4tlof,74,74.0,0.0,0
1n4tlof,75,75.0,-1.0,0
1n4tlof,76,76.0,0.0,0
1n4tlof,77,77.0,0.0,0
1n4tlof,78,78.0,1.0,0
1n4tlof,79,79.0,0.0,0
1n4tlof,80,80.0,-1.0,0
1n4tlof,81,81.0,0.0,0
1n4tlof,82,82.0,0.0,0
1n4tlof,83,83.0,0.0,0
1n4tlof,84,84.0,0.0,0
1n4tlof,85,85.0,0.0,0
1n4tlof,86,86.0,0.0,0
1n4tlof,87,87.0,-1.0,0
1n4tlof,88,88.0,-1.0,0
1n4tlof,89,89.0,-1.0,0
1n4tlof,90,90.0,0.0,0
1n4tlof,91,91.0,-1.0,0
1n4yehf,0,0.0,-1.0,0
1n4yehf,1,1.0,0.0,0
1n4yehf,2,2.0,0.0,0
1n4yehf,3,3.0,1.0,0
1n4yehf,4,4.0,0.0,0
1n4yehf,5,5.0,0.0,0
1n4yehf,6,6.0,-1.0,0
1n4yehf,7,7.0,1.0,0
1n4yehf,8,8.0,0.0,0
1n4yehf,9,9.0,1.0,0
1n4yehf,10,10.0,0.0,0
1n4yehf,11,11.0,0.0,0
1n4yehf,12,12.0,1.0,0
1n4yehf,13,13.0,1.0,0
1n4yehf,14,14.0,0.0,0
1n4yehf,15,15.0,1.0,0
1n4yehf,16,16.0,0.0,0
1n4yehf,17,17.0,0.0,0
1n4yehf,18,18.0,-1.0,0
1n4yehf,19,19.0,1.0,0
1n4yehf,20,20.0,0.0,0
1n4yehf,21,21.0,0.0,0
1n4yehf,22,22.0,1.0,0
1n4yehf,23,23.0,0.0,0
1n4yehf,24,24.0,1.0,0
1n4yehf,25,25.0,0.0,0
1n4yehf,26,26.0,0.0,0
1n4yehf,27,27.0,0.0,0
1n4yehf,28,28.0,-1.0,0
1n4yehf,29,29.0,1.0,0
1n4yehf,30,30.0,0.0,0
1n4yehf,31,31.0,0.0,0
1n5vfqi,0,0.0,0.0,0
1n5vfqi,1,1.0,0.0,0
1n5vfqi,2,2.0,-1.0,0
1n5vfqi,3,3.0,0.0,0
1n5vfqi,4,4.0,0.0,0
1n5vfqi,5,5.0,0.0,0
1n5vfqi,6,6.0,0.0,0
1n5vfqi,7,7.0,-1.0,0
1n5vfqi,8,8.0,0.0,0
1n5vfqi,9,9.0,0.0,0
1n5vfqi,10,10.0,1.0,0
1n5vfqi,11,11.0,-1.0,0
1n5vfqi,12,12.0,-1.0,0
1n5vfqi,13,13.0,-1.0,0
1n5vfqi,14,14.0,0.0,0
1n5vfqi,15,15.0,0.0,0
1n5vfqi,16,16.0,0.0,0
1n5vfqi,17,17.0,0.0,0
1n5vfqi,18,18.0,0.0,0
1n5vfqi,19,19.0,0.0,0
1n5vfqi,20,20.0,0.0,0
1n5vfqi,21,21.0,0.0,0
1n5vfqi,22,22.0,0.0,0
1n5vfqi,23,23.0,0.0,0
1n6020k,0,0.0,-1.0,0
1n6020k,1,1.0,-1.0,0
1n6020k,2,2.0,0.0,0
1n6020k,3,3.0,0.0,0
1n6020k,4,4.0,-1.0,0
1n6020k,5,5.0,-1.0,0
1n6020k,6,6.0,1.0,0
1n6020k,7,7.0,-1.0,0
1n6020k,8,8.0,0.0,0
1n6020k,9,9.0,0.0,0
1n6020k,10,10.0,0.0,0
1n6020k,11,11.0,0.0,0
1n6020k,12,12.0,-1.0,0
1n6020k,13,13.0,1.0,0
1n6020k,14,14.0,-1.0,0
1n6020k,15,15.0,1.0,0
1n6020k,16,16.0,-1.0,0
1n6020k,17,17.0,0.0,0
1n6020k,18,18.0,0.0,0
1n6020k,19,19.0,0.0,0
1n6020k,20,20.0,1.0,0
1n6020k,21,21.0,0.0,0
1n6020k,22,22.0,0.0,0
1n6020k,23,23.0,0.0,0
1n6020k,24,24.0,-1.0,0
1n6020k,25,25.0,0.0,0
1n6020k,26,26.0,1.0,0
1n6020k,27,27.0,1.0,0
1n6020k,28,28.0,0.0,0
1n6020k,29,29.0,0.0,0
1n6020k,30,30.0,0.0,0
1n6020k,31,31.0,0.0,0
1n6020k,32,32.0,0.0,0
1n6020k,33,33.0,0.0,0
1n6020k,34,34.0,0.0,0
1n6020k,35,35.0,1.0,0
1n6020k,36,36.0,1.0,0
1n6020k,37,37.0,0.0,0
1n6020k,38,38.0,0.0,0
1n6020k,39,39.0,-1.0,0
1n6020k,40,40.0,-1.0,0
1n6020k,41,41.0,-1.0,0
1n6020k,42,42.0,0.0,0
1n6020k,43,43.0,0.0,0
1n6020k,44,44.0,-1.0,0
1n6020k,45,45.0,0.0,0
1n6020k,46,46.0,0.0,0
1n6020k,47,47.0,0.0,0
1n6020k,48,48.0,-1.0,0
1n6020k,49,49.0,-1.0,0
1n6020k,50,50.0,0.0,0
1n6020k,51,51.0,1.0,0
1n6020k,52,52.0,-1.0,0
1n6020k,53,53.0,1.0,0
1n6020k,54,54.0,-1.0,0
1n6020k,55,55.0,1.0,0
1n6020k,56,56.0,-1.0,0
1n6020k,57,57.0,1.0,0
1n6020k,58,58.0,0.0,0
1n6020k,59,59.0,0.0,0
1n6020k,60,60.0,1.0,0
1n6020k,61,61.0,-1.0,0
1n6020k,62,62.0,0.0,0
1n6020k,63,63.0,1.0,0
1n6020k,64,64.0,0.0,0
1n6020k,65,65.0,0.0,0
1n6020k,66,66.0,0.0,0
1n6020k,67,67.0,1.0,0
1n6020k,68,68.0,1.0,0
1n6020k,69,69.0,-1.0,0
1n6020k,70,70.0,0.0,0
1n6020k,71,71.0,1.0,0
1n6020k,72,72.0,-1.0,0
1n6020k,73,73.0,1.0,0
1n6020k,74,74.0,1.0,0
1n6020k,75,75.0,0.0,0
1n6020k,76,76.0,0.0,0
1n6020k,77,77.0,0.0,0
1n6020k,78,78.0,-1.0,0
1n6020k,79,79.0,0.0,0
1n6020k,80,80.0,0.0,0
1n6020k,81,81.0,0.0,0
1n6020k,82,82.0,0.0,0
1n6020k,83,83.0,0.0,0
1n6020k,84,84.0,1.0,0
1n6020k,85,85.0,1.0,0
1n6020k,86,86.0,1.0,0
1n6020k,87,87.0,1.0,0
1n6020k,88,88.0,-1.0,0
1n6020k,89,89.0,1.0,0
1n6020k,90,90.0,0.0,0
1n6020k,91,91.0,1.0,0
1n6020k,92,92.0,1.0,0
1n6020k,93,93.0,-1.0,0
1n6020k,94,94.0,-1.0,0
1n6020k,95,95.0,0.0,0
1n6020k,96,96.0,1.0,0
1n6020k,97,97.0,0.0,0
1n6020k,98,98.0,0.0,0
1n6020k,99,99.0,1.0,0
1n6020k,100,100.0,0.0,0
1n6020k,101,101.0,1.0,0
1n6020k,102,102.0,1.0,0
1n6020k,103,103.0,0.0,0
1n6020k,104,104.0,0.0,0
1n6020k,105,105.0,0.0,0
1n6020k,106,106.0,0.0,0
1n6020k,107,107.0,-1.0,0
1n6020k,108,108.0,1.0,0
1n6020k,109,109.0,-1.0,0
1n6020k,110,110.0,1.0,0
1n6020k,111,111.0,0.0,0
1n6020k,112,112.0,0.0,0
1n6020k,113,113.0,1.0,0
1n6020k,114,114.0,0.0,0
1n6020k,115,115.0,0.0,0
1n6020k,116,116.0,0.0,0
1n6020k,117,117.0,0.0,0
1n6020k,118,118.0,1.0,0
1n6020k,119,119.0,1.0,0
1n6020k,120,120.0,0.0,0
1n6020k,121,121.0,0.0,0
1n6020k,122,122.0,1.0,0
1n6020k,123,123.0,0.0,0
1n6020k,124,124.0,0.0,0
1n6020k,125,125.0,0.0,0
1n6020k,126,126.0,1.0,0
1n6020k,127,127.0,0.0,0
1n6020k,128,128.0,0.0,0
1n6020k,129,129.0,1.0,0
1n6020k,130,130.0,1.0,0
1n6020k,131,131.0,1.0,0
1n6020k,132,132.0,0.0,0
1n6020k,133,133.0,0.0,0
1n6020k,134,134.0,0.0,0
1n6020k,135,135.0,0.0,0
1n6020k,136,136.0,0.0,0
1n6020k,137,137.0,1.0,0
1n6020k,138,138.0,0.0,0
1n6020k,139,139.0,0.0,0
1n6020k,140,140.0,0.0,0
1n6020k,141,141.0,0.0,0
1n6020k,142,142.0,-1.0,0
1n6020k,143,143.0,0.0,0
1n6020k,144,144.0,0.0,0
1n6020k,145,145.0,0.0,0
1n6020k,146,146.0,0.0,0
1n6020k,147,147.0,0.0,0
1n6020k,148,148.0,0.0,0
1n6020k,149,149.0,1.0,0
1n6020k,150,150.0,-1.0,0
1n6020k,151,151.0,0.0,0
1n6020k,152,152.0,1.0,0
1n6020k,153,153.0,0.0,0
1n6020k,154,154.0,0.0,0
1n6020k,155,155.0,0.0,0
1n6020k,156,156.0,1.0,0
1n6020k,157,157.0,0.0,0
1n6020k,158,158.0,0.0,0
1n6020k,159,159.0,0.0,0
1n6020k,160,160.0,0.0,0
1n6020k,161,161.0,0.0,0
1n6020k,162,162.0,-1.0,0
1n6020k,163,163.0,0.0,0
1n6020k,164,164.0,0.0,0
1n6020k,165,165.0,-1.0,0
1n6020k,166,166.0,1.0,0
1n6020k,167,167.0,1.0,0
1n6020k,168,168.0,0.0,0
1n6020k,169,169.0,0.0,0
1n6020k,170,170.0,0.0,0
1n6020k,171,171.0,0.0,0
1n6020k,172,172.0,0.0,0
1n6020k,173,173.0,1.0,0
1n6020k,174,174.0,0.0,0
1n6020k,175,175.0,0.0,0
1n6020k,176,176.0,-1.0,0
1n6020k,177,177.0,0.0,0
1n6020k,178,178.0,0.0,0
1n6020k,179,179.0,1.0,0
1n6020k,180,180.0,1.0,0
1n6020k,181,181.0,0.0,0
1n6020k,182,182.0,0.0,0
1n7c7cy,0,0.0,0.0,0
1n7c7cy,1,1.0,0.0,0
1n7c7cy,2,2.0,1.0,0
1n7c7cy,3,3.0,0.0,0
1n7c7cy,4,4.0,1.0,0
1n7c7cy,5,5.0,1.0,0
1n7c7cy,6,6.0,-1.0,0
1n7c7cy,7,7.0,0.0,0
1n7c7cy,8,8.0,-1.0,0
1n7c7cy,9,9.0,0.0,0
1n7c7cy,10,10.0,0.0,0
1n7c7cy,11,11.0,-1.0,0
1n7c7cy,12,12.0,0.0,0
1n7c7cy,13,13.0,0.0,0
1n7c7cy,14,14.0,0.0,0
1n7c7cy,15,15.0,0.0,0
1n7c7cy,16,16.0,1.0,0
1n7c7cy,17,17.0,-1.0,0
1n7c7cy,18,18.0,0.0,0
1n7c7cy,19,19.0,-1.0,0
1n7c7cy,20,20.0,0.0,0
1n7c7cy,21,21.0,-1.0,0
1n7c7cy,22,22.0,0.0,0
1n7c7cy,23,23.0,0.0,0
1n7c7cy,24,24.0,0.0,0
1n7c7cy,25,25.0,-1.0,0
1n7c7cy,26,26.0,-1.0,0
1n7c7cy,27,27.0,-1.0,0
1n7c7cy,28,28.0,-1.0,0
1n7c7cy,29,29.0,1.0,0
1n7c7cy,30,30.0,0.0,0
1n7c7cy,31,31.0,0.0,0
1n7c7cy,32,32.0,0.0,0
1n7c7cy,33,33.0,0.0,0
1n7c7cy,34,34.0,0.0,0
1n7c7cy,35,35.0,0.0,0
1n7c7cy,36,36.0,0.0,0
1n7c7cy,37,37.0,0.0,0
1n7c7cy,38,38.0,0.0,0
1n7c7cy,39,39.0,-1.0,0
1n7c7cy,40,40.0,-1.0,0
1n7c7cy,41,41.0,0.0,0
1n7c7cy,42,42.0,0.0,0
1n7c7cy,43,43.0,0.0,0
1n7c7cy,44,44.0,0.0,0
1n7ce31,0,1.0,0.0,0
1n7ce31,1,2.0,0.0,0
1n7ce31,2,3.0,0.0,0
1n7ce31,3,4.0,0.0,0
1n7ce31,4,5.0,-1.0,0
1n7ce31,5,6.0,0.0,0
1n7ce31,6,7.0,0.0,0
1n7ce31,7,8.0,0.0,0
1n7ce31,8,9.0,-1.0,0
1n7ce31,9,10.0,0.0,0
1n7ce31,10,11.0,-1.0,0
1n7ce31,11,12.0,1.0,0
1n7ce31,12,13.0,-1.0,0
1n7ce31,13,14.0,0.0,0
1n7ce31,14,15.0,1.0,0
1n7ce31,15,16.0,1.0,0
1n7ce31,16,17.0,1.0,0
1n7ce31,17,18.0,0.0,0
1n7ce31,18,19.0,1.0,0
1n7ce31,19,20.0,0.0,0
1n7ce31,20,21.0,0.0,0
1n7ce31,21,22.0,1.0,0
1n7ce31,22,23.0,0.0,0
1n7ce31,23,24.0,0.0,0
1n7ce31,24,25.0,1.0,0
1n7ce31,25,26.0,0.0,0
1n7ce31,26,27.0,0.0,0
1n7ce31,27,28.0,0.0,0
1n7ce31,28,29.0,-1.0,0
1n7ce31,29,30.0,0.0,0
1n7ce31,30,31.0,1.0,0
1n7ce31,31,32.0,-1.0,0
1n7ce31,32,33.0,0.0,0
1n7ce31,33,34.0,0.0,0
1n7ce31,34,35.0,0.0,0
1n7ce31,35,36.0,0.0,0
1n7ce31,36,37.0,0.0,0
1n7ce31,37,38.0,-1.0,0
1n7ce31,38,39.0,1.0,0
1n7ce31,39,40.0,-1.0,0
1n7ce31,40,41.0,0.0,0
1n7ce31,41,42.0,0.0,0
1n7ce31,42,43.0,1.0,0
1n7ce31,43,44.0,-1.0,0
1n7ce31,44,45.0,1.0,0
1n7ce31,45,46.0,1.0,0
1n7ce31,46,47.0,-1.0,0
1n7ce31,47,48.0,0.0,0
1n7ce31,48,49.0,0.0,0
1n7ce31,49,50.0,-1.0,0
1n7ce31,50,51.0,-1.0,0
1n7ce31,51,52.0,0.0,0
1n7ce31,52,53.0,-1.0,0
1n7ce31,53,54.0,0.0,0
1n7ce31,54,55.0,0.0,0
1n7ce31,55,56.0,-1.0,0
1n7ce31,56,57.0,0.0,0
1n7ce31,57,58.0,0.0,0
1n7ce31,58,59.0,0.0,0
1n7ce31,59,60.0,0.0,0
1n7ce31,60,61.0,0.0,0
1n7ce31,61,62.0,1.0,0
1n7ce31,62,63.0,1.0,0
1n7ce31,63,64.0,0.0,0
1n7ce31,64,65.0,1.0,0
1n7ce31,65,66.0,0.0,0
1n7ce31,66,67.0,0.0,0
1n7ce31,67,68.0,0.0,0
1n7ce31,68,69.0,0.0,0
1n7ce31,69,70.0,0.0,0
1n90obo,0,0.0,0.0,0
1n90obo,1,1.0,0.0,0
1n90obo,2,2.0,0.0,0
1n90obo,3,3.0,0.0,0
1n90obo,4,4.0,1.0,0
1n90obo,5,5.0,0.0,0
1n90obo,6,6.0,1.0,0
1n90obo,7,7.0,1.0,0
1n90obo,8,8.0,1.0,0
1n90obo,9,9.0,1.0,0
1n90obo,10,10.0,-1.0,0
1n90obo,11,11.0,-1.0,0
1n90obo,12,12.0,0.0,0
1n90obo,13,13.0,0.0,0
1n90obo,14,14.0,1.0,0
1n90obo,15,15.0,1.0,0
1n90obo,16,16.0,0.0,0
1n90obo,17,17.0,0.0,0
1n90obo,18,18.0,1.0,0
1n90obo,19,19.0,0.0,0
1n90obo,20,20.0,1.0,0
1n90obo,21,21.0,0.0,0
1n90obo,22,22.0,0.0,0
1n90obo,23,23.0,0.0,0
1n90obo,24,24.0,-1.0,0
1n90obo,25,25.0,0.0,0
1n90obo,26,26.0,-1.0,0
1n90obo,27,27.0,1.0,0
1n90obo,28,28.0,0.0,0
1n90obo,29,29.0,0.0,0
1n90obo,30,30.0,0.0,0
1n90obo,31,31.0,0.0,0
1n90obo,32,32.0,1.0,0
1n90obo,33,33.0,1.0,0
1n90obo,34,34.0,1.0,0
1n90obo,35,35.0,-1.0,0
1n90obo,36,36.0,1.0,0
1n90obo,37,37.0,1.0,0
1n90obo,38,38.0,-1.0,0
1n90obo,39,39.0,0.0,0
1n90obo,40,40.0,0.0,0
1n90obo,41,41.0,0.0,0
1n90obo,42,42.0,1.0,0
1n90obo,43,43.0,0.0,0
1n90obo,44,44.0,0.0,0
1n90obo,45,45.0,0.0,0
1n90obo,46,46.0,1.0,0
1n90obo,47,47.0,1.0,0
1n90obo,48,48.0,1.0,0
1n90obo,49,49.0,0.0,0
1n90obo,50,50.0,0.0,0
1n90obo,51,51.0,0.0,0
1n90obo,52,52.0,0.0,0
1n90obo,53,53.0,1.0,0
1n90obo,54,54.0,0.0,0
1n90obo,55,55.0,-1.0,0
1n90obo,56,56.0,0.0,0
1n90obo,57,57.0,0.0,0
1n90obo,58,58.0,-1.0,0
1n90obo,59,59.0,0.0,0
1n90obo,60,60.0,-1.0,0
1n98x9p,0,,,0.0
1n9bt2i,0,0.0,0.0,0
1n9bt2i,1,1.0,-1.0,0
1n9bt2i,2,2.0,1.0,0
1n9bt2i,3,3.0,0.0,0
1n9bt2i,4,4.0,0.0,0
1navutk,0,0.0,-1.0,0
1navutk,1,1.0,-1.0,0
1navutk,2,2.0,0.0,0
1navutk,3,4.0,0.0,0
1navutk,4,5.0,-1.0,0
1navutk,5,6.0,1.0,0
1navutk,6,7.0,0.0,0
1navutk,7,8.0,0.0,0
1navutk,8,10.0,1.0,0
1navutk,9,11.0,-1.0,0
1navutk,10,12.0,-1.0,0
1navutk,11,13.0,0.0,0
1navutk,12,14.0,0.0,0
1navutk,13,15.0,0.0,0
1navutk,14,16.0,0.0,0
1navutk,15,17.0,0.0,0
1navutk,16,18.0,0.0,0
1navutk,17,19.0,0.0,0
1navutk,18,20.0,0.0,0
1navutk,19,21.0,0.0,0
1navutk,20,22.0,-1.0,0
1navutk,21,23.0,-1.0,0
1navutk,22,24.0,0.0,0
1navutk,23,25.0,0.0,0
1navutk,24,26.0,0.0,0
1navutk,25,27.0,0.0,0
1navutk,26,28.0,-1.0,0
1navutk,27,29.0,0.0,0
1navutk,28,30.0,-1.0,0
1navutk,29,31.0,0.0,0
1navutk,30,32.0,0.0,0
1navutk,31,33.0,-1.0,0
1navutk,32,34.0,0.0,0
1navutk,33,35.0,0.0,0
1navutk,34,36.0,0.0,0
1navutk,35,37.0,0.0,0
1navutk,36,38.0,1.0,0
1navutk,37,39.0,0.0,0
1navutk,38,40.0,0.0,0
1navutk,39,41.0,0.0,0
1navutk,40,42.0,-1.0,0
1navutk,41,43.0,-1.0,0
1navutk,42,44.0,0.0,0
1navutk,43,45.0,-1.0,0
1navutk,44,46.0,-1.0,0
1navutk,45,47.0,0.0,0
1navutk,46,48.0,0.0,0
1navutk,47,49.0,0.0,0
1navutk,48,50.0,0.0,0
1navutk,49,51.0,1.0,0
1navutk,50,52.0,0.0,0
1navutk,51,53.0,1.0,0
1navutk,52,54.0,0.0,0
1navutk,53,55.0,1.0,0
1navutk,54,56.0,0.0,0
1navutk,55,57.0,-1.0,0
1navutk,56,58.0,1.0,0
1navutk,57,59.0,0.0,0
1navutk,58,60.0,0.0,0
1navutk,59,61.0,0.0,0
1navutk,60,62.0,1.0,0
1navutk,61,63.0,0.0,0
1navutk,62,64.0,0.0,0
1navutk,63,65.0,0.0,0
1navutk,64,66.0,0.0,0
1navutk,65,67.0,0.0,0
1navutk,66,68.0,0.0,0
1navutk,67,69.0,0.0,0
1navutk,68,70.0,0.0,0
1navutk,69,71.0,0.0,0
1navutk,70,72.0,0.0,0
1navutk,71,73.0,0.0,0
1navutk,72,74.0,1.0,0
1navutk,73,75.0,-1.0,0
1navutk,74,76.0,0.0,0
1navutk,75,77.0,0.0,0
1navutk,76,78.0,0.0,0
1navutk,77,79.0,1.0,0
1navutk,78,80.0,-1.0,0
1navutk,79,81.0,0.0,0
1navutk,80,82.0,-1.0,0
1navutk,81,83.0,0.0,0
1navutk,82,84.0,0.0,0
1navutk,83,85.0,-1.0,0
1navutk,84,86.0,0.0,0
1navutk,85,87.0,0.0,0
1navutk,86,88.0,0.0,0
1navutk,87,89.0,0.0,0
1navutk,88,90.0,-1.0,0
1navutk,89,91.0,0.0,0
1navutk,90,92.0,-1.0,0
1navutk,91,93.0,0.0,0
1nd5492,0,0.0,0.0,0
1nd5492,1,1.0,1.0,0
1nd5492,2,2.0,1.0,0
1nd5492,3,3.0,1.0,0
1nd5492,4,4.0,0.0,0
1nd5492,5,5.0,1.0,0
1nd5492,6,6.0,1.0,0
1nd5492,7,7.0,0.0,0
1nd5492,8,8.0,0.0,0
1nd5492,9,9.0,1.0,0
1nd5492,10,10.0,-1.0,0
1nd5492,11,11.0,-1.0,0
1nd5492,12,12.0,0.0,0
1nd5492,13,13.0,0.0,0
1nd5492,14,14.0,1.0,0
1nd5492,15,15.0,-1.0,0
1nd5492,16,16.0,-1.0,0
1nd5492,17,17.0,0.0,0
1nd5492,18,18.0,0.0,0
1nd5492,19,19.0,1.0,0
1nd5492,20,20.0,1.0,0
1nd5492,21,21.0,-1.0,0
1nd5492,22,22.0,0.0,0
1nd5492,23,23.0,1.0,0
1nd5492,24,24.0,1.0,0
1nd5492,25,25.0,1.0,0
1nd5492,26,26.0,0.0,0
1nd5492,27,27.0,0.0,0
1nd5492,28,28.0,0.0,0
1nd5492,29,29.0,0.0,0
1nd5492,30,30.0,0.0,0
1nd5492,31,31.0,0.0,0
1nd5492,32,32.0,-1.0,0
1nd5492,33,33.0,1.0,0
1nd5492,34,34.0,1.0,0
1nd5492,35,35.0,0.0,0
1nd5492,36,36.0,0.0,0
1nd5492,37,37.0,0.0,0
1nd5492,38,38.0,0.0,0
1nd5492,39,39.0,-1.0,0
1nd5492,40,40.0,1.0,0
1nd5492,41,41.0,1.0,0
1nd5492,42,42.0,1.0,0
1nd5492,43,43.0,1.0,0
1nd5492,44,44.0,0.0,0
1nd5492,45,45.0,-1.0,0
1nd5492,46,46.0,0.0,0
1nd5492,47,47.0,0.0,0
1nd5492,48,48.0,0.0,0
1nd5492,49,49.0,0.0,0
1nd5492,50,50.0,1.0,0
1nfp1ha,0,0.0,0.0,0
1nfp1ha,1,1.0,-1.0,0
1nfp1ha,2,2.0,-1.0,0
1nfp1ha,3,3.0,0.0,0
1nfp1ha,4,4.0,-1.0,0
1nfp1ha,5,5.0,-1.0,0
1nfp1ha,6,6.0,-1.0,0
1nfp1ha,7,7.0,0.0,0
1nfp1ha,8,8.0,0.0,0
1nfp1ha,9,9.0,0.0,0
1nfp1ha,10,10.0,1.0,0
1nfp1ha,11,11.0,0.0,0
1nfp1ha,12,12.0,0.0,0
1nfp1ha,13,13.0,0.0,0
1nfp1ha,14,14.0,0.0,0
1nfp1ha,15,15.0,-1.0,0
1nfp1ha,16,16.0,0.0,0
1nfp1ha,17,17.0,0.0,0
1nfp1ha,18,18.0,0.0,0
1nfp1ha,19,19.0,0.0,0
1nfp1ha,20,20.0,0.0,0
1nfp1ha,21,21.0,-1.0,0
1nfp1ha,22,22.0,0.0,0
1nfp1ha,23,23.0,0.0,0
1nfp1ha,24,24.0,0.0,0
1nfp1ha,25,25.0,-1.0,0
1nfp1ha,26,26.0,0.0,0
1nfp1ha,27,27.0,-1.0,0
1nfp1ha,28,28.0,0.0,0
1nfp1ha,29,29.0,-1.0,0
1nfp1ha,30,30.0,0.0,0
1nfp1ha,31,31.0,0.0,0
1nfp1ha,32,32.0,0.0,0
1nfp1ha,33,33.0,0.0,0
1nfp1ha,34,34.0,0.0,0
1nfp1ha,35,35.0,0.0,0
1nfp1ha,36,36.0,0.0,0
1nfp1ha,37,37.0,0.0,0
1nfp1ha,38,38.0,0.0,0
1nfp1ha,39,39.0,1.0,0
1nfp1ha,40,40.0,1.0,0
1nfp1ha,41,41.0,1.0,0
1nfp1ha,42,42.0,1.0,0
1nfp1ha,43,43.0,1.0,0
1nfp1ha,44,44.0,1.0,0
1nfp1ha,45,45.0,0.0,0
1nfp1ha,46,46.0,1.0,0
1nfp1ha,47,47.0,1.0,0
1nfp1ha,48,48.0,1.0,0
1nfp1ha,49,49.0,1.0,0
1nfp1ha,50,50.0,-1.0,0
1nfp1ha,51,51.0,-1.0,0
1nfp1ha,52,52.0,-1.0,0
1nfp1ha,53,53.0,-1.0,0
1nfp1ha,54,54.0,0.0,0
1nfp1ha,55,55.0,0.0,0
1nfp1ha,56,56.0,1.0,0
1nfp1ha,57,57.0,1.0,0
1nfp1ha,58,58.0,1.0,0
1nfp1ha,59,59.0,-1.0,0
1nfp1ha,60,60.0,-1.0,0
1nfp1ha,61,61.0,-1.0,0
1nfp1ha,62,62.0,0.0,0
1nfp1ha,63,63.0,0.0,0
1nfp1ha,64,64.0,1.0,0
1nfp1ha,65,65.0,1.0,0
1nfp1ha,66,66.0,1.0,0
1nfp1ha,67,67.0,1.0,0
1nfp1ha,68,68.0,1.0,0
1nfp1ha,69,69.0,0.0,0
1nfp1ha,70,70.0,0.0,0
1nfp1ha,71,71.0,0.0,0
1nfp1ha,72,72.0,1.0,0
1nfp1ha,73,73.0,0.0,0
1nfp1ha,74,74.0,0.0,0
1nfp1ha,75,75.0,0.0,0
1nfp1ha,76,76.0,1.0,0
1nfp1ha,77,77.0,0.0,0
1nfp1ha,78,78.0,0.0,0
1nfp1ha,79,79.0,0.0,0
1nfp1ha,80,80.0,0.0,0
1nfp1ha,81,81.0,-1.0,0
1nfp1ha,82,82.0,0.0,0
1ngri3s,0,0.0,0.0,0
1ngri3s,1,1.0,-1.0,0
1ngri3s,2,2.0,0.0,0
1ngri3s,3,3.0,0.0,0
1ngri3s,4,4.0,-1.0,0
1ngri3s,5,5.0,1.0,0
1ngri3s,6,6.0,0.0,0
1ngri3s,7,7.0,0.0,0
1ngri3s,8,8.0,0.0,0
1ngri3s,9,9.0,-1.0,0
1ngri3s,10,10.0,-1.0,0
1ngri3s,11,11.0,0.0,0
1ngri3s,12,12.0,0.0,0
1ngri3s,13,13.0,0.0,0
1ngri3s,14,14.0,-1.0,0
1ngri3s,15,15.0,-1.0,0
1ngri3s,16,16.0,-1.0,0
1ngri3s,17,17.0,0.0,0
1ngri3s,18,18.0,0.0,0
1ngri3s,19,19.0,-1.0,0
1ngri3s,20,20.0,0.0,0
1ngri3s,21,21.0,0.0,0
1ngri3s,22,22.0,-1.0,0
1ngri3s,23,23.0,1.0,0
1ngri3s,24,24.0,0.0,0
1ngri3s,25,25.0,1.0,0
1ngri3s,26,26.0,0.0,0
1ngri3s,27,27.0,0.0,0
1ngri3s,28,28.0,0.0,0
1ngri3s,29,29.0,0.0,0
1ngri3s,30,30.0,0.0,0
1ngri3s,31,31.0,0.0,0
1ngri3s,32,32.0,1.0,0
1ngri3s,33,33.0,0.0,0
1ngri3s,34,34.0,1.0,0
1ngri3s,35,35.0,-1.0,0
1ngri3s,36,36.0,-1.0,0
1ngri3s,37,37.0,0.0,0
1ngri3s,38,38.0,0.0,0
1ngri3s,39,39.0,0.0,0
1ngri3s,40,40.0,0.0,0
1ngri3s,41,41.0,0.0,0
1ngri3s,42,42.0,0.0,0
1ngri3s,43,43.0,0.0,0
1ngri3s,44,44.0,0.0,0
1ngri3s,45,45.0,-1.0,0
1ngri3s,46,46.0,-1.0,0
1ngri3s,47,47.0,1.0,0
1ngri3s,48,48.0,-1.0,0
1ngri3s,49,49.0,0.0,0
1ngri3s,50,50.0,0.0,0
1ngri3s,51,51.0,-1.0,0
1ngri3s,52,52.0,0.0,0
1ngri3s,53,53.0,1.0,0
1ngri3s,54,54.0,0.0,0
1ngri3s,55,55.0,1.0,0
1ngri3s,56,56.0,-1.0,0
1ngri3s,57,57.0,0.0,0
1ngri3s,58,58.0,0.0,0
1ngri3s,59,59.0,0.0,0
1ngri3s,60,60.0,0.0,0
1ngri3s,61,61.0,-1.0,0
1ngri3s,62,62.0,0.0,0
1ngri3s,63,63.0,1.0,0
1ngri3s,64,64.0,1.0,0
1ngri3s,65,65.0,-1.0,0
1ngri3s,66,66.0,0.0,0
1ngri3s,67,67.0,0.0,0
1ngri3s,68,68.0,0.0,0
1ngri3s,69,69.0,-1.0,0
1ngri3s,70,70.0,0.0,0
1ngri3s,71,71.0,0.0,0
1ngri3s,72,72.0,1.0,0
1ngri3s,73,73.0,0.0,0
1ngri3s,74,74.0,-1.0,0
1ngri3s,75,75.0,-1.0,0
1ngri3s,76,76.0,0.0,0
1ngri3s,77,77.0,0.0,0
1ngri3s,78,78.0,-1.0,0
1ngri3s,79,79.0,0.0,0
1ngri3s,80,80.0,0.0,0
1ngri3s,81,81.0,0.0,0
1ngri3s,82,82.0,0.0,0
1ngri3s,83,83.0,0.0,0
1ngri3s,84,84.0,0.0,0
1ngri3s,85,85.0,0.0,0
1ngri3s,86,86.0,1.0,0
1ngri3s,87,87.0,0.0,0
1ngri3s,88,88.0,1.0,0
1ngri3s,89,89.0,-1.0,0
1ngri3s,90,90.0,-1.0,0
1ngri3s,91,91.0,0.0,0
1ngri3s,92,92.0,0.0,0
1ngri3s,93,93.0,0.0,0
1ngri3s,94,94.0,0.0,0
1ngri3s,95,95.0,0.0,0
1ngri3s,96,96.0,1.0,0
1ngri3s,97,97.0,0.0,0
1ngri3s,98,98.0,0.0,0
1ngri3s,99,99.0,1.0,0
1ngri3s,100,100.0,1.0,0
1ngri3s,101,101.0,0.0,0
1ngri3s,102,102.0,0.0,0
1ngri3s,103,103.0,-1.0,0
1ngri3s,104,104.0,-1.0,0
1ngri3s,105,105.0,-1.0,0
1ngri3s,106,106.0,-1.0,0
1ngri3s,107,107.0,0.0,0
1ngri3s,108,108.0,0.0,0
1ngri3s,109,109.0,0.0,0
1ngri3s,110,110.0,0.0,0
1ngri3s,111,111.0,-1.0,0
1ngri3s,112,112.0,1.0,0
1ngri3s,113,113.0,0.0,0
1ngri3s,114,114.0,0.0,0
1ngri3s,115,115.0,0.0,0
1ngri3s,116,116.0,0.0,0
1ngri3s,117,117.0,0.0,0
1ngri3s,118,118.0,0.0,0
1ngri3s,119,119.0,0.0,0
1ngri3s,120,120.0,1.0,0
1ngri3s,121,121.0,0.0,0
1ngri3s,122,122.0,0.0,0
1ngri3s,123,123.0,0.0,0
1ngri3s,124,124.0,0.0,0
1ngri3s,125,125.0,0.0,0
1ngri3s,126,126.0,-1.0,0
1ngri3s,127,127.0,-1.0,0
1ngri3s,128,128.0,0.0,0
1ngri3s,129,129.0,0.0,0
1ngri3s,130,130.0,-1.0,0
1ngri3s,131,131.0,0.0,0
1ngri3s,132,132.0,0.0,0
1ngri3s,133,133.0,1.0,0
1ngri3s,134,134.0,0.0,0
1ngri3s,135,135.0,1.0,0
1ngri3s,136,136.0,0.0,0
1ngri3s,137,137.0,0.0,0
1ngri3s,138,138.0,0.0,0
1ngri3s,139,139.0,0.0,0
1ngri3s,140,140.0,0.0,0
1ngri3s,141,141.0,0.0,0
1ngri3s,142,142.0,0.0,0
1ngri3s,143,143.0,0.0,0
1ngri3s,144,144.0,1.0,0
1ngri3s,145,145.0,-1.0,0
1ngri3s,146,146.0,0.0,0
1ngri3s,147,147.0,0.0,0
1ngri3s,148,148.0,0.0,0
1ngri3s,149,149.0,0.0,0
1ngri3s,150,150.0,0.0,0
1ngri3s,151,151.0,-1.0,0
1ngri3s,152,152.0,1.0,0
1ngri3s,153,153.0,1.0,0
1ngri3s,154,154.0,0.0,0
1ngri3s,155,155.0,-1.0,0
1ngri3s,156,156.0,0.0,0
1ngri3s,157,157.0,0.0,0
1ngri3s,158,158.0,0.0,0
1ngri3s,159,159.0,0.0,0
1ngri3s,160,160.0,0.0,0
1ngri3s,161,161.0,0.0,0
1ngri3s,162,162.0,0.0,0
1ngri3s,163,163.0,0.0,0
1ngri3s,164,164.0,0.0,0
1ngri3s,165,165.0,0.0,0
1ngri3s,166,166.0,0.0,0
1ngri3s,167,167.0,0.0,0
1ngri3s,168,168.0,0.0,0
1ngri3s,169,169.0,0.0,0
1ngri3s,170,170.0,0.0,0
1ngri3s,171,171.0,0.0,0
1ngri3s,172,172.0,0.0,0
1ngri3s,173,173.0,0.0,0
1ngri3s,174,174.0,1.0,0
1ngri3s,175,175.0,1.0,0
1ngri3s,176,176.0,0.0,0
1ngri3s,177,177.0,0.0,0
1ngri3s,178,178.0,0.0,0
1ngri3s,179,179.0,0.0,0
1ngri3s,180,180.0,0.0,0
1ngri3s,181,181.0,0.0,0
1ngri3s,182,182.0,0.0,0
1ngri3s,183,183.0,0.0,0
1ngri3s,184,184.0,1.0,0
1ngri3s,185,185.0,0.0,0
1ngri3s,186,186.0,1.0,0
1ngri3s,187,187.0,1.0,0
1ngri3s,188,188.0,1.0,0
1ngri3s,189,189.0,0.0,0
1ngri3s,190,190.0,0.0,0
1ngri3s,191,191.0,0.0,0
1ngri3s,192,192.0,-1.0,0
1ngri3s,193,193.0,0.0,0
1ngri3s,194,194.0,0.0,0
1ngxb2z,0,0.0,-1.0,0
1ngxb2z,1,1.0,-1.0,0
1ngxb2z,2,2.0,0.0,0
1ngxb2z,3,3.0,-1.0,0
1ngxb2z,4,4.0,0.0,0
1ngxb2z,5,5.0,0.0,0
1ngxb2z,6,6.0,0.0,0
1ngxb2z,7,7.0,-1.0,0
1ngxb2z,8,8.0,0.0,0
1ngxb2z,9,9.0,0.0,0
1ngxb2z,10,10.0,0.0,0
1ngxb2z,11,11.0,0.0,0
1ngxb2z,12,12.0,-1.0,0
1ngxb2z,13,13.0,-1.0,0
1ngxb2z,14,14.0,0.0,0
1ngxb2z,15,15.0,0.0,0
1ngxb2z,16,16.0,0.0,0
1ngxb2z,17,17.0,0.0,0
1ngxb2z,18,18.0,0.0,0
1ngxb2z,19,19.0,0.0,0
1ngxb2z,20,20.0,-1.0,0
1ngxb2z,21,21.0,0.0,0
1ngxb2z,22,22.0,0.0,0
1ngxb2z,23,23.0,0.0,0
1ngxb2z,24,24.0,-1.0,0
1ngxb2z,25,25.0,-1.0,0
1ngxb2z,26,26.0,0.0,0
1ngxb2z,27,27.0,0.0,0
1ngxb2z,28,28.0,-1.0,0
1ngxb2z,29,29.0,0.0,0
1ngxb2z,30,30.0,-1.0,0
1ngxb2z,31,31.0,-1.0,0
1ngxb2z,32,32.0,-1.0,0
1ngxb2z,33,33.0,0.0,0
1ngxb2z,34,34.0,0.0,0
1ngxb2z,35,35.0,-1.0,0
1ngxb2z,36,36.0,-1.0,0
1ngxb2z,37,37.0,-1.0,0
1ngxb2z,38,38.0,0.0,0
1ngxb2z,39,39.0,0.0,0
1ngxb2z,40,40.0,0.0,0
1ngxb2z,41,41.0,0.0,0
1ngzkwi,0,2.0,0.0,0
1ngzkwi,1,3.0,1.0,0
1ngzkwi,2,4.0,1.0,0
1ngzkwi,3,5.0,0.0,0
1ngzkwi,4,6.0,1.0,0
1ngzkwi,5,7.0,1.0,0
1ngzkwi,6,8.0,1.0,0
1ngzkwi,7,9.0,0.0,0
1ngzkwi,8,10.0,1.0,0
1ngzkwi,9,11.0,0.0,0
1ngzkwi,10,12.0,0.0,0
1ngzkwi,11,13.0,1.0,0
1ngzkwi,12,14.0,-1.0,0
1ngzkwi,13,15.0,0.0,0
1ngzkwi,14,16.0,0.0,0
1ngzkwi,15,17.0,0.0,0
1ngzkwi,16,18.0,0.0,0
1ngzkwi,17,19.0,0.0,0
1ngzkwi,18,20.0,0.0,0
1ngzkwi,19,21.0,0.0,0
1ngzkwi,20,22.0,1.0,0
1ngzkwi,21,23.0,1.0,0
1nhs0wo,0,0.0,1.0,0
1nhs0wo,1,1.0,1.0,0
1nhs0wo,2,2.0,0.0,0
1nhs0wo,3,3.0,1.0,0
1nhs0wo,4,4.0,0.0,0
1nhs0wo,5,5.0,1.0,0
1nhs0wo,6,6.0,0.0,0
1nhs0wo,7,7.0,0.0,0
1nhs0wo,8,8.0,0.0,0
1nhs0wo,9,9.0,1.0,0
1nhs0wo,10,10.0,1.0,0
1nhs0wo,11,11.0,1.0,0
1nhs0wo,12,12.0,0.0,0
1nhs0wo,13,13.0,0.0,0
1nhs0wo,14,14.0,0.0,0
1nhs0wo,15,15.0,0.0,0
1nhs0wo,16,16.0,0.0,0
1nhs0wo,17,17.0,1.0,0
1nhs0wo,18,18.0,1.0,0
1nhs0wo,19,19.0,0.0,0
1nhs0wo,20,20.0,0.0,0
1nhs0wo,21,21.0,0.0,0
1nhs0wo,22,22.0,0.0,0
1nhs0wo,23,23.0,1.0,0
1nhs0wo,24,24.0,0.0,0
1nhs0wo,25,25.0,0.0,0
1nhs0wo,26,26.0,1.0,0
1nhs0wo,27,27.0,1.0,0
1nhs0wo,28,28.0,1.0,0
1nhs0wo,29,29.0,0.0,0
1nhs0wo,30,30.0,1.0,0
1nhs0wo,31,31.0,0.0,0
1nhs0wo,32,32.0,1.0,0
1nhs0wo,33,33.0,1.0,0
1nhs0wo,34,34.0,0.0,0
1nhs0wo,35,35.0,0.0,0
1nhs0wo,36,36.0,0.0,0
1nhs0wo,37,37.0,0.0,0
1nhs0wo,38,38.0,0.0,0
1nhs0wo,39,39.0,0.0,0
1nhs0wo,40,40.0,1.0,0
1nhs0wo,41,41.0,0.0,0
1nhs0wo,42,42.0,0.0,0
1nhs0wo,43,43.0,0.0,0
1nhs0wo,44,44.0,1.0,0
1nhs0wo,45,45.0,0.0,0
1nhs0wo,46,46.0,1.0,0
1nhs0wo,47,47.0,1.0,0
1nhs0wo,48,48.0,0.0,0
1nhs0wo,49,49.0,-1.0,0
1nhs0wo,50,50.0,0.0,0
1nhs0wo,51,51.0,-1.0,0
1nhs0wo,52,52.0,1.0,0
1nhs0wo,53,53.0,1.0,0
1nhs0wo,54,54.0,1.0,0
1nhs0wo,55,55.0,0.0,0
1nhs0wo,56,56.0,0.0,0
1nhs0wo,57,57.0,0.0,0
1nhs0wo,58,58.0,0.0,0
1nhs0wo,59,59.0,0.0,0
1nhs0wo,60,60.0,0.0,0
1nhs0wo,61,61.0,0.0,0
1nhs0wo,62,62.0,0.0,0
1nhs0wo,63,63.0,0.0,0
1nhs0wo,64,64.0,0.0,0
1nhs0wo,65,65.0,0.0,0
1nhs0wo,66,66.0,0.0,0
1nhs0wo,67,67.0,1.0,0
1nhs0wo,68,68.0,1.0,0
1nhs0wo,69,69.0,1.0,0
1nhs0wo,70,70.0,1.0,0
1nhs0wo,71,71.0,0.0,0
1nhs0wo,72,72.0,0.0,0
1nhs0wo,73,73.0,1.0,0
1nhs0wo,74,74.0,-1.0,0
1nhs0wo,75,75.0,0.0,0
1nhs0wo,76,76.0,0.0,0
1nhs0wo,77,77.0,-1.0,0
1nhs0wo,78,78.0,-1.0,0
1nhs0wo,79,79.0,1.0,0
1nhs0wo,80,80.0,-1.0,0
1nhs0wo,81,81.0,1.0,0
1nhs0wo,82,82.0,1.0,0
1nhs0wo,83,83.0,-1.0,0
1nhs0wo,84,84.0,-1.0,0
1nhs0wo,85,85.0,0.0,0
1nhs0wo,86,86.0,0.0,0
1nhs0wo,87,87.0,0.0,0
1nhs0wo,88,88.0,0.0,0
1nhs0wo,89,89.0,0.0,0
1nhs0wo,90,90.0,-1.0,0
1nhs0wo,91,91.0,-1.0,0
1nhs0wo,92,92.0,0.0,0
1nhs0wo,93,93.0,0.0,0
1nhs0wo,94,94.0,0.0,0
1nhs0wo,95,95.0,1.0,0
1nhs0wo,96,96.0,0.0,0
1nhs0wo,97,97.0,-1.0,0
1nhs0wo,98,98.0,0.0,0
1nhs0wo,99,99.0,1.0,0
1nhs0wo,100,100.0,0.0,0
1nhs0wo,101,101.0,1.0,0
1nhs0wo,102,102.0,0.0,0
1nhs0wo,103,103.0,0.0,0
1nhs0wo,104,104.0,1.0,0
1nhs0wo,105,105.0,1.0,0
1nhs0wo,106,106.0,0.0,0
1nhs0wo,107,107.0,1.0,0
1nhs0wo,108,108.0,0.0,0
1njm1w7,0,0.0,0.0,0
1njm1w7,1,1.0,0.0,0
1njm1w7,2,2.0,0.0,0
1njm1w7,3,3.0,1.0,0
1njm1w7,4,4.0,-1.0,0
1njm1w7,5,5.0,1.0,0
1njm1w7,6,6.0,1.0,0
1njm1w7,7,7.0,1.0,0
1njm1w7,8,8.0,0.0,0
1njm1w7,9,9.0,-1.0,0
1njm1w7,10,10.0,0.0,0
1njm1w7,11,11.0,0.0,0
1njm1w7,12,12.0,-1.0,0
1njm1w7,13,13.0,0.0,0
1njm1w7,14,14.0,-1.0,0
1njm1w7,15,15.0,0.0,0
1njm1w7,16,16.0,1.0,0
1njm1w7,17,17.0,1.0,0
1njm1w7,18,18.0,0.0,0
1njm1w7,19,19.0,1.0,0
1njm1w7,20,20.0,1.0,0
1njm1w7,21,21.0,1.0,0
1njm1w7,22,22.0,1.0,0
1njm1w7,23,23.0,1.0,0
1njm1w7,24,24.0,1.0,0
1njm1w7,25,25.0,1.0,0
1njm1w7,26,26.0,1.0,0
1njm1w7,27,27.0,1.0,0
1njm1w7,28,28.0,0.0,0
1njm1w7,29,29.0,1.0,0
1njm1w7,30,30.0,0.0,0
1njm1w7,31,31.0,0.0,0
1njm1w7,32,32.0,0.0,0
1njm1w7,33,33.0,0.0,0
1njm1w7,34,34.0,0.0,0
1njm1w7,35,35.0,0.0,0
1njqnfw,0,0.0,0.0,0
1njqnfw,1,1.0,0.0,0
1njqnfw,2,2.0,0.0,0
1njqnfw,3,3.0,0.0,0
1njqnfw,4,4.0,0.0,0
1njqnfw,5,5.0,0.0,0
1njqnfw,6,6.0,0.0,0
1njqnfw,7,7.0,0.0,0
1njqnfw,8,8.0,0.0,0
1njqnfw,9,9.0,-1.0,0
1njqnfw,10,10.0,0.0,0
1njqnfw,11,11.0,0.0,0
1njqnfw,12,12.0,0.0,0
1njqnfw,13,13.0,0.0,0
1njqnfw,14,14.0,0.0,0
1njqnfw,15,15.0,-1.0,0
1njqnfw,16,16.0,0.0,0
1njqnfw,17,17.0,0.0,0
1njqnfw,18,18.0,0.0,0
1njqnfw,19,19.0,0.0,0
1njqnfw,20,20.0,0.0,0
1njqnfw,21,21.0,0.0,0
1njqnfw,22,22.0,0.0,0
1njqnfw,23,23.0,0.0,0
1njqnfw,24,24.0,0.0,0
1njqnfw,25,25.0,0.0,0
1njqnfw,26,26.0,0.0,0
1njqnfw,27,27.0,0.0,0
1njqnfw,28,28.0,0.0,0
1njqnfw,29,29.0,0.0,0
1njqnfw,30,30.0,0.0,0
1nkvkh8,0,0.0,-1.0,0
1nkvkh8,1,1.0,0.0,0
1nkvkh8,2,2.0,1.0,0
1nkvkh8,3,3.0,0.0,0
1nkvkh8,4,4.0,-1.0,0
1nkvkh8,5,5.0,1.0,0
1nkvkh8,6,6.0,0.0,0
1nkvkh8,7,7.0,1.0,0
1nkvkh8,8,8.0,0.0,0
1nkvkh8,9,9.0,-1.0,0
1nkvkh8,10,10.0,0.0,0
1nkvkh8,11,11.0,0.0,0
1nkvkh8,12,12.0,0.0,0
1nkvkh8,13,13.0,-1.0,0
1nkvkh8,14,14.0,0.0,0
1nkvkh8,15,15.0,-1.0,0
1nkvkh8,16,16.0,1.0,0
1nkvkh8,17,17.0,0.0,0
1nkvkh8,18,18.0,0.0,0
1nkvkh8,19,19.0,0.0,0
1nkvkh8,20,20.0,0.0,0
1nkvkh8,21,21.0,-1.0,0
1nkvkh8,22,22.0,1.0,0
1nkvkh8,23,23.0,1.0,0
1nkvkh8,24,24.0,-1.0,0
1nkvkh8,25,25.0,0.0,0
1nkvkh8,26,26.0,0.0,0
1nkvkh8,27,27.0,0.0,0
1nkvkh8,28,28.0,0.0,0
1nkvkh8,29,29.0,1.0,0
1nkvkh8,30,30.0,0.0,0
1nkvkh8,31,31.0,0.0,0
1nkvkh8,32,32.0,1.0,0
1nkvkh8,33,33.0,1.0,0
1nkvkh8,34,34.0,1.0,0
1nkvkh8,35,35.0,0.0,0
1nkvkh8,36,36.0,0.0,0
1nkvkh8,37,37.0,-1.0,0
1nkvkh8,38,38.0,1.0,0
1nkvkh8,39,39.0,1.0,0
1nkvkh8,40,40.0,1.0,0
1nkvkh8,41,41.0,0.0,0
1nkvkh8,42,42.0,1.0,0
1nkvkh8,43,43.0,0.0,0
1nkvkh8,44,44.0,0.0,0
1nkvkh8,45,45.0,-1.0,0
1nkvkh8,46,46.0,1.0,0
1nkvkh8,47,47.0,1.0,0
1nkvkh8,48,48.0,1.0,0
1nkvkh8,49,49.0,1.0,0
1nkvkh8,50,50.0,1.0,0
1nkvkh8,51,51.0,1.0,0
1nkvkh8,52,52.0,0.0,0
1nkvkh8,53,53.0,0.0,0
1nkvkh8,54,54.0,-1.0,0
1nkvkh8,55,55.0,0.0,0
1nkvkh8,56,56.0,1.0,0
1nkvkh8,57,57.0,0.0,0
1nkvkh8,58,58.0,0.0,0
1nkvkh8,59,59.0,0.0,0
1nkvkh8,60,60.0,1.0,0
1nkvkh8,61,61.0,1.0,0
1nkvkh8,62,62.0,1.0,0
1nkvkh8,63,63.0,1.0,0
1nkvkh8,64,64.0,1.0,0
1nl340p,0,0.0,0.0,0
1nl340p,1,1.0,0.0,0
1nl340p,2,2.0,0.0,0
1nl340p,3,3.0,0.0,0
1nl340p,4,4.0,-1.0,0
1nlb7cw,0,0.0,0.0,0
1nlb7cw,1,1.0,0.0,0
1nlb7cw,2,2.0,0.0,0
1nlb7cw,3,3.0,0.0,0
1nlb7cw,4,4.0,1.0,0
1nlb7cw,5,5.0,0.0,0
1nlb7cw,6,6.0,1.0,0
1nlb7cw,7,7.0,1.0,0
1nlb7cw,8,8.0,0.0,0
1nlb7cw,9,9.0,0.0,0
1nlb7cw,10,10.0,0.0,0
1nlb7cw,11,11.0,0.0,0
1nlb7cw,12,12.0,0.0,0
1nlb7cw,13,13.0,0.0,0
1nlb7cw,14,14.0,0.0,0
1nlb7cw,15,15.0,0.0,0
1nlb7cw,16,16.0,0.0,0
1nlb7cw,17,17.0,0.0,0
1nlb7cw,18,18.0,0.0,0
1nlb7cw,19,19.0,0.0,0
1nlb7cw,20,20.0,0.0,0
1nlb7cw,21,21.0,0.0,0
1nlb7cw,22,22.0,0.0,0
1nlb7cw,23,23.0,0.0,0
1nlb7cw,24,24.0,0.0,0
1nlb7cw,25,25.0,0.0,0
1nlb7cw,26,26.0,0.0,0
1nlb7cw,27,27.0,0.0,0
1nlb7cw,28,28.0,0.0,0
1nlb7cw,29,29.0,0.0,0
1nlb7cw,30,30.0,0.0,0
1nlb7cw,31,31.0,0.0,0
1nlb7cw,32,32.0,0.0,0
1nlb7cw,33,33.0,0.0,0
1nlb7cw,34,34.0,0.0,0
1nlb7cw,35,35.0,0.0,0
1nlb7cw,36,36.0,0.0,0
1nlb7cw,37,37.0,0.0,0
1nlb7cw,38,38.0,0.0,0
1nlb7cw,39,39.0,0.0,0
1nlb7cw,40,40.0,0.0,0
1nlb7cw,41,41.0,0.0,0
1nlb7cw,42,42.0,0.0,0
1nlb7cw,43,43.0,0.0,0
1nlb7cw,44,44.0,0.0,0
1nlb7cw,45,45.0,0.0,0
1nlb7cw,46,46.0,0.0,0
1nlb7cw,47,47.0,0.0,0
1nlb7cw,48,48.0,0.0,0
1nlb7cw,49,49.0,0.0,0
1nlb7cw,50,50.0,0.0,0
1nlb7cw,51,51.0,0.0,0
1nlb7cw,52,52.0,0.0,0
1nlb7cw,53,53.0,0.0,0
1nlb7cw,54,54.0,0.0,0
1nlb7cw,55,55.0,0.0,0
1nqsvr8,0,0.0,-1.0,0
1nqsvr8,1,1.0,0.0,0
1nqsvr8,2,2.0,0.0,0
1nqsvr8,3,3.0,-1.0,0
1nqsvr8,4,4.0,0.0,0
1nqsvr8,5,5.0,-1.0,0
1nqsvr8,6,6.0,0.0,0
1nqsvr8,7,7.0,0.0,0
1nqsvr8,8,8.0,0.0,0
1nqsvr8,9,9.0,0.0,0
1nqsvr8,10,10.0,0.0,0
1nqsvr8,11,11.0,0.0,0
1nqsvr8,12,12.0,0.0,0
1nqsvr8,13,13.0,1.0,0
1nqsvr8,14,14.0,1.0,0
1nqsvr8,15,15.0,0.0,0
1nqsvr8,16,16.0,0.0,0
1nqsvr8,17,17.0,-1.0,0
1nqsvr8,18,18.0,0.0,0
1nqsvr8,19,19.0,-1.0,0
1nqsvr8,20,20.0,0.0,0
1nqsvr8,21,21.0,-1.0,0
1nqsvr8,22,22.0,-1.0,0
1nqsvr8,23,23.0,1.0,0
1nqsvr8,24,24.0,-1.0,0
1nqsvr8,25,25.0,0.0,0
1nqsvr8,26,26.0,0.0,0
1nqsvr8,27,27.0,1.0,0
1nqsvr8,28,28.0,0.0,0
1nqsvr8,29,29.0,0.0,0
1nqsvr8,30,30.0,0.0,0
1nqsvr8,31,31.0,-1.0,0
1nqsvr8,32,32.0,-1.0,0
1nqsvr8,33,33.0,0.0,0
1nqsvr8,34,34.0,0.0,0
1nqsvr8,35,35.0,0.0,0
1nqsvr8,36,36.0,0.0,0
1nqsvr8,37,37.0,0.0,0
1nqsvr8,38,38.0,0.0,0
1nqsvr8,39,39.0,0.0,0
1nqsvr8,40,40.0,0.0,0
1nqsvr8,41,41.0,0.0,0
1nqsvr8,42,42.0,0.0,0
1nqsvr8,43,43.0,-1.0,0
1nqsvr8,44,44.0,0.0,0
1nqsvr8,45,45.0,0.0,0
1nqsvr8,46,46.0,-1.0,0
1nqsvr8,47,47.0,0.0,0
1nqsvr8,48,48.0,-1.0,0
1nqsvr8,49,49.0,0.0,0
1nqsvr8,50,50.0,0.0,0
1nqsvr8,51,51.0,0.0,0
1nqsvr8,52,52.0,0.0,0
1nqsvr8,53,53.0,0.0,0
1nqsvr8,54,54.0,0.0,0
1nqsvr8,55,55.0,1.0,0
1nqsvr8,56,56.0,1.0,0
1nqsvr8,57,57.0,0.0,0
1nqsvr8,58,58.0,0.0,0
1nqsvr8,59,59.0,0.0,0
1nqsvr8,60,60.0,-1.0,0
1nqsvr8,61,61.0,0.0,0
1nqsvr8,62,62.0,0.0,0
1nqsvr8,63,63.0,0.0,0
1nqsvr8,64,64.0,0.0,0
1nqsvr8,65,65.0,-1.0,0
1nqsvr8,66,66.0,-1.0,0
1nqsvr8,67,67.0,-1.0,0
1nqsvr8,68,68.0,0.0,0
1nqsvr8,69,69.0,1.0,0
1nqsvr8,70,70.0,0.0,0
1nqsvr8,71,71.0,-1.0,0
1nqsvr8,72,72.0,0.0,0
1nqsvr8,73,73.0,0.0,0
1nqsvr8,74,74.0,0.0,0
1nqsvr8,75,75.0,0.0,0
1nqsvr8,76,76.0,0.0,0
1nqsvr8,77,77.0,-1.0,0
1nqsvr8,78,78.0,0.0,0
1nqsvr8,79,79.0,-1.0,0
1nqsvr8,80,80.0,0.0,0
1nqsvr8,81,81.0,0.0,0
1nqsvr8,82,82.0,0.0,0
1nqsvr8,83,83.0,1.0,0
1nqsvr8,84,84.0,-1.0,0
1nqsvr8,85,85.0,1.0,0
1nqsvr8,86,86.0,1.0,0
1nqsvr8,87,87.0,0.0,0
1nqsvr8,88,88.0,0.0,0
1nqsvr8,89,89.0,0.0,0
1nqsvr8,90,90.0,0.0,0
1nqsvr8,91,91.0,0.0,0
1nqsvr8,92,92.0,0.0,0
1nqsvr8,93,93.0,0.0,0
1nqsvr8,94,94.0,-1.0,0
1nqsvr8,95,95.0,0.0,0
1nqsvr8,96,96.0,1.0,0
1nqsvr8,97,97.0,-1.0,0
1nqsvr8,98,98.0,-1.0,0
1nqsvr8,99,99.0,0.0,0
1nqsvr8,100,100.0,0.0,0
1nqsvr8,101,101.0,0.0,0
1nqsvr8,102,102.0,0.0,0
1nqsvr8,103,103.0,0.0,0
1nqsvr8,104,104.0,0.0,0
1nqsvr8,105,105.0,0.0,0
1nqsvr8,106,106.0,-1.0,0
1nqsvr8,107,107.0,-1.0,0
1nqsvr8,108,108.0,0.0,0
1nqsvr8,109,109.0,0.0,0
1nqsvr8,110,110.0,1.0,0
1nqsvr8,111,111.0,0.0,0
1nqsvr8,112,112.0,0.0,0
1nqsvr8,113,113.0,0.0,0
1nqsvr8,114,114.0,0.0,0
1nqsvr8,115,115.0,0.0,0
1nqsvr8,116,116.0,0.0,0
1nqsvr8,117,117.0,0.0,0
1nqsvr8,118,118.0,0.0,0
1nqsvr8,119,119.0,0.0,0
1nqsvr8,120,120.0,0.0,0
1nqsvr8,121,121.0,0.0,0
1nqsvr8,122,122.0,0.0,0
1nqsvr8,123,123.0,0.0,0
1nqsvr8,124,124.0,0.0,0
1nqsvr8,125,125.0,0.0,0
1nqsvr8,126,126.0,1.0,0
1nqsvr8,127,127.0,-1.0,0
1nqsvr8,128,128.0,0.0,0
1nqsvr8,129,129.0,0.0,0
1nqsvr8,130,130.0,0.0,0
1nqsvr8,131,131.0,0.0,0
1nqsvr8,132,132.0,0.0,0
1nqsvr8,133,133.0,1.0,0
1nqsvr8,134,134.0,1.0,0
1nqsvr8,135,135.0,-1.0,0
1nqsvr8,136,136.0,0.0,0
1nqsvr8,137,137.0,0.0,0
1nqsvr8,138,138.0,0.0,0
1nqsvr8,139,139.0,-1.0,0
1nqsvr8,140,140.0,0.0,0
1nqsvr8,141,141.0,0.0,0
1nqsvr8,142,142.0,0.0,0
1nqsvr8,143,143.0,0.0,0
1nqsvr8,144,144.0,1.0,0
1nqsvr8,145,145.0,1.0,0
1nqsvr8,146,146.0,1.0,0
1nqsvr8,147,147.0,1.0,0
1nqsvr8,148,148.0,0.0,0
1nqsvr8,149,149.0,0.0,0
1nqsvr8,150,150.0,0.0,0
1nqsvr8,151,151.0,0.0,0
1nqsvr8,152,152.0,-1.0,0
1nqsvr8,153,153.0,1.0,0
1nqsvr8,154,154.0,-1.0,0
1nqsvr8,155,155.0,0.0,0
1nqsvr8,156,156.0,-1.0,0
1nqsvr8,157,157.0,-1.0,0
1nqsvr8,158,158.0,-1.0,0
1nqsvr8,159,159.0,1.0,0
1nqsvr8,160,160.0,1.0,0
1nqsvr8,161,161.0,-1.0,0
1nqsvr8,162,162.0,-1.0,0
1nqsvr8,163,163.0,-1.0,0
1nqsvr8,164,164.0,0.0,0
1nqsvr8,165,165.0,0.0,0
1nqsvr8,166,166.0,1.0,0
1nqsvr8,167,167.0,0.0,0
1nqsvr8,168,168.0,0.0,0
1nqsvr8,169,169.0,0.0,0
1nqsvr8,170,170.0,1.0,0
1nqsvr8,171,171.0,0.0,0
1nqsvr8,172,172.0,1.0,0
1nqsvr8,173,173.0,1.0,0
1nqsvr8,174,174.0,-1.0,0
1nqsvr8,175,175.0,0.0,0
1nqsvr8,176,176.0,-1.0,0
1nqsvr8,177,177.0,-1.0,0
1nqsvr8,178,178.0,-1.0,0
1nqsvr8,179,179.0,0.0,0
1nqsvr8,180,180.0,-1.0,0
1nqsvr8,181,181.0,-1.0,0
1nqsvr8,182,182.0,0.0,0
1nqsvr8,183,183.0,-1.0,0
1nqsvr8,184,184.0,1.0,0
1nqsvr8,185,185.0,0.0,0
1nqsvr8,186,186.0,-1.0,0
1nqsvr8,187,187.0,-1.0,0
1nqsvr8,188,188.0,-1.0,0
1nqsvr8,189,189.0,0.0,0
1nqsvr8,190,190.0,-1.0,0
1nqsvr8,191,191.0,0.0,0
1nqsvr8,192,192.0,0.0,0
1nqsvr8,193,193.0,0.0,0
1nqsvr8,194,194.0,-1.0,0
1nqsvr8,195,195.0,0.0,0
1nqsvr8,196,196.0,0.0,0
1nqsvr8,197,197.0,0.0,0
1nrrbd3,0,0.0,1.0,1
1nrrbd3,1,1.0,0.0,1
1nrrbd3,2,2.0,0.0,1
1nrrbd3,3,3.0,1.0,1
1nrrbd3,4,4.0,0.0,1
1nrrbd3,5,5.0,0.0,1
1nrrbd3,6,6.0,0.0,1
1nrrbd3,7,7.0,0.0,1
1nrrbd3,8,8.0,-1.0,1
1nrrbd3,9,9.0,0.0,1
1nrrbd3,10,10.0,0.0,1
1nrrbd3,11,11.0,0.0,1
1nrrbd3,12,12.0,-1.0,1
1nrrbd3,13,13.0,-1.0,1
1nrrbd3,14,14.0,1.0,1
1nrrbd3,15,15.0,0.0,1
1nrrbd3,16,16.0,1.0,1
1ns0z8v,0,0.0,1.0,0
1ns0z8v,1,1.0,0.0,0
1ns0z8v,2,2.0,1.0,0
1ns0z8v,3,3.0,0.0,0
1ns0z8v,4,4.0,0.0,0
1ns0z8v,5,5.0,0.0,0
1ns0z8v,6,6.0,1.0,0
1ns0z8v,7,7.0,1.0,0
1ns0z8v,8,8.0,1.0,0
1ns0z8v,9,9.0,0.0,0
1ns0z8v,10,10.0,0.0,0
1ns0z8v,11,11.0,1.0,0
1ns0z8v,12,12.0,1.0,0
1ns0z8v,13,13.0,1.0,0
1ns0z8v,14,14.0,1.0,0
1ns0z8v,15,15.0,0.0,0
1ns0z8v,16,16.0,1.0,0
1ns0z8v,17,17.0,0.0,0
1ns0z8v,18,18.0,1.0,0
1ns0z8v,19,19.0,0.0,0
1ns0z8v,20,20.0,0.0,0
1ns0z8v,21,21.0,0.0,0
1ns0z8v,22,22.0,1.0,0
1ns0z8v,23,23.0,0.0,0
1ns0z8v,24,24.0,1.0,0
1ns0z8v,25,25.0,0.0,0
1ns0z8v,26,26.0,1.0,0
1ns0z8v,27,27.0,1.0,0
1ns0z8v,28,28.0,1.0,0
1ns0z8v,29,29.0,1.0,0
1ns0z8v,30,30.0,1.0,0
1ns0z8v,31,31.0,0.0,0
1ns0z8v,32,32.0,0.0,0
1ns0z8v,33,33.0,0.0,0
1ns0z8v,34,34.0,1.0,0
1ns0z8v,35,35.0,0.0,0
1ns0z8v,36,36.0,0.0,0
1ns0z8v,37,37.0,0.0,0
1ns0z8v,38,38.0,0.0,0
1nv2g6z,0,0.0,-1.0,0
1nv2g6z,1,1.0,1.0,0
1nv2g6z,2,2.0,-1.0,0
1nv2g6z,3,3.0,-1.0,0
1nv2g6z,4,4.0,0.0,0
1nv2g6z,5,5.0,-1.0,0
1nv2g6z,6,6.0,-1.0,0
1nv2g6z,7,7.0,0.0,0
1nv2g6z,8,8.0,0.0,0
1nv2g6z,9,9.0,1.0,0
1nv2g6z,10,10.0,-1.0,0
1nv2g6z,11,11.0,0.0,0
1nv2g6z,12,12.0,0.0,0
1nv2g6z,13,13.0,0.0,0
1nv2g6z,14,14.0,0.0,0
1nv2g6z,15,15.0,0.0,0
1nv2g6z,16,16.0,0.0,0
1nv2g6z,17,17.0,0.0,0
1nv2g6z,18,18.0,0.0,0
1nv2g6z,19,19.0,0.0,0
1nv2g6z,20,20.0,0.0,0
1nv2g6z,21,21.0,0.0,0
1nv2g6z,22,22.0,0.0,0
1nv2g6z,23,23.0,-1.0,0
1nv2g6z,24,24.0,-1.0,0
1nv2g6z,25,25.0,1.0,0
1nv2g6z,26,26.0,0.0,0
1nv2g6z,27,27.0,0.0,0
1nv2g6z,28,28.0,0.0,0
1nv2g6z,29,29.0,0.0,0
1nv2g6z,30,30.0,0.0,0
1nv2g6z,31,31.0,1.0,0
1nv2g6z,32,32.0,0.0,0
1nv2g6z,33,33.0,-1.0,0
1nv2g6z,34,34.0,0.0,0
1nv2g6z,35,35.0,-1.0,0
1nv2g6z,36,36.0,1.0,0
1nv2g6z,37,37.0,0.0,0
1nv2g6z,38,38.0,0.0,0
1nv2g6z,39,39.0,-1.0,0
1nv2g6z,40,40.0,1.0,0
1nv2g6z,41,41.0,0.0,0
1nv2g6z,42,42.0,0.0,0
1nv2g6z,43,43.0,0.0,0
1nv2g6z,44,44.0,0.0,0
1nv2g6z,45,45.0,0.0,0
1nv2g6z,46,46.0,0.0,0
1nv2g6z,47,47.0,0.0,0
1nv2g6z,48,48.0,1.0,0
1nv2g6z,49,49.0,0.0,0
1nv2g6z,50,50.0,0.0,0
1nv9zla,0,0.0,-1.0,0
1nv9zla,1,1.0,1.0,0
1nv9zla,2,2.0,0.0,0
1nv9zla,3,3.0,0.0,0
1nv9zla,4,4.0,0.0,0
1nv9zla,5,5.0,0.0,0
1nv9zla,6,6.0,0.0,0
1nv9zla,7,7.0,0.0,0
1nv9zla,8,8.0,0.0,0
1nv9zla,9,9.0,-1.0,0
1nv9zla,10,10.0,0.0,0
1nv9zla,11,11.0,1.0,0
1nv9zla,12,12.0,0.0,0
1nv9zla,13,13.0,1.0,0
1nv9zla,14,14.0,0.0,0
1nv9zla,15,15.0,0.0,0
1nv9zla,16,16.0,0.0,0
1nv9zla,17,17.0,0.0,0
1nv9zla,18,18.0,0.0,0
1nv9zla,19,19.0,1.0,0
1nv9zla,20,20.0,0.0,0
1nv9zla,21,21.0,0.0,0
1nv9zla,22,22.0,0.0,0
1nv9zla,23,23.0,1.0,0
1nv9zla,24,24.0,0.0,0
1nv9zla,25,25.0,0.0,0
1nv9zla,26,26.0,0.0,0
1nv9zla,27,27.0,1.0,0
1nv9zla,28,28.0,0.0,0
1nv9zla,29,29.0,0.0,0
1nv9zla,30,30.0,0.0,0
1nvuio9,0,0.0,1.0,0
1nvuio9,1,1.0,1.0,0
1nvuio9,2,2.0,0.0,0
1nvuio9,3,3.0,1.0,0
1nvuio9,4,4.0,1.0,0
1nvuio9,5,5.0,1.0,0
1nvuio9,6,6.0,-1.0,0
1nvuio9,7,7.0,0.0,0
1nvuio9,8,8.0,-1.0,0
1nvuio9,9,9.0,0.0,0
1nvuio9,10,10.0,0.0,0
1nvuio9,11,11.0,0.0,0
1nvuio9,12,12.0,0.0,0
1nvuio9,13,13.0,0.0,0
1nvuio9,14,14.0,1.0,0
1nvuio9,15,15.0,1.0,0
1nvuio9,16,16.0,1.0,0
1nvuio9,17,17.0,1.0,0
1nvuio9,18,18.0,1.0,0
1nvuio9,19,19.0,0.0,0
1nvuio9,20,20.0,1.0,0
1nvuio9,21,21.0,0.0,0
1nvuio9,22,22.0,1.0,0
1nvuio9,23,23.0,0.0,0
1nvuio9,24,24.0,0.0,0
1nvuio9,25,25.0,1.0,0
1nvuio9,26,26.0,0.0,0
1nvuio9,27,27.0,1.0,0
1nvuio9,28,28.0,1.0,0
1nvuio9,29,29.0,1.0,0
1nvuio9,30,30.0,0.0,0
1nvuio9,31,31.0,0.0,0
1nvuio9,32,32.0,0.0,0
1nvuio9,33,33.0,0.0,0
1nvuio9,34,34.0,-1.0,0
1nvuio9,35,35.0,-1.0,0
1nvuio9,36,36.0,1.0,0
1nvuio9,37,37.0,0.0,0
1nvuio9,38,38.0,1.0,0
1nvuio9,39,39.0,1.0,0
1nvuio9,40,40.0,1.0,0
1nvuio9,41,41.0,0.0,0
1nvuio9,42,42.0,-1.0,0
1nvuio9,43,43.0,0.0,0
1nvuio9,44,44.0,0.0,0
1nvuio9,45,45.0,-1.0,0
1nvuio9,46,46.0,-1.0,0
1nvuio9,47,47.0,0.0,0
1nvuio9,48,48.0,0.0,0
1nvuio9,49,49.0,1.0,0
1nvuio9,50,50.0,-1.0,0
1nvuio9,51,51.0,1.0,0
1nvuio9,52,52.0,-1.0,0
1nvuio9,53,53.0,1.0,0
1nvuio9,54,54.0,-1.0,0
1nvuio9,55,55.0,0.0,0
1nvuio9,56,56.0,0.0,0
1nvuio9,57,57.0,0.0,0
1nvuio9,58,58.0,0.0,0
1nvuio9,59,59.0,-1.0,0
1nvuio9,60,60.0,0.0,0
1nvuio9,61,61.0,0.0,0
1nvuio9,62,62.0,0.0,0
1nvuio9,63,63.0,0.0,0
1nvuio9,64,64.0,0.0,0
1nvuio9,65,65.0,0.0,0
1nvuio9,66,66.0,0.0,0
1nvuio9,67,67.0,0.0,0
1nvuio9,68,68.0,0.0,0
1nvuio9,69,69.0,1.0,0
1nvuio9,70,70.0,-1.0,0
1nvuio9,71,71.0,-1.0,0
1nvuio9,72,72.0,0.0,0
1nvuio9,73,73.0,0.0,0
1nvuio9,74,74.0,0.0,0
1nvuio9,75,75.0,0.0,0
1nvuio9,76,76.0,0.0,0
1nvuio9,77,77.0,0.0,0
1nvuio9,78,78.0,1.0,0
1nvuio9,79,79.0,0.0,0
1nvuio9,80,80.0,0.0,0
1nvuio9,81,81.0,0.0,0
1nvuio9,82,82.0,0.0,0
1nvuio9,83,83.0,0.0,0
1nvuio9,84,84.0,0.0,0
1nvuio9,85,85.0,0.0,0
1nvuio9,86,86.0,-1.0,0
1nvuio9,87,87.0,1.0,0
1nvuio9,88,88.0,1.0,0
1nvuio9,89,89.0,1.0,0
1nvuio9,90,90.0,1.0,0
1nvuio9,91,91.0,1.0,0
1nvuio9,92,92.0,1.0,0
1nvuio9,93,93.0,0.0,0
1nvuio9,94,94.0,1.0,0
1nvuio9,95,95.0,1.0,0
1nvuio9,96,96.0,0.0,0
1nvuio9,97,97.0,0.0,0
1nvuio9,98,98.0,0.0,0
1nvuio9,99,99.0,0.0,0
1nvuio9,100,100.0,1.0,0
1nvuio9,101,101.0,0.0,0
1nvuio9,102,102.0,1.0,0
1nvuio9,103,103.0,0.0,0
1nvuio9,104,104.0,1.0,0
1nvuio9,105,105.0,1.0,0
1nvuio9,106,106.0,1.0,0
1nvuio9,107,107.0,1.0,0
1nvuio9,108,108.0,0.0,0
1nvuio9,109,109.0,1.0,0
1nvuio9,110,110.0,1.0,0
1nvuio9,111,111.0,1.0,0
1nvuio9,112,112.0,1.0,0
1nvuio9,113,113.0,0.0,0
1nvuio9,114,114.0,1.0,0
1nvuio9,115,115.0,1.0,0
1nvuio9,116,116.0,1.0,0
1nvuio9,117,117.0,1.0,0
1nvuio9,118,118.0,1.0,0
1nvuio9,119,119.0,1.0,0
1nw0bdk,0,0.0,0.0,0
1nw0bdk,1,1.0,0.0,0
1nw0bdk,2,2.0,0.0,0
1nw0bdk,3,3.0,0.0,0
1nw0bdk,4,4.0,0.0,0
1nw0bdk,5,5.0,0.0,0
1nw0bdk,6,6.0,0.0,0
1nw0bdk,7,7.0,0.0,0
1nw0bdk,8,8.0,0.0,0
1nw0bdk,9,9.0,0.0,0
1nw0bdk,10,10.0,0.0,0
1nw0bdk,11,11.0,0.0,0
1nw0bdk,12,12.0,0.0,0
1nw0bdk,13,13.0,0.0,0
1nw0bdk,14,14.0,0.0,0
1nw0bdk,15,15.0,0.0,0
1nw0bdk,16,16.0,0.0,0
1nw0bdk,17,17.0,0.0,0
1nw0bdk,18,18.0,0.0,0
1nw0bdk,19,19.0,-1.0,0
1nw0bdk,20,20.0,0.0,0
1nw0bdk,21,21.0,-1.0,0
1nw0bdk,22,22.0,0.0,0
1nw0bdk,23,23.0,0.0,0
1nw0bdk,24,24.0,0.0,0
1nw0bdk,25,25.0,0.0,0
1nw0bdk,26,26.0,0.0,0
1nw0bdk,27,27.0,0.0,0
1nw0bdk,28,28.0,0.0,0
1nw0bdk,29,29.0,0.0,0
1nw0bdk,30,30.0,0.0,0
1nw0bdk,31,31.0,0.0,0
1nw0bdk,32,32.0,0.0,0
1nw0bdk,33,33.0,-1.0,0
1nw0bdk,34,34.0,-1.0,0
1nw0bdk,35,35.0,0.0,0
1nw0bdk,36,36.0,0.0,0
1nw0bdk,37,37.0,0.0,0
1nw0bdk,38,38.0,0.0,0
1nw0bdk,39,39.0,0.0,0
1nw0bdk,40,40.0,0.0,0
1nw0bdk,41,41.0,0.0,0
1nw0bdk,42,42.0,0.0,0
1nw0bdk,43,43.0,0.0,0
1nw0bdk,44,44.0,0.0,0
1nw0bdk,45,45.0,0.0,0
1nw0bdk,46,46.0,0.0,0
1nw0bdk,47,47.0,0.0,0
1nw0bdk,48,48.0,0.0,0
1nw0bdk,49,49.0,1.0,0
1nw0bdk,50,50.0,0.0,0
1nw0bdk,51,51.0,0.0,0
1nw0bdk,52,52.0,1.0,0
1nw0bdk,53,53.0,1.0,0
1nw0bdk,54,54.0,0.0,0
1nw0bdk,55,55.0,0.0,0
1nw0bdk,56,56.0,0.0,0
1nw0bdk,57,57.0,0.0,0
1nw0bdk,58,58.0,0.0,0
1nw0bdk,59,59.0,0.0,0
1nw0bdk,60,60.0,0.0,0
1nw0bdk,61,61.0,0.0,0
1nw0bdk,62,62.0,0.0,0
1nw0bdk,63,63.0,0.0,0
1nw0bdk,64,64.0,0.0,0
1nw0bdk,65,65.0,0.0,0
1nw0bdk,66,66.0,0.0,0
1nw0bdk,67,67.0,0.0,0
1nw0bdk,68,68.0,0.0,0
1nw0bdk,69,69.0,0.0,0
1nw0bdk,70,70.0,0.0,0
1nw0bdk,71,71.0,0.0,0
1nw0bdk,72,72.0,0.0,0
1nw0bdk,73,73.0,0.0,0
1nw0bdk,74,74.0,0.0,0
1nw0bdk,75,75.0,0.0,0
1nxrz9d,0,0.0,0.0,0
1nxrz9d,1,1.0,1.0,0
1nxrz9d,2,2.0,-1.0,0
1nxrz9d,3,3.0,0.0,0
1nxrz9d,4,4.0,-1.0,0
1nxrz9d,5,5.0,1.0,0
1nxrz9d,6,6.0,1.0,0
1nxrz9d,7,7.0,0.0,0
1nxrz9d,8,8.0,0.0,0
1nxrz9d,9,9.0,-1.0,0
1nxrz9d,10,10.0,0.0,0
1nxrz9d,11,11.0,0.0,0
1nxrz9d,12,12.0,-1.0,0
1nxrz9d,13,13.0,-1.0,0
1nxrz9d,14,14.0,0.0,0
1nxrz9d,15,15.0,1.0,0
1nxrz9d,16,16.0,0.0,0
1nxrz9d,17,17.0,0.0,0
1nxrz9d,18,18.0,0.0,0
1nxrz9d,19,19.0,-1.0,0
1nxrz9d,20,20.0,-1.0,0
1nxrz9d,21,21.0,0.0,0
1nxrz9d,22,22.0,0.0,0
1nxrz9d,23,23.0,1.0,0
1nxrz9d,24,24.0,-1.0,0
1nxrz9d,25,25.0,1.0,0
1nxrz9d,26,26.0,0.0,0
1nxrz9d,27,27.0,-1.0,0
1nxrz9d,28,28.0,1.0,0
1nxrz9d,29,29.0,1.0,0
1nxrz9d,30,30.0,1.0,0
1nxrz9d,31,31.0,1.0,0
1nxrz9d,32,32.0,1.0,0
1nxrz9d,33,33.0,1.0,0
1nxrz9d,34,34.0,1.0,0
1ny6368,0,1.0,1.0,0
1ny6368,1,2.0,1.0,0
1ny6368,2,3.0,0.0,0
1ny6368,3,4.0,1.0,0
1ny6368,4,5.0,1.0,0
1ny6368,5,6.0,1.0,0
1ny6368,6,7.0,0.0,0
1ny6368,7,8.0,-1.0,0
1ny6368,8,9.0,0.0,0
1ny6368,9,10.0,-1.0,0
1ny6368,10,11.0,1.0,0
1ny6368,11,12.0,-1.0,0
1ny6368,12,13.0,-1.0,0
1ny6368,13,14.0,0.0,0
1ny6368,14,15.0,1.0,0
1ny6368,15,16.0,0.0,0
1ny6368,16,17.0,0.0,0
1ny6368,17,18.0,1.0,0
1ny6368,18,19.0,1.0,0
1ny6368,19,20.0,0.0,0
1ny6368,20,21.0,1.0,0
1ny6368,21,22.0,0.0,0
1ny6368,22,23.0,0.0,0
1ny6368,23,24.0,0.0,0
1ny6368,24,25.0,0.0,0
1ny6368,25,26.0,0.0,0
1ny6368,26,27.0,0.0,0
1ny6368,27,28.0,0.0,0
1ny6368,28,29.0,0.0,0
1ny6368,29,30.0,0.0,0
1ny6368,30,31.0,0.0,0
1ny6368,31,32.0,-1.0,0
1ny6368,32,33.0,0.0,0
1ny6368,33,34.0,0.0,0
1ny6368,34,35.0,0.0,0
1ny6368,35,36.0,-1.0,0
1ny6368,36,37.0,1.0,0
1ny6368,37,38.0,1.0,0
1ny6368,38,39.0,1.0,0
1ny6368,39,40.0,-1.0,0
1ny6368,40,41.0,1.0,0
1ny6368,41,42.0,-1.0,0
1ny6368,42,43.0,1.0,0
1ny6368,43,44.0,0.0,0
1ny6368,44,45.0,0.0,0
1ny6368,45,46.0,0.0,0
1ny6368,46,47.0,1.0,0
1ny6368,47,48.0,-1.0,0
1ny6368,48,49.0,0.0,0
1ny6368,49,50.0,0.0,0
1ny6368,50,51.0,0.0,0
1ny6368,51,52.0,0.0,0
1ny6368,52,53.0,0.0,0
1ny6368,53,54.0,1.0,0
1ny6368,54,55.0,0.0,0
1ny6368,55,56.0,0.0,0
1ny6368,56,57.0,0.0,0
1ny6368,57,58.0,0.0,0
1ny6368,58,59.0,0.0,0
1ny6368,59,60.0,0.0,0
1ny6368,60,61.0,0.0,0
1ny6368,61,62.0,0.0,0
1ny6368,62,63.0,0.0,0
1ny6368,63,64.0,1.0,0
1ny6368,64,65.0,0.0,0
1ny6368,65,66.0,1.0,0
1ny6368,66,67.0,0.0,0
1ny6368,67,68.0,0.0,0
1ny6368,68,69.0,0.0,0
1ny6368,69,70.0,0.0,0
1ny6368,70,71.0,0.0,0
1ny6368,71,72.0,1.0,0
1ny6368,72,73.0,-1.0,0
1ny6368,73,74.0,-1.0,0
1ny6368,74,75.0,-1.0,0
1ny6368,75,76.0,0.0,0
1ny6368,76,77.0,0.0,0
1ny6368,77,78.0,0.0,0
1ny6368,78,79.0,-1.0,0
1ny6368,79,80.0,-1.0,0
1ny6368,80,81.0,0.0,0
1ny6368,81,82.0,-1.0,0
1ny6368,82,83.0,0.0,0
1ny6368,83,84.0,0.0,0
1ny6368,84,85.0,0.0,0
1ny6368,85,86.0,-1.0,0
1ny6368,86,87.0,-1.0,0
1ny6368,87,88.0,1.0,0
1ny6368,88,89.0,0.0,0
1ny6368,89,90.0,0.0,0
1ny6368,90,91.0,0.0,0
1ny6368,91,92.0,0.0,0
1ny6368,92,93.0,0.0,0
1ny6368,93,94.0,0.0,0
1ny6368,94,95.0,0.0,0
1ny6368,95,96.0,0.0,0
1ny6368,96,97.0,0.0,0
1ny6368,97,98.0,0.0,0
1ny6368,98,99.0,1.0,0
1ny6368,99,100.0,0.0,0
1ny6368,100,101.0,1.0,0
1ny6368,101,102.0,-1.0,0
1ny6368,102,103.0,1.0,0
1ny6368,103,104.0,-1.0,0
1ny6368,104,105.0,0.0,0
1ny6368,105,106.0,0.0,0
1ny6368,106,107.0,0.0,0
1ny6368,107,108.0,0.0,0
1ny6368,108,109.0,0.0,0
1ny6368,109,110.0,0.0,0
1ny6368,110,111.0,1.0,0
1ny6368,111,112.0,-1.0,0
1ny6368,112,113.0,1.0,0
1ny6368,113,114.0,1.0,0
1ny6368,114,115.0,0.0,0
1ny6368,115,116.0,0.0,0
1ny6368,116,117.0,0.0,0
1ny6368,117,118.0,0.0,0
1ny6368,118,119.0,0.0,0
1ny6368,119,120.0,0.0,0
1ny6368,120,121.0,0.0,0
1ny6368,121,122.0,-1.0,0
1ny6368,122,123.0,0.0,0
1ny6368,123,124.0,0.0,0
1ny6368,124,125.0,0.0,0
1ny6368,125,126.0,1.0,0
1ny6368,126,127.0,0.0,0
1ny6368,127,128.0,-1.0,0
1o1k82l,0,0.0,-1.0,1
1o1k82l,1,1.0,0.0,1
1o1k82l,2,2.0,-1.0,1
1o1k82l,3,3.0,0.0,1
1o1k82l,4,4.0,0.0,1
1o1k82l,5,5.0,-1.0,1
1o1k82l,6,6.0,0.0,1
1o1k82l,7,7.0,0.0,1
1o1k82l,8,8.0,0.0,1
1o1k82l,9,9.0,0.0,1
1o1k82l,10,10.0,1.0,1
1o1k82l,11,11.0,1.0,1
1o1k82l,12,12.0,1.0,1
1o1k82l,13,13.0,1.0,1
1o1k82l,14,14.0,0.0,1
1o1k82l,15,15.0,0.0,1
1o1k82l,16,16.0,0.0,1
1o1k82l,17,17.0,-1.0,1
1o1k82l,18,18.0,0.0,1
1o1k82l,19,19.0,-1.0,1
1o1k82l,20,20.0,-1.0,1
1o1k82l,21,21.0,-1.0,1
1o1k82l,22,22.0,-1.0,1
1o1k82l,23,23.0,-1.0,1
1o1k82l,24,24.0,0.0,1
1o1k82l,25,25.0,-1.0,1
1o1k82l,26,26.0,0.0,1
1o1k82l,27,27.0,0.0,1
1o1k82l,28,28.0,0.0,1
1o1k82l,29,29.0,0.0,1
1o1k82l,30,30.0,1.0,1
1o1k82l,31,31.0,0.0,1
1o1k82l,32,32.0,1.0,1
1o1k82l,33,33.0,1.0,1
1o1k82l,34,34.0,-1.0,1
1o1k82l,35,35.0,1.0,1
1o1k82l,36,36.0,1.0,1
1o1k82l,37,37.0,1.0,1
1o1k82l,38,38.0,0.0,1
1o1k82l,39,39.0,1.0,1
1o1k82l,40,40.0,0.0,1
1o1k82l,41,41.0,0.0,1
1o1k82l,42,42.0,-1.0,1
1o1k82l,43,43.0,-1.0,1
1o1k82l,44,44.0,-1.0,1
1o1k82l,45,45.0,0.0,1
1o1k82l,46,46.0,0.0,1
1o1k82l,47,47.0,0.0,1
1o1k82l,48,48.0,0.0,1
1o1k82l,49,49.0,0.0,1
1o1mnyf,0,0.0,1.0,0
1o1mnyf,1,1.0,1.0,0
1o1mnyf,2,2.0,0.0,0
1o1mnyf,3,3.0,0.0,0
1o1mnyf,4,4.0,0.0,0
1o1mnyf,5,5.0,0.0,0
1o1mnyf,6,6.0,1.0,0
1o1mnyf,7,7.0,0.0,0
1o1mnyf,8,8.0,0.0,0
1o1mnyf,9,9.0,-1.0,0
1o1mnyf,10,10.0,0.0,0
1o1mnyf,11,11.0,0.0,0
1o1mnyf,12,12.0,0.0,0
1o1mnyf,13,13.0,0.0,0
1o1mnyf,14,14.0,0.0,0
1o1mnyf,15,15.0,0.0,0
1o1mnyf,16,16.0,0.0,0
1o1mnyf,17,17.0,0.0,0
1o1mnyf,18,18.0,0.0,0
1o1mnyf,19,19.0,0.0,0
1o1mnyf,20,20.0,0.0,0
1o1mnyf,21,21.0,0.0,0
1o1mnyf,22,22.0,0.0,0
1o1mnyf,23,23.0,0.0,0
1o1mnyf,24,24.0,0.0,0
1o1mnyf,25,25.0,0.0,0
1o1mnyf,26,26.0,0.0,0
1o1mnyf,27,27.0,0.0,0
1o1mnyf,28,28.0,0.0,0
1o1mnyf,29,29.0,0.0,0
1o1mnyf,30,30.0,0.0,0
1o1mnyf,31,31.0,0.0,0
1o1mnyf,32,32.0,0.0,0
1o1mnyf,33,33.0,-1.0,0
1o1mnyf,34,34.0,1.0,0
1o1mnyf,35,35.0,1.0,0
1o1mnyf,36,36.0,1.0,0
1o1mnyf,37,37.0,0.0,0
1o1mnyf,38,38.0,-1.0,0
1o1mnyf,39,39.0,-1.0,0
1o1mnyf,40,40.0,-1.0,0
1o1mnyf,41,41.0,1.0,0
1o1mnyf,42,42.0,0.0,0
1o1mnyf,43,43.0,1.0,0
1o1mnyf,44,44.0,0.0,0
1o1mnyf,45,45.0,1.0,0
1o1mnyf,46,46.0,1.0,0
1o1mnyf,47,47.0,1.0,0
1o1mnyf,48,48.0,1.0,0
1o1mnyf,49,49.0,1.0,0
1o4mnd8,0,0.0,0.0,0
1o4mnd8,1,1.0,-1.0,0
1o4mnd8,2,2.0,0.0,0
1o4mnd8,3,3.0,-1.0,0
1o4mnd8,4,4.0,-1.0,0
1o4mnd8,5,5.0,0.0,0
1o4mnd8,6,6.0,1.0,0
1o4mnd8,7,7.0,-1.0,0
1o4mnd8,8,8.0,0.0,0
1o4mnd8,9,9.0,0.0,0
1o4mnd8,10,10.0,1.0,0
1o4mnd8,11,11.0,1.0,0
1o4mnd8,12,12.0,0.0,0
1o4mnd8,13,13.0,1.0,0
1o4mnd8,14,14.0,1.0,0
1o4mnd8,15,15.0,1.0,0
1o4mnd8,16,16.0,1.0,0
1o4mnd8,17,17.0,0.0,0
1o4mnd8,18,18.0,-1.0,0
1o4mnd8,19,19.0,0.0,0
1o4mnd8,20,20.0,1.0,0
1o4mnd8,21,21.0,1.0,0
1o4mnd8,22,22.0,1.0,0
1o4mnd8,23,23.0,0.0,0
1o4mnd8,24,24.0,0.0,0
1o4mnd8,25,25.0,1.0,0
1o4mnd8,26,26.0,1.0,0
1o4mnd8,27,27.0,0.0,0
1o4mnd8,28,28.0,0.0,0
1o4mnd8,29,29.0,1.0,0
1o6rc2e,0,0.0,0.0,0
1o6rc2e,1,1.0,0.0,0
1o6rc2e,2,2.0,0.0,0
1o6rc2e,3,3.0,0.0,0
1o6rc2e,4,4.0,0.0,0
1o6rc2e,5,5.0,0.0,0
1o6rc2e,6,6.0,1.0,0
1o6rc2e,7,7.0,-1.0,0
1o6rc2e,8,8.0,1.0,0
1o6rc2e,9,9.0,-1.0,0
1o6rc2e,10,10.0,1.0,0
1o6rc2e,11,11.0,0.0,0
1o6rc2e,12,12.0,0.0,0
1o6rc2e,13,13.0,0.0,0
1o6rc2e,14,14.0,1.0,0
1o6rc2e,15,15.0,0.0,0
1o6rc2e,16,16.0,0.0,0
1o6rc2e,17,17.0,0.0,0
1o6rc2e,18,18.0,0.0,0
1o6rc2e,19,19.0,1.0,0
1o6rc2e,20,20.0,-1.0,0
1o6rc2e,21,21.0,1.0,0
1o6rc2e,22,22.0,0.0,0
1o6rc2e,23,23.0,0.0,0
1o6rc2e,24,24.0,0.0,0
1o6rc2e,25,25.0,0.0,0
1o6rc2e,26,26.0,0.0,0
1o6rc2e,27,27.0,-1.0,0
1o6rc2e,28,28.0,0.0,0
1o6rc2e,29,29.0,0.0,0
1o6rc2e,30,30.0,0.0,0
1o6rc2e,31,31.0,0.0,0
1o6rc2e,32,32.0,0.0,0
1o6rc2e,33,33.0,0.0,0
1o6rc2e,34,34.0,0.0,0
1o6rc2e,35,35.0,0.0,0
1o6rc2e,36,36.0,0.0,0
1o6rc2e,37,37.0,0.0,0
1o6rc2e,38,38.0,0.0,0
1o6rc2e,39,39.0,0.0,0
1o6rc2e,40,40.0,0.0,0
1o6rc2e,41,41.0,-1.0,0
1o6rc2e,42,42.0,1.0,0
1o6rc2e,43,43.0,0.0,0
1o6rc2e,44,44.0,0.0,0
1o6rc2e,45,45.0,-1.0,0
1o6rc2e,46,46.0,-1.0,0
1o6rc2e,47,47.0,-1.0,0
1o6rc2e,48,48.0,1.0,0
1o6rc2e,49,49.0,0.0,0
1o6rc2e,50,50.0,0.0,0
1o6rc2e,51,51.0,1.0,0
1o6rc2e,52,52.0,-1.0,0
1o6rc2e,53,53.0,-1.0,0
1o6rc2e,54,54.0,0.0,0
1o6rc2e,55,55.0,-1.0,0
1o6rc2e,56,56.0,-1.0,0
1o6rc2e,57,57.0,-1.0,0
1o6rc2e,58,58.0,-1.0,0
1o6rc2e,59,59.0,0.0,0
1o6rc2e,60,60.0,0.0,0
1o8athz,0,0.0,-1.0,0
1o8athz,1,1.0,0.0,0
1o8athz,2,2.0,0.0,0
1o8athz,3,3.0,0.0,0
1o8athz,4,4.0,0.0,0
1o8athz,5,5.0,-1.0,0
1o8athz,6,6.0,0.0,0
1o8athz,7,7.0,0.0,0
1o8athz,8,8.0,0.0,0
1o8athz,9,9.0,0.0,0
1o8athz,10,10.0,0.0,0
1o8athz,11,11.0,-1.0,0
1o8athz,12,12.0,1.0,0
1o8athz,13,13.0,-1.0,0
1o8athz,14,14.0,0.0,0
1o8dmdp,0,0.0,0.0,0
1o8dmdp,1,1.0,0.0,0
1o8dmdp,2,2.0,-1.0,0
1o8dmdp,3,3.0,0.0,0
1o8dmdp,4,4.0,-1.0,0
1o8dmdp,5,5.0,0.0,0
1o8dmdp,6,6.0,0.0,0
1o8dmdp,7,7.0,-1.0,0
1o8dmdp,8,8.0,0.0,0
1o8dmdp,9,9.0,-1.0,0
1o8dmdp,10,10.0,-1.0,0
1o8dmdp,11,11.0,-1.0,0
1o8dmdp,12,12.0,0.0,0
1o8dmdp,13,13.0,0.0,0
1o8dmdp,14,14.0,0.0,0
1o8dmdp,15,15.0,0.0,0
1o8dmdp,16,16.0,0.0,0
1o8dmdp,17,17.0,0.0,0
1o8dmdp,18,18.0,0.0,0
1o8dmdp,19,19.0,0.0,0
1o8dmdp,20,20.0,0.0,0
1o8dmdp,21,21.0,-1.0,0
1o8dmdp,22,22.0,0.0,0
1o8dmdp,23,23.0,0.0,0
1o8dmdp,24,24.0,1.0,0
1o8dmdp,25,25.0,0.0,0
1o8dmdp,26,26.0,0.0,0
1o8dmdp,27,27.0,0.0,0
1o8dmdp,28,28.0,1.0,0
1o8dmdp,29,29.0,-1.0,0
1o8dmdp,30,30.0,0.0,0
1o8dmdp,31,31.0,0.0,0
1o8dmdp,32,32.0,0.0,0
1o8dmdp,33,33.0,0.0,0
1o8dmdp,34,34.0,0.0,0
1o8dmdp,35,35.0,0.0,0
1o8dmdp,36,36.0,0.0,0
1o8dmdp,37,37.0,0.0,0
1o8dmdp,38,38.0,0.0,0
1o8dmdp,39,39.0,1.0,0
1o8dmdp,40,40.0,0.0,0
1o8dmdp,41,41.0,0.0,0
1o8dmdp,42,42.0,0.0,0
1o8dmdp,43,43.0,1.0,0
1o8dmdp,44,44.0,0.0,0
1obpfhr,0,0.0,1.0,0
1obpfhr,1,1.0,-1.0,0
1obpfhr,2,2.0,0.0,0
1obpfhr,3,3.0,1.0,0
1obpfhr,4,4.0,1.0,0
1obpfhr,5,5.0,-1.0,0
1obpfhr,6,6.0,0.0,0
1obpfhr,7,7.0,-1.0,0
1obpfhr,8,8.0,1.0,0
1obpfhr,9,9.0,-1.0,0
1obpfhr,10,10.0,1.0,0
1obpfhr,11,11.0,0.0,0
1obpfhr,12,12.0,-1.0,0
1obpfhr,13,13.0,1.0,0
1obpfhr,14,14.0,1.0,0
1obpfhr,15,15.0,-1.0,0
1obpfhr,16,16.0,0.0,0
1obpfhr,17,17.0,1.0,0
1obpfhr,18,18.0,0.0,0
1obpfhr,19,19.0,0.0,0
1obpfhr,20,20.0,1.0,0
1obpfhr,21,21.0,1.0,0
1obpfhr,22,22.0,-1.0,0
1obpfhr,23,23.0,1.0,0
1obpfhr,24,24.0,1.0,0
1obpfhr,25,25.0,0.0,0
1obpfhr,26,26.0,-1.0,0
1obpfhr,27,27.0,0.0,0
1obpfhr,28,28.0,0.0,0
1obpfhr,29,29.0,1.0,0
1obpfhr,30,30.0,0.0,0
1obpfhr,31,31.0,1.0,0
1obpfhr,32,32.0,1.0,0
1obpfhr,33,33.0,-1.0,0
1obpfhr,34,34.0,0.0,0
1obpfhr,35,35.0,1.0,0
1obpfhr,36,36.0,1.0,0
1obpfhr,37,37.0,1.0,0
1obpfhr,38,38.0,-1.0,0
1obpfhr,39,39.0,1.0,0
1obpfhr,40,40.0,1.0,0
1obpfhr,41,41.0,0.0,0
1obpfhr,42,42.0,1.0,0
1obpfhr,43,43.0,0.0,0
1obpfhr,44,44.0,1.0,0
1obpfhr,45,45.0,1.0,0
1obpfhr,46,46.0,1.0,0
1obpfhr,47,47.0,1.0,0
1ochwdj,0,0.0,0.0,0
1ochwdj,1,1.0,-1.0,0
1ochwdj,2,2.0,0.0,0
1ochwdj,3,3.0,-1.0,0
1ochwdj,4,4.0,-1.0,0
1ochwdj,5,5.0,1.0,0
1ochwdj,6,6.0,1.0,0
1ochwdj,7,7.0,-1.0,0
1ochwdj,8,8.0,1.0,0
1ochwdj,9,9.0,-1.0,0
1ochwdj,10,10.0,1.0,0
1ochwdj,11,11.0,-1.0,0
1ochwdj,12,12.0,1.0,0
1ochwdj,13,13.0,1.0,0
1ochwdj,14,14.0,-1.0,0
1ochwdj,15,15.0,1.0,0
1ochwdj,16,16.0,0.0,0
1ochwdj,17,17.0,1.0,0
1ochwdj,18,18.0,1.0,0
1ochwdj,19,19.0,1.0,0
1ochwdj,20,20.0,1.0,0
1ochwdj,21,21.0,-1.0,0
1ochwdj,22,22.0,1.0,0
1ochwdj,23,23.0,0.0,0
1ochwdj,24,24.0,1.0,0
1ochwdj,25,25.0,0.0,0
1ochwdj,26,26.0,0.0,0
1ochwdj,27,27.0,0.0,0
1ochwdj,28,28.0,0.0,0
1ochwdj,29,29.0,0.0,0
1ochwdj,30,30.0,-1.0,0
1ochwdj,31,31.0,0.0,0
1ochwdj,32,32.0,1.0,0
1ochwdj,33,33.0,0.0,0
1ochwdj,34,34.0,0.0,0
1ochwdj,35,35.0,0.0,0
1ochwdj,36,36.0,1.0,0
1ochwdj,37,37.0,-1.0,0
1ochwdj,38,38.0,-1.0,0
1ochwdj,39,39.0,-1.0,0
1ochwdj,40,40.0,1.0,0
1ochwdj,41,41.0,-1.0,0
1ochwdj,42,42.0,-1.0,0
1ochwdj,43,43.0,0.0,0
1ochwdj,44,44.0,1.0,0
1ochwdj,45,45.0,-1.0,0
1ochwdj,46,46.0,0.0,0
1ochwdj,47,47.0,0.0,0
1ochwdj,48,48.0,0.0,0
1ochwdj,49,49.0,1.0,0
1ochwdj,50,50.0,-1.0,0
1ochwdj,51,51.0,-1.0,0
1ochwdj,52,52.0,1.0,0
1ochwdj,53,53.0,1.0,0
1ochwdj,54,54.0,-1.0,0
1ochwdj,55,55.0,1.0,0
1ochwdj,56,56.0,1.0,0
1ochwdj,57,57.0,-1.0,0
1ochwdj,58,58.0,1.0,0
1ochwdj,59,59.0,1.0,0
1ochwdj,60,60.0,-1.0,0
1ochwdj,61,61.0,0.0,0
1ochwdj,62,62.0,0.0,0
1ochwdj,63,63.0,-1.0,0
1ochwdj,64,64.0,-1.0,0
1ochwdj,65,65.0,1.0,0
1ochwdj,66,66.0,0.0,0
1ochwdj,67,67.0,0.0,0
1ochwdj,68,68.0,0.0,0
1ochwdj,69,69.0,1.0,0
1ochwdj,70,70.0,0.0,0
1ochwdj,71,71.0,1.0,0
1ochwdj,72,72.0,0.0,0
1ochwdj,73,73.0,0.0,0
1ochwdj,74,74.0,1.0,0
1ochwdj,75,75.0,0.0,0
1ochwdj,76,76.0,1.0,0
1ochwdj,77,77.0,0.0,0
1ochwdj,78,78.0,0.0,0
1ochwdj,79,79.0,-1.0,0
1ochwdj,80,80.0,0.0,0
1ochwdj,81,81.0,-1.0,0
1ochwdj,82,82.0,1.0,0
1ochwdj,83,83.0,1.0,0
1ochwdj,84,84.0,0.0,0
1ochwdj,85,85.0,1.0,0
1ochwdj,86,86.0,0.0,0
1ochwdj,87,87.0,0.0,0
1ochwdj,88,88.0,0.0,0
1ochwdj,89,89.0,1.0,0
1ochwdj,90,90.0,-1.0,0
1ochwdj,91,91.0,0.0,0
1ochwdj,92,92.0,1.0,0
1ochwdj,93,93.0,1.0,0
1ochwdj,94,94.0,1.0,0
1ochwdj,95,95.0,1.0,0
1ochwdj,96,96.0,1.0,0
1ochwdj,97,97.0,0.0,0
1ochwdj,98,98.0,0.0,0
1ochwdj,99,99.0,0.0,0
1ochwdj,100,100.0,1.0,0
1ochwdj,101,101.0,0.0,0
1ochwdj,102,102.0,0.0,0
1ochwdj,103,103.0,0.0,0
1ochwdj,104,104.0,0.0,0
1ochwdj,105,105.0,0.0,0
1ochwdj,106,106.0,-1.0,0
1ochwdj,107,107.0,1.0,0
1ochwdj,108,108.0,-1.0,0
1ochwdj,109,109.0,-1.0,0
1ochwdj,110,110.0,0.0,0
1ochwdj,111,111.0,0.0,0
1ochwdj,112,112.0,-1.0,0
1ochwdj,113,113.0,0.0,0
1ochwdj,114,114.0,0.0,0
1ochwdj,115,115.0,1.0,0
1ochwdj,116,116.0,1.0,0
1ochwdj,117,117.0,-1.0,0
1ochwdj,118,118.0,0.0,0
1ochwdj,119,119.0,-1.0,0
1ochwdj,120,120.0,0.0,0
1ochwdj,121,121.0,-1.0,0
1ochwdj,122,122.0,1.0,0
1ochwdj,123,123.0,0.0,0
1ochwdj,124,124.0,0.0,0
1ochwdj,125,125.0,-1.0,0
1ochwdj,126,126.0,1.0,0
1ochwdj,127,127.0,1.0,0
1ochwdj,128,128.0,1.0,0
1ochwdj,129,129.0,0.0,0
1ochwdj,130,130.0,-1.0,0
1ochwdj,131,131.0,0.0,0
1ochwdj,132,132.0,1.0,0
1ochwdj,133,133.0,0.0,0
1ochwdj,134,134.0,0.0,0
1ochwdj,135,135.0,0.0,0
1ochwdj,136,136.0,0.0,0
1ochwdj,137,137.0,0.0,0
1ochwdj,138,138.0,0.0,0
1ochwdj,139,139.0,0.0,0
1ochwdj,140,140.0,0.0,0
1ochwdj,141,141.0,0.0,0
1ochwdj,142,142.0,0.0,0
1ochwdj,143,143.0,0.0,0
1ochwdj,144,144.0,0.0,0
1ochwdj,145,145.0,0.0,0
1ochwdj,146,146.0,0.0,0
1ochwdj,147,147.0,0.0,0
1ochwdj,148,148.0,-1.0,0
1ochwdj,149,149.0,0.0,0
1ochwdj,150,150.0,-1.0,0
1ochwdj,151,151.0,-1.0,0
1ochwdj,152,152.0,0.0,0
1ochwdj,153,153.0,0.0,0
1ochwdj,154,154.0,0.0,0
1ochwdj,155,155.0,0.0,0
1ochwdj,156,156.0,0.0,0
1ochwdj,157,157.0,-1.0,0
1ochwdj,158,158.0,0.0,0
1ochwdj,159,159.0,1.0,0
1ochwdj,160,160.0,0.0,0
1ochwdj,161,161.0,0.0,0
1ochwdj,162,162.0,0.0,0
1ochwdj,163,163.0,-1.0,0
1ochwdj,164,164.0,0.0,0
1ochwdj,165,165.0,1.0,0
1ochwdj,166,166.0,0.0,0
1ochwdj,167,167.0,0.0,0
1ochwdj,168,168.0,0.0,0
1ochwdj,169,169.0,1.0,0
1ochwdj,170,170.0,0.0,0
1ochwdj,171,171.0,0.0,0
1ochwdj,172,172.0,0.0,0
1ochwdj,173,173.0,0.0,0
1ochwdj,174,174.0,0.0,0
1ochwdj,175,175.0,1.0,0
1ochwdj,176,176.0,1.0,0
1ochwdj,177,177.0,0.0,0
1ochwdj,178,178.0,0.0,0
1ochwdj,179,179.0,0.0,0
1ochwdj,180,180.0,0.0,0
1ochwdj,181,181.0,0.0,0
1ochwdj,182,182.0,0.0,0
1ochwdj,183,183.0,1.0,0
1ochwdj,184,184.0,0.0,0
1ochwdj,185,185.0,1.0,0
1ochwdj,186,186.0,0.0,0
1ochwdj,187,187.0,0.0,0
1ochwdj,188,188.0,0.0,0
1ochwdj,189,189.0,0.0,0
1offyq5,0,0.0,0.0,0
1offyq5,1,1.0,0.0,0
1offyq5,2,2.0,0.0,0
1offyq5,3,3.0,0.0,0
1oftuzb,0,0.0,1.0,0
1oftuzb,1,1.0,-1.0,0
1oftuzb,2,2.0,1.0,0
1oftuzb,3,3.0,0.0,0
1oftuzb,4,4.0,0.0,0
1oftuzb,5,5.0,-1.0,0
1oftuzb,6,6.0,1.0,0
1oftuzb,7,7.0,0.0,0
1oftuzb,8,8.0,1.0,0
1oftuzb,9,9.0,0.0,0
1oftuzb,10,10.0,0.0,0
1oftuzb,11,11.0,-1.0,0
1oftuzb,12,12.0,-1.0,0
1oftuzb,13,13.0,0.0,0
1oftuzb,14,14.0,-1.0,0
1oftuzb,15,15.0,-1.0,0
1oftuzb,16,16.0,-1.0,0
1oftuzb,17,17.0,1.0,0
1oftuzb,18,18.0,0.0,0
1oftuzb,19,19.0,0.0,0
1oftuzb,20,20.0,0.0,0
1oftuzb,21,21.0,-1.0,0
1oftuzb,22,22.0,0.0,0
1oftuzb,23,23.0,0.0,0
1oftuzb,24,24.0,0.0,0
1oftuzb,25,25.0,-1.0,0
1oftuzb,26,26.0,-1.0,0
1oftuzb,27,27.0,-1.0,0
1oftuzb,28,28.0,0.0,0
1oftuzb,29,29.0,-1.0,0
1oftuzb,30,30.0,1.0,0
1oftuzb,31,31.0,0.0,0
1oftuzb,32,32.0,-1.0,0
1oftuzb,33,33.0,0.0,0
1oftuzb,34,34.0,0.0,0
1oftuzb,35,35.0,-1.0,0
1oftuzb,36,36.0,-1.0,0
1oftuzb,37,37.0,1.0,0
1oftuzb,38,38.0,1.0,0
1oftuzb,39,39.0,1.0,0
1oftuzb,40,40.0,1.0,0
1oftuzb,41,41.0,1.0,0
1oftuzb,42,42.0,1.0,0
1oftuzb,43,43.0,1.0,0
1oftuzb,44,44.0,0.0,0
1oftuzb,45,45.0,0.0,0
1oftuzb,46,46.0,0.0,0
1oftuzb,47,47.0,0.0,0
1oftuzb,48,48.0,0.0,0
1oftuzb,49,49.0,0.0,0
1oftuzb,50,50.0,0.0,0
1oftuzb,51,51.0,0.0,0
1oftuzb,52,52.0,0.0,0
1oftuzb,53,53.0,0.0,0
1oftuzb,54,54.0,0.0,0
1oftuzb,55,55.0,0.0,0
1oftuzb,56,56.0,0.0,0
1oftuzb,57,57.0,0.0,0
1oftuzb,58,58.0,0.0,0
1oftuzb,59,59.0,0.0,0
1oftuzb,60,60.0,0.0,0
1oftuzb,61,61.0,0.0,0
1ogd6m2,0,0.0,1.0,0
1ogd6m2,1,1.0,1.0,0
1ogd6m2,2,2.0,1.0,0
1ogd6m2,3,3.0,0.0,0
1ogd6m2,4,4.0,0.0,0
1ogd6m2,5,5.0,1.0,0
1ogd6m2,6,6.0,0.0,0
1ogd6m2,7,7.0,1.0,0
1ogd6m2,8,8.0,1.0,0
1ogd6m2,9,9.0,1.0,0
1ogd6m2,10,10.0,0.0,0
1ogd6m2,11,11.0,1.0,0
1ogd6m2,12,12.0,1.0,0
1ogd6m2,13,13.0,0.0,0
1ogd6m2,14,14.0,0.0,0
1ogd6m2,15,15.0,1.0,0
1ogd6m2,16,16.0,1.0,0
1ogd6m2,17,17.0,1.0,0
1ogd6m2,18,18.0,0.0,0
1ogd6m2,19,19.0,0.0,0
1ogd6m2,20,20.0,1.0,0
1ogd6m2,21,21.0,1.0,0
1ogd6m2,22,22.0,1.0,0
1ogd6m2,23,23.0,1.0,0
1ogd6m2,24,24.0,0.0,0
1ogd6m2,25,25.0,1.0,0
1ogd6m2,26,26.0,1.0,0
1ogd6m2,27,27.0,1.0,0
1ogd6m2,28,28.0,1.0,0
1ogd6m2,29,29.0,1.0,0
1ogd6m2,30,30.0,1.0,0
1ogd6m2,31,31.0,1.0,0
1ogd6m2,32,32.0,0.0,0
1ogd6m2,33,33.0,-1.0,0
1ogd6m2,34,34.0,-1.0,0
1ogd6m2,35,35.0,0.0,0
1ogd6m2,36,36.0,0.0,0
1ogd6m2,37,37.0,0.0,0
1ogd6m2,38,38.0,0.0,0
1ohmz2p,0,0.0,-1.0,0
1ohmz2p,1,1.0,1.0,0
1ohmz2p,2,2.0,-1.0,0
1ohmz2p,3,3.0,1.0,0
1ohmz2p,4,4.0,-1.0,0
1ohmz2p,5,5.0,-1.0,0
1ohmz2p,6,6.0,1.0,0
1ohmz2p,7,7.0,1.0,0
1ohmz2p,8,8.0,-1.0,0
1ohmz2p,9,9.0,-1.0,0
1ohmz2p,10,10.0,0.0,0
1ohmz2p,11,11.0,0.0,0
1ohmz2p,12,12.0,0.0,0
1ohmz2p,13,13.0,0.0,0
1ohmz2p,14,14.0,0.0,0
1ohmz2p,15,15.0,0.0,0
1ohmz2p,16,16.0,0.0,0
1ohmz2p,17,17.0,0.0,0
1ohmz2p,18,18.0,0.0,0
1ohmz2p,19,19.0,0.0,0
1ohmz2p,20,20.0,0.0,0
1ohmz2p,21,21.0,0.0,0
1ohmz2p,22,22.0,0.0,0
1ohmz2p,23,23.0,0.0,0
1ohmz2p,24,24.0,0.0,0
1ohmz2p,25,25.0,0.0,0
1ohmz2p,26,26.0,0.0,0
1ohmz2p,27,27.0,-1.0,0
1ohmz2p,28,28.0,1.0,0
1ohmz2p,29,29.0,1.0,0
1ohmz2p,30,30.0,-1.0,0
1ohmz2p,31,31.0,0.0,0
1ohmz2p,32,32.0,1.0,0
1ohmz2p,33,33.0,1.0,0
1ohmz2p,34,34.0,0.0,0
1ohmz2p,35,35.0,0.0,0
1ohmz2p,36,36.0,0.0,0
1ohmz2p,37,37.0,0.0,0
1ohmz2p,38,38.0,0.0,0
1ohmz2p,39,39.0,0.0,0
1ohmz2p,40,40.0,1.0,0
1ohmz2p,41,41.0,1.0,0
1ohmz2p,42,42.0,1.0,0
1ohmz2p,43,43.0,0.0,0
1ohmz2p,44,44.0,1.0,0
1ohmz2p,45,45.0,0.0,0
1ohmz2p,46,46.0,1.0,0
1ohmz2p,47,47.0,0.0,0
1ohmz2p,48,48.0,-1.0,0
1ohmz2p,49,49.0,1.0,0
1ohmz2p,50,50.0,0.0,0
1ohmz2p,51,51.0,0.0,0
1ohmz2p,52,52.0,0.0,0
1ohmz2p,53,53.0,1.0,0
1ohmz2p,54,54.0,0.0,0
1ohmz2p,55,55.0,0.0,0
1ohmz2p,56,56.0,-1.0,0
1ohmz2p,57,57.0,1.0,0
1ohmz2p,58,58.0,0.0,0
1ohmz2p,59,59.0,-1.0,0
1ohmz2p,60,60.0,-1.0,0
1ohmz2p,61,61.0,-1.0,0
1ohmz2p,62,62.0,-1.0,0
1ohmz2p,63,63.0,0.0,0
1ohmz2p,64,64.0,0.0,0
1ohmz2p,65,65.0,0.0,0
1ohmz2p,66,66.0,0.0,0
1ohmz2p,67,67.0,0.0,0
1ohmz2p,68,68.0,0.0,0
1ohmz2p,69,69.0,-1.0,0
1ohmz2p,70,70.0,0.0,0
1ohmz2p,71,71.0,0.0,0
1ohmz2p,72,72.0,0.0,0
1ohmz2p,73,73.0,0.0,0
1ohmz2p,74,74.0,1.0,0
1ohmz2p,75,75.0,0.0,0
1ohmz2p,76,76.0,0.0,0
1ohmz2p,77,77.0,0.0,0
1ohmz2p,78,78.0,0.0,0
1ohmz2p,79,79.0,-1.0,0
1ohmz2p,80,80.0,0.0,0
1ohmz2p,81,81.0,-1.0,0
1ohmz2p,82,82.0,-1.0,0
1ohmz2p,83,83.0,-1.0,0
1ohmz2p,84,84.0,0.0,0
1ohmz2p,85,85.0,0.0,0
1ohmz2p,86,86.0,0.0,0
1ohmz2p,87,87.0,0.0,0
1ohmz2p,88,88.0,0.0,0
1ohmz2p,89,89.0,0.0,0
1ohmz2p,90,90.0,1.0,0
1ohmz2p,91,91.0,1.0,0
1ohmz2p,92,92.0,1.0,0
1ohmz2p,93,93.0,-1.0,0
1ohmz2p,94,94.0,0.0,0
1ohmz2p,95,95.0,0.0,0
1ohmz2p,96,96.0,0.0,0
1ohmz2p,97,97.0,-1.0,0
1ohmz2p,98,98.0,1.0,0
1ohmz2p,99,99.0,1.0,0
1ohmz2p,100,100.0,1.0,0
1ohmz2p,101,101.0,1.0,0
1ohmz2p,102,102.0,1.0,0
1ohmz2p,103,103.0,0.0,0
1ohmz2p,104,104.0,0.0,0
1ohmz2p,105,105.0,0.0,0
1oi9k96,0,0.0,-1.0,0
1oi9k96,1,1.0,1.0,0
1oi9k96,2,2.0,-1.0,0
1oi9k96,3,3.0,0.0,0
1oi9k96,4,4.0,-1.0,0
1oi9k96,5,5.0,0.0,0
1oi9k96,6,6.0,0.0,0
1oi9k96,7,7.0,0.0,0
1oi9k96,8,8.0,0.0,0
1oi9k96,9,9.0,0.0,0
1oi9k96,10,10.0,0.0,0
1oi9k96,11,11.0,-1.0,0
1oi9k96,12,12.0,-1.0,0
1oi9k96,13,13.0,-1.0,0
1oi9k96,14,14.0,0.0,0
1oi9k96,15,15.0,0.0,0
1oi9k96,16,16.0,0.0,0
1oi9k96,17,17.0,0.0,0
1oi9k96,18,18.0,0.0,0
1oi9k96,19,19.0,-1.0,0
1oi9k96,20,20.0,0.0,0
1oi9k96,21,21.0,0.0,0
1oi9k96,22,22.0,-1.0,0
1oi9k96,23,23.0,-1.0,0
1oi9k96,24,24.0,-1.0,0
1oi9k96,25,25.0,-1.0,0
1oi9k96,26,26.0,-1.0,0
1oi9k96,27,27.0,-1.0,0
1oi9k96,28,28.0,0.0,0
1oi9k96,29,29.0,-1.0,0
1oi9k96,30,30.0,0.0,0
1oi9k96,31,31.0,-1.0,0
1oi9k96,32,32.0,0.0,0
1oi9k96,33,33.0,0.0,0
1oi9k96,34,34.0,0.0,0
1oi9k96,35,35.0,0.0,0
1oi9k96,36,36.0,0.0,0
1oi9k96,37,37.0,0.0,0
1oi9k96,38,38.0,0.0,0
1oi9k96,39,39.0,0.0,0
1oi9k96,40,40.0,-1.0,0
1oi9k96,41,41.0,-1.0,0
1oi9k96,42,42.0,0.0,0
1oi9k96,43,43.0,0.0,0
1oi9k96,44,44.0,0.0,0
1oi9k96,45,45.0,-1.0,0
1oi9k96,46,46.0,-1.0,0
1oi9k96,47,47.0,-1.0,0
1oi9k96,48,48.0,0.0,0
1oi9k96,49,49.0,0.0,0
1oi9k96,50,50.0,-1.0,0
1oi9k96,51,51.0,1.0,0
1oi9k96,52,52.0,-1.0,0
1oi9k96,53,53.0,0.0,0
1oi9k96,54,54.0,-1.0,0
1oi9k96,55,55.0,0.0,0
1oi9k96,56,56.0,1.0,0
1oi9k96,57,57.0,0.0,0
1oi9k96,58,58.0,0.0,0
1oi9k96,59,59.0,0.0,0
1oi9k96,60,60.0,0.0,0
1oi9k96,61,61.0,-1.0,0
1oi9k96,62,62.0,0.0,0
1oi9k96,63,63.0,-1.0,0
1oi9k96,64,64.0,-1.0,0
1oi9k96,65,65.0,-1.0,0
1oi9k96,66,66.0,0.0,0
1oi9k96,67,67.0,1.0,0
1oi9k96,68,68.0,0.0,0
1oi9k96,69,69.0,0.0,0
1oi9k96,70,70.0,-1.0,0
1oi9k96,71,71.0,-1.0,0
1oi9k96,72,72.0,-1.0,0
1oi9k96,73,73.0,-1.0,0
1oi9k96,74,74.0,-1.0,0
1oi9k96,75,75.0,0.0,0
1oi9k96,76,76.0,-1.0,0
1oi9k96,77,77.0,-1.0,0
1oi9k96,78,78.0,0.0,0
1oi9k96,79,79.0,-1.0,0
1oi9k96,80,80.0,-1.0,0
1oi9k96,81,81.0,1.0,0
1oi9k96,82,82.0,0.0,0
1oi9k96,83,83.0,0.0,0
1oi9k96,84,84.0,0.0,0
1oi9k96,85,85.0,0.0,0
1oi9k96,86,86.0,0.0,0
1oi9k96,87,87.0,0.0,0
1oi9k96,88,88.0,-1.0,0
1oi9k96,89,89.0,-1.0,0
1oi9k96,90,90.0,-1.0,0
1oi9k96,91,91.0,1.0,0
1oi9k96,92,92.0,-1.0,0
1oi9k96,93,93.0,1.0,0
1oi9k96,94,94.0,0.0,0
1oi9k96,95,95.0,0.0,0
1oi9k96,96,96.0,0.0,0
1oi9k96,97,97.0,-1.0,0
1oi9k96,98,98.0,1.0,0
1oi9k96,99,99.0,-1.0,0
1oi9k96,100,100.0,0.0,0
1oi9k96,101,101.0,1.0,0
1oi9k96,102,102.0,-1.0,0
1oi9k96,103,103.0,0.0,0
1oi9k96,104,104.0,1.0,0
1oi9k96,105,105.0,-1.0,0
1oi9k96,106,106.0,1.0,0
1oi9k96,107,107.0,-1.0,0
1oi9k96,108,108.0,-1.0,0
1oi9k96,109,109.0,-1.0,0
1oi9k96,110,110.0,-1.0,0
1oi9k96,111,111.0,-1.0,0
1oi9k96,112,112.0,0.0,0
1oi9k96,113,113.0,-1.0,0
1oi9k96,114,114.0,0.0,0
1oi9k96,115,115.0,0.0,0
1oi9k96,116,116.0,0.0,0
1oi9k96,117,117.0,0.0,0
1okbdp7,0,0.0,0.0,0
1okbdp7,1,1.0,0.0,0
1okbdp7,2,2.0,0.0,0
1okbdp7,3,3.0,0.0,0
1okbdp7,4,4.0,0.0,0
1okbdp7,5,5.0,-1.0,0
1okbdp7,6,6.0,-1.0,0
1okbdp7,7,7.0,0.0,0
1okbdp7,8,8.0,0.0,0
1okbdp7,9,9.0,-1.0,0
1okbdp7,10,10.0,0.0,0
1okbdp7,11,11.0,0.0,0
1okbdp7,12,12.0,0.0,0
1okbdp7,13,13.0,0.0,0
1okbdp7,14,14.0,0.0,0
1okbdp7,15,15.0,1.0,0
1okbdp7,16,16.0,0.0,0
1okbdp7,17,17.0,0.0,0
1okbdp7,18,18.0,0.0,0
1okbdp7,19,19.0,-1.0,0
1okbdp7,20,20.0,0.0,0
1okbdp7,21,21.0,0.0,0
1okbdp7,22,22.0,0.0,0
1okbdp7,23,23.0,0.0,0
1okbdp7,24,24.0,1.0,0
1okbdp7,25,25.0,1.0,0
1okbdp7,26,26.0,0.0,0
1okbdp7,27,27.0,0.0,0
1okbdp7,28,28.0,1.0,0
1okbdp7,29,29.0,1.0,0
1okbdp7,30,30.0,0.0,0
1okbdp7,31,31.0,-1.0,0
1okbdp7,32,32.0,-1.0,0
1okbdp7,33,33.0,-1.0,0
1okbdp7,34,34.0,0.0,0
1okbdp7,35,35.0,0.0,0
1okbdp7,36,36.0,0.0,0
1okbdp7,37,37.0,0.0,0
1okbdp7,38,38.0,0.0,0
1okbdp7,39,39.0,0.0,0
1okbdp7,40,40.0,0.0,0
1okbdp7,41,41.0,0.0,0
1okbdp7,42,42.0,-1.0,0
1okbdp7,43,43.0,-1.0,0
1okbdp7,44,44.0,0.0,0
1okbdp7,45,45.0,0.0,0
1okbdp7,46,46.0,0.0,0
1okbdp7,47,47.0,0.0,0
1okbdp7,48,48.0,-1.0,0
1okbdp7,49,49.0,0.0,0
1okbdp7,50,50.0,-1.0,0
1okbdp7,51,51.0,0.0,0
1okbdp7,52,52.0,0.0,0
1okbdp7,53,53.0,1.0,0
1okbdp7,54,54.0,1.0,0
1okbdp7,55,55.0,0.0,0
1okbdp7,56,56.0,0.0,0
1okbdp7,57,57.0,0.0,0
1okbdp7,58,58.0,1.0,0
1okbdp7,59,59.0,0.0,0
1okbdp7,60,60.0,0.0,0
1okbdp7,61,61.0,0.0,0
1okbdp7,62,62.0,0.0,0
1okbdp7,63,63.0,0.0,0
1okbdp7,64,64.0,0.0,0
1okbdp7,65,65.0,0.0,0
1okbdp7,66,66.0,0.0,0
1okbdp7,67,67.0,0.0,0
1okbdp7,68,68.0,1.0,0
1okbdp7,69,69.0,0.0,0
1okbdp7,70,70.0,0.0,0
1okbdp7,71,71.0,0.0,0
1okbdp7,72,72.0,0.0,0
1okbdp7,73,73.0,0.0,0
1okbdp7,74,74.0,0.0,0
1okbdp7,75,75.0,0.0,0
1okbdp7,76,76.0,1.0,0
1okbdp7,77,77.0,1.0,0
1okbdp7,78,78.0,1.0,0
1okbdp7,79,79.0,-1.0,0
1okbdp7,80,80.0,0.0,0
1okbdp7,81,81.0,0.0,0
1okbdp7,82,82.0,0.0,0
1okbdp7,83,83.0,0.0,0
1okbdp7,84,84.0,0.0,0
1okbdp7,85,85.0,0.0,0
1okbdp7,86,86.0,0.0,0
1okbdp7,87,87.0,0.0,0
1okbdp7,88,88.0,0.0,0
1okbdp7,89,89.0,1.0,0
1okbdp7,90,90.0,0.0,0
1okbdp7,91,91.0,0.0,0
1okbdp7,92,92.0,0.0,0
1okbdp7,93,93.0,0.0,0
1okbdp7,94,94.0,0.0,0
1okbdp7,95,95.0,0.0,0
1okbdp7,96,96.0,0.0,0
1okbdp7,97,97.0,0.0,0
1okbdp7,98,98.0,-1.0,0
1okbdp7,99,99.0,1.0,0
1okbdp7,100,100.0,0.0,0
1okbdp7,101,101.0,0.0,0
1okbdp7,102,102.0,0.0,0
1okbdp7,103,103.0,-1.0,0
1okbdp7,104,104.0,0.0,0
1okbdp7,105,105.0,1.0,0
1okbdp7,106,106.0,0.0,0
1okpne0,0,0.0,0.0,0
1okpne0,1,1.0,0.0,0
1okpne0,2,2.0,0.0,0
1okpne0,3,3.0,0.0,0
1oks0yj,0,0.0,1.0,0
1oks0yj,1,1.0,1.0,0
1oks0yj,2,2.0,-1.0,0
1oks0yj,3,3.0,-1.0,0
1oks0yj,4,4.0,0.0,0
1oks0yj,5,5.0,0.0,0
1oks0yj,6,6.0,1.0,0
1oks0yj,7,7.0,0.0,0
1oks0yj,8,8.0,0.0,0
1oks0yj,9,9.0,0.0,0
1oks0yj,10,10.0,0.0,0
1oks0yj,11,11.0,-1.0,0
1oks0yj,12,12.0,1.0,0
1oks0yj,13,13.0,0.0,0
1oks0yj,14,14.0,1.0,0
1oks0yj,15,15.0,0.0,0
1oks0yj,16,16.0,0.0,0
1oks0yj,17,17.0,0.0,0
1oks0yj,18,18.0,0.0,0
1oks0yj,19,19.0,0.0,0
1oks0yj,20,20.0,0.0,0
1oks0yj,21,21.0,0.0,0
1oks0yj,22,22.0,0.0,0
1oks0yj,23,23.0,0.0,0
1oks0yj,24,24.0,0.0,0
1oks0yj,25,25.0,0.0,0
1oks0yj,26,26.0,0.0,0
1oks0yj,27,27.0,0.0,0
1oks0yj,28,28.0,0.0,0
1oks0yj,29,29.0,0.0,0
1oks0yj,30,30.0,-1.0,0
1oks0yj,31,31.0,1.0,0
1oks0yj,32,32.0,0.0,0
1oks0yj,33,33.0,0.0,0
1oks0yj,34,34.0,0.0,0
1oks0yj,35,35.0,0.0,0
1oks0yj,36,36.0,0.0,0
1oks0yj,37,37.0,1.0,0
1oks0yj,38,38.0,0.0,0
1oks0yj,39,39.0,-1.0,0
1oks0yj,40,40.0,0.0,0
1oks0yj,41,41.0,-1.0,0
1oks0yj,42,42.0,1.0,0
1oks0yj,43,43.0,0.0,0
1oks0yj,44,44.0,1.0,0
1oks0yj,45,45.0,1.0,0
1oks0yj,46,46.0,1.0,0
1oks0yj,47,47.0,1.0,0
1oks0yj,48,48.0,1.0,0
1oks0yj,49,49.0,1.0,0
1oks0yj,50,50.0,0.0,0
1oks0yj,51,51.0,1.0,0
1oks0yj,52,52.0,0.0,0
1oks0yj,53,53.0,1.0,0
1oks0yj,54,54.0,-1.0,0
1oks0yj,55,55.0,0.0,0
1oks0yj,56,56.0,0.0,0
1oks0yj,57,57.0,0.0,0
1oks0yj,58,58.0,0.0,0
1oks0yj,59,59.0,-1.0,0
1oks0yj,60,60.0,1.0,0
1oks0yj,61,61.0,1.0,0
1oks0yj,62,62.0,1.0,0
1oks0yj,63,63.0,0.0,0
1oks0yj,64,64.0,0.0,0
1oks0yj,65,65.0,-1.0,0
1oks0yj,66,66.0,-1.0,0
1oks0yj,67,67.0,1.0,0
1oks0yj,68,68.0,0.0,0
1oks0yj,69,69.0,0.0,0
1oks0yj,70,70.0,0.0,0
1oks0yj,71,71.0,0.0,0
1oks0yj,72,72.0,0.0,0
1oks0yj,73,73.0,0.0,0
1oks0yj,74,74.0,0.0,0
1oks0yj,75,75.0,0.0,0
1oks0yj,76,76.0,0.0,0
1oks0yj,77,77.0,0.0,0
1oks0yj,78,78.0,1.0,0
1oks0yj,79,79.0,1.0,0
1oks0yj,80,80.0,0.0,0
1oks0yj,81,81.0,-1.0,0
1oks0yj,82,82.0,0.0,0
1oks0yj,83,83.0,1.0,0
1oks0yj,84,84.0,0.0,0
1oks0yj,85,85.0,1.0,0
1oks0yj,86,86.0,0.0,0
1oks0yj,87,87.0,0.0,0
1oks0yj,88,88.0,0.0,0
1oks0yj,89,89.0,0.0,0
1oks0yj,90,90.0,0.0,0
1oks0yj,91,91.0,0.0,0
1oks0yj,92,92.0,0.0,0
1oks0yj,93,93.0,1.0,0
1oks0yj,94,94.0,1.0,0
1oks0yj,95,95.0,1.0,0
1oks0yj,96,96.0,1.0,0
1oks0yj,97,97.0,1.0,0
1oks0yj,98,98.0,1.0,0
1oks0yj,99,99.0,1.0,0
1oks0yj,100,100.0,0.0,0
1oks0yj,101,101.0,-1.0,0
1oku492,0,0.0,-1.0,0
1oku492,1,1.0,-1.0,0
1oku492,2,2.0,0.0,0
1oku492,3,3.0,0.0,0
1oku492,4,4.0,0.0,0
1oku492,5,5.0,0.0,0
1oku492,6,6.0,0.0,0
1oku492,7,7.0,0.0,0
1oku492,8,8.0,0.0,0
1oku492,9,9.0,0.0,0
1oku492,10,10.0,1.0,0
1oku492,11,11.0,0.0,0
1oku492,12,12.0,0.0,0
1oku492,13,13.0,1.0,0
1oku492,14,14.0,1.0,0
1oku492,15,15.0,0.0,0
1oku492,16,16.0,0.0,0
1oku492,17,17.0,0.0,0
1oku492,18,18.0,-1.0,0
1oku492,19,19.0,-1.0,0
1oku492,20,20.0,0.0,0
1oku492,21,21.0,-1.0,0
1oku492,22,22.0,1.0,0
1oku492,23,23.0,0.0,0
1oku492,24,24.0,1.0,0
1oku492,25,25.0,0.0,0
1oku492,26,26.0,-1.0,0
1oku492,27,27.0,1.0,0
1oku492,28,28.0,1.0,0
1oku492,29,29.0,1.0,0
1oku492,30,30.0,1.0,0
1oku492,31,31.0,0.0,0
1oku492,32,32.0,0.0,0
1oku492,33,33.0,0.0,0
1oku492,34,34.0,-1.0,0
1oku492,35,35.0,0.0,0
1oku492,36,36.0,0.0,0
1oku492,37,37.0,1.0,0
1oku492,38,38.0,0.0,0
1oku492,39,39.0,1.0,0
1oku492,40,40.0,0.0,0
1oku492,41,41.0,0.0,0
1oku492,42,42.0,1.0,0
1oku492,43,43.0,1.0,0
1oku492,44,44.0,0.0,0
1oku492,45,45.0,-1.0,0
1oku492,46,46.0,1.0,0
1oku492,47,47.0,1.0,0
1oku492,48,48.0,-1.0,0
1oku492,49,49.0,-1.0,0
1oku492,50,50.0,-1.0,0
1oku492,51,51.0,1.0,0
1oku492,52,52.0,-1.0,0
1oku492,53,53.0,-1.0,0
1oku492,54,54.0,1.0,0
1oku492,55,55.0,-1.0,0
1oku492,56,56.0,-1.0,0
1oku492,57,57.0,-1.0,0
1oku492,58,58.0,0.0,0
1oku492,59,59.0,0.0,0
1oku492,60,60.0,1.0,0
1oku492,61,61.0,0.0,0
1oku492,62,62.0,1.0,0
1oku492,63,63.0,1.0,0
1oku492,64,64.0,1.0,0
1oku492,65,65.0,1.0,0
1oku492,66,66.0,0.0,0
1oku492,67,67.0,0.0,0
1oku492,68,68.0,1.0,0
1oku492,69,69.0,1.0,0
1oku492,70,70.0,0.0,0
1oku492,71,71.0,0.0,0
1oku492,72,72.0,0.0,0
1oku492,73,73.0,0.0,0
1oku492,74,74.0,0.0,0
1oku492,75,75.0,0.0,0
1oku492,76,76.0,0.0,0
1oku492,77,77.0,0.0,0
1oku492,78,78.0,1.0,0
1oku492,79,79.0,0.0,0
1oku492,80,80.0,0.0,0
1oku492,81,81.0,0.0,0
1oku492,82,82.0,0.0,0
1oku492,83,83.0,0.0,0
1oku492,84,84.0,0.0,0
1oku492,85,85.0,0.0,0
1oku492,86,86.0,0.0,0
1oku492,87,87.0,0.0,0
1oku492,88,88.0,0.0,0
1oku492,89,89.0,1.0,0
1oku492,90,90.0,1.0,0
1oku492,91,91.0,1.0,0
1oku492,92,92.0,1.0,0
1oku492,93,93.0,1.0,0
1oku492,94,94.0,0.0,0
1oku492,95,95.0,0.0,0
1oku492,96,96.0,-1.0,0
1oku492,97,97.0,0.0,0
1oku492,98,98.0,0.0,0
1oku492,99,99.0,0.0,0
1oku492,100,100.0,1.0,0
1oku492,101,101.0,0.0,0
1oku492,102,102.0,0.0,0
1oku492,103,103.0,0.0,0
1oku492,104,104.0,0.0,0
1oku492,105,105.0,1.0,0
1oku492,106,106.0,0.0,0
1oku492,107,107.0,0.0,0
1oku492,108,108.0,-1.0,0
1oku492,109,109.0,0.0,0
1oku492,110,110.0,1.0,0
1oku492,111,111.0,-1.0,0
1oku492,112,112.0,-1.0,0
1olyehm,0,0.0,0.0,0
1olyehm,1,1.0,0.0,0
1olyehm,2,2.0,0.0,0
1olyehm,3,3.0,0.0,0
1olyehm,4,4.0,0.0,0
1olyehm,5,5.0,0.0,0
1olyehm,6,6.0,0.0,0
1olyehm,7,7.0,0.0,0
1olyehm,8,8.0,0.0,0
1olyehm,9,9.0,0.0,0
1olyehm,10,10.0,0.0,0
1olyehm,11,11.0,0.0,0
1olyehm,12,12.0,0.0,0
1olyehm,13,13.0,0.0,0
1olyehm,14,14.0,0.0,0
1olyehm,15,15.0,1.0,0
1olyehm,16,16.0,0.0,0
1olyehm,17,17.0,1.0,0
1olyehm,18,18.0,-1.0,0
1olyehm,19,19.0,0.0,0
1olyehm,20,20.0,0.0,0
1olyehm,21,21.0,1.0,0
1olyehm,22,22.0,0.0,0
1olyehm,23,23.0,0.0,0
1olyehm,24,24.0,1.0,0
1olyehm,25,25.0,0.0,0
1olyehm,26,26.0,-1.0,0
1olyehm,27,27.0,1.0,0
1olyehm,28,28.0,-1.0,0
1olyehm,29,29.0,1.0,0
1olyehm,30,30.0,0.0,0
1olyehm,31,31.0,0.0,0
1olyehm,32,32.0,-1.0,0
1olyehm,33,33.0,0.0,0
1olyehm,34,34.0,0.0,0
1olyehm,35,35.0,1.0,0
1olyehm,36,36.0,0.0,0
1olyehm,37,37.0,0.0,0
1olyehm,38,38.0,1.0,0
1olyehm,39,39.0,1.0,0
1olyehm,40,40.0,0.0,0
1olyehm,41,41.0,0.0,0
1olyehm,42,42.0,0.0,0
1olyehm,43,43.0,0.0,0
1olyehm,44,44.0,1.0,0
1olyehm,45,45.0,1.0,0
1olyehm,46,46.0,0.0,0
1olyehm,47,47.0,-1.0,0
1ommtf5,0,0.0,-1.0,1
1ommtf5,1,1.0,0.0,1
1ommtf5,2,2.0,0.0,1
1ommtf5,3,3.0,0.0,1
1ommtf5,4,4.0,0.0,1
1ommtf5,5,5.0,1.0,1
1ommtf5,6,6.0,0.0,1
1ommtf5,7,7.0,0.0,1
1ommtf5,8,8.0,0.0,1
1ommtf5,9,9.0,1.0,1
1ommtf5,10,10.0,1.0,1
1ommtf5,11,11.0,-1.0,1
1ommtf5,12,12.0,0.0,1
1ommtf5,13,13.0,1.0,1
1ommtf5,14,14.0,1.0,1
1ommtf5,15,15.0,1.0,1
1ommtf5,16,16.0,0.0,1
1ommtf5,17,17.0,1.0,1
1ommtf5,18,18.0,0.0,1
1ommtf5,19,19.0,0.0,1
1ommtf5,20,20.0,1.0,1
1ommtf5,21,21.0,1.0,1
1ommtf5,22,22.0,1.0,1
1ommtf5,23,23.0,1.0,1
1ommtf5,24,24.0,1.0,1
1ommtf5,25,25.0,1.0,1
1ommtf5,26,26.0,0.0,1
1ommtf5,27,27.0,1.0,1
1ommtf5,28,28.0,1.0,1
1ommtf5,29,29.0,0.0,1
1ommtf5,30,30.0,0.0,1
1ommtf5,31,31.0,1.0,1
1ommtf5,32,32.0,1.0,1
1ommtf5,33,33.0,1.0,1
1ommtf5,34,34.0,1.0,1
1ommtf5,35,35.0,1.0,1
1ommtf5,36,36.0,1.0,1
1ommtf5,37,37.0,0.0,1
1ommtf5,38,38.0,0.0,1
1ommtf5,39,39.0,0.0,1
1ommtf5,40,40.0,0.0,1
1ommtf5,41,41.0,0.0,1
1ommtf5,42,42.0,0.0,1
1ommtf5,43,43.0,0.0,1
1ommtf5,44,44.0,1.0,1
1ommtf5,45,45.0,1.0,1
1ommtf5,46,46.0,1.0,1
1ommtf5,47,47.0,1.0,1
1ommtf5,48,48.0,1.0,1
1ommtf5,49,49.0,1.0,1
1ommtf5,50,50.0,1.0,1
1ommtf5,51,51.0,1.0,1
1ommtf5,52,52.0,0.0,1
1ommtf5,53,53.0,1.0,1
1ommtf5,54,54.0,1.0,1
1ommtf5,55,55.0,0.0,1
1ommtf5,56,56.0,0.0,1
1ommtf5,57,57.0,1.0,1
1ommtf5,58,58.0,1.0,1
1ommtf5,59,59.0,0.0,1
1ommtf5,60,60.0,1.0,1
1ommtf5,61,61.0,1.0,1
1ommtf5,62,62.0,1.0,1
1ommtf5,63,63.0,0.0,1
1ommtf5,64,64.0,0.0,1
1ommtf5,65,65.0,1.0,1
1ommtf5,66,66.0,1.0,1
1ommtf5,67,67.0,1.0,1
1ommtf5,68,68.0,1.0,1
1ommtf5,69,69.0,1.0,1
1ommtf5,70,70.0,1.0,1
1ommtf5,71,71.0,1.0,1
1ommtf5,72,72.0,0.0,1
1ommtf5,73,73.0,1.0,1
1ommtf5,74,74.0,0.0,1
1ommtf5,75,75.0,0.0,1
1ommtf5,76,76.0,0.0,1
1onivz9,0,0.0,-1.0,0
1onivz9,1,1.0,-1.0,0
1onivz9,2,2.0,-1.0,0
1onivz9,3,3.0,0.0,0
1onivz9,4,4.0,-1.0,0
1onivz9,5,5.0,0.0,0
1onivz9,6,6.0,0.0,0
1onivz9,7,7.0,0.0,0
1onivz9,8,8.0,-1.0,0
1onivz9,9,9.0,1.0,0
1onivz9,10,10.0,0.0,0
1onivz9,11,11.0,1.0,0
1onivz9,12,12.0,1.0,0
1onivz9,13,13.0,0.0,0
1onivz9,14,14.0,0.0,0
1onivz9,15,15.0,0.0,0
1onivz9,16,16.0,-1.0,0
1onivz9,17,17.0,-1.0,0
1onivz9,18,18.0,-1.0,0
1onivz9,19,19.0,1.0,0
1onivz9,20,20.0,-1.0,0
1onivz9,21,21.0,-1.0,0
1onivz9,22,22.0,0.0,0
1onivz9,23,23.0,1.0,0
1onivz9,24,24.0,-1.0,0
1onivz9,25,25.0,-1.0,0
1onivz9,26,26.0,-1.0,0
1onlsyh,0,0.0,-1.0,1
1onlsyh,1,1.0,1.0,1
1onlsyh,2,2.0,1.0,1
1onlsyh,3,3.0,0.0,1
1onlsyh,4,4.0,-1.0,1
1onlsyh,5,5.0,1.0,1
1onlsyh,6,6.0,1.0,1
1onlsyh,7,7.0,1.0,1
1onlsyh,8,8.0,1.0,1
1onlsyh,9,9.0,1.0,1
1onlsyh,10,10.0,0.0,1
1onlsyh,11,11.0,-1.0,1
1onlsyh,12,12.0,-1.0,1
1onlsyh,13,13.0,0.0,1
1onlsyh,14,14.0,0.0,1
1onlsyh,15,15.0,0.0,1
1onlsyh,16,16.0,0.0,1
1onlsyh,17,17.0,0.0,1
1onlsyh,18,18.0,0.0,1
1onlsyh,19,19.0,1.0,1
1onlsyh,20,20.0,1.0,1
1onlsyh,21,21.0,0.0,1
1onlsyh,22,22.0,0.0,1
1onlsyh,23,23.0,1.0,1
1onlsyh,24,24.0,-1.0,1
1onlsyh,25,25.0,1.0,1
1onlsyh,26,26.0,1.0,1
1onlsyh,27,27.0,1.0,1
1onlsyh,28,28.0,0.0,1
1onlsyh,29,29.0,1.0,1
1onm81p,0,0.0,1.0,0
1onm81p,1,1.0,-1.0,0
1onm81p,2,2.0,-1.0,0
1onm81p,3,3.0,-1.0,0
1onm81p,4,4.0,-1.0,0
1onm81p,5,5.0,-1.0,0
1onm81p,6,6.0,-1.0,0
1onm81p,7,7.0,-1.0,0
1onm81p,8,8.0,-1.0,0
1onm81p,9,9.0,-1.0,0
1onm81p,10,10.0,-1.0,0
1onm81p,11,11.0,-1.0,0
1onm81p,12,12.0,-1.0,0
1onm81p,13,13.0,-1.0,0
1onm81p,14,14.0,-1.0,0
1onm81p,15,15.0,1.0,0
1onm81p,16,16.0,-1.0,0
1onm81p,17,17.0,-1.0,0
1onm81p,18,18.0,-1.0,0
1onm81p,19,19.0,1.0,0
1onm81p,20,20.0,-1.0,0
1onm81p,21,21.0,-1.0,0
1onm81p,22,22.0,0.0,0
1onm81p,23,23.0,0.0,0
1onm81p,24,24.0,-1.0,0
1onm81p,25,25.0,0.0,0
1onm81p,26,26.0,-1.0,0
1onm81p,27,27.0,-1.0,0
1onm81p,28,28.0,-1.0,0
1onm81p,29,29.0,1.0,0
1onm81p,30,30.0,0.0,0
1onm81p,31,31.0,-1.0,0
1onm81p,32,32.0,0.0,0
1onm81p,33,33.0,0.0,0
1onm81p,34,34.0,0.0,0
1onm81p,35,35.0,-1.0,0
1onm81p,36,36.0,0.0,0
1onm81p,37,37.0,-1.0,0
1onm81p,38,38.0,0.0,0
1onm81p,39,39.0,0.0,0
1onm81p,40,40.0,0.0,0
1onm81p,41,41.0,0.0,0
1onm81p,42,42.0,0.0,0
1onm81p,43,43.0,0.0,0
1onm81p,44,44.0,-1.0,0
1onm81p,45,45.0,-1.0,0
1onm81p,46,46.0,1.0,0
1onm81p,47,47.0,1.0,0
1onm81p,48,48.0,-1.0,0
1onm81p,49,49.0,1.0,0
1onm81p,50,50.0,1.0,0
1onm81p,51,51.0,1.0,0
1onm81p,52,52.0,-1.0,0
1onm81p,53,53.0,0.0,0
1onm81p,54,54.0,0.0,0
1onm81p,55,55.0,0.0,0
1or01ov,0,0.0,-1.0,1
1or01ov,1,1.0,0.0,1
1or01ov,2,2.0,0.0,1
1or01ov,3,3.0,0.0,1
1or01ov,4,4.0,0.0,1
1or01ov,5,5.0,0.0,1
1or01ov,6,6.0,0.0,1
1or01ov,7,7.0,0.0,1
1or01ov,8,8.0,-1.0,1
1or01ov,9,9.0,-1.0,1
1or01ov,10,10.0,-1.0,1
1or01ov,11,11.0,-1.0,1
1or01ov,12,12.0,0.0,1
1or01ov,13,13.0,0.0,1
1or01ov,14,14.0,0.0,1
1or01ov,15,15.0,0.0,1
1or01ov,16,16.0,-1.0,1
1or01ov,17,17.0,0.0,1
1or01ov,18,18.0,0.0,1
1or01ov,19,19.0,0.0,1
1or01ov,20,20.0,0.0,1
1or01ov,21,21.0,-1.0,1
1or01ov,22,22.0,0.0,1
1or01ov,23,23.0,0.0,1
1or01ov,24,24.0,-1.0,1
1or01ov,25,25.0,0.0,1
1or01ov,26,26.0,0.0,1
1or01ov,27,27.0,0.0,1
1or01ov,28,28.0,0.0,1
1or01ov,29,29.0,0.0,1
1or01ov,30,30.0,0.0,1
1or01ov,31,31.0,0.0,1
1or01ov,32,32.0,0.0,1
1or01ov,33,33.0,0.0,1
1or01ov,34,34.0,0.0,1
1or01ov,35,35.0,-1.0,1
1or01ov,36,36.0,0.0,1
1or01ov,37,37.0,0.0,1
1or01ov,38,38.0,0.0,1
1or01ov,39,39.0,0.0,1
1or01ov,40,40.0,0.0,1
1or01ov,41,41.0,0.0,1
1or01ov,42,42.0,0.0,1
1or01ov,43,43.0,-1.0,1
1or01ov,44,44.0,0.0,1
1or01ov,45,45.0,-1.0,1
1or01ov,46,46.0,-1.0,1
1or01ov,47,47.0,0.0,1
1or01ov,48,48.0,0.0,1
1or01ov,49,49.0,0.0,1
1or01ov,50,50.0,0.0,1
1or01ov,51,51.0,-1.0,1
1or01ov,52,52.0,-1.0,1
1or01ov,53,53.0,-1.0,1
1or01ov,54,54.0,-1.0,1
1or01ov,55,55.0,-1.0,1
1or01ov,56,56.0,0.0,1
1or01ov,57,57.0,0.0,1
1or01ov,58,58.0,0.0,1
1or01ov,59,59.0,0.0,1
1or01ov,60,60.0,0.0,1
1or01ov,61,61.0,-1.0,1
1or01ov,62,62.0,-1.0,1
1or01ov,63,63.0,0.0,1
1ouzpxf,0,0.0,0.0,0
1ouzpxf,1,1.0,1.0,0
1ouzpxf,2,2.0,1.0,0
1ouzpxf,3,3.0,0.0,0
1ouzpxf,4,4.0,0.0,0
1ouzpxf,5,5.0,0.0,0
1ouzpxf,6,6.0,1.0,0
1ov06b0,0,0.0,-1.0,0
1ov06b0,1,1.0,-1.0,0
1ov06b0,2,2.0,-1.0,0
1ov06b0,3,3.0,0.0,0
1ov06b0,4,4.0,0.0,0
1ov06b0,5,5.0,1.0,0
1ov06b0,6,6.0,0.0,0
1ov06b0,7,7.0,-1.0,0
1ov06b0,8,8.0,0.0,0
1ov06b0,9,9.0,0.0,0
1ov06b0,10,10.0,0.0,0
1ov06b0,11,11.0,-1.0,0
1ov06b0,12,12.0,0.0,0
1ov06b0,13,13.0,0.0,0
1ov06b0,14,14.0,0.0,0
1ov06b0,15,15.0,-1.0,0
1ov06b0,16,16.0,0.0,0
1ov06b0,17,17.0,0.0,0
1ov06b0,18,18.0,0.0,0
1ov06b0,19,19.0,0.0,0
1ov06b0,20,20.0,-1.0,0
1ov06b0,21,21.0,0.0,0
1ov06b0,22,22.0,0.0,0
1ov06b0,23,23.0,0.0,0
1ov06b0,24,24.0,0.0,0
1ov06b0,25,25.0,0.0,0
1ov06b0,26,26.0,0.0,0
1ov06b0,27,27.0,0.0,0
1ov06b0,28,28.0,0.0,0
1ov06b0,29,29.0,0.0,0
1ov06b0,30,30.0,0.0,0
1ov06b0,31,31.0,-1.0,0
1ov06b0,32,32.0,0.0,0
1ov06b0,33,33.0,0.0,0
1ov06b0,34,34.0,0.0,0
1ov06b0,35,35.0,-1.0,0
1ov06b0,36,36.0,-1.0,0
1ov06b0,37,37.0,-1.0,0
1ov06b0,38,38.0,-1.0,0
1ov06b0,39,39.0,0.0,0
1ov06b0,40,40.0,0.0,0
1ov06b0,41,41.0,0.0,0
1ov06b0,42,42.0,0.0,0
1ov06b0,43,43.0,0.0,0
1ov06b0,44,44.0,0.0,0
1ov06b0,45,45.0,0.0,0
1ov06b0,46,46.0,0.0,0
1ov06b0,47,47.0,0.0,0
1ov06b0,48,48.0,0.0,0
1ov06b0,49,49.0,0.0,0
1ov06b0,50,50.0,0.0,0
1ov06b0,51,51.0,0.0,0
1ov06b0,52,52.0,0.0,0
1ov06b0,53,53.0,0.0,0
1ov06b0,54,54.0,0.0,0
1ov06b0,55,55.0,0.0,0
1ov06b0,56,56.0,0.0,0
1ov06b0,57,57.0,0.0,0
1ov06b0,58,58.0,0.0,0
1ov06b0,59,59.0,0.0,0
1ov06b0,60,60.0,0.0,0
1ov06b0,61,61.0,0.0,0
1ov06b0,62,62.0,0.0,0
1ov06b0,63,63.0,0.0,0
1ov06b0,64,64.0,0.0,0
1ov06b0,65,65.0,0.0,0
1ov06b0,66,66.0,0.0,0
1ov06b0,67,67.0,0.0,0
1ov06b0,68,68.0,0.0,0
1ov06b0,69,69.0,0.0,0
1ov06b0,70,70.0,0.0,0
1ov06b0,71,71.0,0.0,0
1ov06b0,72,72.0,0.0,0
1ov06b0,73,73.0,0.0,0
1ov06b0,74,74.0,0.0,0
1ov06b0,75,75.0,0.0,0
1ov06b0,76,76.0,0.0,0
1ov06b0,77,77.0,0.0,0
1ov06b0,78,78.0,0.0,0
1ov06b0,79,79.0,0.0,0
1ov06b0,80,80.0,0.0,0
1ov06b0,81,81.0,0.0,0
1ov06b0,82,82.0,0.0,0
1ov06b0,83,83.0,0.0,0
1ov06b0,84,84.0,0.0,0
1ov06b0,85,85.0,-1.0,0
1ov06b0,86,86.0,0.0,0
1ov06b0,87,87.0,-1.0,0
1ov06b0,88,88.0,0.0,0
1ov06b0,89,89.0,0.0,0
1ov06b0,90,90.0,-1.0,0
1ov06b0,91,91.0,0.0,0
1ov06b0,92,92.0,0.0,0
1ov06b0,93,93.0,0.0,0
1ov06b0,94,94.0,0.0,0
1ov06b0,95,95.0,0.0,0
1ov06b0,96,96.0,0.0,0
1ov06b0,97,97.0,0.0,0
1ov06b0,98,98.0,0.0,0
1ov06b0,99,99.0,0.0,0
1ov06b0,100,100.0,0.0,0
1ov06b0,101,101.0,0.0,0
1ov06b0,102,102.0,0.0,0
1ov06b0,103,103.0,0.0,0
1ov06b0,104,104.0,-1.0,0
1ov06b0,105,105.0,0.0,0
1ov06b0,106,106.0,-1.0,0
1ov06b0,107,107.0,0.0,0
1ov06b0,108,108.0,0.0,0
1ov06b0,109,109.0,0.0,0
1ov06b0,110,110.0,0.0,0
1ov06b0,111,111.0,0.0,0
1ov06b0,112,112.0,-1.0,0
1ov06b0,113,113.0,-1.0,0
1ov06b0,114,114.0,1.0,0
1ov06b0,115,115.0,0.0,0
1ov06b0,116,116.0,-1.0,0
1ov06b0,117,117.0,0.0,0
1ov06b0,118,118.0,-1.0,0
1ov06b0,119,119.0,0.0,0
1ov06b0,120,120.0,-1.0,0
1ov06b0,121,121.0,-1.0,0
1ov06b0,122,122.0,-1.0,0
1ov06b0,123,123.0,-1.0,0
1ov06b0,124,124.0,-1.0,0
1ov06b0,125,125.0,-1.0,0
1ov06b0,126,126.0,-1.0,0
1ov06b0,127,127.0,0.0,0
1ov06b0,128,128.0,-1.0,0
1ov06b0,129,129.0,0.0,0
1ov06b0,130,130.0,-1.0,0
1ov06b0,131,131.0,0.0,0
1ov06b0,132,132.0,-1.0,0
1ov06b0,133,133.0,-1.0,0
1ov06b0,134,134.0,-1.0,0
1ov06b0,135,135.0,-1.0,0
1ov06b0,136,136.0,0.0,0
1ov06b0,137,137.0,-1.0,0
1ov06b0,138,138.0,0.0,0
1ov06b0,139,139.0,-1.0,0
1ov06b0,140,140.0,0.0,0
1ov06b0,141,141.0,0.0,0
1ov06b0,142,142.0,-1.0,0
1ov06b0,143,143.0,-1.0,0
1ov06b0,144,144.0,0.0,0
1ov06b0,145,145.0,1.0,0
1ov06b0,146,146.0,0.0,0
1ov06b0,147,147.0,0.0,0
1ov06b0,148,148.0,0.0,0
1ov06b0,149,149.0,0.0,0
1ov06b0,150,150.0,0.0,0
1ov06b0,151,151.0,0.0,0
1ov06b0,152,152.0,0.0,0
1ov06b0,153,153.0,0.0,0
1ov06b0,154,154.0,-1.0,0
1ov06b0,155,155.0,-1.0,0
1ov06b0,156,156.0,0.0,0
1ov06b0,157,157.0,0.0,0
1ov06b0,158,158.0,0.0,0
1ov06b0,159,159.0,-1.0,0
1ov06b0,160,160.0,0.0,0
1ov06b0,161,161.0,0.0,0
1ov06b0,162,162.0,0.0,0
1ov06b0,163,163.0,0.0,0
1ov06b0,164,164.0,0.0,0
1ov06b0,165,165.0,0.0,0
1ov06b0,166,166.0,0.0,0
1ov06b0,167,167.0,0.0,0
1ov06b0,168,168.0,-1.0,0
1ov06b0,169,169.0,-1.0,0
1ov06b0,170,170.0,0.0,0
1ov06b0,171,171.0,0.0,0
1ov06b0,172,172.0,0.0,0
1ov06b0,173,173.0,-1.0,0
1ov06b0,174,174.0,-1.0,0
1ov06b0,175,175.0,-1.0,0
1ov06b0,176,176.0,0.0,0
1ov06b0,177,177.0,-1.0,0
1ov06b0,178,178.0,-1.0,0
1ov06b0,179,179.0,-1.0,0
1ov06b0,180,180.0,-1.0,0
1ov06b0,181,181.0,0.0,0
1ov06b0,182,182.0,0.0,0
1ov06b0,183,183.0,0.0,0
1ov06b0,184,184.0,-1.0,0
1ov06b0,185,185.0,0.0,0
1ov06b0,186,186.0,-1.0,0
1ov7ivk,0,0.0,1.0,0
1ov7ivk,1,1.0,1.0,0
1ov7ivk,2,2.0,0.0,0
1ov7ivk,3,3.0,0.0,0
1ov7ivk,4,4.0,0.0,0
1ov7ivk,5,5.0,0.0,0
1ov7ivk,6,6.0,1.0,0
1ov7ivk,7,7.0,1.0,0
1ov7ivk,8,8.0,-1.0,0
1ov7ivk,9,9.0,0.0,0
1ov7ivk,10,10.0,-1.0,0
1ov7ivk,11,11.0,0.0,0
1ov7ivk,12,12.0,0.0,0
1ov7ivk,13,13.0,0.0,0
1ov7ivk,14,14.0,0.0,0
1ov7ivk,15,15.0,0.0,0
1ov7ivk,16,16.0,0.0,0
1ov7ivk,17,17.0,0.0,0
1ov7ivk,18,18.0,0.0,0
1ov7ivk,19,19.0,0.0,0
1ov7ivk,20,20.0,0.0,0
1ov7ivk,21,21.0,0.0,0
1ov7ivk,22,22.0,0.0,0
1ov7ivk,23,23.0,0.0,0
1ov7ivk,24,24.0,0.0,0
1ov7ivk,25,25.0,0.0,0
1ov7ivk,26,26.0,0.0,0
1ov7ivk,27,27.0,-1.0,0
1ov7ivk,28,28.0,-1.0,0
1ov7ivk,29,29.0,0.0,0
1ov7ivk,30,30.0,-1.0,0
1ov7ivk,31,31.0,-1.0,0
1ov7ivk,32,32.0,0.0,0
1ov7ivk,33,33.0,1.0,0
1ov7ivk,34,34.0,1.0,0
1oxwq6f,0,0.0,-1.0,0
1oxwq6f,1,1.0,0.0,0
1oxwq6f,2,2.0,-1.0,0
1oxwq6f,3,3.0,0.0,0
1oxwq6f,4,4.0,0.0,0
1oxwq6f,5,5.0,0.0,0
1oxwq6f,6,6.0,1.0,0
1oxwq6f,7,7.0,0.0,0
1oxwq6f,8,8.0,1.0,0
1oxwq6f,9,9.0,0.0,0
1oxwq6f,10,10.0,0.0,0
1oxwq6f,11,11.0,0.0,0
1oxwq6f,12,12.0,0.0,0
1oxwq6f,13,13.0,0.0,0
1oxwq6f,14,14.0,0.0,0
1oxwq6f,15,15.0,0.0,0
1oxwq6f,16,16.0,1.0,0
1oxwq6f,17,17.0,0.0,0
1oxwq6f,18,18.0,-1.0,0
1oxwq6f,19,19.0,0.0,0
1oxwq6f,20,20.0,0.0,0
1oxwq6f,21,21.0,0.0,0
1oz9l4n,0,0.0,0.0,0
1oz9l4n,1,1.0,0.0,0
1oz9l4n,2,2.0,0.0,0
1oz9l4n,3,3.0,-1.0,0
1oz9l4n,4,4.0,-1.0,0
1oz9l4n,5,5.0,-1.0,0
1oz9l4n,6,6.0,0.0,0
1oz9l4n,7,10.0,0.0,0
1oz9l4n,8,12.0,-1.0,0
1oz9l4n,9,13.0,-1.0,0
1oz9l4n,10,15.0,0.0,0
1oz9l4n,11,20.0,-1.0,0
1oz9l4n,12,21.0,0.0,0
1oz9l4n,13,22.0,0.0,0
1oz9l4n,14,23.0,0.0,0
1oz9l4n,15,24.0,0.0,0
1oz9l4n,16,25.0,0.0,0
1oz9l4n,17,26.0,-1.0,0
1oz9l4n,18,27.0,-1.0,0
1oz9l4n,19,28.0,-1.0,0
1oz9l4n,20,29.0,-1.0,0
1oz9l4n,21,30.0,0.0,0
1ozr1b9,0,0.0,1.0,0
1ozr1b9,1,1.0,-1.0,0
1ozr1b9,2,2.0,1.0,0
1ozr1b9,3,3.0,0.0,0
1ozr1b9,4,4.0,0.0,0
1ozr1b9,5,5.0,0.0,0
1ozr1b9,6,6.0,0.0,0
1ozr1b9,7,7.0,0.0,0
1ozr1b9,8,8.0,1.0,0
1ozr1b9,9,9.0,0.0,0
1p0mby5,0,0.0,-1.0,0
1p0mby5,1,1.0,1.0,0
1p0mby5,2,2.0,-1.0,0
1p0mby5,3,3.0,0.0,0
1p0mby5,4,4.0,0.0,0
1p0mby5,5,5.0,0.0,0
1p0mby5,6,6.0,0.0,0
1p0mby5,7,7.0,1.0,0
1p0mby5,8,8.0,0.0,0
1p0mby5,9,9.0,1.0,0
1p0mby5,10,10.0,0.0,0
1p0mby5,11,11.0,1.0,0
1p0mby5,12,12.0,0.0,0
1p0mby5,13,13.0,1.0,0
1p0mby5,14,14.0,-1.0,0
1p0mby5,15,15.0,1.0,0
1p0mby5,16,16.0,1.0,0
1p0mby5,17,17.0,0.0,0
1p0mby5,18,18.0,0.0,0
1p0mby5,19,19.0,0.0,0
1p0mby5,20,20.0,0.0,0
1p0mby5,21,21.0,0.0,0
1p0mby5,22,22.0,0.0,0
1p0mby5,23,23.0,0.0,0
1p0mby5,24,24.0,0.0,0
1p0mby5,25,25.0,-1.0,0
1p0mby5,26,26.0,1.0,0
1p0mby5,27,27.0,1.0,0
1p0mby5,28,28.0,1.0,0
1p0mby5,29,29.0,1.0,0
1p0mby5,30,30.0,1.0,0
1p0mby5,31,31.0,1.0,0
1p0mby5,32,32.0,1.0,0
1p0mby5,33,33.0,1.0,0
1p0mby5,34,34.0,1.0,0
1p0mby5,35,35.0,0.0,0
1p0mby5,36,36.0,0.0,0
1p0mby5,37,37.0,1.0,0
1p0mby5,38,38.0,0.0,0
1p0mby5,39,39.0,0.0,0
1p0mby5,40,40.0,0.0,0
1p0mby5,41,41.0,1.0,0
1p0mby5,42,42.0,0.0,0
1p0mby5,43,43.0,0.0,0
1p0mby5,44,44.0,1.0,0
1p0mby5,45,45.0,-1.0,0
1p0mby5,46,46.0,0.0,0
1p0mby5,47,47.0,-1.0,0
1p0mby5,48,48.0,0.0,0
1p0mby5,49,49.0,0.0,0
1p0mby5,50,50.0,0.0,0
1p0mby5,51,51.0,0.0,0
1p0mby5,52,52.0,0.0,0
1p0mby5,53,53.0,0.0,0
1p0mby5,54,54.0,-1.0,0
1p0mby5,55,55.0,-1.0,0
1p0mby5,56,56.0,0.0,0
1p0mby5,57,57.0,1.0,0
1p0mby5,58,58.0,1.0,0
1p0mby5,59,59.0,1.0,0
1p0mby5,60,60.0,0.0,0
1p0mby5,61,61.0,1.0,0
1p0mby5,62,62.0,0.0,0
1p0mby5,63,63.0,0.0,0
1p0mby5,64,64.0,0.0,0
1p0mby5,65,65.0,1.0,0
1p15onh,0,0.0,-1.0,0
1p15onh,1,1.0,1.0,0
1p15onh,2,2.0,1.0,0
1p15onh,3,3.0,1.0,0
1p15onh,4,4.0,0.0,0
1p15onh,5,5.0,0.0,0
1p15onh,6,6.0,0.0,0
1p15onh,7,7.0,1.0,0
1p15onh,8,8.0,1.0,0
1p15onh,9,9.0,-1.0,0
1p15onh,10,10.0,-1.0,0
1p15onh,11,11.0,0.0,0
1p15onh,12,12.0,1.0,0
1p15onh,13,13.0,-1.0,0
1p15onh,14,14.0,1.0,0
1p15onh,15,15.0,0.0,0
1p15onh,16,16.0,1.0,0
1p15onh,17,17.0,1.0,0
1p15onh,18,18.0,0.0,0
1p15onh,19,19.0,-1.0,0
1p15onh,20,20.0,1.0,0
1p15onh,21,21.0,1.0,0
1p15onh,22,22.0,1.0,0
1p15onh,23,23.0,0.0,0
1p15onh,24,24.0,1.0,0
1p15onh,25,25.0,1.0,0
1p15onh,26,26.0,1.0,0
1p15onh,27,27.0,0.0,0
1p15onh,28,28.0,1.0,0
1p15onh,29,29.0,1.0,0
1p15onh,30,30.0,1.0,0
1p15onh,31,31.0,1.0,0
1p15onh,32,32.0,1.0,0
1p15onh,33,33.0,1.0,0
1p15onh,34,34.0,0.0,0
1p15onh,35,35.0,0.0,0
1p15onh,36,36.0,-1.0,0
1p15onh,37,37.0,0.0,0
1p15onh,38,38.0,0.0,0
1p15onh,39,39.0,0.0,0
1p15onh,40,40.0,0.0,0
1p15onh,41,41.0,0.0,0
1p15onh,42,42.0,0.0,0
1p15onh,43,43.0,1.0,0
1p15onh,44,44.0,1.0,0
1p15onh,45,45.0,1.0,0
1p15onh,46,46.0,1.0,0
1p15onh,47,47.0,1.0,0
1p15onh,48,48.0,1.0,0
1p15onh,49,49.0,0.0,0
1p15onh,50,50.0,0.0,0
1p15onh,51,51.0,1.0,0
1p15onh,52,52.0,-1.0,0
1p15onh,53,53.0,0.0,0
1p15onh,54,54.0,1.0,0
1p15onh,55,55.0,1.0,0
1p15onh,56,56.0,-1.0,0
1p15onh,57,57.0,0.0,0
1p15onh,58,58.0,0.0,0
1p15onh,59,59.0,0.0,0
1p15onh,60,60.0,1.0,0
1p15onh,61,61.0,-1.0,0
1p15onh,62,62.0,-1.0,0
1p15onh,63,63.0,1.0,0
1p15onh,64,64.0,1.0,0
1p15onh,65,65.0,0.0,0
1p15onh,66,66.0,-1.0,0
1p15onh,67,67.0,1.0,0
1p15onh,68,68.0,1.0,0
1p15onh,69,69.0,1.0,0
1p1wk6n,0,0.0,0.0,0
1p1wk6n,1,1.0,-1.0,0
1p1wk6n,2,2.0,-1.0,0
1p1wk6n,3,3.0,-1.0,0
1p1wk6n,4,4.0,1.0,0
1p1wk6n,5,5.0,-1.0,0
1p1wk6n,6,6.0,-1.0,0
1p1wk6n,7,7.0,1.0,0
1p1wk6n,8,8.0,-1.0,0
1p1wk6n,9,9.0,0.0,0
1p1wk6n,10,10.0,0.0,0
1p1wk6n,11,11.0,0.0,0
1p1wk6n,12,12.0,1.0,0
1p1wk6n,13,13.0,0.0,0
1p1wk6n,14,14.0,0.0,0
1p1wk6n,15,15.0,0.0,0
1p1wk6n,16,16.0,0.0,0
1p1wk6n,17,17.0,0.0,0
1p1wk6n,18,18.0,1.0,0
1p1wk6n,19,19.0,1.0,0
1p1wk6n,20,20.0,1.0,0
1p1wk6n,21,21.0,1.0,0
1p1wk6n,22,22.0,0.0,0
1p1wk6n,23,23.0,1.0,0
1p1wk6n,24,24.0,1.0,0
1p1wk6n,25,25.0,0.0,0
1p1wk6n,26,26.0,0.0,0
1p1wk6n,27,27.0,1.0,0
1p1wk6n,28,28.0,0.0,0
1p1wk6n,29,29.0,-1.0,0
1p1wk6n,30,30.0,0.0,0
1p1wk6n,31,31.0,0.0,0
1p1wk6n,32,32.0,1.0,0
1p1wk6n,33,33.0,0.0,0
1p1wk6n,34,34.0,1.0,0
1p1wk6n,35,35.0,0.0,0
1p1wk6n,36,36.0,1.0,0
1p1wk6n,37,37.0,0.0,0
1p1wk6n,38,38.0,0.0,0
1p1wk6n,39,39.0,0.0,0
1p1wk6n,40,40.0,1.0,0
1p1wk6n,41,41.0,1.0,0
1p1wk6n,42,42.0,0.0,0
1p1wk6n,43,43.0,0.0,0
1p1wk6n,44,44.0,0.0,0
1p1wk6n,45,45.0,-1.0,0
1p1wk6n,46,46.0,0.0,0
1p1wk6n,47,47.0,0.0,0
1p1wk6n,48,48.0,0.0,0
1p1wk6n,49,49.0,0.0,0
1p5h9av,0,0.0,0.0,0
1p5h9av,1,1.0,-1.0,0
1p5h9av,2,2.0,1.0,0
1p5h9av,3,3.0,1.0,0
1p5h9av,4,4.0,0.0,0
1p5h9av,5,5.0,0.0,0
1p5h9av,6,6.0,1.0,0
1p5h9av,7,7.0,-1.0,0
1p5h9av,8,8.0,0.0,0
1p5h9av,9,9.0,0.0,0
1p5h9av,10,10.0,1.0,0
1p5h9av,11,11.0,0.0,0
1p5h9av,12,12.0,0.0,0
1p5h9av,13,13.0,-1.0,0
1p5h9av,14,14.0,-1.0,0
1p5h9av,15,15.0,1.0,0
1p5h9av,16,16.0,-1.0,0
1p5h9av,17,17.0,1.0,0
1p5h9av,18,18.0,-1.0,0
1p5h9av,19,19.0,0.0,0
1p5h9av,20,20.0,0.0,0
1p5h9av,21,21.0,1.0,0
1p5h9av,22,22.0,0.0,0
1p5h9av,23,23.0,0.0,0
1p5h9av,24,24.0,0.0,0
1p5h9av,25,25.0,0.0,0
1p5h9av,26,26.0,0.0,0
1p5h9av,27,27.0,1.0,0
1p5h9av,28,28.0,0.0,0
1p5h9av,29,29.0,0.0,0
1p5h9av,30,30.0,1.0,0
1p5h9av,31,31.0,1.0,0
1p5h9av,32,32.0,1.0,0
1p5h9av,33,33.0,0.0,0
1p5h9av,34,34.0,1.0,0
1p5h9av,35,35.0,0.0,0
1p5h9av,36,36.0,0.0,0
1p5h9av,37,37.0,0.0,0
1p5h9av,38,38.0,0.0,0
1p5h9av,39,39.0,0.0,0
1p5h9av,40,40.0,0.0,0
1p5h9av,41,41.0,0.0,0
1p5h9av,42,42.0,0.0,0
1p5h9av,43,43.0,0.0,0
1p5h9av,44,44.0,1.0,0
1p5h9av,45,45.0,0.0,0
1p5h9av,46,46.0,0.0,0
1p5h9av,47,47.0,1.0,0
1p5h9av,48,48.0,0.0,0
1p5h9av,49,49.0,0.0,0
1p5h9av,50,50.0,0.0,0
1p5h9av,51,51.0,1.0,0
1p5h9av,52,52.0,0.0,0
1p5h9av,53,53.0,0.0,0
1p5h9av,54,54.0,0.0,0
1p5h9av,55,55.0,1.0,0
1p5h9av,56,56.0,-1.0,0
1p5h9av,57,57.0,0.0,0
1p5h9av,58,58.0,0.0,0
1p5h9av,59,59.0,0.0,0
1p5h9av,60,60.0,0.0,0
1p5h9av,61,61.0,0.0,0
1p5h9av,62,62.0,0.0,0
1p5h9av,63,63.0,1.0,0
1p5h9av,64,64.0,-1.0,0
1p5h9av,65,65.0,0.0,0
1p5h9av,66,66.0,0.0,0
1p5h9av,67,67.0,-1.0,0
1p5h9av,68,68.0,-1.0,0
1p5h9av,69,69.0,0.0,0
1p5h9av,70,70.0,0.0,0
1p5h9av,71,71.0,0.0,0
1p5h9av,72,72.0,0.0,0
1p5h9av,73,73.0,0.0,0
1p5h9av,74,74.0,0.0,0
1p5h9av,75,75.0,0.0,0
1p5h9av,76,76.0,0.0,0
1p5h9av,77,77.0,-1.0,0
1p5h9av,78,78.0,-1.0,0
1p5h9av,79,79.0,1.0,0
1p5h9av,80,80.0,1.0,0
1p5h9av,81,81.0,1.0,0
1p5h9av,82,82.0,0.0,0
1p5h9av,83,83.0,0.0,0
1p5h9av,84,84.0,0.0,0
1p5h9av,85,85.0,1.0,0
1p5h9av,86,86.0,1.0,0
1p5h9av,87,87.0,0.0,0
1p5h9av,88,88.0,0.0,0
1p5h9av,89,89.0,0.0,0
1p5h9av,90,90.0,0.0,0
1p5h9av,91,91.0,0.0,0
1p5h9av,92,92.0,0.0,0
1p5h9av,93,93.0,0.0,0
1p5h9av,94,94.0,0.0,0
1p5h9av,95,95.0,0.0,0
1p5h9av,96,96.0,0.0,0
1p5h9av,97,97.0,0.0,0
1p5h9av,98,98.0,0.0,0
1p5h9av,99,99.0,0.0,0
1p5h9av,100,100.0,0.0,0
1p5h9av,101,101.0,0.0,0
1p5h9av,102,102.0,0.0,0
1p5h9av,103,103.0,0.0,0
1p5h9av,104,104.0,0.0,0
1p5h9av,105,105.0,0.0,0
1p5h9av,106,106.0,0.0,0
1p5h9av,107,107.0,0.0,0
1p5h9av,108,108.0,0.0,0
1p5h9av,109,109.0,0.0,0
1p5h9av,110,110.0,0.0,0
1p5h9av,111,111.0,0.0,0
1p5h9av,112,112.0,0.0,0
1p5h9av,113,113.0,0.0,0
1p5h9av,114,114.0,0.0,0
1p5h9av,115,115.0,0.0,0
1p5h9av,116,116.0,0.0,0
1p5h9av,117,117.0,-1.0,0
1p5h9av,118,118.0,0.0,0
1p5h9av,119,119.0,0.0,0
1p5h9av,120,120.0,1.0,0
1p5h9av,121,121.0,0.0,0
1p8wfkv,0,0.0,0.0,0
1p8wfkv,1,1.0,0.0,0
1p8wfkv,2,2.0,1.0,0
1p8wfkv,3,3.0,0.0,0
1p8wfkv,4,4.0,0.0,0
1p8wfkv,5,5.0,0.0,0
1p8wfkv,6,6.0,0.0,0
1p8wfkv,7,7.0,0.0,0
1pb702m,0,0.0,-1.0,0
1pb702m,1,1.0,0.0,0
1pb702m,2,2.0,0.0,0
1pb702m,3,3.0,-1.0,0
1pb702m,4,4.0,0.0,0
1pb702m,5,5.0,1.0,0
1pb702m,6,6.0,1.0,0
1pb702m,7,7.0,-1.0,0
1pb702m,8,8.0,-1.0,0
1pb702m,9,9.0,0.0,0
1pb702m,10,10.0,0.0,0
1pb702m,11,11.0,0.0,0
1pb702m,12,12.0,0.0,0
1pb702m,13,13.0,0.0,0
1pb702m,14,14.0,0.0,0
1pb702m,15,15.0,0.0,0
1pb702m,16,16.0,0.0,0
1pb702m,17,17.0,-1.0,0
1pb702m,18,18.0,0.0,0
1pb702m,19,19.0,0.0,0
1pb702m,20,20.0,0.0,0
1pb702m,21,21.0,0.0,0
1pb702m,22,22.0,1.0,0
1pb702m,23,23.0,0.0,0
1pb702m,24,24.0,1.0,0
1pb702m,25,25.0,0.0,0
1pb702m,26,26.0,0.0,0
1pb702m,27,27.0,0.0,0
1pb702m,28,28.0,0.0,0
1pb702m,29,29.0,0.0,0
1pb702m,30,30.0,0.0,0
1pb702m,31,31.0,0.0,0
1pb702m,32,32.0,0.0,0
1pb702m,33,33.0,0.0,0
1pb702m,34,34.0,0.0,0
1pb702m,35,35.0,0.0,0
1pb702m,36,36.0,0.0,0
1pb702m,37,37.0,0.0,0
1pcak30,0,0.0,0.0,0
1pcak30,1,1.0,0.0,0
1pcak30,2,2.0,0.0,0
1pcak30,3,3.0,0.0,0
1pcak30,4,4.0,0.0,0
1pcak30,5,5.0,0.0,0
1pcak30,6,6.0,0.0,0
1pcak30,7,7.0,-1.0,0
1pcak30,8,8.0,-1.0,0
1pcak30,9,9.0,0.0,0
1pcak30,10,10.0,0.0,0
1pcak30,11,11.0,0.0,0
1pcak30,12,12.0,0.0,0
1pcak30,13,13.0,0.0,0
1pcak30,14,14.0,1.0,0
1pcak30,15,15.0,1.0,0
1pcak30,16,16.0,1.0,0
1pcak30,17,17.0,1.0,0
1pcak30,18,18.0,1.0,0
1pcak30,19,19.0,1.0,0
1pe0usj,0,0.0,1.0,0
1pe0usj,1,1.0,0.0,0
1pe0usj,2,2.0,1.0,0
1pe0usj,3,3.0,1.0,0
1pe0usj,4,4.0,-1.0,0
1pe0usj,5,5.0,0.0,0
1pe0usj,6,6.0,0.0,0
1pe0usj,7,7.0,-1.0,0
1pe0usj,8,8.0,0.0,0
1pe0usj,9,9.0,-1.0,0
1pe0usj,10,10.0,1.0,0
1pe0usj,11,11.0,0.0,0
1pe0usj,12,12.0,-1.0,0
1pe0usj,13,13.0,-1.0,0
1pe0usj,14,14.0,0.0,0
1pe0usj,15,15.0,-1.0,0
1pe0usj,16,16.0,0.0,0
1pe0usj,17,17.0,0.0,0
1pe0usj,18,18.0,0.0,0
1pe0usj,19,19.0,-1.0,0
1pe0usj,20,20.0,0.0,0
1pe0usj,21,21.0,1.0,0
1pe0usj,22,22.0,1.0,0
1pe0usj,23,23.0,-1.0,0
1pe0usj,24,24.0,0.0,0
1pe0usj,25,25.0,-1.0,0
1pe0usj,26,26.0,1.0,0
1pe0usj,27,27.0,0.0,0
1pe0usj,28,28.0,1.0,0
1pe0usj,29,29.0,0.0,0
1pe0usj,30,30.0,0.0,0
1pe0usj,31,31.0,0.0,0
1pe0usj,32,32.0,0.0,0
1pe0usj,33,33.0,1.0,0
1pe0usj,34,34.0,0.0,0
1pe0usj,35,35.0,0.0,0
1pe0usj,36,36.0,0.0,0
1pe0usj,37,37.0,1.0,0
1pe0usj,38,38.0,0.0,0
1pe0usj,39,39.0,0.0,0
1pe0usj,40,40.0,1.0,0
1pe0usj,41,41.0,0.0,0
1pe0usj,42,42.0,0.0,0
1pe0usj,43,43.0,1.0,0
1pe0usj,44,44.0,1.0,0
1pe0usj,45,45.0,0.0,0
1pe0usj,46,46.0,0.0,0
1pe0usj,47,47.0,0.0,0
1pe0usj,48,48.0,-1.0,0
1pe0usj,49,49.0,0.0,0
1pe0usj,50,50.0,0.0,0
1pe0usj,51,51.0,1.0,0
1pe0usj,52,52.0,0.0,0
1pe0usj,53,53.0,0.0,0
1pe0usj,54,54.0,-1.0,0
1pe0usj,55,55.0,0.0,0
1pe0usj,56,56.0,0.0,0
1pe0usj,57,57.0,0.0,0
1pe0usj,58,58.0,0.0,0
1pe0usj,59,59.0,1.0,0
1pe0usj,60,60.0,1.0,0
1peorul,0,0.0,0.0,0
1peorul,1,1.0,1.0,0
1peorul,2,2.0,1.0,0
1peorul,3,3.0,1.0,0
1peorul,4,4.0,1.0,0
1peorul,5,5.0,0.0,0
1peorul,6,6.0,1.0,0
1peorul,7,7.0,0.0,0
1peorul,8,8.0,1.0,0
1peorul,9,9.0,0.0,0
1peorul,10,10.0,0.0,0
1peorul,11,11.0,-1.0,0
1peorul,12,12.0,0.0,0
1peorul,13,13.0,1.0,0
1peorul,14,14.0,1.0,0
1peorul,15,15.0,0.0,0
1peorul,16,16.0,0.0,0
1peorul,17,17.0,1.0,0
1peorul,18,18.0,1.0,0
1peorul,19,19.0,-1.0,0
1peorul,20,20.0,1.0,0
1peorul,21,21.0,1.0,0
1peorul,22,22.0,0.0,0
1peorul,23,23.0,0.0,0
1peorul,24,24.0,0.0,0
1peorul,25,25.0,1.0,0
1peorul,26,26.0,1.0,0
1peorul,27,27.0,0.0,0
1peorul,28,28.0,0.0,0
1peorul,29,29.0,1.0,0
1peorul,30,30.0,1.0,0
1peorul,31,31.0,1.0,0
1peorul,32,32.0,0.0,0
1peqjd7,0,0.0,-1.0,0
1peqjd7,1,1.0,-1.0,0
1peqjd7,2,2.0,0.0,0
1peqjd7,3,3.0,1.0,0
1peqjd7,4,4.0,1.0,0
1peqjd7,5,5.0,0.0,0
1peqjd7,6,6.0,-1.0,0
1peqjd7,7,7.0,-1.0,0
1peqjd7,8,8.0,0.0,0
1peqjd7,9,9.0,0.0,0
1peqjd7,10,10.0,-1.0,0
1peqjd7,11,11.0,-1.0,0
1peqjd7,12,12.0,-1.0,0
1peqjd7,13,13.0,0.0,0
1peqjd7,14,14.0,0.0,0
1peqjd7,15,15.0,0.0,0
1peqjd7,16,16.0,1.0,0
1peqjd7,17,17.0,-1.0,0
1peqjd7,18,18.0,1.0,0
1ph7s6f,0,0.0,0.0,0
1ph7s6f,1,1.0,1.0,0
1ph7s6f,2,2.0,1.0,0
1ph7s6f,3,3.0,1.0,0
1ph7s6f,4,4.0,0.0,0
1ph7s6f,5,5.0,1.0,0
1ph7s6f,6,6.0,1.0,0
1ph7s6f,7,7.0,0.0,0
1ph7s6f,8,8.0,0.0,0
1ph7s6f,9,9.0,0.0,0
1ph7s6f,10,10.0,-1.0,0
1ph7s6f,11,11.0,-1.0,0
1ph7s6f,12,12.0,0.0,0
1ph7s6f,13,13.0,0.0,0
1ph7s6f,14,14.0,1.0,0
1ph7s6f,15,15.0,0.0,0
1ph7s6f,16,16.0,-1.0,0
1ph7s6f,17,17.0,1.0,0
1ph7s6f,18,18.0,0.0,0
1ph7s6f,19,19.0,-1.0,0
1ph7s6f,20,20.0,0.0,0
1ph7s6f,21,21.0,0.0,0
1ph7s6f,22,22.0,0.0,0
1ph7s6f,23,23.0,0.0,0
1ph7s6f,24,24.0,1.0,0
1ph7s6f,25,25.0,0.0,0
1ph7s6f,26,26.0,1.0,0
1ph7s6f,27,27.0,0.0,0
1ph7s6f,28,28.0,0.0,0
1ph7s6f,29,29.0,0.0,0
1ph7s6f,30,30.0,0.0,0
1ph7s6f,31,31.0,0.0,0
1phc5l0,0,0.0,1.0,0
1phc5l0,1,1.0,-1.0,0
1phc5l0,2,2.0,1.0,0
1phc5l0,3,3.0,1.0,0
1phc5l0,4,4.0,1.0,0
1phc5l0,5,5.0,1.0,0
1phc5l0,6,6.0,-1.0,0
1phc5l0,7,7.0,-1.0,0
1phc5l0,8,8.0,1.0,0
1phc5l0,9,9.0,-1.0,0
1phc5l0,10,10.0,1.0,0
1phc5l0,11,11.0,1.0,0
1phc5l0,12,12.0,1.0,0
1phc5l0,13,13.0,1.0,0
1phc5l0,14,14.0,1.0,0
1phc5l0,15,15.0,0.0,0
1phc5l0,16,16.0,0.0,0
1phc5l0,17,17.0,1.0,0
1phc5l0,18,18.0,1.0,0
1phc5l0,19,19.0,-1.0,0
1phc5l0,20,20.0,1.0,0
1phc5l0,21,21.0,0.0,0
1phc5l0,22,22.0,0.0,0
1phc5l0,23,23.0,0.0,0
1phc5l0,24,24.0,-1.0,0
1phc5l0,25,25.0,1.0,0
1phc5l0,26,26.0,0.0,0
1phc5l0,27,27.0,-1.0,0
1phc5l0,28,28.0,1.0,0
1phc5l0,29,29.0,1.0,0
1phc5l0,30,30.0,0.0,0
1phc5l0,31,31.0,1.0,0
1phc5l0,32,32.0,1.0,0
1phc5l0,33,33.0,1.0,0
1phc5l0,34,34.0,0.0,0
1phc5l0,35,35.0,1.0,0
1phc5l0,36,36.0,-1.0,0
1phc5l0,37,37.0,1.0,0
1phc5l0,38,38.0,-1.0,0
1phc5l0,39,39.0,1.0,0
1phc5l0,40,40.0,1.0,0
1phc5l0,41,41.0,0.0,0
1phc5l0,42,42.0,0.0,0
1phc5l0,43,43.0,1.0,0
1phc5l0,44,44.0,1.0,0
1phc5l0,45,45.0,-1.0,0
1phc5l0,46,46.0,1.0,0
1phc5l0,47,47.0,1.0,0
1phc5l0,48,48.0,0.0,0
1phc5l0,49,49.0,0.0,0
1phc5l0,50,50.0,1.0,0
1phc5l0,51,51.0,1.0,0
1phc5l0,52,52.0,-1.0,0
1phc5l0,53,53.0,0.0,0
1phc5l0,54,54.0,0.0,0
1phc5l0,55,55.0,1.0,0
1phc5l0,56,56.0,1.0,0
1phc5l0,57,57.0,1.0,0
1phc5l0,58,58.0,0.0,0
1phi86h,0,0.0,0.0,0
1phi86h,1,1.0,1.0,0
1phi86h,2,2.0,0.0,0
1phi86h,3,3.0,0.0,0
1phi86h,4,4.0,0.0,0
1phi86h,5,5.0,0.0,0
1phi86h,6,6.0,0.0,0
1phi86h,7,7.0,0.0,0
1phi86h,8,8.0,0.0,0
1phi86h,9,9.0,0.0,0
1pk0me0,0,0.0,0.0,0
1pk0me0,1,1.0,-1.0,0
1pk0me0,2,2.0,1.0,0
1pk0me0,3,3.0,0.0,0
1pk0me0,4,4.0,0.0,0
1pk0me0,5,5.0,0.0,0
1pk0me0,6,6.0,-1.0,0
1pk0me0,7,7.0,-1.0,0
1pk0me0,8,8.0,1.0,0
1pk0me0,9,9.0,-1.0,0
1pk0me0,10,10.0,-1.0,0
1pk0me0,11,11.0,1.0,0
1pk0me0,12,12.0,1.0,0
1pk0me0,13,13.0,0.0,0
1pk0me0,14,14.0,1.0,0
1pk0me0,15,15.0,-1.0,0
1pk0me0,16,16.0,0.0,0
1pk0me0,17,17.0,-1.0,0
1pk0me0,18,18.0,0.0,0
1pk0me0,19,19.0,0.0,0
1pk0me0,20,20.0,0.0,0
1pk0me0,21,21.0,-1.0,0
1pk0me0,22,22.0,0.0,0
1pk0me0,23,23.0,0.0,0
1pk0me0,24,25.0,0.0,0
1pk0me0,25,27.0,0.0,0
1pk0me0,26,30.0,-1.0,0
1pk0me0,27,31.0,0.0,0
1pk0me0,28,32.0,1.0,0
1pk0me0,29,33.0,-1.0,0
1pk0me0,30,56.0,1.0,0
1pk0me0,31,57.0,-1.0,0
1pk0me0,32,58.0,-1.0,0
1pk0me0,33,59.0,-1.0,0
1pk0me0,34,60.0,-1.0,0
1pk0me0,35,61.0,0.0,0
1pk0me0,36,63.0,1.0,0
1pk0me0,37,66.0,-1.0,0
1pk0me0,38,68.0,0.0,0
1pk0me0,39,73.0,1.0,0
1pk0me0,40,77.0,1.0,0
1pk0me0,41,78.0,1.0,0
1pk0me0,42,83.0,1.0,0
1pk0me0,43,87.0,-1.0,0
1pk0me0,44,88.0,1.0,0
1pk0me0,45,89.0,-1.0,0
1pk0me0,46,90.0,1.0,0
1pk0me0,47,94.0,0.0,0
1pk0me0,48,105.0,-1.0,0
1pk7926,0,0.0,0.0,0
1pk7926,1,1.0,0.0,0
1pk7926,2,2.0,1.0,0
1pk7926,3,3.0,-1.0,0
1pk7926,4,4.0,0.0,0
1pk7926,5,5.0,0.0,0
1pk7926,6,6.0,1.0,0
1pk7926,7,7.0,0.0,0
1pk7926,8,8.0,0.0,0
1pk7926,9,9.0,0.0,0
1pk7926,10,10.0,0.0,0
1pk7926,11,11.0,0.0,0
1pk7926,12,12.0,0.0,0
1pk7926,13,13.0,0.0,0
1pk7926,14,14.0,-1.0,0
1pk7926,15,15.0,-1.0,0
1plgpyu,0,0.0,1.0,0
1plgpyu,1,1.0,0.0,0
1plgpyu,2,2.0,-1.0,0
1plgpyu,3,3.0,0.0,0
1plgpyu,4,4.0,0.0,0
1plgpyu,5,5.0,1.0,0
1plgpyu,6,6.0,1.0,0
1plgpyu,7,7.0,1.0,0
1plgpyu,8,8.0,0.0,0
1plgpyu,9,9.0,1.0,0
1plgpyu,10,10.0,0.0,0
1plgpyu,11,11.0,1.0,0
1plgpyu,12,12.0,0.0,0
1plgpyu,13,13.0,0.0,0
1plgpyu,14,14.0,0.0,0
1plgpyu,15,15.0,0.0,0
1plgpyu,16,16.0,0.0,0
1plgpyu,17,17.0,-1.0,0
1plgpyu,18,18.0,1.0,0
1plgpyu,19,19.0,0.0,0
1plgpyu,20,20.0,0.0,0
1plgpyu,21,21.0,0.0,0
1plgpyu,22,22.0,1.0,0
1plgpyu,23,23.0,0.0,0
1plgpyu,24,24.0,0.0,0
1plgpyu,25,25.0,0.0,0
1plgpyu,26,26.0,1.0,0
1plgpyu,27,27.0,0.0,0
1plgpyu,28,28.0,0.0,0
1plgpyu,29,29.0,-1.0,0
1plgpyu,30,30.0,0.0,0
1plgpyu,31,31.0,0.0,0
1plgpyu,32,32.0,0.0,0
1plgpyu,33,33.0,0.0,0
1plgpyu,34,34.0,0.0,0
1plgpyu,35,35.0,0.0,0
1plgpyu,36,36.0,-1.0,0
1plgpyu,37,37.0,0.0,0
1plgpyu,38,38.0,0.0,0
1plgpyu,39,39.0,1.0,0
1plgpyu,40,40.0,0.0,0
1plgpyu,41,41.0,1.0,0
1plgpyu,42,42.0,0.0,0
1plgpyu,43,43.0,1.0,0
1plgpyu,44,44.0,0.0,0
1plgpyu,45,45.0,1.0,0
1plgpyu,46,46.0,0.0,0
1plgpyu,47,47.0,0.0,0
1plgpyu,48,48.0,0.0,0
1plgpyu,49,49.0,0.0,0
1plgpyu,50,50.0,0.0,0
1plgpyu,51,51.0,0.0,0
1plgpyu,52,52.0,0.0,0
1plgpyu,53,53.0,0.0,0
1plgpyu,54,54.0,1.0,0
1plgpyu,55,55.0,0.0,0
1plgpyu,56,56.0,1.0,0
1plgpyu,57,57.0,1.0,0
1plgpyu,58,58.0,-1.0,0
1plgpyu,59,59.0,1.0,0
1plgpyu,60,60.0,0.0,0
1plgpyu,61,61.0,0.0,0
1plgpyu,62,62.0,0.0,0
1plgpyu,63,63.0,-1.0,0
1plgpyu,64,64.0,1.0,0
1plgpyu,65,65.0,0.0,0
1plgpyu,66,66.0,0.0,0
1plgpyu,67,67.0,0.0,0
1plgpyu,68,68.0,0.0,0
1plgpyu,69,69.0,0.0,0
1plgpyu,70,70.0,0.0,0
1plgpyu,71,71.0,1.0,0
1plgpyu,72,72.0,0.0,0
1plgpyu,73,73.0,0.0,0
1plgpyu,74,74.0,0.0,0
1plgpyu,75,75.0,1.0,0
1plgpyu,76,76.0,1.0,0
1plgpyu,77,77.0,1.0,0
1plgpyu,78,78.0,1.0,0
1plgpyu,79,79.0,1.0,0
1plgpyu,80,80.0,0.0,0
1plgpyu,81,81.0,0.0,0
1plgpyu,82,82.0,1.0,0
1plgpyu,83,83.0,0.0,0
1plgpyu,84,84.0,1.0,0
1plgpyu,85,85.0,1.0,0
1plgpyu,86,86.0,0.0,0
1plgpyu,87,87.0,1.0,0
1plgpyu,88,88.0,1.0,0
1plgpyu,89,89.0,1.0,0
1plgpyu,90,90.0,1.0,0
1plgpyu,91,91.0,-1.0,0
1plgpyu,92,92.0,1.0,0
1plgpyu,93,93.0,0.0,0
1plgpyu,94,94.0,0.0,0
1plgpyu,95,95.0,0.0,0
1plgpyu,96,96.0,0.0,0
1plgpyu,97,97.0,1.0,0
1plgpyu,98,98.0,0.0,0
1plgpyu,99,99.0,0.0,0
1plgpyu,100,100.0,0.0,0
1plgpyu,101,101.0,-1.0,0
1plgpyu,102,102.0,0.0,0
1plgpyu,103,103.0,1.0,0
1plgpyu,104,104.0,-1.0,0
1plgpyu,105,105.0,1.0,0
1plgpyu,106,106.0,0.0,0
1plgpyu,107,107.0,1.0,0
1plgpyu,108,108.0,0.0,0
1plgpyu,109,109.0,-1.0,0
1plgpyu,110,110.0,1.0,0
1plgpyu,111,111.0,1.0,0
1plgpyu,112,112.0,1.0,0
1plgpyu,113,113.0,0.0,0
1plgpyu,114,114.0,0.0,0
1plgpyu,115,115.0,1.0,0
1plgpyu,116,116.0,0.0,0
1plgpyu,117,117.0,0.0,0
1plgpyu,118,118.0,0.0,0
1plgpyu,119,119.0,0.0,0
1plgpyu,120,120.0,1.0,0
1plgpyu,121,121.0,-1.0,0
1plgpyu,122,122.0,-1.0,0
1plgpyu,123,123.0,0.0,0
1plgpyu,124,124.0,1.0,0
1plgpyu,125,125.0,0.0,0
1plgpyu,126,126.0,0.0,0
1plgpyu,127,127.0,1.0,0
1plgpyu,128,128.0,1.0,0
1plgpyu,129,129.0,1.0,0
1plgpyu,130,130.0,1.0,0
1plgpyu,131,131.0,1.0,0
1plgpyu,132,132.0,1.0,0
1plgpyu,133,133.0,1.0,0
1plgpyu,134,134.0,0.0,0
1plgpyu,135,135.0,1.0,0
1plgpyu,136,136.0,1.0,0
1plgpyu,137,137.0,0.0,0
1plgpyu,138,138.0,1.0,0
1plgpyu,139,139.0,0.0,0
1plgpyu,140,140.0,0.0,0
1plgpyu,141,141.0,0.0,0
1plgpyu,142,142.0,0.0,0
1plgpyu,143,143.0,0.0,0
1plgpyu,144,144.0,0.0,0
1plgpyu,145,145.0,0.0,0
1plgpyu,146,146.0,0.0,0
1plgpyu,147,147.0,0.0,0
1plgpyu,148,148.0,0.0,0
1plgpyu,149,149.0,0.0,0
1plgpyu,150,150.0,0.0,0
1plgpyu,151,151.0,0.0,0
1plgpyu,152,152.0,0.0,0
1plgpyu,153,153.0,0.0,0
1plgpyu,154,154.0,1.0,0
1plgpyu,155,155.0,0.0,0
1plgpyu,156,156.0,0.0,0
1plgpyu,157,157.0,0.0,0
1plgpyu,158,158.0,0.0,0
1plgpyu,159,159.0,0.0,0
1plgpyu,160,160.0,0.0,0
1plgpyu,161,161.0,0.0,0
1plgpyu,162,162.0,0.0,0
1plgpyu,163,163.0,0.0,0
1plgpyu,164,164.0,0.0,0
1plgpyu,165,165.0,0.0,0
1plgpyu,166,166.0,0.0,0
1plgpyu,167,167.0,0.0,0
1plgpyu,168,168.0,0.0,0
1plgpyu,169,169.0,0.0,0
1plgpyu,170,170.0,0.0,0
1plgpyu,171,171.0,0.0,0
1plgpyu,172,172.0,0.0,0
1plgpyu,173,173.0,0.0,0
1plgpyu,174,174.0,1.0,0
1plgpyu,175,175.0,0.0,0
1plgpyu,176,176.0,0.0,0
1plgpyu,177,177.0,-1.0,0
1plgpyu,178,178.0,1.0,0
1plgpyu,179,179.0,-1.0,0
1plgpyu,180,180.0,0.0,0
1plgpyu,181,181.0,0.0,0
1plgpyu,182,182.0,0.0,0
1plgpyu,183,183.0,0.0,0
1plgpyu,184,184.0,0.0,0
1plgpyu,185,185.0,0.0,0
1plgpyu,186,186.0,0.0,0
1plgpyu,187,187.0,0.0,0
1plgpyu,188,188.0,0.0,0
1plgpyu,189,189.0,0.0,0
1plgpyu,190,190.0,0.0,0
1plgpyu,191,191.0,0.0,0
1plgpyu,192,192.0,0.0,0
1plgpyu,193,193.0,0.0,0
1plgpyu,194,194.0,0.0,0
1plgpyu,195,195.0,0.0,0
1plgpyu,196,196.0,1.0,0
1plgpyu,197,197.0,0.0,0
1plgpyu,198,198.0,-1.0,0
1plgpyu,199,199.0,1.0,0
1pmalpv,0,0.0,-1.0,0
1pmalpv,1,1.0,0.0,0
1pmalpv,2,2.0,-1.0,0
1pmalpv,3,3.0,-1.0,0
1pmalpv,4,4.0,1.0,0
1pmalpv,5,5.0,0.0,0
1pmalpv,6,6.0,-1.0,0
1pmalpv,7,7.0,1.0,0
1pmalpv,8,8.0,0.0,0
1pmalpv,9,9.0,0.0,0
1pmalpv,10,10.0,0.0,0
1pmalpv,11,11.0,-1.0,0
1pmalpv,12,12.0,1.0,0
1pmalpv,13,13.0,-1.0,0
1pmalpv,14,14.0,0.0,0
1pmalpv,15,15.0,-1.0,0
1pmalpv,16,16.0,-1.0,0
1pmalpv,17,17.0,1.0,0
1pmalpv,18,18.0,0.0,0
1pmalpv,19,19.0,0.0,0
1pmalpv,20,20.0,0.0,0
1pmalpv,21,21.0,0.0,0
1pmalpv,22,22.0,0.0,0
1pmalpv,23,23.0,1.0,0
1pmalpv,24,24.0,1.0,0
1pmalpv,25,25.0,-1.0,0
1pmmuoe,0,0.0,0.0,0
1pmmuoe,1,1.0,0.0,0
1pmmuoe,2,2.0,0.0,0
1pmmuoe,3,3.0,0.0,0
1pmmuoe,4,4.0,0.0,0
1pmmuoe,5,5.0,0.0,0
1pmmuoe,6,6.0,0.0,0
1pmmuoe,7,7.0,0.0,0
1pmmuoe,8,8.0,0.0,0
1pmmuoe,9,9.0,0.0,0
1pmmuoe,10,10.0,0.0,0
1pmmuoe,11,11.0,0.0,0
1pmmuoe,12,12.0,0.0,0
1pmmuoe,13,13.0,0.0,0
1pmmuoe,14,14.0,0.0,0
1pmmuoe,15,15.0,0.0,0
1pmmuoe,16,16.0,0.0,0
1pmmuoe,17,17.0,0.0,0
1pmmuoe,18,18.0,0.0,0
1poxqbk,0,0.0,0.0,0
1poxqbk,1,1.0,-1.0,0
1poxqbk,2,2.0,0.0,0
1poxqbk,3,3.0,0.0,0
1poxqbk,4,4.0,0.0,0
1poxqbk,5,5.0,0.0,0
1poxqbk,6,6.0,0.0,0
1pplall,0,0.0,0.0,0
1pplall,1,1.0,1.0,0
1pplall,2,2.0,0.0,0
1pplall,3,3.0,0.0,0
1pplall,4,4.0,0.0,0
1pplall,5,5.0,0.0,0
1pplall,6,6.0,1.0,0
1pplall,7,7.0,0.0,0
1pplall,8,8.0,1.0,0
1pplall,9,9.0,1.0,0
1pplall,10,10.0,1.0,0
1pplall,11,11.0,1.0,0
1pplall,12,12.0,1.0,0
1pplall,13,13.0,1.0,0
1pplall,14,14.0,1.0,0
1pplall,15,15.0,1.0,0
1pplall,16,16.0,1.0,0
1pplall,17,17.0,1.0,0
1pplall,18,18.0,1.0,0
1pplall,19,19.0,0.0,0
1pplall,20,20.0,0.0,0
1pplall,21,21.0,1.0,0
1pplall,22,22.0,1.0,0
1pplall,23,23.0,-1.0,0
1pplall,24,24.0,1.0,0
1pplall,25,25.0,1.0,0
1pplall,26,26.0,1.0,0
1pplall,27,27.0,1.0,0
1pplall,28,28.0,1.0,0
1pplall,29,29.0,1.0,0
1pplall,30,30.0,1.0,0
1pplall,31,31.0,1.0,0
1pplall,32,32.0,1.0,0
1pplall,33,33.0,1.0,0
1pplall,34,34.0,1.0,0
1pplall,35,35.0,1.0,0
1pplall,36,36.0,-1.0,0
1pplall,37,37.0,0.0,0
1pplall,38,38.0,0.0,0
1pplall,39,39.0,1.0,0
1pplall,40,40.0,1.0,0
1pplall,41,41.0,1.0,0
1pplall,42,42.0,1.0,0
1pplall,43,43.0,1.0,0
1pplall,44,44.0,1.0,0
1pplall,45,45.0,-1.0,0
1pplall,46,46.0,0.0,0
1pplall,47,47.0,1.0,0
1pplall,48,48.0,1.0,0
1pplall,49,49.0,1.0,0
1pplall,50,50.0,1.0,0
1pplall,51,51.0,1.0,0
1pplall,52,52.0,1.0,0
1pplall,53,53.0,1.0,0
1pplall,54,54.0,1.0,0
1pplall,55,55.0,1.0,0
1pplall,56,56.0,1.0,0
1pplall,57,57.0,1.0,0
1pplall,58,58.0,-1.0,0
1pplall,59,59.0,0.0,0
1pplall,60,60.0,1.0,0
1pplall,61,61.0,1.0,0
1pplall,62,62.0,1.0,0
1pplall,63,63.0,1.0,0
1pplall,64,64.0,1.0,0
1pplall,65,65.0,1.0,0
1pplall,66,66.0,1.0,0
1pplall,67,67.0,1.0,0
1pplall,68,68.0,1.0,0
1pplall,69,69.0,1.0,0
1pplall,70,70.0,1.0,0
1pplall,71,71.0,1.0,0
1pplall,72,72.0,1.0,0
1pplall,73,73.0,1.0,0
1pplall,74,74.0,1.0,0
1pplall,75,75.0,1.0,0
1pplall,76,76.0,1.0,0
1pplall,77,77.0,-1.0,0
1pplall,78,78.0,1.0,0
1pplall,79,79.0,-1.0,0
1pplall,80,80.0,1.0,0
1pplall,81,81.0,1.0,0
1pplall,82,82.0,1.0,0
1pplall,83,83.0,1.0,0
1pplall,84,84.0,1.0,0
1pplall,85,85.0,1.0,0
1ptpex0,0,0.0,0.0,0
1ptpex0,1,1.0,0.0,0
1ptpex0,2,2.0,0.0,0
1ptpex0,3,3.0,0.0,0
1ptpex0,4,4.0,0.0,0
1ptpex0,5,5.0,1.0,0
1ptpex0,6,6.0,1.0,0
1ptpex0,7,7.0,1.0,0
1pvaucz,0,0.0,0.0,1
1pvaucz,1,1.0,-1.0,1
1pvaucz,2,2.0,1.0,1
1pvaucz,3,3.0,0.0,1
1pvaucz,4,4.0,0.0,1
1pvaucz,5,5.0,1.0,1
1pvaucz,6,6.0,0.0,1
1pvaucz,7,7.0,0.0,1
1pvaucz,8,8.0,0.0,1
1pvaucz,9,9.0,0.0,1
1pvaucz,10,10.0,1.0,1
1pvaucz,11,11.0,0.0,1
1pvaucz,12,12.0,0.0,1
1pvaucz,13,13.0,0.0,1
1pvaucz,14,14.0,0.0,1
1pvaucz,15,15.0,0.0,1
1pvaucz,16,16.0,-1.0,1
1pvaucz,17,17.0,-1.0,1
1pvaucz,18,18.0,1.0,1
1pvaucz,19,19.0,0.0,1
1pvaucz,20,20.0,0.0,1
1pvaucz,21,21.0,0.0,1
1pvaucz,22,22.0,-1.0,1
1pvaucz,23,23.0,0.0,1
1pvaucz,24,24.0,-1.0,1
1pvaucz,25,25.0,0.0,1
1pvaucz,26,26.0,0.0,1
1pvaucz,27,27.0,1.0,1
1pvaucz,28,28.0,1.0,1
1pvaucz,29,29.0,1.0,1
1pvaucz,30,30.0,0.0,1
1pvaucz,31,31.0,1.0,1
1pvaucz,32,32.0,0.0,1
1pvaucz,33,33.0,0.0,1
1pvaucz,34,34.0,-1.0,1
1pvaucz,35,35.0,-1.0,1
1pvaucz,36,36.0,0.0,1
1pvaucz,37,37.0,0.0,1
1pvaucz,38,38.0,1.0,1
1pvaucz,39,39.0,-1.0,1
1pvaucz,40,40.0,1.0,1
1pvaucz,41,41.0,1.0,1
1pvaucz,42,42.0,0.0,1
1pvhjqs,0,0.0,0.0,0
1pvhjqs,1,1.0,0.0,0
1pvhjqs,2,2.0,0.0,0
1pw2w4g,0,0.0,0.0,0
1pw2w4g,1,1.0,-1.0,0
1pw2w4g,2,2.0,0.0,0
1pw2w4g,3,3.0,0.0,0
1pw2w4g,4,4.0,1.0,0
1pw2w4g,5,5.0,0.0,0
1pw2w4g,6,6.0,1.0,0
1pw2w4g,7,7.0,1.0,0
1pw2w4g,8,8.0,-1.0,0
1pw2w4g,9,9.0,0.0,0
1pw2w4g,10,10.0,0.0,0
1pw2w4g,11,11.0,1.0,0
1pw2w4g,12,12.0,-1.0,0
1pw2w4g,13,13.0,0.0,0
1pw2w4g,14,14.0,-1.0,0
1pw2w4g,15,15.0,0.0,0
1pw2w4g,16,16.0,0.0,0
1pw2w4g,17,17.0,0.0,0
1pw2w4g,18,18.0,0.0,0
1pw2w4g,19,19.0,0.0,0
1pw2w4g,20,20.0,0.0,0
1pw2w4g,21,21.0,0.0,0
1pw2w4g,22,22.0,-1.0,0
1pw2w4g,23,23.0,-1.0,0
1pw2w4g,24,24.0,-1.0,0
1pw2w4g,25,25.0,1.0,0
1pw2w4g,26,26.0,-1.0,0
1pw2w4g,27,27.0,0.0,0
1pw2w4g,28,28.0,0.0,0
1pw2w4g,29,29.0,0.0,0
1pw2w4g,30,30.0,-1.0,0
1pw2w4g,31,31.0,0.0,0
1pw2w4g,32,32.0,-1.0,0
1pw2w4g,33,33.0,-1.0,0
1pw2w4g,34,34.0,0.0,0
1pw2w4g,35,35.0,0.0,0
1pw2w4g,36,36.0,0.0,0
1pw2w4g,37,37.0,-1.0,0
1pw2w4g,38,38.0,0.0,0
1pw2w4g,39,39.0,-1.0,0
1pw2w4g,40,40.0,1.0,0
1pw2w4g,41,41.0,-1.0,0
1pw2w4g,42,42.0,0.0,0
1pw2w4g,43,43.0,0.0,0
1pw2w4g,44,44.0,0.0,0
1pw2w4g,45,45.0,0.0,0
1pw2w4g,46,46.0,0.0,0
1pw2w4g,47,47.0,0.0,0
1pw2w4g,48,48.0,0.0,0
1pw2w4g,49,49.0,0.0,0
1pw2w4g,50,50.0,-1.0,0
1pw2w4g,51,51.0,0.0,0
1pw2w4g,52,52.0,0.0,0
1pw2w4g,53,53.0,-1.0,0
1pw2w4g,54,54.0,-1.0,0
1pw2w4g,55,55.0,-1.0,0
1pw2w4g,56,56.0,-1.0,0
1pw2w4g,57,57.0,0.0,0
1pw2w4g,58,58.0,-1.0,0
1pw2w4g,59,59.0,-1.0,0
1pw2w4g,60,60.0,0.0,0
1pw2w4g,61,61.0,0.0,0
1pw2w4g,62,62.0,0.0,0
1pw2w4g,63,63.0,0.0,0
1pw2w4g,64,64.0,0.0,0
1pw2w4g,65,65.0,0.0,0
1pw2w4g,66,66.0,-1.0,0
1pw2w4g,67,67.0,-1.0,0
1pw2w4g,68,68.0,-1.0,0
1pw2w4g,69,69.0,-1.0,0
1pw2w4g,70,70.0,0.0,0
1pw2w4g,71,71.0,-1.0,0
1pw2w4g,72,72.0,-1.0,0
1pw2w4g,73,73.0,0.0,0
1pw2w4g,74,74.0,0.0,0
1pw2w4g,75,75.0,0.0,0
1pw2w4g,76,76.0,0.0,0
1pw2w4g,77,77.0,0.0,0
1pwbgvl,0,0.0,1.0,0
1pwbgvl,1,1.0,-1.0,0
1pwbgvl,2,2.0,0.0,0
1pwbgvl,3,3.0,-1.0,0
1pwbgvl,4,4.0,0.0,0
1pwbgvl,5,5.0,0.0,0
1pwbgvl,6,6.0,-1.0,0
1pwbgvl,7,7.0,-1.0,0
1pwbgvl,8,8.0,1.0,0
1pwbgvl,9,9.0,0.0,0
1pwbgvl,10,10.0,0.0,0
1pwbgvl,11,11.0,0.0,0
1pwbgvl,12,12.0,0.0,0
1pwbgvl,13,13.0,0.0,0
1pwbgvl,14,14.0,0.0,0
1pwbgvl,15,15.0,1.0,0
1pwbgvl,16,16.0,0.0,0
1pwbgvl,17,17.0,-1.0,0
1pwbgvl,18,18.0,0.0,0
1pwbgvl,19,19.0,0.0,0
1pwbgvl,20,20.0,-1.0,0
1pwbgvl,21,21.0,-1.0,0
1pwbgvl,22,22.0,0.0,0
1pwbgvl,23,23.0,-1.0,0
1pwbgvl,24,24.0,0.0,0
1pwbgvl,25,25.0,1.0,0
1pwbgvl,26,26.0,-1.0,0
1pwbgvl,27,27.0,1.0,0
1pwbgvl,28,28.0,-1.0,0
1pwbgvl,29,29.0,1.0,0
1pwbgvl,30,30.0,-1.0,0
1pwbgvl,31,31.0,0.0,0
1pwbgvl,32,32.0,0.0,0
1pwbgvl,33,33.0,0.0,0
1pwbgvl,34,34.0,0.0,0
1pwbgvl,35,35.0,0.0,0
1pwbgvl,36,36.0,0.0,0
1pwbgvl,37,37.0,-1.0,0
1pwbgvl,38,38.0,-1.0,0
1pwbgvl,39,39.0,0.0,0
1pwbgvl,40,40.0,0.0,0
1pxmaae,0,0.0,1.0,0
1pxmaae,1,1.0,0.0,0
1pxmaae,2,2.0,-1.0,0
1pxmaae,3,3.0,0.0,0
1pxmaae,4,4.0,0.0,0
1pxmaae,5,5.0,1.0,0
1pxmaae,6,6.0,0.0,0
1pxmaae,7,7.0,-1.0,0
1pxmaae,8,8.0,1.0,0
1pxmaae,9,9.0,1.0,0
1pxmaae,10,10.0,1.0,0
1pxmaae,11,11.0,-1.0,0
1pxmaae,12,12.0,1.0,0
1pxmaae,13,13.0,0.0,0
1pxmaae,14,14.0,1.0,0
1pxmaae,15,15.0,0.0,0
1pxmaae,16,16.0,0.0,0
1pxmaae,17,17.0,0.0,0
1pxmaae,18,18.0,0.0,0
1pxmaae,19,19.0,0.0,0
1pxmaae,20,20.0,0.0,0
1pxmaae,21,21.0,0.0,0
1pxmaae,22,22.0,0.0,0
1pxmaae,23,23.0,1.0,0
1pxmaae,24,24.0,0.0,0
1pxmaae,25,25.0,-1.0,0
1pxmaae,26,26.0,0.0,0
1pxmaae,27,27.0,0.0,0
1pxmaae,28,28.0,0.0,0
1pxmaae,29,29.0,0.0,0
1pxmaae,30,30.0,0.0,0
1pxmaae,31,31.0,-1.0,0
1pxmaae,32,32.0,1.0,0
1pxmaae,33,33.0,0.0,0
1pxmaae,34,34.0,0.0,0
1pxmaae,35,35.0,-1.0,0
1pxmaae,36,36.0,-1.0,0
1pxmaae,37,37.0,-1.0,0
1pxmaae,38,38.0,1.0,0
1pxmaae,39,39.0,-1.0,0
1pxmaae,40,40.0,0.0,0
1pxmaae,41,41.0,0.0,0
1pxmaae,42,42.0,1.0,0
1pxmaae,43,43.0,1.0,0
1pxmaae,44,44.0,0.0,0
1pxmaae,45,45.0,0.0,0
1pxmaae,46,46.0,1.0,0
1pxmaae,47,47.0,0.0,0
1pxmaae,48,48.0,1.0,0
1pxmaae,49,49.0,0.0,0
1pxmaae,50,50.0,1.0,0
1pxmaae,51,51.0,1.0,0
1pxmaae,52,52.0,1.0,0
1pxmaae,53,53.0,-1.0,0
1pxmaae,54,54.0,-1.0,0
1pxmaae,55,55.0,1.0,0
1pxmaae,56,56.0,1.0,0
1pxmaae,57,57.0,0.0,0
1pxmaae,58,58.0,0.0,0
1pxmaae,59,59.0,0.0,0
1pxmaae,60,60.0,0.0,0
1pxmaae,61,61.0,0.0,0
1pxmaae,62,62.0,0.0,0
1pxmaae,63,63.0,0.0,0
1pxmaae,64,64.0,1.0,0
1pzeot4,0,0.0,0.0,0
1pzeot4,1,1.0,-1.0,0
1pzeot4,2,2.0,-1.0,0
1pzeot4,3,3.0,0.0,0
1pzeot4,4,4.0,0.0,0
1pzeot4,5,5.0,0.0,0
1pzeot4,6,6.0,1.0,0
1pzeot4,7,7.0,1.0,0
1pzeot4,8,8.0,1.0,0
1pzeot4,9,9.0,0.0,0
1pzeot4,10,10.0,1.0,0
1pzeot4,11,11.0,0.0,0
1pzeot4,12,12.0,0.0,0
1pzeot4,13,13.0,0.0,0
1pzeot4,14,14.0,0.0,0
1pzeot4,15,15.0,0.0,0
1pzeot4,16,16.0,-1.0,0
1pzeot4,17,17.0,0.0,0
1pzeot4,18,18.0,-1.0,0
1pzeot4,19,19.0,-1.0,0
1pzeot4,20,20.0,-1.0,0
1pzeot4,21,21.0,0.0,0
1pzeot4,22,22.0,0.0,0
1pzeot4,23,23.0,-1.0,0
1pzeot4,24,24.0,0.0,0
1pzeot4,25,25.0,-1.0,0
1pzeot4,26,26.0,1.0,0
1pzeot4,27,27.0,1.0,0
1pzeot4,28,28.0,0.0,0
1pzeot4,29,29.0,0.0,0
1pzeot4,30,30.0,0.0,0
1pzeot4,31,31.0,0.0,0
1pzeot4,32,32.0,0.0,0
1pzeot4,33,33.0,0.0,0
1pzeot4,34,34.0,0.0,0
1pzeot4,35,35.0,1.0,0
1pzeot4,36,36.0,1.0,0
1pzeot4,37,37.0,1.0,0
1pzeot4,38,38.0,0.0,0
1pzeot4,39,39.0,0.0,0
1pzeot4,40,40.0,0.0,0
1pzeot4,41,41.0,0.0,0
1pzeot4,42,42.0,0.0,0
1pzeot4,43,43.0,0.0,0
1pzeot4,44,44.0,0.0,0
1pzeot4,45,45.0,0.0,0
1pzeot4,46,46.0,-1.0,0
1pzeot4,47,47.0,0.0,0
1pzeot4,48,48.0,0.0,0
1pzeot4,49,49.0,0.0,0
1pzgrl3,0,0.0,0.0,0
1pzgrl3,1,1.0,0.0,0
1pzgrl3,2,2.0,0.0,0
1pzgrl3,3,3.0,0.0,0
1pzgrl3,4,4.0,0.0,0
1pzgrl3,5,5.0,0.0,0
1pzgrl3,6,6.0,0.0,0
1pzgrl3,7,7.0,-1.0,0
1pzgrl3,8,8.0,0.0,0
1pzgrl3,9,9.0,0.0,0
1pzgrl3,10,10.0,-1.0,0
1pzgrl3,11,11.0,0.0,0
1pzgrl3,12,12.0,0.0,0
1pzgrl3,13,13.0,0.0,0
1pzgrl3,14,14.0,-1.0,0
1pzgrl3,15,15.0,-1.0,0
1pzgrl3,16,16.0,0.0,0
1pzgrl3,17,17.0,0.0,0
1pzgrl3,18,18.0,-1.0,0
1pzgrl3,19,19.0,0.0,0
1pzgrl3,20,20.0,0.0,0
1pzgrl3,21,21.0,-1.0,0
1pzgrl3,22,22.0,-1.0,0
1pzgrl3,23,23.0,0.0,0
1pzgrl3,24,24.0,-1.0,0
1pzgrl3,25,25.0,0.0,0
1pzgrl3,26,26.0,0.0,0
1pzgrl3,27,27.0,0.0,0
1pzgrl3,28,28.0,0.0,0
1pzgrl3,29,29.0,0.0,0
1pzgrl3,30,30.0,0.0,0
1pzgrl3,31,31.0,0.0,0
1pzgrl3,32,32.0,0.0,0
1pzgrl3,33,33.0,0.0,0
1pzgrl3,34,34.0,0.0,0
1pzgrl3,35,35.0,0.0,0
1pzgrl3,36,36.0,0.0,0
1pzgrl3,37,37.0,-1.0,0
1pzgrl3,38,38.0,-1.0,0
1pzgrl3,39,39.0,-1.0,0
1pzgrl3,40,40.0,0.0,0
1pzgrl3,41,41.0,-1.0,0
1pzgrl3,42,42.0,0.0,0
1pzgrl3,43,43.0,0.0,0
1pzgrl3,44,44.0,0.0,0
1pzgrl3,45,45.0,1.0,0
1pzgrl3,46,46.0,0.0,0
1pzgrl3,47,47.0,0.0,0
1pzgrl3,48,48.0,0.0,0
1pzgrl3,49,49.0,0.0,0
1pzgrl3,50,50.0,-1.0,0
1pzgrl3,51,51.0,0.0,0
1pzgrl3,52,52.0,0.0,0
1pzgrl3,53,53.0,0.0,0
1pzgrl3,54,54.0,0.0,0
1pzgrl3,55,55.0,0.0,0
1pzgrl3,56,56.0,0.0,0
1pzgrl3,57,57.0,0.0,0
1pzgrl3,58,58.0,0.0,0
1pzgrl3,59,59.0,1.0,0
1pzgrl3,60,60.0,1.0,0
1pzgrl3,61,61.0,0.0,0
1pzgrl3,62,62.0,0.0,0
1pzgrl3,63,63.0,0.0,0
1pzgrl3,64,64.0,0.0,0
1pzgrl3,65,65.0,0.0,0
1pzgrl3,66,66.0,-1.0,0
1pzgrl3,67,67.0,0.0,0
1pzgrl3,68,68.0,0.0,0
1pzgrl3,69,69.0,0.0,0
1pzgrl3,70,70.0,0.0,0
1pzgrl3,71,71.0,0.0,0
1pzgrl3,72,72.0,0.0,0
1pzgrl3,73,73.0,1.0,0
1pzgrl3,74,74.0,0.0,0
1pzgrl3,75,75.0,0.0,0
1pzgrl3,76,76.0,-1.0,0
1pzgrl3,77,77.0,1.0,0
1pzgrl3,78,78.0,1.0,0
1pzgrl3,79,79.0,0.0,0
1pzgrl3,80,80.0,-1.0,0
1pzgrl3,81,81.0,-1.0,0
1pzgrl3,82,82.0,-1.0,0
1pzgrl3,83,83.0,0.0,0
1pzgrl3,84,84.0,0.0,0
1pzgrl3,85,85.0,0.0,0
1pzgrl3,86,86.0,1.0,0
1pzgrl3,87,87.0,0.0,0
1pzgrl3,88,88.0,-1.0,0
1pzgrl3,89,89.0,0.0,0
1pzgrl3,90,90.0,-1.0,0
1pzgrl3,91,91.0,0.0,0
1pzgrl3,92,92.0,-1.0,0
1pzgrl3,93,93.0,-1.0,0
1pzgrl3,94,94.0,-1.0,0
1pzgrl3,95,95.0,0.0,0
1pzgrl3,96,96.0,0.0,0
1pzgrl3,97,97.0,0.0,0
1pzgrl3,98,98.0,0.0,0
1pzgrl3,99,99.0,0.0,0
1pzgrl3,100,100.0,0.0,0
1pzgrl3,101,101.0,0.0,0
1pzgrl3,102,102.0,0.0,0
1pzgrl3,103,103.0,1.0,0
1pzgrl3,104,104.0,-1.0,0
1pzgrl3,105,105.0,-1.0,0
1pzgrl3,106,106.0,-1.0,0
1pzgrl3,107,107.0,0.0,0
1pzgrl3,108,108.0,0.0,0
1pzgrl3,109,109.0,0.0,0
1pzgrl3,110,110.0,0.0,0
1pzgrl3,111,111.0,0.0,0
1pzgrl3,112,112.0,0.0,0
1pzgrl3,113,113.0,0.0,0
1pzgrl3,114,114.0,0.0,0
1pzgrl3,115,115.0,1.0,0
1pzgrl3,116,116.0,0.0,0
1pzgrl3,117,117.0,0.0,0
1pzgrl3,118,118.0,1.0,0
1pzgrl3,119,119.0,0.0,0
1pzgrl3,120,120.0,0.0,0
1pzgrl3,121,121.0,0.0,0
1pzgrl3,122,122.0,0.0,0
1pzgrl3,123,123.0,0.0,0
1pzgrl3,124,124.0,0.0,0
1pzgrl3,125,125.0,0.0,0
1pzgrl3,126,126.0,0.0,0
1pzgrl3,127,127.0,0.0,0
1pzgrl3,128,128.0,0.0,0
1pzgrl3,129,129.0,0.0,0
1pzgrl3,130,130.0,0.0,0
1pzgrl3,131,131.0,0.0,0
1pzgrl3,132,132.0,0.0,0
1pzgrl3,133,133.0,0.0,0
1pzgrl3,134,134.0,0.0,0
1pzgrl3,135,135.0,0.0,0
1pzgrl3,136,136.0,1.0,0
1pzgrl3,137,137.0,0.0,0
1pzgrl3,138,138.0,0.0,0
1pzgrl3,139,139.0,0.0,0
1pzgrl3,140,140.0,0.0,0
1pzgrl3,141,141.0,0.0,0
1pzgrl3,142,142.0,0.0,0
1pzgrl3,143,143.0,0.0,0
1pzgrl3,144,144.0,0.0,0
1pzgrl3,145,145.0,0.0,0
1pzgrl3,146,146.0,0.0,0
1pzgrl3,147,147.0,0.0,0
1pzgrl3,148,148.0,-1.0,0
1pzgrl3,149,149.0,-1.0,0
1pzgrl3,150,150.0,0.0,0
1pzgrl3,151,151.0,0.0,0
1pzgrl3,152,152.0,0.0,0
1pzgrl3,153,153.0,0.0,0
1pzgrl3,154,154.0,0.0,0
1pzgrl3,155,155.0,0.0,0
1pzgrl3,156,156.0,-1.0,0
1pzgrl3,157,157.0,0.0,0
1pzgrl3,158,158.0,0.0,0
1pzgrl3,159,159.0,0.0,0
1pzgrl3,160,160.0,0.0,0
1pzgrl3,161,161.0,0.0,0
1pzgrl3,162,162.0,0.0,0
1pzgrl3,163,163.0,0.0,0
1pzgrl3,164,164.0,0.0,0
1pzgrl3,165,165.0,0.0,0
1pzgrl3,166,166.0,0.0,0
1pzgrl3,167,167.0,1.0,0
1pzgrl3,168,168.0,0.0,0
1pzgrl3,169,169.0,0.0,0
1pzgrl3,170,170.0,0.0,0
1pzgrl3,171,171.0,0.0,0
1pzgrl3,172,172.0,0.0,0
1pzgrl3,173,173.0,0.0,0
1pzgrl3,174,174.0,1.0,0
1pzgrl3,175,175.0,0.0,0
1pzgrl3,176,176.0,0.0,0
1pzgrl3,177,177.0,0.0,0
1q0l1t7,0,0.0,1.0,0
1q0l1t7,1,1.0,0.0,0
1q0l1t7,2,2.0,1.0,0
1q0l1t7,3,3.0,0.0,0
1q0l1t7,4,4.0,1.0,0
1q0l1t7,5,5.0,0.0,0
1q0l1t7,6,6.0,0.0,0
1q0l1t7,7,7.0,-1.0,0
1q0l1t7,8,8.0,0.0,0
1q0l1t7,9,9.0,0.0,0
1q0l1t7,10,10.0,0.0,0
1q0l1t7,11,11.0,1.0,0
1q0l1t7,12,12.0,0.0,0
1q0l1t7,13,13.0,0.0,0
1q0l1t7,14,14.0,0.0,0
1q0l1t7,15,15.0,1.0,0
1q0l1t7,16,16.0,0.0,0
1q0l1t7,17,17.0,0.0,0
1q0l1t7,18,18.0,0.0,0
1q0l1t7,19,19.0,0.0,0
1q0l1t7,20,20.0,1.0,0
1q0l1t7,21,21.0,0.0,0
1q0l1t7,22,22.0,0.0,0
1q0l1t7,23,23.0,-1.0,0
1q0l1t7,24,24.0,0.0,0
1q0l1t7,25,25.0,0.0,0
1q0l1t7,26,26.0,0.0,0
1q0l1t7,27,27.0,0.0,0
1q0l1t7,28,28.0,0.0,0
1q0l1t7,29,29.0,1.0,0
1q0l1t7,30,30.0,0.0,0
1q0l1t7,31,31.0,0.0,0
1q0l1t7,32,32.0,0.0,0
1q0l1t7,33,33.0,0.0,0
1q0l1t7,34,34.0,0.0,0
1q0l1t7,35,35.0,0.0,0
1q0l1t7,36,36.0,0.0,0
1q0l1t7,37,37.0,0.0,0
1q0l1t7,38,38.0,0.0,0
1q0l1t7,39,39.0,0.0,0
1q0l1t7,40,40.0,0.0,0
1q0l1t7,41,41.0,0.0,0
1q0l1t7,42,42.0,0.0,0
1q0l1t7,43,43.0,0.0,0
1q0l1t7,44,44.0,0.0,0
1q0l1t7,45,45.0,0.0,0
1q0l1t7,46,46.0,0.0,0
1q0l1t7,47,47.0,0.0,0
1q0l1t7,48,48.0,0.0,0
1q0l1t7,49,49.0,0.0,0
1q0l1t7,50,50.0,0.0,0
1q0l1t7,51,51.0,-1.0,0
1q0l1t7,52,52.0,0.0,0
1q0l1t7,53,53.0,0.0,0
1q0l1t7,54,54.0,0.0,0
1q0l1t7,55,55.0,0.0,0
1q0l1t7,56,56.0,0.0,0
1q0l1t7,57,57.0,0.0,0
1q0l1t7,58,58.0,0.0,0
1q0l1t7,59,59.0,0.0,0
1q0l1t7,60,60.0,1.0,0
1q0l1t7,61,61.0,0.0,0
1q0l1t7,62,62.0,0.0,0
1q0l1t7,63,63.0,0.0,0
1q0l1t7,64,64.0,0.0,0
1q0l1t7,65,65.0,0.0,0
1q0l1t7,66,66.0,0.0,0
1q0l1t7,67,67.0,0.0,0
1q0l1t7,68,68.0,0.0,0
1q0l1t7,69,69.0,-1.0,0
1q0l1t7,70,70.0,0.0,0
1q0l1t7,71,71.0,0.0,0
1q0l1t7,72,72.0,0.0,0
1q0l1t7,73,73.0,1.0,0
1q0l1t7,74,74.0,1.0,0
1q0l1t7,75,75.0,0.0,0
1q0l1t7,76,76.0,0.0,0
1q0l1t7,77,77.0,-1.0,0
1q0l1t7,78,78.0,0.0,0
1q0l1t7,79,79.0,1.0,0
1q0l1t7,80,80.0,1.0,0
1q235li,0,0.0,0.0,0
1q235li,1,1.0,0.0,0
1q235li,2,2.0,0.0,0
1q235li,3,3.0,0.0,0
1q235li,4,4.0,0.0,0
1q235li,5,5.0,0.0,0
1q235li,6,6.0,0.0,0
1q235li,7,7.0,0.0,0
1q235li,8,8.0,0.0,0
1q235li,9,9.0,0.0,0
1q235li,10,10.0,0.0,0
1q235li,11,11.0,0.0,0
1q235li,12,12.0,0.0,0
1q235li,13,13.0,0.0,0
1q235li,14,14.0,0.0,0
1q235li,15,15.0,0.0,0
1q235li,16,16.0,0.0,0
1q2a5ft,0,0.0,-1.0,0
1q2a5ft,1,1.0,0.0,0
1q2a5ft,2,2.0,0.0,0
1q2a5ft,3,3.0,0.0,0
1q2a5ft,4,4.0,0.0,0
1q2a5ft,5,5.0,0.0,0
1q2a5ft,6,6.0,-1.0,0
1q2a5ft,7,7.0,0.0,0
1q2a5ft,8,8.0,0.0,0
1q2a5ft,9,9.0,-1.0,0
1q2a5ft,10,10.0,-1.0,0
1q2a5ft,11,11.0,-1.0,0
1q2a5ft,12,12.0,0.0,0
1q2a5ft,13,13.0,-1.0,0
1q2a5ft,14,14.0,0.0,0
1q2a5ft,15,15.0,-1.0,0
1q2a5ft,16,16.0,-1.0,0
1q2a5ft,17,17.0,0.0,0
1q2a5ft,18,18.0,0.0,0
1q2a5ft,19,19.0,1.0,0
1q2a5ft,20,20.0,0.0,0
1q2a5ft,21,21.0,0.0,0
1q2a5ft,22,22.0,1.0,0
1q2a5ft,23,23.0,1.0,0
1q2a5ft,24,24.0,0.0,0
1q2a5ft,25,25.0,0.0,0
1q2a5ft,26,26.0,1.0,0
1q2a5ft,27,27.0,0.0,0
1q2a5ft,28,28.0,1.0,0
1q2a5ft,29,29.0,-1.0,0
1q2a5ft,30,30.0,1.0,0
1q2a5ft,31,31.0,1.0,0
1q2a5ft,32,32.0,1.0,0
1q2a5ft,33,33.0,0.0,0
1q2a5ft,34,34.0,0.0,0
1q381aw,0,0.0,0.0,0
1q381aw,1,1.0,1.0,0
1q381aw,2,2.0,-1.0,0
1q381aw,3,3.0,0.0,0
1q381aw,4,4.0,0.0,0
1q381aw,5,5.0,0.0,0
1q381aw,6,6.0,0.0,0
1q381aw,7,7.0,0.0,0
1q381aw,8,8.0,0.0,0
1q381aw,9,9.0,0.0,0
1q381aw,10,10.0,0.0,0
1q381aw,11,11.0,0.0,0
1q381aw,12,12.0,0.0,0
1q381aw,13,13.0,-1.0,0
1q381aw,14,14.0,0.0,0
1q381aw,15,15.0,0.0,0
1q381aw,16,16.0,1.0,0
1q381aw,17,17.0,0.0,0
1q381aw,18,18.0,0.0,0
1q381aw,19,19.0,1.0,0
1q381aw,20,20.0,0.0,0
1q381aw,21,21.0,0.0,0
1q381aw,22,22.0,0.0,0
1q381aw,23,23.0,0.0,0
1q381aw,24,24.0,0.0,0
1q381aw,25,25.0,0.0,0
1q381aw,26,26.0,0.0,0
1q381aw,27,27.0,0.0,0
1q381aw,28,28.0,0.0,0
1q381aw,29,29.0,0.0,0
1q381aw,30,30.0,0.0,0
1q381aw,31,31.0,0.0,0
1q381aw,32,32.0,0.0,0
1q381aw,33,33.0,0.0,0
1q381aw,34,34.0,0.0,0
1q381aw,35,35.0,0.0,0
1q381aw,36,36.0,0.0,0
1q381aw,37,37.0,0.0,0
1q381aw,38,38.0,0.0,0
1q381aw,39,39.0,0.0,0
1q381aw,40,40.0,0.0,0
1q381aw,41,41.0,0.0,0
1q381aw,42,42.0,0.0,0
1q381aw,43,43.0,0.0,0
1q381aw,44,44.0,0.0,0
1q381aw,45,45.0,0.0,0
1q381aw,46,46.0,0.0,0
1q381aw,47,47.0,1.0,0
1q381aw,48,48.0,0.0,0
1q381aw,49,49.0,0.0,0
1q381aw,50,50.0,0.0,0
1q381aw,51,51.0,0.0,0
1q381aw,52,52.0,0.0,0
1q381aw,53,53.0,0.0,0
1q381aw,54,54.0,0.0,0
1q381aw,55,55.0,0.0,0
1q381aw,56,56.0,0.0,0
1q381aw,57,57.0,0.0,0
1q381aw,58,58.0,0.0,0
1q381aw,59,59.0,0.0,0
1q381aw,60,60.0,0.0,0
1q381aw,61,61.0,0.0,0
1q381aw,62,62.0,0.0,0
1q381aw,63,63.0,0.0,0
1q381aw,64,64.0,0.0,0
1q381aw,65,65.0,0.0,0
1q381aw,66,66.0,0.0,0
1q381aw,67,67.0,0.0,0
1q381aw,68,68.0,0.0,0
1q381aw,69,69.0,0.0,0
1q381aw,70,70.0,0.0,0
1q381aw,71,71.0,0.0,0
1q381aw,72,72.0,0.0,0
1q381aw,73,73.0,0.0,0
1q381aw,74,74.0,0.0,0
1q381aw,75,75.0,0.0,0
1q381aw,76,76.0,0.0,0
1q381aw,77,77.0,0.0,0
1q381aw,78,78.0,0.0,0
1q381aw,79,79.0,0.0,0
1q381aw,80,80.0,0.0,0
1q381aw,81,81.0,0.0,0
1q381aw,82,82.0,0.0,0
1q381aw,83,83.0,0.0,0
1q381aw,84,84.0,0.0,0
1q381aw,85,85.0,0.0,0
1q381aw,86,86.0,0.0,0
1q381aw,87,87.0,0.0,0
1q381aw,88,88.0,0.0,0
1q381aw,89,89.0,0.0,0
1q381aw,90,90.0,0.0,0
1q381aw,91,91.0,0.0,0
1q381aw,92,92.0,0.0,0
1q381aw,93,93.0,0.0,0
1q381aw,94,94.0,0.0,0
1q381aw,95,95.0,0.0,0
1q381aw,96,96.0,0.0,0
1q381aw,97,97.0,0.0,0
1q381aw,98,98.0,0.0,0
