data.id,,analyse,post
1hpjdlv,0,1,0
1hpjdlv,1,0,0
1hpjdlv,2,-1,0
1hpjdlv,3,-1,0
1hpjdlv,4,1,0
1hpjdlv,5,-1,0
1hpjdlv,6,1,0
1hpjdlv,7,-1,0
1hpjdlv,8,1,0
1hpjdlv,9,0,0
1hpjdlv,10,-1,0
1hpjdlv,11,-1,0
1hpjdlv,12,1,0
1hpjdlv,13,0,0
1hpjdlv,14,-1,0
1hpjdlv,15,1,0
1hpjdlv,16,0,0
1hpjdlv,17,0,0
1hpjdlv,18,-1,0
1hpjdlv,19,0,0
1hpjdlv,20,-1,0
1hpjdlv,21,0,0
1hpjdlv,22,-1,0
1hpjdlv,23,1,0
1hpjdlv,24,0,0
1hpjdlv,25,-1,0
1hpjdlv,26,0,0
1hpjdlv,27,1,0
1hpjdlv,28,0,0
1hpjdlv,29,0,0
1hpjdlv,30,0,0
1hpjdlv,31,0,0
1hpjdlv,32,0,0
1hpjdlv,33,0,0
1hpjdlv,34,0,0
1hpjdlv,35,0,0
1hpjdlv,36,0,0
1hpjdlv,37,-1,0
1hpjdlv,38,0,0
1hpjdlv,39,0,0
1hpjdlv,40,0,0
1hpjdlv,41,0,0
1hpjdlv,42,1,0
1hpjdlv,43,-1,0
1hpjdlv,44,0,0
1hpjdlv,45,0,0
1hpjdlv,46,-1,0
1hpjdlv,47,0,0
1hpjdlv,48,0,0
1hpjdlv,49,-1,0
1hpjdlv,50,0,0
1hpjdlv,51,-1,0
1hpjdlv,52,0,0
1hpjdlv,53,1,0
1hpjdlv,54,0,0
1hpjdlv,55,-1,0
1hpjdlv,56,-1,0
1hpjdlv,57,0,0
1hpjdlv,58,-1,0
1hpjdlv,59,-1,0
1hpjdlv,60,0,0
1hpjdlv,61,0,0
1hpjdlv,62,0,0
1hpjdlv,63,0,0
1hpjdlv,64,0,0
1hpjdlv,65,0,0
1hpjdlv,66,0,0
1hpjdlv,67,0,0
1hpjdlv,68,0,0
1hpjdlv,69,0,0
1hpjdlv,70,0,0
1hpjdlv,71,-1,0
1hpjdlv,72,0,0
1hpjdlv,73,0,0
1hpjdlv,74,0,0
1hpjdlv,75,0,0
1hpjdlv,76,0,0
1hpjdlv,77,0,0
1hpjdlv,78,0,0
1hpjdlv,79,0,0
1hpjdlv,80,0,0
1hpjdlv,81,0,0
1hpjdlv,82,0,0
1hpjdlv,83,0,0
1hpjdlv,84,0,0
1hpjdlv,85,0,0
1hpjdlv,86,0,0
1hpjdlv,87,0,0
1hpjdlv,88,0,0
1hpjdlv,89,0,0
1hpjdlv,90,0,0
1hpjdlv,91,0,0
1hpjdlv,92,0,0
1hpjdlv,93,0,0
1hpjdlv,94,0,0
1hpjdlv,95,0,0
1hpjdlv,96,0,0
1hpjdlv,97,0,0
1hpjdlv,98,0,0
1hpjdlv,99,0,0
1hpjdlv,100,0,0
1hpjdlv,101,0,0
1hpjdlv,102,0,0
1hpjdlv,103,0,0
1hpjdlv,104,0,0
1hpjdlv,105,0,0
1hpjdlv,106,0,0
1hpjdlv,107,0,0
1hpjdlv,108,0,0
1hpjdlv,109,0,0
1hpjdlv,110,0,0
1hpjdlv,111,0,0
1hpjdlv,112,0,0
1hpjdlv,113,0,0
1hpjdlv,114,0,0
1hpjdlv,115,0,0
1hpjdlv,116,0,0
1hpjdlv,117,0,0
1hpjdlv,118,0,0
1hpjdlv,119,0,0
1hpjdlv,120,0,0
1hpjdlv,121,0,0
1hpjdlv,122,0,0
1hpjdlv,123,0,0
1hpjdlv,124,0,0
1hpjdlv,125,0,0
1hpjdlv,126,0,0
1hpjdlv,127,0,0
1hpjdlv,128,0,0
1hpjdlv,129,0,0
1hpjdlv,130,0,0
1hpjdlv,131,0,0
1hpjdlv,132,0,0
1hpjdlv,133,0,0
1hpjdlv,134,0,0
1hpjdlv,135,0,0
1hpjdlv,136,0,0
1hpjdlv,137,0,0
1hpjdlv,138,-1,0
1hpjdlv,139,0,0
1hpjdlv,140,0,0
1hpjdlv,141,0,0
1hpjdlv,142,0,0
1hpjdlv,143,0,0
1hpjdlv,144,0,0
1hpjdlv,145,0,0
1hpjdlv,146,0,0
1hpjdlv,147,0,0
1hpjdlv,148,0,0
1hpjdlv,149,0,0
1hpjdlv,150,0,0
1hpjdlv,151,0,0
1hpjdlv,152,0,0
1hpjdlv,153,0,0
1hpjdlv,154,0,0
1hpjdlv,155,0,0
1hpjdlv,156,0,0
1hpjdlv,157,0,0
1hpjdlv,158,0,0
1hpjdlv,159,0,0
1hpjdlv,160,0,0
1hpjdlv,161,0,0
1hpjdlv,162,0,0
1hpjdlv,163,0,0
1hpjdlv,164,0,0
1hpjdlv,165,0,0
1hpjdlv,166,0,0
1hpjdlv,167,0,0
1hqaed4,0,0,0
1hqaed4,1,0,0
1hqaed4,2,0,0
1hqaed4,3,0,0
1hqaed4,4,1,0
1hqaed4,5,-1,0
1hqaed4,6,1,0
1hqaed4,7,0,0
1hqaed4,8,1,0
1hqaed4,9,1,0
1hqaed4,10,-1,0
1hqaed4,11,0,0
1hqaed4,12,0,0
1hqaed4,13,0,0
1hqaed4,14,0,0
1hqaed4,15,0,0
1hqaed4,16,1,0
1hqaed4,17,0,0
1hqaed4,18,1,0
1hqaed4,19,0,0
1hqaed4,20,0,0
1hqaed4,21,0,0
1hqaed4,22,0,0
1hqaed4,23,1,0
1hqaed4,24,-1,0
1hqaed4,25,0,0
1hqaed4,26,1,0
1hqaed4,27,0,0
1hqaed4,28,0,0
1hqaed4,29,-1,0
1hqaed4,30,-1,0
1hqaed4,31,-1,0
1hqaed4,32,1,0
1hqaed4,33,1,0
1hqaed4,34,1,0
1hqaed4,35,1,0
1hqaed4,36,1,0
1hqaed4,37,1,0
1hr5g73,0,1,0
1hr5g73,1,1,0
1hr5g73,2,0,0
1hr5g73,3,0,0
1hr5g73,4,1,0
1hr5g73,5,1,0
1hr5g73,6,1,0
1hr5g73,7,1,0
1hr5g73,8,1,0
1hr5g73,9,0,0
1hr5g73,10,0,0
1hr5g73,11,1,0
1hr5g73,12,0,0
1hr5g73,13,0,0
1hr5g73,14,1,0
1hr5g73,15,1,0
1hr5g73,16,1,0
1hr5g73,17,-1,0
1hr5g73,18,0,0
1hr5g73,19,1,0
1hr5g73,20,-1,0
1hr5g73,21,1,0
1hr5g73,22,0,0
1hr5g73,23,1,0
1hr5g73,24,0,0
1hr5g73,25,1,0
1hr5g73,26,1,0
1hr5g73,27,1,0
1hr5g73,28,0,0
1hr5g73,29,0,0
1hr5g73,30,0,0
1hr5g73,31,1,0
1hr5g73,32,0,0
1hr5g73,33,0,0
1hr5g73,34,0,0
1hr5g73,35,0,0
1hr5g73,36,0,0
1hr5g73,37,0,0
1hr5g73,38,0,0
1hr5g73,39,0,0
1hrpn9s,0,-1,0
1hrpn9s,1,0,0
1hrpn9s,2,1,0
1hrpn9s,3,-1,0
1hrpn9s,4,0,0
1hrpn9s,5,-1,0
1hrpn9s,6,1,0
1hrpn9s,7,-1,0
1hrpn9s,8,1,0
1hrpn9s,9,1,0
1hrpn9s,10,1,0
1hrpn9s,11,-1,0
1hrpn9s,12,0,0
1hrpn9s,13,0,0
1hrpn9s,14,0,0
1hrpn9s,15,0,0
1hrpn9s,16,-1,0
1hrpn9s,17,-1,0
1hrpn9s,18,0,0
1hrpn9s,19,0,0
1hrpn9s,20,0,0
1hrpn9s,21,0,0
1hrpn9s,22,0,0
1hrpn9s,23,0,0
1hrpn9s,24,0,0
1hrpn9s,25,-1,0
1hrpn9s,26,0,0
1hrpn9s,27,1,0
1hrpn9s,28,0,0
1hrpn9s,29,0,0
1hrpn9s,30,0,0
1hrpn9s,31,0,0
1hrpn9s,32,-1,0
1hrpn9s,33,0,0
1hrpn9s,34,1,0
1hrpn9s,35,0,0
1hrpn9s,36,0,0
1hrpn9s,37,1,0
1hrpn9s,38,0,0
1hrpn9s,39,-1,0
1hrpn9s,40,0,0
1hrpn9s,41,-1,0
1hrpn9s,42,0,0
1hrpn9s,43,0,0
1hrpn9s,44,0,0
1hrpn9s,45,-1,0
1hrpn9s,46,0,0
1hrpn9s,47,0,0
1hrpn9s,48,0,0
1hrpn9s,49,0,0
1hrpn9s,50,-1,0
1hrpn9s,51,-1,0
1hrpn9s,52,0,0
1hrpn9s,53,0,0
1hrpn9s,54,-1,0
1hrpn9s,55,-1,0
1hrpn9s,56,-1,0
1hrpn9s,57,0,0
1hrpn9s,58,1,0
1hrpn9s,59,-1,0
1hrpn9s,60,0,0
1hrpn9s,61,-1,0
1hrpn9s,62,0,0
1hrpn9s,63,0,0
1hrpn9s,64,1,0
1hrpn9s,65,1,0
1hrpn9s,66,1,0
1hrpn9s,67,0,0
1hrpn9s,68,0,0
1hrpn9s,69,1,0
1hrpn9s,70,1,0
1hrpn9s,71,1,0
1hrpn9s,72,0,0
1hrpn9s,73,0,0
1hrpn9s,74,0,0
1hrpn9s,75,0,0
1hrpn9s,76,0,0
1hrpn9s,77,1,0
1hrpn9s,78,1,0
1hrpn9s,79,-1,0
1hrpn9s,80,1,0
1hrpn9s,81,1,0
1hrpn9s,82,0,0
1hrpn9s,83,1,0
1hrpn9s,84,-1,0
1hrpn9s,85,0,0
1hrpn9s,86,0,0
1hrpn9s,87,1,0
1hrpn9s,88,0,0
1hrpn9s,89,1,0
1hrpn9s,90,0,0
1hrpn9s,91,0,0
1hrpn9s,92,-1,0
1hrpn9s,93,0,0
1hrpn9s,94,0,0
1hrpn9s,95,-1,0
1hrpn9s,96,1,0
1hrpn9s,97,-1,0
1hrpn9s,98,1,0
1hrpn9s,99,0,0
1hrpn9s,100,0,0
1hrpn9s,101,0,0
1hrpn9s,102,0,0
1hrpn9s,103,0,0
1hrpn9s,104,0,0
1hrpn9s,105,-1,0
1hrpn9s,106,1,0
1hrpn9s,107,-1,0
1hrpn9s,108,0,0
1hrpn9s,109,0,0
1hrpn9s,110,0,0
1hrpn9s,111,0,0
1hrpn9s,112,-1,0
1hrpn9s,113,1,0
1hrpn9s,114,0,0
1hrpn9s,115,0,0
1hrpn9s,116,0,0
1hrpn9s,117,0,0
1hrpn9s,118,0,0
1hrpn9s,119,0,0
1hrpn9s,120,0,0
1hrpn9s,121,0,0
1hrpn9s,122,0,0
1hrpn9s,123,0,0
1hrpn9s,124,0,0
1hrpn9s,125,0,0
1hrpn9s,126,0,0
1hrpn9s,127,0,0
1hrpn9s,128,1,0
1hrpn9s,129,-1,0
1hrpn9s,130,0,0
1hrpn9s,131,0,0
1hrpn9s,132,0,0
1hrpn9s,133,0,0
1hrpn9s,134,0,0
1hrpn9s,135,0,0
1hrpn9s,136,-1,0
1hrpn9s,137,1,0
1hrpn9s,138,0,0
1hrpn9s,139,-1,0
1hrpn9s,140,-1,0
1hrpn9s,141,0,0
1hrpn9s,142,0,0
1hrpn9s,143,0,0
1hrpn9s,144,0,0
1hrpn9s,145,0,0
1hrpn9s,146,0,0
1hrpn9s,147,0,0
1hrpn9s,148,0,0
1hrpn9s,149,0,0
1hrpn9s,150,0,0
1hrpn9s,151,0,0
1hrpn9s,152,-1,0
1hrpn9s,153,-1,0
1hrpn9s,154,1,0
1hrpn9s,155,0,0
1hrpn9s,156,0,0
1hrpn9s,157,0,0
1hrpn9s,158,0,0
1hrpn9s,159,0,0
1hrpn9s,160,1,0
1hrpn9s,161,0,0
1hrpn9s,162,0,0
1hrpn9s,163,0,0
1hrpn9s,164,0,0
1hrpn9s,165,-1,0
1hrpn9s,166,1,0
1hrpn9s,167,-1,0
1hrpn9s,168,-1,0
1hrpn9s,169,0,0
1hrpn9s,170,0,0
1hrpn9s,171,0,0
1hrpn9s,172,0,0
1hrpn9s,173,1,0
1hrpn9s,174,0,0
1hrpn9s,175,-1,0
1hrpn9s,176,0,0
1hrpn9s,177,0,0
1hrpn9s,178,0,0
1hrpn9s,179,0,0
1hrpn9s,180,-1,0
1hrpn9s,181,0,0
1hrpn9s,182,0,0
1hrpn9s,183,0,0
1hrpn9s,184,0,0
1hrpn9s,185,0,0
1hrpn9s,186,0,0
1hrpn9s,187,0,0
1hrpn9s,188,0,0
1hrpn9s,189,0,0
1hrpn9s,190,0,0
1hrpn9s,191,0,0
1hrpn9s,192,0,0
1hrpn9s,193,0,0
1hrpn9s,194,0,0
1hsp1oh,0,0,1
1hsp1oh,1,1,1
1hsp1oh,2,1,1
1hsp1oh,3,0,1
1hsp1oh,4,-1,1
1hsp1oh,5,0,1
1hsp1oh,6,0,1
1hsp1oh,7,0,1
1hsp1oh,8,-1,1
1hsp1oh,9,1,1
1hsp1oh,10,0,1
1hsp1oh,11,1,1
1hsp1oh,12,-1,1
1hsp1oh,13,-1,1
1hsp1oh,14,0,1
1hsp1oh,15,0,1
1hsp1oh,16,0,1
1hsp1oh,17,1,1
1hsp1oh,18,0,1
1hsp1oh,19,0,1
1hsp1oh,20,0,1
1hsp1oh,21,1,1
1hsp1oh,22,0,1
1hsp1oh,23,0,1
1hsp1oh,24,0,1
1hsp1oh,25,0,1
1hsp1oh,26,0,1
1hsp1oh,27,0,1
1hsp1oh,28,1,1
1hsp1oh,29,-1,1
1hsp1oh,30,1,1
1hsp1oh,31,1,1
1hsp1oh,32,1,1
1hsp1oh,33,1,1
1hsp1oh,34,1,1
1hsp1oh,35,1,1
1hsp1oh,36,0,1
1hsp1oh,37,-1,1
1hsp1oh,38,-1,1
1hsp1oh,39,0,1
1hsp1oh,40,0,1
1hsp1oh,41,0,1
1hsp1oh,42,0,1
1hsp1oh,43,-1,1
1hsp1oh,44,-1,1
1hsp1oh,45,0,1
1hsp1oh,46,-1,1
1hsp1oh,47,-1,1
1hsp1oh,48,-1,1
1hsp1oh,49,0,1
1hsp1oh,50,0,1
1hsp1oh,51,0,1
1hsp1oh,52,-1,1
1hsp1oh,53,-1,1
1hsp1oh,54,-1,1
1htgnq2,0,1,0
1htgnq2,1,1,0
1htgnq2,2,1,0
1htgnq2,3,0,0
1htgnq2,4,0,0
1htgnq2,5,1,0
1htgnq2,6,0,0
1htgnq2,7,0,0
1htgnq2,8,0,0
1htgnq2,9,0,0
1htgnq2,10,0,0
1htgnq2,11,0,0
1htgnq2,12,0,0
1htgnq2,13,0,0
1htgnq2,14,1,0
1htgnq2,15,0,0
1htmc7o,0,-1,0
1htmc7o,1,0,0
1htmc7o,2,0,0
1htmc7o,3,0,0
1htmc7o,4,0,0
1htmc7o,5,1,0
1htmc7o,6,0,0
1htmc7o,7,0,0
1htmc7o,8,-1,0
1htmc7o,9,-1,0
1htmc7o,10,0,0
1htmc7o,11,-1,0
1htmc7o,12,-1,0
1htmc7o,13,0,0
1htmc7o,14,0,0
1htmc7o,15,-1,0
1htmc7o,16,0,0
1htmc7o,17,0,0
1htmc7o,18,0,0
1htmc7o,19,0,0
1htmc7o,20,0,0
1htmc7o,21,0,0
1htmc7o,22,0,0
1htmc7o,23,0,0
1htmc7o,24,-1,0
1htmc7o,25,1,0
1htmc7o,26,1,0
1htmc7o,27,1,0
1htmc7o,28,-1,0
1htmc7o,29,0,0
1htmc7o,30,0,0
1htmc7o,31,0,0
1htmc7o,32,0,0
1htmc7o,33,0,0
1htmc7o,34,0,0
1htmc7o,35,0,0
1htmc7o,36,0,0
1htmc7o,37,0,0
1htmc7o,38,0,0
1htmc7o,39,0,0
1htmc7o,40,0,0
1htmc7o,41,0,0
1htmc7o,42,0,0
1htmc7o,43,0,0
1htmc7o,44,0,0
1htmc7o,45,0,0
1htmc7o,46,0,0
1htmc7o,47,0,0
1htmc7o,48,0,0
1htmc7o,49,0,0
1htmc7o,50,0,0
1htmc7o,51,0,0
1htmc7o,52,1,0
1htmc7o,53,1,0
1htmc7o,54,0,0
1htmc7o,55,0,0
1htmc7o,56,1,0
1htmc7o,57,1,0
1htmc7o,58,0,0
1htmc7o,59,0,0
1htmc7o,60,0,0
1htmc7o,61,0,0
1htmc7o,62,0,0
1htmc7o,63,1,0
1htmc7o,64,1,0
1htmc7o,65,0,0
1htmc7o,66,0,0
1htmc7o,67,0,0
1htmc7o,68,0,0
1htmc7o,69,-1,0
1hto20s,0,0,0
1hto20s,1,0,0
1hto20s,2,0,0
1hto20s,3,0,0
1hto20s,4,-1,0
1hto20s,5,1,0
1hto20s,6,0,0
1hto20s,7,0,0
1hto20s,8,1,0
1hto20s,9,0,0
1hto20s,10,1,0
1hto20s,11,0,0
1hto20s,12,0,0
1hto20s,13,0,0
1hto20s,14,0,0
1hto20s,15,0,0
1hto20s,16,0,0
1hto20s,17,1,0
1hto20s,18,1,0
1hto20s,19,-1,0
1hto20s,20,-1,0
1hto20s,21,1,0
1hto20s,22,0,0
1hto20s,23,0,0
1hto20s,24,1,0
1hto20s,25,0,0
1hto20s,26,-1,0
1hto20s,27,0,0
1hto20s,28,-1,0
1hto20s,29,-1,0
1hto20s,30,0,0
1hto20s,31,-1,0
1huqhmv,0,0,0
1huqhmv,1,0,0
1huqhmv,2,0,0
1huqhmv,3,0,0
1huqhmv,4,0,0
1huqhmv,5,0,0
1huqhmv,6,-1,0
1huqhmv,7,0,0
1huqhmv,8,0,0
1huqhmv,9,0,0
1huqhmv,10,0,0
1huqhmv,11,0,0
1huqhmv,12,0,0
1huqhmv,13,0,0
1huqhmv,14,0,0
1huqhmv,15,-1,0
1huqhmv,16,0,0
1huqhmv,17,0,0
1huqhmv,18,0,0
1huqhmv,19,0,0
1huqhmv,20,0,0
1huqhmv,21,0,0
1huqhmv,22,0,0
1huqhmv,23,0,0
1huqhmv,24,0,0
1huqhmv,25,0,0
1huqhmv,26,-1,0
1huqhmv,27,0,0
1huqhmv,28,0,0
1huqhmv,29,0,0
1huqhmv,30,0,0
1huqhmv,31,-1,0
1hvdi6l,0,0,0
1hvdi6l,1,-1,0
1hvdi6l,2,0,0
1hvdi6l,3,-1,0
1hvdi6l,4,1,0
1hvdi6l,5,-1,0
1hvdi6l,6,0,0
1hvdi6l,7,1,0
1hvdi6l,8,1,0
1hvdi6l,9,1,0
1hvdi6l,10,0,0
1hvdi6l,11,1,0
1hvdi6l,12,1,0
1hvdi6l,13,0,0
1hvdi6l,14,0,0
1hvdi6l,15,0,0
1hvdi6l,16,-1,0
1hvdi6l,17,0,0
1hvdi6l,18,1,0
1hvdi6l,19,1,0
1hvdi6l,20,-1,0
1hvdi6l,21,1,0
1hvdi6l,22,-1,0
1hvdi6l,23,0,0
1hvdi6l,24,1,0
1hvdi6l,25,0,0
1hvdi6l,26,0,0
1hvdi6l,27,1,0
1hvdi6l,28,-1,0
1hvdi6l,29,-1,0
1hvdi6l,30,-1,0
1hvdi6l,31,0,0
1hvdi6l,32,0,0
1hvdi6l,33,1,0
1hvdi6l,34,1,0
1hvdi6l,35,1,0
1hvdi6l,36,-1,0
1hvdi6l,37,1,0
1hvdi6l,38,1,0
1hvdi6l,39,1,0
1hvdi6l,40,0,0
1hvdi6l,41,1,0
1hveydk,0,1,0
1hveydk,1,0,0
1hveydk,2,0,0
1hveydk,3,-1,0
1hveydk,4,1,0
1hveydk,5,1,0
1hveydk,6,0,0
1hveydk,7,1,0
1hveydk,8,1,0
1hveydk,9,1,0
1hveydk,10,1,0
1hveydk,11,0,0
1hveydk,12,1,0
1hveydk,13,1,0
1hveydk,14,1,0
1hveydk,15,1,0
1hveydk,16,1,0
1hveydk,17,1,0
1hveydk,18,1,0
1hveydk,19,0,0
1hveydk,20,1,0
1hveydk,21,1,0
1hveydk,22,1,0
1hveydk,23,1,0
1hveydk,24,1,0
1hveydk,25,1,0
1hveydk,26,1,0
1hveydk,27,0,0
1hveydk,28,0,0
1hveydk,29,0,0
1hveydk,30,0,0
1hveydk,31,0,0
1hveydk,32,0,0
1hveydk,33,1,0
1hveydk,34,1,0
1hveydk,35,1,0
1hveydk,36,1,0
1hveydk,37,1,0
1hwknl0,0,1,0
1hwknl0,1,-1,0
1hwknl0,2,1,0
1hwknl0,3,0,0
1hwknl0,4,0,0
1hwknl0,5,0,0
1hwknl0,6,0,0
1hwknl0,7,0,0
1hwknl0,8,1,0
1hwknl0,9,1,0
1hwknl0,10,0,0
1hwknl0,11,1,0
1hwknl0,12,0,0
1hwknl0,13,0,0
1hwknl0,14,1,0
1hwknl0,15,1,0
1hwknl0,16,1,0
1hwknl0,17,0,0
1hwknl0,18,0,0
1hwknl0,19,1,0
1hwknl0,20,0,0
1hwknl0,21,0,0
1hwknl0,22,0,0
1hwknl0,23,-1,0
1hwknl0,24,-1,0
1hwknl0,25,-1,0
1hwknl0,26,0,0
1hwknl0,27,1,0
1hwknl0,28,1,0
1hwknl0,29,0,0
1hwknl0,30,-1,0
1hwknl0,31,1,0
1hwknl0,32,1,0
1hwknl0,33,1,0
1hwknl0,34,1,0
1hwknl0,35,0,0
1hwknl0,36,0,0
1hwknl0,37,1,0
1hwknl0,38,1,0
1hwknl0,39,1,0
1hwknl0,40,0,0
1hwknl0,41,1,0
1hwknl0,42,1,0
1hwknl0,43,1,0
1hwknl0,44,0,0
1hwknl0,45,0,0
1hwknl0,46,0,0
1hwknl0,47,0,0
1hwknl0,48,1,0
1hwknl0,49,0,0
1hwknl0,50,0,0
1hwknl0,51,0,0
1hwknl0,52,1,0
1hwknl0,53,0,0
1hwknl0,54,1,0
1hwknl0,55,1,0
1hwknl0,56,0,0
1hwknl0,57,1,0
1hwknl0,58,0,0
1hwknl0,59,0,0
1hwknl0,60,1,0
1hwknl0,61,1,0
1hwknl0,62,0,0
1hwknl0,63,0,0
1hwknl0,64,0,0
1i3bp7w,0,1,0
1i3bp7w,1,0,0
1i3bp7w,2,1,0
1i3bp7w,3,0,0
1i3bp7w,4,0,0
1i3bp7w,5,1,0
1i3bp7w,6,1,0
1i3bp7w,7,-1,0
1i3bp7w,8,1,0
1i3bp7w,9,-1,0
1i3bp7w,10,1,0
1i3bp7w,11,-1,0
1i3bp7w,12,1,0
1i3bp7w,13,-1,0
1i3bp7w,14,-1,0
1i3bp7w,15,1,0
1i3bp7w,16,0,0
1i3bp7w,17,1,0
1i3bp7w,18,1,0
1i3bp7w,19,-1,0
1i3bp7w,20,1,0
1i3bp7w,21,-1,0
1i3bp7w,22,0,0
1i3bp7w,23,1,0
1i3bp7w,24,-1,0
1i3bp7w,25,0,0
1i5lkct,0,0,0
1i5lkct,1,0,0
1i5lkct,2,0,0
1i5lkct,3,-1,0
1i5lkct,4,0,0
1i5lkct,5,0,0
1i5lkct,6,-1,0
1i5lkct,7,0,0
1i5lkct,8,0,0
1i5lkct,9,0,0
1i5lkct,10,-1,0
1i5lkct,11,0,0
1i5lkct,12,1,0
1i5lkct,13,1,0
1i5lkct,14,0,0
1i5lkct,15,0,0
1i5lkct,16,0,0
1i5lkct,17,0,0
1i5lkct,18,-1,0
1i5lkct,19,0,0
1i5lkct,20,0,0
1i5lkct,21,0,0
1i5lkct,22,0,0
1i5lkct,23,0,0
1i5lkct,24,0,0
1i5lkct,25,0,0
1i5lkct,26,0,0
1i5lkct,27,0,0
1i5lkct,28,-1,0
1i5lkct,29,1,0
1i5lkct,30,-1,0
1i5lkct,31,1,0
1i5lkct,32,-1,0
1i5lkct,33,0,0
1i5lkct,34,-1,0
1i5lkct,35,0,0
1i5lkct,36,0,0
1i5lkct,37,0,0
1i5lkct,38,0,0
1i5lkct,39,0,0
1i5lkct,40,0,0
1i5lkct,41,0,0
1i5lkct,42,0,0
1i5lkct,43,1,0
1i5lkct,44,0,0
1i5lkct,45,0,0
1i5lkct,46,1,0
1i5lkct,47,-1,0
1i5lkct,48,0,0
1i5lkct,49,0,0
1i5lkct,50,0,0
1i5lkct,51,0,0
1i5lkct,52,0,0
1i5lkct,53,0,0
1i6i4ng,0,-1,0
1i6i4ng,1,0,0
1i6i4ng,2,0,0
1i6i4ng,3,0,0
1i6i4ng,4,1,0
1i6i4ng,5,-1,0
1i6i4ng,6,1,0
1i6i4ng,7,0,0
1i6i4ng,8,1,0
1i6i4ng,9,-1,0
1i6i4ng,10,0,0
1i6i4ng,11,0,0
1i6i4ng,12,1,0
1i6i4ng,13,-1,0
1i6i4ng,14,0,0
1i6i4ng,15,1,0
1i6i4ng,16,1,0
1i6i4ng,17,-1,0
1i6i4ng,18,-1,0
1i6i4ng,19,0,0
1i6i4ng,20,0,0
1i6i4ng,21,0,0
1i6i4ng,22,0,0
1i6i4ng,23,1,0
1i6i4ng,24,-1,0
1i6i4ng,25,0,0
1i6i4ng,26,0,0
1i6i4ng,27,-1,0
1i6i4ng,28,0,0
1i6i4ng,29,0,0
1i6i4ng,30,0,0
1i6i4ng,31,0,0
1i6i4ng,32,0,0
1i6i4ng,33,0,0
1i6i4ng,34,0,0
1i6i4ng,35,-1,0
1i6i4ng,36,0,0
1i6i4ng,37,1,0
1i6i4ng,38,1,0
1i6i4ng,39,1,0
1i6i4ng,40,0,0
1i6i4ng,41,1,0
1i6i4ng,42,1,0
1i6i4ng,43,0,0
1i6i4ng,44,-1,0
1i6i4ng,45,-1,0
1i6i4ng,46,1,0
1i6i4ng,47,1,0
1i6i4ng,48,0,0
1i6i4ng,49,0,0
1i6i4ng,50,0,0
1i6i4ng,51,0,0
1i6i4ng,52,0,0
1i6i4ng,53,0,0
1i6i4ng,54,0,0
1i6i4ng,55,1,0
1i6i4ng,56,1,0
1i6i4ng,57,1,0
1i6i4ng,58,1,0
1i6i4ng,59,-1,0
1i6i4ng,60,1,0
1i6i4ng,61,1,0
1i6i4ng,62,1,0
1i6i4ng,63,0,0
1i6i4ng,64,0,0
1i6i4ng,65,0,0
1i6i4ng,66,0,0
1i6i4ng,67,0,0
1i6i4ng,68,-1,0
1i6i4ng,69,1,0
1i6i4ng,70,1,0
1i6i4ng,71,0,0
1i6i4ng,72,0,0
1i6i4ng,73,0,0
1i6i4ng,74,0,0
1i6i4ng,75,1,0
1i6i4ng,76,0,0
1i6i4ng,77,-1,0
1i6i4ng,78,1,0
1i6i4ng,79,0,0
1i6i4ng,80,0,0
1i6i4ng,81,1,0
1i6i4ng,82,1,0
1i6i4ng,83,1,0
1i6i4ng,84,0,0
1i6i4ng,85,0,0
1i6i4ng,86,0,0
1i7zejl,0,-1,-1
1i7zejl,1,-1,-1
1i7zejl,2,-1,-1
1i7zejl,3,0,-1
1i7zejl,4,0,-1
1i7zejl,5,0,-1
1i7zejl,6,0,-1
1i7zejl,7,-1,-1
1i7zejl,8,0,-1
1i7zejl,9,1,-1
1i7zejl,10,-1,-1
1i7zejl,11,0,-1
1i7zejl,12,1,-1
1i7zejl,13,1,-1
1i7zejl,14,0,-1
1i7zejl,15,0,-1
1i7zejl,16,0,-1
1i7zejl,17,0,-1
1i7zejl,18,-1,-1
1i7zejl,19,1,-1
1i7zejl,20,0,-1
1i7zejl,21,-1,-1
1i7zejl,22,-1,-1
1i7zejl,23,-1,-1
1i7zejl,24,-1,-1
1i7zejl,25,-1,-1
1i7zejl,26,-1,-1
1i7zejl,27,0,-1
1i7zejl,28,0,-1
1i7zejl,29,1,-1
1i7zejl,30,-1,-1
1i7zejl,31,-1,-1
1i7zejl,32,0,-1
1i7zejl,33,1,-1
1i7zejl,34,0,-1
1i7zejl,35,0,-1
1i7zejl,36,1,-1
1i7zejl,37,-1,-1
1i7zejl,38,1,-1
1i7zejl,39,-1,-1
1i7zejl,40,-1,-1
1i7zejl,41,0,-1
1i7zejl,42,0,-1
1i7zejl,43,0,-1
1i7zejl,44,0,-1
1i7zejl,45,1,-1
1i7zejl,46,0,-1
1i7zejl,47,0,-1
1i7zejl,48,0,-1
1i7zejl,49,0,-1
1i7zejl,50,0,-1
1i7zejl,51,1,-1
1i7zejl,52,1,-1
1i7zejl,53,-1,-1
1i7zejl,54,-1,-1
1i7zejl,55,-1,-1
1i7zejl,56,1,-1
1i7zejl,57,0,-1
1i7zejl,58,1,-1
1i7zejl,59,-1,-1
1i7zejl,60,0,-1
1i7zejl,61,0,-1
1i7zejl,62,0,-1
1i7zejl,63,1,-1
1i7zejl,64,1,-1
1i7zejl,65,-1,-1
1i7zejl,66,0,-1
1i7zejl,67,0,-1
1i7zejl,68,0,-1
1i7zejl,69,0,-1
1i7zejl,70,0,-1
1i7zejl,71,0,-1
1i7zejl,72,0,-1
1i7zejl,73,-1,-1
1i7zejl,74,0,-1
1i7zejl,75,-1,-1
1i7zejl,76,0,-1
1i7zejl,77,0,-1
1i7zejl,78,-1,-1
1i7zejl,79,0,-1
1i7zejl,80,-1,-1
1i7zejl,81,-1,-1
1i7zejl,82,-1,-1
1i7zejl,83,-1,-1
1i7zejl,84,1,-1
1i7zejl,85,0,-1
1i7zejl,86,0,-1
1i7zejl,87,-1,-1
1i7zejl,88,0,-1
1i7zejl,89,-1,-1
1i7zejl,90,-1,-1
1i7zejl,91,0,-1
1i7zejl,92,-1,-1
1i7zejl,93,0,-1
1i7zejl,94,0,-1
1i7zejl,95,0,-1
1i7zejl,96,0,-1
1i7zejl,97,1,-1
1i7zejl,98,1,-1
1i7zejl,99,0,-1
1i7zejl,100,0,-1
1i7zejl,101,1,-1
1i7zejl,102,0,-1
1i7zejl,103,0,-1
1i7zejl,104,1,-1
1i7zejl,105,0,-1
1i7zejl,106,0,-1
1i7zejl,107,0,-1
1i7zejl,108,0,-1
1i7zejl,109,1,-1
1i7zejl,110,0,-1
1i7zejl,111,0,-1
1i7zejl,112,-1,-1
1i7zejl,113,0,-1
1i7zejl,114,0,-1
1i7zejl,115,0,-1
1i7zejl,116,0,-1
1i7zejl,117,0,-1
1i7zejl,118,1,-1
1i7zejl,119,1,-1
1i7zejl,120,0,-1
1i7zejl,121,0,-1
1i7zejl,122,0,-1
1i7zejl,123,1,-1
1i7zejl,124,0,-1
1i7zejl,125,-1,-1
1i7zejl,126,-1,-1
1i7zejl,127,0,-1
1i7zejl,128,1,-1
1i7zejl,129,0,-1
1i7zejl,130,0,-1
1i7zejl,131,1,-1
1i7zejl,132,0,-1
1i7zejl,133,0,-1
1i7zejl,134,-1,-1
1i7zejl,135,-1,-1
1i7zejl,136,0,-1
1i7zejl,137,0,-1
1i7zejl,138,0,-1
1i7zejl,139,0,-1
1i7zejl,140,0,-1
1i7zejl,141,0,-1
1i7zejl,142,0,-1
1i7zejl,143,0,-1
1i7zejl,144,0,-1
1i7zejl,145,-1,-1
1i7zejl,146,0,-1
1i7zejl,147,0,-1
1i7zejl,148,0,-1
1i7zejl,149,0,-1
1i7zejl,150,0,-1
1i7zejl,151,-1,-1
1i7zejl,152,0,-1
1i7zejl,153,0,-1
1i7zejl,154,0,-1
1i7zejl,155,0,-1
1i7zejl,156,0,-1
1i7zejl,157,0,-1
1i7zejl,158,0,-1
1i7zejl,159,0,-1
1i7zejl,160,0,-1
1i7zejl,161,0,-1
1i7zejl,162,0,-1
1i7zejl,163,-1,-1
1i7zejl,164,0,-1
1i7zejl,165,0,-1
1i7zejl,166,0,-1
1i7zejl,167,0,-1
1i7zejl,168,0,-1
1i7zejl,169,0,-1
1i7zejl,170,0,-1
1i7zejl,171,0,-1
1i7zejl,172,0,-1
1i7zejl,173,-1,-1
1i7zejl,174,-1,-1
1i7zejl,175,0,-1
1i7zejl,176,0,-1
1i7zejl,177,0,-1
1i7zejl,178,0,-1
1i7zejl,179,0,-1
1i7zejl,180,0,-1
1i7zejl,181,0,-1
1i7zejl,182,0,-1
1i7zejl,183,0,-1
1i7zejl,184,0,-1
1i7zejl,185,0,-1
1i7zejl,186,0,-1
1i8bt1e,0,-1,0
1i8bt1e,1,-1,0
1i8bt1e,2,1,0
1i8bt1e,3,-1,0
1i8bt1e,4,1,0
1i8bt1e,5,1,0
1i8bt1e,6,1,0
1i8bt1e,7,0,0
1i8bt1e,8,0,0
1i8bt1e,9,0,0
1i8bt1e,10,0,0
1i8bt1e,11,0,0
1i8bt1e,12,0,0
1i8bt1e,13,1,0
1i8bt1e,14,-1,0
1i8bt1e,15,-1,0
1i8bt1e,16,-1,0
1i9ix4e,0,1,0
1i9ix4e,1,-1,0
1i9ix4e,2,-1,0
1i9ix4e,3,-1,0
1i9ix4e,4,0,0
1i9ix4e,5,0,0
1i9ix4e,6,0,0
1i9ix4e,7,0,0
1i9ix4e,8,-1,0
1i9ix4e,9,0,0
1i9ix4e,10,0,0
1i9ix4e,11,1,0
1i9ix4e,12,0,0
1i9ix4e,13,-1,0
1i9ix4e,14,-1,0
1i9ix4e,15,1,0
1i9ix4e,16,1,0
1i9ix4e,17,0,0
1i9ix4e,18,0,0
1i9ix4e,19,1,0
1i9ix4e,20,0,0
1i9ix4e,21,0,0
1i9ix4e,22,-1,0
1i9ix4e,23,1,0
1i9ix4e,24,1,0
1i9ix4e,25,-1,0
1i9ix4e,26,0,0
1i9ix4e,27,0,0
1i9ix4e,28,1,0
1i9ix4e,29,1,0
1i9ix4e,30,0,0
1i9ix4e,31,0,0
1i9ix4e,32,0,0
1i9ix4e,33,0,0
1i9ix4e,34,0,0
1i9ix4e,35,0,0
1i9ix4e,36,0,0
1i9ix4e,37,-1,0
1i9ix4e,38,0,0
1i9ix4e,39,1,0
1i9ix4e,40,1,0
1i9ix4e,41,-1,0
1i9ix4e,42,-1,0
1i9ix4e,43,-1,0
1i9ix4e,44,1,0
1i9ix4e,45,1,0
1i9ix4e,46,0,0
1i9ix4e,47,-1,0
1i9ix4e,48,1,0
1i9ix4e,49,0,0
1i9ix4e,50,0,0
1i9ix4e,51,-1,0
1i9ix4e,52,0,0
1i9ix4e,53,0,0
1i9ix4e,54,0,0
1i9ix4e,55,-1,0
1i9ix4e,56,1,0
1i9ix4e,57,1,0
1i9ix4e,58,1,0
1i9ix4e,59,0,0
1i9ix4e,60,0,0
1i9ix4e,61,1,0
1i9ix4e,62,1,0
1i9ix4e,63,1,0
1i9ix4e,64,0,0
1i9ix4e,65,-1,0
1i9ix4e,66,0,0
1i9ix4e,67,0,0
1i9ix4e,68,0,0
1i9ix4e,69,0,0
1i9ix4e,70,0,0
1i9ix4e,71,0,0
1i9ix4e,72,-1,0
1i9ix4e,73,1,0
1i9ix4e,74,-1,0
1i9ix4e,75,-1,0
1i9ix4e,76,0,0
1i9ix4e,77,0,0
1i9ix4e,78,0,0
1i9ix4e,79,0,0
1i9ix4e,80,0,0
1i9ix4e,81,0,0
1i9ix4e,82,0,0
1i9ix4e,83,0,0
1i9ix4e,84,0,0
1i9ix4e,85,0,0
1i9ix4e,86,0,0
1i9ix4e,87,-1,0
1i9ix4e,88,0,0
1i9ix4e,89,0,0
1i9ix4e,90,-1,0
1i9ix4e,91,-1,0
1i9ix4e,92,-1,0
1i9ix4e,93,0,0
1i9ix4e,94,-1,0
1i9ix4e,95,0,0
1i9ix4e,96,0,0
1i9ix4e,97,0,0
1i9ix4e,98,0,0
1i9ix4e,99,0,0
1i9ix4e,100,1,0
1i9ix4e,101,-1,0
1i9ix4e,102,0,0
1i9ix4e,103,0,0
1i9ix4e,104,0,0
1i9ix4e,105,0,0
1i9ix4e,106,0,0
1i9ix4e,107,1,0
1i9ix4e,108,-1,0
1i9ix4e,109,-1,0
1i9ix4e,110,1,0
1i9ix4e,111,-1,0
1i9ix4e,112,1,0
1i9ix4e,113,-1,0
1i9ix4e,114,0,0
1ib1wm2,0,0,0
1ib1wm2,1,0,0
1ib1wm2,2,1,0
1ib1wm2,3,1,0
1ib1wm2,4,0,0
1ib1wm2,5,0,0
1ib1wm2,6,-1,0
1ib1wm2,7,1,0
1ib1wm2,8,-1,0
1ib1wm2,9,0,0
1ib1wm2,10,0,0
1ib1wm2,11,-1,0
1ib1wm2,12,1,0
1ib1wm2,13,0,0
1ib1wm2,14,1,0
1ib1wm2,15,0,0
1ib1wm2,16,0,0
1ib1wm2,17,1,0
1ib1wm2,18,1,0
1ib1wm2,19,-1,0
1ib1wm2,20,0,0
1ib1wm2,21,0,0
1ib1wm2,22,1,0
1ib1wm2,23,1,0
1ib1wm2,24,1,0
1ib1wm2,25,-1,0
1ib1wm2,26,-1,0
1ib1wm2,27,-1,0
1ib1wm2,28,0,0
1ib1wm2,29,-1,0
1ib1wm2,30,0,0
1ib1wm2,31,-1,0
1ib1wm2,32,-1,0
1ib1wm2,33,0,0
1ib1wm2,34,0,0
1ib1wm2,35,0,0
1ib1wm2,36,0,0
1ib1wm2,37,0,0
1ib1wm2,38,0,0
1ib1wm2,39,0,0
1ib1wm2,40,0,0
1icbs4i,0,1,0
1icbs4i,1,-1,0
1icbs4i,2,0,0
1icbs4i,3,0,0
1icbs4i,4,0,0
1icbs4i,5,-1,0
1icbs4i,6,0,0
1icbs4i,7,1,0
1icbs4i,8,-1,0
1icbs4i,9,1,0
1icbs4i,10,0,0
1icbs4i,11,1,0
1icbs4i,12,0,0
1icbs4i,13,-1,0
1icbs4i,14,-1,0
1icbs4i,15,0,0
1icbs4i,16,1,0
1icbs4i,17,0,0
1icbs4i,18,-1,0
1icbs4i,19,0,0
1icbs4i,20,0,0
1icbs4i,21,1,0
1icbs4i,22,0,0
1icbs4i,23,1,0
1icbs4i,24,1,0
1icbs4i,25,1,0
1icbs4i,26,-1,0
1icbs4i,27,0,0
1icbs4i,28,1,0
1icbs4i,29,0,0
1icbs4i,30,0,0
1icbs4i,31,1,0
1icbs4i,32,1,0
1icbs4i,33,-1,0
1icbs4i,34,1,0
1icbs4i,35,1,0
1icbs4i,36,1,0
1icbs4i,37,0,0
1icbs4i,38,1,0
1icbs4i,39,-1,0
1icbs4i,40,0,0
1icbs4i,41,0,0
1icbs4i,42,0,0
1icbs4i,43,0,0
1icbs4i,44,1,0
1icbs4i,45,1,0
1icbs4i,46,1,0
1icbs4i,47,0,0
1icbs4i,48,-1,0
1icbs4i,49,1,0
1icbs4i,50,0,0
1icbs4i,51,-1,0
1icbs4i,52,1,0
1icbs4i,53,-1,0
1icbs4i,54,-1,0
1icbs4i,55,-1,0
1icbs4i,56,1,0
1icbs4i,57,1,0
1icbs4i,58,0,0
1icbs4i,59,1,0
1icbs4i,60,-1,0
1icbs4i,61,-1,0
1icbs4i,62,-1,0
1icbs4i,63,-1,0
1icbs4i,64,0,0
1icbs4i,65,0,0
1icbs4i,66,0,0
1icbs4i,67,0,0
1icbs4i,68,-1,0
1icbs4i,69,0,0
1icbs4i,70,-1,0
1icbs4i,71,-1,0
1icbs4i,72,0,0
1icbs4i,73,0,0
1icbs4i,74,-1,0
1icbs4i,75,0,0
1icbs4i,76,1,0
1icbs4i,77,0,0
1icbs4i,78,0,0
1icbs4i,79,0,0
1icbs4i,80,0,0
1icbs4i,81,0,0
1icbs4i,82,0,0
1icbs4i,83,0,0
1icbs4i,84,1,0
1icbs4i,85,1,0
1icbs4i,86,1,0
1icbs4i,87,-1,0
1icbs4i,88,0,0
1icbs4i,89,0,0
1icbs4i,90,0,0
1icbs4i,91,1,0
1icbs4i,92,-1,0
1icbs4i,93,0,0
1icbs4i,94,0,0
1icbs4i,95,1,0
1icbs4i,96,-1,0
1icbs4i,97,-1,0
1icbs4i,98,0,0
1icbs4i,99,0,0
1icbs4i,100,0,0
1icbs4i,101,0,0
1icbs4i,102,-1,0
1icbs4i,103,0,0
1icbs4i,104,0,0
1icbs4i,105,1,0
1icbs4i,106,-1,0
1icbs4i,107,0,0
1icbs4i,108,0,0
1icbs4i,109,0,0
1icbs4i,110,0,0
1icbs4i,111,0,0
1icbs4i,112,-1,0
1icbs4i,113,-1,0
1icbs4i,114,0,0
1icbs4i,115,1,0
1icbs4i,116,0,0
1icbs4i,117,0,0
1icbs4i,118,0,0
1icbs4i,119,0,0
1icbs4i,120,-1,0
1icbs4i,121,0,0
1icbs4i,122,-1,0
1icbs4i,123,-1,0
1icbs4i,124,0,0
1icbs4i,125,0,0
1icbs4i,126,0,0
1icbs4i,127,0,0
1icbs4i,128,0,0
1icbs4i,129,-1,0
1icbs4i,130,1,0
1icbs4i,131,0,0
1icbs4i,132,1,0
1icbs4i,133,0,0
1icbs4i,134,-1,0
1icbs4i,135,1,0
1icbs4i,136,0,0
1icbs4i,137,0,0
1icbs4i,138,0,0
1icbs4i,139,-1,0
1icbs4i,140,-1,0
1icbs4i,141,-1,0
1icbs4i,142,-1,0
1icbs4i,143,-1,0
1icbs4i,144,-1,0
1icbs4i,145,-1,0
1icbs4i,146,1,0
1icbs4i,147,-1,0
1icbs4i,148,1,0
1icbs4i,149,1,0
1icbs4i,150,0,0
1icbs4i,151,0,0
1icbs4i,152,0,0
1icbs4i,153,0,0
1icbs4i,154,1,0
1icbs4i,155,1,0
1icbs4i,156,0,0
1icbs4i,157,0,0
1icbs4i,158,0,0
1icbs4i,159,0,0
1icbs4i,160,0,0
1icbs4i,161,0,0
1icbs4i,162,0,0
1icbs4i,163,0,0
1icbs4i,164,0,0
1icbs4i,165,0,0
1icbs4i,166,0,0
1icbs4i,167,0,0
1icbs4i,168,0,0
1icbs4i,169,0,0
1icbs4i,170,0,0
1icbs4i,171,0,0
1icbs4i,172,1,0
1icbs4i,173,1,0
1icbs4i,174,1,0
1icbs4i,175,-1,0
1icbs4i,176,0,0
1icbs4i,177,0,0
1icbs4i,178,0,0
1icbs4i,179,0,0
1icbs4i,180,0,0
1icbs4i,181,0,0
1icbs4i,182,0,0
1icbs4i,183,0,0
1icbs4i,184,0,0
1icqg16,0,1,0
1icqg16,1,1,0
1icqg16,2,0,0
1icqg16,3,0,0
1icqg16,4,0,0
1icqg16,5,1,0
1icqg16,6,0,0
1icqg16,7,0,0
1icqg16,8,0,0
1icqg16,9,0,0
1icqg16,10,1,0
1icqg16,11,1,0
1icqg16,12,0,0
1icqg16,13,1,0
1icqg16,14,1,0
1icqg16,15,1,0
1icqg16,16,1,0
1icqg16,17,1,0
1icqg16,18,0,0
1icqg16,19,1,0
1icqg16,20,1,0
1icqg16,21,0,0
1icqg16,22,-1,0
1icqg16,23,0,0
1icqg16,24,0,0
1icqg16,25,-1,0
1icqg16,26,-1,0
1icqg16,27,1,0
1icqg16,28,1,0
1icqg16,29,0,0
1icqg16,30,0,0
1icqg16,31,0,0
1icqg16,32,0,0
1icqg16,33,1,0
1icqg16,34,1,0
1icqg16,35,0,0
1icqg16,36,0,0
1icqg16,37,0,0
1icqg16,38,0,0
1icqg16,39,0,0
1icqg16,40,1,0
1icqg16,41,0,0
1icqg16,42,1,0
1icqg16,43,0,0
1icqg16,44,0,0
1icqg16,45,1,0
1icqg16,46,1,0
1icrrmk,0,0,0
1icrrmk,1,-1,0
1icrrmk,2,0,0
1icrrmk,3,1,0
1icrrmk,4,0,0
1icrrmk,5,-1,0
1icrrmk,6,0,0
1icrrmk,7,1,0
1icrrmk,8,0,0
1icrrmk,9,0,0
1icrrmk,10,0,0
1icrrmk,11,1,0
1icrrmk,12,0,0
1icrrmk,13,1,0
1icrrmk,14,0,0
1icrrmk,15,1,0
1icrrmk,16,0,0
1icrrmk,17,0,0
1icrrmk,18,0,0
1icrrmk,19,0,0
1icrrmk,20,0,0
1icrrmk,21,1,0
1icrrmk,22,0,0
1icrrmk,23,0,0
1icrrmk,24,-1,0
1icrrmk,25,0,0
1icrrmk,26,0,0
1icrrmk,27,0,0
1icrrmk,28,0,0
1icrrmk,29,0,0
1icrrmk,30,0,0
1icrrmk,31,0,0
1icrrmk,32,0,0
1icrrmk,33,0,0
1icrrmk,34,1,0
1icrrmk,35,0,0
1icrrmk,36,1,0
1icrrmk,37,1,0
1icrrmk,38,0,0
1icrrmk,39,0,0
1icrrmk,40,0,0
1icrrmk,41,0,0
1icrrmk,42,0,0
1icrrmk,43,0,0
1icrrmk,44,0,0
1icrrmk,45,0,0
1icrrmk,46,0,0
1icrrmk,47,0,0
1icrrmk,48,0,0
1icrrmk,49,0,0
1icrrmk,50,0,0
1icrrmk,51,1,0
1icrrmk,52,0,0
1icrrmk,53,0,0
1icrrmk,54,0,0
1icrrmk,55,1,0
1icrrmk,56,1,0
1icrrmk,57,0,0
1icrrmk,58,0,0
1icrrmk,59,0,0
1icrrmk,60,0,0
1icrrmk,61,0,0
1icrrmk,62,0,0
1icrrmk,63,1,0
1icrrmk,64,0,0
1icrrmk,65,0,0
1icrrmk,66,0,0
1icrrmk,67,0,0
1icrrmk,68,0,0
1icrrmk,69,0,0
1icrrmk,70,0,0
1icrrmk,71,1,0
1icrrmk,72,1,0
1icrrmk,73,0,0
1icrrmk,74,1,0
1icrrmk,75,0,0
1icrrmk,76,0,0
1icrrmk,77,0,0
1icrrmk,78,0,0
1icrrmk,79,1,0
1icrrmk,80,0,0
1icrrmk,81,0,0
1icrrmk,82,0,0
1icrrmk,83,0,0
1icrrmk,84,1,0
1icrrmk,85,1,0
1icrrmk,86,1,0
1ido1ou,0,0,0
1ido1ou,1,0,0
1ido1ou,2,1,0
1ido1ou,3,0,0
1ido1ou,4,-1,0
1ido1ou,5,1,0
1ido1ou,6,0,0
1ido1ou,7,0,0
1ido1ou,8,0,0
1ido1ou,9,-1,0
1ido1ou,10,-1,0
1ido1ou,11,0,0
1ido1ou,12,1,0
1ido1ou,13,1,0
1ido1ou,14,-1,0
1ido1ou,15,-1,0
1ido1ou,16,0,0
1ido1ou,17,1,0
1ido1ou,18,0,0
1ido1ou,19,0,0
1ido1ou,20,0,0
1ido1ou,21,1,0
1ido1ou,22,1,0
1ido1ou,23,-1,0
1ido1ou,24,-1,0
1ido1ou,25,0,0
1ido1ou,26,-1,0
1ido1ou,27,-1,0
1ido1ou,28,1,0
1ido1ou,29,0,0
1ido1ou,30,1,0
1ido1ou,31,0,0
1ido1ou,32,-1,0
1ido1ou,33,1,0
1ido1ou,34,1,0
1ido1ou,35,1,0
1ieoclk,0,-1,0
1ieoclk,1,1,0
1ieoclk,2,0,0
1ieoclk,3,0,0
1ieoclk,4,0,0
1ieoclk,5,0,0
1ieoclk,6,0,0
1ieoclk,7,0,0
1ieoclk,8,1,0
1ieoclk,9,1,0
1ieoclk,10,0,0
1ieoclk,11,0,0
1ieoclk,12,0,0
1ieoclk,13,0,0
1ieoclk,14,1,0
1ieoclk,15,1,0
1ieoclk,16,0,0
1ieoclk,17,0,0
1ieoclk,18,0,0
1ieoclk,19,0,0
1ieoclk,20,0,0
1ieoclk,21,-1,0
1ieoclk,22,1,0
1ieoclk,23,0,0
1ieoclk,24,0,0
1ieoclk,25,0,0
1ieoclk,26,-1,0
1ieoclk,27,0,0
1ieoclk,28,0,0
1ieoclk,29,0,0
1ieoclk,30,1,0
1ieoclk,31,1,0
1ieoclk,32,0,0
1ieoclk,33,1,0
1ieoclk,34,0,0
1ieoclk,35,0,0
1ieoclk,36,0,0
1ieoclk,37,0,0
1ieoclk,38,1,0
1ieoclk,39,0,0
1ieoclk,40,1,0
1ieoclk,41,1,0
1ieoclk,42,0,0
1ieoclk,43,1,0
1ieoclk,44,1,0
1ieoclk,45,1,0
1ieoclk,46,1,0
1ieoclk,47,1,0
1ieoclk,48,0,0
1ieoclk,49,0,0
1ieoclk,50,0,0
1ieoclk,51,0,0
1ieoclk,52,0,0
1ieoclk,53,0,0
1ieoclk,54,-1,0
1ieoclk,55,0,0
1ieoclk,56,-1,0
1ieoclk,57,1,0
1ieoclk,58,-1,0
1ieoclk,59,0,0
1ieoclk,60,0,0
1ieoclk,61,0,0
1ieoclk,62,0,0
1ieoclk,63,0,0
1ieoclk,64,0,0
1ieoclk,65,0,0
1ieoclk,66,0,0
1ieoclk,67,0,0
1ieoclk,68,0,0
1ieoclk,69,0,0
1ieoclk,70,0,0
1ieoclk,71,0,0
1ieoclk,72,1,0
1ieoclk,73,1,0
1ieoclk,74,0,0
1ieoclk,75,0,0
1ieoclk,76,0,0
1ieoclk,77,0,0
1ieoclk,78,0,0
1ieoclk,79,0,0
1iftfqb,0,1,-1
1iftfqb,1,0,-1
1iftfqb,2,-1,-1
1iftfqb,3,0,-1
1iftfqb,4,0,-1
1iftfqb,5,-1,-1
1iftfqb,6,0,-1
1iftfqb,7,0,-1
1iftfqb,8,0,-1
1iftfqb,9,-1,-1
1iftfqb,10,-1,-1
1iftfqb,11,0,-1
1iftfqb,12,1,-1
1iftfqb,13,0,-1
1iftfqb,14,0,-1
1iftfqb,15,0,-1
1iftfqb,16,0,-1
1iftfqb,17,0,-1
1iftfqb,18,0,-1
1iftfqb,19,0,-1
1iftfqb,20,0,-1
1iftfqb,21,0,-1
1iftfqb,22,-1,-1
1iftfqb,23,0,-1
1iftfqb,24,0,-1
1iftfqb,25,0,-1
1iftfqb,26,-1,-1
1iftfqb,27,0,-1
1iftfqb,28,-1,-1
1iftfqb,29,-1,-1
1iftfqb,30,0,-1
1iftfqb,31,0,-1
1iftfqb,32,0,-1
1iftfqb,33,0,-1
1iftfqb,34,0,-1
1iftfqb,35,0,-1
1iftfqb,36,0,-1
1iftfqb,37,0,-1
1iftfqb,38,1,-1
1iftfqb,39,0,-1
1iftfqb,40,1,-1
1iftfqb,41,0,-1
1iftfqb,42,0,-1
1iftfqb,43,1,-1
1iftfqb,44,0,-1
1iftfqb,45,0,-1
1iftfqb,46,0,-1
1iftfqb,47,0,-1
1iftfqb,48,-1,-1
1iftfqb,49,0,-1
1iftfqb,50,0,-1
1iftfqb,51,0,-1
1iftfqb,52,0,-1
1iftfqb,53,-1,-1
1iftfqb,54,-1,-1
1iftfqb,55,-1,-1
1iftfqb,56,1,-1
1iftfqb,57,0,-1
1iftfqb,58,0,-1
1iftfqb,59,-1,-1
1iftfqb,60,0,-1
1iftfqb,61,-1,-1
1iftfqb,62,-1,-1
1iftfqb,63,-1,-1
1iftfqb,64,0,-1
1iftfqb,65,0,-1
1iftfqb,66,-1,-1
1iftfqb,67,0,-1
1iftfqb,68,0,-1
1iftfqb,69,0,-1
1iftfqb,70,0,-1
1iftfqb,71,-1,-1
1iftfqb,72,0,-1
1iftfqb,73,0,-1
1iftfqb,74,0,-1
1iftfqb,75,-1,-1
1iftfqb,76,0,-1
1iftfqb,77,0,-1
1iftfqb,78,0,-1
1iftfqb,79,0,-1
1iftfqb,80,-1,-1
1iftfqb,81,0,-1
1iftfqb,82,0,-1
1iftfqb,83,0,-1
1iftfqb,84,0,-1
1iftfqb,85,0,-1
1iftfqb,86,0,-1
1iftfqb,87,0,-1
1iftfqb,88,-1,-1
1iftfqb,89,0,-1
1iftfqb,90,-1,-1
1iftfqb,91,0,-1
1iftfqb,92,0,-1
1iftfqb,93,0,-1
1iftfqb,94,0,-1
1iftfqb,95,0,-1
1iftfqb,96,0,-1
1iftfqb,97,0,-1
1iftfqb,98,0,-1
1iftfqb,99,-1,-1
1iftfqb,100,0,-1
1iftfqb,101,0,-1
1iftfqb,102,0,-1
1iftfqb,103,0,-1
1iftfqb,104,0,-1
1iftfqb,105,0,-1
1iftfqb,106,0,-1
1iftfqb,107,0,-1
1iftfqb,108,0,-1
1iftfqb,109,0,-1
1iftfqb,110,1,-1
1iftfqb,111,1,-1
1iftfqb,112,1,-1
1iftfqb,113,0,-1
1iftfqb,114,0,-1
1iftfqb,115,-1,-1
1iftfqb,116,0,-1
1iftfqb,117,-1,-1
1iftfqb,118,0,-1
1iftfqb,119,0,-1
1iftfqb,120,0,-1
1iftfqb,121,0,-1
1iftfqb,122,-1,-1
1iftfqb,123,0,-1
1iftfqb,124,0,-1
1iftfqb,125,0,-1
1iftfqb,126,0,-1
1iftfqb,127,0,-1
1iftfqb,128,0,-1
1iftfqb,129,0,-1
1iftfqb,130,-1,-1
1iftfqb,131,0,-1
1iftfqb,132,-1,-1
1iftfqb,133,-1,-1
1iftfqb,134,-1,-1
1iftfqb,135,0,-1
1iftfqb,136,0,-1
1iftfqb,137,0,-1
1iftfqb,138,0,-1
1iftfqb,139,0,-1
1iftfqb,140,0,-1
1iftfqb,141,0,-1
1iftfqb,142,0,-1
1iftfqb,143,0,-1
1iftfqb,144,0,-1
1iftfqb,145,0,-1
1iftfqb,146,0,-1
1iftfqb,147,0,-1
1iftfqb,148,0,-1
1iftfqb,149,-1,-1
1iftfqb,150,0,-1
1iftfqb,151,0,-1
1iftfqb,152,-1,-1
1iftfqb,153,-1,-1
1iftfqb,154,-1,-1
1iftfqb,155,0,-1
1iftfqb,156,-1,-1
1iftfqb,157,0,-1
1iftfqb,158,0,-1
1iftfqb,159,0,-1
1igk67i,0,1,0
1igk67i,1,1,0
1igk67i,2,0,0
1igk67i,3,0,0
1igk67i,4,1,0
1igk67i,5,1,0
1igk67i,6,0,0
1igk67i,7,0,0
1igk67i,8,0,0
1igk67i,9,0,0
1igk67i,10,0,0
1igk67i,11,0,0
1igk67i,12,1,0
1igk67i,13,1,0
1igk67i,14,0,0
1igk67i,15,1,0
1igk67i,16,1,0
1igk67i,17,1,0
1igk67i,18,0,0
1igk67i,19,0,0
1igk67i,20,-1,0
1igk67i,21,0,0
1igk67i,22,1,0
1igk67i,23,1,0
1igk67i,24,-1,0
1igk67i,25,0,0
1igk67i,26,0,0
1igk67i,27,0,0
1igk67i,28,0,0
1igk67i,29,1,0
1igk67i,30,1,0
1igk67i,31,1,0
1igk67i,32,0,0
1igk67i,33,0,0
1igk67i,34,0,0
1igk67i,35,0,0
1igvjx0,0,0,0
1igvjx0,1,-1,0
1il7a7q,0,0,1
1il7a7q,1,1,1
1il7a7q,2,-1,1
1il7a7q,3,0,1
1il7a7q,4,-1,1
1il7a7q,5,0,1
1il7a7q,6,-1,1
1il7a7q,7,-1,1
1il7a7q,8,-1,1
1il7a7q,9,1,1
1il7a7q,10,-1,1
1il7a7q,11,1,1
1il7a7q,12,-1,1
1il7a7q,13,1,1
1il7a7q,14,0,1
1il7a7q,15,0,1
1il7a7q,16,1,1
1il7a7q,17,0,1
1il7a7q,18,1,1
1il7a7q,19,1,1
1il7a7q,20,0,1
1il7a7q,21,1,1
1il7a7q,22,-1,1
1il7a7q,23,0,1
1il7a7q,24,-1,1
1il7a7q,25,-1,1
1il7a7q,26,0,1
1il7a7q,27,-1,1
1il7a7q,28,1,1
1il7a7q,29,0,1
1il7a7q,30,1,1
1il7a7q,31,-1,1
1il7a7q,32,0,1
1il7a7q,33,0,1
1il7a7q,34,-1,1
1il7a7q,35,1,1
1il7a7q,36,-1,1
1il7a7q,37,-1,1
1il7a7q,38,0,1
1il7a7q,39,-1,1
1il7a7q,40,-1,1
1il7a7q,41,1,1
1il7a7q,42,-1,1
1il7a7q,43,0,1
1il7a7q,44,-1,1
1il7a7q,45,-1,1
1il7a7q,46,1,1
1il7a7q,47,0,1
1il7a7q,48,1,1
1il7a7q,49,1,1
1il7a7q,50,1,1
1il7a7q,51,1,1
1il7a7q,52,-1,1
1il7a7q,53,-1,1
1il7a7q,54,-1,1
1il7a7q,55,0,1
1il7a7q,56,1,1
1il7a7q,57,-1,1
1il7a7q,58,1,1
1il7a7q,59,-1,1
1il7a7q,60,-1,1
1il7a7q,61,0,1
1il7a7q,62,0,1
1il7a7q,63,0,1
1il7a7q,64,1,1
1il7a7q,65,-1,1
1il7a7q,66,1,1
1il7a7q,67,-1,1
1il7a7q,68,-1,1
1il7a7q,69,1,1
1il7a7q,70,0,1
1il7a7q,71,1,1
1il7a7q,72,-1,1
1il7a7q,73,1,1
1il7a7q,74,-1,1
1il7a7q,75,0,1
1il7a7q,76,-1,1
1il7a7q,77,-1,1
1il7a7q,78,-1,1
1il7a7q,79,-1,1
1il7a7q,80,-1,1
1il7a7q,81,0,1
1il7a7q,82,0,1
1il7a7q,83,-1,1
1il7a7q,84,0,1
1il7a7q,85,-1,1
1im52z6,0,-1,0
1im52z6,1,-1,0
1im52z6,2,0,0
1im52z6,3,0,0
1im52z6,4,0,0
1im52z6,5,-1,0
1im52z6,6,-1,0
1im52z6,7,0,0
1im52z6,8,0,0
1im52z6,9,0,0
1im52z6,10,1,0
1im52z6,11,0,0
1im52z6,12,0,0
1im52z6,13,0,0
1im52z6,14,0,0
1im52z6,15,1,0
1im52z6,16,1,0
1im52z6,17,-1,0
1im52z6,18,0,0
1im52z6,19,-1,0
1im52z6,20,1,0
1im52z6,21,-1,0
1im52z6,22,1,0
1im52z6,23,-1,0
1im52z6,24,1,0
1im52z6,25,-1,0
1im52z6,26,0,0
1im52z6,27,0,0
1im52z6,28,-1,0
1im52z6,29,0,0
1im52z6,30,0,0
1im52z6,31,0,0
1im52z6,32,0,0
1im52z6,33,0,0
1im52z6,34,0,0
1im52z6,35,0,0
1im52z6,36,0,0
1im52z6,37,1,0
1im52z6,38,0,0
1im52z6,39,0,0
1im52z6,40,0,0
1im52z6,41,0,0
1im52z6,42,0,0
1im52z6,43,0,0
1im52z6,44,0,0
1im52z6,45,0,0
1im52z6,46,1,0
1im52z6,47,1,0
1im52z6,48,0,0
1im52z6,49,0,0
1im52z6,50,0,0
1im52z6,51,0,0
1im52z6,52,0,0
1im52z6,53,1,0
1im52z6,54,1,0
1im52z6,55,1,0
1im52z6,56,1,0
1im52z6,57,1,0
1im52z6,58,1,0
1im52z6,59,0,0
1im52z6,60,0,0
1im52z6,61,0,0
1im52z6,62,1,0
1im52z6,63,1,0
1im52z6,64,0,0
1im52z6,65,0,0
1imvwdd,0,-1,0
1imvwdd,1,1,0
1imvwdd,2,-1,0
1imvwdd,3,0,0
1imvwdd,4,0,0
1imvwdd,5,0,0
1imvwdd,6,1,0
1imvwdd,7,-1,0
1imvwdd,8,-1,0
1imvwdd,9,-1,0
1imvwdd,10,1,0
1imvwdd,11,1,0
1imvwdd,12,1,0
1imvwdd,13,-1,0
1imvwdd,14,1,0
1imvwdd,15,0,0
1imvwdd,16,0,0
1imvwdd,17,1,0
1imvwdd,18,1,0
1imvwdd,19,1,0
1imvwdd,20,-1,0
1imvwdd,21,1,0
1imvwdd,22,-1,0
1imvwdd,23,0,0
1imvwdd,24,0,0
1imvwdd,25,-1,0
1imvwdd,26,0,0
1imvwdd,27,0,0
1imvwdd,28,-1,0
1imvwdd,29,1,0
1imvwdd,30,1,0
1imvwdd,31,1,0
1imvwdd,32,1,0
1imvwdd,33,0,0
1imvwdd,34,0,0
1imvwdd,35,0,0
1imvwdd,36,1,0
1imvwdd,37,1,0
1imvwdd,38,1,0
1iqt4ns,0,1,0
1iqt4ns,1,0,0
1iqt4ns,2,-1,0
1iqt4ns,3,0,0
1iqt4ns,4,0,0
1iqt4ns,5,1,0
1iqt4ns,6,0,0
1iqt4ns,7,0,0
1iqt4ns,8,0,0
1iqt4ns,9,0,0
1iqt4ns,10,0,0
1iqt4ns,11,0,0
1iqt4ns,12,0,0
1iqt4ns,13,0,0
1iqt4ns,14,0,0
1iqt4ns,15,0,0
1iqt4ns,16,-1,0
1iqt4ns,17,1,0
1iqt4ns,18,-1,0
1iqt4ns,19,0,0
1iqt4ns,20,-1,0
1iqt4ns,21,1,0
1iqt4ns,22,-1,0
1iqt4ns,23,0,0
1iqt4ns,24,-1,0
1iqt4ns,25,1,0
1iqt4ns,26,1,0
1iqt4ns,27,0,0
1iqt4ns,28,0,0
1iqt4ns,29,0,0
1iqt4ns,30,0,0
1iqt4ns,31,0,0
1iqt4ns,32,1,0
1iqt4ns,33,1,0
1iqt4ns,34,-1,0
1iqt4ns,35,0,0
1iqt4ns,36,0,0
1iqt4ns,37,0,0
1iqt4ns,38,0,0
1iqt4ns,39,1,0
1iqt4ns,40,0,0
1iqt4ns,41,1,0
1iqt4ns,42,1,0
1iqt4ns,43,0,0
1iqt4ns,44,1,0
1iqt4ns,45,1,0
1iqt4ns,46,1,0
1iqt4ns,47,0,0
1iqt4ns,48,1,0
1iqt4ns,49,0,0
1iqt4ns,50,0,0
1iqt4ns,51,0,0
1iqt4ns,52,1,0
1iqt4ns,53,1,0
1iqt4ns,54,-1,0
1iqt4ns,55,0,0
1iqt4ns,56,-1,0
1iqt4ns,57,0,0
1iqt4ns,58,0,0
1iqt4ns,59,-1,0
1iqt4ns,60,0,0
1iqt4ns,61,1,0
1iqt4ns,62,0,0
1iqt4ns,63,1,0
1iqt4ns,64,0,0
1iqt4ns,65,0,0
1iqt4ns,66,1,0
1iqt4ns,67,0,0
1iqt4ns,68,0,0
1iqt4ns,69,0,0
1iqt4ns,70,0,0
1iqt4ns,71,0,0
1iqt4ns,72,0,0
1iqt4ns,73,1,0
1iqt4ns,74,0,0
1iqt4ns,75,1,0
1iqt4ns,76,1,0
1iqt4ns,77,1,0
1iqt4ns,78,1,0
1iqt4ns,79,1,0
1iqt4ns,80,1,0
1iqt4ns,81,1,0
1iqt4ns,82,-1,0
1iqt4ns,83,0,0
1iqt4ns,84,0,0
1iqt4ns,85,0,0
1iqt4ns,86,1,0
1iqt4ns,87,1,0
1iqt4ns,88,1,0
1iqt4ns,89,1,0
1iqt4ns,90,-1,0
1iqt4ns,91,1,0
1iqt4ns,92,0,0
1iqt4ns,93,0,0
1iqt4ns,94,0,0
1iqt4ns,95,0,0
1iqt4ns,96,0,0
1iqt4ns,97,0,0
1iqt4ns,98,0,0
1iqt4ns,99,0,0
1iqt4ns,100,0,0
1iqt4ns,101,0,0
1iqt4ns,102,0,0
1iqt4ns,103,0,0
1iqt4ns,104,0,0
1iqt4ns,105,0,0
1iqt4ns,106,0,0
1iqt4ns,107,0,0
1iqt4ns,108,0,0
1iqt4ns,109,1,0
1iqt4ns,110,0,0
1iqt4ns,111,0,0
1iqt4ns,112,1,0
1iqt4ns,113,1,0
1iqt4ns,114,0,0
1iqt4ns,115,0,0
1iqt4ns,116,0,0
1iqt4ns,117,0,0
1iqt4ns,118,0,0
1iqt4ns,119,0,0
1iqt4ns,120,1,0
1iqt4ns,121,0,0
1iqt4ns,122,0,0
1iqt4ns,123,1,0
1iqt4ns,124,0,0
1iqt4ns,125,1,0
1iqt4ns,126,1,0
1iqt4ns,127,1,0
1iqt4ns,128,0,0
1iqt4ns,129,1,0
1iqt4ns,130,0,0
1iqt4ns,131,0,0
1iqt4ns,132,0,0
1iqt4ns,133,0,0
1iqt4ns,134,0,0
1iqt4ns,135,0,0
1iqt4ns,136,0,0
1iqt4ns,137,1,0
1iqt4ns,138,0,0
1iqt4ns,139,0,0
1iqt4ns,140,-1,0
1iqt4ns,141,0,0
1iqt4ns,142,1,0
1iqt4ns,143,0,0
1iqt4ns,144,0,0
1iqt4ns,145,-1,0
1iqt4ns,146,0,0
1iqt4ns,147,0,0
1iqt4ns,148,1,0
1iqt4ns,149,0,0
1iqt4ns,150,0,0
1iqt4ns,151,1,0
1irq5pv,0,-1,0
1irq5pv,1,0,0
1irq5pv,2,-1,0
1irq5pv,3,0,0
1irq5pv,4,-1,0
1irq5pv,5,0,0
1irq5pv,6,0,0
1irq5pv,7,0,0
1irq5pv,8,0,0
1irq5pv,9,1,0
1irq5pv,10,0,0
1irq5pv,11,-1,0
1irq5pv,12,0,0
1irq5pv,13,0,0
1irq5pv,14,1,0
1irq5pv,15,1,0
1irq5pv,16,0,0
1irq5pv,17,0,0
1irq5pv,18,0,0
1irq5pv,19,0,0
1irq5pv,20,-1,0
1irq5pv,21,1,0
1irq5pv,22,0,0
1irq5pv,23,0,0
1irq5pv,24,1,0
1irq5pv,25,0,0
1irq5pv,26,1,0
1irq5pv,27,0,0
1irq5pv,28,0,0
1irq5pv,29,0,0
1irq5pv,30,0,0
1irq5pv,31,0,0
1irq5pv,32,0,0
1irq5pv,33,0,0
1irq5pv,34,0,0
1irq5pv,35,0,0
1irq5pv,36,0,0
1irq5pv,37,0,0
1irq5pv,38,0,0
1irq5pv,39,0,0
1irq5pv,40,0,0
1irq5pv,41,0,0
1irq5pv,42,0,0
1irq5pv,43,1,0
1irq5pv,44,0,0
1irq5pv,45,0,0
1irq5pv,46,0,0
1irq5pv,47,0,0
1irq5pv,48,0,0
1irq5pv,49,0,0
1irq5pv,50,0,0
1irq5pv,51,1,0
1irq5pv,52,1,0
1irq5pv,53,0,0
1irq5pv,54,0,0
1irq5pv,55,1,0
1irq5pv,56,0,0
1irq5pv,57,0,0
1irq5pv,58,0,0
1irq5pv,59,0,0
1irq5pv,60,-1,0
1irq5pv,61,0,0
1irq5pv,62,0,0
1irq5pv,63,0,0
1irq5pv,64,0,0
1irq5pv,65,0,0
1irq5pv,66,0,0
1irq5pv,67,0,0
1irq5pv,68,0,0
1irq5pv,69,0,0
1irq5pv,70,0,0
1irq5pv,71,0,0
1irq5pv,72,0,0
1irq5pv,73,0,0
1irq5pv,74,0,0
1irq5pv,75,0,0
1irq5pv,76,1,0
1irq5pv,77,0,0
1irq5pv,78,0,0
1irq5pv,79,0,0
1irq5pv,80,1,0
1irq5pv,81,0,0
1irq5pv,82,0,0
1irq5pv,83,0,0
1irq5pv,84,0,0
1irq5pv,85,0,0
1irq5pv,86,0,0
1irq5pv,87,0,0
1irq5pv,88,0,0
1irq5pv,89,0,0
1irq5pv,90,0,0
1irq5pv,91,0,0
1irq5pv,92,0,0
1irq5pv,93,1,0
1irq5pv,94,1,0
1irq5pv,95,1,0
1irq5pv,96,0,0
1irq5pv,97,0,0
1irq5pv,98,0,0
1irq5pv,99,1,0
1irq5pv,100,0,0
1irq5pv,101,1,0
1irq5pv,102,0,0
1irq5pv,103,0,0
1irq5pv,104,0,0
1irq5pv,105,0,0
1irq5pv,106,0,0
1irq5pv,107,0,0
1irq5pv,108,0,0
1irq5pv,109,0,0
1irq5pv,110,0,0
1irq5pv,111,0,0
1irq5pv,112,0,0
1irq5pv,113,0,0
1irq5pv,114,0,0
1irq5pv,115,0,0
1irq5pv,116,0,0
1irq5pv,117,0,0
1irq5pv,118,0,0
1irq5pv,119,0,0
1irq5pv,120,0,0
1irq5pv,121,0,0
1irq5pv,122,0,0
1irq5pv,123,0,0
1irq5pv,124,1,0
1irq5pv,125,0,0
1irq5pv,126,0,0
1irq5pv,127,0,0
1irq5pv,128,0,0
1irq5pv,129,0,0
1irq5pv,130,0,0
1irq5pv,131,0,0
1irq5pv,132,0,0
1irq5pv,133,0,0
1irq5pv,134,0,0
1irq5pv,135,0,0
1irq5pv,136,0,0
1irq5pv,137,0,0
1irq5pv,138,0,0
1irq5pv,139,0,0
1irq5pv,140,0,0
1irq5pv,141,0,0
1irq5pv,142,0,0
1irq5pv,143,0,0
1irq5pv,144,0,0
1irq5pv,145,0,0
1irq5pv,146,0,0
1irq5pv,147,0,0
1irq5pv,148,0,0
1irq5pv,149,0,0
1irq5pv,150,0,0
1irq5pv,151,0,0
1irq5pv,152,0,0
1irq5pv,153,0,0
1irq5pv,154,0,0
1irq5pv,155,0,0
1irq5pv,156,0,0
1irq5pv,157,0,0
1irq5pv,158,0,0
1irq5pv,159,0,0
1irq5pv,160,0,0
1irq5pv,161,0,0
1irq5pv,162,0,0
1irq5pv,163,0,0
1irq5pv,164,0,0
1irr7vr,0,0,0
1irr7vr,1,0,0
1irr7vr,2,1,0
1irr7vr,3,0,0
1irr7vr,4,0,0
1irr7vr,5,1,0
1irr7vr,6,-1,0
1irr7vr,7,0,0
1irr7vr,8,0,0
1irr7vr,9,1,0
1irr7vr,10,1,0
1irr7vr,11,1,0
1irr7vr,12,-1,0
1irr7vr,13,0,0
1irr7vr,14,-1,0
1irr7vr,15,-1,0
1irr7vr,16,-1,0
1irr7vr,17,-1,0
1irr7vr,18,-1,0
1irr7vr,19,0,0
1irr7vr,20,0,0
1irr7vr,21,-1,0
1irr7vr,22,-1,0
1irr7vr,23,0,0
1irr7vr,24,0,0
1irr7vr,25,-1,0
1irr7vr,26,0,0
1irr7vr,27,1,0
1irr7vr,28,1,0
1irr7vr,29,1,0
1irr7vr,30,0,0
1irr7vr,31,0,0
1irr7vr,32,0,0
1irr7vr,33,0,0
1irr7vr,34,0,0
1irr7vr,35,1,0
1irr7vr,36,1,0
1irr7vr,37,0,0
1irr7vr,38,1,0
1irr7vr,39,0,0
1irr7vr,40,1,0
1irr7vr,41,0,0
1irr7vr,42,1,0
1irr7vr,43,0,0
1irr7vr,44,0,0
1irr7vr,45,0,0
1irr7vr,46,1,0
1irr7vr,47,0,0
1irr7vr,48,0,0
1irr7vr,49,0,0
1irr7vr,50,1,0
1irr7vr,51,1,0
1irr7vr,52,1,0
1irr7vr,53,0,0
1irr7vr,54,0,0
1irr7vr,55,0,0
1irr7vr,56,0,0
1irr7vr,57,1,0
1irr7vr,58,1,0
1irr7vr,59,1,0
1irr7vr,60,-1,0
1irr7vr,61,1,0
1irr7vr,62,0,0
1irr7vr,63,1,0
1irr7vr,64,1,0
1irr7vr,65,1,0
1irr7vr,66,1,0
1irr7vr,67,1,0
1irr7vr,68,1,0
1irr7vr,69,1,0
1irr7vr,70,0,0
1irr7vr,71,1,0
1irr7vr,72,1,0
1irr7vr,73,1,0
1irr7vr,74,0,0
1irr7vr,75,1,0
1irr7vr,76,1,0
1irr7vr,77,0,0
1irr7vr,78,-1,0
1irr7vr,79,0,0
1irr7vr,80,0,0
1irr7vr,81,1,0
1irr7vr,82,1,0
1irr7vr,83,1,0
1irr7vr,84,1,0
1irr7vr,85,0,0
1irr7vr,86,1,0
1irr7vr,87,0,0
1irr7vr,88,1,0
1irr7vr,89,0,0
1irr7vr,90,0,0
1irr7vr,91,0,0
1irr7vr,92,0,0
1irr7vr,93,0,0
1irr7vr,94,1,0
1irr7vr,95,1,0
1irr7vr,96,1,0
1irr7vr,97,1,0
1irr7vr,98,1,0
1irr7vr,99,0,0
1irr7vr,100,1,0
1irr7vr,101,1,0
1irr7vr,102,0,0
1irr7vr,103,-1,0
1irr7vr,104,-1,0
1irr7vr,105,-1,0
1irr7vr,106,-1,0
1irr7vr,107,0,0
1irr7vr,108,-1,0
1irr7vr,109,-1,0
1irr7vr,110,-1,0
1irr7vr,111,1,0
1irv8vs,0,0,0
1irv8vs,1,-1,0
1irv8vs,2,0,0
1irv8vs,3,0,0
1irv8vs,4,-1,0
1irv8vs,5,0,0
1irv8vs,6,0,0
1irv8vs,7,0,0
1irv8vs,8,0,0
1irv8vs,9,0,0
1irv8vs,10,0,0
1irv8vs,11,-1,0
1irv8vs,12,0,0
1irv8vs,13,0,0
1irv8vs,14,0,0
1irv8vs,15,0,0
1irv8vs,16,0,0
1irv8vs,17,0,0
1irv8vs,18,1,0
1irv8vs,19,0,0
1irv8vs,20,0,0
1irv8vs,21,0,0
1irv8vs,22,0,0
1irv8vs,23,0,0
1irv8vs,24,0,0
1irv8vs,25,0,0
1irv8vs,26,0,0
1irv8vs,27,0,0
1irv8vs,28,0,0
1irv8vs,29,1,0
1irv8vs,30,0,0
1irv8vs,31,0,0
1irv8vs,32,0,0
1irv8vs,33,0,0
1irv8vs,34,0,0
1irv8vs,35,0,0
1irv8vs,36,0,0
1irv8vs,37,0,0
1irv8vs,38,0,0
1irv8vs,39,-1,0
1irv8vs,40,-1,0
1irv8vs,41,-1,0
1irv8vs,42,-1,0
1irv8vs,43,0,0
1irv8vs,44,0,0
1irv8vs,45,-1,0
1irv8vs,46,0,0
1ise5ot,0,-1,0
1ise5ot,1,1,0
1ise5ot,2,0,0
1ise5ot,3,0,0
1ise5ot,4,0,0
1ise5ot,5,0,0
1ise5ot,6,0,0
1ise5ot,7,0,0
1ise5ot,8,-1,0
1ise5ot,9,1,0
1ise5ot,10,-1,0
1ise5ot,11,1,0
1ise5ot,12,1,0
1ise5ot,13,1,0
1ise5ot,14,0,0
1ise5ot,15,-1,0
1ise5ot,16,-1,0
1ise5ot,17,1,0
1ise5ot,18,0,0
1ise5ot,19,1,0
1ise5ot,20,0,0
1ise5ot,21,1,0
1ise5ot,22,0,0
1ise5ot,23,0,0
1ise5ot,24,-1,0
1ise5ot,25,1,0
1ise5ot,26,0,0
1ise5ot,27,0,0
1ise5ot,28,0,0
1ise5ot,29,0,0
1ise5ot,30,0,0
1ise5ot,31,0,0
1ise5ot,32,0,0
1ise5ot,33,0,0
1ise5ot,34,0,0
1ise5ot,35,0,0
1ise5ot,36,1,0
1ise5ot,37,0,0
1ise5ot,38,-1,0
1ise5ot,39,1,0
1ise5ot,40,0,0
1ise5ot,41,0,0
1ise5ot,42,0,0
1ise5ot,43,1,0
1ise5ot,44,0,0
1ise5ot,45,-1,0
1ise5ot,46,1,0
1ise5ot,47,1,0
1ise5ot,48,1,0
1ise5ot,49,1,0
1ise5ot,50,0,0
1ise5ot,51,0,0
1ise5ot,52,0,0
1ise5ot,53,0,0
1ise5ot,54,0,0
1ise5ot,55,1,0
1ise5ot,56,1,0
1ise5ot,57,1,0
1ise5ot,58,1,0
1ise5ot,59,1,0
1ise5ot,60,1,0
1ise5ot,61,1,0
1ise5ot,62,-1,0
1ise5ot,63,0,0
1ise5ot,64,-1,0
1ise5ot,65,1,0
1ise5ot,66,0,0
1ise5ot,67,0,0
1ise5ot,68,-1,0
1ise5ot,69,0,0
1ise5ot,70,0,0
1ise5ot,71,1,0
1ise5ot,72,0,0
1ise5ot,73,-1,0
1ise5ot,74,1,0
1ise5ot,75,1,0
1ise5ot,76,0,0
1ise5ot,77,0,0
1ise5ot,78,0,0
1ise5ot,79,0,0
1ise5ot,80,0,0
1ise5ot,81,0,0
1ise5ot,82,0,0
1ise5ot,83,0,0
1ise5ot,84,0,0
1ise5ot,85,0,0
1ise5ot,86,0,0
1ise5ot,87,0,0
1ise5ot,88,0,0
1ise5ot,89,0,0
1ise5ot,90,1,0
1ise5ot,91,1,0
1ise5ot,92,1,0
1ise5ot,93,0,0
1ise5ot,94,1,0
1ise5ot,95,0,0
1ise5ot,96,0,0
1ise5ot,97,0,0
1ise5ot,98,0,0
1ise5ot,99,0,0
1ise5ot,100,0,0
1ise5ot,101,1,0
1ise5ot,102,1,0
1ise5ot,103,-1,0
1ise5ot,104,0,0
1ise5ot,105,1,0
1ise5ot,106,1,0
1ise5ot,107,0,0
1ise5ot,108,0,0
1ise5ot,109,0,0
1ise5ot,110,1,0
1ise5ot,111,0,0
1ise5ot,112,0,0
1ise5ot,113,0,0
1ise5ot,114,-1,0
1ise5ot,115,0,0
1ise5ot,116,0,0
1ise5ot,117,1,0
1ise5ot,118,1,0
1ise5ot,119,1,0
1ise5ot,120,-1,0
1ise5ot,121,1,0
1ise5ot,122,0,0
1ise5ot,123,-1,0
1ise5ot,124,1,0
1ise5ot,125,1,0
1ise5ot,126,1,0
1ise5ot,127,1,0
1ise5ot,128,1,0
1ise5ot,129,1,0
1ise5ot,130,-1,0
1ise5ot,131,0,0
1ise5ot,132,0,0
1ise5ot,133,0,0
1ise5ot,134,0,0
1ise5ot,135,0,0
1ise5ot,136,0,0
1ise5ot,137,0,0
1ise5ot,138,0,0
1ise5ot,139,0,0
1ise5ot,140,0,0
1ise5ot,141,0,0
1ise5ot,142,0,0
1ise5ot,143,0,0
1ise5ot,144,0,0
1ise5ot,145,1,0
1ise5ot,146,0,0
1ise5ot,147,1,0
1ise5ot,148,1,0
1ise5ot,149,1,0
1ise5ot,150,0,0
1ise5ot,151,1,0
1ise5ot,152,1,0
1ise5ot,153,0,0
1ise5ot,154,0,0
1ise5ot,155,1,0
1ise5ot,156,0,0
1ise5ot,157,0,0
1ise5ot,158,0,0
1ise5ot,159,1,0
1ise5ot,160,1,0
1ise5ot,161,1,0
1ise5ot,162,0,0
1ise5ot,163,1,0
1ise5ot,164,1,0
1ise5ot,165,1,0
1ise5ot,166,0,0
1ise5ot,167,0,0
1ise5ot,168,0,0
1ise5ot,169,0,0
1ise5ot,170,0,0
1ise5ot,171,0,0
1ise5ot,172,0,0
1ise5ot,173,0,0
1ise5ot,174,0,0
1ise5ot,175,0,0
1ise5ot,176,0,0
1ise5ot,177,-1,0
1ise5ot,178,0,0
1ise5ot,179,0,0
1ise5ot,180,0,0
1ise5ot,181,1,0
1ise5ot,182,0,0
1ise5ot,183,1,0
1ise5ot,184,1,0
1ise5ot,185,0,0
1ise5ot,186,1,0
1ise5ot,187,1,0
1ise5ot,188,0,0
1ise5ot,189,0,0
1ise5ot,190,-1,0
1ise5ot,191,0,0
1ise5ot,192,0,0
1ise5ot,193,1,0
1ise5ot,194,0,0
1ise5ot,195,1,0
1ise5ot,196,-1,0
1ise5ot,197,0,0
1ism5i4,0,-1,0
1ism5i4,1,1,0
1ism5i4,2,1,0
1ism5i4,3,0,0
1ism5i4,4,0,0
1ism5i4,5,0,0
1ism5i4,6,-1,0
1ism5i4,7,1,0
1ism5i4,8,0,0
1ism5i4,9,1,0
1ism5i4,10,-1,0
1ism5i4,11,-1,0
1ism5i4,12,1,0
1ism5i4,13,0,0
1ism5i4,14,1,0
1ism5i4,15,0,0
1ism5i4,16,0,0
1ism5i4,17,0,0
1ism5i4,18,0,0
1ism5i4,19,-1,0
1ism5i4,20,0,0
1ism5i4,21,1,0
1ism5i4,22,1,0
1ism5i4,23,0,0
1ism5i4,24,1,0
1ism5i4,25,1,0
1ism5i4,26,-1,0
1ism5i4,27,0,0
1ism5i4,28,0,0
1ism5i4,29,-1,0
1ism5i4,30,0,0
1ism5i4,31,0,0
1ism5i4,32,-1,0
1ism5i4,33,0,0
1itdks0,0,-1,0
1itdks0,1,1,0
1itdks0,2,-1,0
1itdks0,3,0,0
1itdks0,4,1,0
1itdks0,5,-1,0
1itdks0,6,0,0
1itdks0,7,-1,0
1itdks0,8,0,0
1itdks0,9,-1,0
1itdks0,10,-1,0
1itdks0,11,0,0
1itdks0,12,0,0
1itdks0,13,0,0
1itdks0,14,-1,0
1itdks0,15,-1,0
1itdks0,16,0,0
1itdks0,17,-1,0
1itdks0,18,1,0
1itdks0,19,-1,0
1itdks0,20,1,0
1itdks0,21,-1,0
1itdks0,22,1,0
1itdks0,23,-1,0
1itdks0,24,1,0
1itdks0,25,-1,0
1itdks0,26,1,0
1itdks0,27,0,0
1itdks0,28,0,0
1itdks0,29,1,0
1itdks0,30,0,0
1itdks0,31,0,0
1itdks0,32,0,0
1itdks0,33,1,0
1itdks0,34,1,0
1itdks0,35,1,0
1itdks0,36,-1,0
1itdks0,37,0,0
1itdks0,38,0,0
1itdks0,39,-1,0
1itdks0,40,-1,0
1itdks0,41,1,0
1itdks0,42,1,0
1itdks0,43,1,0
1itdks0,44,0,0
1itdks0,45,0,0
1itdks0,46,0,0
1itdks0,47,0,0
1itdks0,48,0,0
1itdks0,49,0,0
1itdks0,50,1,0
1itdks0,51,-1,0
1itdks0,52,0,0
1itdks0,53,0,0
1itdks0,54,0,0
1itdks0,55,0,0
1itdks0,56,0,0
1itdks0,57,0,0
1itdks0,58,1,0
1itdks0,59,0,0
1itdks0,60,0,0
1itdks0,61,0,0
1itdks0,62,-1,0
1itdks0,63,1,0
1itdks0,64,1,0
1itdks0,65,0,0
1itdks0,66,-1,0
1itdks0,67,0,0
1itdks0,68,0,0
1itdks0,69,-1,0
1itdks0,70,0,0
1itdks0,71,-1,0
1itdks0,72,-1,0
1itdks0,73,1,0
1itdks0,74,1,0
1itdks0,75,1,0
1itdks0,76,1,0
1itdks0,77,1,0
1itdks0,78,0,0
1itdks0,79,-1,0
1itdks0,80,1,0
1itdks0,81,0,0
1itdks0,82,0,0
1itdks0,83,0,0
1itdks0,84,-1,0
1itdks0,85,0,0
1itdks0,86,0,0
1itdks0,87,0,0
1itdks0,88,1,0
1itdks0,89,1,0
1itdks0,90,0,0
1itdks0,91,0,0
1itdks0,92,0,0
1itdks0,93,0,0
1itdks0,94,1,0
1itdks0,95,1,0
1itdks0,96,1,0
1itdks0,97,1,0
1itdks0,98,1,0
1itdks0,99,1,0
1itdks0,100,1,0
1itdks0,101,1,0
1itdks0,102,1,0
1itdks0,103,1,0
1itdks0,104,0,0
1itdks0,105,1,0
1itdks0,106,0,0
1itdks0,107,0,0
1itdks0,108,0,0
1itdks0,109,1,0
1itdks0,110,-1,0
1itdks0,111,0,0
1itdks0,112,0,0
1itdks0,113,1,0
1itdks0,114,0,0
1itdks0,115,0,0
1itdks0,116,0,0
1itdks0,117,0,0
1itdks0,118,1,0
1itdks0,119,1,0
1itdks0,120,0,0
1itdks0,121,0,0
1itdks0,122,0,0
1itdks0,123,-1,0
1itdks0,124,0,0
1itdks0,125,1,0
1itdks0,126,0,0
1itdks0,127,1,0
1itdks0,128,1,0
1itdks0,129,0,0
1itdks0,130,1,0
1itdks0,131,1,0
1itdks0,132,1,0
1itdks0,133,1,0
1itdks0,134,0,0
1itdks0,135,1,0
1itdks0,136,1,0
1itdks0,137,1,0
1itdks0,138,-1,0
1itdks0,139,0,0
1itdks0,140,0,0
1itdks0,141,0,0
1itdks0,142,0,0
1itdks0,143,0,0
1itdks0,144,0,0
1itdks0,145,0,0
1itdks0,146,0,0
1itdks0,147,1,0
1iy40fx,0,1,1
1iz0hqd,0,0,0
1iz0hqd,1,0,0
1iz0hqd,2,0,0
1izkir9,0,0,0
1izkir9,1,0,0
1izkir9,2,0,0
1izkir9,3,0,0
1izkir9,4,0,0
1izkir9,5,0,0
1izkir9,6,0,0
1izkir9,7,0,0
1izkir9,8,0,0
1izkir9,9,0,0
1izkir9,10,1,0
1izkir9,11,0,0
1izkir9,12,1,0
1izkir9,13,0,0
1izkir9,14,0,0
1izkir9,15,1,0
1izkir9,16,0,0
1izkir9,17,0,0
1izkir9,18,0,0
1izkir9,19,0,0
1izkir9,20,0,0
1izkir9,21,0,0
1izkir9,22,0,0
1izkir9,23,0,0
1izkir9,24,0,0
1izkir9,25,0,0
1izkir9,26,0,0
1izkir9,27,0,0
1izkir9,28,1,0
1izkir9,29,0,0
1izkir9,30,0,0
1izkir9,31,0,0
1izkir9,32,1,0
1izkir9,33,1,0
1izkir9,34,1,0
1izkir9,35,1,0
1izkir9,36,0,0
1izkir9,37,0,0
1izkir9,38,1,0
1izkir9,39,0,0
1izkir9,40,0,0
1izkir9,41,0,0
1izkir9,42,1,0
1izkir9,43,0,0
1izkir9,44,0,0
1izkir9,45,0,0
1izkir9,46,0,0
1izkir9,47,0,0
1izkir9,48,0,0
1izkir9,49,0,0
1izkir9,50,0,0
1izkir9,51,0,0
1izkir9,52,0,0
1izkir9,53,0,0
1izkir9,54,0,0
1izkir9,55,0,0
1izkir9,56,1,0
1izkir9,57,0,0
1izkir9,58,0,0
1izkir9,59,0,0
1izkir9,60,0,0
1izkir9,61,0,0
1izkir9,62,1,0
1izkir9,63,0,0
1izkir9,64,0,0
1izkir9,65,0,0
1izkir9,66,0,0
1izkir9,67,0,0
1izkir9,68,0,0
1izkir9,69,0,0
1izkir9,70,0,0
1izkir9,71,0,0
1izkir9,72,0,0
1izkir9,73,1,0
1izkir9,74,0,0
1izkir9,75,0,0
1izkir9,76,0,0
1izkir9,77,0,0
1izkir9,78,0,0
1izkir9,79,0,0
1izkir9,80,0,0
1izkir9,81,0,0
1izkir9,82,1,0
1izkir9,83,1,0
1izkir9,84,1,0
1izkir9,85,0,0
1izkir9,86,0,0
1izkir9,87,1,0
1izkir9,88,0,0
1izkir9,89,1,0
1izkir9,90,1,0
1izkir9,91,1,0
1izkir9,92,0,0
1izkir9,93,0,0
1izkir9,94,0,0
1izkir9,95,1,0
1izkir9,96,1,0
1izkir9,97,0,0
1izkir9,98,0,0
1izkir9,99,0,0
1izkir9,100,0,0
1izkir9,101,0,0
1izkir9,102,0,0
1izkir9,103,1,0
1izkir9,104,0,0
1j02nm5,0,1,1
1j02nm5,1,1,1
1j02nm5,2,0,1
1j02nm5,3,0,1
1j02nm5,4,0,1
1j02nm5,5,0,1
1j02nm5,6,1,1
1j02nm5,7,0,1
1j02nm5,8,1,1
1j02nm5,9,0,1
1j02nm5,10,0,1
1j02nm5,11,0,1
1j02nm5,12,0,1
1j02nm5,13,-1,1
1j02nm5,14,-1,1
1j02nm5,15,-1,1
1j02nm5,16,1,1
1j02nm5,17,1,1
1j02nm5,18,1,1
1j02nm5,19,0,1
1j02nm5,20,1,1
1j02nm5,21,1,1
1j02nm5,22,-1,1
1j02nm5,23,1,1
1j02nm5,24,1,1
1j02nm5,25,1,1
1j02nm5,26,1,1
1j02nm5,27,1,1
1j02nm5,28,0,1
1j02nm5,29,0,1
1j02nm5,30,0,1
1j02nm5,31,0,1
1j02nm5,32,1,1
1j02nm5,33,0,1
1j02nm5,34,0,1
1j02nm5,35,0,1
1j02nm5,36,0,1
1j03lj8,0,0,0
1j03lj8,1,0,0
1j03lj8,2,0,0
1j03lj8,3,0,0
1j03lj8,4,0,0
1j03lj8,5,0,0
1j03lj8,6,0,0
1j03lj8,7,0,0
1j03lj8,8,0,0
1j03lj8,9,0,0
1j03lj8,10,0,0
1j03lj8,11,0,0
1j03lj8,12,0,0
1j03lj8,13,0,0
1j03lj8,14,0,0
1j03lj8,15,1,0
1j03lj8,16,0,0
1j03lj8,17,1,0
1j03lj8,18,0,0
1j03lj8,19,1,0
1j03lj8,20,0,0
1j03lj8,21,0,0
1j03lj8,22,0,0
1j03lj8,23,0,0
1j03lj8,24,0,0
1j03lj8,25,1,0
1j03lj8,26,1,0
1j03lj8,27,0,0
1j03lj8,28,0,0
1j03lj8,29,0,0
1j03lj8,30,0,0
1j03lj8,31,0,0
1j03lj8,32,0,0
1j03lj8,33,0,0
1j03lj8,34,0,0
1j03lj8,35,0,0
1j03lj8,36,0,0
1j03lj8,37,0,0
1j03lj8,38,-1,0
1j03lj8,39,-1,0
1j03lj8,40,0,0
1j03lj8,41,1,0
1j03lj8,42,0,0
1j03lj8,43,0,0
1j03lj8,44,0,0
1j03lj8,45,0,0
1j4hds7,0,-1,0
1j4hds7,1,-1,0
1j4hds7,2,-1,0
1j4hds7,3,-1,0
1j4hds7,4,0,0
1j4hds7,5,-1,0
1j4hds7,6,-1,0
1j4hds7,7,0,0
1j4hds7,8,-1,0
1j4hds7,9,-1,0
1j4hds7,10,-1,0
1j4hds7,11,0,0
1j4hds7,12,0,0
1j4hds7,13,0,0
1j4hds7,14,0,0
1j4hds7,15,-1,0
1j4hds7,16,-1,0
1j4hds7,17,0,0
1j4hds7,18,0,0
1j4hds7,19,-1,0
1j4hds7,20,-1,0
1j4hds7,21,-1,0
1j4hds7,22,0,0
1j4hds7,23,0,0
1j4hds7,24,0,0
1j4hds7,25,1,0
1j4hds7,26,-1,0
1j4hds7,27,0,0
1j4hds7,28,0,0
1j4hds7,29,0,0
1j4hds7,30,0,0
1j4hds7,31,0,0
1j4hds7,32,0,0
1j4hds7,33,0,0
1j4hds7,34,-1,0
1j4hds7,35,0,0
1j55lo1,0,0,0
1j55lo1,1,-1,0
1j55lo1,2,0,0
1j55lo1,3,-1,0
1j55lo1,4,0,0
1j55lo1,5,0,0
1j55lo1,6,-1,0
1j55lo1,7,0,0
1j6nif6,0,-1,0
1j6nif6,1,1,0
1j6nif6,2,0,0
1j6nif6,3,0,0
1j6nif6,4,0,0
1j6nif6,5,1,0
1j6nif6,6,1,0
1j6nif6,7,-1,0
1j6nif6,8,1,0
1j6nif6,9,-1,0
1j6nif6,10,0,0
1j6nif6,11,-1,0
1j6nif6,12,0,0
1j6nif6,13,1,0
1j6nif6,14,-1,0
1j6nif6,15,0,0
1j6nif6,16,1,0
1j6nif6,17,0,0
1j6nif6,18,0,0
1j6nif6,19,0,0
1j6nif6,20,0,0
1j6nif6,21,0,0
1j6nif6,22,1,0
1j6nif6,23,0,0
1j6nif6,24,1,0
1j6nif6,25,1,0
1j6nif6,26,0,0
1j6nif6,27,0,0
1j6nif6,28,1,0
1j6nif6,29,0,0
1j6nif6,30,0,0
1j6nif6,31,0,0
1j6nif6,32,-1,0
1j6nif6,33,0,0
1j6nif6,34,0,0
1j6nif6,35,0,0
1j6nif6,36,0,0
1j6nif6,37,1,0
1j6nif6,38,0,0
1j6nif6,39,0,0
1j6nif6,40,0,0
1j6nif6,41,1,0
1j6nif6,42,0,0
1j6nif6,43,0,0
1j6nif6,44,0,0
1j6nif6,45,0,0
1j6nif6,46,0,0
1j6nif6,47,0,0
1j6nif6,48,0,0
1j75m82,0,0,0
1j75m82,1,0,0
1j75m82,2,-1,0
1j75m82,3,0,0
1j75m82,4,-1,0
1j75m82,5,0,0
1j75m82,6,-1,0
1j75m82,7,1,0
1j75m82,8,1,0
1j75m82,9,0,0
1j75m82,10,0,0
1j75m82,11,0,0
1j8n9bf,0,1,0
1j8n9bf,1,1,0
1j8n9bf,2,1,0
1j8n9bf,3,1,0
1j8n9bf,4,-1,0
1j8n9bf,5,1,0
1j8n9bf,6,0,0
1j8n9bf,7,1,0
1j8n9bf,8,0,0
1j8n9bf,9,0,0
1j8n9bf,10,1,0
1j8n9bf,11,0,0
1j8n9bf,12,0,0
1j8n9bf,13,0,0
1j8n9bf,14,0,0
1j8n9bf,15,0,0
1j8n9bf,16,0,0
1j8n9bf,17,0,0
1j8n9bf,18,0,0
1j8n9bf,19,0,0
1j8n9bf,20,0,0
1j8n9bf,21,0,0
1j8n9bf,22,0,0
1j8n9bf,23,0,0
1j8n9bf,24,0,0
1j8n9bf,25,0,0
1j8n9bf,26,1,0
1j8n9bf,27,0,0
1j8n9bf,28,1,0
1j8n9bf,29,-1,0
1j8n9bf,30,1,0
1j8n9bf,31,1,0
1j8n9bf,32,1,0
1j8n9bf,33,1,0
1j8n9bf,34,1,0
1j8n9bf,35,1,0
1j8n9bf,36,1,0
1j8n9bf,37,0,0
1j8n9bf,38,1,0
1j8n9bf,39,-1,0
1j8n9bf,40,1,0
1j8n9bf,41,0,0
1j8n9bf,42,0,0
1j8n9bf,43,0,0
1j8n9bf,44,-1,0
1j8n9bf,45,-1,0
1j8n9bf,46,1,0
1j8n9bf,47,1,0
1j8n9bf,48,1,0
1j8n9bf,49,1,0
1j8n9bf,50,1,0
1j8n9bf,51,1,0
1j8n9bf,52,0,0
1j8n9bf,53,0,0
1j8n9bf,54,0,0
1j8n9bf,55,-1,0
1j8n9bf,56,0,0
1j8n9bf,57,1,0
1j8n9bf,58,-1,0
1j8n9bf,59,1,0
1j8n9bf,60,1,0
1j8n9bf,61,0,0
1j8n9bf,62,1,0
1j8n9bf,63,1,0
1j8n9bf,64,1,0
1j8n9bf,65,1,0
1j8n9bf,66,1,0
1j8n9bf,67,-1,0
1j8n9bf,68,1,0
1j8n9bf,69,1,0
1j8n9bf,70,1,0
1j8n9bf,71,1,0
1j8n9bf,72,0,0
1j8n9bf,73,0,0
1j8n9bf,74,1,0
1j8n9bf,75,0,0
1j8n9bf,76,1,0
1j8n9bf,77,0,0
1j8n9bf,78,0,0
1j8n9bf,79,1,0
1j8n9bf,80,1,0
1j8n9bf,81,1,0
1j8n9bf,82,1,0
1j8n9bf,83,1,0
1j8n9bf,84,1,0
1j8n9bf,85,1,0
1j8n9bf,86,1,0
1j8n9bf,87,0,0
1j8n9bf,88,0,0
1j8n9bf,89,0,0
1j8n9bf,90,0,0
1j8n9bf,91,0,0
1j8n9bf,92,0,0
1j8n9bf,93,1,0
1j8n9bf,94,0,0
1j8n9bf,95,1,0
1j8n9bf,96,1,0
1j8n9bf,97,0,0
1j8n9bf,98,1,0
1j8n9bf,99,0,0
1j8n9bf,100,1,0
1j8n9bf,101,-1,0
1j8n9bf,102,1,0
1j8n9bf,103,1,0
1j8n9bf,104,1,0
1j8n9bf,105,1,0
1j8n9bf,106,1,0
1j8n9bf,107,0,0
1j8n9bf,108,1,0
1j8n9bf,109,0,0
1j8n9bf,110,0,0
1j8n9bf,111,-1,0
1j8n9bf,112,0,0
1j8n9bf,113,0,0
1j8n9bf,114,0,0
1j8n9bf,115,-1,0
1j8n9bf,116,0,0
1j8n9bf,117,-1,0
1j8n9bf,118,0,0
1j8n9bf,119,0,0
1j8n9bf,120,-1,0
1j8n9bf,121,1,0
1j8n9bf,122,0,0
1j8n9bf,123,0,0
1j8n9bf,124,0,0
1j8n9bf,125,0,0
1j8n9bf,126,0,0
1j8n9bf,127,0,0
1j8n9bf,128,1,0
1j8n9bf,129,0,0
1j8n9bf,130,0,0
1j8n9bf,131,0,0
1j8n9bf,132,0,0
1j8n9bf,133,0,0
1j8n9bf,134,1,0
1j8n9bf,135,0,0
1j8n9bf,136,1,0
1j8n9bf,137,0,0
1j8n9bf,138,1,0
1j8n9bf,139,0,0
1j8n9bf,140,1,0
1j8n9bf,141,1,0
1j8n9bf,142,1,0
1j8n9bf,143,1,0
1j8n9bf,144,0,0
1j8n9bf,145,0,0
1j8n9bf,146,1,0
1j8n9bf,147,0,0
1j8n9bf,148,1,0
1j8n9bf,149,0,0
1j8n9bf,150,0,0
1j8n9bf,151,0,0
1j8n9bf,152,1,0
1j8n9bf,153,-1,0
1j8n9bf,154,1,0
1j8n9bf,155,-1,0
1j8n9bf,156,-1,0
1j8n9bf,157,0,0
1j8n9bf,158,1,0
1j8n9bf,159,0,0
1j8n9bf,160,1,0
1j8n9bf,161,1,0
1j8n9bf,162,1,0
1j8n9bf,163,1,0
1j8n9bf,164,1,0
1j8n9bf,165,1,0
1j8n9bf,166,1,0
1j8n9bf,167,1,0
1j8n9bf,168,1,0
1j8n9bf,169,1,0
1j8n9bf,170,1,0
1j8n9bf,171,0,0
1j8n9bf,172,0,0
1j8n9bf,173,0,0
1j8n9bf,174,0,0
1j8n9bf,175,0,0
1j8n9bf,176,0,0
1j8n9bf,177,-1,0
1j8n9bf,178,1,0
1j8n9bf,179,0,0
1j8n9bf,180,0,0
1j8n9bf,181,0,0
1j8n9bf,182,0,0
1j8n9bf,183,0,0
1j8n9bf,184,0,0
1j8n9bf,185,0,0
1j8n9bf,186,0,0
1j8n9bf,187,0,0
1j8n9bf,188,0,0
1j8n9bf,189,0,0
1j8n9bf,190,0,0
1j8n9bf,191,0,0
1j8n9bf,192,0,0
1j8n9bf,193,0,0
1j8n9bf,194,0,0
1j8n9bf,195,1,0
1j9f7n3,0,-1,0
1j9f7n3,1,-1,0
1j9f7n3,2,-1,0
1j9f7n3,3,0,0
1j9f7n3,4,1,0
1j9f7n3,5,-1,0
1j9f7n3,6,-1,0
1j9f7n3,7,-1,0
1j9f7n3,8,-1,0
1j9f7n3,9,-1,0
1j9f7n3,10,1,0
1j9f7n3,11,0,0
1j9f7n3,12,0,0
1j9f7n3,13,0,0
1j9f7n3,14,0,0
1j9f7n3,15,0,0
1j9f7n3,16,-1,0
1j9f7n3,17,0,0
1j9f7n3,18,1,0
1j9f7n3,19,-1,0
1j9f7n3,20,1,0
1jb0fdf,0,1,0
1jb0fdf,1,1,0
1jb0fdf,2,1,0
1jb0fdf,3,-1,0
1jb0fdf,4,0,0
1jb0fdf,5,0,0
1jb0fdf,6,0,0
1jb0fdf,7,0,0
1jb0fdf,8,1,0
1jb0fdf,9,0,0
1jb0fdf,10,0,0
1jb0fdf,11,0,0
1jb0fdf,12,0,0
1jb0fdf,13,-1,0
1jb0fdf,14,1,0
1jb0fdf,15,-1,0
1jb0fdf,16,1,0
1jb0fdf,17,0,0
1jb0fdf,18,0,0
1jb0fdf,19,0,0
1jb0fdf,20,1,0
1jb0fdf,21,1,0
1jb0fdf,22,1,0
1jb0fdf,23,1,0
1jb0fdf,24,0,0
1jb0fdf,25,0,0
1jb0fdf,26,0,0
1jb0fdf,27,0,0
1jb0fdf,28,0,0
1jb0fdf,29,-1,0
1jb0fdf,30,0,0
1jb0fdf,31,-1,0
1jb0fdf,32,1,0
1jb0fdf,33,1,0
1jb0fdf,34,-1,0
1jb0fdf,35,0,0
1jb0fdf,36,1,0
1jb0fdf,37,0,0
1jb0fdf,38,-1,0
1jb0fdf,39,0,0
1jb0fdf,40,-1,0
1jb0fdf,41,1,0
1jb0fdf,42,0,0
1jb0fdf,43,0,0
1jb0fdf,44,1,0
1jb0fdf,45,-1,0
1jb0fdf,46,1,0
1jb0fdf,47,1,0
1jb0fdf,48,1,0
1jb0fdf,49,0,0
1jb0fdf,50,0,0
1jb0fdf,51,1,0
1jb0fdf,52,1,0
1jb0fdf,53,1,0
1jb0fdf,54,1,0
1jb0fdf,55,0,0
1jb0fdf,56,0,0
1jb0fdf,57,0,0
1jb0fdf,58,0,0
1jb0fdf,59,0,0
1jb0fdf,60,0,0
1jb0fdf,61,0,0
1jb0fdf,62,1,0
1jb0fdf,63,1,0
1jb0fdf,64,0,0
1jb0fdf,65,0,0
1jb0fdf,66,0,0
1jb0fdf,67,0,0
1jb0fdf,68,0,0
1jb0fdf,69,-1,0
1jb0fdf,70,-1,0
1jb0fdf,71,-1,0
1jb0fdf,72,-1,0
1jb0fdf,73,0,0
1jb0fdf,74,0,0
1jb0fdf,75,0,0
1jb0fdf,76,0,0
1jb0fdf,77,0,0
1jb0fdf,78,0,0
1jb0fdf,79,0,0
1jb0fdf,80,0,0
1jb0fdf,81,0,0
1jb0fdf,82,0,0
1jb0fdf,83,0,0
1jb0fdf,84,0,0
1jb0fdf,85,0,0
1jb2o7m,0,-1,0
1jb2o7m,1,1,0
1jb2o7m,2,1,0
1jb2o7m,3,-1,0
1jb2o7m,4,1,0
1jbychh,0,1,0
1jbychh,1,0,0
1jbychh,2,1,0
1jbychh,3,-1,0
1jbychh,4,0,0
1jbychh,5,1,0
1jbychh,6,-1,0
1jbychh,7,0,0
1jbychh,8,0,0
1jbychh,9,0,0
1jbychh,10,0,0
1jbychh,11,-1,0
1jbychh,12,1,0
1jbychh,13,-1,0
1jbychh,14,0,0
1jbychh,15,0,0
1jbychh,16,-1,0
1jbychh,17,1,0
1jbychh,18,-1,0
1jbychh,19,1,0
1jbychh,20,0,0
1jbychh,21,-1,0
1jbychh,22,1,0
1jbychh,23,0,0
1jbychh,24,-1,0
1jbychh,25,1,0
1jbychh,26,0,0
1jbychh,27,1,0
1jbychh,28,-1,0
1jbychh,29,1,0
1jbychh,30,-1,0
1jbychh,31,0,0
1jbychh,32,1,0
1jbychh,33,0,0
1jbychh,34,0,0
1jbychh,35,-1,0
1jbychh,36,0,0
1jbychh,37,-1,0
1jbychh,38,1,0
1jbychh,39,-1,0
1jbychh,40,-1,0
1jbychh,41,-1,0
1jbychh,42,-1,0
1jbychh,43,0,0
1jbychh,44,-1,0
1jbychh,45,0,0
1jbychh,46,0,0
1jbychh,47,1,0
1jbychh,48,0,0
1jbychh,49,1,0
1jbychh,50,-1,0
1jbychh,51,-1,0
1jbychh,52,0,0
1jbychh,53,0,0
1jbychh,54,0,0
1jbychh,55,-1,0
1jbychh,56,-1,0
1jbychh,57,-1,0
1jbychh,58,1,0
1jbychh,59,1,0
1jbychh,60,-1,0
1jbychh,61,1,0
1jbychh,62,0,0
1jbychh,63,0,0
1jbychh,64,1,0
1jbychh,65,-1,0
1jbychh,66,0,0
1jbychh,67,0,0
1jbychh,68,0,0
1jbychh,69,0,0
1jbychh,70,0,0
1jbychh,71,-1,0
1jbychh,72,0,0
1jbychh,73,-1,0
1jbychh,74,1,0
1jbychh,75,1,0
1jbychh,76,1,0
1jbychh,77,1,0
1jbychh,78,-1,0
1jbychh,79,-1,0
1jbychh,80,-1,0
1jbychh,81,0,0
1jbychh,82,0,0
1jbychh,83,1,0
1jbychh,84,1,0
1jbychh,85,-1,0
1jbychh,86,-1,0
1jbychh,87,0,0
1jbychh,88,0,0
1jbychh,89,-1,0
1jbychh,90,-1,0
1jbychh,91,0,0
1jbychh,92,0,0
1jbychh,93,0,0
1jbychh,94,0,0
1jbychh,95,0,0
1jbychh,96,0,0
1jbychh,97,0,0
1jbychh,98,0,0
1jbychh,99,-1,0
1jbychh,100,0,0
1jbychh,101,0,0
1jdazvf,0,0,0
1jdazvf,1,0,0
1jdazvf,2,0,0
1jdazvf,3,-1,0
1jdm30i,0,1,0
1jdm30i,1,0,0
1jdm30i,2,0,0
1jdm30i,3,0,0
1jdm30i,4,0,0
1jdm30i,5,0,0
1jdm30i,6,0,0
1jdm30i,7,0,0
1jet46t,0,0,0
1jet46t,1,-1,0
1jet46t,2,0,0
1jet46t,3,0,0
1jet46t,4,0,0
1jet46t,5,0,0
1jet46t,6,0,0
1jet46t,7,-1,0
1jet46t,8,1,0
1jet46t,9,0,0
1jet46t,10,0,0
1jet46t,11,0,0
1jet46t,12,0,0
1jet46t,13,0,0
1jet46t,14,0,0
1jet46t,15,0,0
1jet46t,16,0,0
1jet46t,17,-1,0
1jet46t,18,-1,0
1jet46t,19,1,0
1jet46t,20,-1,0
1jet46t,21,-1,0
1jet46t,22,0,0
1jet46t,23,0,0
1jet46t,24,0,0
1jet46t,25,-1,0
1jet46t,26,-1,0
1jet46t,27,-1,0
1jet46t,28,0,0
1jet46t,29,0,0
1jet46t,30,0,0
1jet46t,31,0,0
1jet46t,32,-1,0
1jet46t,33,1,0
1jet46t,34,0,0
1jet46t,35,0,0
1jet46t,36,0,0
1jet46t,37,0,0
1jet46t,38,0,0
1jet46t,39,0,0
1jet46t,40,-1,0
1jet46t,41,-1,0
1jet46t,42,0,0
1jet46t,43,0,0
1jet46t,44,-1,0
1jet46t,45,1,0
1jet46t,46,-1,0
1jet46t,47,0,0
1jet46t,48,-1,0
1jet46t,49,0,0
1jet46t,50,0,0
1jet46t,51,0,0
1jet46t,52,-1,0
1jet46t,53,0,0
1jet46t,54,0,0
1jet46t,55,0,0
1jet46t,56,0,0
1jet46t,57,0,0
1jet46t,58,0,0
1jet46t,59,0,0
1jet46t,60,0,0
1jet46t,61,0,0
1jet46t,62,-1,0
1jet46t,63,0,0
1jet46t,64,0,0
1jet46t,65,-1,0
1jet46t,66,-1,0
1jet46t,67,0,0
1jet46t,68,-1,0
1jet46t,69,1,0
1jet46t,70,-1,0
1jet46t,71,-1,0
1jet46t,72,0,0
1jet46t,73,0,0
1jet46t,74,0,0
1jet46t,75,0,0
1jet46t,76,0,0
1jet46t,77,0,0
1jet46t,78,0,0
1jet46t,79,0,0
1jet46t,80,0,0
1jet46t,81,0,0
1jet46t,82,0,0
1jet46t,83,0,0
1jet46t,84,0,0
1jet46t,85,0,0
1jet46t,86,0,0
1jet46t,87,0,0
1jet46t,88,-1,0
1jet46t,89,1,0
1jet46t,90,0,0
1jet46t,91,-1,0
1jet46t,92,0,0
1jet46t,93,-1,0
1jet46t,94,0,0
1jet46t,95,1,0
1jet46t,96,-1,0
1jet46t,97,-1,0
1jet46t,98,0,0
1jet46t,99,0,0
1jet46t,100,0,0
1jet46t,101,0,0
1jet46t,102,0,0
1jet46t,103,0,0
1jet46t,104,0,0
1jet46t,105,0,0
1jet46t,106,0,0
1jet46t,107,0,0
1jet46t,108,0,0
1jet46t,109,0,0
1jet46t,110,0,0
1jet46t,111,0,0
1jet46t,112,0,0
1jet46t,113,0,0
1jet46t,114,0,0
1jet46t,115,0,0
1jet46t,116,0,0
1jet46t,117,0,0
1jet46t,118,0,0
1jet46t,119,0,0
1jet46t,120,0,0
1jet46t,121,-1,0
1jet46t,122,-1,0
1jet46t,123,0,0
1jet46t,124,0,0
1jet46t,125,0,0
1jet46t,126,0,0
1jet46t,127,0,0
1jet46t,128,0,0
1jet46t,129,0,0
1jet46t,130,0,0
1jet46t,131,0,0
1jet46t,132,0,0
1jet46t,133,0,0
1jet46t,134,0,0
1jet46t,135,0,0
1jet46t,136,0,0
1jet46t,137,0,0
1jet46t,138,-1,0
1jet46t,139,0,0
1jet46t,140,0,0
1jet46t,141,0,0
1jet46t,142,0,0
1jet46t,143,1,0
1jet46t,144,0,0
1jf1pzs,0,1,0
1jf1pzs,1,1,0
1jf1pzs,2,1,0
1jf1pzs,3,1,0
1jf1pzs,4,1,0
1jf1pzs,5,1,0
1jf1pzs,6,1,0
1jf1pzs,7,1,0
1jf1pzs,8,1,0
1jf1pzs,9,1,0
1jf1pzs,10,1,0
1jf1pzs,11,1,0
1jf1pzs,12,0,0
1jf1pzs,13,1,0
1jf1pzs,14,1,0
1jf1pzs,15,-1,0
1jf1pzs,16,0,0
1jf1pzs,17,1,0
1jf1pzs,18,1,0
1jf1pzs,19,1,0
1jf1pzs,20,0,0
1jf1pzs,21,1,0
1jf1pzs,22,1,0
1jf1pzs,23,1,0
1jf1pzs,24,1,0
1jf1pzs,25,1,0
1jf1pzs,26,0,0
1jf1pzs,27,1,0
1jf1pzs,28,1,0
1jf1pzs,29,1,0
1jf1pzs,30,1,0
1jfkwde,0,0,0
1jfkwde,1,1,0
1jfkwde,2,0,0
1jfkwde,3,1,0
1jfkwde,4,1,0
1jfkwde,5,0,0
1jfkwde,6,1,0
1jfkwde,7,-1,0
1jfkwde,8,1,0
1jfkwde,9,1,0
1jfkwde,10,0,0
1jfkwde,11,0,0
1jfkwde,12,0,0
1jfkwde,13,1,0
1jfkwde,14,1,0
1jfkwde,15,1,0
1jfkwde,16,1,0
1jfkwde,17,1,0
1jfkwde,18,1,0
1jfkwde,19,0,0
1jfkwde,20,1,0
1jibrb2,0,0,0
1jibrb2,1,0,0
1jibrb2,2,-1,0
1jibrb2,3,0,0
1jibrb2,4,0,0
1jibrb2,5,-1,0
1jibrb2,6,0,0
1jibrb2,7,0,0
1jibrb2,8,1,0
1jibrb2,9,-1,0
1jjdy6a,0,0,0
1jjdy6a,1,1,0
1jjdy6a,2,1,0
1jjdy6a,3,1,0
1jjdy6a,4,1,0
1jjdy6a,5,-1,0
1jjdy6a,6,1,0
1jjdy6a,7,0,0
1jjdy6a,8,0,0
1jjdy6a,9,0,0
1jjdy6a,10,1,0
1jjdy6a,11,0,0
1jjdy6a,12,0,0
1jjdy6a,13,0,0
1jjdy6a,14,0,0
1jjdy6a,15,0,0
1jjdy6a,16,1,0
1jjdy6a,17,1,0
1jjdy6a,18,1,0
1jjdy6a,19,1,0
1jjdy6a,20,0,0
1jjdy6a,21,0,0
1jjdy6a,22,0,0
1jjdy6a,23,0,0
1jjdy6a,24,0,0
1jjdy6a,25,0,0
1jjdy6a,26,0,0
1jjdy6a,27,0,0
1jjdy6a,28,0,0
1jjdy6a,29,1,0
1jjdy6a,30,0,0
1jjdy6a,31,1,0
1jjdy6a,32,1,0
1jjdy6a,33,0,0
1jjdy6a,34,1,0
1jjdy6a,35,0,0
1jjdy6a,36,0,0
1jjdy6a,37,0,0
1jjdy6a,38,0,0
1jjdy6a,39,0,0
1jjdy6a,40,1,0
1jjdy6a,41,0,0
1jjdy6a,42,1,0
1jjdy6a,43,1,0
1jjdy6a,44,1,0
1jjdy6a,45,1,0
1jjdy6a,46,1,0
1jjdy6a,47,0,0
1jjdy6a,48,0,0
1jjdy6a,49,0,0
1jjkcxu,0,-1,1
1jjkcxu,1,1,1
1jjkcxu,2,-1,1
1jjkcxu,3,0,1
1jjkcxu,4,1,1
1jjkcxu,5,1,1
1jjkcxu,6,1,1
1jjkcxu,7,1,1
1jjkcxu,8,1,1
1jjkcxu,9,1,1
1jjkcxu,10,0,1
1jjkcxu,11,1,1
1jjkcxu,12,1,1
1jjkcxu,13,-1,1
1jjkcxu,14,0,1
1jjkcxu,15,-1,1
1jjkcxu,16,0,1
1jjkcxu,17,-1,1
1jjkcxu,18,0,1
1jjkcxu,19,0,1
1jjkcxu,20,1,1
1jjkcxu,21,0,1
1jjkcxu,22,1,1
1jjkcxu,23,0,1
1jjkcxu,24,0,1
1jjkcxu,25,0,1
1jjkcxu,26,0,1
1jjkcxu,27,0,1
1jjkcxu,28,1,1
1jjkcxu,29,1,1
1jjkcxu,30,-1,1
1jjkcxu,31,0,1
1jjkcxu,32,1,1
1jjkcxu,33,0,1
1jjkcxu,34,1,1
1jjkcxu,35,1,1
1jjkcxu,36,1,1
1jjkcxu,37,0,1
1jjkcxu,38,0,1
1jjkcxu,39,1,1
1jjkcxu,40,0,1
1jjkcxu,41,0,1
1jjnshj,0,1,0
1jjnshj,1,0,0
1jjnshj,2,1,0
1jjnshj,3,1,0
1jjnshj,4,1,0
1jjnshj,5,1,0
1jjnshj,6,1,0
1jjnshj,7,1,0
1jjnshj,8,0,0
1jjnshj,9,0,0
1jjnshj,10,0,0
1jjnshj,11,0,0
1jjnshj,12,1,0
1jjnshj,13,1,0
1jjnshj,14,1,0
1jjnshj,15,0,0
1jjnshj,16,0,0
1jjnshj,17,-1,0
1jjnshj,18,0,0
1jjnshj,19,1,0
1jjnshj,20,1,0
1jjnshj,21,1,0
1jjnshj,22,0,0
1jjnshj,23,0,0
1jjnshj,24,1,0
1jjnshj,25,0,0
1jjnshj,26,1,0
1jjnshj,27,1,0
1jjnshj,28,1,0
1jjnshj,29,1,0
1jjnshj,30,1,0
1jjnshj,31,-1,0
1jjnshj,32,1,0
1jjnshj,33,1,0
1jjnshj,34,-1,0
1jjnshj,35,0,0
1jjnshj,36,1,0
1jjnshj,37,-1,0
1jjnshj,38,1,0
1jjnshj,39,0,0
1jjnshj,40,1,0
1jjnshj,41,0,0
1jjnshj,42,0,0
1jjnshj,43,0,0
1jjnshj,44,0,0
1jjnshj,45,0,0
1jjnshj,46,1,0
1jjnshj,47,0,0
1jjnshj,48,-1,0
1jjnshj,49,1,0
1jjnshj,50,0,0
1jjnshj,51,0,0
1jjnshj,52,1,0
1jjnshj,53,0,0
1jjnshj,54,0,0
1jjnshj,55,0,0
1jjnshj,56,0,0
1jjnshj,57,0,0
1jjnshj,58,0,0
1jjnshj,59,0,0
1jjnshj,60,1,0
1jjnshj,61,1,0
1jjnshj,62,0,0
1jjnshj,63,1,0
1jjnshj,64,0,0
1jjnshj,65,0,0
1jjnshj,66,1,0
1jjnshj,67,0,0
1jjnshj,68,1,0
1jjnshj,69,0,0
1jjnshj,70,0,0
1jjnshj,71,0,0
1jjnshj,72,0,0
1jjnshj,73,0,0
1jjnshj,74,1,0
1jjnshj,75,1,0
1jjnshj,76,0,0
1jjnshj,77,-1,0
1jjnshj,78,1,0
1jjnshj,79,0,0
1jjnshj,80,0,0
1jjnshj,81,0,0
1jjnshj,82,0,0
1jjnshj,83,0,0
1jjnshj,84,-1,0
1jky43c,0,1,1
1jky43c,1,0,1
1jky43c,2,1,1
1jky43c,3,0,1
1jky43c,4,0,1
1jky43c,5,1,1
1jky43c,6,1,1
1jky43c,7,0,1
1jky43c,8,1,1
1jky43c,9,0,1
1jky43c,10,0,1
1jky43c,11,0,1
1jky43c,12,-1,1
1jky43c,13,0,1
1jky43c,14,1,1
1jky43c,15,0,1
1jky43c,16,-1,1
1jky43c,17,1,1
1jky43c,18,1,1
1jky43c,19,-1,1
1jky43c,20,-1,1
1jky43c,21,0,1
1jky43c,22,1,1
1jky43c,23,0,1
1jky43c,24,0,1
1jky43c,25,0,1
1jky43c,26,1,1
1jky43c,27,-1,1
1jky43c,28,0,1
1jky43c,29,1,1
1jky43c,30,1,1
1jky43c,31,0,1
1jky43c,32,1,1
1jky43c,33,0,1
1jky43c,34,0,1
1jky43c,35,-1,1
1jky43c,36,0,1
1jky43c,37,1,1
1jky43c,38,0,1
1jky43c,39,1,1
1jky43c,40,1,1
1jky43c,41,0,1
1jky43c,42,-1,1
1jky43c,43,0,1
1jky43c,44,1,1
1jky43c,45,1,1
1jky43c,46,0,1
1jky43c,47,0,1
1jky43c,48,0,1
1jky43c,49,0,1
1jky43c,50,0,1
1jky43c,51,-1,1
1jky43c,52,0,1
1jky43c,53,1,1
1jky43c,54,0,1
1jky43c,55,0,1
1jky43c,56,-1,1
1jky43c,57,-1,1
1jky43c,58,0,1
1jky43c,59,-1,1
1jky43c,60,0,1
1jky43c,61,0,1
1jky43c,62,0,1
1jky43c,63,-1,1
1jky43c,64,0,1
1jky43c,65,0,1
1jky43c,66,0,1
1jky43c,67,0,1
1jky43c,68,1,1
1jky43c,69,0,1
1jky43c,70,0,1
1jky43c,71,1,1
1jky43c,72,1,1
1jky43c,73,0,1
1jky43c,74,-1,1
1jky43c,75,-1,1
1jky43c,76,0,1
1jky43c,77,0,1
1jky43c,78,0,1
1jky43c,79,-1,1
1jky43c,80,-1,1
1jky43c,81,0,1
1jky43c,82,-1,1
1jky43c,83,-1,1
1jky43c,84,-1,1
1jky43c,85,-1,1
1jky43c,86,-1,1
1jky43c,87,0,1
1jky43c,88,0,1
1jky43c,89,0,1
1jky43c,90,-1,1
1jky43c,91,0,1
1jky43c,92,-1,1
1jky43c,93,0,1
1jky43c,94,-1,1
1jky43c,95,0,1
1jky43c,96,0,1
1jky43c,97,0,1
1jky43c,98,0,1
1jky43c,99,0,1
1jky43c,100,0,1
1jky43c,101,0,1
1jky43c,102,0,1
1jky43c,103,0,1
1jky43c,104,0,1
1jky43c,105,0,1
1jky43c,106,0,1
1jky43c,107,0,1
1jky43c,108,0,1
1jky43c,109,0,1
1jky43c,110,0,1
1jky43c,111,1,1
1jky43c,112,0,1
1jky43c,113,0,1
1jky43c,114,0,1
1jky43c,115,0,1
1jky43c,116,0,1
1jky43c,117,0,1
1jky43c,118,0,1
1jky43c,119,1,1
1jky43c,120,-1,1
1jky43c,121,0,1
1jky43c,122,0,1
1jky43c,123,0,1
1jky43c,124,0,1
1jky43c,125,0,1
1jky43c,126,0,1
1jky43c,127,0,1
1jky43c,128,0,1
1jky43c,129,0,1
1jky43c,130,0,1
1jky43c,131,0,1
1jky43c,132,0,1
1jky43c,133,0,1
1jky43c,134,0,1
1jky43c,135,0,1
1jky43c,136,0,1
1jky43c,137,0,1
1jky43c,138,1,1
1jky43c,139,-1,1
1jky43c,140,1,1
1jky43c,141,0,1
1jky43c,142,0,1
1jky43c,143,0,1
1jky43c,144,0,1
1jky43c,145,0,1
1jky43c,146,0,1
1jky43c,147,0,1
1jky43c,148,0,1
1jky43c,149,0,1
1jky43c,150,0,1
1jky43c,151,0,1
1jky43c,152,0,1
1jky43c,153,1,1
1jky43c,154,-1,1
1jky43c,155,0,1
1jky43c,156,0,1
1jky43c,157,0,1
1jky43c,158,1,1
1jky43c,159,0,1
1jky43c,160,0,1
1jky43c,161,0,1
1jky43c,162,0,1
1jky43c,163,0,1
1jky43c,164,0,1
1jky43c,165,-1,1
1jky43c,166,0,1
1jky43c,167,-1,1
1jky43c,168,0,1
1jky43c,169,0,1
1jky43c,170,0,1
1jky43c,171,0,1
1jky43c,172,0,1
1jky43c,173,0,1
1jky43c,174,0,1
1jky43c,175,0,1
1jky43c,176,0,1
1jky43c,177,0,1
1jky43c,178,0,1
1jky43c,179,0,1
1jky43c,180,0,1
1jky43c,181,0,1
1jky43c,182,0,1
1jky43c,183,1,1
1jky43c,184,0,1
1jky43c,185,0,1
1jky43c,186,0,1
1jky43c,187,0,1
1jky43c,188,0,1
1jky43c,189,0,1
1jky43c,190,0,1
1jky43c,191,0,1
1jky43c,192,0,1
1jky43c,193,0,1
1jky43c,194,0,1
1jky43c,195,0,1
1jmhi1p,0,0,0
1jmhi1p,1,0,0
1jmhi1p,2,0,0
1jmhi1p,3,0,0
1jmhi1p,4,-1,0
1jmhi1p,5,0,0
1jmhi1p,6,-1,0
1jmhi1p,7,0,0
1jmhi1p,8,0,0
1jmhi1p,9,0,0
1jmhi1p,10,0,0
1jmhi1p,11,0,0
1jmhi1p,12,1,0
1jmhi1p,13,-1,0
1jmhi1p,14,0,0
1jmhi1p,15,0,0
1jmhi1p,16,0,0
1jmhi1p,17,-1,0
1jmhi1p,18,-1,0
1jmhi1p,19,0,0
1jmhi1p,20,1,0
1jmhi1p,21,0,0
1jmhi1p,22,0,0
1jmhi1p,23,0,0
1jmhi1p,24,0,0
1jmhi1p,25,0,0
1jmhi1p,26,-1,0
1jmhi1p,27,0,0
1jmhi1p,28,0,0
1jmhi1p,29,0,0
1jmhi1p,30,0,0
1jmhi1p,31,0,0
1jmhi1p,32,0,0
1jmhi1p,33,0,0
1jmhi1p,34,0,0
1jnbuuo,0,0,0
1jnbuuo,1,1,0
1jnbuuo,2,0,0
1jnbuuo,3,-1,0
1jnbuuo,4,0,0
1jnbuuo,5,0,0
1jnbuuo,6,0,0
1jnbuuo,7,0,0
1jnbuuo,8,-1,0
1jnbuuo,9,0,0
1jnbuuo,10,0,0
1jnbuuo,11,-1,0
1jnbuuo,12,1,0
1jnbuuo,13,1,0
1jnbuuo,14,0,0
1jnbuuo,15,-1,0
1jnbuuo,16,0,0
1jnbuuo,17,1,0
1jnbuuo,18,1,0
1jnbuuo,19,0,0
1jnbuuo,20,1,0
1jnbuuo,21,0,0
1jnbuuo,22,0,0
1jnbuuo,23,0,0
1jnbuuo,24,0,0
1jnbuuo,25,0,0
1jnbuuo,26,0,0
1jnbuuo,27,0,0
1jnbuuo,28,0,0
1jnbuuo,29,0,0
1jnbuuo,30,0,0
1jnbuuo,31,0,0
1jnbuuo,32,0,0
1jnbuuo,33,0,0
1jnnged,0,0,0
1jnnged,1,0,0
1jnnged,2,1,0
1jnnged,3,0,0
1jnnged,4,0,0
1jnnged,5,0,0
1jnnged,6,0,0
1jnnged,7,0,0
1jnnged,8,0,0
1jnnged,9,-1,0
1jnnged,10,0,0
1jnnged,11,0,0
1jnnged,12,-1,0
1jnnged,13,0,0
1jnnged,14,0,0
1jnnged,15,1,0
1jnnged,16,1,0
1jnnged,17,0,0
1jnnged,18,0,0
1jnnged,19,1,0
1jnnged,20,-1,0
1jnnged,21,0,0
1jnnged,22,1,0
1jnnged,23,1,0
1jnnged,24,1,0
1jnnged,25,1,0
1jnnged,26,0,0
1jnnged,27,0,0
1jnnged,28,0,0
1jnnged,29,1,0
1jnnged,30,0,0
1jnnged,31,0,0
1jnnged,32,-1,0
1jnnged,33,0,0
1jnnged,34,1,0
1jnnged,35,0,0
1jnnged,36,0,0
1jnnged,37,1,0
1jnnged,38,1,0
1jnnged,39,0,0
1jnnged,40,1,0
1jnnged,41,0,0
1jnnged,42,-1,0
1jnnged,43,0,0
1jnnged,44,0,0
1jnnged,45,0,0
1jnnged,46,0,0
1jnnged,47,0,0
1jnnged,48,1,0
1jnnged,49,0,0
1jnnged,50,0,0
1jnnged,51,0,0
1jnnged,52,1,0
1jnnged,53,1,0
1jnnged,54,0,0
1jnnged,55,-1,0
1jnnged,56,-1,0
1jnnged,57,-1,0
1jnnged,58,1,0
1jnnged,59,0,0
1jnnged,60,0,0
1jnnged,61,0,0
1jnnged,62,-1,0
1jnnged,63,0,0
1jnnged,64,0,0
1jnnged,65,0,0
1jnnged,66,0,0
1jnnged,67,0,0
1jnnged,68,0,0
1jnnged,69,1,0
1jnnged,70,0,0
1jnnged,71,1,0
1jnnged,72,-1,0
1jnnged,73,0,0
1jnnged,74,0,0
1jnnged,75,0,0
1jnnged,76,1,0
1jnnged,77,1,0
1jnnged,78,0,0
1jobyr9,0,1,0
1jobyr9,1,0,0
1jobyr9,2,1,0
1jobyr9,3,0,0
1jobyr9,4,0,0
1jobyr9,5,1,0
1jobyr9,6,1,0
1jobyr9,7,1,0
1jobyr9,8,0,0
1jobyr9,9,1,0
1jobyr9,10,0,0
1jobyr9,11,0,0
1jobyr9,12,1,0
1jobyr9,13,-1,0
1jobyr9,14,0,0
1jotwyz,0,0,0
1jotwyz,1,-1,0
1jotwyz,2,0,0
1jotwyz,3,0,0
1jotwyz,4,0,0
1jotwyz,5,0,0
1jotwyz,6,0,0
1jotwyz,7,0,0
1jotwyz,8,0,0
1jotwyz,9,-1,0
1jou5to,0,-1,0
1jou5to,1,0,0
1jou5to,2,-1,0
1jou5to,3,0,0
1jou5to,4,-1,0
1jov3xv,0,-1,0
1jov3xv,1,0,0
1jov3xv,2,0,0
1jov3xv,3,0,0
1jov3xv,4,1,0
1jov3xv,5,1,0
1jov3xv,6,1,0
1jov3xv,7,0,0
1jov3xv,8,0,0
1jov3xv,9,0,0
1jov3xv,10,-1,0
1jov3xv,11,0,0
1jov3xv,12,-1,0
1jov3xv,13,-1,0
1jov3xv,14,-1,0
1jov3xv,15,1,0
1jov3xv,16,1,0
1jov3xv,17,-1,0
1jov3xv,18,0,0
1jov3xv,19,-1,0
1jov3xv,20,-1,0
1jov3xv,21,0,0
1jov3xv,22,-1,0
1jov3xv,23,-1,0
1jov3xv,24,-1,0
1jov3xv,25,1,0
1jov3xv,26,0,0
1jov3xv,27,0,0
1jov3xv,28,0,0
1jov3xv,29,-1,0
1jov3xv,30,-1,0
1jov3xv,31,-1,0
1jov3xv,32,1,0
1jov3xv,33,-1,0
1jov3xv,34,0,0
1jov3xv,35,-1,0
1jov3xv,36,0,0
1jov3xv,37,0,0
1jov3xv,38,0,0
1jov3xv,39,-1,0
1jov3xv,40,-1,0
1jov3xv,41,-1,0
1jov3xv,42,0,0
1jov3xv,43,0,0
1jov3xv,44,1,0
1jov3xv,45,0,0
1jov3xv,46,0,0
1jov3xv,47,0,0
1jov3xv,48,0,0
1jov3xv,49,0,0
1jov3xv,50,-1,0
1jov3xv,51,0,0
1jov3xv,52,1,0
1jov3xv,53,-1,0
1jov3xv,54,1,0
1jov3xv,55,0,0
1jov3xv,56,-1,0
1jov3xv,57,0,0
1jov3xv,58,0,0
1jov3xv,59,0,0
1jov3xv,60,0,0
1jov3xv,61,0,0
1jov3xv,62,0,0
1jov3xv,63,0,0
1jov3xv,64,0,0
1jov3xv,65,0,0
1jril3q,0,0,0
1jril3q,1,0,0
1jril3q,2,0,0
1jril3q,3,0,0
1jril3q,4,0,0
1jril3q,5,0,0
1jril3q,6,0,0
1jril3q,7,0,0
1jril3q,8,0,0
1jril3q,9,0,0
1jril3q,10,0,0
1jril3q,11,0,0
1jril3q,12,0,0
1jril3q,13,0,0
1jril3q,14,0,0
1jril3q,15,1,0
1jril3q,16,0,0
1jril3q,17,0,0
1jril3q,18,-1,0
1jril3q,19,0,0
1jril3q,20,0,0
1jril3q,21,0,0
1jril3q,22,-1,0
1jril3q,23,1,0
1jril3q,24,0,0
1jril3q,25,0,0
1jril3q,26,0,0
1jril3q,27,1,0
1jril3q,28,0,0
1jril3q,29,1,0
1jril3q,30,0,0
1jril3q,31,0,0
1jril3q,32,0,0
1jril3q,33,0,0
1jril3q,34,0,0
1jril3q,35,0,0
1jril3q,36,1,0
1jril3q,37,0,0
1jsse73,0,0,0
1jsse73,1,1,0
1jsse73,2,0,0
1jsse73,3,1,0
1jsse73,4,0,0
1jsse73,5,0,0
1jsse73,6,0,0
1jsse73,7,1,0
1jsse73,8,0,0
1jsse73,9,0,0
1jsse73,10,0,0
1jsse73,11,0,0
1jsse73,12,0,0
1jsse73,13,0,0
1jud162,0,0,0
1jud162,1,0,0
1jud162,2,0,0
1jud162,3,0,0
1jud162,4,0,0
1jud162,5,0,0
1jud162,6,0,0
1jud162,7,0,0
1jud162,8,0,0
1jwygj0,0,1,0
1jwygj0,1,0,0
1jwygj0,2,0,0
1jwygj0,3,1,0
1jwygj0,4,-1,0
1jwygj0,5,1,0
1jwygj0,6,1,0
1jwygj0,7,0,0
1jwygj0,8,0,0
1jwygj0,9,-1,0
1jwygj0,10,-1,0
1jwygj0,11,1,0
1jwygj0,12,0,0
1jwygj0,13,0,0
1jwygj0,14,1,0
1jwygj0,15,-1,0
1jwygj0,16,1,0
1jwygj0,17,-1,0
1jwygj0,18,-1,0
1jwygj0,19,-1,0
1jwygj0,20,-1,0
1jwygj0,21,0,0
1jwygj0,22,1,0
1jwygj0,23,1,0
1jwygj0,24,0,0
1jwygj0,25,1,0
1jwygj0,26,1,0
1jwygj0,27,1,0
1jwygj0,28,0,0
1jwygj0,29,0,0
1jwygj0,30,1,0
1jwygj0,31,-1,0
1jwygj0,32,0,0
1jwygj0,33,-1,0
1jwygj0,34,-1,0
1jwygj0,35,-1,0
1jwygj0,36,1,0
1jwygj0,37,0,0
1jwygj0,38,0,0
1jwygj0,39,0,0
1jwygj0,40,0,0
1jz0wa3,0,0,0
1jz0wa3,1,0,0
1jz0wa3,2,-1,0
1jz0wa3,3,0,0
1jz0wa3,4,-1,0
1jz0wa3,5,-1,0
1jz0wa3,6,-1,0
1jz0wa3,7,-1,0
1jz0wa3,8,-1,0
1jz0wa3,9,-1,0
1jz0wa3,10,0,0
1jz0wa3,11,0,0
1jz0wa3,12,0,0
1jz0wa3,13,0,0
1jz0wa3,14,0,0
1jz0wa3,15,-1,0
1jz0wa3,16,0,0
1jz0wa3,17,0,0
1jz0wa3,18,0,0
1jz0wa3,19,0,0
1jz0wa3,20,1,0
1jz0wa3,21,-1,0
1jz0wa3,22,-1,0
1jz0wa3,23,0,0
1jz0wa3,24,1,0
1jz0wa3,25,1,0
1jz0wa3,26,-1,0
1jz90s5,0,1,0
1jz90s5,1,1,0
1jz90s5,2,1,0
1jz90s5,3,0,0
1jz90s5,4,0,0
1jz90s5,5,1,0
1jz90s5,6,0,0
1jz90s5,7,-1,0
1jz90s5,8,1,0
1jz90s5,9,0,0
1jz90s5,10,1,0
1jz90s5,11,0,0
1jz90s5,12,0,0
1jz90s5,13,1,0
1jz90s5,14,0,0
1jz90s5,15,1,0
1jz90s5,16,1,0
1jz90s5,17,1,0
1jz90s5,18,1,0
1jz90s5,19,0,0
1jz90s5,20,0,0
1jz90s5,21,1,0
1jz90s5,22,0,0
1jz90s5,23,-1,0
1jz90s5,24,0,0
1jz90s5,25,0,0
1jz90s5,26,0,0
1k1z1bs,0,1,0
1k1z1bs,1,0,0
1k1z1bs,2,-1,0
1k1z1bs,3,0,0
1k1z1bs,4,0,0
1k1z1bs,5,-1,0
1k1z1bs,6,0,0
1k1z1bs,7,-1,0
1k1z1bs,8,1,0
1k1z1bs,9,-1,0
1k1z1bs,10,0,0
1k1z1bs,11,0,0
1k1z1bs,12,0,0
1k1z1bs,13,1,0
1k1z1bs,14,0,0
1k1z1bs,15,0,0
1k1z1bs,16,0,0
1k1z1bs,17,-1,0
1k1z1bs,18,1,0
1k1z1bs,19,0,0
1k1z1bs,20,0,0
1k1z1bs,21,0,0
1k1z1bs,22,-1,0
1k1z1bs,23,-1,0
1k1z1bs,24,1,0
1k1z1bs,25,0,0
1k1z1bs,26,0,0
1k1z1bs,27,0,0
1k1z1bs,28,0,0
1k1z1bs,29,1,0
1k1z1bs,30,0,0
1k1z1bs,31,0,0
1k1z1bs,32,0,0
1k1z1bs,33,1,0
1k1z1bs,34,1,0
1k1z1bs,35,0,0
1k1z1bs,36,0,0
1k1z1bs,37,1,0
1k1z1bs,38,1,0
1k1z1bs,39,-1,0
1k1z1bs,40,-1,0
1k1z1bs,41,0,0
1k1z1bs,42,0,0
1k1z1bs,43,-1,0
1k1z1bs,44,-1,0
1k1z1bs,45,1,0
1k1z1bs,46,1,0
1k1z1bs,47,-1,0
1k1z1bs,48,-1,0
1k1z1bs,49,1,0
1k1z1bs,50,1,0
1k1z1bs,51,1,0
1k1z1bs,52,-1,0
1k1z1bs,53,0,0
1k1z1bs,54,1,0
1k1z1bs,55,1,0
1k1z1bs,56,0,0
1k1z1bs,57,0,0
1k1z1bs,58,-1,0
1k1z1bs,59,0,0
1k1z1bs,60,1,0
1k1z1bs,61,-1,0
1k1z1bs,62,0,0
1k1z1bs,63,1,0
1k1z1bs,64,0,0
1k1z1bs,65,1,0
1k1z1bs,66,0,0
1k1z1bs,67,1,0
1k1z1bs,68,1,0
1k1z1bs,69,1,0
1k1z1bs,70,0,0
1k1z1bs,71,1,0
1k1z1bs,72,1,0
1k1z1bs,73,1,0
1k1z1bs,74,1,0
1k1z1bs,75,-1,0
1k1z1bs,76,1,0
1k1z1bs,77,1,0
1k1z1bs,78,0,0
1k1z1bs,79,0,0
1k1z1bs,80,0,0
1k1z1bs,81,0,0
1k1z1bs,82,0,0
1k1z1bs,83,0,0
1k1z1bs,84,1,0
1k1z1bs,85,1,0
1k1z1bs,86,1,0
1k1z1bs,87,-1,0
1k1z1bs,88,0,0
1k1z1bs,89,0,0
1k1z1bs,90,0,0
1k1z1bs,91,0,0
1k1z1bs,92,-1,0
1k1z1bs,93,0,0
1k1z1bs,94,0,0
1k1z1bs,95,0,0
1k1z1bs,96,0,0
1k1z1bs,97,-1,0
1k1z1bs,98,1,0
1k1z1bs,99,-1,0
1k1z1bs,100,-1,0
1k1z1bs,101,0,0
1k1z1bs,102,0,0
1k1z1bs,103,0,0
1k1z1bs,104,-1,0
1k1z1bs,105,-1,0
1k1z1bs,106,-1,0
1k1z1bs,107,-1,0
1k1z1bs,108,-1,0
1k1z1bs,109,-1,0
1k1z1bs,110,1,0
1k1z1bs,111,-1,0
1k1z1bs,112,0,0
1k1z1bs,113,0,0
1k1z1bs,114,0,0
1k1z1bs,115,0,0
1k1z1bs,116,0,0
1k1z1bs,117,0,0
1k1z1bs,118,0,0
1k1z1bs,119,0,0
1k1z1bs,120,0,0
1k1z1bs,121,0,0
1k1z1bs,122,0,0
1k1z1bs,123,0,0
1k1z1bs,124,0,0
1k1z1bs,125,-1,0
1k1z1bs,126,-1,0
1k1z1bs,127,-1,0
1k1z1bs,128,-1,0
1k1z1bs,129,-1,0
1k1z1bs,130,1,0
1k1z1bs,131,0,0
1k1z1bs,132,0,0
1k1z1bs,133,0,0
1k1z1bs,134,0,0
1k1z1bs,135,0,0
1k1z1bs,136,-1,0
1k1z1bs,137,-1,0
1k1z1bs,138,1,0
1k1z1bs,139,0,0
1k1z1bs,140,-1,0
1k1z1bs,141,-1,0
1k1z1bs,142,0,0
1k1z1bs,143,0,0
1k1z1bs,144,-1,0
1k1z1bs,145,1,0
1k1z1bs,146,1,0
1k1z1bs,147,0,0
1k1z1bs,148,0,0
1k1z1bs,149,0,0
1k1z1bs,150,0,0
1k1z1bs,151,1,0
1k1z1bs,152,0,0
1k1z1bs,153,0,0
1k1z1bs,154,1,0
1k1z1bs,155,1,0
1k1z1bs,156,1,0
1k1z1bs,157,1,0
1k1z1bs,158,0,0
1k1z1bs,159,1,0
1k1z1bs,160,1,0
1k1z1bs,161,1,0
1k1z1bs,162,0,0
1k1z1bs,163,1,0
1k1z1bs,164,0,0
1k1z1bs,165,1,0
1k1z1bs,166,-1,0
1k1z1bs,167,-1,0
1k1z1bs,168,0,0
1k1z1bs,169,0,0
1k1z1bs,170,0,0
1k1z1bs,171,0,0
1k1z1bs,172,0,0
1k1z1bs,173,0,0
1k1z1bs,174,0,0
1k1z1bs,175,0,0
1k1z1bs,176,0,0
1k1z1bs,177,0,0
1k1z1bs,178,0,0
1k1z1bs,179,0,0
1k1z1bs,180,1,0
1k1z1bs,181,0,0
1k1z1bs,182,0,0
1k1z1bs,183,1,0
1k1z1bs,184,0,0
1k1z1bs,185,0,0
1k1z1bs,186,0,0
1k1z1bs,187,0,0
1k1z1bs,188,0,0
1k1z1bs,189,0,0
1k1z1bs,190,0,0
1k1z1bs,191,0,0
1k1z1bs,192,0,0
1k1z1bs,193,0,0
1k1z1bs,194,0,0
1k1z1bs,195,1,0
1k2uekv,0,0,0
1k2uekv,1,0,0
1k2uekv,2,0,0
1k2uekv,3,0,0
1k2uekv,4,0,0
1k2uekv,5,0,0
1k2uekv,6,0,0
1k2uekv,7,0,0
1k2uekv,8,0,0
1k2uekv,9,0,0
1k2uekv,10,0,0
1k2uekv,11,1,0
1k2uekv,12,0,0
1k2uekv,13,0,0
1k2uekv,14,0,0
1k2uekv,15,0,0
1k2uekv,16,0,0
1k2uekv,17,0,0
1k2uekv,18,0,0
1k2uekv,19,0,0
1k2uekv,20,0,0
1k2uekv,21,0,0
1k2uekv,22,0,0
1k2uekv,23,0,0
1k2uekv,24,0,0
1k2uekv,25,0,0
1k2uekv,26,0,0
1k2uekv,27,0,0
1k2uekv,28,0,0
1k2uekv,29,0,0
1k2uekv,30,0,0
1k6oti5,0,0,0
1k6oti5,1,0,0
1k6oti5,2,-1,0
1k6oti5,3,0,0
1k6oti5,4,0,0
1k6oti5,5,0,0
1k6oti5,6,-1,0
1k6oti5,7,0,0
1k6oti5,8,-1,0
1k6oti5,9,0,0
1k6palj,0,0,0
1k6palj,1,1,0
1k6palj,2,0,0
1k6palj,3,1,0
1k6palj,4,0,0
1k6palj,5,0,0
1k6palj,6,0,0
1k6palj,7,0,0
1k6palj,8,0,0
1k6palj,9,0,0
1k6palj,10,0,0
1k6palj,11,1,0
1k6palj,12,0,0
1k6palj,13,0,0
1k6palj,14,1,0
1k6palj,15,-1,0
1k6palj,16,0,0
1k6palj,17,0,0
1k6palj,18,0,0
1k6palj,19,1,0
1k6palj,20,1,0
1k6palj,21,0,0
1k6palj,22,0,0
1k6palj,23,1,0
1k6palj,24,0,0
1k6palj,25,0,0
1k6palj,26,0,0
1k6palj,27,0,0
1k6palj,28,0,0
1k6palj,29,1,0
1k6palj,30,1,0
1k6palj,31,1,0
1k6palj,32,0,0
1k6palj,33,0,0
1k6palj,34,0,0
1k6palj,35,0,0
1k6palj,36,0,0
1k6palj,37,0,0
1k9ahez,0,0,0
1k9ahez,1,1,0
1k9ahez,2,1,0
1k9ahez,3,1,0
1k9ahez,4,0,0
1k9ahez,5,0,0
1k9ahez,6,0,0
1k9ahez,7,0,0
1k9ahez,8,0,0
1k9ahez,9,1,0
1k9ahez,10,0,0
1k9ahez,11,1,0
1k9ahez,12,0,0
1k9ahez,13,0,0
1k9ahez,14,0,0
1k9ahez,15,1,0
1k9ahez,16,1,0
1k9ahez,17,0,0
1k9ahez,18,0,0
1k9ahez,19,0,0
1k9ahez,20,1,0
1k9ahez,21,0,0
1k9ahez,22,0,0
1k9ahez,23,0,0
1k9ahez,24,1,0
1k9ahez,25,0,0
1k9ahez,26,1,0
1k9ahez,27,1,0
1k9ahez,28,0,0
1k9ahez,29,1,0
1k9ahez,30,0,0
1k9ahez,31,0,0
1k9ahez,32,0,0
1k9ahez,33,0,0
1k9ahez,34,1,0
1k9ahez,35,0,0
1k9ahez,36,0,0
1k9ahez,37,1,0
1k9ahez,38,0,0
1k9ahez,39,0,0
1k9zvp2,0,1,0
1k9zvp2,1,0,0
1k9zvp2,2,0,0
1k9zvp2,3,0,0
1k9zvp2,4,0,0
1k9zvp2,5,0,0
1k9zvp2,6,0,0
1k9zvp2,7,0,0
1k9zvp2,8,-1,0
1k9zvp2,9,-1,0
1k9zvp2,10,1,0
1k9zvp2,11,0,0
1k9zvp2,12,1,0
1k9zvp2,13,-1,0
1k9zvp2,14,1,0
1k9zvp2,15,0,0
1k9zvp2,16,-1,0
1k9zvp2,17,0,0
1k9zvp2,18,0,0
1k9zvp2,19,1,0
1k9zvp2,20,-1,0
1k9zvp2,21,0,0
1k9zvp2,22,-1,0
1k9zvp2,23,0,0
1k9zvp2,24,0,0
1k9zvp2,25,0,0
1k9zvp2,26,0,0
1k9zvp2,27,0,0
1k9zvp2,28,0,0
1k9zvp2,29,0,0
1k9zvp2,30,0,0
1k9zvp2,31,0,0
1k9zvp2,32,0,0
1k9zvp2,33,0,0
1k9zvp2,34,-1,0
1k9zvp2,35,1,0
1k9zvp2,36,-1,0
1k9zvp2,37,1,0
1k9zvp2,38,0,0
1k9zvp2,39,0,0
1k9zvp2,40,0,0
1k9zvp2,41,0,0
1k9zvp2,42,0,0
1k9zvp2,43,0,0
1k9zvp2,44,0,0
1k9zvp2,45,0,0
1k9zvp2,46,0,0
1k9zvp2,47,0,0
1k9zvp2,48,1,0
1k9zvp2,49,1,0
1k9zvp2,50,0,0
1k9zvp2,51,0,0
1k9zvp2,52,1,0
1k9zvp2,53,0,0
1k9zvp2,54,0,0
1k9zvp2,55,0,0
1k9zvp2,56,0,0
1k9zvp2,57,0,0
1k9zvp2,58,1,0
1k9zvp2,59,0,0
1k9zvp2,60,-1,0
1k9zvp2,61,1,0
1k9zvp2,62,1,0
1k9zvp2,63,-1,0
1k9zvp2,64,1,0
1k9zvp2,65,0,0
1k9zvp2,66,0,0
1k9zvp2,67,0,0
1k9zvp2,68,0,0
1k9zvp2,69,0,0
1k9zvp2,70,0,0
1k9zvp2,71,0,0
1k9zvp2,72,0,0
1k9zvp2,73,-1,0
1k9zvp2,74,0,0
1k9zvp2,75,0,0
1kah4o6,0,1,0
1kah4o6,1,0,0
1kah4o6,2,0,0
1kah4o6,3,0,0
1kah4o6,4,0,0
1kah4o6,5,0,0
1kah4o6,6,0,0
1kah4o6,7,0,0
1kah4o6,8,1,0
1kah4o6,9,1,0
1kah4o6,10,1,0
1kah4o6,11,-1,0
1kah4o6,12,0,0
1kah4o6,13,0,0
1kah4o6,14,0,0
1kah4o6,15,0,0
1kah4o6,16,0,0
1kah4o6,17,0,0
1kah4o6,18,0,0
1kah4o6,19,-1,0
1kah4o6,20,1,0
1kah4o6,21,1,0
1kah4o6,22,0,0
1kah4o6,23,-1,0
1kah4o6,24,-1,0
1kah4o6,25,0,0
1kah4o6,26,-1,0
1kah4o6,27,0,0
1kah4o6,28,0,0
1kah4o6,29,0,0
1kah4o6,30,0,0
1kah4o6,31,0,0
1kah4o6,32,1,0
1kah4o6,33,1,0
1kah4o6,34,1,0
1kah4o6,35,0,0
1kah4o6,36,0,0
1kah4o6,37,0,0
1kah4o6,38,0,0
1kah4o6,39,0,0
1kah4o6,40,1,0
1kah4o6,41,1,0
1kah4o6,42,0,0
1kah4o6,43,0,0
1kah4o6,44,1,0
1kah4o6,45,1,0
1kah4o6,46,0,0
1kah4o6,47,0,0
1kah4o6,48,1,0
1kah4o6,49,0,0
1kah4o6,50,1,0
1kah4o6,51,1,0
1kah4o6,52,1,0
1kah4o6,53,0,0
1kah4o6,54,0,0
1kah4o6,55,0,0
1kah4o6,56,0,0
1kah4o6,57,1,0
1kah4o6,58,1,0
1kah4o6,59,0,0
1kah4o6,60,1,0
1kah4o6,61,0,0
1kah4o6,62,0,0
1kah4o6,63,0,0
1kah4o6,64,0,0
1kah4o6,65,1,0
1kah4o6,66,1,0
1kah4o6,67,0,0
1kah4o6,68,1,0
1kah4o6,69,0,0
1kah4o6,70,1,0
1kah4o6,71,0,0
1kah4o6,72,1,0
1kah4o6,73,0,0
1kah4o6,74,0,0
1kah4o6,75,0,0
1kah4o6,76,-1,0
1kah4o6,77,0,0
1kah4o6,78,1,0
1kah4o6,79,0,0
1kah4o6,80,1,0
1kah4o6,81,1,0
1kah4o6,82,0,0
1kah4o6,83,0,0
1kah4o6,84,0,0
1kah4o6,85,1,0
1kah4o6,86,1,0
1kah4o6,87,0,0
1kah4o6,88,1,0
1kah4o6,89,1,0
1kah4o6,90,1,0
1kah4o6,91,1,0
1kah4o6,92,1,0
1kah4o6,93,1,0
1kah4o6,94,0,0
1kah4o6,95,0,0
1kah4o6,96,1,0
1kah4o6,97,1,0
1kah4o6,98,1,0
1kah4o6,99,0,0
1kah4o6,100,0,0
1kah4o6,101,-1,0
1kah4o6,102,0,0
1kah4o6,103,-1,0
1kah4o6,104,1,0
1kah4o6,105,1,0
1kah4o6,106,-1,0
1kah4o6,107,-1,0
1kah4o6,108,0,0
1kah4o6,109,1,0
1kah4o6,110,0,0
1kaj9c5,0,1,1
1kaj9c5,1,1,1
1kaj9c5,2,1,1
1kaj9c5,3,1,1
1kaj9c5,4,0,1
1kaj9c5,5,0,1
1kaj9c5,6,0,1
1kaj9c5,7,0,1
1kaj9c5,8,1,1
1kaj9c5,9,1,1
1kaj9c5,10,0,1
1kaj9c5,11,0,1
1kaj9c5,12,0,1
1kaj9c5,13,0,1
1kaj9c5,14,1,1
1kaj9c5,15,1,1
1kaj9c5,16,-1,1
1kaj9c5,17,1,1
1kaj9c5,18,1,1
1kaj9c5,19,1,1
1kaj9c5,20,1,1
1kaj9c5,21,-1,1
1kaj9c5,22,-1,1
1kaj9c5,23,0,1
1kaj9c5,24,0,1
1kaj9c5,25,0,1
1kaj9c5,26,0,1
1kaj9c5,27,0,1
1kaj9c5,28,0,1
1kaj9c5,29,0,1
1kaj9c5,30,0,1
1kaj9c5,31,0,1
1kaj9c5,32,-1,1
1kbepg9,0,0,0
1kbepg9,1,0,0
1kbepg9,2,-1,0
1kbepg9,3,1,0
1kbepg9,4,1,0
1kbepg9,5,1,0
1kbepg9,6,-1,0
1kbepg9,7,1,0
1kbepg9,8,0,0
1kbepg9,9,1,0
1kbepg9,10,0,0
1kbepg9,11,0,0
1kbepg9,12,0,0
1kbepg9,13,0,0
1kbepg9,14,0,0
1kbepg9,15,0,0
1kbepg9,16,0,0
1kbepg9,17,0,0
1kbepg9,18,0,0
1kbepg9,19,0,0
1kbepg9,20,0,0
1kbepg9,21,0,0
1kbepg9,22,0,0
1kbepg9,23,1,0
1kbepg9,24,1,0
1kbepg9,25,0,0
1kbepg9,26,1,0
1kbepg9,27,0,0
1kbepg9,28,0,0
1kbepg9,29,0,0
1kbepg9,30,0,0
1kbepg9,31,0,0
1kbepg9,32,0,0
1kbepg9,33,0,0
1kbepg9,34,0,0
1kbepg9,35,0,0
1kbepg9,36,-1,0
1kbepg9,37,1,0
1kbepg9,38,1,0
1kbepg9,39,-1,0
1kbepg9,40,-1,0
1kbepg9,41,0,0
1kbepg9,42,1,0
1kbepg9,43,0,0
1kbepg9,44,1,0
1kbepg9,45,1,0
1kbepg9,46,1,0
1kbepg9,47,0,0
1kbepg9,48,0,0
1kbepg9,49,0,0
1kbepg9,50,-1,0
1kbepg9,51,1,0
1kbepg9,52,1,0
1kbepg9,53,-1,0
1kbepg9,54,1,0
1kbepg9,55,0,0
1kbepg9,56,0,0
1kbepg9,57,1,0
1kbepg9,58,0,0
1kbepg9,59,1,0
1kbepg9,60,-1,0
1kbepg9,61,0,0
1kbepg9,62,0,0
1kbepg9,63,0,0
1kbepg9,64,0,0
1kbepg9,65,0,0
1kbepg9,66,0,0
1kbepg9,67,0,0
1kbepg9,68,0,0
1kbepg9,69,0,0
1kbepg9,70,0,0
1kbepg9,71,0,0
1kbepg9,72,0,0
1kbepg9,73,0,0
1kbepg9,74,0,0
1kbepg9,75,0,0
1kbepg9,76,0,0
1kbepg9,77,1,0
1kblrs9,0,-1,0
1kblrs9,1,1,0
1kblrs9,2,1,0
1kblrs9,3,-1,0
1kblrs9,4,-1,0
1kblrs9,5,0,0
1kbrujj,0,0,0
1kbrujj,1,1,0
1kbrujj,2,-1,0
1kbrujj,3,1,0
1kbrujj,4,0,0
1kbrujj,5,0,0
1kbrujj,6,0,0
1kbrujj,7,1,0
1kbrujj,8,0,0
1kbrujj,9,1,0
1kbrujj,10,1,0
1kbrujj,11,0,0
1kbrujj,12,-1,0
1kbrujj,13,-1,0
1kbrujj,14,-1,0
1kbrujj,15,-1,0
1kbrujj,16,1,0
1kbrujj,17,1,0
1kbrujj,18,-1,0
1kbrujj,19,1,0
1kbrujj,20,0,0
1kbrujj,21,1,0
1kbrujj,22,0,0
1kbrujj,23,1,0
1kbrujj,24,1,0
1kbrujj,25,1,0
1kbrujj,26,1,0
1kbrujj,27,0,0
1kbrujj,28,-1,0
1kbrujj,29,0,0
1kbrujj,30,0,0
1kbrujj,31,0,0
1kbrujj,32,0,0
1kbrujj,33,-1,0
1kbrujj,34,0,0
1kbrujj,35,1,0
1kbrujj,36,1,0
1kbrujj,37,1,0
1kbrujj,38,0,0
1kbrujj,39,1,0
1kbrujj,40,1,0
1kbrujj,41,1,0
1kbrujj,42,0,0
1kbrujj,43,0,0
1kbrujj,44,0,0
1kbrujj,45,0,0
1kbrujj,46,0,0
1kbrujj,47,-1,0
1kbrujj,48,-1,0
1kbrujj,49,0,0
1kbrujj,50,1,0
1kbrujj,51,1,0
1kbrujj,52,-1,0
1kbrujj,53,0,0
1kbrujj,54,1,0
1kbrujj,55,1,0
1kbrujj,56,-1,0
1kbrujj,57,0,0
1kbrujj,58,1,0
1kbrujj,59,1,0
1kbrujj,60,-1,0
1kbrujj,61,-1,0
1kbrujj,62,1,0
1kbrujj,63,1,0
1kbrujj,64,0,0
1kbrujj,65,1,0
1kbrujj,66,1,0
1kbrujj,67,1,0
1kbrujj,68,0,0
1kbrujj,69,0,0
1kbrujj,70,1,0
1kbrujj,71,-1,0
1kbrujj,72,0,0
1kbrujj,73,0,0
1kbrujj,74,-1,0
1kbrujj,75,0,0
1kbrujj,76,0,0
1kbrujj,77,0,0
1kbrujj,78,-1,0
1kbrujj,79,0,0
1kbrujj,80,-1,0
1kbrujj,81,1,0
1kbrujj,82,1,0
1kbrujj,83,1,0
1kbrujj,84,-1,0
1kbrujj,85,0,0
1kbrujj,86,1,0
1kbrujj,87,1,0
1kbrujj,88,0,0
1kbrujj,89,0,0
1kbrujj,90,1,0
1kc84un,0,1,0
1kc84un,1,1,0
1kc84un,2,1,0
1kc84un,3,1,0
1kc84un,4,1,0
1kc84un,5,0,0
1kc84un,6,1,0
1kc84un,7,0,0
1kc84un,8,0,0
1kc84un,9,1,0
1kc84un,10,1,0
1kc84un,11,-1,0
1kc84un,12,0,0
1kc84un,13,-1,0
1kc84un,14,1,0
1kc84un,15,1,0
1kc84un,16,1,0
1kc84un,17,-1,0
1kc84un,18,1,0
1kc84un,19,1,0
1kc84un,20,0,0
1kc84un,21,1,0
1kc84un,22,1,0
1kc84un,23,1,0
1kc84un,24,0,0
1kc84un,25,0,0
1kc84un,26,-1,0
1kc84un,27,-1,0
1kc84un,28,0,0
1kcffjh,0,-1,0
1kcffjh,1,1,0
1kcffjh,2,0,0
1kcffjh,3,0,0
1kcffjh,4,0,0
1kcffjh,5,0,0
1kcffjh,6,1,0
1kcffjh,7,1,0
1kdb81o,0,-1,0
1kdb81o,1,-1,0
1kdb81o,2,0,0
1kdb81o,3,0,0
1kdb81o,4,-1,0
1kdb81o,5,0,0
1kdb81o,6,0,0
1kdb81o,7,1,0
1kdb81o,8,0,0
1kdpqh8,0,-1,0
1kdpqh8,1,1,0
1kdpqh8,2,0,0
1kdpqh8,3,1,0
1kdpqh8,4,1,0
1kdpqh8,5,0,0
1kdpqh8,6,1,0
1kdpqh8,7,1,0
1kdpqh8,8,1,0
1kdpqh8,9,0,0
1kdpqh8,10,1,0
1kdpqh8,11,0,0
1kdpqh8,12,0,0
1kdpqh8,13,0,0
1kdpqh8,14,0,0
1kdpqh8,15,1,0
1kdpqh8,16,0,0
1kdpqh8,17,1,0
1kdpqh8,18,0,0
1kdpqh8,19,0,0
1kdpqh8,20,0,0
1kdpqh8,21,1,0
1kdpqh8,22,0,0
1kdpqh8,23,-1,0
1kdpqh8,24,1,0
1kdpqh8,25,-1,0
1kdpqh8,26,1,0
1kdpqh8,27,1,0
1kdpqh8,28,0,0
1kdpqh8,29,1,0
1kdpqh8,30,-1,0
1kdpqh8,31,1,0
1kdpqh8,32,1,0
1kdpqh8,33,0,0
1kdpqh8,34,0,0
1kdpqh8,35,1,0
1kdpqh8,36,-1,0
1kdpqh8,37,0,0
1kdpqh8,38,1,0
1kdpqh8,39,0,0
1kdpqh8,40,0,0
1kdpqh8,41,0,0
1kdpqh8,42,-1,0
1kdpqh8,43,-1,0
1kdpqh8,44,0,0
1kdpqh8,45,0,0
1kdpqh8,46,1,0
1kdpqh8,47,-1,0
1kdpqh8,48,-1,0
1kdpqh8,49,1,0
1kdpqh8,50,1,0
1kdpqh8,51,0,0
1kdpqh8,52,0,0
1kdpqh8,53,0,0
1kdpqh8,54,1,0
1kdpqh8,55,1,0
1kdpqh8,56,1,0
1kdpqh8,57,0,0
1kdpqh8,58,0,0
1kdpqh8,59,1,0
1kdpqh8,60,-1,0
1kdpqh8,61,0,0
1kdpqh8,62,1,0
1kdpqh8,63,1,0
1kdpqh8,64,1,0
1kdpqh8,65,-1,0
1kdpqh8,66,0,0
1kdpqh8,67,0,0
1kdpqh8,68,0,0
1kdpqh8,69,0,0
1kdpqh8,70,1,0
1kdpqh8,71,0,0
1kdpqh8,72,0,0
1kdpqh8,73,0,0
1kdpqh8,74,-1,0
1kdpqh8,75,0,0
1kdpqh8,76,0,0
1kdpqh8,77,0,0
1kdpqh8,78,0,0
1kdpqh8,79,-1,0
1kdpqh8,80,-1,0
1kdpqh8,81,0,0
1kdpqh8,82,0,0
1kdpqh8,83,0,0
1kdpqh8,84,0,0
1kdpqh8,85,0,0
1kdpqh8,86,1,0
1kdpqh8,87,1,0
1kdpqh8,88,0,0
1kdpqh8,89,1,0
1kdpqh8,90,0,0
1kdpqh8,91,0,0
1kdpqh8,92,-1,0
1kdpqh8,93,0,0
1kdpqh8,94,1,0
1kdpqh8,95,0,0
1kdpqh8,96,0,0
1kdpqh8,97,0,0
1kdpqh8,98,0,0
1kdpqh8,99,0,0
1kdpqh8,100,0,0
1kdpqh8,101,0,0
1kdpqh8,102,0,0
1kdpqh8,103,1,0
1kdpqh8,104,0,0
1kdpqh8,105,0,0
1kdpqh8,106,0,0
1kdpqh8,107,0,0
1kdpqh8,108,0,0
1kdpqh8,109,0,0
1kdpqh8,110,-1,0
1kdpqh8,111,0,0
1kdpqh8,112,0,0
1kdpqh8,113,0,0
1kdpqh8,114,0,0
1kdpqh8,115,0,0
1kdpqh8,116,0,0
1kdpqh8,117,0,0
1kdpqh8,118,0,0
1kdpqh8,119,1,0
1kdpqh8,120,0,0
1kdpqh8,121,-1,0
1kdpqh8,122,1,0
1kdpqh8,123,1,0
1kdpqh8,124,1,0
1kdpqh8,125,0,0
1kdpqh8,126,0,0
1kdpqh8,127,0,0
1kdpqh8,128,1,0
1kdpqh8,129,0,0
1kdpqh8,130,0,0
1kdpqh8,131,0,0
1kdpqh8,132,0,0
1kdpqh8,133,1,0
1kdpqh8,134,0,0
1kdpqh8,135,0,0
1kdpqh8,136,0,0
1kdpqh8,137,1,0
1kdpqh8,138,0,0
1kdpqh8,139,0,0
1kdpqh8,140,0,0
1kdpqh8,141,0,0
1kdpqh8,142,0,0
1kdpqh8,143,1,0
1kdpqh8,144,0,0
1kdpqh8,145,0,0
1kdpqh8,146,0,0
1kdpqh8,147,1,0
1kdpqh8,148,0,0
1kdpqh8,149,1,0
1kdpqh8,150,1,0
1kdpqh8,151,0,0
1kdpqh8,152,0,0
1kdpqh8,153,0,0
1kdpqh8,154,1,0
1kdpqh8,155,0,0
1kdpqh8,156,0,0
1kdpqh8,157,-1,0
1kdpqh8,158,1,0
1kdpqh8,159,0,0
1kdpqh8,160,-1,0
1kdpqh8,161,0,0
1kdpqh8,162,0,0
1kdpqh8,163,0,0
1kdpqh8,164,0,0
1kdpqh8,165,0,0
1kdpqh8,166,0,0
1kdpqh8,167,0,0
1kdpqh8,168,0,0
1kdpqh8,169,0,0
1kdpqh8,170,0,0
1kdpqh8,171,0,0
1kdpqh8,172,0,0
1kdpqh8,173,0,0
1kdpqh8,174,0,0
1kdpqh8,175,0,0
1kdpqh8,176,0,0
1kdpqh8,177,0,0
1kdpqh8,178,0,0
1kdpqh8,179,0,0
1kdpqh8,180,0,0
1kdpqh8,181,0,0
1kdpqh8,182,0,0
1kdpqh8,183,0,0
1kdpqh8,184,0,0
1kdpqh8,185,-1,0
1kdpqh8,186,0,0
1kdpqh8,187,0,0
1kdpqh8,188,0,0
1kdxv1v,0,-1,0
1kdxv1v,1,1,0
1kdxv1v,2,1,0
1kdxv1v,3,0,0
1kdxv1v,4,0,0
1kdxv1v,5,0,0
1kdxv1v,6,1,0
1kdxv1v,7,1,0
1kdxv1v,8,1,0
1kdxv1v,9,1,0
1kdxv1v,10,0,0
1kdxv1v,11,1,0
1kdxv1v,12,1,0
1kdxv1v,13,0,0
1kdxv1v,14,1,0
1kdxv1v,15,1,0
1kdxv1v,16,1,0
1kdxv1v,17,1,0
1kdxv1v,18,1,0
1kdxv1v,19,1,0
1kdxv1v,20,0,0
1kdxv1v,21,1,0
1kdxv1v,22,0,0
1kdxv1v,23,0,0
1kdxv1v,24,1,0
1kdxv1v,25,0,0
1kdxv1v,26,1,0
1kdxv1v,27,-1,0
1kdxv1v,28,1,0
1kdxv1v,29,1,0
1kdxv1v,30,0,0
1kdxv1v,31,1,0
1kdxv1v,32,0,0
1kdxv1v,33,1,0
1kdxv1v,34,1,0
1kdxv1v,35,1,0
1kdxv1v,36,1,0
1kdxv1v,37,-1,0
1kdxv1v,38,-1,0
1kdxv1v,39,-1,0
1kdxv1v,40,-1,0
1kdxv1v,41,-1,0
1kdxv1v,42,0,0
1kdxv1v,43,1,0
1kdxv1v,44,0,0
1kdxv1v,45,-1,0
1kdxv1v,46,-1,0
1kdxv1v,47,-1,0
1kdxv1v,48,0,0
1kdxv1v,49,1,0
1kdxv1v,50,0,0
1kdxv1v,51,-1,0
1kdxv1v,52,0,0
1keduf1,0,0,0
1keduf1,1,1,0
1keduf1,2,0,0
1keduf1,3,0,0
1keduf1,4,1,0
1keduf1,5,1,0
1keduf1,6,-1,0
1keduf1,7,0,0
1keduf1,8,0,0
1keduf1,9,1,0
1keduf1,10,0,0
1keduf1,11,0,0
1keduf1,12,0,0
1keduf1,13,0,0
1keduf1,14,1,0
1keduf1,15,0,0
1keduf1,16,0,0
1keduf1,17,0,0
1keduf1,18,1,0
1keduf1,19,1,0
1keduf1,20,0,0
1keduf1,21,0,0
1keduf1,22,0,0
1keduf1,23,0,0
1keduf1,24,1,0
1keduf1,25,0,0
1keduf1,26,1,0
1keduf1,27,0,0
1keduf1,28,0,0
1keduf1,29,1,0
1keduf1,30,1,0
1keduf1,31,-1,0
1keduf1,32,0,0
1keduf1,33,0,0
1keduf1,34,-1,0
1keduf1,35,0,0
1keduf1,36,0,0
1keduf1,37,0,0
1keduf1,38,0,0
1keduf1,39,0,0
1keduf1,40,1,0
1keduf1,41,1,0
1keduf1,42,-1,0
1keduf1,43,-1,0
1keduf1,44,0,0
1keduf1,45,0,0
1keduf1,46,0,0
1keduf1,47,0,0
1keduf1,48,0,0
1keduf1,49,0,0
1keduf1,50,1,0
1keduf1,51,1,0
1keeo0b,0,-1,1
1keeo0b,1,0,1
1keeo0b,2,-1,1
1keeo0b,3,0,1
1keeo0b,4,0,1
1keeo0b,5,1,1
1keeo0b,6,1,1
1keeo0b,7,0,1
1keeo0b,8,1,1
1keeo0b,9,-1,1
1keeo0b,10,-1,1
1keeo0b,11,0,1
1keeo0b,12,1,1
1keeo0b,13,0,1
1keeo0b,14,-1,1
1keeo0b,15,1,1
1keeo0b,16,0,1
1keeo0b,17,0,1
1keeo0b,18,1,1
1keeo0b,19,0,1
1keeo0b,20,1,1
1keeo0b,21,0,1
1keeo0b,22,0,1
1keeo0b,23,-1,1
1keeo0b,24,0,1
1keeo0b,25,-1,1
1keeo0b,26,1,1
1keeo0b,27,0,1
1keeo0b,28,0,1
1keeo0b,29,0,1
1keeo0b,30,1,1
1keeo0b,31,0,1
1keeo0b,32,0,1
1keeo0b,33,0,1
1keeo0b,34,0,1
1keeo0b,35,0,1
1keeo0b,36,0,1
1keeo0b,37,0,1
1keeo0b,38,0,1
1keeo0b,39,1,1
1keeo0b,40,-1,1
1keeo0b,41,0,1
1keeo0b,42,0,1
1keeo0b,43,0,1
1keeo0b,44,0,1
1keeo0b,45,0,1
1keeo0b,46,0,1
1keeo0b,47,0,1
1keeo0b,48,1,1
1keeo0b,49,0,1
1keeo0b,50,1,1
1keeo0b,51,1,1
1keeo0b,52,1,1
1kg2zxo,0,1,0
1kg2zxo,1,-1,0
1kg2zxo,2,-1,0
1kg2zxo,3,0,0
1kg2zxo,4,-1,0
1kg2zxo,5,-1,0
1kg2zxo,6,-1,0
1kg2zxo,7,1,0
1kg2zxo,8,-1,0
1kg2zxo,9,0,0
1kg2zxo,10,-1,0
1kg2zxo,11,0,0
1kg2zxo,12,0,0
1kg2zxo,13,-1,0
1kg2zxo,14,0,0
1kg2zxo,15,0,0
1kg2zxo,16,0,0
1kg2zxo,17,0,0
1kg2zxo,18,0,0
1kg2zxo,19,0,0
1kg2zxo,20,0,0
1kg2zxo,21,0,0
1kg2zxo,22,0,0
1kg2zxo,23,-1,0
1kg2zxo,24,0,0
1kg2zxo,25,-1,0
1kg2zxo,26,0,0
1kg2zxo,27,0,0
1kg2zxo,28,0,0
1kg2zxo,29,0,0
1kg2zxo,30,0,0
1kg2zxo,31,0,0
1kg2zxo,32,0,0
1kg2zxo,33,0,0
1kg2zxo,34,-1,0
1kg2zxo,35,-1,0
1kg2zxo,36,-1,0
1kg2zxo,37,0,0
1kg2zxo,38,0,0
1kg2zxo,39,1,0
1kg2zxo,40,-1,0
1kg2zxo,41,-1,0
1kg2zxo,42,0,0
1kg2zxo,43,0,0
1kg2zxo,44,0,0
1kg2zxo,45,0,0
1kg2zxo,46,1,0
1kg2zxo,47,-1,0
1kg2zxo,48,0,0
1kg2zxo,49,0,0
1kg2zxo,50,0,0
1kg2zxo,51,0,0
1kg2zxo,52,0,0
1kg2zxo,53,0,0
1kg2zxo,54,1,0
1kg2zxo,55,-1,0
1kg2zxo,56,-1,0
1kg2zxo,57,0,0
1kg2zxo,58,0,0
1kg2zxo,59,-1,0
1kg2zxo,60,1,0
1kg2zxo,61,-1,0
1kg2zxo,62,0,0
1kg2zxo,63,-1,0
1kg2zxo,64,1,0
1kin0sg,0,0,0
1kin0sg,1,-1,0
1kin0sg,2,-1,0
1kin0sg,3,1,0
1kin0sg,4,-1,0
1kin0sg,5,1,0
1kin0sg,6,1,0
1kin0sg,7,-1,0
1kin0sg,8,-1,0
1kin0sg,9,0,0
1kin0sg,10,-1,0
1kin0sg,11,0,0
1kin0sg,12,-1,0
1kin0sg,13,0,0
1kin0sg,14,1,0
1kin0sg,15,0,0
1kin0sg,16,-1,0
1kin0sg,17,-1,0
1kin0sg,18,0,0
1kin0sg,19,1,0
1kin0sg,20,-1,0
1kin0sg,21,-1,0
1kin0sg,22,-1,0
1kin0sg,23,0,0
1kin0sg,24,-1,0
1kin0sg,25,-1,0
1kin0sg,26,1,0
1kin0sg,27,1,0
1kin0sg,28,1,0
1kin0sg,29,-1,0
1kin0sg,30,1,0
1kin0sg,31,0,0
1kin0sg,32,1,0
1kin0sg,33,-1,0
1kin0sg,34,0,0
1kin0sg,35,0,0
1kin0sg,36,0,0
1kin0sg,37,0,0
1kin0sg,38,-1,0
1kin0sg,39,-1,0
1kin0sg,40,-1,0
1kin0sg,41,0,0
1kin0sg,42,0,0
1kin0sg,43,0,0
1kin0sg,44,-1,0
1kin0sg,45,-1,0
1kin0sg,46,1,0
1kin0sg,47,1,0
1kin0sg,48,-1,0
1kin0sg,49,0,0
1kin0sg,50,0,0
1kin0sg,51,0,0
1kin0sg,52,0,0
1kin0sg,53,1,0
1kin0sg,54,0,0
1kin0sg,55,0,0
1kin0sg,56,0,0
1kin0sg,57,0,0
1kin0sg,58,-1,0
1kin0sg,59,0,0
1kin0sg,60,1,0
1kin0sg,61,0,0
1kjibaj,0,1,0
1kjibaj,1,1,0
1kjibaj,2,-1,0
1kjibaj,3,1,0
1kjibaj,4,0,0
1kjibaj,5,0,0
1kjibaj,6,1,0
1kjibaj,7,-1,0
1kjibaj,8,-1,0
1kjibaj,9,0,0
1kjibaj,10,1,0
1kjibaj,11,-1,0
1kjibaj,12,0,0
1kjibaj,13,1,0
1kjibaj,14,1,0
1kjibaj,15,1,0
1kjibaj,16,1,0
1kjibaj,17,0,0
1kjibaj,18,0,0
1kjibaj,19,1,0
1kjibaj,20,1,0
1kjibaj,21,1,0
1kjibaj,22,0,0
1kjibaj,23,-1,0
1kjibaj,24,0,0
1kjibaj,25,0,0
1kjibaj,26,1,0
1kjibaj,27,1,0
1kjibaj,28,0,0
1kjibaj,29,0,0
1kjibaj,30,1,0
1kjibaj,31,-1,0
1kjibaj,32,-1,0
1kjibaj,33,1,0
1kjibaj,34,0,0
1kjibaj,35,-1,0
1kjibaj,36,-1,0
1kjibaj,37,-1,0
1kjibaj,38,0,0
1kjibaj,39,1,0
1kjibaj,40,0,0
1kjibaj,41,1,0
1kjibaj,42,0,0
1kjibaj,43,0,0
1kjibaj,44,1,0
1kjibaj,45,1,0
1kjibaj,46,1,0
1kjibaj,47,0,0
1kjibaj,48,0,0
1kjibaj,49,1,0
1kjibaj,50,0,0
1kjibaj,51,0,0
1kjibaj,52,0,0
1kjibaj,53,1,0
1kjibaj,54,0,0
1kjibaj,55,0,0
1kjibaj,56,1,0
1kjibaj,57,-1,0
1kjibaj,58,0,0
1kjibaj,59,-1,0
1kjibaj,60,0,0
1kjibaj,61,0,0
1kjibaj,62,1,0
1kjibaj,63,1,0
1kjibaj,64,1,0
1kjibaj,65,1,0
1kjibaj,66,1,0
1kjibaj,67,1,0
1kjibaj,68,1,0
1kjibaj,69,0,0
1kjibaj,70,0,0
1kjibaj,71,0,0
1kl14t5,0,-1,0
1kl14t5,1,0,0
1kl14t5,2,0,0
1kl14t5,3,-1,0
1kl14t5,4,0,0
1kl14t5,5,-1,0
1kl14t5,6,1,0
1kl14t5,7,0,0
1kl14t5,8,0,0
1kl14t5,9,0,0
1kl14t5,10,1,0
1kl14t5,11,1,0
1kl14t5,12,0,0
1kl14t5,13,1,0
1kl14t5,14,0,0
1kl14t5,15,1,0
1kl14t5,16,0,0
1kl14t5,17,-1,0
1kl14t5,18,0,0
1kl14t5,19,0,0
1kl14t5,20,1,0
1kl14t5,21,1,0
1kl14t5,22,-1,0
1kl14t5,23,-1,0
1kl14t5,24,0,0
1kl14t5,25,-1,0
1kl14t5,26,0,0
1kl14t5,27,1,0
1kl14t5,28,1,0
1kl14t5,29,1,0
1kl14t5,30,1,0
1kl14t5,31,1,0
1kl14t5,32,1,0
1kl14t5,33,0,0
1kl14t5,34,1,0
1kl14t5,35,1,0
1kl14t5,36,0,0
1kl14t5,37,1,0
1kl14t5,38,1,0
1kl14t5,39,1,0
1kl14t5,40,0,0
1kl14t5,41,1,0
1kl14t5,42,0,0
1kl14t5,43,1,0
1kl14t5,44,1,0
1kl14t5,45,-1,0
1kl14t5,46,1,0
1kl14t5,47,1,0
1kl14t5,48,0,0
1kl14t5,49,0,0
1kl14t5,50,1,0
1kl14t5,51,1,0
1kl14t5,52,1,0
1kl14t5,53,1,0
1kl14t5,54,1,0
1kl14t5,55,1,0
1kl14t5,56,1,0
1kl14t5,57,1,0
1kl14t5,58,0,0
1kl14t5,59,0,0
1kl14t5,60,0,0
1kl14t5,61,0,0
1kl14t5,62,1,0
1kl14t5,63,1,0
1kl14t5,64,1,0
1kl14t5,65,0,0
1kl14t5,66,1,0
1kl14t5,67,1,0
1kl14t5,68,0,0
1kl14t5,69,0,0
1kl14t5,70,0,0
1kl14t5,71,1,0
1kl14t5,72,1,0
1kl14t5,73,1,0
1kl14t5,74,0,0
1kl14t5,75,0,0
1kl14t5,76,-1,0
1kl14t5,77,1,0
1kl14t5,78,1,0
1kl14t5,79,1,0
1kl14t5,80,1,0
1kl14t5,81,1,0
1kl14t5,82,1,0
1kl14t5,83,1,0
1kl14t5,84,1,0
1kl14t5,85,1,0
1kl14t5,86,1,0
1kl14t5,87,1,0
1kl14t5,88,1,0
1kl14t5,89,1,0
1kl14t5,90,1,0
1kl14t5,91,0,0
1kl14t5,92,1,0
1kl14t5,93,-1,0
1kl14t5,94,0,0
1kl14t5,95,1,0
1kl14t5,96,1,0
1kl14t5,97,1,0
1kl14t5,98,0,0
1kl14t5,99,0,0
1kl14t5,100,1,0
1kl14t5,101,1,0
1kl14t5,102,1,0
1kl14t5,103,1,0
1kl14t5,104,1,0
1kl14t5,105,1,0
1kl14t5,106,1,0
1kl14t5,107,1,0
1kl14t5,108,1,0
1kl14t5,109,1,0
1klgocf,0,0,0
1klgocf,1,0,0
1klgocf,2,0,0
1klgocf,3,0,0
1klgocf,4,0,0
1klgocf,5,0,0
1klgocf,6,0,0
1klgocf,7,0,0
1klgocf,8,0,0
1klgocf,9,0,0
1klgocf,10,0,0
1klgocf,11,0,0
1klgocf,12,0,0
1klgocf,13,0,0
1klgocf,14,0,0
1klgocf,15,0,0
1klgocf,16,0,0
1klgocf,17,0,0
1klgocf,18,0,0
1klgocf,19,0,0
1klgocf,20,0,0
1klgocf,21,0,0
1klgocf,22,0,0
1klgocf,23,0,0
1klgocf,24,0,0
1klgocf,25,0,0
1klgocf,26,0,0
1klgocf,27,0,0
1klgocf,28,0,0
1klgocf,29,0,0
1klgocf,30,0,0
1klgocf,31,0,0
1klgocf,32,0,0
1klgocf,33,0,0
1klgocf,34,0,0
1klgocf,35,0,0
1klgocf,36,0,0
1klgocf,37,0,0
1klgocf,38,0,0
1klgocf,39,0,0
1klgocf,40,0,0
1klgocf,41,0,0
1klgocf,42,0,0
1klgocf,43,1,0
1klgocf,44,-1,0
1klgocf,45,0,0
1klgocf,46,0,0
1klgocf,47,1,0
1klgocf,48,1,0
1klgocf,49,-1,0
1klgocf,50,0,0
1klgocf,51,-1,0
1klgocf,52,-1,0
1klgocf,53,0,0
1klgocf,54,0,0
1klgocf,55,0,0
1klgocf,56,0,0
1klgocf,57,-1,0
1klgocf,58,0,0
1klgocf,59,0,0
1klgocf,60,0,0
1klgocf,61,0,0
1klgocf,62,0,0
1klgocf,63,1,0
1klgocf,64,1,0
1klgocf,65,0,0
1klgocf,66,0,0
1klgocf,67,0,0
1klgocf,68,0,0
1klgocf,69,0,0
1klgocf,70,1,0
1klgocf,71,1,0
1klgocf,72,0,0
1klgocf,73,0,0
1klgocf,74,1,0
1klgocf,75,0,0
1klgocf,76,0,0
1klgocf,77,1,0
1klgocf,78,1,0
1klgocf,79,1,0
1klgocf,80,0,0
1klgocf,81,1,0
1klgocf,82,1,0
1klgocf,83,1,0
1klgocf,84,0,0
1klgocf,85,0,0
1klgocf,86,-1,0
1klgocf,87,-1,0
1klgocf,88,0,0
1klgocf,89,0,0
1klgocf,90,1,0
1klgocf,91,1,0
1klgocf,92,1,0
1klgocf,93,1,0
1klgocf,94,0,0
1klgocf,95,0,0
1klgocf,96,-1,0
1klgocf,97,0,0
1klgocf,98,1,0
1klgocf,99,1,0
1klgocf,100,0,0
1klgocf,101,-1,0
1klgocf,102,-1,0
1klgocf,103,0,0
1klgocf,104,1,0
1klgocf,105,1,0
1klgocf,106,1,0
1klgocf,107,1,0
1klgocf,108,1,0
1klgocf,109,1,0
1klgocf,110,1,0
1klgocf,111,0,0
1klgocf,112,0,0
1klgocf,113,1,0
1klgocf,114,1,0
1klgocf,115,0,0
1klgocf,116,0,0
1klgocf,117,0,0
1klgocf,118,0,0
1klgocf,119,1,0
1klgocf,120,1,0
1klgocf,121,1,0
1klgocf,122,0,0
1klgocf,123,0,0
1klgocf,124,0,0
1klgocf,125,0,0
1klgocf,126,-1,0
1klgocf,127,1,0
1klgocf,128,1,0
1klgocf,129,1,0
1klgocf,130,1,0
1klgocf,131,1,0
1klgocf,132,-1,0
1klgocf,133,0,0
1klgocf,134,0,0
1klgocf,135,1,0
1klgocf,136,0,0
1klgocf,137,1,0
1klgocf,138,0,0
1klgocf,139,0,0
1klgocf,140,1,0
1klgocf,141,0,0
1klgocf,142,0,0
1klgocf,143,0,0
1klgocf,144,1,0
1klgocf,145,1,0
1klgocf,146,1,0
1klgocf,147,0,0
1klgocf,148,1,0
1klgocf,149,1,0
1klgocf,150,0,0
1klgocf,151,1,0
1klgocf,152,1,0
1klgocf,153,1,0
1klgocf,154,1,0
1klgocf,155,1,0
1klgocf,156,1,0
1klgocf,157,1,0
1klgocf,158,1,0
1klgocf,159,1,0
1klgocf,160,1,0
1klohhu,0,0,0
1klohhu,1,0,0
1klohhu,2,0,0
1klohhu,3,0,0
1klohhu,4,0,0
1klohhu,5,1,0
1klohhu,6,1,0
1klohhu,7,1,0
1klohhu,8,0,0
1klohhu,9,0,0
1klohhu,10,0,0
1klohhu,11,0,0
1klohhu,12,0,0
1klohhu,13,0,0
1klohhu,14,0,0
1klohhu,15,0,0
1klohhu,16,0,0
1klohhu,17,0,0
1klohhu,18,1,0
1klohhu,19,1,0
1kmbuqd,0,1,0
1kmbuqd,1,1,0
1kmbuqd,2,0,0
1kmbuqd,3,-1,0
1kmbuqd,4,0,0
1kmbuqd,5,-1,0
1kmbuqd,6,0,0
1kmbuqd,7,1,0
1kmbuqd,8,0,0
1kmbuqd,9,0,0
1kmbuqd,10,-1,0
1kmbuqd,11,1,0
1kmbuqd,12,1,0
1kmbuqd,13,1,0
1knaxbp,0,0,0
1knaxbp,1,1,0
1knaxbp,2,1,0
1knaxbp,3,1,0
1knaxbp,4,1,0
1knaxbp,5,1,0
1knaxbp,6,1,0
1knaxbp,7,0,0
1knaxbp,8,1,0
1knaxbp,9,-1,0
1knaxbp,10,0,0
1knaxbp,11,0,0
1knaxbp,12,1,0
1knaxbp,13,1,0
1knaxbp,14,1,0
1knaxbp,15,-1,0
1knaxbp,16,0,0
1knaxbp,17,0,0
1knaxbp,18,0,0
1knaxbp,19,-1,0
1knaxbp,20,1,0
1knaxbp,21,-1,0
1knaxbp,22,1,0
1knaxbp,23,1,0
1knaxbp,24,1,0
1knaxbp,25,0,0
1knaxbp,26,0,0
1knaxbp,27,0,0
1knaxbp,28,1,0
1knaxbp,29,0,0
1knaxbp,30,0,0
1knaxbp,31,1,0
1knaxbp,32,1,0
1knaxbp,33,1,0
1knaxbp,34,0,0
1knaxbp,35,0,0
1knaxbp,36,0,0
1knaxbp,37,0,0
1knaxbp,38,0,0
1knaxbp,39,0,0
1knaxbp,40,0,0
1knaxbp,41,0,0
1knaxbp,42,0,0
1knaxbp,43,0,0
1knaxbp,44,0,0
1knaxbp,45,0,0
1knaxbp,46,1,0
1knaxbp,47,0,0
1knaxbp,48,0,0
1knaxbp,49,-1,0
1knaxbp,50,0,0
1knaxbp,51,0,0
1knaxbp,52,0,0
1knaxbp,53,0,0
1knaxbp,54,0,0
1knaxbp,55,0,0
1knaxbp,56,0,0
1knaxbp,57,0,0
1knaxbp,58,1,0
1kntqwb,0,-1,0
1kntqwb,1,0,0
1kntqwb,2,-1,0
1kntqwb,3,0,0
1kntqwb,4,0,0
1kntqwb,5,-1,0
1kntqwb,6,0,0
1kntqwb,7,0,0
1kntqwb,8,1,0
1kntqwb,9,-1,0
1kntqwb,10,0,0
1kntqwb,11,0,0
1kntqwb,12,0,0
1kntqwb,13,-1,0
1kntqwb,14,0,0
1kntqwb,15,-1,0
1kntqwb,16,-1,0
1kntqwb,17,0,0
1kntqwb,18,0,0
1kntqwb,19,-1,0
1kntqwb,20,0,0
1kntqwb,21,-1,0
1kntqwb,22,0,0
1kntqwb,23,0,0
1kntqwb,24,-1,0
1kntqwb,25,0,0
1kntqwb,26,-1,0
1kntqwb,27,0,0
1kntqwb,28,0,0
1kntqwb,29,-1,0
1kntqwb,30,0,0
1kntqwb,31,0,0
1kntqwb,32,1,0
1kntqwb,33,-1,0
1kntqwb,34,-1,0
1kntqwb,35,0,0
1kntqwb,36,0,0
1kntqwb,37,1,0
1kntqwb,38,0,0
1kntqwb,39,-1,0
1kntqwb,40,0,0
1kntqwb,41,0,0
1kntqwb,42,0,0
1kntqwb,43,0,0
1kntqwb,44,1,0
1kntqwb,45,0,0
1kntqwb,46,0,0
1kntqwb,47,0,0
1kntqwb,48,1,0
1kntqwb,49,-1,0
1kntqwb,50,1,0
1kntqwb,51,-1,0
1kntqwb,52,0,0
1kntqwb,53,0,0
1kntqwb,54,1,0
1kntqwb,55,0,0
1kntqwb,56,0,0
1kntqwb,57,0,0
1kntqwb,58,0,0
1kntqwb,59,1,0
1kntqwb,60,0,0
1kntqwb,61,-1,0
1kntqwb,62,-1,0
1kntqwb,63,-1,0
1kntqwb,64,-1,0
1kntqwb,65,0,0
1kntqwb,66,-1,0
1kntqwb,67,-1,0
1kntqwb,68,1,0
1kntqwb,69,1,0
1kntqwb,70,-1,0
1kntqwb,71,-1,0
1kntqwb,72,0,0
1kntqwb,73,0,0
1kntqwb,74,-1,0
1kntqwb,75,1,0
1kntqwb,76,-1,0
1kntqwb,77,0,0
1kntqwb,78,0,0
1kntqwb,79,-1,0
1kntqwb,80,0,0
1kntqwb,81,0,0
1kntqwb,82,1,0
1kntqwb,83,1,0
1kntqwb,84,1,0
1kntqwb,85,0,0
1kntqwb,86,0,0
1kntqwb,87,0,0
1kntqwb,88,0,0
1kntqwb,89,-1,0
1kntqwb,90,0,0
1kntqwb,91,0,0
1kntqwb,92,0,0
1kntqwb,93,-1,0
1kntqwb,94,-1,0
1kntqwb,95,-1,0
1kntqwb,96,0,0
1kntqwb,97,0,0
1kntqwb,98,1,0
1kntqwb,99,0,0
1kntqwb,100,0,0
1kntqwb,101,0,0
1kntqwb,102,0,0
1kntqwb,103,0,0
1kntqwb,104,0,0
1kntqwb,105,0,0
1kntqwb,106,0,0
1kntqwb,107,0,0
1kntqwb,108,0,0
1kntqwb,109,0,0
1kntqwb,110,0,0
1kntqwb,111,-1,0
1kntqwb,112,0,0
1kntqwb,113,0,0
1kntqwb,114,0,0
1kntqwb,115,0,0
1kntqwb,116,0,0
1kntqwb,117,-1,0
1kntqwb,118,0,0
1kntqwb,119,-1,0
1kntqwb,120,0,0
1kntqwb,121,-1,0
1kntqwb,122,-1,0
1kntqwb,123,0,0
1kntqwb,124,-1,0
1kntqwb,125,-1,0
1kntqwb,126,0,0
1kntqwb,127,0,0
1kntqwb,128,0,0
1kntqwb,129,-1,0
1kntqwb,130,-1,0
1kntqwb,131,0,0
1kntqwb,132,0,0
1kntqwb,133,-1,0
1kntqwb,134,0,0
1kntqwb,135,-1,0
1kntqwb,136,0,0
1kntqwb,137,-1,0
1kntqwb,138,-1,0
1kntqwb,139,0,0
1kntqwb,140,0,0
1kntqwb,141,-1,0
1kntqwb,142,0,0
1kntqwb,143,0,0
1kntqwb,144,1,0
1kntqwb,145,0,0
1kntqwb,146,0,0
1kntqwb,147,0,0
1kntqwb,148,0,0
1kntqwb,149,0,0
1kntqwb,150,0,0
1kntqwb,151,0,0
1kntqwb,152,-1,0
1kntqwb,153,-1,0
1kntqwb,154,0,0
1kntqwb,155,0,0
1kntqwb,156,0,0
1kntqwb,157,0,0
1kntqwb,158,0,0
1kntqwb,159,0,0
1kntqwb,160,0,0
1kntqwb,161,0,0
1kntqwb,162,0,0
1kntqwb,163,0,0
1kntqwb,164,0,0
1kntqwb,165,0,0
1kntqwb,166,0,0
1kntqwb,167,0,0
1kntqwb,168,0,0
1kntqwb,169,0,0
1kntqwb,170,0,0
1kntqwb,171,0,0
1kntqwb,172,0,0
1kntqwb,173,0,0
1kntqwb,174,0,0
1kntqwb,175,1,0
1kntqwb,176,0,0
1kntqwb,177,0,0
1kntqwb,178,0,0
1kntqwb,179,0,0
1kntqwb,180,0,0
1kntqwb,181,0,0
1kntqwb,182,0,0
1kntqwb,183,0,0
1kntqwb,184,0,0
1kntqwb,185,0,0
1kntqwb,186,0,0
1kntqwb,187,0,0
1kntqwb,188,0,0
1kntqwb,189,0,0
1krayf7,0,0,0
1krayf7,1,0,0
1krayf7,2,0,0
1krayf7,3,0,0
1krayf7,4,0,0
1krayf7,5,0,0
1krayf7,6,0,0
1krayf7,7,0,0
1krayf7,8,0,0
1krayf7,9,0,0
1krayf7,10,0,0
1krayf7,11,0,0
1krayf7,12,-1,0
1krayf7,13,-1,0
1krayf7,14,-1,0
1krayf7,15,-1,0
1krayf7,16,-1,0
1krayf7,17,0,0
1krayf7,18,1,0
1krayf7,19,-1,0
1krayf7,20,0,0
1krayf7,21,-1,0
1krayf7,22,0,0
1krayf7,23,0,0
1krayf7,24,0,0
1krayf7,25,0,0
1krayf7,26,0,0
1krayf7,27,0,0
1krayf7,28,0,0
1krayf7,29,0,0
1krayf7,30,0,0
1krayf7,31,0,0
1krayf7,32,0,0
1krayf7,33,1,0
1krayf7,34,1,0
1krayf7,35,1,0
1krayf7,36,0,0
1krayf7,37,0,0
1krayf7,38,1,0
1krayf7,39,-1,0
1krayf7,40,0,0
1krayf7,41,1,0
1krayf7,42,1,0
1krayf7,43,0,0
1krayf7,44,0,0
1krayf7,45,0,0
1krayf7,46,0,0
1krayf7,47,0,0
1krayf7,48,0,0
1krayf7,49,0,0
1krayf7,50,0,0
1krayf7,51,0,0
1krayf7,52,0,0
1krayf7,53,0,0
1krayf7,54,0,0
1krayf7,55,0,0
1krayf7,56,0,0
1krayf7,57,0,0
1krayf7,58,0,0
1krayf7,59,1,0
1krayf7,60,0,0
1krayf7,61,1,0
1krayf7,62,1,0
1krayf7,63,1,0
1krayf7,64,0,0
1krayf7,65,0,0
1krayf7,66,0,0
1krayf7,67,0,0
1krayf7,68,1,0
1krayf7,69,0,0
1krayf7,70,0,0
1krayf7,71,0,0
1krayf7,72,0,0
1krayf7,73,0,0
1krayf7,74,0,0
1krayf7,75,0,0
1krayf7,76,0,0
1krayf7,77,0,0
1krayf7,78,0,0
1krayf7,79,0,0
1krayf7,80,0,0
1krayf7,81,0,0
1krayf7,82,0,0
1krayf7,83,0,0
1krayf7,84,2,0
1krayf7,85,0,0
1krayf7,86,0,0
1krayf7,87,1,0
1krayf7,88,1,0
1krayf7,89,0,0
1krayf7,90,0,0
1krayf7,91,1,0
1krayf7,92,0,0
1krayf7,93,0,0
1krayf7,94,0,0
1krayf7,95,0,0
1krayf7,96,0,0
1krayf7,97,0,0
1krayf7,98,0,0
1krayf7,99,0,0
1krayf7,100,0,0
1krayf7,101,0,0
1krayf7,102,0,0
1krayf7,103,1,0
1krayf7,104,1,0
1krayf7,105,0,0
1krayf7,106,0,0
1krayf7,107,-1,0
1krayf7,108,-1,0
1krayf7,109,-1,0
1krayf7,110,0,0
1krayf7,111,0,0
1krayf7,112,0,0
1krayf7,113,0,0
1krayf7,114,0,0
1krayf7,115,-1,0
1krayf7,116,0,0
1krayf7,117,0,0
1krayf7,118,0,0
1krayf7,119,0,0
1krayf7,120,0,0
1krayf7,121,0,0
1krayf7,122,0,0
1krayf7,123,0,0
1krayf7,124,0,0
1krayf7,125,0,0
1kte89k,0,-1,0
1kte89k,1,-1,0
1kte89k,2,0,0
1kte89k,3,0,0
1kte89k,4,0,0
1kte89k,5,0,0
1kte89k,6,0,0
1kte89k,7,-1,0
1kte89k,8,0,0
1kte89k,9,0,0
1kte89k,10,1,0
1kte89k,11,0,0
1kte89k,12,0,0
1kte89k,13,0,0
1kte89k,14,0,0
1kte89k,15,0,0
1kte89k,16,0,0
1kte89k,17,0,0
1kte89k,18,0,0
1kte89k,19,-1,0
1kte89k,20,-1,0
1kte89k,21,0,0
1kte89k,22,1,0
1kte89k,23,0,0
1kte89k,24,0,0
1kte89k,25,0,0
1kte89k,26,0,0
1kte89k,27,0,0
1kte89k,28,0,0
1kte89k,29,0,0
1kur2lk,0,-1,0
1kur2lk,1,1,0
1kur2lk,2,1,0
1kur2lk,3,0,0
1kur2lk,4,-1,0
1kur2lk,5,0,0
1kur2lk,6,-1,0
1kur2lk,7,0,0
1kur2lk,8,0,0
1kur2lk,9,1,0
1kur2lk,10,1,0
1kur2lk,11,-1,0
1kur2lk,12,-1,0
1kur2lk,13,1,0
1kur2lk,14,0,0
1kur2lk,15,0,0
1kur2lk,16,1,0
1kur2lk,17,-1,0
1kur2lk,18,1,0
1kur2lk,19,1,0
1kur2lk,20,-1,0
1kur2lk,21,0,0
1kur2lk,22,0,0
1kur2lk,23,1,0
1kur2lk,24,0,0
1kur2lk,25,1,0
1kur2lk,26,-1,0
1kur2lk,27,1,0
1kur2lk,28,1,0
1kur2lk,29,0,0
1kur2lk,30,0,0
1kur2lk,31,0,0
1kur2lk,32,0,0
1kur2lk,33,-1,0
1kur2lk,34,1,0
1kur2lk,35,1,0
1kur2lk,36,-1,0
1kur2lk,37,1,0
1kur2lk,38,-1,0
1kur2lk,39,0,0
1kur2lk,40,1,0
1kur2lk,41,1,0
1kur2lk,42,0,0
1kvoiep,0,1,0
1kvoiep,1,1,0
1kvoiep,2,0,0
1kvoiep,3,1,0
1kvoiep,4,-1,0
1kvoiep,5,1,0
1kzp7jv,0,1,0
1kzp7jv,1,-1,0
1kzp7jv,2,-1,0
1kzp7jv,3,1,0
1kzp7jv,4,1,0
1kzp7jv,5,1,0
1kzp7jv,6,0,0
1kzp7jv,7,0,0
1kzp7jv,8,1,0
1kzp7jv,9,1,0
1kzp7jv,10,1,0
1kzp7jv,11,0,0
1kzp7jv,12,1,0
1kzp7jv,13,0,0
1kzp7jv,14,1,0
1kzp7jv,15,1,0
1kzp7jv,16,1,0
1kzp7jv,17,1,0
1kzp7jv,18,1,0
1l0vcae,0,-1,0
1l0vcae,1,0,0
1l0vcae,2,0,0
1l0vcae,3,-1,0
1l0vcae,4,0,0
1l0vcae,5,1,0
1l0vcae,6,0,0
1l0vcae,7,0,0
1l0vcae,8,0,0
1l0vcae,9,0,0
1l0vcae,10,-1,0
1l0vcae,11,0,0
1l0vcae,12,1,0
1l0vcae,13,1,0
1l0vcae,14,0,0
1l0vcae,15,0,0
1l0vcae,16,0,0
1l0vcae,17,0,0
1l0vcae,18,0,0
1l0vcae,19,1,0
1l0vcae,20,0,0
1l0vcae,21,-1,0
1l0vcae,22,0,0
1l0vcae,23,0,0
1l0vcae,24,0,0
1l0vcae,25,0,0
1l0vcae,26,0,0
1l0vcae,27,1,0
1l3fcro,0,0,0
1l3fcro,1,0,0
1l3fcro,2,-1,0
1l3fcro,3,-1,0
1l3fcro,4,0,0
1l3fcro,5,0,0
1l3fcro,6,-1,0
1l3fcro,7,0,0
1l3fcro,8,0,0
1l3fcro,9,1,0
1l3fcro,10,0,0
1l3fcro,11,1,0
1l3fcro,12,1,0
1l3fcro,13,0,0
1l3fcro,14,0,0
1l3fcro,15,0,0
1l3fcro,16,-1,0
1l3fcro,17,0,0
1l3fcro,18,0,0
1l3fcro,19,0,0
1l3fcro,20,0,0
1l3fcro,21,1,0
1l3fcro,22,0,0
1l3fcro,23,0,0
1l3fcro,24,-1,0
1l3fcro,25,0,0
1l3fcro,26,0,0
1l3fcro,27,0,0
1l3fcro,28,-1,0
1l3fcro,29,-1,0
1l3fcro,30,0,0
1l3fcro,31,0,0
1l3fcro,32,-1,0
1l3fcro,33,0,0
1l54ph3,0,-1,0
1l54ph3,1,0,0
1l54ph3,2,0,0
1l54ph3,3,0,0
1l54ph3,4,0,0
1l54ph3,5,0,0
1l54ph3,6,0,0
1l54ph3,7,0,0
1l54ph3,8,0,0
1l54ph3,9,1,0
1l54ph3,10,-1,0
1l54ph3,11,0,0
1l54ph3,12,1,0
1l54ph3,13,0,0
1l54ph3,14,0,0
1l54ph3,15,-1,0
1l54ph3,16,0,0
1l54ph3,17,0,0
1l54ph3,18,1,0
1l54ph3,19,-1,0
1l54ph3,20,1,0
1l54ph3,21,-1,0
1l54ph3,22,0,0
1l54ph3,23,1,0
1l54ph3,24,1,0
1l54ph3,25,1,0
1l54ph3,26,0,0
1l54ph3,27,1,0
1l54ph3,28,1,0
1l54ph3,29,0,0
1l54ph3,30,1,0
1l54ph3,31,-1,0
1l54ph3,32,1,0
1l54ph3,33,-1,0
1l54ph3,34,0,0
1l54ph3,35,0,0
1l54ph3,36,1,0
1l54ph3,37,1,0
1l54ph3,38,1,0
1l54ph3,39,1,0
1l54ph3,40,1,0
1l54ph3,41,1,0
1l54ph3,42,1,0
1l54ph3,43,0,0
1l54ph3,44,0,0
1l54ph3,45,0,0
1l54ph3,46,1,0
1l54ph3,47,1,0
1l54ph3,48,1,0
1l7y77g,0,1,1
1l7y77g,1,1,1
1l7y77g,2,0,1
1l7y77g,3,1,1
1l7y77g,4,0,1
1l7y77g,5,1,1
1l7y77g,6,0,1
1l7y77g,7,1,1
1l7y77g,8,0,1
1l7y77g,9,1,1
1l7y77g,10,1,1
1l7y77g,11,1,1
1l7y77g,12,0,1
1l8x3ji,0,0,0
1l8x3ji,1,1,0
1l8x3ji,2,0,0
1l8x3ji,3,1,0
1l8x3ji,4,1,0
1l8x3ji,5,0,0
1l8x3ji,6,0,0
1l8x3ji,7,0,0
1l8x3ji,8,0,0
1l8x3ji,9,0,0
1l8x3ji,10,0,0
1l8x3ji,11,1,0
1l8x3ji,12,0,0
1l8x3ji,13,0,0
1leblk5,0,0,0
1leblk5,1,0,0
1leblk5,2,0,0
1leblk5,3,0,0
1leblk5,4,0,0
1leblk5,5,0,0
1leblk5,6,0,0
1leblk5,7,0,0
1leblk5,8,0,0
1leblk5,9,0,0
1leblk5,10,-1,0
1leblk5,11,1,0
1leblk5,12,0,0
1leblk5,13,1,0
1leblk5,14,0,0
1leblk5,15,1,0
1leblk5,16,1,0
1leblk5,17,1,0
1leblk5,18,1,0
1leblk5,19,1,0
1leblk5,20,1,0
1leblk5,21,0,0
1leblk5,22,0,0
1leblk5,23,0,0
1leblk5,24,0,0
1leblk5,25,0,0
1leblk5,26,0,0
1leblk5,27,0,0
1leblk5,28,-1,0
1leblk5,29,1,0
1leblk5,30,-1,0
1leblk5,31,0,0
1leblk5,32,-1,0
1leblk5,33,0,0
1leblk5,34,0,0
1leblk5,35,0,0
1leblk5,36,0,0
1leblk5,37,0,0
1leblk5,38,0,0
1leblk5,39,0,0
1leblk5,40,1,0
1leblk5,41,1,0
1leblk5,42,0,0
1leblk5,43,0,0
1leblk5,44,1,0
1leblk5,45,0,0
1leblk5,46,1,0
1leblk5,47,0,0
1leblk5,48,0,0
1leblk5,49,0,0
1leblk5,50,0,0
1leblk5,51,0,0
1leblk5,52,0,0
1leblk5,53,0,0
1leblk5,54,0,0
1leblk5,55,1,0
1leblk5,56,1,0
1leblk5,57,0,0
1leblk5,58,1,0
1leblk5,59,1,0
1leblk5,60,0,0
1leblk5,61,0,0
1leblk5,62,0,0
1leblk5,63,1,0
1leblk5,64,0,0
1leblk5,65,0,0
1leblk5,66,1,0
1leblk5,67,0,0
1leblk5,68,0,0
1leblk5,69,0,0
1leblk5,70,0,0
1leblk5,71,0,0
1leblk5,72,0,0
1leblk5,73,0,0
1leblk5,74,1,0
1leblk5,75,1,0
1leblk5,76,0,0
1leblk5,77,1,0
1leblk5,78,1,0
1leblk5,79,1,0
1leblk5,80,-1,0
1leblk5,81,-1,0
1leblk5,82,0,0
1leblk5,83,0,0
1leblk5,84,0,0
1leblk5,85,0,0
1leblk5,86,0,0
1leblk5,87,0,0
1leblk5,88,0,0
1leblk5,89,0,0
1leblk5,90,0,0
1leblk5,91,0,0
1leblk5,92,0,0
1lecs6a,0,0,0
1lkvyct,0,0,0
1lkvyct,1,0,0
1lkvyct,2,0,0
1lkvyct,3,0,0
1lkvyct,4,0,0
1lkvyct,5,0,0
1lkvyct,6,0,0
1lkvyct,7,0,0
1lkvyct,8,0,0
1lkvyct,9,0,0
1lkvyct,10,0,0
1lkvyct,11,0,0
1lkvyct,12,0,0
1lkvyct,13,0,0
1lkvyct,14,0,0
1lkvyct,15,0,0
1lkvyct,16,1,0
1lkvyct,17,0,0
1lkvyct,18,0,0
1lkvyct,19,0,0
1lkvyct,20,0,0
1lkvyct,21,0,0
1lkvyct,22,0,0
1lkvyct,23,0,0
1lkvyct,24,0,0
1lkvyct,25,0,0
1lkvyct,26,0,0
1lkvyct,27,0,0
1lkvyct,28,0,0
1lkvyct,29,0,0
1lkvyct,30,0,0
1lkvyct,31,0,0
1lkvyct,32,0,0
1lkvyct,33,0,0
1lkvyct,34,0,0
1lkvyct,35,0,0
1lkvyct,36,0,0
1lkvyct,37,0,0
1lkvyct,38,0,0
1lkvyct,39,0,0
1lkvyct,40,0,0
1lkvyct,41,0,0
1lkvyct,42,0,0
1lkvyct,43,1,0
1lkvyct,44,1,0
1lkvyct,45,1,0
1lkvyct,46,1,0
1lkvyct,47,1,0
1lkvyct,48,1,0
1lkvyct,49,1,0
1llb7zm,0,-1,0
1llb7zm,1,1,0
1llb7zm,2,1,0
1llb7zm,3,0,0
1llb7zm,4,-1,0
1llb7zm,5,-1,0
1llb7zm,6,0,0
1llb7zm,7,0,0
1llb7zm,8,0,0
1llb7zm,9,0,0
1llb7zm,10,0,0
1llb7zm,11,0,0
1llb7zm,12,0,0
1llb7zm,13,0,0
1llb7zm,14,1,0
1llb7zm,15,0,0
1llb7zm,16,1,0
1llb7zm,17,1,0
1llb7zm,18,1,0
1llb7zm,19,1,0
1llb7zm,20,-1,0
1llb7zm,21,1,0
1llb7zm,22,0,0
1llb7zm,23,0,0
1llb7zm,24,0,0
1llb7zm,25,1,0
1llb7zm,26,0,0
1llb7zm,27,1,0
1llb7zm,28,0,0
1llb7zm,29,0,0
1llb7zm,30,0,0
1llb7zm,31,0,0
1llb7zm,32,-1,0
1llb7zm,33,1,0
1llb7zm,34,0,0
1llb7zm,35,1,0
1llb7zm,36,1,0
1llb7zm,37,-1,0
1llb7zm,38,0,0
1llb7zm,39,1,0
1llb7zm,40,0,0
1llb7zm,41,1,0
1llb7zm,42,1,0
1llb7zm,43,1,0
1llb7zm,44,0,0
1llb7zm,45,0,0
1llb7zm,46,1,0
1llb7zm,47,1,0
1llb7zm,48,1,0
1llb7zm,49,1,0
1llb7zm,50,1,0
1llb7zm,51,1,0
1llb7zm,52,0,0
1llb7zm,53,1,0
1llb7zm,54,1,0
1llb7zm,55,-1,0
1llb7zm,56,1,0
1llb7zm,57,1,0
1llb7zm,58,0,0
1llb7zm,59,1,0
1llb7zm,60,1,0
1llb7zm,61,1,0
1llb7zm,62,1,0
1llb7zm,63,-1,0
1llb7zm,64,1,0
1llb7zm,65,0,0
1llb7zm,66,0,0
1llb7zm,67,0,0
1llb7zm,68,1,0
1llb7zm,69,0,0
1llb7zm,70,0,0
1llb7zm,71,0,0
1llb7zm,72,1,0
1llb7zm,73,1,0
1llb7zm,74,1,0
1llb7zm,75,-1,0
1llb7zm,76,0,0
1llb7zm,77,0,0
1llb7zm,78,0,0
1llb7zm,79,1,0
1llb7zm,80,1,0
1llb7zm,81,1,0
1llb7zm,82,1,0
1llb7zm,83,0,0
1llb7zm,84,1,0
1llb7zm,85,0,0
1llb7zm,86,1,0
1llb7zm,87,1,0
1llb7zm,88,1,0
1llb7zm,89,0,0
1lnaiez,0,-1,0
1lnaiez,1,1,0
1lnaiez,2,0,0
1lnaiez,3,0,0
1lnaiez,4,0,0
1lnaiez,5,1,0
1lnaiez,6,0,0
1lnaiez,7,0,0
1lnaiez,8,0,0
1lnaiez,9,0,0
1lnaiez,10,0,0
1lnaiez,11,0,0
1lnaiez,12,0,0
1lnaiez,13,0,0
1lnaiez,14,0,0
1lnaiez,15,-1,0
1lnaiez,16,0,0
1lnaiez,17,0,0
1lnaiez,18,0,0
1lnaiez,19,0,0
1lnaiez,20,1,0
1lnaiez,21,-1,0
1lnaiez,22,0,0
1lnaiez,23,-1,0
1lnaiez,24,0,0
1lnaiez,25,1,0
1lnaiez,26,0,0
1lnaiez,27,0,0
1lnaiez,28,0,0
1lnaiez,29,1,0
1lnaiez,30,0,0
1lnaiez,31,0,0
1lnaiez,32,0,0
1lnaiez,33,1,0
1lnaiez,34,0,0
1lnaiez,35,0,0
1lnaiez,36,0,0
1lnaiez,37,0,0
1lnaiez,38,0,0
1lnaiez,39,-1,0
1lnaiez,40,0,0
1lnaiez,41,1,0
1lnaiez,42,0,0
1lnaiez,43,-1,0
1lnaiez,44,1,0
1lnaiez,45,1,0
1lnaiez,46,0,0
1lnaiez,47,1,0
1lnaiez,48,1,0
1lnaiez,49,0,0
1lnaiez,50,0,0
1lnaiez,51,0,0
1lnaiez,52,1,0
1lnaiez,53,0,0
1lnaiez,54,0,0
1lnaiez,55,0,0
1lnaiez,56,1,0
1lnaiez,57,0,0
1lnaiez,58,-1,0
1lnaiez,59,0,0
1lnaiez,60,1,0
1lnaiez,61,-1,0
1lnaiez,62,1,0
1lnaiez,63,1,0
1lnaiez,64,0,0
1lnaiez,65,1,0
1lnaiez,66,0,0
1lnaiez,67,-1,0
1lnaiez,68,1,0
1lnaiez,69,0,0
1lnaiez,70,0,0
1lnaiez,71,0,0
1lnaiez,72,0,0
1lnaiez,73,0,0
1lnaiez,74,1,0
1lnaiez,75,1,0
1lnaiez,76,1,0
1lnaiez,77,-1,0
1lnaiez,78,0,0
1lnaiez,79,-1,0
1lnaiez,80,-1,0
1lnaiez,81,1,0
1lnaiez,82,-1,0
1lnaiez,83,-1,0
1lnaiez,84,-1,0
1lnaiez,85,0,0
1lnaiez,86,1,0
1lnaiez,87,0,0
1lnaiez,88,0,0
1lnaiez,89,-1,0
1lnaiez,90,-1,0
1lnaiez,91,0,0
1lnaiez,92,0,0
1lnaiez,93,0,0
1lnaiez,94,0,0
1lnaiez,95,0,0
1lnaiez,96,1,0
1lnaiez,97,0,0
1lnaiez,98,0,0
1lnaiez,99,0,0
1lnaiez,100,0,0
1lnaiez,101,0,0
1lnaiez,102,1,0
1lnaiez,103,-1,0
1lnaiez,104,-1,0
1lnaiez,105,1,0
1lnaiez,106,0,0
1lnaiez,107,0,0
1lnaiez,108,0,0
1lnaiez,109,1,0
1lnaiez,110,0,0
1lnaiez,111,1,0
1lnaiez,112,0,0
1lnaiez,113,0,0
1lnaiez,114,-1,0
1lnaiez,115,-1,0
1lnaiez,116,0,0
1lnaiez,117,0,0
1lnaiez,118,0,0
1lnaiez,119,0,0
1lnaiez,120,0,0
1lnaiez,121,0,0
1lnaiez,122,0,0
1lnaiez,123,0,0
1lp0xeu,0,1,1
1lp0xeu,1,0,1
1lp0xeu,2,0,1
1lp0xeu,3,1,1
1lp0xeu,4,1,1
1lp0xeu,5,-1,1
1lp0xeu,6,1,1
1lp0xeu,7,-1,1
1lp0xeu,8,0,1
1lp0xeu,9,-1,1
1lp0xeu,10,1,1
1lp0xeu,11,-1,1
1lp0xeu,12,1,1
1lp0xeu,13,1,1
1lp0xeu,14,-1,1
1lp0xeu,15,0,1
1lp0xeu,16,0,1
1lp0xeu,17,0,1
1lp0xeu,18,1,1
1lp0xeu,19,-1,1
1lqqhri,0,0,0
1lqqhri,1,1,0
1lqqhri,2,0,0
1lqqhri,3,0,0
1lqqhri,4,0,0
1lqqhri,5,0,0
1lqqhri,6,0,0
1lqqhri,7,1,0
1lqqhri,8,0,0
1lqqhri,9,0,0
1lqqhri,10,0,0
1lqqhri,11,0,0
1lqqhri,12,0,0
1lqqhri,13,0,0
1lqqhri,14,0,0
1lqqhri,15,0,0
1lqqhri,16,0,0
1lqqhri,17,0,0
1lqqhri,18,0,0
1lqqhri,19,0,0
1lqqhri,20,0,0
1lqqhri,21,0,0
1lqqhri,22,0,0
1lqqhri,23,0,0
1lqqhri,24,0,0
1lqqhri,25,0,0
1lqqhri,26,0,0
1lqqhri,27,0,0
1lqqhri,28,0,0
1lqqhri,29,0,0
1lqqhri,30,0,0
1lqqhri,31,0,0
1lqqhri,32,1,0
1lqqhri,33,0,0
1lqqhri,34,0,0
1lqqhri,35,0,0
1lqqhri,36,0,0
1lqqhri,37,0,0
1lqqhri,38,0,0
1lqqhri,39,0,0
1lqqhri,40,0,0
1lqqhri,41,0,0
1lqqhri,42,0,0
1lqqhri,43,0,0
1lqqhri,44,0,0
1lqqhri,45,0,0
1lqqhri,46,0,0
1lqqhri,47,0,0
1lqqhri,48,0,0
1lqqhri,49,1,0
1lqqhri,50,0,0
1lqqhri,51,0,0
1lqqhri,52,0,0
1lqqhri,53,0,0
1lqqhri,54,0,0
1lqqhri,55,0,0
1lqqhri,56,0,0
1lqqhri,57,0,0
1lqqhri,58,0,0
1lqqhri,59,0,0
1lqqhri,60,0,0
1lqqhri,61,0,0
1lqqhri,62,0,0
1lqqhri,63,0,0
1lqqhri,64,0,0
1lqqhri,65,0,0
1lqqhri,66,0,0
1lqqhri,67,0,0
1lqqhri,68,0,0
1lqqhri,69,0,0
1lqqhri,70,0,0
1lqqhri,71,0,0
1lqqhri,72,0,0
1lqqhri,73,0,0
1lqqhri,74,0,0
1lqqhri,75,0,0
1lqqhri,76,0,0
1lqqhri,77,0,0
1lqqhri,78,0,0
1lqqhri,79,0,0
1lqqhri,80,0,0
1lqqhri,81,0,0
1lqqhri,82,0,0
1lqqhri,83,0,0
1lqqhri,84,0,0
1lqqhri,85,0,0
1lqqhri,86,0,0
1lqqhri,87,0,0
1lqqhri,88,0,0
1lqqhri,89,0,0
1lqqhri,90,0,0
1lqqhri,91,0,0
1lqqhri,92,0,0
1lqqhri,93,0,0
1lqqhri,94,1,0
1lqqhri,95,0,0
1lqqhri,96,0,0
1lqqhri,97,0,0
1lqqhri,98,1,0
1lqqhri,99,0,0
1lqqhri,100,1,0
1lqqhri,101,1,0
1lqqhri,102,0,0
1lqqhri,103,0,0
1lqqhri,104,0,0
1lqqhri,105,0,0
1lqqhri,106,0,0
1lqqhri,107,0,0
1lqqhri,108,0,0
1lqqhri,109,0,0
1lqqhri,110,0,0
1lqqhri,111,0,0
1lqqhri,112,0,0
1lqqhri,113,-1,0
1lqqhri,114,0,0
1lqqhri,115,0,0
1lqqhri,116,0,0
1lqqhri,117,0,0
1lrhea0,0,1,0
1lrhea0,1,1,0
1lrhea0,2,1,0
1lrhea0,3,1,0
1lrhea0,4,1,0
1lrhea0,5,1,0
1lrhea0,6,1,0
1lrhea0,7,1,0
1lrhea0,8,1,0
1lrhea0,9,0,0
1lrhea0,10,0,0
1lrhea0,11,0,0
1lrhea0,12,1,0
1lrhea0,13,0,0
1lrhea0,14,0,0
1lrhea0,15,0,0
1lrhea0,16,1,0
1lrhea0,17,1,0
1lrhea0,18,1,0
1lrhea0,19,1,0
1lrhea0,20,1,0
1lrhea0,21,0,0
1lrhea0,22,1,0
1lrhea0,23,0,0
1lrhea0,24,1,0
1lrhea0,25,1,0
1lrhea0,26,1,0
1lul9zs,0,1,0
1lul9zs,1,0,0
1lul9zs,2,1,0
1lul9zs,3,0,0
1lul9zs,4,0,0
1lul9zs,5,-1,0
1lul9zs,6,1,0
1lul9zs,7,0,0
1lul9zs,8,0,0
1lul9zs,9,0,0
1lul9zs,10,0,0
1lul9zs,11,0,0
1lul9zs,12,1,0
1lul9zs,13,0,0
1lul9zs,14,1,0
1lul9zs,15,-1,0
1lul9zs,16,0,0
1lul9zs,17,0,0
1lul9zs,18,0,0
1lul9zs,19,1,0
1lul9zs,20,-1,0
1lul9zs,21,0,0
1lul9zs,22,1,0
1lul9zs,23,-1,0
1lul9zs,24,-1,0
1lul9zs,25,1,0
1lul9zs,26,-1,0
1lul9zs,27,1,0
1lul9zs,28,-1,0
1lul9zs,29,1,0
1lul9zs,30,0,0
1lul9zs,31,0,0
1lul9zs,32,0,0
1lul9zs,33,0,0
1lul9zs,34,0,0
1lul9zs,35,0,0
1lul9zs,36,0,0
1lul9zs,37,0,0
1lul9zs,38,0,0
1lul9zs,39,0,0
1lul9zs,40,0,0
1lul9zs,41,0,0
1lul9zs,42,0,0
1lul9zs,43,0,0
1lul9zs,44,-1,0
1lul9zs,45,1,0
1lul9zs,46,0,0
1lul9zs,47,1,0
1lul9zs,48,0,0
1lul9zs,49,0,0
1lul9zs,50,0,0
1lul9zs,51,0,0
1lul9zs,52,1,0
1lul9zs,53,1,0
1lul9zs,54,0,0
1lul9zs,55,0,0
1lul9zs,56,0,0
1lul9zs,57,0,0
1lul9zs,58,0,0
1lul9zs,59,0,0
1lul9zs,60,0,0
1lul9zs,61,0,0
1lul9zs,62,0,0
1lul9zs,63,0,0
1lul9zs,64,0,0
1lul9zs,65,0,0
1lul9zs,66,0,0
1lul9zs,67,1,0
1lul9zs,68,0,0
1lul9zs,69,1,0
1lul9zs,70,-1,0
1lul9zs,71,0,0
1lul9zs,72,0,0
1lul9zs,73,0,0
1lul9zs,74,0,0
1lul9zs,75,1,0
1lul9zs,76,1,0
1lul9zs,77,0,0
1lul9zs,78,1,0
1lul9zs,79,0,0
1lul9zs,80,1,0
1lul9zs,81,1,0
1lul9zs,82,-1,0
1lul9zs,83,-1,0
1lul9zs,84,1,0
1lul9zs,85,0,0
1lul9zs,86,0,0
1lul9zs,87,-1,0
1lul9zs,88,1,0
1lul9zs,89,1,0
1lul9zs,90,1,0
1lul9zs,91,0,0
1lul9zs,92,1,0
1lul9zs,93,1,0
1lul9zs,94,1,0
1lul9zs,95,1,0
1lul9zs,96,1,0
1lul9zs,97,1,0
1lul9zs,98,-1,0
1lul9zs,99,-1,0
1lul9zs,100,1,0
1lul9zs,101,0,0
1lul9zs,102,0,0
1lul9zs,103,0,0
1lul9zs,104,0,0
1lul9zs,105,0,0
1lul9zs,106,0,0
1lul9zs,107,0,0
1lul9zs,108,-1,0
1lul9zs,109,0,0
1lul9zs,110,0,0
1lul9zs,111,0,0
1lul9zs,112,0,0
1lul9zs,113,0,0
1lul9zs,114,1,0
1lul9zs,115,0,0
1lul9zs,116,0,0
1lul9zs,117,-1,0
1lul9zs,118,0,0
1lul9zs,119,-1,0
1lul9zs,120,1,0
1lw640c,0,0,0
1lw640c,1,0,0
1lw640c,2,0,0
1lw640c,3,0,0
1lw640c,4,1,0
1lw640c,5,0,0
1lw640c,6,0,0
1lw640c,7,1,0
1lw640c,8,1,0
1lw640c,9,1,0
1lw640c,10,0,0
1lw640c,11,1,0
1lw640c,12,1,0
1lw640c,13,1,0
1lw640c,14,1,0
1lw640c,15,-1,0
1lw640c,16,0,0
1lw640c,17,0,0
1lw640c,18,0,0
1lw640c,19,0,0
1lw640c,20,-1,0
1lw640c,21,0,0
1lw640c,22,-1,0
1lw640c,23,0,0
1lw640c,24,0,0
1lw640c,25,1,0
1lw640c,26,-1,0
1lw640c,27,0,0
1lw640c,28,1,0
1lw640c,29,-1,0
1lw640c,30,1,0
1lw640c,31,1,0
1lw640c,32,0,0
1lw640c,33,-1,0
1lw640c,34,-1,0
1lw640c,35,0,0
1lw640c,36,-1,0
1lw640c,37,-1,0
1lw640c,38,0,0
1lw640c,39,0,0
1lw640c,40,0,0
1lw640c,41,0,0
1lw640c,42,0,0
1lw640c,43,0,0
1lw640c,44,0,0
1lw640c,45,0,0
1lw640c,46,0,0
1lw640c,47,1,0
1lw640c,48,1,0
1lw640c,49,-1,0
1lw640c,50,0,0
1lw640c,51,-1,0
1lw640c,52,1,0
1lw640c,53,0,0
1lw640c,54,0,0
1lw640c,55,1,0
1lw640c,56,-1,0
1lw640c,57,0,0
1lw640c,58,1,0
1lw640c,59,0,0
1lw640c,60,1,0
1lw640c,61,1,0
1lw640c,62,0,0
1lw640c,63,0,0
1lw640c,64,0,0
1lw640c,65,0,0
1lw640c,66,0,0
1lw640c,67,1,0
1lw640c,68,1,0
1lw640c,69,1,0
1lw640c,70,-1,0
1lw640c,71,0,0
1lw640c,72,-1,0
1lw640c,73,-1,0
1lw640c,74,0,0
1lw640c,75,1,0
1lw640c,76,1,0
1lw640c,77,1,0
1lw640c,78,0,0
1lw640c,79,0,0
1lw640c,80,0,0
1lw640c,81,1,0
1lw640c,82,1,0
1lw640c,83,1,0
1lw640c,84,1,0
1lw640c,85,-1,0
1lw640c,86,-1,0
1lw640c,87,1,0
1lw640c,88,1,0
1lw640c,89,-1,0
1lw640c,90,1,0
1lw640c,91,-1,0
1lw640c,92,1,0
1lw640c,93,-1,0
1lw640c,94,1,0
1lw640c,95,-1,0
1lw640c,96,0,0
1lw640c,97,0,0
1lw640c,98,1,0
1lw640c,99,0,0
1lw640c,100,1,0
1lw640c,101,0,0
1lw640c,102,0,0
1lw640c,103,0,0
1lw640c,104,0,0
1lw640c,105,1,0
1lwzy1p,0,0,0
1lwzy1p,1,0,0
1lwzy1p,2,0,0
1lwzy1p,3,0,0
1lwzy1p,4,0,0
1lwzy1p,5,0,0
1lwzy1p,6,0,0
1lwzy1p,7,0,0
1lwzy1p,8,0,0
1lwzy1p,9,0,0
1lwzy1p,10,0,0
1lyb5kf,0,0,0
1lyb5kf,1,0,0
1lyb5kf,2,1,0
1lyb5kf,3,0,0
1lyb5kf,4,-1,0
1lyb5kf,5,0,0
1lyb5kf,6,0,0
1lyb5kf,7,0,0
1lyb5kf,8,0,0
1lyb5kf,9,0,0
1lyb5kf,10,0,0
1lyb5kf,11,1,0
1lyb5kf,12,1,0
1lyb5kf,13,0,0
1lyb5kf,14,0,0
1lyb5kf,15,1,0
1lyb5kf,16,1,0
1lyb5kf,17,1,0
1lyb5kf,18,0,0
1lyb5kf,19,0,0
1lyb5kf,20,0,0
1lyb5kf,21,0,0
1lyb5kf,22,0,0
1lyb5kf,23,0,0
1lyb5kf,24,0,0
1lyb5kf,25,1,0
1lyb5kf,26,0,0
1lyb5kf,27,0,0
1lyb5kf,28,0,0
1lyb5kf,29,-1,0
1lyb5kf,30,-1,0
1lyb5kf,31,0,0
1lyb5kf,32,1,0
1lyb5kf,33,-1,0
1lyb5kf,34,-1,0
1lyb5kf,35,1,0
1lyb5kf,36,1,0
1lyb5kf,37,1,0
1lyb5kf,38,0,0
1lyb5kf,39,0,0
1lyb5kf,40,0,0
1lyb5kf,41,0,0
1lyb5kf,42,1,0
1lyb5kf,43,0,0
1lyb5kf,44,0,0
1lyb5kf,45,0,0
1lyb5kf,46,0,0
1lyb5kf,47,0,0
1lyb5kf,48,0,0
1lyb5kf,49,0,0
1lyb5kf,50,-1,0
1lyb5kf,51,1,0
1lyb5kf,52,1,0
1lyb5kf,53,1,0
1lyb5kf,54,1,0
1lyb5kf,55,0,0
1lyb5kf,56,1,0
1lyb5kf,57,0,0
1lyv41c,0,0,0
1lyv41c,1,0,0
1lyv41c,2,0,0
1lyv41c,3,0,0
1lyv41c,4,0,0
1lyv41c,5,0,0
1lyv41c,6,1,0
1lyv41c,7,0,0
1lyv41c,8,0,0
1lyv41c,9,-1,0
1lyv41c,10,0,0
1lyv41c,11,0,0
1lyv41c,12,0,0
1lyv41c,13,0,0
1lyv41c,14,0,0
1lyv41c,15,0,0
1lyv41c,16,0,0
1lyv41c,17,0,0
1lyv41c,18,0,0
1lyv41c,19,-1,0
1lyv41c,20,0,0
1lyv41c,21,-1,0
1lyv41c,22,1,0
1lyv41c,23,1,0
1lyv41c,24,1,0
1lyv41c,25,0,0
1lyv41c,26,0,0
1lyv41c,27,0,0
1lyv41c,28,1,0
1lyv41c,29,1,0
1lyv41c,30,0,0
1lyv41c,31,0,0
1lyv41c,32,0,0
1lyv41c,33,0,0
1lyv41c,34,0,0
1lyv41c,35,0,0
1lyv41c,36,1,0
1lyv41c,37,0,0
1lyv41c,38,0,0
1lyv41c,39,1,0
1lyv41c,40,0,0
1lyv41c,41,0,0
1lyv41c,42,0,0
1lyv41c,43,0,0
1lyv41c,44,0,0
1lyv41c,45,0,0
1lyv41c,46,0,0
1lyv41c,47,0,0
1lyv41c,48,0,0
1lyv41c,49,0,0
1lyv41c,50,-1,0
1lyv41c,51,0,0
1lyv41c,52,0,0
1lyv41c,53,-1,0
1lyv41c,54,-1,0
1lyv41c,55,-1,0
1lyv41c,56,-1,0
1lyv41c,57,-1,0
1lyv41c,58,-1,0
1lyv41c,59,-1,0
1lyv41c,60,-1,0
1lyv41c,61,1,0
1lyv41c,62,1,0
1lyv41c,63,1,0
1lyv41c,64,-1,0
1lyv41c,65,0,0
1lyv41c,66,0,0
1lyv41c,67,0,0
1lyv41c,68,0,0
1lyv41c,69,0,0
1lyv41c,70,0,0
1lyv41c,71,0,0
1lyv41c,72,0,0
1lyv41c,73,0,0
1lyv41c,74,0,0
1lz3gsi,0,1,0
1lz3gsi,1,1,0
1lz3gsi,2,1,0
1lz3gsi,3,1,0
1lz3gsi,4,1,0
1lz3gsi,5,1,0
1lz3gsi,6,1,0
1lz3gsi,7,1,0
1lz3gsi,8,1,0
1lz3gsi,9,1,0
1lz3gsi,10,1,0
1lz3gsi,11,1,0
1lz3gsi,12,1,0
1lz3gsi,13,0,0
1lz3gsi,14,0,0
1lz3gsi,15,1,0
1lz3gsi,16,1,0
1lz3gsi,17,1,0
1lz3gsi,18,1,0
1lz3gsi,19,1,0
1lz7g2r,0,1,0
1lz7g2r,1,0,0
1lz7g2r,2,1,0
1lz7g2r,3,-1,0
1lz7g2r,4,0,0
1lz7g2r,5,1,0
1lz7g2r,6,0,0
1lz7g2r,7,1,0
1lz7g2r,8,1,0
1lz7g2r,9,1,0
1lz7g2r,10,0,0
1lz7g2r,11,0,0
1lz7g2r,12,0,0
1lz7g2r,13,0,0
1lz7g2r,14,0,0
1lz7g2r,15,1,0
1lz7g2r,16,0,0
1lz7g2r,17,1,0
1lz7g2r,18,1,0
1lz7g2r,19,1,0
1lz7g2r,20,0,0
1lz7g2r,21,0,0
1lz7g2r,22,1,0
1lz7g2r,23,1,0
1lz7g2r,24,1,0
1lz7g2r,25,1,0
1lz7g2r,26,1,0
1lz7g2r,27,0,0
1lz7g2r,28,1,0
1lz7g2r,29,0,0
1lz7g2r,30,1,0
1lz7g2r,31,1,0
1lz7g2r,32,0,0
1lz7g2r,33,1,0
1lz7g2r,34,0,0
1lz7g2r,35,0,0
1lz7g2r,36,1,0
1lz7g2r,37,1,0
1lz7g2r,38,0,0
1lz7g2r,39,0,0
1lz7g2r,40,1,0
1lz7g2r,41,1,0
1lz7g2r,42,0,0
1lz7g2r,43,1,0
1lz7g2r,44,0,0
1lz7g2r,45,1,0
1lz7g2r,46,0,0
1lz7g2r,47,0,0
1lz7g2r,48,0,0
1lz7g2r,49,-1,0
1lz7g2r,50,0,0
1lz7g2r,51,1,0
1lz7g2r,52,1,0
1lz7g2r,53,1,0
1lz7g2r,54,1,0
1lz7g2r,55,1,0
1lz7g2r,56,-1,0
1lz7g2r,57,-1,0
1lz7g2r,58,-1,0
1lz7g2r,59,-1,0
1lz7g2r,60,0,0
1lz7g2r,61,0,0
1lzhw2z,0,0,0
1lzhw2z,1,0,0
1lzhw2z,2,0,0
1lzhw2z,3,0,0
1lzhw2z,4,0,0
1lzhw2z,5,0,0
1lzhw2z,6,1,0
1lzhw2z,7,-1,0
1lzhw2z,8,1,0
1lzhw2z,9,1,0
1lzhw2z,10,1,0
1lzhw2z,11,1,0
1lzhw2z,12,1,0
1lzhw2z,13,0,0
1lzhw2z,14,-1,0
1lzhw2z,15,0,0
1lzhw2z,16,0,0
1lzhw2z,17,1,0
1lzhw2z,18,1,0
1lzhw2z,19,1,0
1lzhw2z,20,1,0
1lzhw2z,21,1,0
1lzhw2z,22,1,0
1lzhw2z,23,1,0
1lzhw2z,24,0,0
1lzhw2z,25,1,0
1lzhw2z,26,1,0
1lzhw2z,27,0,0
1lzhw2z,28,1,0
1lzhw2z,29,1,0
1lzhw2z,30,1,0
1lzhw2z,31,0,0
1lzhw2z,32,0,0
1lzhw2z,33,0,0
1m1ff54,0,-1,0
1m1ff54,1,0,0
1m1ff54,2,0,0
1m1ff54,3,-1,0
1m1ff54,4,1,0
1m1ff54,5,0,0
1m1ff54,6,0,0
1m1ff54,7,-1,0
1m1ff54,8,0,0
1m1ff54,9,-1,0
1m1ff54,10,1,0
1m1ff54,11,-1,0
1m1ff54,12,1,0
1m1ff54,13,0,0
1m1ff54,14,1,0
1m1ff54,15,1,0
1m1ff54,16,-1,0
1m1ff54,17,1,0
1m1ff54,18,-1,0
1m1ff54,19,-1,0
1m1ff54,20,1,0
1m1ff54,21,0,0
1m1ff54,22,0,0
1m1ff54,23,0,0
1m1ff54,24,1,0
1m1ff54,25,0,0
1m1ff54,26,0,0
1m1ff54,27,1,0
1m1ff54,28,0,0
1m31if3,0,-1,0
1m31if3,1,1,0
1m31if3,2,-1,0
1m31if3,3,-1,0
1m31if3,4,0,0
1m31if3,5,1,0
1m31if3,6,0,0
1m31if3,7,0,0
1m31if3,8,-1,0
1m31if3,9,-1,0
1m31if3,10,1,0
1m31if3,11,0,0
1m31if3,12,0,0
1m31if3,13,1,0
1m31if3,14,0,0
1m31if3,15,0,0
1m31if3,16,0,0
1m31if3,17,0,0
1m31if3,18,-1,0
1m31if3,19,0,0
1m31if3,20,1,0
1m31if3,21,0,0
1m31if3,22,0,0
1m31if3,23,0,0
1m31if3,24,-1,0
1m31if3,25,-1,0
1m31if3,26,0,0
1m31if3,27,0,0
1m31if3,28,0,0
1m31if3,29,0,0
1m31if3,30,0,0
1m31if3,31,-1,0
1m31if3,32,0,0
1m31if3,33,0,0
1m31if3,34,-1,0
1m31if3,35,1,0
1m31if3,36,0,0
1m31if3,37,0,0
1m31if3,38,0,0
1m31if3,39,0,0
1m31if3,40,-1,0
1m31if3,41,1,0
1m31if3,42,1,0
1m31if3,43,0,0
1m31if3,44,0,0
1m31if3,45,-1,0
1m31if3,46,0,0
1m31if3,47,-1,0
1m31if3,48,1,0
1m31if3,49,-1,0
1m31if3,50,0,0
1m31if3,51,0,0
1m31if3,52,1,0
1m31if3,53,1,0
1m31if3,54,-1,0
1m31if3,55,0,0
1m31if3,56,0,0
1m31if3,57,0,0
1m31if3,58,-1,0
1m31if3,59,-1,0
1m31if3,60,0,0
1m31if3,61,0,0
1m31if3,62,0,0
1m31if3,63,0,0
1m31if3,64,0,0
1m31if3,65,0,0
1m31if3,66,0,0
1m31if3,67,0,0
1m31if3,68,0,0
1m31if3,69,0,0
1m31if3,70,0,0
1m31if3,71,0,0
1m31if3,72,0,0
1m31if3,73,0,0
1m31if3,74,0,0
1m31if3,75,1,0
1m31if3,76,0,0
1m31if3,77,0,0
1m31if3,78,0,0
1m31if3,79,0,0
1m31if3,80,0,0
1m31if3,81,0,0
1m31if3,82,0,0
1m31if3,83,1,0
1m388md,0,-1,0
1m388md,1,0,0
1m388md,2,-1,0
1m388md,3,1,0
1m388md,4,0,0
1m388md,5,-1,0
1m388md,6,0,0
1m388md,7,1,0
1m388md,8,0,0
1m388md,9,1,0
1m388md,10,0,0
1m388md,11,0,0
1m388md,12,0,0
1m388md,13,1,0
1m388md,14,0,0
1m388md,15,1,0
1m388md,16,1,0
1m388md,17,0,0
1m388md,18,0,0
1m388md,19,1,0
1m388md,20,1,0
1m388md,21,0,0
1m388md,22,1,0
1m388md,23,0,0
1m388md,24,1,0
1m388md,25,0,0
1m388md,26,1,0
1m388md,27,0,0
1m388md,28,-1,0
1m388md,29,0,0
1m388md,30,0,0
1m388md,31,1,0
1m388md,32,0,0
1m388md,33,0,0
1m388md,34,0,0
1m388md,35,0,0
1m3fzf3,0,-1,0
1m3fzf3,1,1,0
1m3fzf3,2,1,0
1m3fzf3,3,1,0
1m3fzf3,4,1,0
1m3fzf3,5,1,0
1m3fzf3,6,1,0
1m3fzf3,7,1,0
1m3fzf3,8,1,0
1m3fzf3,9,1,0
1m3fzf3,10,0,0
1m3fzf3,11,1,0
1m3fzf3,12,1,0
1m3fzf3,13,1,0
1m3fzf3,14,1,0
1m3fzf3,15,1,0
1m3fzf3,16,1,0
1m3fzf3,17,0,0
1m3fzf3,18,1,0
1m3fzf3,19,1,0
1m3fzf3,20,1,0
1m3fzf3,21,0,0
1m3fzf3,22,0,0
1m3fzf3,23,0,0
1m3fzf3,24,1,0
1m3fzf3,25,1,0
1m3fzf3,26,1,0
1m3fzf3,27,-1,0
1m3fzf3,28,0,0
1m3fzf3,29,1,0
1m3fzf3,30,1,0
1m3fzf3,31,0,0
1m3fzf3,32,1,0
1m3fzf3,33,1,0
1m47qwf,0,1,0
1m47qwf,1,0,0
1m47qwf,2,0,0
1m47qwf,3,0,0
1m47qwf,4,0,0
1m47qwf,5,0,0
1m47qwf,6,0,0
1m47qwf,7,0,0
1m47qwf,8,0,0
1m47qwf,9,0,0
1m47qwf,10,0,0
1m47qwf,11,0,0
1m47qwf,12,0,0
1m47qwf,13,1,0
1m47qwf,14,0,0
1m47qwf,15,1,0
1m47qwf,16,1,0
1m47qwf,17,0,0
1m47qwf,18,0,0
1m47qwf,19,0,0
1m47qwf,20,0,0
1m47qwf,21,1,0
1m47qwf,22,0,0
1m47qwf,23,0,0
1m47qwf,24,0,0
1m47qwf,25,1,0
1m47qwf,26,-1,0
1m47qwf,27,0,0
1m47qwf,28,1,0
1m47qwf,29,0,0
1m47qwf,30,1,0
1m4qp3n,0,1,0
1m4qp3n,1,1,0
1m4qp3n,2,0,0
1m4qp3n,3,0,0
1m4qp3n,4,0,0
1m4qp3n,5,0,0
1m4qp3n,6,0,0
1m4qp3n,7,1,0
1m4qp3n,8,1,0
1m4qp3n,9,0,0
1m4qp3n,10,1,0
1m4qp3n,11,1,0
1m4qp3n,12,-1,0
1m4qp3n,13,0,0
1m4qp3n,14,1,0
1m4qp3n,15,0,0
1m4qp3n,16,1,0
1m4qp3n,17,-1,0
1m4qp3n,18,1,0
1m4qp3n,19,0,0
1m4qp3n,20,-1,0
1m4qp3n,21,0,0
1m4qp3n,22,-1,0
1m4qp3n,23,1,0
1m4qp3n,24,0,0
1m4qp3n,25,1,0
1m4qp3n,26,1,0
1m4qp3n,27,1,0
1m4qp3n,28,1,0
1m4qp3n,29,1,0
1m4qp3n,30,1,0
1m4qp3n,31,0,0
1m4qp3n,32,0,0
1m4qp3n,33,1,0
1m4qp3n,34,0,0
1m4qp3n,35,0,0
1m4qp3n,36,-1,0
1m4qp3n,37,0,0
1m4qp3n,38,-1,0
1m4qp3n,39,1,0
1m4qp3n,40,0,0
1m4qp3n,41,0,0
1m4qp3n,42,0,0
1m4qp3n,43,0,0
1m4qp3n,44,1,0
1m4qp3n,45,1,0
1m4qp3n,46,1,0
1m4qp3n,47,-1,0
1m4qp3n,48,0,0
1m4qp3n,49,0,0
1m4qp3n,50,-1,0
1m4qp3n,51,-1,0
1m4qp3n,52,-1,0
1m4qp3n,53,-1,0
1m4qp3n,54,0,0
1m4qp3n,55,0,0
1m4qp3n,56,-1,0
1m4qp3n,57,0,0
1m4qp3n,58,0,0
1m4qp3n,59,0,0
1m4qp3n,60,0,0
1m4qp3n,61,0,0
1m5ca3o,0,0,0
1m5ca3o,1,0,0
1m5ca3o,2,-1,0
1m5ca3o,3,0,0
1m5ca3o,4,0,0
1m5ca3o,5,0,0
1m5ca3o,6,0,0
1m5ca3o,7,0,0
1m5ca3o,8,0,0
1m5ca3o,9,0,0
1m5ca3o,10,0,0
1m5ca3o,11,0,0
1m5ca3o,12,0,0
1m5ca3o,13,0,0
1m5ca3o,14,0,0
1m5ca3o,15,0,0
1m5ca3o,16,0,0
1m5ca3o,17,0,0
1m5ca3o,18,-1,0
1m5ca3o,19,0,0
1m5ca3o,20,0,0
1m5ca3o,21,0,0
1m5ca3o,22,0,0
1m5ca3o,23,-1,0
1m5ca3o,24,-1,0
1m5ca3o,25,0,0
1m5ca3o,26,0,0
1m5ca3o,27,0,0
1m5ca3o,28,0,0
1m5ca3o,29,0,0
1m5ca3o,30,1,0
1m5ca3o,31,1,0
1m5ca3o,32,1,0
1m5ca3o,33,1,0
1m5ca3o,34,0,0
1m5ca3o,35,0,0
1m5ca3o,36,0,0
1m5ca3o,37,0,0
1m5ca3o,38,0,0
1m5ca3o,39,-1,0
1m5ca3o,40,-1,0
1m5ca3o,41,-1,0
1m5ca3o,42,0,0
1m5ca3o,43,0,0
1m5ca3o,44,0,0
1m5ca3o,45,0,0
1m5ca3o,46,0,0
1m5ca3o,47,0,0
1m5ca3o,48,1,0
1m5ca3o,49,1,0
1m5ca3o,50,1,0
1m5ca3o,51,0,0
1m5ca3o,52,1,0
1m5ca3o,53,1,0
1m5ca3o,54,-1,0
1m5ca3o,55,-1,0
1m5ca3o,56,-1,0
1m5ca3o,57,0,0
1m5ca3o,58,0,0
1m5ca3o,59,0,0
1m5ca3o,60,0,0
1m5ca3o,61,0,0
1m5ca3o,62,0,0
1m5ca3o,63,0,0
1m5ca3o,64,0,0
1m5ca3o,65,0,0
1m5ca3o,66,0,0
1m5ca3o,67,0,0
1m5ca3o,68,0,0
1m5ca3o,69,0,0
1m5ca3o,70,1,0
1m5ca3o,71,1,0
1m5ca3o,72,0,0
1m5ca3o,73,0,0
1m5ca3o,74,0,0
1m5ca3o,75,0,0
1m5ca3o,76,0,0
1m5ca3o,77,0,0
1m5ca3o,78,0,0
1m5ca3o,79,0,0
1m5ca3o,80,0,0
1m5ca3o,81,0,0
1m5ca3o,82,1,0
1m5ca3o,83,1,0
1m5ca3o,84,1,0
1m5ca3o,85,0,0
1m5ca3o,86,0,0
1m5ca3o,87,0,0
1m5ca3o,88,0,0
1m5ca3o,89,0,0
1m5ca3o,90,0,0
1m5ca3o,91,1,0
1m5ca3o,92,1,0
1m5ca3o,93,0,0
1m5ca3o,94,1,0
1m5ca3o,95,1,0
1m5ca3o,96,1,0
1m5ca3o,97,0,0
1m5ca3o,98,0,0
1m5ca3o,99,0,0
1m5ca3o,100,0,0
1m5ca3o,101,0,0
1m5ca3o,102,0,0
1m5ca3o,103,1,0
1m5ca3o,104,0,0
1m7wtd5,0,-1,0
1m7wtd5,1,0,0
1m7wtd5,2,0,0
1m7wtd5,3,0,0
1m7wtd5,4,0,0
1m7wtd5,5,1,0
1m7wtd5,6,1,0
1m7wtd5,7,0,0
1m7wtd5,8,1,0
1m7wtd5,9,1,0
1m7wtd5,10,1,0
1m7wtd5,11,1,0
1m7wtd5,12,-1,0
1m7wtd5,13,1,0
1mbpps5,0,-1,1
1mbpps5,1,1,1
1mbpps5,2,-1,1
1mbpps5,3,1,1
1mbpps5,4,-1,1
1mbpps5,5,-1,1
1mbpps5,6,0,1
1mbpps5,7,-1,1
1mbpps5,8,0,1
1mbpps5,9,0,1
1mbpps5,10,1,1
1mbpps5,11,1,1
1mbpps5,12,-1,1
1mbpps5,13,0,1
1mbpps5,14,1,1
1mbpps5,15,1,1
1mcia6r,0,0,0
1mcia6r,1,0,0
1mcia6r,2,0,0
1mcia6r,3,0,0
1mcia6r,4,0,0
1mcia6r,5,0,0
1mcia6r,6,0,0
1mdojer,0,1,0
1mdojer,1,1,0
1mdojer,2,0,0
1mdojer,3,0,0
1mdojer,4,-1,0
1mdojer,5,1,0
1mdojer,6,0,0
1mdojer,7,0,0
1mdojer,8,0,0
1mdojer,9,-1,0
1mdojer,10,0,0
1mdojer,11,-1,0
1mdojer,12,-1,0
1mdojer,13,0,0
1mdojer,14,-1,0
1mdojer,15,0,0
1mdojer,16,0,0
1mdojer,17,0,0
1mdojer,18,0,0
1mdojer,19,0,0
1mdojer,20,0,0
1mdojer,21,0,0
1mdojer,22,0,0
1mdojer,23,1,0
1mdojer,24,0,0
1mdojer,25,0,0
1mdojer,26,0,0
1mdojer,27,0,0
1mdojer,28,0,0
1mdojer,29,0,0
1mdojer,30,0,0
1mdojer,31,0,0
1mdojer,32,1,0
1mdojer,33,0,0
1mdojer,34,0,0
1mdojer,35,1,0
1mdojer,36,0,0
1mdojer,37,0,0
1mdojer,38,-1,0
1mdojer,39,-1,0
1mdojer,40,-1,0
1mdojer,41,0,0
1mdojer,42,-1,0
1mdojer,43,0,0
1mdojer,44,-1,0
1mdojer,45,0,0
1mdojer,46,-1,0
1mdojer,47,-1,0
1mdojer,48,0,0
1mdojer,49,0,0
1mdojer,50,1,0
1mdojer,51,0,0
1mdojer,52,0,0
1mdojer,53,1,0
1mdojer,54,1,0
1mdojer,55,0,0
1mdojer,56,0,0
1mdojer,57,0,0
1mdojer,58,1,0
1mdojer,59,0,0
1mdojer,60,0,0
1mdojer,61,0,0
1mdojer,62,0,0
1mdojer,63,-1,0
1mdojer,64,0,0
1mdojer,65,1,0
1mdojer,66,0,0
1mdojer,67,-1,0
1mdojer,68,0,0
1mdojer,69,0,0
1mdojer,70,-1,0
1mdojer,71,0,0
1mdojer,72,0,0
1mdojer,73,0,0
1mdojer,74,1,0
1mdojer,75,1,0
1mdojer,76,0,0
1mdojer,77,0,0
1mdojer,78,0,0
1mdojer,79,0,0
1mdojer,80,0,0
1mdojer,81,0,0
1mdojer,82,0,0
1mdojer,83,0,0
1mdojer,84,0,0
1mdojer,85,-1,0
1mdojer,86,-1,0
1mdojer,87,0,0
1mdojer,88,0,0
1mdojer,89,0,0
1mdojer,90,0,0
1mdojer,91,0,0
1mdojer,92,0,0
1mdojer,93,0,0
1mdojer,94,0,0
1mdojer,95,0,0
1mdojer,96,1,0
1mdojer,97,-1,0
1mdojer,98,0,0
1mdojer,99,0,0
1mdojer,100,0,0
1mdojer,101,0,0
1mdojer,102,1,0
1mdojer,103,0,0
1mdojer,104,0,0
1mdojer,105,0,0
1mdojer,106,0,0
1mdojer,107,0,0
1mdojer,108,0,0
1mdojer,109,0,0
1mdojer,110,0,0
1mdojer,111,0,0
1mdojer,112,0,0
1mdojer,113,0,0
1mdojer,114,0,0
1mdojer,115,-1,0
1mdojer,116,0,0
1mdojer,117,0,0
1mdojer,118,0,0
1mdojer,119,0,0
1mdojer,120,0,0
1mdojer,121,0,0
1mdojer,122,0,0
1mdojer,123,0,0
1mdojer,124,0,0
1mdojer,125,0,0
1mdojer,126,-1,0
1mdojer,127,0,0
1mdojer,128,0,0
1mdojer,129,0,0
1mdojer,130,0,0
1mdojer,131,0,0
1mdojer,132,0,0
1mdojer,133,0,0
1mdojer,134,0,0
1mdojer,135,0,0
1mdojer,136,0,0
1mdojer,137,0,0
1mdojer,138,0,0
1mdojer,139,0,0
1mdojer,140,0,0
1mdojer,141,0,0
1mdojer,142,0,0
1mdojer,143,0,0
1mdojer,144,0,0
1mdojer,145,0,0
1mdojer,146,0,0
1mdojer,147,0,0
1mdojer,148,0,0
1mdojer,149,0,0
1mdojer,150,0,0
1mdojer,151,0,0
1mdojer,152,0,0
1mdojer,153,0,0
1mdojer,154,0,0
1mdojer,155,0,0
1mdojer,156,0,0
1mdojer,157,0,0
1mdojer,158,0,0
1mdojer,159,0,0
1mdojer,160,0,0
1mdojer,161,0,0
1mdojer,162,0,0
1mdojer,163,0,0
1mdojer,164,0,0
1mdojer,165,0,0
1mdojer,166,0,0
1mdojer,167,0,0
1mdojer,168,0,0
1mdojer,169,0,0
1mdojer,170,0,0
1mdojer,171,0,0
1mdojer,172,0,0
1mdojer,173,0,0
1mdojer,174,0,0
1mdojer,175,0,0
1mdojer,176,0,0
1mdojer,177,0,0
1mdojer,178,0,0
1mdojer,179,0,0
1mdojer,180,0,0
1mdojer,181,0,0
1mdojer,182,0,0
1mdojer,183,0,0
1mdojer,184,0,0
1mdojer,185,0,0
1mdojer,186,0,0
1mdojer,187,0,0
1mdojer,188,0,0
1mdojer,189,0,0
1mdojer,190,0,0
1mdojer,191,0,0
1mdojer,192,0,0
1mdojer,193,0,0
1mdojer,194,0,0
1mdojer,195,0,0
1meqgol,0,0,0
1meqgol,1,1,0
1meqgol,2,0,0
1meqgol,3,1,0
1meqgol,4,1,0
1meqgol,5,1,0
1meqgol,6,1,0
1meqgol,7,1,0
1meqgol,8,1,0
1meqgol,9,0,0
1meqgol,10,0,0
1meqgol,11,0,0
1meqgol,12,1,0
1meqgol,13,1,0
1meqgol,14,1,0
1meqgol,15,1,0
1meqgol,16,0,0
1meqgol,17,1,0
1meqgol,18,1,0
1meqgol,19,0,0
1meqgol,20,1,0
1meqgol,21,1,0
1meqgol,22,1,0
1meqgol,23,-1,0
1meqgol,24,1,0
1meqgol,25,1,0
1meqgol,26,0,0
1meqgol,27,0,0
1meqgol,28,1,0
1meqgol,29,1,0
1meqgol,30,1,0
1meqgol,31,-1,0
1meqgol,32,1,0
1meqgol,33,1,0
1meqgol,34,0,0
1meqgol,35,1,0
1meqgol,36,0,0
1meqgol,37,0,0
1meqgol,38,1,0
1meqgol,39,1,0
1meqgol,40,1,0
1meqgol,41,0,0
1meqgol,42,0,0
1meqgol,43,1,0
1meqgol,44,1,0
1meqgol,45,-1,0
1mex97k,0,0,0
1mex97k,1,0,0
1mex97k,2,0,0
1mex97k,3,0,0
1mex97k,4,0,0
1mex97k,5,0,0
1mex97k,6,0,0
1mex97k,7,-1,0
1mex97k,8,0,0
1mex97k,9,-1,0
1mex97k,10,0,0
1mex97k,11,-1,0
1mex97k,12,0,0
1mex97k,13,0,0
1mex97k,14,0,0
1mex97k,15,0,0
1mex97k,16,0,0
1mex97k,17,0,0
1mex97k,18,1,0
1mex97k,19,0,0
1mex97k,20,-1,0
1mex97k,21,0,0
1mex97k,22,0,0
1mex97k,23,-1,0
1mex97k,24,0,0
1mex97k,25,-1,0
1mex97k,26,0,0
1mex97k,27,1,0
1mex97k,28,1,0
1mex97k,29,0,0
1mex97k,30,1,0
1mex97k,31,1,0
1mex97k,32,1,0
1mgftru,0,-1,0
1mgftru,1,1,0
1mgftru,2,-1,0
1mgftru,3,1,0
1mgftru,4,-1,0
1mgftru,5,1,0
1mgftru,6,0,0
1mgftru,7,0,0
1mgftru,8,0,0
1mgftru,9,0,0
1mgftru,10,1,0
1mgftru,11,-1,0
1mgftru,12,1,0
1mgftru,13,-1,0
1mgftru,14,1,0
1mgftru,15,-1,0
1mgftru,16,0,0
1mgftru,17,-1,0
1mgftru,18,1,0
1mgftru,19,0,0
1mgftru,20,-1,0
1mgftru,21,0,0
1mgftru,22,0,0
1mgftru,23,0,0
1mgftru,24,-1,0
1mgftru,25,-1,0
1mgftru,26,0,0
1mgftru,27,-1,0
1mgftru,28,1,0
1mgftru,29,1,0
1mgftru,30,1,0
1mgftru,31,0,0
1mgftru,32,0,0
1mgftru,33,0,0
1mgftru,34,0,0
1mgftru,35,0,0
1mgftru,36,0,0
1mgftru,37,0,0
1mgftru,38,0,0
1mgftru,39,0,0
1mgftru,40,1,0
1mgftru,41,0,0
1mgftru,42,0,0
1mgftru,43,0,0
1mgftru,44,0,0
1mgftru,45,1,0
1mgftru,46,1,0
1mgptxn,0,1,0
1mgptxn,1,-1,0
1mgptxn,2,0,0
1mgptxn,3,0,0
1mgptxn,4,0,0
1mgptxn,5,-1,0
1mgptxn,6,0,0
1mgptxn,7,-1,0
1mgptxn,8,1,0
1mgptxn,9,0,0
1mgptxn,10,-1,0
1mgptxn,11,-1,0
1mgptxn,12,0,0
1mgptxn,13,1,0
1mgptxn,14,-1,0
1mgptxn,15,1,0
1mgptxn,16,1,0
1mgptxn,17,-1,0
1mgptxn,18,1,0
1mgptxn,19,1,0
1mgptxn,20,1,0
1mgptxn,21,1,0
1mgptxn,22,1,0
1mgptxn,23,1,0
1mgptxn,24,1,0
1mgptxn,25,0,0
1mgptxn,26,1,0
1mgptxn,27,-1,0
1mgptxn,28,1,0
1mgptxn,29,-1,0
1mgptxn,30,-1,0
1mgptxn,31,-1,0
1mgptxn,32,1,0
1mgptxn,33,1,0
1mgptxn,34,1,0
1mgptxn,35,1,0
1mgptxn,36,1,0
1mgptxn,37,0,0
1mgptxn,38,1,0
1mgptxn,39,1,0
1mgptxn,40,1,0
1mgptxn,41,-1,0
1mgptxn,42,1,0
1mgptxn,43,1,0
1mgptxn,44,1,0
1mgptxn,45,0,0
1mgptxn,46,0,0
1mgptxn,47,1,0
1mgptxn,48,0,0
1mgptxn,49,-1,0
1mgptxn,50,0,0
1mgptxn,51,0,0
1mgptxn,52,0,0
1mgptxn,53,0,0
1mgptxn,54,0,0
1mgptxn,55,0,0
1mgptxn,56,0,0
1mgptxn,57,0,0
1mgptxn,58,0,0
1mgptxn,59,0,0
1mgptxn,60,1,0
1mgptxn,61,-1,0
1mgptxn,62,1,0
1mgptxn,63,1,0
1mgptxn,64,1,0
1mgptxn,65,-1,0
1mgptxn,66,1,0
1mgptxn,67,1,0
1mgptxn,68,1,0
1mgptxn,69,1,0
1mgptxn,70,1,0
1mgptxn,71,-1,0
1mgptxn,72,-1,0
1mgptxn,73,1,0
1mgptxn,74,0,0
1mgptxn,75,0,0
1mgptxn,76,1,0
1mgptxn,77,1,0
1mgptxn,78,1,0
1mgptxn,79,1,0
1mgptxn,80,-1,0
1mgptxn,81,-1,0
1mgptxn,82,1,0
1mgptxn,83,1,0
1mgptxn,84,0,0
1mgptxn,85,0,0
1mgptxn,86,1,0
1mgptxn,87,1,0
1mgptxn,88,0,0
1mgptxn,89,1,0
1mgptxn,90,1,0
1mgptxn,91,1,0
1mgptxn,92,1,0
1mgptxn,93,0,0
1mgptxn,94,0,0
1mgptxn,95,0,0
1mgptxn,96,1,0
1mgptxn,97,1,0
1mgptxn,98,0,0
1mgptxn,99,-1,0
1mgptxn,100,1,0
1mgptxn,101,1,0
1mgptxn,102,0,0
1mgptxn,103,0,0
1mgptxn,104,0,0
1mgptxn,105,0,0
1mgptxn,106,0,0
1mgptxn,107,0,0
1mgptxn,108,1,0
1mgptxn,109,0,0
1mgptxn,110,0,0
1mgptxn,111,1,0
1mgptxn,112,1,0
1mgptxn,113,-1,0
1mgptxn,114,1,0
1mgptxn,115,-1,0
1mgptxn,116,1,0
1mgptxn,117,0,0
1mgptxn,118,0,0
1mgptxn,119,-1,0
1mgptxn,120,1,0
1mgptxn,121,0,0
1mgptxn,122,0,0
1mgptxn,123,1,0
1mgptxn,124,0,0
1mgptxn,125,0,0
1mgptxn,126,-1,0
1mgptxn,127,0,0
1mgptxn,128,0,0
1mgptxn,129,0,0
1mgptxn,130,0,0
1mgptxn,131,0,0
1mgptxn,132,0,0
1mgptxn,133,0,0
1mgptxn,134,0,0
1mgptxn,135,0,0
1mgptxn,136,0,0
1mgptxn,137,0,0
1mgptxn,138,0,0
1mgptxn,139,0,0
1mgptxn,140,0,0
1mgptxn,141,0,0
1mgptxn,142,0,0
1mgptxn,143,0,0
1mgptxn,144,0,0
1mgptxn,145,0,0
1mgptxn,146,0,0
1mgptxn,147,0,0
1mgptxn,148,0,0
1mgptxn,149,0,0
1mgptxn,150,0,0
1mgptxn,151,0,0
1mgptxn,152,0,0
1mgptxn,153,0,0
1mgptxn,154,0,0
1mgptxn,155,0,0
1mgptxn,156,0,0
1mgptxn,157,0,0
1mgptxn,158,0,0
1mgptxn,159,0,0
1mgptxn,160,0,0
1mgptxn,161,0,0
1mgptxn,162,0,0
1mgptxn,163,0,0
1mhj4ha,0,0,0
1mhj4ha,1,0,0
1mhj4ha,2,0,0
1mhj4ha,3,1,0
1mhj4ha,4,1,0
1mi6wif,0,0,0
1mi6wif,1,0,0
1mi6wif,2,0,0
1mi6wif,3,0,0
1mi6wif,4,0,0
1mi6wif,5,0,0
1mi6wif,6,0,0
1mi6wif,7,0,0
1mi6wif,8,0,0
1mi6wif,9,0,0
1mi6wif,10,0,0
1mi6wif,11,0,0
1mi6wif,12,0,0
1mi6wif,13,0,0
1mi6wif,14,0,0
1mi6wif,15,0,0
1mi6wif,16,0,0
1mi6wif,17,1,0
1mi6wif,18,0,0
1mi6wif,19,0,0
1mi6wif,20,0,0
1mi6wif,21,0,0
1mi6wif,22,0,0
1mi6wif,23,0,0
1mi6wif,24,0,0
1mi6wif,25,0,0
1mi6wif,26,0,0
1mi6wif,27,0,0
1mi6wif,28,0,0
1mi6wif,29,0,0
1mi6wif,30,0,0
1mi6wif,31,0,0
1mi6wif,32,0,0
1mi6wif,33,0,0
1mi6wif,34,0,0
1mi6wif,35,0,0
1mi6wif,36,0,0
1mi6wif,37,0,0
1mi6wif,38,0,0
1mi6wif,39,0,0
1mi6wif,40,0,0
1mi6wif,41,1,0
1mi6wif,42,0,0
1mi6wif,43,0,0
1mi6wif,44,0,0
1mi6wif,45,0,0
1mi6wif,46,0,0
1mi6wif,47,0,0
1mi6wif,48,0,0
1mi6wif,49,0,0
1mi6wif,50,0,0
1mi6wif,51,0,0
1mi6wif,52,0,0
1mi6wif,53,0,0
1mi6wif,54,0,0
1mi6wif,55,1,0
1mi6wif,56,0,0
1mi6wif,57,0,0
1mi6wif,58,0,0
1mlylmf,0,1,0
1mlylmf,1,-1,0
1mlylmf,2,0,0
1mlylmf,3,0,0
1mlylmf,4,0,0
1mlylmf,5,-1,0
1mlylmf,6,-1,0
1mlylmf,7,1,0
1mlylmf,8,-1,0
1mlylmf,9,-1,0
1mlylmf,10,-1,0
1mlylmf,11,1,0
1mlylmf,12,-1,0
1mlylmf,13,1,0
1mlylmf,14,-1,0
1mlylmf,15,1,0
1mlylmf,16,-1,0
1mnrxft,0,1,1
1mnrxft,1,-1,1
1mnrxft,2,1,1
1mnrxft,3,1,1
1mnrxft,4,-1,1
1mnrxft,5,-1,1
1mnrxft,6,0,1
1mnrxft,7,-1,1
1mnrxft,8,0,1
1mnrxft,9,0,1
1mnrxft,10,-1,1
1mnrxft,11,0,1
1mnrxft,12,0,1
1mnrxft,13,0,1
1mnrxft,14,0,1
1mnrxft,15,1,1
1mnrxft,16,1,1
1mnrxft,17,1,1
1mnrxft,18,1,1
1mnrxft,19,1,1
1mnrxft,20,0,1
1mnrxft,21,0,1
1mnrxft,22,1,1
1mnrxft,23,0,1
1mnrxft,24,-1,1
1mnrxft,25,0,1
1mnrxft,26,0,1
1mnrxft,27,0,1
1mnrxft,28,0,1
1mnrxft,29,0,1
1mnrxft,30,0,1
1mnrxft,31,0,1
1mnrxft,32,0,1
1mnrxft,33,0,1
1mnrxft,34,0,1
1mnrxft,35,0,1
1mnrxft,36,0,1
1mpsi3f,0,0,1
1mpsi3f,1,1,1
1mpsi3f,2,1,1
1mpsi3f,3,1,1
1mpsi3f,4,0,1
1mpsi3f,5,1,1
1mpsi3f,6,-1,1
1mpsi3f,7,1,1
1mpsi3f,8,0,1
1mpsi3f,9,1,1
1mpsi3f,10,0,1
1mpsi3f,11,1,1
1mpsi3f,12,0,1
1mpsi3f,13,1,1
1mpsi3f,14,0,1
1mpsi3f,15,-1,1
1mpsi3f,16,0,1
1mpsi3f,17,1,1
1mpsi3f,18,1,1
1mpsi3f,19,1,1
1mpsi3f,20,1,1
1mpsi3f,21,1,1
1mpsi3f,22,0,1
1mpsi3f,23,1,1
1mpsi3f,24,1,1
1mpsi3f,25,1,1
1mpsi3f,26,1,1
1mpsi3f,27,1,1
1mpsi3f,28,1,1
1mpsi3f,29,1,1
1mpsi3f,30,1,1
1mpsi3f,31,1,1
1mpsi3f,32,1,1
1mpsi3f,33,0,1
1mpsi3f,34,0,1
1mpsi3f,35,1,1
1mpsi3f,36,1,1
1mpsi3f,37,1,1
1mpsi3f,38,1,1
1mpsi3f,39,0,1
1mpsi3f,40,0,1
1mpsi3f,41,-1,1
1mpsi3f,42,1,1
1mpsi3f,43,0,1
1mpsi3f,44,1,1
1mpsi3f,45,0,1
1mpsi3f,46,0,1
1mpsi3f,47,1,1
1mpsi3f,48,0,1
1mpsi3f,49,0,1
1mpsi3f,50,0,1
1mpsi3f,51,0,1
1mpsi3f,52,1,1
1mpsi3f,53,1,1
1mpsi3f,54,0,1
1mpsi3f,55,0,1
1mpsi3f,56,1,1
1mpsi3f,57,1,1
1mpsi3f,58,1,1
1mpsi3f,59,1,1
1mpw2p7,0,1,0
1mpw2p7,1,1,0
1mpw2p7,2,1,0
1mpw2p7,3,1,0
1mpw2p7,4,1,0
1mpw2p7,5,-1,0
1mpw2p7,6,1,0
1mpw2p7,7,1,0
1mpw2p7,8,0,0
1mpw2p7,9,1,0
1mpw2p7,10,0,0
1mpw2p7,11,1,0
1mpw2p7,12,-1,0
1mpw2p7,13,-1,0
1mpw2p7,14,-1,0
1mpw2p7,15,-1,0
1mpw2p7,16,0,0
1mpw2p7,17,0,0
1mpw2p7,18,1,0
1mpw2p7,19,1,0
1mpw2p7,20,1,0
1mpw2p7,21,0,0
1mpw2p7,22,0,0
1mpw2p7,23,0,0
1mpw2p7,24,0,0
1mpw2p7,25,1,0
1mpw2p7,26,0,0
1mpw2p7,27,1,0
1mtxend,0,-1,0
1mtxend,1,1,0
1mtxend,2,1,0
1mtxend,3,-1,0
1mtxend,4,0,0
1mtxend,5,0,0
1mtxend,6,0,0
1mtxend,7,0,0
1mtxend,8,0,0
1mtxend,9,-1,0
1mtxend,10,0,0
1mtxend,11,0,0
1mtxend,12,1,0
1mtxend,13,0,0
1mtxend,14,0,0
1mtxend,15,1,0
1mtxend,16,0,0
1mtxend,17,-1,0
1mtxend,18,0,0
1mtxend,19,-1,0
1mtxend,20,1,0
1mtxend,21,0,0
1mtxend,22,0,0
1mtxend,23,0,0
1mtxend,24,-1,0
1mtxend,25,1,0
1mtxend,26,1,0
1mtxend,27,1,0
1mtxend,28,-1,0
1mtxend,29,-1,0
1mtxend,30,-1,0
1mtxend,31,0,0
1mtxend,32,0,0
1mtxend,33,0,0
1mtxend,34,0,0
1mtxend,35,0,0
1mtxend,36,0,0
1mtxend,37,0,0
1mtxend,38,0,0
1mtxend,39,0,0
1mtxend,40,0,0
1mtxend,41,0,0
1mtxend,42,0,0
1mtxend,43,0,0
1mtxend,44,0,0
1mtxend,45,0,0
1mtxend,46,0,0
1mtxend,47,-1,0
1mtxend,48,0,0
1mtxend,49,0,0
1mtxend,50,-1,0
1mtxend,51,-1,0
1mtxend,52,0,0
1mtxend,53,-1,0
1mw5t82,0,0,0
1mw5t82,1,1,0
1mw5t82,2,1,0
1mw5t82,3,-1,0
1mw5t82,4,0,0
1mw5t82,5,0,0
1mw5t82,6,0,0
1mw5t82,7,-1,0
1mw5t82,8,-1,0
1mw5t82,9,0,0
1mw5t82,10,0,0
1mw5t82,11,0,0
1mw5t82,12,1,0
1mw5t82,13,1,0
1mw5t82,14,0,0
1mw5t82,15,1,0
1mw5t82,16,0,0
1mw5t82,17,1,0
1mw5t82,18,0,0
1mw5t82,19,0,0
1mw5t82,20,0,0
1mw5t82,21,1,0
1mw5t82,22,0,0
1mw5t82,23,1,0
1mw5t82,24,1,0
1mw5t82,25,1,0
1mw5t82,26,0,0
1mw5t82,27,1,0
1mw5t82,28,1,0
1mw5t82,29,0,0
1mw5t82,30,1,0
1mw5t82,31,0,0
1mw5t82,32,0,0
1mw5t82,33,1,0
1mw5t82,34,0,0
1mw5t82,35,1,0
1mw5t82,36,0,0
1mw5t82,37,0,0
1mw5t82,38,0,0
1mw5t82,39,0,0
1mw5t82,40,0,0
1mw5t82,41,0,0
1mw5t82,42,0,0
1mw5t82,43,0,0
1mw5t82,44,0,0
1mw5t82,45,0,0
1mw5t82,46,0,0
1mw5t82,47,0,0
1mw5t82,48,-1,0
1mw5t82,49,1,0
1mw5t82,50,0,0
1mw5t82,51,0,0
1mw5t82,52,0,0
1mw5t82,53,0,0
1mw5t82,54,1,0
1mw5t82,55,1,0
1mw5t82,56,1,0
1mw5t82,57,-1,0
1mw5t82,58,0,0
1mw5t82,59,-1,0
1mw5t82,60,0,0
1mw5t82,61,0,0
1mw5t82,62,0,0
1mw5t82,63,0,0
1mw5t82,64,0,0
1mw5t82,65,0,0
1mw5t82,66,0,0
1mw5t82,67,0,0
1mw5t82,68,1,0
1mw5t82,69,-1,0
1mw5t82,70,-1,0
1mw5t82,71,0,0
1mw5t82,72,-1,0
1mw5t82,73,0,0
1mw5t82,74,0,0
1mw5t82,75,-1,0
1mw5t82,76,0,0
1mw5t82,77,0,0
1mw5t82,78,0,0
1mw5t82,79,0,0
1mw5t82,80,0,0
1mw5t82,81,-1,0
1mw5t82,82,1,0
1mw5t82,83,0,0
1mw5t82,84,0,0
1mw5t82,85,1,0
1mw5t82,86,0,0
1mw5t82,87,0,0
1mw5t82,88,0,0
1mw5t82,89,0,0
1mw5t82,90,0,0
1mw5t82,91,0,0
1mw5t82,92,0,0
1mw5t82,93,0,0
1mw5t82,94,0,0
1mw5t82,95,0,0
1mw5t82,96,0,0
1mw5t82,97,0,0
1mw5t82,98,0,0
1mw5t82,99,0,0
1mw5t82,100,0,0
1mw5t82,101,1,0
1mw5t82,102,0,0
1mw5t82,103,0,0
1mw5t82,104,0,0
1mw5t82,105,-1,0
1mw5t82,106,-1,0
1mw5t82,107,0,0
1mw5t82,108,0,0
1mw5t82,109,0,0
1mw5t82,110,0,0
1mw5t82,111,0,0
1mw5t82,112,0,0
1mw5t82,113,0,0
1mydwaw,0,-1,1
1mydwaw,1,0,1
1mydwaw,2,0,1
1mydwaw,3,0,1
1mydwaw,4,0,1
1mydwaw,5,1,1
1mydwaw,6,1,1
1mydwaw,7,1,1
1mydwaw,8,1,1
1mydwaw,9,1,1
1mydwaw,10,1,1
1mydwaw,11,1,1
1mydwaw,12,1,1
1mydwaw,13,1,1
1mydwaw,14,1,1
1mydwaw,15,1,1
1mydwaw,16,1,1
1mydwaw,17,1,1
1mydwaw,18,1,1
1mydwaw,19,1,1
1mydwaw,20,1,1
1n04xhq,0,0,0
1n04xhq,1,0,0
1n04xhq,2,0,0
1n04xhq,3,0,0
1n04xhq,4,0,0
1n0larr,0,0,0
1n0larr,1,0,0
1n0larr,2,0,0
1n0larr,3,0,0
1n0larr,4,0,0
1n0larr,5,-1,0
1n0larr,6,-1,0
1n0larr,7,-1,0
1n0larr,8,0,0
1n0larr,9,0,0
1n0larr,10,0,0
1n0larr,11,0,0
1n0larr,12,1,0
1n0larr,13,-1,0
1n0larr,14,1,0
1n0larr,15,-1,0
1n0larr,16,-1,0
1n0larr,17,0,0
1n0larr,18,0,0
1n0larr,19,0,0
1n0larr,20,1,0
1n0larr,21,0,0
1n0larr,22,0,0
1n0larr,23,1,0
1n0larr,24,1,0
1n0larr,25,0,0
1n0larr,26,0,0
1n0larr,27,0,0
1n0larr,28,-1,0
1n0larr,29,-1,0
1n0larr,30,0,0
1n0larr,31,-1,0
1n0larr,32,0,0
1n0larr,33,-1,0
1n0larr,34,0,0
1n0larr,35,0,0
1n0larr,36,-1,0
1n0larr,37,-1,0
1n0larr,38,-1,0
1n0larr,39,0,0
1n0larr,40,0,0
1n0larr,41,0,0
1n0larr,42,0,0
1n0larr,43,0,0
1n0larr,44,0,0
1n0larr,45,1,0
1n0larr,46,0,0
1n0larr,47,0,0
1n0larr,48,0,0
1n0larr,49,-1,0
1n0larr,50,0,0
1n0larr,51,0,0
1n0larr,52,0,0
1n0larr,53,0,0
1n0larr,54,0,0
1n0larr,55,0,0
1n0larr,56,0,0
1n0larr,57,0,0
1n0larr,58,0,0
1n0larr,59,0,0
1n0larr,60,0,0
1n0larr,61,0,0
1n0larr,62,0,0
1n0larr,63,0,0
1n0larr,64,0,0
1n0larr,65,0,0
1n0larr,66,0,0
1n0larr,67,0,0
1n0larr,68,0,0
1n0larr,69,0,0
1n0larr,70,1,0
1n0larr,71,1,0
1n0larr,72,-1,0
1n0larr,73,0,0
1n0larr,74,0,0
1n0larr,75,0,0
1n0larr,76,0,0
1n0larr,77,0,0
1n0larr,78,0,0
1n0larr,79,0,0
1n0larr,80,0,0
1n0larr,81,0,0
1n0larr,82,0,0
1n0larr,83,0,0
1n0larr,84,-1,0
1n0larr,85,0,0
1n0larr,86,0,0
1n0larr,87,0,0
1n0larr,88,0,0
1n0larr,89,0,0
1n0larr,90,-1,0
1n0larr,91,0,0
1n0larr,92,1,0
1n0larr,93,1,0
1n0larr,94,0,0
1n0larr,95,0,0
1n0larr,96,0,0
1n0larr,97,0,0
1n0larr,98,0,0
1n0larr,99,0,0
1n0larr,100,0,0
1n0larr,101,1,0
1n0larr,102,0,0
1n0larr,103,0,0
1n0larr,104,-1,0
1n0larr,105,-1,0
1n0larr,106,-1,0
1n0larr,107,0,0
1n0larr,108,0,0
1n0larr,109,-1,0
1n0larr,110,0,0
1n0larr,111,0,0
1n0larr,112,0,0
1n0larr,113,0,0
1n0larr,114,0,0
1n0larr,115,0,0
1n0larr,116,0,0
1n0larr,117,-1,0
1n0larr,118,1,0
1n0larr,119,-1,0
1n0larr,120,0,0
1n0larr,121,1,0
1n0qst3,0,1,0
1n0qst3,1,0,0
1n0qst3,2,1,0
1n0qst3,3,-1,0
1n0qst3,4,0,0
1n0qst3,5,-1,0
1n0qst3,6,1,0
1n0qst3,7,1,0
1n0qst3,8,0,0
1n0qst3,9,0,0
1n0qst3,10,1,0
1n0qst3,11,1,0
1n0qst3,12,1,0
1n0qst3,13,1,0
1n0qst3,14,0,0
1n0qst3,15,0,0
1n0qst3,16,0,0
1n0qst3,17,1,0
1n0qst3,18,1,0
1n0qst3,19,1,0
1n0qst3,20,1,0
1n0qst3,21,0,0
1n0qst3,22,0,0
1n0qst3,23,1,0
1n0qst3,24,1,0
1n0qst3,25,0,0
1n0qst3,26,1,0
1n0qst3,27,0,0
1n0qst3,28,0,0
1n0qst3,29,0,0
1n0qst3,30,0,0
1n0qst3,31,1,0
1n0qst3,32,1,0
1n0qst3,33,-1,0
1n0qst3,34,1,0
1n0qst3,35,0,0
1n0qst3,36,0,0
1n0qst3,37,0,0
1n0qst3,38,-1,0
1n0qst3,39,1,0
1n0qst3,40,-1,0
1n0qst3,41,0,0
1n0qst3,42,1,0
1n0qst3,43,1,0
1n0qst3,44,1,0
1n0qst3,45,0,0
1n0qst3,46,0,0
1n0qst3,47,0,0
1n0qst3,48,0,0
1n0qst3,49,0,0
1n0qst3,50,1,0
1n0qst3,51,1,0
1n0qst3,52,0,0
1n0qst3,53,0,0
1n0qst3,54,1,0
1n0qst3,55,0,0
1n0qst3,56,1,0
1n0qst3,57,-1,0
1n0qst3,58,0,0
1n0qst3,59,0,0
1n0qst3,60,1,0
1n0qst3,61,1,0
1n0qst3,62,1,0
1n0qst3,63,1,0
1n0qst3,64,0,0
1n0qst3,65,0,0
1n0qst3,66,1,0
1n0qst3,67,1,0
1n0qst3,68,1,0
1n0qst3,69,0,0
1n0qst3,70,0,0
1n0qst3,71,0,0
1n0qst3,72,0,0
1n0qst3,73,0,0
1n0qst3,74,-1,0
1n0qst3,75,-1,0
1n0qst3,76,1,0
1n0qst3,77,0,0
1n0qst3,78,0,0
1n0qst3,79,0,0
1n0qst3,80,0,0
1n0qst3,81,0,0
1n0qst3,82,0,0
1n0qst3,83,0,0
1n0qst3,84,1,0
1n0qst3,85,0,0
1n0qst3,86,0,0
1n0qst3,87,0,0
1n0qst3,88,1,0
1n0qst3,89,-1,0
1n0qst3,90,0,0
1n0qst3,91,0,0
1n0qst3,92,0,0
1n0qst3,93,0,0
1n0qst3,94,0,0
1n0qst3,95,1,0
1n0qst3,96,1,0
1n0qst3,97,1,0
1n0qst3,98,1,0
1n0qst3,99,1,0
1n0qst3,100,1,0
1n0qst3,101,1,0
1n0qst3,102,0,0
1n0qst3,103,0,0
1n0qst3,104,1,0
1n26a1e,0,1,0
1n26a1e,1,-1,0
1n26a1e,2,0,0
1n26a1e,3,0,0
1n26a1e,4,1,0
1n26a1e,5,1,0
1n26a1e,6,1,0
1n26a1e,7,1,0
1n26a1e,8,1,0
1n26a1e,9,-1,0
1n26a1e,10,1,0
1n26a1e,11,0,0
1n26a1e,12,1,0
1n26a1e,13,1,0
1n26a1e,14,0,0
1n26a1e,15,0,0
1n26a1e,16,0,0
1n26a1e,17,0,0
1n26a1e,18,0,0
1n26a1e,19,1,0
1n26a1e,20,0,0
1n26a1e,21,-1,0
1n26a1e,22,-1,0
1n26a1e,23,0,0
1n26a1e,24,1,0
1n26a1e,25,1,0
1n45ydw,0,0,0
1n45ydw,1,1,0
1n45ydw,2,1,0
1n45ydw,3,1,0
1n45ydw,4,0,0
1n45ydw,5,-1,0
1n45ydw,6,0,0
1n4n8pi,0,0,0
1n4n8pi,1,1,0
1n4n8pi,2,1,0
1n4n8pi,3,0,0
1n4n8pi,4,1,0
1n4n8pi,5,1,0
1n4n8pi,6,1,0
1n4n8pi,7,1,0
1n4n8pi,8,1,0
1n4n8pi,9,1,0
1n4n8pi,10,0,0
1n4n8pi,11,1,0
1n4n8pi,12,1,0
1n4n8pi,13,1,0
1n4n8pi,14,1,0
1n4n8pi,15,1,0
1n4n8pi,16,0,0
1n4n8pi,17,0,0
1n4n8pi,18,1,0
1n4n8pi,19,1,0
1n4n8pi,20,0,0
1n4n8pi,21,1,0
1n4n8pi,22,1,0
1n4n8pi,23,1,0
1n4n8pi,24,1,0
1n4tlof,0,-1,0
1n4tlof,1,1,0
1n4tlof,2,0,0
1n4tlof,3,0,0
1n4tlof,4,1,0
1n4tlof,5,0,0
1n4tlof,6,0,0
1n4tlof,7,0,0
1n4tlof,8,0,0
1n4tlof,9,0,0
1n4tlof,10,-1,0
1n4tlof,11,0,0
1n4tlof,12,-1,0
1n4tlof,13,-1,0
1n4tlof,14,0,0
1n4tlof,15,-1,0
1n4tlof,16,0,0
1n4tlof,17,-1,0
1n4tlof,18,0,0
1n4tlof,19,0,0
1n4tlof,20,1,0
1n4tlof,21,-1,0
1n4tlof,22,0,0
1n4tlof,23,-1,0
1n4tlof,24,0,0
1n4tlof,25,1,0
1n4tlof,26,0,0
1n4tlof,27,0,0
1n4tlof,28,1,0
1n4tlof,29,-1,0
1n4tlof,30,0,0
1n4tlof,31,0,0
1n4tlof,32,0,0
1n4tlof,33,0,0
1n4tlof,34,0,0
1n4tlof,35,-1,0
1n4tlof,36,0,0
1n4tlof,37,0,0
1n4tlof,38,0,0
1n4tlof,39,0,0
1n4tlof,40,0,0
1n4tlof,41,0,0
1n4tlof,42,0,0
1n4tlof,43,-1,0
1n4tlof,44,1,0
1n4tlof,45,1,0
1n4tlof,46,1,0
1n4tlof,47,0,0
1n4tlof,48,-1,0
1n4tlof,49,-1,0
1n4tlof,50,0,0
1n4tlof,51,-1,0
1n4tlof,52,-1,0
1n4tlof,53,0,0
1n4tlof,54,-1,0
1n4tlof,55,-1,0
1n4tlof,56,-1,0
1n4tlof,57,0,0
1n4tlof,58,0,0
1n4tlof,59,0,0
1n4tlof,60,0,0
1n4tlof,61,0,0
1n4tlof,62,-1,0
1n4tlof,63,0,0
1n4tlof,64,0,0
1n4tlof,65,0,0
1n4tlof,66,1,0
1n4tlof,67,0,0
1n4tlof,68,1,0
1n4tlof,69,0,0
1n4tlof,70,0,0
1n4tlof,71,-1,0
1n4tlof,72,1,0
1n4tlof,73,1,0
1n4tlof,74,0,0
1n4tlof,75,-1,0
1n4tlof,76,0,0
1n4tlof,77,-1,0
1n4tlof,78,1,0
1n4tlof,79,0,0
1n4tlof,80,0,0
1n4tlof,81,-1,0
1n4tlof,82,0,0
1n4tlof,83,0,0
1n4tlof,84,0,0
1n4tlof,85,0,0
1n4tlof,86,0,0
1n4tlof,87,-1,0
1n4tlof,88,-1,0
1n4tlof,89,-1,0
1n4tlof,90,0,0
1n4tlof,91,0,0
1n4yehf,0,-1,0
1n4yehf,1,0,0
1n4yehf,2,0,0
1n4yehf,3,0,0
1n4yehf,4,0,0
1n4yehf,5,0,0
1n4yehf,6,-1,0
1n4yehf,7,1,0
1n4yehf,8,0,0
1n4yehf,9,1,0
1n4yehf,10,0,0
1n4yehf,11,0,0
1n4yehf,12,1,0
1n4yehf,13,1,0
1n4yehf,14,0,0
1n4yehf,15,1,0
1n4yehf,16,0,0
1n4yehf,17,0,0
1n4yehf,18,-1,0
1n4yehf,19,1,0
1n4yehf,20,0,0
1n4yehf,21,0,0
1n4yehf,22,1,0
1n4yehf,23,0,0
1n4yehf,24,1,0
1n4yehf,25,0,0
1n4yehf,26,0,0
1n4yehf,27,0,0
1n4yehf,28,-1,0
1n4yehf,29,1,0
1n4yehf,30,0,0
1n4yehf,31,0,0
1n52igy,0,-1,0
1n52igy,1,1,0
1n52igy,2,1,0
1n52igy,3,1,0
1n52igy,4,-1,0
1n52igy,5,0,0
1n52igy,6,-1,0
1n52igy,7,1,0
1n52igy,8,1,0
1n52igy,9,0,0
1n52igy,10,1,0
1n52igy,11,1,0
1n52igy,12,0,0
1n52igy,13,0,0
1n52igy,14,0,0
1n52igy,15,1,0
1n52igy,16,0,0
1n52igy,17,0,0
1n52igy,18,1,0
1n52igy,19,1,0
1n52igy,20,1,0
1n52igy,21,1,0
1n52igy,22,1,0
1n52igy,23,-1,0
1n52igy,24,0,0
1n52igy,25,-1,0
1n52igy,26,1,0
1n52igy,27,-1,0
1n52igy,28,-1,0
1n5vfqi,0,0,0
1n5vfqi,1,0,0
1n5vfqi,2,-1,0
1n5vfqi,3,0,0
1n5vfqi,4,0,0
1n5vfqi,5,0,0
1n5vfqi,6,0,0
1n5vfqi,7,-1,0
1n5vfqi,8,0,0
1n5vfqi,9,0,0
1n5vfqi,10,1,0
1n5vfqi,11,-1,0
1n5vfqi,12,-1,0
1n5vfqi,13,-1,0
1n5vfqi,14,0,0
1n5vfqi,15,0,0
1n5vfqi,16,0,0
1n5vfqi,17,0,0
1n5vfqi,18,0,0
1n5vfqi,19,0,0
1n5vfqi,20,0,0
1n5vfqi,21,0,0
1n5vfqi,22,0,0
1n5vfqi,23,0,0
1n6020k,0,-1,0
1n6020k,1,-1,0
1n6020k,2,0,0
1n6020k,3,1,0
1n6020k,4,-1,0
1n6020k,5,-1,0
1n6020k,6,1,0
1n6020k,7,-1,0
1n6020k,8,0,0
1n6020k,9,0,0
1n6020k,10,0,0
1n6020k,11,0,0
1n6020k,12,-1,0
1n6020k,13,1,0
1n6020k,14,-1,0
1n6020k,15,0,0
1n6020k,16,0,0
1n6020k,17,0,0
1n6020k,18,0,0
1n6020k,19,0,0
1n6020k,20,1,0
1n6020k,21,0,0
1n6020k,22,0,0
1n6020k,23,0,0
1n6020k,24,-1,0
1n6020k,25,0,0
1n6020k,26,1,0
1n6020k,27,1,0
1n6020k,28,0,0
1n6020k,29,0,0
1n6020k,30,0,0
1n6020k,31,0,0
1n6020k,32,0,0
1n6020k,33,0,0
1n6020k,34,0,0
1n6020k,35,0,0
1n6020k,36,1,0
1n6020k,37,0,0
1n6020k,38,0,0
1n6020k,39,0,0
1n6020k,40,-1,0
1n6020k,41,-1,0
1n6020k,42,-1,0
1n6020k,43,0,0
1n6020k,44,-1,0
1n6020k,45,0,0
1n6020k,46,0,0
1n6020k,47,1,0
1n6020k,48,-1,0
1n6020k,49,-1,0
1n6020k,50,0,0
1n6020k,51,1,0
1n6020k,52,-1,0
1n6020k,53,0,0
1n6020k,54,-1,0
1n6020k,55,0,0
1n6020k,56,0,0
1n6020k,57,1,0
1n6020k,58,0,0
1n6020k,59,0,0
1n6020k,60,1,0
1n6020k,61,-1,0
1n6020k,62,0,0
1n6020k,63,1,0
1n6020k,64,0,0
1n6020k,65,0,0
1n6020k,66,0,0
1n6020k,67,0,0
1n6020k,68,1,0
1n6020k,69,-1,0
1n6020k,70,0,0
1n6020k,71,-1,0
1n6020k,72,-1,0
1n6020k,73,1,0
1n6020k,74,0,0
1n6020k,75,0,0
1n6020k,76,0,0
1n6020k,77,0,0
1n6020k,78,0,0
1n6020k,79,-1,0
1n6020k,80,-1,0
1n6020k,81,0,0
1n6020k,82,0,0
1n6020k,83,0,0
1n6020k,84,0,0
1n6020k,85,1,0
1n6020k,86,1,0
1n6020k,87,1,0
1n6020k,88,-1,0
1n6020k,89,1,0
1n6020k,90,0,0
1n6020k,91,1,0
1n6020k,92,1,0
1n6020k,93,0,0
1n6020k,94,0,0
1n6020k,95,0,0
1n6020k,96,-1,0
1n6020k,97,0,0
1n6020k,98,-1,0
1n6020k,99,1,0
1n6020k,100,0,0
1n6020k,101,1,0
1n6020k,102,1,0
1n6020k,103,1,0
1n6020k,104,0,0
1n6020k,105,0,0
1n6020k,106,0,0
1n6020k,107,-1,0
1n6020k,108,1,0
1n6020k,109,0,0
1n6020k,110,0,0
1n6020k,111,0,0
1n6020k,112,0,0
1n6020k,113,0,0
1n6020k,114,0,0
1n6020k,115,0,0
1n6020k,116,0,0
1n6020k,117,0,0
1n6020k,118,1,0
1n6020k,119,0,0
1n6020k,120,0,0
1n6020k,121,0,0
1n6020k,122,0,0
1n6020k,123,0,0
1n6020k,124,0,0
1n6020k,125,-1,0
1n6020k,126,1,0
1n6020k,127,0,0
1n6020k,128,0,0
1n6020k,129,-1,0
1n6020k,130,1,0
1n6020k,131,1,0
1n6020k,132,0,0
1n6020k,133,0,0
1n6020k,134,0,0
1n6020k,135,0,0
1n6020k,136,0,0
1n6020k,137,0,0
1n6020k,138,0,0
1n6020k,139,0,0
1n6020k,140,0,0
1n6020k,141,0,0
1n6020k,142,-1,0
1n6020k,143,0,0
1n6020k,144,0,0
1n6020k,145,0,0
1n6020k,146,0,0
1n6020k,147,0,0
1n6020k,148,0,0
1n6020k,149,0,0
1n6020k,150,-1,0
1n6020k,151,0,0
1n6020k,152,-1,0
1n6020k,153,0,0
1n6020k,154,0,0
1n6020k,155,0,0
1n6020k,156,0,0
1n6020k,157,0,0
1n6020k,158,0,0
1n6020k,159,0,0
1n6020k,160,0,0
1n6020k,161,1,0
1n6020k,162,0,0
1n6020k,163,1,0
1n6020k,164,0,0
1n6020k,165,-1,0
1n6020k,166,0,0
1n6020k,167,0,0
1n6020k,168,0,0
1n6020k,169,0,0
1n6020k,170,0,0
1n6020k,171,0,0
1n6020k,172,-1,0
1n6020k,173,0,0
1n6020k,174,-1,0
1n6020k,175,-1,0
1n6020k,176,0,0
1n6020k,177,0,0
1n6020k,178,0,0
1n6020k,179,0,0
1n7c7cy,0,0,0
1n7c7cy,1,0,0
1n7c7cy,2,1,0
1n7c7cy,3,0,0
1n7c7cy,4,1,0
1n7c7cy,5,1,0
1n7c7cy,6,-1,0
1n7c7cy,7,0,0
1n7c7cy,8,-1,0
1n7c7cy,9,0,0
1n7c7cy,10,0,0
1n7c7cy,11,-1,0
1n7c7cy,12,0,0
1n7c7cy,13,0,0
1n7c7cy,14,0,0
1n7c7cy,15,0,0
1n7c7cy,16,1,0
1n7c7cy,17,-1,0
1n7c7cy,18,0,0
1n7c7cy,19,-1,0
1n7c7cy,20,0,0
1n7c7cy,21,-1,0
1n7c7cy,22,-1,0
1n7c7cy,23,0,0
1n7c7cy,24,0,0
1n7c7cy,25,-1,0
1n7c7cy,26,-1,0
1n7c7cy,27,-1,0
1n7c7cy,28,-1,0
1n7c7cy,29,1,0
1n7c7cy,30,0,0
1n7c7cy,31,0,0
1n7c7cy,32,0,0
1n7c7cy,33,0,0
1n7c7cy,34,-1,0
1n7c7cy,35,0,0
1n7c7cy,36,-1,0
1n7c7cy,37,-1,0
1n7c7cy,38,0,0
1n7c7cy,39,-1,0
1n7c7cy,40,-1,0
1n7c7cy,41,-1,0
1n7c7cy,42,0,0
1n7c7cy,43,0,0
1n7c7cy,44,0,0
1n7ce31,0,0,0
1n7ce31,1,0,0
1n7ce31,2,0,0
1n7ce31,3,0,0
1n7ce31,4,0,0
1n7ce31,5,-1,0
1n7ce31,6,0,0
1n7ce31,7,0,0
1n7ce31,8,0,0
1n7ce31,9,-1,0
1n7ce31,10,0,0
1n7ce31,11,-1,0
1n7ce31,12,1,0
1n7ce31,13,-1,0
1n7ce31,14,0,0
1n7ce31,15,1,0
1n7ce31,16,0,0
1n7ce31,17,0,0
1n7ce31,18,0,0
1n7ce31,19,1,0
1n7ce31,20,0,0
1n7ce31,21,1,0
1n7ce31,22,1,0
1n7ce31,23,0,0
1n7ce31,24,1,0
1n7ce31,25,1,0
1n7ce31,26,0,0
1n7ce31,27,0,0
1n7ce31,28,0,0
1n7ce31,29,-1,0
1n7ce31,30,0,0
1n7ce31,31,1,0
1n7ce31,32,-1,0
1n7ce31,33,0,0
1n7ce31,34,0,0
1n7ce31,35,0,0
1n7ce31,36,0,0
1n7ce31,37,1,0
1n7ce31,38,-1,0
1n7ce31,39,1,0
1n7ce31,40,0,0
1n7ce31,41,1,0
1n7ce31,42,0,0
1n7ce31,43,1,0
1n7ce31,44,-1,0
1n7ce31,45,1,0
1n7ce31,46,1,0
1n7ce31,47,-1,0
1n7ce31,48,-1,0
1n7ce31,49,-1,0
1n7ce31,50,0,0
1n7ce31,51,-1,0
1n7ce31,52,1,0
1n7ce31,53,-1,0
1n7ce31,54,1,0
1n7ce31,55,1,0
1n7ce31,56,0,0
1n7ce31,57,0,0
1n7ce31,58,0,0
1n7ce31,59,0,0
1n7ce31,60,1,0
1n7ce31,61,1,0
1n7ce31,62,1,0
1n7ce31,63,1,0
1n7ce31,64,1,0
1n7ce31,65,1,0
1n7ce31,66,1,0
1n7ce31,67,0,0
1n7ce31,68,1,0
1n7ce31,69,-1,0
1n7ce31,70,0,0
1n90obo,0,0,0
1n90obo,1,0,0
1n90obo,2,0,0
1n90obo,3,0,0
1n90obo,4,1,0
1n90obo,5,0,0
1n90obo,6,1,0
1n90obo,7,1,0
1n90obo,8,1,0
1n90obo,9,0,0
1n90obo,10,-1,0
1n90obo,11,-1,0
1n90obo,12,0,0
1n90obo,13,0,0
1n90obo,14,1,0
1n90obo,15,1,0
1n90obo,16,0,0
1n90obo,17,0,0
1n90obo,18,0,0
1n90obo,19,0,0
1n90obo,20,1,0
1n90obo,21,0,0
1n90obo,22,0,0
1n90obo,23,0,0
1n90obo,24,-1,0
1n90obo,25,0,0
1n90obo,26,-1,0
1n90obo,27,1,0
1n90obo,28,0,0
1n90obo,29,0,0
1n90obo,30,0,0
1n90obo,31,0,0
1n90obo,32,1,0
1n90obo,33,1,0
1n90obo,34,1,0
1n90obo,35,0,0
1n90obo,36,1,0
1n90obo,37,1,0
1n90obo,38,-1,0
1n90obo,39,0,0
1n90obo,40,0,0
1n90obo,41,0,0
1n90obo,42,1,0
1n90obo,43,0,0
1n90obo,44,0,0
1n90obo,45,0,0
1n90obo,46,1,0
1n90obo,47,1,0
1n90obo,48,1,0
1n90obo,49,0,0
1n90obo,50,0,0
1n90obo,51,0,0
1n90obo,52,0,0
1n90obo,53,1,0
1n90obo,54,0,0
1n90obo,55,-1,0
1n90obo,56,0,0
1n90obo,57,0,0
1n90obo,58,-1,0
1n90obo,59,0,0
1n90obo,60,-1,0
1n98x9p,0,0,0
1n98x9p,1,0,0
1n98x9p,2,0,0
1n98x9p,3,0,0
1n98x9p,4,0,0
1n9bt2i,0,0,0
1n9bt2i,1,-1,0
1n9bt2i,2,1,0
1n9bt2i,3,0,0
1n9bt2i,4,0,0
1navutk,0,-1,0
1navutk,1,-1,0
1navutk,2,0,0
1navutk,3,0,0
1navutk,4,0,0
1navutk,5,-1,0
1navutk,6,1,0
1navutk,7,1,0
1navutk,8,0,0
1navutk,9,0,0
1navutk,10,1,0
1navutk,11,-1,0
1navutk,12,-1,0
1navutk,13,0,0
1navutk,14,0,0
1navutk,15,0,0
1navutk,16,0,0
1navutk,17,0,0
1navutk,18,0,0
1navutk,19,0,0
1navutk,20,0,0
1navutk,21,0,0
1navutk,22,-1,0
1navutk,23,0,0
1navutk,24,-1,0
1navutk,25,1,0
1navutk,26,0,0
1navutk,27,0,0
1navutk,28,-1,0
1navutk,29,0,0
1navutk,30,-1,0
1navutk,31,0,0
1navutk,32,0,0
1navutk,33,-1,0
1navutk,34,0,0
1navutk,35,0,0
1navutk,36,0,0
1navutk,37,0,0
1navutk,38,1,0
1navutk,39,0,0
1navutk,40,0,0
1navutk,41,0,0
1navutk,42,-1,0
1navutk,43,0,0
1navutk,44,0,0
1navutk,45,-1,0
1navutk,46,-1,0
1navutk,47,-1,0
1navutk,48,0,0
1navutk,49,0,0
1navutk,50,0,0
1navutk,51,1,0
1navutk,52,0,0
1navutk,53,1,0
1navutk,54,0,0
1navutk,55,1,0
1navutk,56,0,0
1navutk,57,0,0
1navutk,58,1,0
1navutk,59,0,0
1navutk,60,1,0
1navutk,61,0,0
1navutk,62,1,0
1navutk,63,0,0
1navutk,64,0,0
1navutk,65,0,0
1navutk,66,-1,0
1navutk,67,0,0
1navutk,68,0,0
1navutk,69,0,0
1navutk,70,0,0
1navutk,71,0,0
1navutk,72,0,0
1navutk,73,0,0
1navutk,74,0,0
1navutk,75,0,0
1navutk,76,0,0
1navutk,77,0,0
1navutk,78,0,0
1navutk,79,1,0
1navutk,80,-1,0
1navutk,81,1,0
1navutk,82,0,0
1navutk,83,0,0
1navutk,84,0,0
1navutk,85,-1,0
1navutk,86,0,0
1navutk,87,0,0
1navutk,88,0,0
1navutk,89,0,0
1navutk,90,0,0
1navutk,91,0,0
1navutk,92,-1,0
1navutk,93,0,0
1navutk,94,0,0
1nd5492,0,0,0
1nd5492,1,1,0
1nd5492,2,0,0
1nd5492,3,0,0
1nd5492,4,0,0
1nd5492,5,1,0
1nd5492,6,1,0
1nd5492,7,0,0
1nd5492,8,0,0
1nd5492,9,0,0
1nd5492,10,-1,0
1nd5492,11,-1,0
1nd5492,12,0,0
1nd5492,13,0,0
1nd5492,14,0,0
1nd5492,15,-1,0
1nd5492,16,0,0
1nd5492,17,0,0
1nd5492,18,0,0
1nd5492,19,1,0
1nd5492,20,1,0
1nd5492,21,0,0
1nd5492,22,1,0
1nd5492,23,0,0
1nd5492,24,1,0
1nd5492,25,0,0
1nd5492,26,0,0
1nd5492,27,0,0
1nd5492,28,0,0
1nd5492,29,-1,0
1nd5492,30,0,0
1nd5492,31,0,0
1nd5492,32,-1,0
1nd5492,33,0,0
1nd5492,34,1,0
1nd5492,35,0,0
1nd5492,36,0,0
1nd5492,37,0,0
1nd5492,38,0,0
1nd5492,39,1,0
1nd5492,40,0,0
1nd5492,41,0,0
1nd5492,42,1,0
1nd5492,43,1,0
1nd5492,44,0,0
1nd5492,45,0,0
1nd5492,46,0,0
1nd5492,47,0,0
1nd5492,48,0,0
1nd5492,49,0,0
1nd5492,50,1,0
1nfp1ha,0,0,0
1nfp1ha,1,-1,0
1nfp1ha,2,-1,0
1nfp1ha,3,0,0
1nfp1ha,4,-1,0
1nfp1ha,5,-1,0
1nfp1ha,6,-1,0
1nfp1ha,7,0,0
1nfp1ha,8,0,0
1nfp1ha,9,0,0
1nfp1ha,10,1,0
1nfp1ha,11,0,0
1nfp1ha,12,1,0
1nfp1ha,13,0,0
1nfp1ha,14,0,0
1nfp1ha,15,-1,0
1nfp1ha,16,0,0
1nfp1ha,17,0,0
1nfp1ha,18,0,0
1nfp1ha,19,0,0
1nfp1ha,20,0,0
1nfp1ha,21,-1,0
1nfp1ha,22,0,0
1nfp1ha,23,-1,0
1nfp1ha,24,0,0
1nfp1ha,25,-1,0
1nfp1ha,26,-1,0
1nfp1ha,27,-1,0
1nfp1ha,28,1,0
1nfp1ha,29,-1,0
1nfp1ha,30,1,0
1nfp1ha,31,-1,0
1nfp1ha,32,1,0
1nfp1ha,33,-1,0
1nfp1ha,34,0,0
1nfp1ha,35,-1,0
1nfp1ha,36,0,0
1nfp1ha,37,0,0
1nfp1ha,38,1,0
1nfp1ha,39,1,0
1nfp1ha,40,1,0
1nfp1ha,41,1,0
1nfp1ha,42,1,0
1nfp1ha,43,1,0
1nfp1ha,44,1,0
1nfp1ha,45,0,0
1nfp1ha,46,1,0
1nfp1ha,47,1,0
1nfp1ha,48,1,0
1nfp1ha,49,0,0
1nfp1ha,50,-1,0
1nfp1ha,51,1,0
1nfp1ha,52,-1,0
1nfp1ha,53,1,0
1nfp1ha,54,-1,0
1nfp1ha,55,0,0
1nfp1ha,56,1,0
1nfp1ha,57,1,0
1nfp1ha,58,1,0
1nfp1ha,59,-1,0
1nfp1ha,60,-1,0
1nfp1ha,61,-1,0
1nfp1ha,62,0,0
1nfp1ha,63,-1,0
1nfp1ha,64,0,0
1nfp1ha,65,0,0
1nfp1ha,66,0,0
1nfp1ha,67,1,0
1nfp1ha,68,1,0
1nfp1ha,69,0,0
1nfp1ha,70,0,0
1nfp1ha,71,0,0
1nfp1ha,72,1,0
1nfp1ha,73,0,0
1nfp1ha,74,0,0
1nfp1ha,75,0,0
1nfp1ha,76,1,0
1nfp1ha,77,0,0
1nfp1ha,78,0,0
1nfp1ha,79,0,0
1nfp1ha,80,0,0
1nfp1ha,81,-1,0
1nfp1ha,82,0,0
1ngri3s,0,0,0
1ngri3s,1,0,0
1ngri3s,2,0,0
1ngri3s,3,0,0
1ngri3s,4,-1,0
1ngri3s,5,1,0
1ngri3s,6,0,0
1ngri3s,7,0,0
1ngri3s,8,0,0
1ngri3s,9,-1,0
1ngri3s,10,-1,0
1ngri3s,11,-1,0
1ngri3s,12,0,0
1ngri3s,13,-1,0
1ngri3s,14,-1,0
1ngri3s,15,-1,0
1ngri3s,16,-1,0
1ngri3s,17,0,0
1ngri3s,18,0,0
1ngri3s,19,-1,0
1ngri3s,20,0,0
1ngri3s,21,0,0
1ngri3s,22,-1,0
1ngri3s,23,1,0
1ngri3s,24,0,0
1ngri3s,25,0,0
1ngri3s,26,0,0
1ngri3s,27,0,0
1ngri3s,28,0,0
1ngri3s,29,-1,0
1ngri3s,30,-1,0
1ngri3s,31,-1,0
1ngri3s,32,-1,0
1ngri3s,33,-1,0
1ngri3s,34,0,0
1ngri3s,35,-1,0
1ngri3s,36,0,0
1ngri3s,37,0,0
1ngri3s,38,-1,0
1ngri3s,39,0,0
1ngri3s,40,0,0
1ngri3s,41,0,0
1ngri3s,42,0,0
1ngri3s,43,-1,0
1ngri3s,44,0,0
1ngri3s,45,-1,0
1ngri3s,46,-1,0
1ngri3s,47,1,0
1ngri3s,48,-1,0
1ngri3s,49,-1,0
1ngri3s,50,0,0
1ngri3s,51,-1,0
1ngri3s,52,0,0
1ngri3s,53,1,0
1ngri3s,54,0,0
1ngri3s,55,0,0
1ngri3s,56,-1,0
1ngri3s,57,0,0
1ngri3s,58,0,0
1ngri3s,59,0,0
1ngri3s,60,-1,0
1ngri3s,61,0,0
1ngri3s,62,0,0
1ngri3s,63,1,0
1ngri3s,64,0,0
1ngri3s,65,0,0
1ngri3s,66,0,0
1ngri3s,67,0,0
1ngri3s,68,0,0
1ngri3s,69,0,0
1ngri3s,70,1,0
1ngri3s,71,0,0
1ngri3s,72,0,0
1ngri3s,73,0,0
1ngri3s,74,0,0
1ngri3s,75,0,0
1ngri3s,76,0,0
1ngri3s,77,0,0
1ngri3s,78,0,0
1ngri3s,79,0,0
1ngri3s,80,0,0
1ngri3s,81,0,0
1ngri3s,82,0,0
1ngri3s,83,0,0
1ngri3s,84,0,0
1ngri3s,85,-1,0
1ngri3s,86,0,0
1ngri3s,87,0,0
1ngri3s,88,0,0
1ngri3s,89,0,0
1ngri3s,90,-1,0
1ngri3s,91,0,0
1ngri3s,92,0,0
1ngri3s,93,0,0
1ngri3s,94,0,0
1ngri3s,95,1,0
1ngri3s,96,0,0
1ngri3s,97,0,0
1ngri3s,98,0,0
1ngri3s,99,0,0
1ngri3s,100,0,0
1ngri3s,101,0,0
1ngri3s,102,0,0
1ngri3s,103,-1,0
1ngri3s,104,-1,0
1ngri3s,105,-1,0
1ngri3s,106,0,0
1ngri3s,107,-1,0
1ngri3s,108,0,0
1ngri3s,109,0,0
1ngri3s,110,0,0
1ngri3s,111,0,0
1ngri3s,112,1,0
1ngri3s,113,0,0
1ngri3s,114,-1,0
1ngri3s,115,0,0
1ngri3s,116,0,0
1ngri3s,117,0,0
1ngri3s,118,0,0
1ngri3s,119,0,0
1ngri3s,120,1,0
1ngri3s,121,0,0
1ngri3s,122,0,0
1ngri3s,123,0,0
1ngri3s,124,0,0
1ngri3s,125,0,0
1ngri3s,126,0,0
1ngri3s,127,0,0
1ngri3s,128,0,0
1ngri3s,129,0,0
1ngri3s,130,-1,0
1ngri3s,131,-1,0
1ngri3s,132,0,0
1ngri3s,133,0,0
1ngri3s,134,-1,0
1ngri3s,135,1,0
1ngri3s,136,0,0
1ngri3s,137,0,0
1ngri3s,138,0,0
1ngri3s,139,0,0
1ngri3s,140,0,0
1ngri3s,141,0,0
1ngri3s,142,0,0
1ngri3s,143,0,0
1ngri3s,144,0,0
1ngri3s,145,0,0
1ngri3s,146,-1,0
1ngri3s,147,0,0
1ngri3s,148,0,0
1ngri3s,149,0,0
1ngri3s,150,0,0
1ngri3s,151,0,0
1ngri3s,152,0,0
1ngri3s,153,0,0
1ngri3s,154,0,0
1ngri3s,155,0,0
1ngri3s,156,0,0
1ngri3s,157,0,0
1ngri3s,158,0,0
1ngri3s,159,0,0
1ngri3s,160,0,0
1ngri3s,161,-1,0
1ngri3s,162,0,0
1ngri3s,163,0,0
1ngri3s,164,0,0
1ngri3s,165,0,0
1ngri3s,166,0,0
1ngri3s,167,0,0
1ngri3s,168,0,0
1ngri3s,169,0,0
1ngri3s,170,0,0
1ngri3s,171,0,0
1ngri3s,172,1,0
1ngri3s,173,-1,0
1ngri3s,174,1,0
1ngri3s,175,0,0
1ngri3s,176,0,0
1ngri3s,177,0,0
1ngri3s,178,0,0
1ngri3s,179,-1,0
1ngri3s,180,0,0
1ngri3s,181,0,0
1ngri3s,182,0,0
1ngri3s,183,0,0
1ngri3s,184,1,0
1ngri3s,185,0,0
1ngri3s,186,0,0
1ngri3s,187,0,0
1ngri3s,188,0,0
1ngri3s,189,0,0
1ngri3s,190,0,0
1ngri3s,191,-1,0
1ngri3s,192,0,0
1ngri3s,193,0,0
1ngri3s,194,0,0
1ngxb2z,0,-1,0
1ngxb2z,1,-1,0
1ngxb2z,2,0,0
1ngxb2z,3,-1,0
1ngxb2z,4,0,0
1ngxb2z,5,0,0
1ngxb2z,6,1,0
1ngxb2z,7,-1,0
1ngxb2z,8,0,0
1ngxb2z,9,0,0
1ngxb2z,10,0,0
1ngxb2z,11,0,0
1ngxb2z,12,-1,0
1ngxb2z,13,0,0
1ngxb2z,14,0,0
1ngxb2z,15,0,0
1ngxb2z,16,0,0
1ngxb2z,17,0,0
1ngxb2z,18,0,0
1ngxb2z,19,0,0
1ngxb2z,20,-1,0
1ngxb2z,21,0,0
1ngxb2z,22,0,0
1ngxb2z,23,0,0
1ngxb2z,24,-1,0
1ngxb2z,25,-1,0
1ngxb2z,26,0,0
1ngxb2z,27,0,0
1ngxb2z,28,-1,0
1ngxb2z,29,0,0
1ngxb2z,30,-1,0
1ngxb2z,31,-1,0
1ngxb2z,32,-1,0
1ngxb2z,33,0,0
1ngxb2z,34,0,0
1ngxb2z,35,0,0
1ngxb2z,36,-1,0
1ngxb2z,37,0,0
1ngxb2z,38,0,0
1ngxb2z,39,0,0
1ngxb2z,40,0,0
1ngxb2z,41,-1,0
1ngzkwi,0,0,0
1ngzkwi,1,1,0
1ngzkwi,2,1,0
1ngzkwi,3,0,0
1ngzkwi,4,1,0
1ngzkwi,5,1,0
1ngzkwi,6,1,0
1ngzkwi,7,0,0
1ngzkwi,8,1,0
1ngzkwi,9,0,0
1ngzkwi,10,0,0
1ngzkwi,11,1,0
1ngzkwi,12,-1,0
1ngzkwi,13,0,0
1ngzkwi,14,0,0
1ngzkwi,15,0,0
1ngzkwi,16,0,0
1ngzkwi,17,0,0
1ngzkwi,18,0,0
1ngzkwi,19,1,0
1ngzkwi,20,1,0
1ngzkwi,21,1,0
1nhs0wo,0,1,0
1nhs0wo,1,1,0
1nhs0wo,2,0,0
1nhs0wo,3,1,0
1nhs0wo,4,0,0
1nhs0wo,5,1,0
1nhs0wo,6,0,0
1nhs0wo,7,0,0
1nhs0wo,8,0,0
1nhs0wo,9,1,0
1nhs0wo,10,1,0
1nhs0wo,11,1,0
1nhs0wo,12,0,0
1nhs0wo,13,0,0
1nhs0wo,14,0,0
1nhs0wo,15,0,0
1nhs0wo,16,0,0
1nhs0wo,17,1,0
1nhs0wo,18,1,0
1nhs0wo,19,0,0
1nhs0wo,20,1,0
1nhs0wo,21,0,0
1nhs0wo,22,0,0
1nhs0wo,23,1,0
1nhs0wo,24,0,0
1nhs0wo,25,0,0
1nhs0wo,26,1,0
1nhs0wo,27,0,0
1nhs0wo,28,0,0
1nhs0wo,29,0,0
1nhs0wo,30,1,0
1nhs0wo,31,0,0
1nhs0wo,32,1,0
1nhs0wo,33,1,0
1nhs0wo,34,0,0
1nhs0wo,35,0,0
1nhs0wo,36,0,0
1nhs0wo,37,0,0
1nhs0wo,38,0,0
1nhs0wo,39,0,0
1nhs0wo,40,1,0
1nhs0wo,41,0,0
1nhs0wo,42,0,0
1nhs0wo,43,0,0
1nhs0wo,44,1,0
1nhs0wo,45,0,0
1nhs0wo,46,1,0
1nhs0wo,47,1,0
1nhs0wo,48,0,0
1nhs0wo,49,-1,0
1nhs0wo,50,0,0
1nhs0wo,51,-1,0
1nhs0wo,52,0,0
1nhs0wo,53,1,0
1nhs0wo,54,1,0
1nhs0wo,55,1,0
1nhs0wo,56,0,0
1nhs0wo,57,1,0
1nhs0wo,58,0,0
1nhs0wo,59,0,0
1nhs0wo,60,0,0
1nhs0wo,61,0,0
1nhs0wo,62,0,0
1nhs0wo,63,0,0
1nhs0wo,64,0,0
1nhs0wo,65,0,0
1nhs0wo,66,0,0
1nhs0wo,67,0,0
1nhs0wo,68,1,0
1nhs0wo,69,1,0
1nhs0wo,70,1,0
1nhs0wo,71,1,0
1nhs0wo,72,0,0
1nhs0wo,73,0,0
1nhs0wo,74,0,0
1nhs0wo,75,-1,0
1nhs0wo,76,0,0
1nhs0wo,77,0,0
1nhs0wo,78,0,0
1nhs0wo,79,-1,0
1nhs0wo,80,-1,0
1nhs0wo,81,0,0
1nhs0wo,82,-1,0
1nhs0wo,83,0,0
1nhs0wo,84,1,0
1nhs0wo,85,0,0
1nhs0wo,86,0,0
1nhs0wo,87,0,0
1nhs0wo,88,0,0
1nhs0wo,89,0,0
1nhs0wo,90,0,0
1nhs0wo,91,0,0
1nhs0wo,92,0,0
1nhs0wo,93,0,0
1nhs0wo,94,0,0
1nhs0wo,95,0,0
1nhs0wo,96,0,0
1nhs0wo,97,0,0
1nhs0wo,98,0,0
1nhs0wo,99,0,0
1nhs0wo,100,0,0
1nhs0wo,101,0,0
1nhs0wo,102,1,0
1nhs0wo,103,0,0
1nhs0wo,104,0,0
1nhs0wo,105,0,0
1nhs0wo,106,0,0
1nhs0wo,107,-1,0
1nhs0wo,108,1,0
1nhs0wo,109,-1,0
1nhs0wo,110,0,0
1nhs0wo,111,-1,0
1nhs0wo,112,0,0
1nhs0wo,113,1,0
1nhs0wo,114,0,0
1njm1w7,0,1,0
1njm1w7,1,0,0
1njm1w7,2,0,0
1njm1w7,3,1,0
1njm1w7,4,-1,0
1njm1w7,5,1,0
1njm1w7,6,1,0
1njm1w7,7,1,0
1njm1w7,8,-1,0
1njm1w7,9,-1,0
1njm1w7,10,0,0
1njm1w7,11,0,0
1njm1w7,12,0,0
1njm1w7,13,0,0
1njm1w7,14,-1,0
1njm1w7,15,0,0
1njm1w7,16,1,0
1njm1w7,17,1,0
1njm1w7,18,0,0
1njm1w7,19,1,0
1njm1w7,20,1,0
1njm1w7,21,1,0
1njm1w7,22,1,0
1njm1w7,23,1,0
1njm1w7,24,1,0
1njm1w7,25,1,0
1njm1w7,26,1,0
1njm1w7,27,1,0
1njm1w7,28,0,0
1njm1w7,29,1,0
1njm1w7,30,0,0
1njm1w7,31,0,0
1njm1w7,32,0,0
1njm1w7,33,1,0
1njm1w7,34,0,0
1njm1w7,35,0,0
1njqnfw,0,0,0
1njqnfw,1,0,0
1njqnfw,2,0,0
1njqnfw,3,0,0
1njqnfw,4,0,0
1njqnfw,5,0,0
1njqnfw,6,0,0
1njqnfw,7,0,0
1njqnfw,8,0,0
1njqnfw,9,-1,0
1njqnfw,10,0,0
1njqnfw,11,0,0
1njqnfw,12,0,0
1njqnfw,13,0,0
1njqnfw,14,0,0
1njqnfw,15,-1,0
1njqnfw,16,1,0
1njqnfw,17,0,0
1njqnfw,18,0,0
1njqnfw,19,0,0
1njqnfw,20,0,0
1njqnfw,21,0,0
1njqnfw,22,0,0
1njqnfw,23,0,0
1njqnfw,24,0,0
1njqnfw,25,0,0
1njqnfw,26,0,0
1njqnfw,27,0,0
1njqnfw,28,0,0
1njqnfw,29,0,0
1njqnfw,30,0,0
1nkvkh8,0,-1,0
1nkvkh8,1,0,0
1nkvkh8,2,1,0
1nkvkh8,3,0,0
1nkvkh8,4,-1,0
1nkvkh8,5,1,0
1nkvkh8,6,0,0
1nkvkh8,7,1,0
1nkvkh8,8,0,0
1nkvkh8,9,-1,0
1nkvkh8,10,0,0
1nkvkh8,11,1,0
1nkvkh8,12,0,0
1nkvkh8,13,-1,0
1nkvkh8,14,0,0
1nkvkh8,15,-1,0
1nkvkh8,16,1,0
1nkvkh8,17,0,0
1nkvkh8,18,0,0
1nkvkh8,19,0,0
1nkvkh8,20,0,0
1nkvkh8,21,0,0
1nkvkh8,22,1,0
1nkvkh8,23,1,0
1nkvkh8,24,-1,0
1nkvkh8,25,0,0
1nkvkh8,26,0,0
1nkvkh8,27,0,0
1nkvkh8,28,0,0
1nkvkh8,29,1,0
1nkvkh8,30,1,0
1nkvkh8,31,0,0
1nkvkh8,32,1,0
1nkvkh8,33,1,0
1nkvkh8,34,1,0
1nkvkh8,35,0,0
1nkvkh8,36,0,0
1nkvkh8,37,-1,0
1nkvkh8,38,1,0
1nkvkh8,39,1,0
1nkvkh8,40,1,0
1nkvkh8,41,1,0
1nkvkh8,42,1,0
1nkvkh8,43,0,0
1nkvkh8,44,1,0
1nkvkh8,45,-1,0
1nkvkh8,46,1,0
1nkvkh8,47,1,0
1nkvkh8,48,1,0
1nkvkh8,49,1,0
1nkvkh8,50,1,0
1nkvkh8,51,1,0
1nkvkh8,52,0,0
1nkvkh8,53,0,0
1nkvkh8,54,0,0
1nkvkh8,55,0,0
1nkvkh8,56,1,0
1nkvkh8,57,1,0
1nkvkh8,58,0,0
1nkvkh8,59,1,0
1nkvkh8,60,1,0
1nkvkh8,61,1,0
1nkvkh8,62,1,0
1nkvkh8,63,1,0
1nkvkh8,64,1,0
1nl340p,0,0,0
1nl340p,1,0,0
1nl340p,2,0,0
1nl340p,3,0,0
1nl340p,4,-1,0
1nlb7cw,0,0,0
1nlb7cw,1,0,0
1nlb7cw,2,0,0
1nlb7cw,3,0,0
1nlb7cw,4,1,0
1nlb7cw,5,0,0
1nlb7cw,6,1,0
1nlb7cw,7,1,0
1nlb7cw,8,0,0
1nlb7cw,9,0,0
1nlb7cw,10,0,0
1nlb7cw,11,0,0
1nlb7cw,12,0,0
1nlb7cw,13,0,0
1nlb7cw,14,0,0
1nlb7cw,15,0,0
1nlb7cw,16,0,0
1nlb7cw,17,0,0
1nlb7cw,18,0,0
1nlb7cw,19,0,0
1nlb7cw,20,0,0
1nlb7cw,21,0,0
1nlb7cw,22,0,0
1nlb7cw,23,0,0
1nlb7cw,24,0,0
1nlb7cw,25,0,0
1nlb7cw,26,0,0
1nlb7cw,27,0,0
1nlb7cw,28,0,0
1nlb7cw,29,0,0
1nlb7cw,30,0,0
1nlb7cw,31,0,0
1nlb7cw,32,0,0
1nlb7cw,33,0,0
1nlb7cw,34,0,0
1nlb7cw,35,0,0
1nlb7cw,36,0,0
1nlb7cw,37,0,0
1nlb7cw,38,0,0
1nlb7cw,39,0,0
1nlb7cw,40,0,0
1nlb7cw,41,0,0
1nlb7cw,42,0,0
1nlb7cw,43,0,0
1nlb7cw,44,0,0
1nlb7cw,45,0,0
1nlb7cw,46,0,0
1nlb7cw,47,0,0
1nlb7cw,48,0,0
1nlb7cw,49,0,0
1nlb7cw,50,0,0
1nlb7cw,51,0,0
1nlb7cw,52,0,0
1nlb7cw,53,0,0
1nlb7cw,54,0,0
1nlb7cw,55,0,0
1nqsvr8,0,-1,0
1nqsvr8,1,0,0
1nqsvr8,2,0,0
1nqsvr8,3,-1,0
1nqsvr8,4,0,0
1nqsvr8,5,-1,0
1nqsvr8,6,1,0
1nqsvr8,7,0,0
1nqsvr8,8,0,0
1nqsvr8,9,0,0
1nqsvr8,10,0,0
1nqsvr8,11,0,0
1nqsvr8,12,0,0
1nqsvr8,13,1,0
1nqsvr8,14,1,0
1nqsvr8,15,0,0
1nqsvr8,16,0,0
1nqsvr8,17,0,0
1nqsvr8,18,-1,0
1nqsvr8,19,-1,0
1nqsvr8,20,0,0
1nqsvr8,21,-1,0
1nqsvr8,22,-1,0
1nqsvr8,23,1,0
1nqsvr8,24,-1,0
1nqsvr8,25,0,0
1nqsvr8,26,0,0
1nqsvr8,27,1,0
1nqsvr8,28,-1,0
1nqsvr8,29,-1,0
1nqsvr8,30,-1,0
1nqsvr8,31,-1,0
1nqsvr8,32,-1,0
1nqsvr8,33,0,0
1nqsvr8,34,0,0
1nqsvr8,35,0,0
1nqsvr8,36,0,0
1nqsvr8,37,0,0
1nqsvr8,38,0,0
1nqsvr8,39,0,0
1nqsvr8,40,0,0
1nqsvr8,41,0,0
1nqsvr8,42,0,0
1nqsvr8,43,-1,0
1nqsvr8,44,0,0
1nqsvr8,45,-1,0
1nqsvr8,46,-1,0
1nqsvr8,47,-1,0
1nqsvr8,48,-1,0
1nqsvr8,49,0,0
1nqsvr8,50,0,0
1nqsvr8,51,-1,0
1nqsvr8,52,0,0
1nqsvr8,53,0,0
1nqsvr8,54,0,0
1nqsvr8,55,1,0
1nqsvr8,56,1,0
1nqsvr8,57,0,0
1nqsvr8,58,1,0
1nqsvr8,59,0,0
1nqsvr8,60,-1,0
1nqsvr8,61,0,0
1nqsvr8,62,0,0
1nqsvr8,63,0,0
1nqsvr8,64,-1,0
1nqsvr8,65,-1,0
1nqsvr8,66,0,0
1nqsvr8,67,-1,0
1nqsvr8,68,0,0
1nqsvr8,69,0,0
1nqsvr8,70,0,0
1nqsvr8,71,-1,0
1nqsvr8,72,0,0
1nqsvr8,73,0,0
1nqsvr8,74,0,0
1nqsvr8,75,0,0
1nqsvr8,76,0,0
1nqsvr8,77,0,0
1nqsvr8,78,0,0
1nqsvr8,79,-1,0
1nqsvr8,80,0,0
1nqsvr8,81,0,0
1nqsvr8,82,0,0
1nqsvr8,83,1,0
1nqsvr8,84,-1,0
1nqsvr8,85,1,0
1nqsvr8,86,1,0
1nqsvr8,87,0,0
1nqsvr8,88,0,0
1nqsvr8,89,0,0
1nqsvr8,90,-1,0
1nqsvr8,91,0,0
1nqsvr8,92,0,0
1nqsvr8,93,0,0
1nqsvr8,94,-1,0
1nqsvr8,95,0,0
1nqsvr8,96,1,0
1nqsvr8,97,0,0
1nqsvr8,98,-1,0
1nqsvr8,99,0,0
1nqsvr8,100,0,0
1nqsvr8,101,0,0
1nqsvr8,102,0,0
1nqsvr8,103,0,0
1nqsvr8,104,1,0
1nqsvr8,105,-1,0
1nqsvr8,106,0,0
1nqsvr8,107,0,0
1nqsvr8,108,0,0
1nqsvr8,109,0,0
1nqsvr8,110,0,0
1nqsvr8,111,0,0
1nqsvr8,112,0,0
1nqsvr8,113,0,0
1nqsvr8,114,0,0
1nqsvr8,115,0,0
1nqsvr8,116,0,0
1nqsvr8,117,0,0
1nqsvr8,118,0,0
1nqsvr8,119,0,0
1nqsvr8,120,0,0
1nqsvr8,121,0,0
1nqsvr8,122,0,0
1nqsvr8,123,0,0
1nqsvr8,124,0,0
1nqsvr8,125,0,0
1nqsvr8,126,1,0
1nqsvr8,127,0,0
1nqsvr8,128,0,0
1nqsvr8,129,0,0
1nqsvr8,130,0,0
1nqsvr8,131,0,0
1nqsvr8,132,0,0
1nqsvr8,133,1,0
1nqsvr8,134,1,0
1nqsvr8,135,0,0
1nqsvr8,136,0,0
1nqsvr8,137,0,0
1nqsvr8,138,1,0
1nqsvr8,139,0,0
1nqsvr8,140,0,0
1nqsvr8,141,0,0
1nqsvr8,142,1,0
1nqsvr8,143,0,0
1nqsvr8,144,1,0
1nqsvr8,145,1,0
1nqsvr8,146,1,0
1nqsvr8,147,1,0
1nqsvr8,148,0,0
1nqsvr8,149,0,0
1nqsvr8,150,1,0
1nqsvr8,151,0,0
1nqsvr8,152,-1,0
1nqsvr8,153,0,0
1nqsvr8,154,-1,0
1nqsvr8,155,0,0
1nqsvr8,156,0,0
1nqsvr8,157,0,0
1nqsvr8,158,0,0
1nqsvr8,159,0,0
1nqsvr8,160,1,0
1nqsvr8,161,-1,0
1nqsvr8,162,-1,0
1nqsvr8,163,-1,0
1nqsvr8,164,0,0
1nqsvr8,165,0,0
1nqsvr8,166,1,0
1nqsvr8,167,0,0
1nqsvr8,168,0,0
1nqsvr8,169,0,0
1nqsvr8,170,1,0
1nqsvr8,171,-1,0
1nqsvr8,172,1,0
1nqsvr8,173,0,0
1nqsvr8,174,0,0
1nqsvr8,175,0,0
1nqsvr8,176,-1,0
1nqsvr8,177,-1,0
1nqsvr8,178,-1,0
1nqsvr8,179,-1,0
1nqsvr8,180,-1,0
1nqsvr8,181,-1,0
1nqsvr8,182,-1,0
1nqsvr8,183,-1,0
1nqsvr8,184,1,0
1nqsvr8,185,0,0
1nqsvr8,186,-1,0
1nqsvr8,187,-1,0
1nqsvr8,188,-1,0
1nqsvr8,189,0,0
1nqsvr8,190,-1,0
1nqsvr8,191,0,0
1nqsvr8,192,0,0
1nqsvr8,193,0,0
1nqsvr8,194,0,0
1nqsvr8,195,1,0
1nqsvr8,196,0,0
1nqsvr8,197,0,0
1ns0z8v,0,1,0
1ns0z8v,1,0,0
1ns0z8v,2,1,0
1ns0z8v,3,0,0
1ns0z8v,4,0,0
1ns0z8v,5,0,0
1ns0z8v,6,1,0
1ns0z8v,7,1,0
1ns0z8v,8,1,0
1ns0z8v,9,1,0
1ns0z8v,10,1,0
1ns0z8v,11,1,0
1ns0z8v,12,1,0
1ns0z8v,13,1,0
1ns0z8v,14,1,0
1ns0z8v,15,1,0
1ns0z8v,16,1,0
1ns0z8v,17,-1,0
1ns0z8v,18,1,0
1ns0z8v,19,-1,0
1ns0z8v,20,0,0
1ns0z8v,21,0,0
1ns0z8v,22,1,0
1ns0z8v,23,0,0
1ns0z8v,24,0,0
1ns0z8v,25,0,0
1ns0z8v,26,1,0
1ns0z8v,27,1,0
1ns0z8v,28,1,0
1ns0z8v,29,1,0
1ns0z8v,30,0,0
1ns0z8v,31,0,0
1ns0z8v,32,0,0
1ns0z8v,33,0,0
1ns0z8v,34,0,0
1ns0z8v,35,0,0
1ns0z8v,36,0,0
1ns0z8v,37,0,0
1ns0z8v,38,0,0
1nv2g6z,0,-1,0
1nv2g6z,1,-1,0
1nv2g6z,2,-1,0
1nv2g6z,3,-1,0
1nv2g6z,4,0,0
1nv2g6z,5,-1,0
1nv2g6z,6,-1,0
1nv2g6z,7,0,0
1nv2g6z,8,0,0
1nv2g6z,9,1,0
1nv2g6z,10,-1,0
1nv2g6z,11,0,0
1nv2g6z,12,0,0
1nv2g6z,13,1,0
1nv2g6z,14,0,0
1nv2g6z,15,0,0
1nv2g6z,16,0,0
1nv2g6z,17,0,0
1nv2g6z,18,0,0
1nv2g6z,19,0,0
1nv2g6z,20,0,0
1nv2g6z,21,0,0
1nv2g6z,22,0,0
1nv2g6z,23,-1,0
1nv2g6z,24,-1,0
1nv2g6z,25,0,0
1nv2g6z,26,0,0
1nv2g6z,27,1,0
1nv2g6z,28,0,0
1nv2g6z,29,0,0
1nv2g6z,30,0,0
1nv2g6z,31,1,0
1nv2g6z,32,0,0
1nv2g6z,33,0,0
1nv2g6z,34,0,0
1nv2g6z,35,0,0
1nv2g6z,36,1,0
1nv2g6z,37,0,0
1nv2g6z,38,0,0
1nv2g6z,39,0,0
1nv2g6z,40,1,0
1nv2g6z,41,0,0
1nv2g6z,42,1,0
1nv2g6z,43,0,0
1nv2g6z,44,0,0
1nv2g6z,45,0,0
1nv2g6z,46,0,0
1nv2g6z,47,0,0
1nv2g6z,48,1,0
1nv2g6z,49,0,0
1nv2g6z,50,0,0
1nv9zla,0,-1,0
1nv9zla,1,0,0
1nv9zla,2,0,0
1nv9zla,3,0,0
1nv9zla,4,0,0
1nv9zla,5,0,0
1nv9zla,6,0,0
1nv9zla,7,0,0
1nv9zla,8,0,0
1nv9zla,9,-1,0
1nv9zla,10,0,0
1nv9zla,11,1,0
1nv9zla,12,0,0
1nv9zla,13,1,0
1nv9zla,14,1,0
1nv9zla,15,1,0
1nv9zla,16,0,0
1nv9zla,17,0,0
1nv9zla,18,0,0
1nv9zla,19,1,0
1nv9zla,20,0,0
1nv9zla,21,0,0
1nv9zla,22,1,0
1nv9zla,23,1,0
1nv9zla,24,0,0
1nv9zla,25,1,0
1nv9zla,26,1,0
1nv9zla,27,1,0
1nv9zla,28,0,0
1nv9zla,29,0,0
1nv9zla,30,0,0
1nvuio9,0,1,0
1nvuio9,1,1,0
1nvuio9,2,1,0
1nvuio9,3,1,0
1nvuio9,4,1,0
1nvuio9,5,-1,0
1nvuio9,6,1,0
1nvuio9,7,-1,0
1nvuio9,8,0,0
1nvuio9,9,0,0
1nvuio9,10,0,0
1nvuio9,11,0,0
1nvuio9,12,0,0
1nvuio9,13,0,0
1nvuio9,14,1,0
1nvuio9,15,1,0
1nvuio9,16,1,0
1nvuio9,17,1,0
1nvuio9,18,1,0
1nvuio9,19,1,0
1nvuio9,20,0,0
1nvuio9,21,1,0
1nvuio9,22,-1,0
1nvuio9,23,0,0
1nvuio9,24,1,0
1nvuio9,25,1,0
1nvuio9,26,1,0
1nvuio9,27,1,0
1nvuio9,28,0,0
1nvuio9,29,0,0
1nvuio9,30,1,0
1nvuio9,31,0,0
1nvuio9,32,0,0
1nvuio9,33,-1,0
1nvuio9,34,1,0
1nvuio9,35,1,0
1nvuio9,36,0,0
1nvuio9,37,0,0
1nvuio9,38,1,0
1nvuio9,39,1,0
1nvuio9,40,0,0
1nvuio9,41,-1,0
1nvuio9,42,0,0
1nvuio9,43,0,0
1nvuio9,44,-1,0
1nvuio9,45,-1,0
1nvuio9,46,0,0
1nvuio9,47,0,0
1nvuio9,48,1,0
1nvuio9,49,-1,0
1nvuio9,50,0,0
1nvuio9,51,-1,0
1nvuio9,52,0,0
1nvuio9,53,-1,0
1nvuio9,54,0,0
1nvuio9,55,0,0
1nvuio9,56,0,0
1nvuio9,57,0,0
1nvuio9,58,-1,0
1nvuio9,59,0,0
1nvuio9,60,0,0
1nvuio9,61,1,0
1nvuio9,62,0,0
1nvuio9,63,1,0
1nvuio9,64,1,0
1nvuio9,65,-1,0
1nvuio9,66,0,0
1nvuio9,67,0,0
1nvuio9,68,0,0
1nvuio9,69,1,0
1nvuio9,70,-1,0
1nvuio9,71,1,0
1nvuio9,72,0,0
1nvuio9,73,0,0
1nvuio9,74,0,0
1nvuio9,75,0,0
1nvuio9,76,0,0
1nvuio9,77,-1,0
1nvuio9,78,0,0
1nvuio9,79,0,0
1nvuio9,80,0,0
1nvuio9,81,1,0
1nvuio9,82,0,0
1nvuio9,83,0,0
1nvuio9,84,0,0
1nvuio9,85,-1,0
1nvuio9,86,1,0
1nvuio9,87,0,0
1nvuio9,88,0,0
1nvuio9,89,1,0
1nvuio9,90,1,0
1nvuio9,91,0,0
1nvuio9,92,0,0
1nvuio9,93,1,0
1nvuio9,94,1,0
1nvuio9,95,1,0
1nvuio9,96,0,0
1nvuio9,97,0,0
1nvuio9,98,0,0
1nvuio9,99,0,0
1nvuio9,100,1,0
1nvuio9,101,1,0
1nvuio9,102,1,0
1nvuio9,103,1,0
1nvuio9,104,1,0
1nvuio9,105,1,0
1nvuio9,106,1,0
1nvuio9,107,0,0
1nvuio9,108,1,0
1nvuio9,109,1,0
1nvuio9,110,1,0
1nvuio9,111,1,0
1nvuio9,112,1,0
1nvuio9,113,1,0
1nvuio9,114,1,0
1nvuio9,115,-1,0
1nvuio9,116,1,0
1nvuio9,117,1,0
1nvuio9,118,1,0
1nw0bdk,0,0,0
1nw0bdk,1,0,0
1nw0bdk,2,0,0
1nw0bdk,3,0,0
1nw0bdk,4,0,0
1nw0bdk,5,0,0
1nw0bdk,6,1,0
1nw0bdk,7,-1,0
1nw0bdk,8,-1,0
1nw0bdk,9,-1,0
1nw0bdk,10,-1,0
1nw0bdk,11,-1,0
1nw0bdk,12,-1,0
1nw0bdk,13,-1,0
1nw0bdk,14,-1,0
1nw0bdk,15,-1,0
1nw0bdk,16,0,0
1nw0bdk,17,0,0
1nw0bdk,18,0,0
1nw0bdk,19,-1,0
1nw0bdk,20,0,0
1nw0bdk,21,-1,0
1nw0bdk,22,0,0
1nw0bdk,23,0,0
1nw0bdk,24,0,0
1nw0bdk,25,0,0
1nw0bdk,26,0,0
1nw0bdk,27,0,0
1nw0bdk,28,0,0
1nw0bdk,29,-1,0
1nw0bdk,30,0,0
1nw0bdk,31,0,0
1nw0bdk,32,0,0
1nw0bdk,33,-1,0
1nw0bdk,34,-1,0
1nw0bdk,35,0,0
1nw0bdk,36,0,0
1nw0bdk,37,0,0
1nw0bdk,38,0,0
1nw0bdk,39,0,0
1nw0bdk,40,0,0
1nw0bdk,41,0,0
1nw0bdk,42,0,0
1nw0bdk,43,0,0
1nw0bdk,44,0,0
1nw0bdk,45,0,0
1nw0bdk,46,0,0
1nw0bdk,47,0,0
1nw0bdk,48,0,0
1nw0bdk,49,1,0
1nw0bdk,50,-1,0
1nw0bdk,51,0,0
1nw0bdk,52,1,0
1nw0bdk,53,0,0
1nw0bdk,54,0,0
1nw0bdk,55,0,0
1nw0bdk,56,1,0
1nw0bdk,57,0,0
1nw0bdk,58,1,0
1nw0bdk,59,1,0
1nw0bdk,60,1,0
1nw0bdk,61,1,0
1nw0bdk,62,1,0
1nw0bdk,63,1,0
1nw0bdk,64,0,0
1nw0bdk,65,0,0
1nw0bdk,66,0,0
1nw0bdk,67,0,0
1nw0bdk,68,0,0
1nw0bdk,69,0,0
1nw0bdk,70,0,0
1nw0bdk,71,0,0
1nw0bdk,72,0,0
1nw0bdk,73,0,0
1nw0bdk,74,0,0
1nw0bdk,75,0,0
1nxrz9d,0,0,0
1nxrz9d,1,1,0
1nxrz9d,2,-1,0
1nxrz9d,3,-1,0
1nxrz9d,4,-1,0
1nxrz9d,5,1,0
1nxrz9d,6,1,0
1nxrz9d,7,0,0
1nxrz9d,8,0,0
1nxrz9d,9,-1,0
1nxrz9d,10,0,0
1nxrz9d,11,0,0
1nxrz9d,12,-1,0
1nxrz9d,13,-1,0
1nxrz9d,14,0,0
1nxrz9d,15,1,0
1nxrz9d,16,0,0
1nxrz9d,17,0,0
1nxrz9d,18,0,0
1nxrz9d,19,0,0
1nxrz9d,20,-1,0
1nxrz9d,21,0,0
1nxrz9d,22,-1,0
1nxrz9d,23,1,0
1nxrz9d,24,-1,0
1nxrz9d,25,1,0
1nxrz9d,26,0,0
1nxrz9d,27,0,0
1nxrz9d,28,1,0
1nxrz9d,29,1,0
1nxrz9d,30,1,0
1nxrz9d,31,0,0
1nxrz9d,32,1,0
1nxrz9d,33,1,0
1nxrz9d,34,1,0
1ny6368,0,0,0
1ny6368,1,0,0
1ny6368,2,1,0
1ny6368,3,-1,0
1ny6368,4,1,0
1ny6368,5,1,0
1ny6368,6,-1,0
1ny6368,7,1,0
1ny6368,8,-1,0
1ny6368,9,0,0
1ny6368,10,-1,0
1ny6368,11,1,0
1ny6368,12,-1,0
1ny6368,13,-1,0
1ny6368,14,0,0
1ny6368,15,1,0
1ny6368,16,0,0
1ny6368,17,0,0
1ny6368,18,1,0
1ny6368,19,1,0
1ny6368,20,1,0
1ny6368,21,1,0
1ny6368,22,1,0
1ny6368,23,-1,0
1ny6368,24,-1,0
1ny6368,25,0,0
1ny6368,26,0,0
1ny6368,27,0,0
1ny6368,28,0,0
1ny6368,29,1,0
1ny6368,30,1,0
1ny6368,31,0,0
1ny6368,32,-1,0
1ny6368,33,1,0
1ny6368,34,0,0
1ny6368,35,1,0
1ny6368,36,-1,0
1ny6368,37,0,0
1ny6368,38,1,0
1ny6368,39,1,0
1ny6368,40,-1,0
1ny6368,41,1,0
1ny6368,42,-1,0
1ny6368,43,1,0
1ny6368,44,1,0
1ny6368,45,0,0
1ny6368,46,0,0
1ny6368,47,1,0
1ny6368,48,-1,0
1ny6368,49,0,0
1ny6368,50,-1,0
1ny6368,51,1,0
1ny6368,52,0,0
1ny6368,53,1,0
1ny6368,54,1,0
1ny6368,55,0,0
1ny6368,56,0,0
1ny6368,57,0,0
1ny6368,58,0,0
1ny6368,59,0,0
1ny6368,60,0,0
1ny6368,61,0,0
1ny6368,62,1,0
1ny6368,63,1,0
1ny6368,64,1,0
1ny6368,65,-1,0
1ny6368,66,0,0
1ny6368,67,0,0
1ny6368,68,-1,0
1ny6368,69,0,0
1ny6368,70,-1,0
1ny6368,71,0,0
1ny6368,72,0,0
1ny6368,73,-1,0
1ny6368,74,-1,0
1ny6368,75,-1,0
1ny6368,76,1,0
1ny6368,77,-1,0
1ny6368,78,1,0
1ny6368,79,-1,0
1ny6368,80,1,0
1ny6368,81,1,0
1ny6368,82,-1,0
1ny6368,83,0,0
1ny6368,84,-1,0
1ny6368,85,0,0
1ny6368,86,1,0
1ny6368,87,-1,0
1ny6368,88,1,0
1ny6368,89,1,0
1ny6368,90,1,0
1ny6368,91,0,0
1ny6368,92,0,0
1ny6368,93,0,0
1ny6368,94,0,0
1ny6368,95,0,0
1ny6368,96,-1,0
1ny6368,97,0,0
1ny6368,98,-1,0
1ny6368,99,1,0
1ny6368,100,0,0
1ny6368,101,1,0
1ny6368,102,-1,0
1ny6368,103,1,0
1ny6368,104,1,0
1ny6368,105,0,0
1ny6368,106,0,0
1ny6368,107,0,0
1ny6368,108,0,0
1ny6368,109,1,0
1ny6368,110,0,0
1ny6368,111,1,0
1ny6368,112,-1,0
1ny6368,113,1,0
1ny6368,114,0,0
1ny6368,115,0,0
1ny6368,116,0,0
1ny6368,117,0,0
1ny6368,118,0,0
1ny6368,119,1,0
1ny6368,120,0,0
1ny6368,121,1,0
1ny6368,122,0,0
1ny6368,123,1,0
1ny6368,124,0,0
1ny6368,125,0,0
1ny6368,126,1,0
1ny6368,127,1,0
1ny6368,128,1,0
1o1k82l,0,0,1
1o1k82l,1,0,1
1o1k82l,2,-1,1
1o1k82l,3,0,1
1o1k82l,4,0,1
1o1k82l,5,-1,1
1o1k82l,6,0,1
1o1k82l,7,0,1
1o1k82l,8,0,1
1o1k82l,9,0,1
1o1k82l,10,1,1
1o1k82l,11,1,1
1o1k82l,12,1,1
1o1k82l,13,1,1
1o1k82l,14,0,1
1o1k82l,15,0,1
1o1k82l,16,0,1
1o1k82l,17,-1,1
1o1k82l,18,0,1
1o1k82l,19,-1,1
1o1k82l,20,-1,1
1o1k82l,21,-1,1
1o1k82l,22,0,1
1o1k82l,23,-1,1
1o1k82l,24,1,1
1o1k82l,25,-1,1
1o1k82l,26,0,1
1o1k82l,27,0,1
1o1k82l,28,0,1
1o1k82l,29,0,1
1o1k82l,30,1,1
1o1k82l,31,0,1
1o1k82l,32,1,1
1o1k82l,33,1,1
1o1k82l,34,0,1
1o1k82l,35,1,1
1o1k82l,36,0,1
1o1k82l,37,1,1
1o1k82l,38,0,1
1o1k82l,39,0,1
1o1k82l,40,0,1
1o1k82l,41,1,1
1o1k82l,42,0,1
1o1k82l,43,-1,1
1o1k82l,44,-1,1
1o1k82l,45,0,1
1o1k82l,46,0,1
1o1k82l,47,0,1
1o1k82l,48,0,1
1o1k82l,49,0,1
1o1mnyf,0,1,0
1o1mnyf,1,1,0
1o1mnyf,2,0,0
1o1mnyf,3,0,0
1o1mnyf,4,0,0
1o1mnyf,5,0,0
1o1mnyf,6,0,0
1o1mnyf,7,0,0
1o1mnyf,8,0,0
1o1mnyf,9,-1,0
1o1mnyf,10,0,0
1o1mnyf,11,0,0
1o1mnyf,12,0,0
1o1mnyf,13,0,0
1o1mnyf,14,0,0
1o1mnyf,15,0,0
1o1mnyf,16,0,0
1o1mnyf,17,0,0
1o1mnyf,18,0,0
1o1mnyf,19,0,0
1o1mnyf,20,0,0
1o1mnyf,21,0,0
1o1mnyf,22,0,0
1o1mnyf,23,0,0
1o1mnyf,24,0,0
1o1mnyf,25,0,0
1o1mnyf,26,0,0
1o1mnyf,27,0,0
1o1mnyf,28,0,0
1o1mnyf,29,0,0
1o1mnyf,30,0,0
1o1mnyf,31,0,0
1o1mnyf,32,0,0
1o1mnyf,33,0,0
1o1mnyf,34,0,0
1o1mnyf,35,0,0
1o1mnyf,36,0,0
1o1mnyf,37,0,0
1o1mnyf,38,0,0
1o1mnyf,39,-1,0
1o1mnyf,40,-1,0
1o1mnyf,41,1,0
1o1mnyf,42,0,0
1o1mnyf,43,1,0
1o1mnyf,44,0,0
1o1mnyf,45,1,0
1o1mnyf,46,0,0
1o1mnyf,47,0,0
1o1mnyf,48,0,0
1o1mnyf,49,1,0
1o4mnd8,0,0,0
1o4mnd8,1,-1,0
1o4mnd8,2,-1,0
1o4mnd8,3,-1,0
1o4mnd8,4,-1,0
1o4mnd8,5,0,0
1o4mnd8,6,1,0
1o4mnd8,7,-1,0
1o4mnd8,8,0,0
1o4mnd8,9,0,0
1o4mnd8,10,1,0
1o4mnd8,11,1,0
1o4mnd8,12,0,0
1o4mnd8,13,1,0
1o4mnd8,14,1,0
1o4mnd8,15,1,0
1o4mnd8,16,0,0
1o4mnd8,17,-1,0
1o4mnd8,18,0,0
1o4mnd8,19,0,0
1o4mnd8,20,1,0
1o4mnd8,21,1,0
1o4mnd8,22,1,0
1o4mnd8,23,1,0
1o4mnd8,24,0,0
1o4mnd8,25,1,0
1o4mnd8,26,1,0
1o4mnd8,27,0,0
1o4mnd8,28,0,0
1o4mnd8,29,1,0
1o6rc2e,0,-1,0
1o6rc2e,1,0,0
1o6rc2e,2,0,0
1o6rc2e,3,0,0
1o6rc2e,4,0,0
1o6rc2e,5,0,0
1o6rc2e,6,0,0
1o6rc2e,7,-1,0
1o6rc2e,8,1,0
1o6rc2e,9,-1,0
1o6rc2e,10,1,0
1o6rc2e,11,0,0
1o6rc2e,12,0,0
1o6rc2e,13,-1,0
1o6rc2e,14,1,0
1o6rc2e,15,0,0
1o6rc2e,16,0,0
1o6rc2e,17,0,0
1o6rc2e,18,0,0
1o6rc2e,19,1,0
1o6rc2e,20,-1,0
1o6rc2e,21,0,0
1o6rc2e,22,0,0
1o6rc2e,23,0,0
1o6rc2e,24,0,0
1o6rc2e,25,0,0
1o6rc2e,26,0,0
1o6rc2e,27,-1,0
1o6rc2e,28,0,0
1o6rc2e,29,0,0
1o6rc2e,30,0,0
1o6rc2e,31,0,0
1o6rc2e,32,-1,0
1o6rc2e,33,0,0
1o6rc2e,34,0,0
1o6rc2e,35,0,0
1o6rc2e,36,0,0
1o6rc2e,37,0,0
1o6rc2e,38,0,0
1o6rc2e,39,1,0
1o6rc2e,40,0,0
1o6rc2e,41,-1,0
1o6rc2e,42,1,0
1o6rc2e,43,-1,0
1o6rc2e,44,1,0
1o6rc2e,45,-1,0
1o6rc2e,46,-1,0
1o6rc2e,47,-1,0
1o6rc2e,48,1,0
1o6rc2e,49,0,0
1o6rc2e,50,0,0
1o6rc2e,51,0,0
1o6rc2e,52,-1,0
1o6rc2e,53,1,0
1o6rc2e,54,1,0
1o6rc2e,55,-1,0
1o6rc2e,56,-1,0
1o6rc2e,57,-1,0
1o6rc2e,58,0,0
1o6rc2e,59,0,0
1o6rc2e,60,0,0
1o8athz,0,0,0
1o8athz,1,0,0
1o8athz,2,0,0
1o8athz,3,0,0
1o8athz,4,0,0
1o8athz,5,-1,0
1o8athz,6,0,0
1o8athz,7,0,0
1o8athz,8,0,0
1o8athz,9,0,0
1o8athz,10,0,0
1o8athz,11,0,0
1o8athz,12,1,0
1o8athz,13,-1,0
1o8athz,14,0,0
1o8dmdp,0,1,0
1o8dmdp,1,1,0
1o8dmdp,2,-1,0
1o8dmdp,3,0,0
1o8dmdp,4,-1,0
1o8dmdp,5,0,0
1o8dmdp,6,1,0
1o8dmdp,7,-1,0
1o8dmdp,8,1,0
1o8dmdp,9,-1,0
1o8dmdp,10,0,0
1o8dmdp,11,-1,0
1o8dmdp,12,0,0
1o8dmdp,13,0,0
1o8dmdp,14,0,0
1o8dmdp,15,0,0
1o8dmdp,16,0,0
1o8dmdp,17,0,0
1o8dmdp,18,0,0
1o8dmdp,19,0,0
1o8dmdp,20,0,0
1o8dmdp,21,-1,0
1o8dmdp,22,1,0
1o8dmdp,23,0,0
1o8dmdp,24,1,0
1o8dmdp,25,0,0
1o8dmdp,26,0,0
1o8dmdp,27,0,0
1o8dmdp,28,1,0
1o8dmdp,29,-1,0
1o8dmdp,30,0,0
1o8dmdp,31,0,0
1o8dmdp,32,0,0
1o8dmdp,33,0,0
1o8dmdp,34,1,0
1o8dmdp,35,0,0
1o8dmdp,36,0,0
1o8dmdp,37,0,0
1o8dmdp,38,0,0
1o8dmdp,39,1,0
1o8dmdp,40,1,0
1o8dmdp,41,0,0
1o8dmdp,42,0,0
1o8dmdp,43,1,0
1o8dmdp,44,1,0
1obpfhr,0,1,0
1obpfhr,1,-1,0
1obpfhr,2,0,0
1obpfhr,3,1,0
1obpfhr,4,1,0
1obpfhr,5,-1,0
1obpfhr,6,0,0
1obpfhr,7,-1,0
1obpfhr,8,1,0
1obpfhr,9,-1,0
1obpfhr,10,1,0
1obpfhr,11,0,0
1obpfhr,12,-1,0
1obpfhr,13,1,0
1obpfhr,14,1,0
1obpfhr,15,-1,0
1obpfhr,16,1,0
1obpfhr,17,1,0
1obpfhr,18,0,0
1obpfhr,19,0,0
1obpfhr,20,0,0
1obpfhr,21,1,0
1obpfhr,22,-1,0
1obpfhr,23,0,0
1obpfhr,24,1,0
1obpfhr,25,0,0
1obpfhr,26,0,0
1obpfhr,27,0,0
1obpfhr,28,0,0
1obpfhr,29,0,0
1obpfhr,30,0,0
1obpfhr,31,1,0
1obpfhr,32,1,0
1obpfhr,33,0,0
1obpfhr,34,0,0
1obpfhr,35,1,0
1obpfhr,36,0,0
1obpfhr,37,1,0
1obpfhr,38,0,0
1obpfhr,39,0,0
1obpfhr,40,1,0
1obpfhr,41,0,0
1obpfhr,42,1,0
1obpfhr,43,0,0
1obpfhr,44,1,0
1obpfhr,45,1,0
1obpfhr,46,1,0
1obpfhr,47,0,0
1ochwdj,0,0,0
1ochwdj,1,-1,0
1ochwdj,2,0,0
1ochwdj,3,0,0
1ochwdj,4,0,0
1ochwdj,5,1,0
1ochwdj,6,1,0
1ochwdj,7,-1,0
1ochwdj,8,1,0
1ochwdj,9,-1,0
1ochwdj,10,1,0
1ochwdj,11,-1,0
1ochwdj,12,1,0
1ochwdj,13,-1,0
1ochwdj,14,-1,0
1ochwdj,15,1,0
1ochwdj,16,0,0
1ochwdj,17,0,0
1ochwdj,18,1,0
1ochwdj,19,1,0
1ochwdj,20,1,0
1ochwdj,21,-1,0
1ochwdj,22,1,0
1ochwdj,23,0,0
1ochwdj,24,1,0
1ochwdj,25,0,0
1ochwdj,26,-1,0
1ochwdj,27,0,0
1ochwdj,28,1,0
1ochwdj,29,1,0
1ochwdj,30,-1,0
1ochwdj,31,0,0
1ochwdj,32,1,0
1ochwdj,33,0,0
1ochwdj,34,0,0
1ochwdj,35,0,0
1ochwdj,36,0,0
1ochwdj,37,0,0
1ochwdj,38,-1,0
1ochwdj,39,-1,0
1ochwdj,40,-1,0
1ochwdj,41,0,0
1ochwdj,42,-1,0
1ochwdj,43,-1,0
1ochwdj,44,0,0
1ochwdj,45,1,0
1ochwdj,46,0,0
1ochwdj,47,0,0
1ochwdj,48,0,0
1ochwdj,49,0,0
1ochwdj,50,1,0
1ochwdj,51,-1,0
1ochwdj,52,0,0
1ochwdj,53,1,0
1ochwdj,54,1,0
1ochwdj,55,-1,0
1ochwdj,56,0,0
1ochwdj,57,1,0
1ochwdj,58,-1,0
1ochwdj,59,1,0
1ochwdj,60,1,0
1ochwdj,61,-1,0
1ochwdj,62,0,0
1ochwdj,63,0,0
1ochwdj,64,-1,0
1ochwdj,65,1,0
1ochwdj,66,1,0
1ochwdj,67,-1,0
1ochwdj,68,0,0
1ochwdj,69,0,0
1ochwdj,70,0,0
1ochwdj,71,0,0
1ochwdj,72,1,0
1ochwdj,73,1,0
1ochwdj,74,0,0
1ochwdj,75,0,0
1ochwdj,76,0,0
1ochwdj,77,1,0
1ochwdj,78,0,0
1ochwdj,79,0,0
1ochwdj,80,-1,0
1ochwdj,81,-1,0
1ochwdj,82,-1,0
1ochwdj,83,0,0
1ochwdj,84,0,0
1ochwdj,85,0,0
1ochwdj,86,0,0
1ochwdj,87,0,0
1ochwdj,88,0,0
1ochwdj,89,1,0
1ochwdj,90,0,0
1ochwdj,91,-1,0
1ochwdj,92,0,0
1ochwdj,93,1,0
1ochwdj,94,0,0
1ochwdj,95,1,0
1ochwdj,96,1,0
1ochwdj,97,0,0
1ochwdj,98,0,0
1ochwdj,99,1,0
1ochwdj,100,0,0
1ochwdj,101,1,0
1ochwdj,102,0,0
1ochwdj,103,0,0
1ochwdj,104,0,0
1ochwdj,105,0,0
1ochwdj,106,0,0
1ochwdj,107,-1,0
1ochwdj,108,-1,0
1ochwdj,109,-1,0
1ochwdj,110,-1,0
1ochwdj,111,-1,0
1ochwdj,112,0,0
1ochwdj,113,-1,0
1ochwdj,114,-1,0
1ochwdj,115,0,0
1ochwdj,116,0,0
1ochwdj,117,1,0
1ochwdj,118,-1,0
1ochwdj,119,0,0
1ochwdj,120,-1,0
1ochwdj,121,0,0
1ochwdj,122,1,0
1ochwdj,123,0,0
1ochwdj,124,0,0
1ochwdj,125,0,0
1ochwdj,126,0,0
1ochwdj,127,0,0
1ochwdj,128,1,0
1ochwdj,129,1,0
1ochwdj,130,0,0
1ochwdj,131,1,0
1ochwdj,132,0,0
1ochwdj,133,0,0
1ochwdj,134,0,0
1ochwdj,135,0,0
1ochwdj,136,0,0
1ochwdj,137,0,0
1ochwdj,138,0,0
1ochwdj,139,0,0
1ochwdj,140,0,0
1ochwdj,141,0,0
1ochwdj,142,0,0
1ochwdj,143,0,0
1ochwdj,144,0,0
1ochwdj,145,0,0
1ochwdj,146,0,0
1ochwdj,147,1,0
1ochwdj,148,0,0
1ochwdj,149,1,0
1ochwdj,150,0,0
1ochwdj,151,1,0
1ochwdj,152,0,0
1ochwdj,153,0,0
1ochwdj,154,0,0
1ochwdj,155,0,0
1ochwdj,156,0,0
1ochwdj,157,0,0
1ochwdj,158,0,0
1ochwdj,159,0,0
1ochwdj,160,0,0
1ochwdj,161,0,0
1ochwdj,162,0,0
1ochwdj,163,0,0
1ochwdj,164,1,0
1ochwdj,165,0,0
1ochwdj,166,0,0
1ochwdj,167,0,0
1ochwdj,168,0,0
1ochwdj,169,0,0
1ochwdj,170,0,0
1ochwdj,171,0,0
1ochwdj,172,0,0
1ochwdj,173,0,0
1ochwdj,174,0,0
1ochwdj,175,0,0
1ochwdj,176,0,0
1ochwdj,177,0,0
1ochwdj,178,0,0
1ochwdj,179,0,0
1ochwdj,180,0,0
1ochwdj,181,0,0
1ochwdj,182,1,0
1ochwdj,183,0,0
1ochwdj,184,1,0
1ochwdj,185,0,0
1ochwdj,186,1,0
1ochwdj,187,1,0
1ochwdj,188,1,0
1ochwdj,189,1,0
1offyq5,0,0,0
1offyq5,1,0,0
1offyq5,2,0,0
1offyq5,3,0,0
1oftuzb,0,1,0
1oftuzb,1,0,0
1oftuzb,2,1,0
1oftuzb,3,0,0
1oftuzb,4,0,0
1oftuzb,5,-1,0
1oftuzb,6,1,0
1oftuzb,7,0,0
1oftuzb,8,1,0
1oftuzb,9,0,0
1oftuzb,10,0,0
1oftuzb,11,-1,0
1oftuzb,12,-1,0
1oftuzb,13,0,0
1oftuzb,14,-1,0
1oftuzb,15,-1,0
1oftuzb,16,-1,0
1oftuzb,17,1,0
1oftuzb,18,0,0
1oftuzb,19,0,0
1oftuzb,20,0,0
1oftuzb,21,-1,0
1oftuzb,22,-1,0
1oftuzb,23,0,0
1oftuzb,24,0,0
1oftuzb,25,-1,0
1oftuzb,26,-1,0
1oftuzb,27,-1,0
1oftuzb,28,1,0
1oftuzb,29,-1,0
1oftuzb,30,0,0
1oftuzb,31,0,0
1oftuzb,32,0,0
1oftuzb,33,0,0
1oftuzb,34,0,0
1oftuzb,35,-1,0
1oftuzb,36,-1,0
1oftuzb,37,0,0
1oftuzb,38,0,0
1oftuzb,39,0,0
1oftuzb,40,0,0
1oftuzb,41,1,0
1oftuzb,42,1,0
1oftuzb,43,1,0
1oftuzb,44,-1,0
1oftuzb,45,-1,0
1oftuzb,46,0,0
1oftuzb,47,1,0
1oftuzb,48,0,0
1oftuzb,49,0,0
1oftuzb,50,-1,0
1oftuzb,51,0,0
1oftuzb,52,0,0
1oftuzb,53,1,0
1oftuzb,54,0,0
1oftuzb,55,0,0
1oftuzb,56,0,0
1oftuzb,57,1,0
1oftuzb,58,1,0
1oftuzb,59,1,0
1oftuzb,60,0,0
1oftuzb,61,0,0
1ogd6m2,0,1,0
1ogd6m2,1,1,0
1ogd6m2,2,1,0
1ogd6m2,3,0,0
1ogd6m2,4,0,0
1ogd6m2,5,1,0
1ogd6m2,6,0,0
1ogd6m2,7,1,0
1ogd6m2,8,1,0
1ogd6m2,9,1,0
1ogd6m2,10,0,0
1ogd6m2,11,0,0
1ogd6m2,12,1,0
1ogd6m2,13,0,0
1ogd6m2,14,0,0
1ogd6m2,15,1,0
1ogd6m2,16,1,0
1ogd6m2,17,1,0
1ogd6m2,18,0,0
1ogd6m2,19,0,0
1ogd6m2,20,1,0
1ogd6m2,21,1,0
1ogd6m2,22,1,0
1ogd6m2,23,1,0
1ogd6m2,24,0,0
1ogd6m2,25,1,0
1ogd6m2,26,1,0
1ogd6m2,27,1,0
1ogd6m2,28,1,0
1ogd6m2,29,1,0
1ogd6m2,30,1,0
1ogd6m2,31,1,0
1ogd6m2,32,1,0
1ogd6m2,33,0,0
1ogd6m2,34,-1,0
1ogd6m2,35,0,0
1ogd6m2,36,0,0
1ogd6m2,37,-1,0
1ogd6m2,38,0,0
1ohmz2p,0,-1,0
1ohmz2p,1,1,0
1ohmz2p,2,-1,0
1ohmz2p,3,1,0
1ohmz2p,4,-1,0
1ohmz2p,5,-1,0
1ohmz2p,6,1,0
1ohmz2p,7,1,0
1ohmz2p,8,-1,0
1ohmz2p,9,-1,0
1ohmz2p,10,-1,0
1ohmz2p,11,0,0
1ohmz2p,12,0,0
1ohmz2p,13,0,0
1ohmz2p,14,0,0
1ohmz2p,15,0,0
1ohmz2p,16,0,0
1ohmz2p,17,0,0
1ohmz2p,18,0,0
1ohmz2p,19,0,0
1ohmz2p,20,0,0
1ohmz2p,21,0,0
1ohmz2p,22,0,0
1ohmz2p,23,0,0
1ohmz2p,24,0,0
1ohmz2p,25,0,0
1ohmz2p,26,0,0
1ohmz2p,27,-1,0
1ohmz2p,28,1,0
1ohmz2p,29,1,0
1ohmz2p,30,-1,0
1ohmz2p,31,0,0
1ohmz2p,32,1,0
1ohmz2p,33,1,0
1ohmz2p,34,0,0
1ohmz2p,35,1,0
1ohmz2p,36,0,0
1ohmz2p,37,0,0
1ohmz2p,38,0,0
1ohmz2p,39,0,0
1ohmz2p,40,1,0
1ohmz2p,41,1,0
1ohmz2p,42,1,0
1ohmz2p,43,0,0
1ohmz2p,44,1,0
1ohmz2p,45,0,0
1ohmz2p,46,0,0
1ohmz2p,47,0,0
1ohmz2p,48,0,0
1ohmz2p,49,1,0
1ohmz2p,50,1,0
1ohmz2p,51,0,0
1ohmz2p,52,-1,0
1ohmz2p,53,1,0
1ohmz2p,54,0,0
1ohmz2p,55,-1,0
1ohmz2p,56,-1,0
1ohmz2p,57,1,0
1ohmz2p,58,0,0
1ohmz2p,59,-1,0
1ohmz2p,60,-1,0
1ohmz2p,61,-1,0
1ohmz2p,62,-1,0
1ohmz2p,63,0,0
1ohmz2p,64,0,0
1ohmz2p,65,0,0
1ohmz2p,66,0,0
1ohmz2p,67,0,0
1ohmz2p,68,0,0
1ohmz2p,69,1,0
1ohmz2p,70,0,0
1ohmz2p,71,0,0
1ohmz2p,72,0,0
1ohmz2p,73,0,0
1ohmz2p,74,0,0
1ohmz2p,75,0,0
1ohmz2p,76,0,0
1ohmz2p,77,0,0
1ohmz2p,78,0,0
1ohmz2p,79,-1,0
1ohmz2p,80,0,0
1ohmz2p,81,-1,0
1ohmz2p,82,-1,0
1ohmz2p,83,-1,0
1ohmz2p,84,0,0
1ohmz2p,85,0,0
1ohmz2p,86,1,0
1ohmz2p,87,1,0
1ohmz2p,88,1,0
1ohmz2p,89,1,0
1ohmz2p,90,1,0
1ohmz2p,91,1,0
1ohmz2p,92,1,0
1ohmz2p,93,0,0
1ohmz2p,94,0,0
1ohmz2p,95,0,0
1ohmz2p,96,0,0
1ohmz2p,97,-1,0
1ohmz2p,98,1,0
1ohmz2p,99,1,0
1ohmz2p,100,1,0
1ohmz2p,101,1,0
1ohmz2p,102,1,0
1ohmz2p,103,0,0
1ohmz2p,104,0,0
1ohmz2p,105,0,0
1oi9k96,0,-1,0
1oi9k96,1,1,0
1oi9k96,2,-1,0
1oi9k96,3,0,0
1oi9k96,4,-1,0
1oi9k96,5,0,0
1oi9k96,6,0,0
1oi9k96,7,0,0
1oi9k96,8,-1,0
1oi9k96,9,0,0
1oi9k96,10,0,0
1oi9k96,11,0,0
1oi9k96,12,0,0
1oi9k96,13,-1,0
1oi9k96,14,0,0
1oi9k96,15,0,0
1oi9k96,16,0,0
1oi9k96,17,0,0
1oi9k96,18,0,0
1oi9k96,19,-1,0
1oi9k96,20,-1,0
1oi9k96,21,0,0
1oi9k96,22,-1,0
1oi9k96,23,0,0
1oi9k96,24,-1,0
1oi9k96,25,-1,0
1oi9k96,26,-1,0
1oi9k96,27,-1,0
1oi9k96,28,0,0
1oi9k96,29,-1,0
1oi9k96,30,0,0
1oi9k96,31,-1,0
1oi9k96,32,0,0
1oi9k96,33,0,0
1oi9k96,34,0,0
1oi9k96,35,0,0
1oi9k96,36,0,0
1oi9k96,37,0,0
1oi9k96,38,0,0
1oi9k96,39,-1,0
1oi9k96,40,0,0
1oi9k96,41,-1,0
1oi9k96,42,0,0
1oi9k96,43,0,0
1oi9k96,44,0,0
1oi9k96,45,-1,0
1oi9k96,46,1,0
1oi9k96,47,0,0
1oi9k96,48,0,0
1oi9k96,49,0,0
1oi9k96,50,1,0
1oi9k96,51,1,0
1oi9k96,52,0,0
1oi9k96,53,1,0
1oi9k96,54,0,0
1oi9k96,55,0,0
1oi9k96,56,1,0
1oi9k96,57,0,0
1oi9k96,58,0,0
1oi9k96,59,0,0
1oi9k96,60,0,0
1oi9k96,61,-1,0
1oi9k96,62,0,0
1oi9k96,63,0,0
1oi9k96,64,0,0
1oi9k96,65,0,0
1oi9k96,66,0,0
1oi9k96,67,0,0
1oi9k96,68,0,0
1oi9k96,69,0,0
1oi9k96,70,0,0
1oi9k96,71,-1,0
1oi9k96,72,-1,0
1oi9k96,73,-1,0
1oi9k96,74,-1,0
1oi9k96,75,0,0
1oi9k96,76,-1,0
1oi9k96,77,-1,0
1oi9k96,78,-1,0
1oi9k96,79,0,0
1oi9k96,80,0,0
1oi9k96,81,0,0
1oi9k96,82,0,0
1oi9k96,83,0,0
1oi9k96,84,0,0
1oi9k96,85,0,0
1oi9k96,86,0,0
1oi9k96,87,-1,0
1oi9k96,88,-1,0
1oi9k96,89,0,0
1oi9k96,90,-1,0
1oi9k96,91,0,0
1oi9k96,92,-1,0
1oi9k96,93,1,0
1oi9k96,94,0,0
1oi9k96,95,0,0
1oi9k96,96,0,0
1oi9k96,97,-1,0
1oi9k96,98,-1,0
1oi9k96,99,-1,0
1oi9k96,100,0,0
1oi9k96,101,1,0
1oi9k96,102,-1,0
1oi9k96,103,0,0
1oi9k96,104,1,0
1oi9k96,105,-1,0
1oi9k96,106,1,0
1oi9k96,107,0,0
1oi9k96,108,1,0
1oi9k96,109,-1,0
1oi9k96,110,0,0
1oi9k96,111,-1,0
1oi9k96,112,0,0
1oi9k96,113,-1,0
1oi9k96,114,0,0
1oi9k96,115,0,0
1oi9k96,116,0,0
1oi9k96,117,0,0
1okbdp7,0,-1,0
1okbdp7,1,-1,0
1okbdp7,2,0,0
1okbdp7,3,0,0
1okbdp7,4,0,0
1okbdp7,5,-1,0
1okbdp7,6,-1,0
1okbdp7,7,-1,0
1okbdp7,8,0,0
1okbdp7,9,-1,0
1okbdp7,10,-1,0
1okbdp7,11,0,0
1okbdp7,12,0,0
1okbdp7,13,0,0
1okbdp7,14,0,0
1okbdp7,15,1,0
1okbdp7,16,0,0
1okbdp7,17,-1,0
1okbdp7,18,0,0
1okbdp7,19,1,0
1okbdp7,20,0,0
1okbdp7,21,-1,0
1okbdp7,22,0,0
1okbdp7,23,0,0
1okbdp7,24,1,0
1okbdp7,25,1,0
1okbdp7,26,0,0
1okbdp7,27,0,0
1okbdp7,28,1,0
1okbdp7,29,1,0
1okbdp7,30,0,0
1okbdp7,31,-1,0
1okbdp7,32,-1,0
1okbdp7,33,-1,0
1okbdp7,34,0,0
1okbdp7,35,0,0
1okbdp7,36,-1,0
1okbdp7,37,0,0
1okbdp7,38,0,0
1okbdp7,39,-1,0
1okbdp7,40,0,0
1okbdp7,41,0,0
1okbdp7,42,-1,0
1okbdp7,43,-1,0
1okbdp7,44,0,0
1okbdp7,45,0,0
1okbdp7,46,0,0
1okbdp7,47,0,0
1okbdp7,48,-1,0
1okbdp7,49,-1,0
1okbdp7,50,-1,0
1okbdp7,51,0,0
1okbdp7,52,0,0
1okbdp7,53,1,0
1okbdp7,54,0,0
1okbdp7,55,0,0
1okbdp7,56,0,0
1okbdp7,57,0,0
1okbdp7,58,1,0
1okbdp7,59,0,0
1okbdp7,60,0,0
1okbdp7,61,0,0
1okbdp7,62,0,0
1okbdp7,63,0,0
1okbdp7,64,0,0
1okbdp7,65,0,0
1okbdp7,66,0,0
1okbdp7,67,0,0
1okbdp7,68,1,0
1okbdp7,69,0,0
1okbdp7,70,0,0
1okbdp7,71,0,0
1okbdp7,72,0,0
1okbdp7,73,-1,0
1okbdp7,74,-1,0
1okbdp7,75,0,0
1okbdp7,76,0,0
1okbdp7,77,0,0
1okbdp7,78,0,0
1okbdp7,79,-1,0
1okbdp7,80,0,0
1okbdp7,81,0,0
1okbdp7,82,0,0
1okbdp7,83,0,0
1okbdp7,84,0,0
1okbdp7,85,0,0
1okbdp7,86,0,0
1okbdp7,87,0,0
1okbdp7,88,0,0
1okbdp7,89,1,0
1okbdp7,90,0,0
1okbdp7,91,0,0
1okbdp7,92,1,0
1okbdp7,93,1,0
1okbdp7,94,1,0
1okbdp7,95,1,0
1okbdp7,96,0,0
1okbdp7,97,0,0
1okbdp7,98,-1,0
1okbdp7,99,0,0
1okbdp7,100,-1,0
1okbdp7,101,0,0
1okbdp7,102,0,0
1okbdp7,103,-1,0
1okbdp7,104,0,0
1okbdp7,105,1,0
1okbdp7,106,0,0
1okpne0,0,0,0
1okpne0,1,0,0
1okpne0,2,0,0
1okpne0,3,0,0
1oks0yj,0,1,0
1oks0yj,1,1,0
1oks0yj,2,-1,0
1oks0yj,3,-1,0
1oks0yj,4,-1,0
1oks0yj,5,-1,0
1oks0yj,6,0,0
1oks0yj,7,0,0
1oks0yj,8,0,0
1oks0yj,9,0,0
1oks0yj,10,-1,0
1oks0yj,11,1,0
1oks0yj,12,0,0
1oks0yj,13,0,0
1oks0yj,14,0,0
1oks0yj,15,0,0
1oks0yj,16,0,0
1oks0yj,17,-1,0
1oks0yj,18,0,0
1oks0yj,19,-1,0
1oks0yj,20,-1,0
1oks0yj,21,1,0
1oks0yj,22,1,0
1oks0yj,23,0,0
1oks0yj,24,0,0
1oks0yj,25,0,0
1oks0yj,26,-1,0
1oks0yj,27,1,0
1oks0yj,28,0,0
1oks0yj,29,1,0
1oks0yj,30,0,0
1oks0yj,31,1,0
1oks0yj,32,0,0
1oks0yj,33,0,0
1oks0yj,34,-1,0
1oks0yj,35,0,0
1oks0yj,36,0,0
1oks0yj,37,-1,0
1oks0yj,38,1,0
1oks0yj,39,0,0
1oks0yj,40,0,0
1oks0yj,41,-1,0
1oks0yj,42,0,0
1oks0yj,43,-1,0
1oks0yj,44,0,0
1oks0yj,45,0,0
1oks0yj,46,-1,0
1oku492,0,-1,0
1oku492,1,-1,0
1oku492,2,0,0
1oku492,3,0,0
1oku492,4,0,0
1oku492,5,0,0
1oku492,6,0,0
1oku492,7,0,0
1oku492,8,0,0
1oku492,9,0,0
1oku492,10,0,0
1oku492,11,0,0
1oku492,12,0,0
1oku492,13,1,0
1oku492,14,1,0
1oku492,15,1,0
1oku492,16,0,0
1oku492,17,0,0
1oku492,18,-1,0
1oku492,19,-1,0
1oku492,20,0,0
1oku492,21,-1,0
1oku492,22,1,0
1oku492,23,0,0
1oku492,24,1,0
1oku492,25,0,0
1oku492,26,-1,0
1oku492,27,1,0
1oku492,28,1,0
1oku492,29,1,0
1oku492,30,0,0
1oku492,31,0,0
1oku492,32,0,0
1oku492,33,1,0
1oku492,34,0,0
1oku492,35,0,0
1oku492,36,0,0
1oku492,37,0,0
1oku492,38,0,0
1oku492,39,0,0
1oku492,40,0,0
1oku492,41,-1,0
1oku492,42,1,0
1oku492,43,0,0
1oku492,44,-1,0
1oku492,45,-1,0
1oku492,46,1,0
1oku492,47,1,0
1oku492,48,-1,0
1oku492,49,-1,0
1oku492,50,-1,0
1oku492,51,1,0
1oku492,52,-1,0
1oku492,53,0,0
1oku492,54,1,0
1oku492,55,-1,0
1oku492,56,-1,0
1oku492,57,-1,0
1oku492,58,0,0
1oku492,59,0,0
1oku492,60,1,0
1oku492,61,0,0
1oku492,62,1,0
1oku492,63,1,0
1oku492,64,1,0
1oku492,65,1,0
1oku492,66,1,0
1oku492,67,0,0
1oku492,68,1,0
1oku492,69,1,0
1oku492,70,0,0
1oku492,71,-1,0
1oku492,72,0,0
1oku492,73,0,0
1oku492,74,0,0
1oku492,75,0,0
1oku492,76,0,0
1oku492,77,0,0
1oku492,78,1,0
1oku492,79,0,0
1oku492,80,0,0
1oku492,81,0,0
1oku492,82,0,0
1oku492,83,0,0
1oku492,84,1,0
1oku492,85,1,0
1oku492,86,0,0
1oku492,87,1,0
1oku492,88,0,0
1oku492,89,0,0
1oku492,90,1,0
1oku492,91,1,0
1oku492,92,-1,0
1oku492,93,0,0
1oku492,94,0,0
1oku492,95,0,0
1oku492,96,1,0
1oku492,97,1,0
1oku492,98,0,0
1oku492,99,0,0
1oku492,100,1,0
1oku492,101,0,0
1oku492,102,0,0
1oku492,103,0,0
1oku492,104,0,0
1oku492,105,1,0
1oku492,106,0,0
1oku492,107,0,0
1oku492,108,-1,0
1oku492,109,0,0
1oku492,110,0,0
1oku492,111,-1,0
1oku492,112,-1,0
1olyehm,0,0,0
1olyehm,1,0,0
1olyehm,2,0,0
1olyehm,3,0,0
1olyehm,4,-1,0
1olyehm,5,0,0
1olyehm,6,0,0
1olyehm,7,0,0
1olyehm,8,0,0
1olyehm,9,0,0
1olyehm,10,0,0
1olyehm,11,0,0
1olyehm,12,0,0
1olyehm,13,0,0
1olyehm,14,0,0
1olyehm,15,1,0
1olyehm,16,0,0
1olyehm,17,1,0
1olyehm,18,-1,0
1olyehm,19,1,0
1olyehm,20,1,0
1olyehm,21,-1,0
1olyehm,22,1,0
1olyehm,23,0,0
1olyehm,24,0,0
1olyehm,25,-1,0
1olyehm,26,-1,0
1olyehm,27,1,0
1olyehm,28,-1,0
1olyehm,29,1,0
1olyehm,30,0,0
1olyehm,31,0,0
1olyehm,32,0,0
1olyehm,33,0,0
1olyehm,34,1,0
1olyehm,35,1,0
1olyehm,36,0,0
1olyehm,37,0,0
1olyehm,38,0,0
1olyehm,39,1,0
1olyehm,40,0,0
1olyehm,41,1,0
1olyehm,42,0,0
1olyehm,43,0,0
1olyehm,44,0,0
1olyehm,45,1,0
1olyehm,46,0,0
1olyehm,47,0,0
1ommtf5,0,-1,0
1ommtf5,1,0,0
1ommtf5,2,0,0
1ommtf5,3,0,0
1ommtf5,4,0,0
1ommtf5,5,1,0
1ommtf5,6,0,0
1ommtf5,7,0,0
1ommtf5,8,0,0
1ommtf5,9,1,0
1ommtf5,10,1,0
1ommtf5,11,1,0
1ommtf5,12,1,0
1ommtf5,13,1,0
1ommtf5,14,0,0
1ommtf5,15,1,0
1ommtf5,16,0,0
1ommtf5,17,1,0
1ommtf5,18,1,0
1ommtf5,19,0,0
1ommtf5,20,1,0
1ommtf5,21,1,0
1ommtf5,22,1,0
1ommtf5,23,1,0
1ommtf5,24,1,0
1ommtf5,25,1,0
1ommtf5,26,0,0
1ommtf5,27,1,0
1ommtf5,28,1,0
1ommtf5,29,0,0
1ommtf5,30,0,0
1ommtf5,31,1,0
1ommtf5,32,1,0
1ommtf5,33,1,0
1ommtf5,34,1,0
1ommtf5,35,1,0
1ommtf5,36,1,0
1ommtf5,37,0,0
1ommtf5,38,0,0
1ommtf5,39,0,0
1ommtf5,40,0,0
1ommtf5,41,0,0
1ommtf5,42,0,0
1ommtf5,43,0,0
1ommtf5,44,1,0
1ommtf5,45,1,0
1ommtf5,46,1,0
1ommtf5,47,0,0
1ommtf5,48,1,0
1ommtf5,49,1,0
1ommtf5,50,1,0
1ommtf5,51,1,0
1ommtf5,52,0,0
1ommtf5,53,0,0
1ommtf5,54,1,0
1ommtf5,55,0,0
1ommtf5,56,0,0
1ommtf5,57,0,0
1ommtf5,58,0,0
1ommtf5,59,0,0
1ommtf5,60,1,0
1ommtf5,61,0,0
1ommtf5,62,0,0
1ommtf5,63,0,0
1ommtf5,64,1,0
1ommtf5,65,1,0
1ommtf5,66,1,0
1ommtf5,67,1,0
1ommtf5,68,1,0
1ommtf5,69,1,0
1ommtf5,70,1,0
1ommtf5,71,1,0
1ommtf5,72,0,0
1ommtf5,73,1,0
1ommtf5,74,0,0
1ommtf5,75,0,0
1ommtf5,76,0,0
1onivz9,0,-1,0
1onivz9,1,-1,0
1onivz9,2,-1,0
1onivz9,3,0,0
1onivz9,4,-1,0
1onivz9,5,-1,0
1onivz9,6,1,0
1onivz9,7,0,0
1onivz9,8,1,0
1onivz9,9,1,0
1onivz9,10,0,0
1onivz9,11,0,0
1onivz9,12,0,0
1onivz9,13,-1,0
1onivz9,14,-1,0
1onivz9,15,-1,0
1onivz9,16,0,0
1onivz9,17,-1,0
1onivz9,18,-1,0
1onivz9,19,0,0
1onivz9,20,1,0
1onivz9,21,-1,0
1onivz9,22,-1,0
1onivz9,23,-1,0
1onlsyh,0,-1,0
1onlsyh,1,1,0
1onlsyh,2,1,0
1onlsyh,3,0,0
1onlsyh,4,-1,0
1onlsyh,5,1,0
1onlsyh,6,1,0
1onlsyh,7,1,0
1onlsyh,8,1,0
1onlsyh,9,1,0
1onlsyh,10,0,0
1onlsyh,11,-1,0
1onlsyh,12,-1,0
1onlsyh,13,-1,0
1onlsyh,14,0,0
1onlsyh,15,0,0
1onlsyh,16,0,0
1onlsyh,17,1,0
1onlsyh,18,-1,0
1onlsyh,19,1,0
1onlsyh,20,1,0
1onlsyh,21,0,0
1onlsyh,22,0,0
1onlsyh,23,1,0
1onlsyh,24,-1,0
1onlsyh,25,1,0
1onlsyh,26,1,0
1onlsyh,27,1,0
1onlsyh,28,0,0
1onlsyh,29,1,0
1onm81p,0,-1,0
1onm81p,1,-1,0
1onm81p,2,0,0
1onm81p,3,-1,0
1onm81p,4,0,0
1onm81p,5,0,0
1onm81p,6,-1,0
1onm81p,7,-1,0
1onm81p,8,0,0
1onm81p,9,0,0
1onm81p,10,-1,0
1onm81p,11,0,0
1onm81p,12,0,0
1onm81p,13,-1,0
1onm81p,14,1,0
1onm81p,15,-1,0
1onm81p,16,0,0
1onm81p,17,0,0
1onm81p,18,1,0
1onm81p,19,-1,0
1onm81p,20,-1,0
1onm81p,21,0,0
1onm81p,22,0,0
1onm81p,23,-1,0
1onm81p,24,0,0
1onm81p,25,-1,0
1onm81p,26,-1,0
1onm81p,27,-1,0
1onm81p,28,1,0
1onm81p,29,0,0
1onm81p,30,-1,0
1onm81p,31,1,0
1onm81p,32,0,0
1onm81p,33,0,0
1onm81p,34,0,0
1onm81p,35,0,0
1onm81p,36,-1,0
1onm81p,37,0,0
1onm81p,38,0,0
1onm81p,39,0,0
1onm81p,40,0,0
1onm81p,41,1,0
1onm81p,42,0,0
1onm81p,43,-1,0
1onm81p,44,-1,0
1onm81p,45,1,0
1onm81p,46,1,0
1onm81p,47,-1,0
1onm81p,48,0,0
1onm81p,49,1,0
1onm81p,50,1,0
1onm81p,51,0,0
1onm81p,52,0,0
1onm81p,53,0,0
1onm81p,54,0,0
1or01ov,0,-1,0
1or01ov,1,0,0
1or01ov,2,-1,0
1or01ov,3,0,0
1or01ov,4,0,0
1or01ov,5,0,0
1or01ov,6,0,0
1or01ov,7,0,0
1or01ov,8,0,0
1or01ov,9,0,0
1or01ov,10,0,0
1or01ov,11,-1,0
1or01ov,12,0,0
1or01ov,13,0,0
1or01ov,14,0,0
1or01ov,15,-1,0
1or01ov,16,-1,0
1or01ov,17,0,0
1or01ov,18,0,0
1or01ov,19,0,0
1or01ov,20,-1,0
1or01ov,21,-1,0
1or01ov,22,0,0
1or01ov,23,0,0
1or01ov,24,-1,0
1or01ov,25,0,0
1or01ov,26,0,0
1or01ov,27,0,0
1or01ov,28,0,0
1or01ov,29,0,0
1or01ov,30,0,0
1or01ov,31,0,0
1or01ov,32,0,0
1or01ov,33,0,0
1or01ov,34,0,0
1or01ov,35,-1,0
1or01ov,36,0,0
1or01ov,37,0,0
1or01ov,38,0,0
1or01ov,39,0,0
1or01ov,40,0,0
1or01ov,41,0,0
1or01ov,42,0,0
1or01ov,43,-1,0
1or01ov,44,0,0
1or01ov,45,-1,0
1or01ov,46,-1,0
1or01ov,47,0,0
1or01ov,48,0,0
1or01ov,49,0,0
1or01ov,50,0,0
1or01ov,51,-1,0
1or01ov,52,-1,0
1or01ov,53,-1,0
1or01ov,54,-1,0
1or01ov,55,-1,0
1or01ov,56,-1,0
1or01ov,57,0,0
1or01ov,58,0,0
1or01ov,59,0,0
1or01ov,60,0,0
1or01ov,61,-1,0
1or01ov,62,-1,0
1or01ov,63,0,0
1ot79sb,0,0,0
1ot79sb,1,0,0
1ot79sb,2,0,0
1ot79sb,3,0,0
1ot79sb,4,0,0
1ot79sb,5,0,0
1ot79sb,6,0,0
1ot79sb,7,0,0
1ot79sb,8,0,0
1ot79sb,9,0,0
1ot79sb,10,0,0
1ot79sb,11,1,0
1ot79sb,12,0,0
1ot79sb,13,0,0
1ot79sb,14,0,0
1ot79sb,15,0,0
1ot79sb,16,0,0
1ot79sb,17,0,0
1ot79sb,18,0,0
1ot79sb,19,0,0
1ot79sb,20,0,0
1ot79sb,21,0,0
1ot79sb,22,0,0
1ot79sb,23,0,0
1ot79sb,24,0,0
1ot79sb,25,1,0
1ot79sb,26,1,0
1ot79sb,27,-1,0
1ot79sb,28,1,0
1ot79sb,29,-1,0
1ot79sb,30,1,0
1ot79sb,31,0,0
1ot79sb,32,0,0
1ot79sb,33,0,0
1ot79sb,34,1,0
1ot79sb,35,1,0
1ot79sb,36,0,0
1ot79sb,37,0,0
1ot79sb,38,1,0
1ot79sb,39,1,0
1ot79sb,40,0,0
1ot79sb,41,0,0
1ot79sb,42,0,0
1ot79sb,43,-1,0
1ot79sb,44,0,0
1ot79sb,45,0,0
1ot79sb,46,0,0
1ot79sb,47,0,0
1ouzpxf,0,0,0
1ouzpxf,1,0,0
1ouzpxf,2,0,0
1ouzpxf,3,0,0
1ouzpxf,4,0,0
1ouzpxf,5,0,0
1ouzpxf,6,0,0
1ov06b0,0,-1,0
1ov06b0,1,-1,0
1ov06b0,2,-1,0
1ov06b0,3,0,0
1ov06b0,4,0,0
1ov06b0,5,1,0
1ov06b0,6,0,0
1ov06b0,7,-1,0
1ov06b0,8,0,0
1ov06b0,9,0,0
1ov06b0,10,0,0
1ov06b0,11,0,0
1ov06b0,12,0,0
1ov06b0,13,0,0
1ov06b0,14,0,0
1ov06b0,15,-1,0
1ov06b0,16,0,0
1ov06b0,17,0,0
1ov06b0,18,0,0
1ov06b0,19,0,0
1ov06b0,20,-1,0
1ov06b0,21,0,0
1ov06b0,22,0,0
1ov06b0,23,0,0
1ov06b0,24,0,0
1ov06b0,25,0,0
1ov06b0,26,0,0
1ov06b0,27,0,0
1ov06b0,28,1,0
1ov06b0,29,0,0
1ov06b0,30,0,0
1ov06b0,31,1,0
1ov06b0,32,0,0
1ov06b0,33,0,0
1ov06b0,34,0,0
1ov06b0,35,0,0
1ov06b0,36,-1,0
1ov06b0,37,-1,0
1ov06b0,38,0,0
1ov06b0,39,0,0
1ov06b0,40,0,0
1ov06b0,41,0,0
1ov06b0,42,0,0
1ov06b0,43,0,0
1ov06b0,44,0,0
1ov06b0,45,0,0
1ov06b0,46,1,0
1ov06b0,47,1,0
1ov06b0,48,0,0
1ov06b0,49,-1,0
1ov06b0,50,-1,0
1ov06b0,51,-1,0
1ov06b0,52,0,0
1ov06b0,53,0,0
1ov06b0,54,0,0
1ov06b0,55,0,0
1ov06b0,56,0,0
1ov06b0,57,0,0
1ov06b0,58,0,0
1ov06b0,59,0,0
1ov06b0,60,0,0
1ov06b0,61,0,0
1ov06b0,62,1,0
1ov06b0,63,0,0
1ov06b0,64,-1,0
1ov06b0,65,-1,0
1ov06b0,66,1,0
1ov06b0,67,0,0
1ov06b0,68,-1,0
1ov06b0,69,0,0
1ov06b0,70,0,0
1ov06b0,71,-1,0
1ov06b0,72,1,0
1ov06b0,73,1,0
1ov06b0,74,0,0
1ov06b0,75,0,0
1ov06b0,76,1,0
1ov06b0,77,0,0
1ov06b0,78,0,0
1ov06b0,79,0,0
1ov06b0,80,0,0
1ov06b0,81,0,0
1ov06b0,82,0,0
1ov06b0,83,-1,0
1ov06b0,84,1,0
1ov06b0,85,-1,0
1ov06b0,86,0,0
1ov06b0,87,0,0
1ov06b0,88,1,0
1ov06b0,89,0,0
1ov06b0,90,0,0
1ov06b0,91,0,0
1ov06b0,92,0,0
1ov06b0,93,0,0
1ov06b0,94,0,0
1ov06b0,95,0,0
1ov06b0,96,0,0
1ov06b0,97,1,0
1ov06b0,98,0,0
1ov06b0,99,0,0
1ov06b0,100,0,0
1ov06b0,101,0,0
1ov06b0,102,0,0
1ov06b0,103,-1,0
1ov06b0,104,0,0
1ov06b0,105,0,0
1ov06b0,106,0,0
1ov06b0,107,0,0
1ov06b0,108,0,0
1ov06b0,109,0,0
1ov06b0,110,0,0
1ov06b0,111,0,0
1ov06b0,112,-1,0
1ov06b0,113,-1,0
1ov06b0,114,1,0
1ov06b0,115,0,0
1ov06b0,116,-1,0
1ov06b0,117,0,0
1ov06b0,118,-1,0
1ov06b0,119,0,0
1ov06b0,120,-1,0
1ov06b0,121,-1,0
1ov06b0,122,-1,0
1ov06b0,123,0,0
1ov06b0,124,0,0
1ov06b0,125,-1,0
1ov06b0,126,-1,0
1ov06b0,127,0,0
1ov06b0,128,0,0
1ov06b0,129,0,0
1ov06b0,130,1,0
1ov06b0,131,0,0
1ov06b0,132,0,0
1ov06b0,133,-1,0
1ov06b0,134,0,0
1ov06b0,135,0,0
1ov06b0,136,0,0
1ov06b0,137,0,0
1ov06b0,138,0,0
1ov06b0,139,0,0
1ov06b0,140,0,0
1ov06b0,141,0,0
1ov06b0,142,0,0
1ov06b0,143,-1,0
1ov06b0,144,-1,0
1ov06b0,145,1,0
1ov06b0,146,0,0
1ov06b0,147,0,0
1ov06b0,148,-1,0
1ov06b0,149,0,0
1ov06b0,150,0,0
1ov06b0,151,-1,0
1ov06b0,152,-1,0
1ov06b0,153,0,0
1ov06b0,154,0,0
1ov06b0,155,-1,0
1ov06b0,156,0,0
1ov06b0,157,0,0
1ov06b0,158,0,0
1ov06b0,159,0,0
1ov06b0,160,0,0
1ov06b0,161,0,0
1ov06b0,162,0,0
1ov06b0,163,0,0
1ov06b0,164,0,0
1ov06b0,165,0,0
1ov06b0,166,0,0
1ov06b0,167,0,0
1ov06b0,168,-1,0
1ov06b0,169,-1,0
1ov06b0,170,0,0
1ov06b0,171,0,0
1ov06b0,172,0,0
1ov06b0,173,0,0
1ov06b0,174,0,0
1ov06b0,175,-1,0
1ov06b0,176,0,0
1ov06b0,177,0,0
1ov06b0,178,0,0
1ov06b0,179,0,0
1ov06b0,180,-1,0
1ov06b0,181,-1,0
1ov06b0,182,0,0
1ov06b0,183,-1,0
1ov06b0,184,-1,0
1ov06b0,185,-1,0
1ov7ivk,0,1,0
1ov7ivk,1,1,0
1ov7ivk,2,0,0
1ov7ivk,3,0,0
1ov7ivk,4,0,0
1ov7ivk,5,0,0
1ov7ivk,6,0,0
1ov7ivk,7,1,0
1ov7ivk,8,-1,0
1ov7ivk,9,0,0
1ov7ivk,10,0,0
1ov7ivk,11,0,0
1ov7ivk,12,0,0
1ov7ivk,13,0,0
1ov7ivk,14,0,0
1ov7ivk,15,0,0
1ov7ivk,16,0,0
1ov7ivk,17,0,0
1ov7ivk,18,0,0
1ov7ivk,19,0,0
1ov7ivk,20,0,0
1ov7ivk,21,0,0
1ov7ivk,22,0,0
1ov7ivk,23,0,0
1ov7ivk,24,0,0
1ov7ivk,25,0,0
1ov7ivk,26,0,0
1ov7ivk,27,-1,0
1ov7ivk,28,-1,0
1ov7ivk,29,1,0
1ov7ivk,30,-1,0
1ov7ivk,31,-1,0
1ov7ivk,32,0,0
1ov7ivk,33,0,0
1ov7ivk,34,1,0
1oxwq6f,0,-1,0
1oxwq6f,1,0,0
1oxwq6f,2,-1,0
1oxwq6f,3,0,0
1oxwq6f,4,0,0
1oxwq6f,5,0,0
1oxwq6f,6,1,0
1oxwq6f,7,0,0
1oxwq6f,8,1,0
1oxwq6f,9,0,0
1oxwq6f,10,0,0
1oxwq6f,11,0,0
1oxwq6f,12,1,0
1oxwq6f,13,1,0
1oxwq6f,14,0,0
1oxwq6f,15,1,0
1oxwq6f,16,1,0
1oxwq6f,17,0,0
1oxwq6f,18,-1,0
1oxwq6f,19,0,0
1oxwq6f,20,0,0
1oxwq6f,21,0,0
1oz9l4n,0,0,0
1oz9l4n,1,0,0
1oz9l4n,2,0,0
1oz9l4n,3,-1,0
1oz9l4n,4,-1,0
1oz9l4n,5,-1,0
1oz9l4n,6,0,0
1oz9l4n,7,0,0
1oz9l4n,8,0,0
1oz9l4n,9,0,0
1oz9l4n,10,0,0
1oz9l4n,11,0,0
1oz9l4n,12,-1,0
1oz9l4n,13,0,0
1oz9l4n,14,0,0
1oz9l4n,15,0,0
1oz9l4n,16,0,0
1oz9l4n,17,0,0
1oz9l4n,18,0,0
1oz9l4n,19,0,0
1oz9l4n,20,0,0
1oz9l4n,21,0,0
1oz9l4n,22,0,0
1oz9l4n,23,0,0
1oz9l4n,24,0,0
1oz9l4n,25,0,0
1oz9l4n,26,-1,0
1oz9l4n,27,-1,0
1oz9l4n,28,-1,0
1oz9l4n,29,-1,0
1oz9l4n,30,0,0
1oz9l4n,31,0,0
1ozr1b9,0,0,0
1ozr1b9,1,-1,0
1ozr1b9,2,1,0
1ozr1b9,3,0,0
1ozr1b9,4,0,0
1ozr1b9,5,0,0
1ozr1b9,6,0,0
1ozr1b9,7,0,0
1ozr1b9,8,1,0
1ozr1b9,9,0,0
1p0mby5,0,-1,0
1p0mby5,1,1,0
1p0mby5,2,-1,0
1p0mby5,3,0,0
1p0mby5,4,0,0
1p0mby5,5,0,0
1p0mby5,6,0,0
1p0mby5,7,1,0
1p0mby5,8,-1,0
1p0mby5,9,1,0
1p0mby5,10,0,0
1p0mby5,11,1,0
1p0mby5,12,0,0
1p0mby5,13,1,0
1p0mby5,14,-1,0
1p0mby5,15,0,0
1p0mby5,16,1,0
1p0mby5,17,1,0
1p0mby5,18,0,0
1p0mby5,19,0,0
1p0mby5,20,0,0
1p0mby5,21,0,0
1p0mby5,22,0,0
1p0mby5,23,0,0
1p0mby5,24,0,0
1p0mby5,25,-1,0
1p0mby5,26,1,0
1p0mby5,27,1,0
1p0mby5,28,1,0
1p0mby5,29,1,0
1p0mby5,30,0,0
1p0mby5,31,0,0
1p0mby5,32,1,0
1p0mby5,33,1,0
1p0mby5,34,1,0
1p0mby5,35,1,0
1p0mby5,36,1,0
1p0mby5,37,0,0
1p0mby5,38,0,0
1p0mby5,39,0,0
1p0mby5,40,0,0
1p0mby5,41,0,0
1p0mby5,42,0,0
1p0mby5,43,0,0
1p0mby5,44,0,0
1p0mby5,45,0,0
1p0mby5,46,0,0
1p0mby5,47,-1,0
1p0mby5,48,0,0
1p0mby5,49,1,0
1p0mby5,50,0,0
1p0mby5,51,0,0
1p0mby5,52,0,0
1p0mby5,53,0,0
1p0mby5,54,-1,0
1p0mby5,55,-1,0
1p0mby5,56,0,0
1p0mby5,57,1,0
1p0mby5,58,1,0
1p0mby5,59,1,0
1p0mby5,60,0,0
1p0mby5,61,1,0
1p0mby5,62,0,0
1p0mby5,63,0,0
1p0mby5,64,0,0
1p0mby5,65,0,0
1p15onh,0,-1,0
1p15onh,1,1,0
1p15onh,2,1,0
1p15onh,3,1,0
1p15onh,4,0,0
1p15onh,5,0,0
1p15onh,6,0,0
1p15onh,7,1,0
1p15onh,8,0,0
1p15onh,9,-1,0
1p15onh,10,0,0
1p15onh,11,0,0
1p15onh,12,1,0
1p15onh,13,-1,0
1p15onh,14,1,0
1p15onh,15,0,0
1p15onh,16,0,0
1p15onh,17,1,0
1p15onh,18,0,0
1p15onh,19,-1,0
1p15onh,20,1,0
1p15onh,21,1,0
1p15onh,22,1,0
1p15onh,23,0,0
1p15onh,24,1,0
1p15onh,25,1,0
1p15onh,26,0,0
1p15onh,27,0,0
1p15onh,28,1,0
1p15onh,29,1,0
1p15onh,30,1,0
1p15onh,31,1,0
1p15onh,32,1,0
1p15onh,33,0,0
1p15onh,34,-1,0
1p15onh,35,0,0
1p15onh,36,-1,0
1p15onh,37,0,0
1p15onh,38,0,0
1p15onh,39,0,0
1p15onh,40,0,0
1p15onh,41,0,0
1p15onh,42,0,0
1p15onh,43,1,0
1p15onh,44,0,0
1p15onh,45,1,0
1p15onh,46,0,0
1p15onh,47,0,0
1p15onh,48,0,0
1p15onh,49,0,0
1p15onh,50,0,0
1p15onh,51,1,0
1p15onh,52,0,0
1p15onh,53,0,0
1p15onh,54,1,0
1p15onh,55,1,0
1p15onh,56,-1,0
1p15onh,57,0,0
1p15onh,58,0,0
1p15onh,59,0,0
1p15onh,60,1,0
1p15onh,61,-1,0
1p15onh,62,-1,0
1p15onh,63,1,0
1p15onh,64,0,0
1p15onh,65,0,0
1p15onh,66,-1,0
1p15onh,67,1,0
1p15onh,68,1,0
1p15onh,69,-1,0
1p1wk6n,0,1,0
1p1wk6n,1,-1,0
1p1wk6n,2,-1,0
1p1wk6n,3,-1,0
1p1wk6n,4,1,0
1p1wk6n,5,0,0
1p1wk6n,6,-1,0
1p1wk6n,7,1,0
1p1wk6n,8,0,0
1p1wk6n,9,0,0
1p1wk6n,10,1,0
1p1wk6n,11,1,0
1p1wk6n,12,1,0
1p1wk6n,13,0,0
1p1wk6n,14,1,0
1p1wk6n,15,1,0
1p1wk6n,16,0,0
1p1wk6n,17,1,0
1p1wk6n,18,1,0
1p1wk6n,19,1,0
1p1wk6n,20,1,0
1p1wk6n,21,1,0
1p1wk6n,22,-1,0
1p1wk6n,23,1,0
1p1wk6n,24,0,0
1p1wk6n,25,0,0
1p1wk6n,26,0,0
1p1wk6n,27,1,0
1p1wk6n,28,0,0
1p1wk6n,29,-1,0
1p1wk6n,30,1,0
1p1wk6n,31,-1,0
1p1wk6n,32,1,0
1p1wk6n,33,1,0
1p1wk6n,34,1,0
1p1wk6n,35,0,0
1p1wk6n,36,0,0
1p1wk6n,37,0,0
1p1wk6n,38,0,0
1p1wk6n,39,0,0
1p1wk6n,40,1,0
1p1wk6n,41,1,0
1p1wk6n,42,0,0
1p1wk6n,43,1,0
1p1wk6n,44,0,0
1p1wk6n,45,-1,0
1p1wk6n,46,0,0
1p1wk6n,47,0,0
1p1wk6n,48,0,0
1p1wk6n,49,0,0
1p5h9av,0,0,0
1p5h9av,1,-1,0
1p5h9av,2,1,0
1p5h9av,3,0,0
1p5h9av,4,-1,0
1p5h9av,5,0,0
1p5h9av,6,1,0
1p5h9av,7,-1,0
1p5h9av,8,0,0
1p5h9av,9,0,0
1p5h9av,10,1,0
1p5h9av,11,0,0
1p5h9av,12,0,0
1p5h9av,13,-1,0
1p5h9av,14,-1,0
1p5h9av,15,1,0
1p5h9av,16,-1,0
1p5h9av,17,1,0
1p5h9av,18,-1,0
1p5h9av,19,0,0
1p5h9av,20,0,0
1p5h9av,21,1,0
1p5h9av,22,0,0
1p5h9av,23,1,0
1p5h9av,24,0,0
1p5h9av,25,-1,0
1p5h9av,26,0,0
1p5h9av,27,0,0
1p5h9av,28,0,0
1p5h9av,29,0,0
1p5h9av,30,1,0
1p5h9av,31,0,0
1p5h9av,32,1,0
1p5h9av,33,0,0
1p5h9av,34,0,0
1p5h9av,35,0,0
1p5h9av,36,0,0
1p5h9av,37,0,0
1p5h9av,38,1,0
1p5h9av,39,0,0
1p5h9av,40,0,0
1p5h9av,41,0,0
1p5h9av,42,0,0
1p5h9av,43,0,0
1p5h9av,44,0,0
1p5h9av,45,0,0
1p5h9av,46,0,0
1p5h9av,47,1,0
1p5h9av,48,-1,0
1p5h9av,49,0,0
1p5h9av,50,0,0
1p5h9av,51,1,0
1p5h9av,52,0,0
1p5h9av,53,0,0
1p5h9av,54,0,0
1p5h9av,55,1,0
1p5h9av,56,-1,0
1p5h9av,57,0,0
1p5h9av,58,0,0
1p5h9av,59,1,0
1p5h9av,60,0,0
1p5h9av,61,1,0
1p5h9av,62,0,0
1p5h9av,63,0,0
1p5h9av,64,-1,0
1p5h9av,65,1,0
1p5h9av,66,0,0
1p5h9av,67,-1,0
1p5h9av,68,0,0
1p5h9av,69,0,0
1p5h9av,70,-1,0
1p5h9av,71,0,0
1p5h9av,72,1,0
1p5h9av,73,0,0
1p5h9av,74,0,0
1p5h9av,75,1,0
1p5h9av,76,-1,0
1p5h9av,77,-1,0
1p5h9av,78,-1,0
1p5h9av,79,0,0
1p5h9av,80,1,0
1p5h9av,81,1,0
1p5h9av,82,1,0
1p5h9av,83,-1,0
1p5h9av,84,0,0
1p5h9av,85,-1,0
1p5h9av,86,1,0
1p5h9av,87,0,0
1p5h9av,88,0,0
1p5h9av,89,0,0
1p5h9av,90,0,0
1p5h9av,91,0,0
1p5h9av,92,0,0
1p5h9av,93,0,0
1p5h9av,94,0,0
1p5h9av,95,0,0
1p5h9av,96,0,0
1p5h9av,97,0,0
1p5h9av,98,1,0
1p5h9av,99,1,0
1p5h9av,100,0,0
1p5h9av,101,0,0
1p5h9av,102,-1,0
1p5h9av,103,0,0
1p5h9av,104,0,0
1p5h9av,105,0,0
1p5h9av,106,0,0
1p5h9av,107,0,0
1p5h9av,108,0,0
1p5h9av,109,0,0
1p5h9av,110,0,0
1p5h9av,111,0,0
1p5h9av,112,0,0
1p5h9av,113,0,0
1p5h9av,114,0,0
1p5h9av,115,0,0
1p5h9av,116,0,0
1p5h9av,117,0,0
1p5h9av,118,0,0
1p5h9av,119,0,0
1p5h9av,120,0,0
1p5h9av,121,0,0
1p8wfkv,0,0,0
1p8wfkv,1,0,0
1p8wfkv,2,1,0
1p8wfkv,3,0,0
1p8wfkv,4,0,0
1p8wfkv,5,0,0
1p8wfkv,6,1,0
1p8wfkv,7,0,0
1pb702m,0,-1,0
1pb702m,1,0,0
1pb702m,2,0,0
1pb702m,3,-1,0
1pb702m,4,0,0
1pb702m,5,1,0
1pb702m,6,1,0
1pb702m,7,-1,0
1pb702m,8,-1,0
1pb702m,9,1,0
1pb702m,10,0,0
1pb702m,11,0,0
1pb702m,12,0,0
1pb702m,13,0,0
1pb702m,14,0,0
1pb702m,15,0,0
1pb702m,16,0,0
1pb702m,17,-1,0
1pb702m,18,0,0
1pb702m,19,0,0
1pb702m,20,0,0
1pb702m,21,-1,0
1pb702m,22,1,0
1pb702m,23,0,0
1pb702m,24,1,0
1pb702m,25,0,0
1pb702m,26,0,0
1pb702m,27,0,0
1pb702m,28,0,0
1pb702m,29,0,0
1pb702m,30,0,0
1pb702m,31,0,0
1pb702m,32,0,0
1pb702m,33,0,0
1pb702m,34,0,0
1pb702m,35,0,0
1pb702m,36,0,0
1pb702m,37,0,0
1pcak30,0,0,0
1pcak30,1,0,0
1pcak30,2,0,0
1pcak30,3,0,0
1pcak30,4,0,0
1pcak30,5,0,0
1pcak30,6,0,0
1pcak30,7,-1,0
1pcak30,8,0,0
1pcak30,9,0,0
1pcak30,10,0,0
1pcak30,11,1,0
1pcak30,12,0,0
1pcak30,13,0,0
1pcak30,14,1,0
1pcak30,15,1,0
1pcak30,16,1,0
1pcak30,17,1,0
1pcak30,18,1,0
1pcak30,19,1,0
1pe0usj,0,1,0
1pe0usj,1,0,0
1pe0usj,2,1,0
1pe0usj,3,1,0
1pe0usj,4,-1,0
1pe0usj,5,1,0
1pe0usj,6,0,0
1pe0usj,7,-1,0
1pe0usj,8,1,0
1pe0usj,9,1,0
1pe0usj,10,1,0
1pe0usj,11,0,0
1pe0usj,12,-1,0
1pe0usj,13,-1,0
1pe0usj,14,0,0
1pe0usj,15,-1,0
1pe0usj,16,0,0
1pe0usj,17,0,0
1pe0usj,18,0,0
1pe0usj,19,-1,0
1pe0usj,20,1,0
1pe0usj,21,1,0
1pe0usj,22,1,0
1pe0usj,23,-1,0
1pe0usj,24,0,0
1pe0usj,25,0,0
1pe0usj,26,0,0
1pe0usj,27,1,0
1pe0usj,28,1,0
1pe0usj,29,0,0
1pe0usj,30,0,0
1pe0usj,31,0,0
1pe0usj,32,1,0
1pe0usj,33,1,0
1pe0usj,34,0,0
1pe0usj,35,0,0
1pe0usj,36,1,0
1pe0usj,37,1,0
1pe0usj,38,0,0
1pe0usj,39,0,0
1pe0usj,40,1,0
1pe0usj,41,0,0
1pe0usj,42,1,0
1pe0usj,43,1,0
1pe0usj,44,1,0
1pe0usj,45,1,0
1pe0usj,46,1,0
1pe0usj,47,1,0
1pe0usj,48,0,0
1pe0usj,49,0,0
1pe0usj,50,0,0
1pe0usj,51,1,0
1pe0usj,52,1,0
1pe0usj,53,0,0
1pe0usj,54,-1,0
1pe0usj,55,0,0
1pe0usj,56,0,0
1pe0usj,57,1,0
1pe0usj,58,1,0
1pe0usj,59,1,0
1pe0usj,60,1,0
1peorul,0,0,0
1peorul,1,1,0
1peorul,2,1,0
1peorul,3,1,0
1peorul,4,1,0
1peorul,5,0,0
1peorul,6,1,0
1peorul,7,1,0
1peorul,8,1,0
1peorul,9,0,0
1peorul,10,0,0
1peorul,11,-1,0
1peorul,12,0,0
1peorul,13,1,0
1peorul,14,1,0
1peorul,15,1,0
1peorul,16,0,0
1peorul,17,1,0
1peorul,18,1,0
1peorul,19,-1,0
1peorul,20,0,0
1peorul,21,1,0
1peorul,22,0,0
1peorul,23,0,0
1peorul,24,0,0
1peorul,25,1,0
1peorul,26,1,0
1peorul,27,0,0
1peorul,28,0,0
1peorul,29,1,0
1peorul,30,1,0
1peorul,31,1,0
1peorul,32,0,0
1peqjd7,0,-1,0
1peqjd7,1,0,0
1peqjd7,2,0,0
1peqjd7,3,1,0
1peqjd7,4,1,0
1peqjd7,5,0,0
1peqjd7,6,-1,0
1peqjd7,7,-1,0
1peqjd7,8,0,0
1peqjd7,9,0,0
1peqjd7,10,-1,0
1peqjd7,11,-1,0
1peqjd7,12,-1,0
1peqjd7,13,0,0
1peqjd7,14,0,0
1peqjd7,15,0,0
1peqjd7,16,1,0
1peqjd7,17,-1,0
1peqjd7,18,1,0
1ph7s6f,0,0,0
1ph7s6f,1,1,0
1ph7s6f,2,1,0
1ph7s6f,3,1,0
1ph7s6f,4,0,0
1ph7s6f,5,1,0
1ph7s6f,6,1,0
1ph7s6f,7,0,0
1ph7s6f,8,0,0
1ph7s6f,9,0,0
1ph7s6f,10,-1,0
1ph7s6f,11,1,0
1ph7s6f,12,1,0
1ph7s6f,13,1,0
1ph7s6f,14,1,0
1ph7s6f,15,1,0
1ph7s6f,16,0,0
1ph7s6f,17,0,0
1ph7s6f,18,0,0
1ph7s6f,19,0,0
1ph7s6f,20,0,0
1ph7s6f,21,0,0
1ph7s6f,22,0,0
1ph7s6f,23,0,0
1ph7s6f,24,0,0
1ph7s6f,25,0,0
1ph7s6f,26,1,0
1ph7s6f,27,1,0
1ph7s6f,28,0,0
1ph7s6f,29,0,0
1ph7s6f,30,0,0
1ph7s6f,31,0,0
1phc5l0,0,1,0
1phc5l0,1,-1,0
1phc5l0,2,1,0
1phc5l0,3,1,0
1phc5l0,4,1,0
1phc5l0,5,1,0
1phc5l0,6,-1,0
1phc5l0,7,-1,0
1phc5l0,8,0,0
1phc5l0,9,-1,0
1phc5l0,10,1,0
1phc5l0,11,0,0
1phc5l0,12,1,0
1phc5l0,13,1,0
1phc5l0,14,1,0
1phc5l0,15,-1,0
1phc5l0,16,0,0
1phc5l0,17,1,0
1phc5l0,18,1,0
1phc5l0,19,-1,0
1phc5l0,20,1,0
1phc5l0,21,0,0
1phc5l0,22,0,0
1phc5l0,23,0,0
1phc5l0,24,-1,0
1phc5l0,25,0,0
1phc5l0,26,0,0
1phc5l0,27,-1,0
1phc5l0,28,1,0
1phc5l0,29,1,0
1phc5l0,30,-1,0
1phc5l0,31,1,0
1phc5l0,32,1,0
1phc5l0,33,1,0
1phc5l0,34,0,0
1phc5l0,35,1,0
1phc5l0,36,-1,0
1phc5l0,37,1,0
1phc5l0,38,-1,0
1phc5l0,39,1,0
1phc5l0,40,1,0
1phc5l0,41,0,0
1phc5l0,42,1,0
1phc5l0,43,1,0
1phc5l0,44,0,0
1phc5l0,45,-1,0
1phc5l0,46,1,0
1phc5l0,47,1,0
1phc5l0,48,0,0
1phc5l0,49,0,0
1phc5l0,50,0,0
1phc5l0,51,1,0
1phc5l0,52,1,0
1phc5l0,53,0,0
1phc5l0,54,0,0
1phc5l0,55,0,0
1phc5l0,56,0,0
1phc5l0,57,0,0
1phc5l0,58,1,0
1phc5l0,59,0,0
1phi86h,0,0,0
1phi86h,1,1,0
1phi86h,2,0,0
1phi86h,3,0,0
1phi86h,4,0,0
1phi86h,5,0,0
1phi86h,6,0,0
1phi86h,7,0,0
1phi86h,8,0,0
1phi86h,9,0,0
1pk0me0,0,0,0
1pk0me0,1,-1,0
1pk0me0,2,1,0
1pk0me0,3,0,0
1pk0me0,4,0,0
1pk0me0,5,0,0
1pk0me0,6,-1,0
1pk0me0,7,-1,0
1pk0me0,8,1,0
1pk0me0,9,-1,0
1pk0me0,10,-1,0
1pk0me0,11,1,0
1pk0me0,12,1,0
1pk0me0,13,-1,0
1pk0me0,14,1,0
1pk0me0,15,-1,0
1pk0me0,16,-1,0
1pk0me0,17,-1,0
1pk0me0,18,-1,0
1pk0me0,19,-1,0
1pk0me0,20,0,0
1pk0me0,21,-1,0
1pk0me0,22,0,0
1pk0me0,23,1,0
1pk0me0,24,0,0
1pk0me0,25,1,0
1pk0me0,26,0,0
1pk0me0,27,0,0
1pk0me0,28,0,0
1pk0me0,29,-1,0
1pk0me0,30,-1,0
1pk0me0,31,0,0
1pk0me0,32,1,0
1pk0me0,33,-1,0
1pk0me0,34,0,0
1pk0me0,35,0,0
1pk0me0,36,0,0
1pk0me0,37,0,0
1pk0me0,38,0,0
1pk0me0,39,0,0
1pk0me0,40,-1,0
1pk0me0,41,0,0
1pk0me0,42,0,0
1pk0me0,43,0,0
1pk0me0,44,0,0
1pk0me0,45,-1,0
1pk0me0,46,0,0
1pk0me0,47,-1,0
1pk0me0,48,1,0
1pk0me0,49,0,0
1pk0me0,50,0,0
1pk0me0,51,0,0
1pk0me0,52,0,0
1pk0me0,53,0,0
1pk0me0,54,0,0
1pk0me0,55,0,0
1pk0me0,56,1,0
1pk0me0,57,-1,0
1pk0me0,58,-1,0
1pk0me0,59,-1,0
1pk0me0,60,-1,0
1pk0me0,61,-1,0
1pk0me0,62,-1,0
1pk0me0,63,1,0
1pk0me0,64,1,0
1pk0me0,65,1,0
1pk0me0,66,-1,0
1pk0me0,67,1,0
1pk0me0,68,1,0
1pk0me0,69,-1,0
1pk0me0,70,0,0
1pk0me0,71,-1,0
1pk0me0,72,1,0
1pk0me0,73,-1,0
1pk0me0,74,0,0
1pk0me0,75,0,0
1pk0me0,76,-1,0
1pk0me0,77,1,0
1pk0me0,78,1,0
1pk0me0,79,0,0
1pk0me0,80,-1,0
1pk0me0,81,0,0
1pk0me0,82,-1,0
1pk0me0,83,1,0
1pk0me0,84,-1,0
1pk0me0,85,-1,0
1pk0me0,86,-1,0
1pk0me0,87,-1,0
1pk0me0,88,1,0
1pk0me0,89,-1,0
1pk0me0,90,0,0
1pk0me0,91,1,0
1pk0me0,92,0,0
1pk0me0,93,0,0
1pk0me0,94,0,0
1pk0me0,95,0,0
1pk0me0,96,0,0
1pk0me0,97,0,0
1pk0me0,98,0,0
1pk0me0,99,1,0
1pk0me0,100,0,0
1pk0me0,101,0,0
1pk0me0,102,0,0
1pk0me0,103,1,0
1pk0me0,104,0,0
1pk0me0,105,-1,0
1pk0me0,106,0,0
1pk0me0,107,1,0
1pk0me0,108,1,0
1pk0me0,109,-1,0
1pk0me0,110,-1,0
1pk0me0,111,-1,0
1pk0me0,112,0,0
1pk0me0,113,0,0
1pk0me0,114,0,0
1pk0me0,115,1,0
1pk0me0,116,-1,0
1pk0me0,117,0,0
1pk0me0,118,0,0
1pk0me0,119,0,0
1pk0me0,120,0,0
1pk0me0,121,0,0
1pk0me0,122,0,0
1pk0me0,123,0,0
1pk0me0,124,-1,0
1pk0me0,125,0,0
1pk0me0,126,0,0
1pk0me0,127,0,0
1pk0me0,128,-1,0
1pk0me0,129,0,0
1pk0me0,130,0,0
1pk0me0,131,-1,0
1pk0me0,132,-1,0
1pk0me0,133,0,0
1pk0me0,134,0,0
1pk0me0,135,0,0
1pk0me0,136,0,0
1pk0me0,137,0,0
1pk0me0,138,-1,0
1pk0me0,139,0,0
1pk0me0,140,0,0
1pk0me0,141,0,0
1pk0me0,142,0,0
1pk7926,0,0,0
1pk7926,1,0,0
1pk7926,2,1,0
1pk7926,3,-1,0
1pk7926,4,0,0
1pk7926,5,0,0
1pk7926,6,1,0
1pk7926,7,0,0
1pk7926,8,0,0
1pk7926,9,0,0
1pk7926,10,0,0
1pk7926,11,0,0
1pk7926,12,0,0
1pk7926,13,0,0
1pk7926,14,-1,0
1pk7926,15,-1,0
1plgpyu,0,1,0
1plgpyu,1,0,0
1plgpyu,2,0,0
1plgpyu,3,1,0
1plgpyu,4,0,0
1plgpyu,5,1,0
1plgpyu,6,1,0
1plgpyu,7,1,0
1plgpyu,8,1,0
1plgpyu,9,1,0
1plgpyu,10,0,0
1plgpyu,11,1,0
1plgpyu,12,-1,0
1plgpyu,13,0,0
1plgpyu,14,0,0
1plgpyu,15,0,0
1plgpyu,16,0,0
1plgpyu,17,-1,0
1plgpyu,18,1,0
1plgpyu,19,1,0
1plgpyu,20,1,0
1plgpyu,21,1,0
1plgpyu,22,0,0
1plgpyu,23,1,0
1plgpyu,24,0,0
1plgpyu,25,0,0
1plgpyu,26,-1,0
1plgpyu,27,1,0
1plgpyu,28,1,0
1plgpyu,29,-1,0
1plgpyu,30,1,0
1plgpyu,31,0,0
1plgpyu,32,0,0
1plgpyu,33,-1,0
1plgpyu,34,0,0
1plgpyu,35,0,0
1plgpyu,36,-1,0
1plgpyu,37,0,0
1plgpyu,38,1,0
1plgpyu,39,1,0
1plgpyu,40,-1,0
1plgpyu,41,1,0
1plgpyu,42,1,0
1plgpyu,43,1,0
1plgpyu,44,0,0
1plgpyu,45,1,0
1plgpyu,46,0,0
1plgpyu,47,0,0
1plgpyu,48,0,0
1plgpyu,49,0,0
1plgpyu,50,1,0
1plgpyu,51,1,0
1plgpyu,52,-1,0
1plgpyu,53,0,0
1plgpyu,54,1,0
1plgpyu,55,0,0
1plgpyu,56,-1,0
1plgpyu,57,1,0
1plgpyu,58,-1,0
1plgpyu,59,1,0
1plgpyu,60,0,0
1plgpyu,61,0,0
1plgpyu,62,1,0
1plgpyu,63,0,0
1plgpyu,64,-1,0
1plgpyu,65,1,0
1plgpyu,66,1,0
1plgpyu,67,0,0
1plgpyu,68,0,0
1plgpyu,69,1,0
1plgpyu,70,0,0
1plgpyu,71,1,0
1plgpyu,72,1,0
1plgpyu,73,1,0
1plgpyu,74,1,0
1plgpyu,75,0,0
1plgpyu,76,1,0
1plgpyu,77,0,0
1plgpyu,78,0,0
1plgpyu,79,1,0
1plgpyu,80,0,0
1plgpyu,81,0,0
1plgpyu,82,0,0
1plgpyu,83,1,0
1plgpyu,84,1,0
1plgpyu,85,1,0
1plgpyu,86,0,0
1plgpyu,87,0,0
1plgpyu,88,1,0
1plgpyu,89,1,0
1plgpyu,90,-1,0
1plgpyu,91,-1,0
1plgpyu,92,0,0
1plgpyu,93,-1,0
1plgpyu,94,0,0
1plgpyu,95,0,0
1plgpyu,96,0,0
1plgpyu,97,0,0
1plgpyu,98,1,0
1plgpyu,99,0,0
1plgpyu,100,0,0
1plgpyu,101,0,0
1plgpyu,102,0,0
1plgpyu,103,1,0
1plgpyu,104,1,0
1plgpyu,105,1,0
1plgpyu,106,0,0
1plgpyu,107,1,0
1plgpyu,108,0,0
1plgpyu,109,-1,0
1plgpyu,110,1,0
1plgpyu,111,0,0
1plgpyu,112,1,0
1plgpyu,113,1,0
1plgpyu,114,1,0
1plgpyu,115,1,0
1plgpyu,116,1,0
1plgpyu,117,1,0
1plgpyu,118,0,0
1plgpyu,119,1,0
1plgpyu,120,0,0
1plgpyu,121,1,0
1plgpyu,122,1,0
1plgpyu,123,0,0
1plgpyu,124,0,0
1plgpyu,125,1,0
1plgpyu,126,0,0
1plgpyu,127,0,0
1plgpyu,128,1,0
1plgpyu,129,1,0
1plgpyu,130,1,0
1plgpyu,131,1,0
1plgpyu,132,0,0
1plgpyu,133,0,0
1plgpyu,134,1,0
1plgpyu,135,1,0
1plgpyu,136,1,0
1plgpyu,137,1,0
1plgpyu,138,1,0
1plgpyu,139,1,0
1plgpyu,140,0,0
1plgpyu,141,0,0
1plgpyu,142,0,0
1plgpyu,143,0,0
1plgpyu,144,0,0
1plgpyu,145,0,0
1plgpyu,146,0,0
1plgpyu,147,-1,0
1plgpyu,148,0,0
1plgpyu,149,0,0
1plgpyu,150,0,0
1plgpyu,151,0,0
1plgpyu,152,0,0
1plgpyu,153,0,0
1plgpyu,154,0,0
1plgpyu,155,0,0
1plgpyu,156,0,0
1plgpyu,157,0,0
1plgpyu,158,1,0
1plgpyu,159,1,0
1plgpyu,160,0,0
1plgpyu,161,0,0
1plgpyu,162,0,0
1plgpyu,163,0,0
1plgpyu,164,0,0
1plgpyu,165,0,0
1plgpyu,166,0,0
1plgpyu,167,0,0
1plgpyu,168,0,0
1plgpyu,169,0,0
1plgpyu,170,0,0
1plgpyu,171,0,0
1plgpyu,172,0,0
1plgpyu,173,0,0
1plgpyu,174,0,0
1plgpyu,175,0,0
1plgpyu,176,0,0
1plgpyu,177,0,0
1plgpyu,178,1,0
1plgpyu,179,1,0
1plgpyu,180,-1,0
1plgpyu,181,0,0
1plgpyu,182,1,0
1plgpyu,183,1,0
1plgpyu,184,0,0
1plgpyu,185,0,0
1plgpyu,186,-1,0
1plgpyu,187,0,0
1plgpyu,188,1,0
1plgpyu,189,0,0
1plgpyu,190,0,0
1plgpyu,191,1,0
1plgpyu,192,0,0
1plgpyu,193,1,0
1plgpyu,194,1,0
1plgpyu,195,1,0
1plgpyu,196,-1,0
1plgpyu,197,1,0
1plgpyu,198,-1,0
1plgpyu,199,-1,0
1pmalpv,0,-1,0
1pmalpv,1,0,0
1pmalpv,2,-1,0
1pmalpv,3,-1,0
1pmalpv,4,1,0
1pmalpv,5,0,0
1pmalpv,6,-1,0
1pmalpv,7,1,0
1pmalpv,8,0,0
1pmalpv,9,0,0
1pmalpv,10,1,0
1pmalpv,11,0,0
1pmalpv,12,1,0
1pmalpv,13,-1,0
1pmalpv,14,0,0
1pmalpv,15,-1,0
1pmalpv,16,-1,0
1pmalpv,17,-1,0
1pmalpv,18,0,0
1pmalpv,19,0,0
1pmalpv,20,0,0
1pmalpv,21,0,0
1pmalpv,22,0,0
1pmalpv,23,1,0
1pmalpv,24,1,0
1pmalpv,25,-1,0
1pmmuoe,0,0,0
1pmmuoe,1,0,0
1pmmuoe,2,0,0
1pmmuoe,3,0,0
1pmmuoe,4,0,0
1pmmuoe,5,0,0
1pmmuoe,6,0,0
1pmmuoe,7,0,0
1pmmuoe,8,0,0
1pmmuoe,9,0,0
1pmmuoe,10,0,0
1pmmuoe,11,0,0
1pmmuoe,12,0,0
1pmmuoe,13,0,0
1pmmuoe,14,0,0
1pmmuoe,15,0,0
1pmmuoe,16,0,0
1pmmuoe,17,0,0
1pmmuoe,18,0,0
1poxqbk,0,0,0
1poxqbk,1,-1,0
1poxqbk,2,0,0
1poxqbk,3,0,0
1poxqbk,4,0,0
1poxqbk,5,0,0
1poxqbk,6,0,0
1pplall,0,-1,0
1pplall,1,1,0
1pplall,2,0,0
1pplall,3,0,0
1pplall,4,0,0
1pplall,5,0,0
1pplall,6,1,0
1pplall,7,1,0
1pplall,8,1,0
1pplall,9,1,0
1pplall,10,1,0
1pplall,11,1,0
1pplall,12,1,0
1pplall,13,1,0
1pplall,14,0,0
1pplall,15,1,0
1pplall,16,1,0
1pplall,17,1,0
1pplall,18,1,0
1pplall,19,0,0
1pplall,20,0,0
1pplall,21,1,0
1pplall,22,0,0
1pplall,23,-1,0
1pplall,24,1,0
1pplall,25,1,0
1pplall,26,1,0
1pplall,27,1,0
1pplall,28,1,0
1pplall,29,1,0
1pplall,30,0,0
1pplall,31,1,0
1pplall,32,1,0
1pplall,33,1,0
1pplall,34,1,0
1pplall,35,1,0
1pplall,36,-1,0
1pplall,37,1,0
1pplall,38,1,0
1pplall,39,1,0
1pplall,40,1,0
1pplall,41,1,0
1pplall,42,1,0
1pplall,43,1,0
1pplall,44,1,0
1pplall,45,0,0
1pplall,46,1,0
1pplall,47,1,0
1pplall,48,1,0
1pplall,49,1,0
1pplall,50,1,0
1pplall,51,1,0
1pplall,52,1,0
1pplall,53,1,0
1pplall,54,1,0
1pplall,55,1,0
1pplall,56,1,0
1pplall,57,1,0
1pplall,58,-1,0
1pplall,59,0,0
1pplall,60,1,0
1pplall,61,1,0
1pplall,62,1,0
1pplall,63,1,0
1pplall,64,1,0
1pplall,65,1,0
1pplall,66,1,0
1pplall,67,1,0
1pplall,68,1,0
1pplall,69,0,0
1pplall,70,0,0
1pplall,71,1,0
1pplall,72,1,0
1pplall,73,1,0
1pplall,74,1,0
1pplall,75,1,0
1pplall,76,1,0
1pplall,77,-1,0
1pplall,78,1,0
1pplall,79,-1,0
1pplall,80,1,0
1pplall,81,1,0
1pplall,82,1,0
1pplall,83,1,0
1pplall,84,1,0
1pplall,85,1,0
1ptpex0,0,0,0
1ptpex0,1,0,0
1ptpex0,2,0,0
1ptpex0,3,0,0
1ptpex0,4,0,0
1ptpex0,5,1,0
1ptpex0,6,1,0
1ptpex0,7,1,0
1pvaucz,0,0,0
1pvaucz,1,-1,0
1pvaucz,2,0,0
1pvaucz,3,0,0
1pvaucz,4,0,0
1pvaucz,5,0,0
1pvaucz,6,0,0
1pvaucz,7,0,0
1pvaucz,8,0,0
1pvaucz,9,0,0
1pvaucz,10,0,0
1pvaucz,11,0,0
1pvaucz,12,0,0
1pvaucz,13,0,0
1pvaucz,14,0,0
1pvaucz,15,0,0
1pvaucz,16,-1,0
1pvaucz,17,-1,0
1pvaucz,18,0,0
1pvaucz,19,0,0
1pvaucz,20,0,0
1pvaucz,21,0,0
1pvaucz,22,0,0
1pvaucz,23,0,0
1pvaucz,24,0,0
1pvaucz,25,0,0
1pvaucz,26,0,0
1pvaucz,27,0,0
1pvaucz,28,0,0
1pvaucz,29,0,0
1pvaucz,30,1,0
1pvaucz,31,0,0
1pvaucz,32,0,0
1pvaucz,33,-1,0
1pvaucz,34,0,0
1pvaucz,35,0,0
1pvaucz,36,0,0
1pvaucz,37,0,0
1pvaucz,38,0,0
1pvaucz,39,0,0
1pvaucz,40,1,0
1pvaucz,41,0,0
1pvhjqs,0,0,0
1pvhjqs,1,0,0
1pvhjqs,2,0,0
1pw2w4g,0,1,0
1pw2w4g,1,-1,0
1pw2w4g,2,0,0
1pw2w4g,3,0,0
1pw2w4g,4,1,0
1pw2w4g,5,0,0
1pw2w4g,6,1,0
1pw2w4g,7,1,0
1pw2w4g,8,-1,0
1pw2w4g,9,0,0
1pw2w4g,10,0,0
1pw2w4g,11,0,0
1pw2w4g,12,-1,0
1pw2w4g,13,0,0
1pw2w4g,14,-1,0
1pw2w4g,15,-1,0
1pw2w4g,16,-1,0
1pw2w4g,17,0,0
1pw2w4g,18,0,0
1pw2w4g,19,0,0
1pw2w4g,20,0,0
1pw2w4g,21,0,0
1pw2w4g,22,-1,0
1pw2w4g,23,-1,0
1pw2w4g,24,-1,0
1pw2w4g,25,1,0
1pw2w4g,26,0,0
1pw2w4g,27,0,0
1pw2w4g,28,0,0
1pw2w4g,29,0,0
1pw2w4g,30,-1,0
1pw2w4g,31,-1,0
1pw2w4g,32,-1,0
1pw2w4g,33,-1,0
1pw2w4g,34,-1,0
1pw2w4g,35,0,0
1pw2w4g,36,0,0
1pw2w4g,37,-1,0
1pw2w4g,38,-1,0
1pw2w4g,39,-1,0
1pw2w4g,40,1,0
1pw2w4g,41,-1,0
1pw2w4g,42,-1,0
1pw2w4g,43,0,0
1pw2w4g,44,0,0
1pw2w4g,45,0,0
1pw2w4g,46,0,0
1pw2w4g,47,0,0
1pw2w4g,48,-1,0
1pw2w4g,49,0,0
1pw2w4g,50,-1,0
1pw2w4g,51,0,0
1pw2w4g,52,1,0
1pw2w4g,53,-1,0
1pw2w4g,54,-1,0
1pw2w4g,55,-1,0
1pw2w4g,56,-1,0
1pw2w4g,57,1,0
1pw2w4g,58,-1,0
1pw2w4g,59,-1,0
1pw2w4g,60,0,0
1pw2w4g,61,0,0
1pw2w4g,62,0,0
1pw2w4g,63,0,0
1pw2w4g,64,0,0
1pw2w4g,65,0,0
1pw2w4g,66,-1,0
1pw2w4g,67,-1,0
1pw2w4g,68,-1,0
1pw2w4g,69,-1,0
1pw2w4g,70,0,0
1pw2w4g,71,-1,0
1pw2w4g,72,-1,0
1pw2w4g,73,0,0
1pw2w4g,74,0,0
1pw2w4g,75,0,0
1pw2w4g,76,0,0
1pw2w4g,77,0,0
1pwbgvl,0,1,0
1pwbgvl,1,-1,0
1pwbgvl,2,0,0
1pwbgvl,3,-1,0
1pwbgvl,4,0,0
1pwbgvl,5,0,0
1pwbgvl,6,-1,0
1pwbgvl,7,-1,0
1pwbgvl,8,1,0
1pwbgvl,9,0,0
1pwbgvl,10,0,0
1pwbgvl,11,0,0
1pwbgvl,12,0,0
1pwbgvl,13,0,0
1pwbgvl,14,0,0
1pwbgvl,15,1,0
1pwbgvl,16,0,0
1pwbgvl,17,-1,0
1pwbgvl,18,0,0
1pwbgvl,19,0,0
1pwbgvl,20,1,0
1pwbgvl,21,-1,0
1pwbgvl,22,0,0
1pwbgvl,23,-1,0
1pwbgvl,24,1,0
1pwbgvl,25,-1,0
1pwbgvl,26,1,0
1pwbgvl,27,-1,0
1pwbgvl,28,1,0
1pwbgvl,29,1,0
1pwbgvl,30,-1,0
1pwbgvl,31,0,0
1pwbgvl,32,1,0
1pwbgvl,33,-1,0
1pwbgvl,34,0,0
1pwbgvl,35,-1,0
1pwbgvl,36,-1,0
1pwbgvl,37,-1,0
1pwbgvl,38,-1,0
1pwbgvl,39,0,0
1pwbgvl,40,0,0
1pxmaae,0,0,0
1pxmaae,1,0,0
1pxmaae,2,0,0
1pxmaae,3,0,0
1pxmaae,4,0,0
1pxmaae,5,1,0
1pxmaae,6,0,0
1pxmaae,7,-1,0
1pxmaae,8,1,0
1pxmaae,9,1,0
1pxmaae,10,1,0
1pxmaae,11,-1,0
1pxmaae,12,1,0
1pxmaae,13,1,0
1pxmaae,14,1,0
1pxmaae,15,0,0
1pxmaae,16,0,0
1pxmaae,17,0,0
1pxmaae,18,0,0
1pxmaae,19,0,0
1pxmaae,20,0,0
1pxmaae,21,0,0
1pxmaae,22,0,0
1pxmaae,23,1,0
1pxmaae,24,0,0
1pxmaae,25,0,0
1pxmaae,26,0,0
1pxmaae,27,0,0
1pxmaae,28,0,0
1pxmaae,29,0,0
1pxmaae,30,0,0
1pxmaae,31,0,0
1pxmaae,32,1,0
1pxmaae,33,-1,0
1pxmaae,34,0,0
1pxmaae,35,-1,0
1pxmaae,36,-1,0
1pxmaae,37,-1,0
1pxmaae,38,1,0
1pxmaae,39,-1,0
1pxmaae,40,0,0
1pxmaae,41,0,0
1pxmaae,42,1,0
1pxmaae,43,0,0
1pxmaae,44,0,0
1pxmaae,45,0,0
1pxmaae,46,0,0
1pxmaae,47,1,0
1pxmaae,48,1,0
1pxmaae,49,0,0
1pxmaae,50,1,0
1pxmaae,51,1,0
1pxmaae,52,1,0
1pxmaae,53,-1,0
1pxmaae,54,-1,0
1pxmaae,55,1,0
1pxmaae,56,1,0
1pxmaae,57,0,0
1pxmaae,58,0,0
1pxmaae,59,0,0
1pxmaae,60,0,0
1pxmaae,61,0,0
1pxmaae,62,1,0
1pxmaae,63,0,0
1pxmaae,64,0,0
