spilleliste,spilleliste_id,artist,artist_id,album,album_id,sang,sang_id,acousticness,danceability,energy,instrumentalness,key,liveness,loudness,mode,speechiness,tempo,valence
"Procol Harum - A Whiter Shade Of Pale (Live in Ledreborg) - Live in Ledreborg, Denmark",7ij6XxgvHfDBqXSCxgYUt2,Led Zeppelin,36QJpDe2go2KgaRleHCDTp,Led Zeppelin IV (Deluxe Edition),44Ig8dzqOkvkGDzaUof9lK,Stairway to Heaven - Remaster,5CQ30WqJwcep0pYcV4AMNc,0.58,0.338,0.34,0.0032,9.0,0.116,-12.049,0.0,0.0339,82.433,0.197
"Procol Harum - A Whiter Shade Of Pale (Live in Ledreborg) - Live in Ledreborg, Denmark",7ij6XxgvHfDBqXSCxgYUt2,Simon & Garfunkel,70cRZdQywnSFp9pnc2WTCE,"Wednesday Morning, 3 A.M.",5pnJrocLlZ3FWEbcr2PTz0,The Sound of Silence - Acoustic Version,5y788ya4NvwhBznoDIcXwK,0.837,0.525,0.216,0.0,6.0,0.107,-13.551,1.0,0.0301,106.761,0.328
"Procol Harum - A Whiter Shade Of Pale (Live in Ledreborg) - Live in Ledreborg, Denmark",7ij6XxgvHfDBqXSCxgYUt2,No Doubt,0cQbJU1aAzvbEmTuljWLlF,Tragic Kingdom,3VekjWskUut57hx6W9wqL8,Don't Speak,6urCAbunOQI4bLhmGpX7iS,0.247,0.52,0.709,1.78e-05,5.0,0.18,-7.125,0.0,0.0352,76.039,0.536
"Procol Harum - A Whiter Shade Of Pale (Live in Ledreborg) - Live in Ledreborg, Denmark",7ij6XxgvHfDBqXSCxgYUt2,Eagles,0ECwFtbIWEVNwjlrfc6xoL,Hotel California (2013 Remaster),2widuo17g5CEC66IbzveRu,Hotel California - 2013 Remaster,40riOy7x9W7GXjyGp4pjAv,0.00574,0.579,0.508,0.000494,2.0,0.0575,-9.484,1.0,0.027,147.125,0.609
"Procol Harum - A Whiter Shade Of Pale (Live in Ledreborg) - Live in Ledreborg, Denmark",7ij6XxgvHfDBqXSCxgYUt2,Creedence Clearwater Revival,3IYUhFvPQItj6xySrBmZkd,Pendulum (Expanded Edition),372cMadhAGlNuDnc8TssqF,Have You Ever Seen The Rain,2LawezPeJhN4AWuSB0GtAU,0.0664,0.741,0.697,2.28e-05,0.0,0.133,-7.028,1.0,0.0277,116.109,0.774
"Procol Harum - A Whiter Shade Of Pale (Live in Ledreborg) - Live in Ledreborg, Denmark",7ij6XxgvHfDBqXSCxgYUt2,John Lennon,4x1nvY2FN8jxqAFA0DA02H,Imagine,0xzaemKucrJpYhyl7TltAk,Imagine - Remastered 2010,7pKfPomDEeI4TPT6EOYjn9,0.907,0.547,0.257,0.183,0.0,0.0935,-12.358,1.0,0.0252,75.752,0.169
"Procol Harum - A Whiter Shade Of Pale (Live in Ledreborg) - Live in Ledreborg, Denmark",7ij6XxgvHfDBqXSCxgYUt2,Otis Redding,60df5JBRRPcnSpsIMxxwQm,The Dock of the Bay (Mono),03HMOcANauhLD0WNrMkmLU,(Sittin' On) the Dock of the Bay,3zBhihYUHBmGd2bcQIobrF,0.683,0.768,0.367,1.79e-05,2.0,0.081,-11.226,1.0,0.0315,103.621,0.532
"Procol Harum - A Whiter Shade Of Pale (Live in Ledreborg) - Live in Ledreborg, Denmark",7ij6XxgvHfDBqXSCxgYUt2,Alphaville,0xliTEbFfy5HQHvsTknTkX,Forever Young,2256qKBSQdt53T5dz4Kdcs,Forever Young,4S1VYqwfkLit9mKVY3MXoo,0.417,0.489,0.482,0.00227,9.0,0.235,-9.466,0.0,0.0275,136.803,0.33
"Procol Harum - A Whiter Shade Of Pale (Live in Ledreborg) - Live in Ledreborg, Denmark",7ij6XxgvHfDBqXSCxgYUt2,Simon & Garfunkel,70cRZdQywnSFp9pnc2WTCE,Bridge Over Troubled Water,0JwHz5SSvpYWuuCNbtYZoV,Bridge Over Troubled Water,6l8EbYRtQMgKOyc1gcDHF9,0.822,0.149,0.206,0.000649,3.0,0.115,-13.888,1.0,0.0323,79.764,0.264
The Irish Rovers,21lGpvhev1LjKuV2jauZiC,The Irish Rovers,0tkKwWigaADLYB9HdFCjYo,The Irish Rovers 50 Years - Vol. 2,09ey8sfDYNbnXXS8ejd4Sa,A Long Time Ago,3xSnUENB3cm0t5AmYOwxRQ,0.365,0.648,0.841,0.00146,7.0,0.212,-6.825,1.0,0.0439,122.18,0.918
The Irish Rovers,21lGpvhev1LjKuV2jauZiC,The Irish Rovers,0tkKwWigaADLYB9HdFCjYo,The Irish Rovers 50 Years - Vol. 2,09ey8sfDYNbnXXS8ejd4Sa,Wild Colonial Boy,07NW7RpZaSe2ohHXADWhxz,0.324,0.604,0.818,4.8e-05,2.0,0.302,-6.642,1.0,0.0367,117.235,0.851
The Irish Rovers,21lGpvhev1LjKuV2jauZiC,The Irish Rovers,0tkKwWigaADLYB9HdFCjYo,The Irish Rovers 50 Years - Vol. 2,09ey8sfDYNbnXXS8ejd4Sa,New York Girls,7ystruSVS7DIx65L6Wiulf,0.567,0.678,0.903,5.49e-06,7.0,0.301,-5.43,1.0,0.0781,124.401,0.687
"Procol Harum - A Whiter Shade Of Pale (Live in Ledreborg) - Live in Ledreborg, Denmark",7ij6XxgvHfDBqXSCxgYUt2,Phil Collins,4lxfqrEsLX6N1N4OCSkILp,...But Seriously (Deluxe Edition),2sS9l8uc3d3UsK9unJyrD8,Another Day in Paradise - 2016 Remaster,1NCuYqMc8hKMb4cpNTcJbD,0.736,0.78,0.565,0.00269,3.0,0.063,-7.32,0.0,0.0306,101.967,0.365
"Procol Harum - A Whiter Shade Of Pale (Live in Ledreborg) - Live in Ledreborg, Denmark",7ij6XxgvHfDBqXSCxgYUt2,Bryan Adams,3Z02hBLubJxuFJfhacLSDc,The Best Of Me,4kbE34G5bxaxwuCqz0NEw4,Please Forgive Me,7fpBtc7p3hFrEbDVc32ltY,0.576,0.565,0.427,2.39e-06,9.0,0.102,-8.273,1.0,0.0266,67.007,0.15
"Procol Harum - A Whiter Shade Of Pale (Live in Ledreborg) - Live in Ledreborg, Denmark",7ij6XxgvHfDBqXSCxgYUt2,Procol Harum,0GbqW5TJr7n4is453VOY4C,A Whiter Shade Of Pale (Live),5XAItCTq6yO4j3jTBjBZhA,A Whiter Shade Of Pale - Live,4X705JSPvEzEUuP0Oe0HoE,0.841,0.263,0.624,0.507,0.0,0.975,-7.583,1.0,0.0549,131.99,0.2
"Procol Harum - A Whiter Shade Of Pale (Live in Ledreborg) - Live in Ledreborg, Denmark",7ij6XxgvHfDBqXSCxgYUt2,The Animals,3ICflSq6ZgYAIrm2CTkfVP,The Singles Plus,1v4O55JGou3T0Vlj06fdXz,House of the Rising Sun,4mn2kNTqiGLwaUR8JdhJ1l,0.000334,0.316,0.484,0.00445,9.0,0.0912,-9.11,0.0,0.0308,117.363,0.299
The Irish Rovers,21lGpvhev1LjKuV2jauZiC,The Irish Rovers,0tkKwWigaADLYB9HdFCjYo,The Irish Rovers 50 Years - Vol. 2,09ey8sfDYNbnXXS8ejd4Sa,Reels: The Clare Reel / The Dawn Reel,4A7RPj8vB7XOIqrCuNvOrY,0.775,0.485,0.852,0.938,7.0,0.304,-6.09,1.0,0.0487,113.079,0.961
The Irish Rovers,21lGpvhev1LjKuV2jauZiC,The Irish Rovers,0tkKwWigaADLYB9HdFCjYo,The Irish Rovers 50 Years - Vol. 2,09ey8sfDYNbnXXS8ejd4Sa,Her Wonderful Ass,4Cq3lS7C6Xzs5MNcf5IsWb,0.686,0.756,0.858,0.00112,7.0,0.156,-6.897,1.0,0.0825,102.972,0.923
The Irish Rovers,21lGpvhev1LjKuV2jauZiC,The Irish Rovers,0tkKwWigaADLYB9HdFCjYo,The Irish Rovers 50 Years - Vol. 2,09ey8sfDYNbnXXS8ejd4Sa,Come Away with Me,2Oe5KIEyP81bx265uJfUF9,0.696,0.689,0.706,0.000518,0.0,0.235,-8.765,1.0,0.0361,117.97,0.862
The Irish Rovers,21lGpvhev1LjKuV2jauZiC,The Irish Rovers,0tkKwWigaADLYB9HdFCjYo,The Irish Rovers 50 Years - Vol. 2,09ey8sfDYNbnXXS8ejd4Sa,What Would You Do,4VOezIH464dEflFiFcXZZY,0.531,0.728,0.878,0.0361,7.0,0.145,-7.44,1.0,0.0553,133.908,0.864
The Irish Rovers,21lGpvhev1LjKuV2jauZiC,The Irish Rovers,0tkKwWigaADLYB9HdFCjYo,The Irish Rovers 50 Years - Vol. 2,09ey8sfDYNbnXXS8ejd4Sa,Raise a Glass to St. Patrick,2HKrkEN7ZSoDvF0h7K4IYi,0.134,0.312,0.73,0.0,7.0,0.359,-6.583,1.0,0.0526,204.143,0.628
The Irish Rovers,21lGpvhev1LjKuV2jauZiC,The Irish Rovers,0tkKwWigaADLYB9HdFCjYo,The Irish Rovers 50 Years - Vol. 2,09ey8sfDYNbnXXS8ejd4Sa,Rovers Farewell,4AmAt1vZR67YmgIS47SZy5,0.517,0.416,0.665,0.000272,2.0,0.792,-7.086,1.0,0.0386,80.072,0.599
The Irish Rovers,21lGpvhev1LjKuV2jauZiC,The Irish Rovers,0tkKwWigaADLYB9HdFCjYo,The Irish Rovers 50 Years - Vol. 2,09ey8sfDYNbnXXS8ejd4Sa,Whistling Gypsy,35lraMCDdvOEpsLSJlbi06,0.397,0.59,0.735,0.00673,7.0,0.295,-6.059,1.0,0.0341,127.842,0.851
The Irish Rovers,21lGpvhev1LjKuV2jauZiC,The Irish Rovers,0tkKwWigaADLYB9HdFCjYo,The Irish Rovers 50 Years - Vol. 2,09ey8sfDYNbnXXS8ejd4Sa,Lily the Pink,183slHs3D28VIskR7NfLdj,0.523,0.673,0.864,8.4e-06,6.0,0.468,-6.942,0.0,0.0572,129.93,0.836
The Irish Rovers,21lGpvhev1LjKuV2jauZiC,The Irish Rovers,0tkKwWigaADLYB9HdFCjYo,The Irish Rovers 50 Years - Vol. 2,09ey8sfDYNbnXXS8ejd4Sa,Lewis Bridal Song / Mairi's Wedding,0ISPkFaqNPcGnfyyLZVeSj,0.366,0.676,0.92,0.0206,2.0,0.233,-5.87,1.0,0.0344,119.931,0.971
The Irish Rovers,21lGpvhev1LjKuV2jauZiC,The Irish Rovers,0tkKwWigaADLYB9HdFCjYo,The Irish Rovers 50 Years - Vol. 2,09ey8sfDYNbnXXS8ejd4Sa,She Took Me by the Hand,0XCzYLV4SJ5uf9Ml9pWOBt,0.62,0.644,0.791,0.00283,7.0,0.15,-8.199,1.0,0.0581,119.698,0.917
The Irish Rovers,21lGpvhev1LjKuV2jauZiC,The Irish Rovers,0tkKwWigaADLYB9HdFCjYo,The Irish Rovers 50 Years - Vol. 2,09ey8sfDYNbnXXS8ejd4Sa,Dear Little Shamrock Shore,3epSYVfon5wIQZo0yH6oUH,0.728,0.356,0.493,7.74e-05,0.0,0.0822,-8.786,1.0,0.0358,156.519,0.242
The Irish Rovers,21lGpvhev1LjKuV2jauZiC,The Irish Rovers,0tkKwWigaADLYB9HdFCjYo,The Irish Rovers 50 Years - Vol. 2,09ey8sfDYNbnXXS8ejd4Sa,Rambling Boys of Pleasure,0mqXpf6Gu83wUNI0wlHLbU,0.158,0.682,0.93,0.00513,2.0,0.093,-6.225,1.0,0.054,117.245,0.962
The Irish Rovers,21lGpvhev1LjKuV2jauZiC,The Irish Rovers,0tkKwWigaADLYB9HdFCjYo,The Irish Rovers 50 Years - Vol. 2,09ey8sfDYNbnXXS8ejd4Sa,Pheasant Plucker’s Son,3F6IesT7BvtSJMEed8zFwE,0.707,0.636,0.83,0.021,5.0,0.395,-6.985,1.0,0.0509,176.122,0.966
The Irish Rovers,21lGpvhev1LjKuV2jauZiC,The Irish Rovers,0tkKwWigaADLYB9HdFCjYo,The Irish Rovers 50 Years - Vol. 2,09ey8sfDYNbnXXS8ejd4Sa,Boolevogue,7tLO2D8vbA7TLxra4aVxhi,0.752,0.185,0.375,0.243,7.0,0.143,-8.721,1.0,0.0362,119.817,0.141
The Irish Rovers,21lGpvhev1LjKuV2jauZiC,The Irish Rovers,0tkKwWigaADLYB9HdFCjYo,The Irish Rovers 50 Years - Vol. 2,09ey8sfDYNbnXXS8ejd4Sa,Dark Island,4ftS2wN4sbJJ1YrBzLppYM,0.639,0.188,0.276,0.56,2.0,0.675,-9.79,1.0,0.032,69.179,0.0807
The Irish Rovers,21lGpvhev1LjKuV2jauZiC,The Irish Rovers,0tkKwWigaADLYB9HdFCjYo,The Irish Rovers 50 Years - Vol. 2,09ey8sfDYNbnXXS8ejd4Sa,Rare Ould Mountain Dew,01fZMMJLOtLKymmTNAGwsF,0.541,0.743,0.939,0.000474,10.0,0.191,-6.396,1.0,0.0658,115.946,0.926
The Irish Rovers,21lGpvhev1LjKuV2jauZiC,The Irish Rovers,0tkKwWigaADLYB9HdFCjYo,The Irish Rovers 50 Years - Vol. 2,09ey8sfDYNbnXXS8ejd4Sa,Gracehill Fair,43ymtdijQIgLO4X04BDOYQ,0.689,0.653,0.788,0.00177,0.0,0.289,-6.956,0.0,0.0414,120.304,0.918
The Irish Rovers,21lGpvhev1LjKuV2jauZiC,The Irish Rovers,0tkKwWigaADLYB9HdFCjYo,The Irish Rovers 50 Years - Vol. 2,09ey8sfDYNbnXXS8ejd4Sa,Whiskey in the Jar,7Cz1Ad3RNzshbx4G42fqxW,0.0491,0.622,0.873,0.004,2.0,0.336,-7.096,1.0,0.049,124.106,0.907
The Irish Rovers,21lGpvhev1LjKuV2jauZiC,The Irish Rovers,0tkKwWigaADLYB9HdFCjYo,The Irish Rovers 50 Years - Vol. 2,09ey8sfDYNbnXXS8ejd4Sa,The Titanic,2TugfwRbXcSxiNe4aiDJPc,0.517,0.483,0.775,0.0231,2.0,0.14,-5.669,1.0,0.0494,177.893,0.332
The Irish Rovers,21lGpvhev1LjKuV2jauZiC,The Irish Rovers,0tkKwWigaADLYB9HdFCjYo,The Irish Rovers 50 Years - Vol. 2,09ey8sfDYNbnXXS8ejd4Sa,Whores and Hounds,2dZ4q8f8uxhpsN1Ikxc76j,0.164,0.568,0.869,0.000113,2.0,0.184,-7.252,1.0,0.0435,135.883,0.648
The Irish Rovers,21lGpvhev1LjKuV2jauZiC,The Irish Rovers,0tkKwWigaADLYB9HdFCjYo,The Irish Rovers 50 Years - Vol. 2,09ey8sfDYNbnXXS8ejd4Sa,Drunken Sailor,0jAX08ggXKhk65E1838AIW,0.504,0.64,0.912,0.138,2.0,0.0996,-5.12,1.0,0.0413,121.892,0.957
The Irish Rovers,21lGpvhev1LjKuV2jauZiC,The Irish Rovers,0tkKwWigaADLYB9HdFCjYo,The Irish Rovers 50 Years - Vol. 1,4myZOIXY0re1KKU0JHbhSa,Kellswater,5PM1PxjegYoTHp7rwrOYcR,0.707,0.574,0.326,0.0,0.0,0.152,-11.024,1.0,0.0281,109.337,0.452
The Irish Rovers,21lGpvhev1LjKuV2jauZiC,The Irish Rovers,0tkKwWigaADLYB9HdFCjYo,The Irish Rovers 50 Years - Vol. 1,4myZOIXY0re1KKU0JHbhSa,The Bonny Lady,743nGk8vVvmJWSKfdm3OfR,0.629,0.631,0.839,9.95e-06,3.0,0.237,-6.316,1.0,0.0364,118.567,0.961
The Irish Rovers,21lGpvhev1LjKuV2jauZiC,The Irish Rovers,0tkKwWigaADLYB9HdFCjYo,The Irish Rovers 50 Years - Vol. 1,4myZOIXY0re1KKU0JHbhSa,Jigs: Sweet Biddy Daly / Tatter Jack Walsh / Rakes of Kildare / The Rambling Pitchfork,7xUbt3g2pyCdODuOe8BIkY,0.0435,0.562,0.782,0.41,7.0,0.314,-8.181,1.0,0.0555,128.62,0.751
The Irish Rovers,21lGpvhev1LjKuV2jauZiC,The Irish Rovers,0tkKwWigaADLYB9HdFCjYo,The Irish Rovers 50 Years - Vol. 2,09ey8sfDYNbnXXS8ejd4Sa,The Hermit,4OZfE0mMo7DZvAksQwjEwl,0.615,0.502,0.763,0.00233,7.0,0.241,-7.179,1.0,0.163,145.552,0.955
The Irish Rovers,21lGpvhev1LjKuV2jauZiC,The Irish Rovers,0tkKwWigaADLYB9HdFCjYo,The Irish Rovers 50 Years - Vol. 2,09ey8sfDYNbnXXS8ejd4Sa,Dunluce Castle,4qv6gOSsL0AJkixDFhNl8w,0.472,0.58,0.837,0.577,7.0,0.34,-6.037,1.0,0.0576,98.136,0.698
The Irish Rovers,21lGpvhev1LjKuV2jauZiC,The Irish Rovers,0tkKwWigaADLYB9HdFCjYo,The Irish Rovers 50 Years - Vol. 2,09ey8sfDYNbnXXS8ejd4Sa,Little Skillet Pot,3rfk3k4IQkz9hhDfbstkSI,0.424,0.346,0.841,0.00392,2.0,0.367,-6.654,1.0,0.0652,129.887,0.892
The Irish Rovers,21lGpvhev1LjKuV2jauZiC,The Irish Rovers,0tkKwWigaADLYB9HdFCjYo,The Irish Rovers 50 Years - Vol. 2,09ey8sfDYNbnXXS8ejd4Sa,Up Among the Heather,2d5aZwZBdG7FDDmwihPB7z,0.419,0.396,0.958,0.0474,4.0,0.241,-5.467,0.0,0.0592,96.242,0.898
The Irish Rovers,21lGpvhev1LjKuV2jauZiC,The Irish Rovers,0tkKwWigaADLYB9HdFCjYo,The Irish Rovers 50 Years - Vol. 2,09ey8sfDYNbnXXS8ejd4Sa,Rory Murphy,6x9JntKUWOAdNSJ2ccUWTt,0.627,0.659,0.697,7.53e-06,9.0,0.125,-8.037,1.0,0.039,98.279,0.716
The Irish Rovers,21lGpvhev1LjKuV2jauZiC,The Irish Rovers,0tkKwWigaADLYB9HdFCjYo,The Irish Rovers 50 Years - Vol. 2,09ey8sfDYNbnXXS8ejd4Sa,Johnny I Hardly Knew Ye,0J8n1AON5QllY53RPZnZIS,0.62,0.439,0.84,8.91e-06,11.0,0.617,-8.161,0.0,0.0873,111.748,0.34
The Irish Rovers,21lGpvhev1LjKuV2jauZiC,The Irish Rovers,0tkKwWigaADLYB9HdFCjYo,The Irish Rovers 50 Years - Vol. 2,09ey8sfDYNbnXXS8ejd4Sa,Reels: Pidgeon on the Gate / The Plough and the Stars / The Reconcilliation,76BAylpen2FJI6LnG7bCNy,0.62,0.368,0.951,0.94,9.0,0.947,-6.409,1.0,0.0482,125.641,0.628
The Irish Rovers,21lGpvhev1LjKuV2jauZiC,The Irish Rovers,0tkKwWigaADLYB9HdFCjYo,The Irish Rovers 50 Years - Vol. 2,09ey8sfDYNbnXXS8ejd4Sa,Girls of Derry,2HtQXbUIHjrpNXcBK4ljkd,0.224,0.665,0.861,1.51e-06,9.0,0.303,-6.046,1.0,0.0687,124.156,0.802
The Irish Rovers,21lGpvhev1LjKuV2jauZiC,The Irish Rovers,0tkKwWigaADLYB9HdFCjYo,The Irish Rovers 50 Years - Vol. 2,09ey8sfDYNbnXXS8ejd4Sa,Ireland Boys Hurray,62iIOkLPeeua172Y5idYWK,0.714,0.633,0.893,0.00339,7.0,0.339,-5.195,1.0,0.0441,120.268,0.969
The Irish Rovers,21lGpvhev1LjKuV2jauZiC,The Irish Rovers,0tkKwWigaADLYB9HdFCjYo,The Irish Rovers 50 Years - Vol. 2,09ey8sfDYNbnXXS8ejd4Sa,Patsy Fagan,4ajU7a6SJxi3n4jj2MGiQg,0.533,0.762,0.879,0.000747,2.0,0.24,-6.384,1.0,0.0337,120.956,0.956
The Irish Rovers,21lGpvhev1LjKuV2jauZiC,The Irish Rovers,0tkKwWigaADLYB9HdFCjYo,The Irish Rovers 50 Years - Vol. 1,4myZOIXY0re1KKU0JHbhSa,Black Velvet Band,6onBo6RYMzkD3JqcKXMwPD,0.582,0.505,0.759,0.0,2.0,0.16,-5.918,1.0,0.0303,101.97,0.892
The Irish Rovers,21lGpvhev1LjKuV2jauZiC,The Irish Rovers,0tkKwWigaADLYB9HdFCjYo,The Irish Rovers 50 Years - Vol. 1,4myZOIXY0re1KKU0JHbhSa,The Bog in the Valley,3KOg3yS2wbBxuGwiwbfzyv,0.598,0.485,0.773,0.0066,2.0,0.787,-5.55,1.0,0.0432,127.133,0.711
The Irish Rovers,21lGpvhev1LjKuV2jauZiC,The Irish Rovers,0tkKwWigaADLYB9HdFCjYo,The Irish Rovers' gems,7vVAdeZyKRAvjLn3TRpjdZ,No Nay Never,0ZLVMb0FKavLfhheZVV7Sx,0.529,0.287,0.61,1.01e-06,7.0,0.35,-7.85,1.0,0.0993,181.465,0.66
The Irish Rovers,21lGpvhev1LjKuV2jauZiC,The Irish Rovers,0tkKwWigaADLYB9HdFCjYo,The Irish Rovers' gems,7vVAdeZyKRAvjLn3TRpjdZ,The Last of the Irish Rover,0aDZ2SVDGg2lj79ze6jVYd,0.324,0.666,0.769,4.74e-06,0.0,0.207,-8.415,1.0,0.0346,128.051,0.692
The Irish Rovers,21lGpvhev1LjKuV2jauZiC,The Irish Rovers,0tkKwWigaADLYB9HdFCjYo,The Irish Rovers' gems,7vVAdeZyKRAvjLn3TRpjdZ,Bonnets of Bonnie Dundee,2BgdEwkD5uUTlwsl3eYHbF,0.119,0.607,0.684,0.0,2.0,0.175,-9.405,1.0,0.0348,102.942,0.553
The Irish Rovers,21lGpvhev1LjKuV2jauZiC,The Irish Rovers,0tkKwWigaADLYB9HdFCjYo,The Irish Rovers 50 Years - Vol. 1,4myZOIXY0re1KKU0JHbhSa,Star of the Co. Down,2OMGmdOs3CGFI8LzOsQX27,0.345,0.673,0.77,0.0,7.0,0.319,-7.145,0.0,0.0322,104.393,0.898
The Irish Rovers,21lGpvhev1LjKuV2jauZiC,The Irish Rovers,0tkKwWigaADLYB9HdFCjYo,The Irish Rovers 50 Years - Vol. 1,4myZOIXY0re1KKU0JHbhSa,Wild Rover,72dRpQS28j6y9fSN8iwLma,0.48,0.296,0.685,0.0,7.0,0.366,-6.647,1.0,0.0688,181.301,0.763
The Irish Rovers,21lGpvhev1LjKuV2jauZiC,The Irish Rovers,0tkKwWigaADLYB9HdFCjYo,The Irish Rovers 50 Years - Vol. 1,4myZOIXY0re1KKU0JHbhSa,The Overlanders,4HUV4daoI02G9pAAUmwhwa,0.316,0.622,0.969,0.0215,2.0,0.427,-6.101,1.0,0.0501,123.688,0.72
The Irish Rovers,21lGpvhev1LjKuV2jauZiC,The Irish Rovers,0tkKwWigaADLYB9HdFCjYo,The Irish Rovers 50 Years - Vol. 1,4myZOIXY0re1KKU0JHbhSa,The Rake,5ppbnt08AJZHXP873Rarly,0.559,0.615,0.828,0.00945,2.0,0.323,-6.763,0.0,0.0446,99.709,0.722
The Irish Rovers,21lGpvhev1LjKuV2jauZiC,The Irish Rovers,0tkKwWigaADLYB9HdFCjYo,The Irish Rovers 50 Years - Vol. 1,4myZOIXY0re1KKU0JHbhSa,Jigs: Willie Hunter's Jig / The Maid on the Green / The Boys of Tandragee / Denis Murphy's Polka,6MBqhP8guf1FikyulYQKYO,0.336,0.626,0.91,0.103,2.0,0.201,-6.472,1.0,0.0918,133.624,0.66
The Irish Rovers,21lGpvhev1LjKuV2jauZiC,The Irish Rovers,0tkKwWigaADLYB9HdFCjYo,The Irish Rovers 50 Years - Vol. 1,4myZOIXY0re1KKU0JHbhSa,Bold O’donahue,5Ek7mNRSDqIKhjDTqSmOwg,0.605,0.744,0.901,0.00298,11.0,0.11,-5.765,0.0,0.0924,125.366,0.652
The Irish Rovers,21lGpvhev1LjKuV2jauZiC,The Irish Rovers,0tkKwWigaADLYB9HdFCjYo,The Irish Rovers' gems,7vVAdeZyKRAvjLn3TRpjdZ,The Bonnie Lass of Fyvie,4z7fxPDcPih33X13zsIkZa,0.611,0.698,0.704,4.79e-05,2.0,0.0814,-7.351,1.0,0.0332,120.651,0.958
The Irish Rovers,21lGpvhev1LjKuV2jauZiC,The Irish Rovers,0tkKwWigaADLYB9HdFCjYo,The Irish Rovers' gems,7vVAdeZyKRAvjLn3TRpjdZ,Donald Where's Your Trousers,3gzuSrER3D3Qunaz20bUZn,0.43,0.735,0.666,0.245,7.0,0.0924,-9.64,0.0,0.0873,104.026,0.843
The Irish Rovers,21lGpvhev1LjKuV2jauZiC,The Irish Rovers,0tkKwWigaADLYB9HdFCjYo,The Irish Rovers' gems,7vVAdeZyKRAvjLn3TRpjdZ,Three Jigs,6SoAPgxk2qclpykap1UNo2,0.202,0.567,0.795,0.821,7.0,0.289,-11.262,1.0,0.0804,136.822,0.57
The Irish Rovers,21lGpvhev1LjKuV2jauZiC,The Irish Rovers,0tkKwWigaADLYB9HdFCjYo,The Irish Rovers' gems,7vVAdeZyKRAvjLn3TRpjdZ,The Unicorn,3N2d8Aj46iAKt0VuhF3DzQ,0.474,0.616,0.554,0.0,3.0,0.136,-9.27,1.0,0.0422,124.509,0.899
The Irish Rovers,21lGpvhev1LjKuV2jauZiC,The Irish Rovers,0tkKwWigaADLYB9HdFCjYo,The Irish Rovers' gems,7vVAdeZyKRAvjLn3TRpjdZ,The Orange and the Green,0Qft5j26I95OGOqCjQMKIb,0.358,0.704,0.854,2.48e-06,2.0,0.084,-8.559,1.0,0.0445,119.286,0.906
The Irish Rovers,21lGpvhev1LjKuV2jauZiC,The Irish Rovers,0tkKwWigaADLYB9HdFCjYo,The Irish Rovers 50 Years - Vol. 1,4myZOIXY0re1KKU0JHbhSa,Killiburne Brae,3c600inWfXzQR9WHYMsSII,0.387,0.777,0.783,1.32e-06,7.0,0.0524,-8.484,1.0,0.238,132.415,0.96
The Irish Rovers,21lGpvhev1LjKuV2jauZiC,The Irish Rovers,0tkKwWigaADLYB9HdFCjYo,The Irish Rovers 50 Years - Vol. 1,4myZOIXY0re1KKU0JHbhSa,Brady of Strabane,1ByLjvRUJrcCz4IMl1J5wm,0.508,0.726,0.948,0.00795,3.0,0.327,-5.919,1.0,0.0571,119.423,0.894
The Irish Rovers,21lGpvhev1LjKuV2jauZiC,The Irish Rovers,0tkKwWigaADLYB9HdFCjYo,The Irish Rovers 50 Years - Vol. 1,4myZOIXY0re1KKU0JHbhSa,Music in the Glen: Sweet Biddy Daly / The Carraroe Jig /Charlie Mulvihill's Reel / Music in the Glen,2E4bDjGDGCGKfBvpL7uN0z,0.177,0.626,0.83,0.29,2.0,0.02,-9.216,1.0,0.0718,135.443,0.909
The Irish Rovers,21lGpvhev1LjKuV2jauZiC,The Irish Rovers,0tkKwWigaADLYB9HdFCjYo,The Irish Rovers 50 Years - Vol. 1,4myZOIXY0re1KKU0JHbhSa,Paddy on the Turnpike,0tNtA9qZHVW1edl9ITC7p3,0.029,0.668,0.842,0.000807,11.0,0.0802,-8.077,0.0,0.0762,129.635,0.88
The Irish Rovers,21lGpvhev1LjKuV2jauZiC,The Irish Rovers,0tkKwWigaADLYB9HdFCjYo,The Irish Rovers 50 Years - Vol. 1,4myZOIXY0re1KKU0JHbhSa,Boys of Belfast,2mfmvZBs2qPIlctx1XLLAX,0.452,0.697,0.908,0.827,7.0,0.562,-4.912,1.0,0.0475,121.962,0.963
The Irish Rovers,21lGpvhev1LjKuV2jauZiC,The Irish Rovers,0tkKwWigaADLYB9HdFCjYo,The Irish Rovers 50 Years - Vol. 1,4myZOIXY0re1KKU0JHbhSa,Shores of Botany Bay,1RPKsQV4kzIg9NfIY3NKYM,0.7,0.655,0.848,0.0,5.0,0.107,-6.854,1.0,0.0412,108.261,0.809
The Irish Rovers,21lGpvhev1LjKuV2jauZiC,The Irish Rovers,0tkKwWigaADLYB9HdFCjYo,The Irish Rovers 50 Years - Vol. 1,4myZOIXY0re1KKU0JHbhSa,Reels: Tie the Bonnet / Scotch Mary / The Mountain Road / Maud Miller's / Tulla Reel,3qCXyoBGvmbLazTo8PqPwA,0.0668,0.574,0.886,0.809,10.0,0.051,-5.948,0.0,0.0547,120.525,0.394
The Irish Rovers,21lGpvhev1LjKuV2jauZiC,The Irish Rovers,0tkKwWigaADLYB9HdFCjYo,The Irish Rovers 50 Years - Vol. 1,4myZOIXY0re1KKU0JHbhSa,Down by the Laganside,1lwRlF190qopnSFqjiBJR3,0.209,0.455,0.673,0.000181,2.0,0.387,-7.409,1.0,0.0274,94.012,0.599
The Irish Rovers,21lGpvhev1LjKuV2jauZiC,The Irish Rovers,0tkKwWigaADLYB9HdFCjYo,The Irish Rovers' gems,7vVAdeZyKRAvjLn3TRpjdZ,Liverpool Lou,0C6uZYdzaV4BZgnAxeigtL,0.209,0.504,0.421,2.36e-05,5.0,0.107,-10.372,1.0,0.0265,83.182,0.334
The Irish Rovers,21lGpvhev1LjKuV2jauZiC,The Irish Rovers,0tkKwWigaADLYB9HdFCjYo,The Irish Rovers' gems,7vVAdeZyKRAvjLn3TRpjdZ,The Gypsy Rover,3Sz8KBz77w77iRVB6BREGS,0.133,0.549,0.55,1.93e-06,7.0,0.207,-10.829,1.0,0.0338,123.686,0.692
The Irish Rovers,21lGpvhev1LjKuV2jauZiC,The Irish Rovers,0tkKwWigaADLYB9HdFCjYo,The Irish Rovers' gems,7vVAdeZyKRAvjLn3TRpjdZ,Muirsheen Durkin,643Q8IPMgn4m8ohWEyrHUd,0.511,0.596,0.692,0.00582,7.0,0.0633,-10.073,1.0,0.0434,120.226,0.843
The Irish Rovers,21lGpvhev1LjKuV2jauZiC,The Irish Rovers,0tkKwWigaADLYB9HdFCjYo,The Irish Rovers' gems,7vVAdeZyKRAvjLn3TRpjdZ,Come by the Hills,34onvhFWJvdXVneSyQ1DeY,0.475,0.49,0.423,4.05e-05,2.0,0.34,-12.426,1.0,0.0294,122.225,0.534
The Irish Rovers,21lGpvhev1LjKuV2jauZiC,The Irish Rovers,0tkKwWigaADLYB9HdFCjYo,The Irish Rovers' gems,7vVAdeZyKRAvjLn3TRpjdZ,The Gallant Forty-Twa,0e95tf6uFzgcqdefSxggZO,0.687,0.703,0.868,0.000737,3.0,0.31,-7.859,1.0,0.0582,119.951,0.943
The Irish Rovers,21lGpvhev1LjKuV2jauZiC,The Irish Rovers,0tkKwWigaADLYB9HdFCjYo,The Irish Rovers' gems,7vVAdeZyKRAvjLn3TRpjdZ,Whiskey on a Sunday,51JfHkjtyhYyPcBL313pzZ,0.136,0.346,0.42,0.0,1.0,0.262,-12.734,0.0,0.0361,168.866,0.383
The Irish Rovers,21lGpvhev1LjKuV2jauZiC,The Irish Rovers,0tkKwWigaADLYB9HdFCjYo,The Irish Rovers' gems,7vVAdeZyKRAvjLn3TRpjdZ,Farewell to Carlingford,029DVZSkHzYzcuaxIu6Ead,0.134,0.593,0.707,0.0,0.0,0.0475,-9.039,1.0,0.0309,119.532,0.889
The Irish Rovers,21lGpvhev1LjKuV2jauZiC,The Irish Rovers,0tkKwWigaADLYB9HdFCjYo,The Irish Rovers' gems,7vVAdeZyKRAvjLn3TRpjdZ,Unlisted,2IVgHc7awlK7zuJHcMHf8n,0.506,0.703,0.675,0.143,2.0,0.0672,-9.974,1.0,0.0375,119.722,0.964
The Irish Rovers,21lGpvhev1LjKuV2jauZiC,The Irish Rovers,0tkKwWigaADLYB9HdFCjYo,The Irish Rovers' gems,7vVAdeZyKRAvjLn3TRpjdZ,"I'm a Rambler, I'm a Gambler",2Hd2CS5UjX2N8vJkkwVgNY,0.594,0.616,0.717,0.0,9.0,0.158,-7.991,1.0,0.0328,104.509,0.813
Omatt,15GcrfdDnabxw8zq0bRVfB,Led Zeppelin,36QJpDe2go2KgaRleHCDTp,Led Zeppelin III (Remaster),6P5QHz4XtxOmS5EuiGIPut,Since I've Been Loving You - Remaster,1SDiiE3v2z89VxC3aVRKHQ,0.0021,0.393,0.364,0.0703,5.0,0.121,-10.945,0.0,0.0345,118.566,0.308
Omatt,15GcrfdDnabxw8zq0bRVfB,System Of A Down,5eAWCfyUhZtHHtBdNk56l1,Toxicity,6jWde94ln40epKIQCd8XUh,Toxicity,0snQkGI5qnAmohLE7jTsTn,0.000264,0.413,0.873,0.00249,8.0,0.204,-4.151,1.0,0.0536,116.68,0.48
Omatt,15GcrfdDnabxw8zq0bRVfB,Snarky Puppy,7ENzCHnmJUr20nUjoZ0zZ1,We Like It Here,4GzjQ0xXRlLl78ih481BUi,Lingus,68d6ZfyMUYURol2y15Ta2Y,0.147,0.457,0.776,0.676,9.0,0.689,-10.238,0.0,0.142,129.896,0.476
Omatt,15GcrfdDnabxw8zq0bRVfB,Mathieu Fiset,07icU8dCi2MTeBGuvN8NyL,Robojazz,5cVnNOmwcCf2I6TH7vJnFF,Chick's Pain,6IAc8O7MiS2lJiTabpjC7S,0.41,0.622,0.736,0.8,4.0,0.244,-11.426,0.0,0.0384,129.821,0.869
Omatt,15GcrfdDnabxw8zq0bRVfB,Guthrie Govan,19MZg9MYc5xw08l09RCfrT,Erotic Cakes,5dyK5Pm3dJzZAKkZLaPNXm,Wonderful Slippery Thing,3MbHBhGhJr7anwlETNVTRA,0.0612,0.544,0.794,0.585,11.0,0.076,-7.05,0.0,0.0523,96.02,0.711
Omatt,15GcrfdDnabxw8zq0bRVfB,Vincen García,1E17v2QgyFXkqxsHngr6YD,Ventura,0WeGWlrPB1nZrH70yNuMB9,Aprieta,7EKKbhTPNLhTFzpXJlLhhd,0.206,0.587,0.763,0.839,2.0,0.111,-10.519,1.0,0.0408,147.013,0.727
Omatt,15GcrfdDnabxw8zq0bRVfB,Yes,7AC976RDJzL2asmZuz7qil,Fragile (Super Deluxe),78tN6vBPHHyNk4sZYnS5X4,Roundabout - 2024 Remaster,466C6kwoJHLUJ8VHG98hCY,0.148,0.429,0.711,0.0514,4.0,0.291,-11.314,0.0,0.0793,132.143,0.416
The Irish Rovers,21lGpvhev1LjKuV2jauZiC,The Irish Rovers,0tkKwWigaADLYB9HdFCjYo,The Irish Rovers' gems,7vVAdeZyKRAvjLn3TRpjdZ,Mountain Tay,0TFik3KXDDFEx8eFgQkvgO,0.522,0.746,0.81,0.00455,5.0,0.0421,-8.832,0.0,0.0394,112.696,0.812
The Irish Rovers,21lGpvhev1LjKuV2jauZiC,The Irish Rovers,0tkKwWigaADLYB9HdFCjYo,The Irish Rovers' gems,7vVAdeZyKRAvjLn3TRpjdZ,Rolling Home to Ireland,02lDGd53eB6crKKN4xognB,0.541,0.6,0.815,0.0439,7.0,0.19,-8.603,1.0,0.0382,130.584,0.843
Omatt,15GcrfdDnabxw8zq0bRVfB,Freak Kitchen,0HtEZODdzPzZhdehDcF3fX,Freak Kitchen,5X8WrxCc3GNpeX9fbN06MY,Michael & The Syndrome,5EIrZAT9fT304ZjCWiFJEp,0.0143,0.629,0.611,0.0,5.0,0.0383,-9.146,0.0,0.0339,95.546,0.772
Omatt,15GcrfdDnabxw8zq0bRVfB,The Aristocrats,1V4jsLjkic1Mxvdke86Qth,Duck,5RTvGhT9NIj9OxxiWt4RIw,Aristoclub,3oJbcf2IjHMa0BHK3A43iz,9.1e-06,0.411,0.873,0.833,1.0,0.67,-7.964,0.0,0.0365,133.048,0.618
,6PYnztH5GLd2xVEAw9Wv9c,DJ Khaled,0QHgL1lAIqAw0HtD7YldmP,No Brainer,02drHFQa59AoJWU6DXSSjd,No Brainer,5WvAo7DNuPRmk4APhdPzi8,0.0733,0.552,0.76,0.0,0.0,0.0865,-4.706,1.0,0.342,135.702,0.639
Omatt,15GcrfdDnabxw8zq0bRVfB,Donald Fagen,0S1SjYebdSaiMpI8xSW2Wb,Sunken Condos,0dGQr1so9XR6vrdMpNBcXg,Slinky Thing,2hL5Cif7fU0pEh3NW4ohE2,0.578,0.773,0.539,0.00111,4.0,0.121,-9.524,0.0,0.0464,88.958,0.628
The Irish Rovers,21lGpvhev1LjKuV2jauZiC,The Irish Rovers,0tkKwWigaADLYB9HdFCjYo,Another Round,7dUj8xwItvNidixaT4CIq8,The Roving Trade,4DzDoiCdhAuMdv4Xo7IRYA,0.701,0.601,0.932,0.00136,2.0,0.404,-3.338,1.0,0.0977,120.52,0.937
Omatt,15GcrfdDnabxw8zq0bRVfB,Maynard Ferguson,6T4kUHIlszpj944ZXR3yNw,Carnival,2TTkyu86wjF0ctenpw966O,Birdland,5riSr1LFW4Bv7JzMNwIc9C,0.0142,0.622,0.687,0.85,5.0,0.0746,-12.997,1.0,0.0536,166.737,0.888
Omatt,15GcrfdDnabxw8zq0bRVfB,Eric Johnson,4CxobvwTpmfpIEbkYh4pAb,Ah Via Musicom,4euX7BHHIVZecdn7Ii3eg2,Cliffs Of Dover - Instrumental,5qm0KiVKMXW1kq6VrnIhz5,0.162,0.449,0.775,0.149,7.0,0.248,-12.029,1.0,0.0405,94.907,0.313
Omatt,15GcrfdDnabxw8zq0bRVfB,Steely Dan,6P7H3ai06vU1sGvdpBwDmE,The Royal Scam,67dxz02xFC7twfFj8Tyh2H,Kid Charlemagne,1Ah2XT5vP7kZxS0iXuitik,0.273,0.534,0.69,0.00501,0.0,0.654,-9.644,1.0,0.0635,95.905,0.763
The Irish Rovers,21lGpvhev1LjKuV2jauZiC,The Irish Rovers,0tkKwWigaADLYB9HdFCjYo,The Unicorn,6klNUguqCVPlAqV7x7wQAQ,Pat Of Mullinger,1kZclGPdkuInvZsH20lYFJ,0.724,0.65,0.445,0.0,7.0,0.0818,-11.828,1.0,0.0574,118.916,0.901
Omatt,15GcrfdDnabxw8zq0bRVfB,Larry Carlton,7aRi9OzdA2ciputfuguaPK,Larry Carlton,6Z9unss1LNFGe9mpQVGM0X,Room 335 - Long Version,6Jr4qvO1Z79POqmDFRqusV,0.152,0.528,0.471,0.597,2.0,0.0969,-12.258,1.0,0.0347,128.293,0.743
The Irish Rovers,21lGpvhev1LjKuV2jauZiC,The Irish Rovers,0tkKwWigaADLYB9HdFCjYo,The Irish Rovers' gems,7vVAdeZyKRAvjLn3TRpjdZ,Sweet Strabane,3sBlwpUsTbCPxviehqJfYP,0.303,0.311,0.395,2.03e-05,9.0,0.409,-11.199,1.0,0.0299,141.376,0.439
The Irish Rovers,21lGpvhev1LjKuV2jauZiC,The Irish Rovers,0tkKwWigaADLYB9HdFCjYo,The Irish Rovers' gems,7vVAdeZyKRAvjLn3TRpjdZ,Turra Market,3vpGyrbnqefkYFVZKTHQPW,0.414,0.662,0.744,0.0,7.0,0.221,-7.694,1.0,0.0392,107.079,0.922
The Irish Rovers,21lGpvhev1LjKuV2jauZiC,The Irish Rovers,0tkKwWigaADLYB9HdFCjYo,The Irish Rovers' gems,7vVAdeZyKRAvjLn3TRpjdZ,Young Roddy McCorley,3dUHTpeRN4SNCsovTVLdU5,0.425,0.428,0.495,0.0,5.0,0.21,-8.727,1.0,0.0303,112.821,0.649
The Irish Rovers,21lGpvhev1LjKuV2jauZiC,The Irish Rovers,0tkKwWigaADLYB9HdFCjYo,The Irish Rovers' gems,7vVAdeZyKRAvjLn3TRpjdZ,Tied up With a Black Velvet Band,116ETkuNhzSj7UA9V4891v,0.436,0.562,0.581,0.0,2.0,0.166,-9.086,1.0,0.0303,97.19,0.711
The Irish Rovers,21lGpvhev1LjKuV2jauZiC,The Irish Rovers,0tkKwWigaADLYB9HdFCjYo,The Irish Rovers' gems,7vVAdeZyKRAvjLn3TRpjdZ,My Boy Willie,2t4eltgagvnrOgaXiScneJ,0.0862,0.523,0.48,0.0,7.0,0.387,-11.231,0.0,0.0281,122.012,0.331
The Irish Rovers,21lGpvhev1LjKuV2jauZiC,The Irish Rovers,0tkKwWigaADLYB9HdFCjYo,The Irish Rovers' gems,7vVAdeZyKRAvjLn3TRpjdZ,Caltan Weaver,3juxv7rn8Br2zlPl1jPYx4,0.355,0.604,0.517,0.0,5.0,0.223,-10.44,1.0,0.0272,115.192,0.804
The Irish Rovers,21lGpvhev1LjKuV2jauZiC,The Irish Rovers,0tkKwWigaADLYB9HdFCjYo,The Irish Rovers' gems,7vVAdeZyKRAvjLn3TRpjdZ,Good Luck to the Barleymow,6mpniBDyn9PfOsI4y9CVUk,0.697,0.729,0.849,0.00237,11.0,0.0782,-8.381,0.0,0.0684,133.183,0.969
The Irish Rovers,21lGpvhev1LjKuV2jauZiC,The Irish Rovers,0tkKwWigaADLYB9HdFCjYo,The Irish Rovers' gems,7vVAdeZyKRAvjLn3TRpjdZ,Wild Mountain Thyme,5y7ASmufQMG824iuwjyrM9,0.425,0.366,0.437,2.16e-06,2.0,0.113,-11.401,1.0,0.0277,92.307,0.267
The Irish Rovers,21lGpvhev1LjKuV2jauZiC,The Irish Rovers,0tkKwWigaADLYB9HdFCjYo,The Irish Rovers' gems,7vVAdeZyKRAvjLn3TRpjdZ,Three Reels,34oPuJ7LN9h1EUDWAyXPlR,0.653,0.712,0.828,0.983,5.0,0.105,-10.013,0.0,0.0551,123.077,0.733
The Irish Rovers,21lGpvhev1LjKuV2jauZiC,The Irish Rovers,0tkKwWigaADLYB9HdFCjYo,The Irish Rovers' gems,7vVAdeZyKRAvjLn3TRpjdZ,"Weigh, Hey and up She Rises",2jAEq6iE59rvBmp6EGnMDh,0.349,0.64,0.764,3.1e-05,2.0,0.101,-8.719,1.0,0.0749,121.447,0.868
The Irish Rovers,21lGpvhev1LjKuV2jauZiC,The Irish Rovers,0tkKwWigaADLYB9HdFCjYo,The Irish Rovers' gems,7vVAdeZyKRAvjLn3TRpjdZ,Wasn't That a Party,1hTspCloB6MCIRQUJxmp74,0.234,0.504,0.698,0.0,0.0,0.195,-9.222,1.0,0.0364,181.237,0.71
The Irish Rovers,21lGpvhev1LjKuV2jauZiC,The Irish Rovers,0tkKwWigaADLYB9HdFCjYo,The Irish Rovers' gems,7vVAdeZyKRAvjLn3TRpjdZ,The Lovely Isle of Innishfree,1UM85Sn3jSxKLIs5zdKr5b,0.548,0.495,0.449,0.0,5.0,0.276,-10.254,1.0,0.0267,114.631,0.667
Omatt,15GcrfdDnabxw8zq0bRVfB,Vulfpeck,7pXu47GoqSYRajmBCjxdD6,Live at Madison Square Garden,5KmXBjpN0wHutYBoDJBxmM,Dean Town (Live at Madison Square Garden),7MNhvUp3m9ZZLVnpiRtUjJ,0.102,0.436,0.906,0.849,11.0,0.962,-6.2,1.0,0.0414,118.513,0.655
Omatt,15GcrfdDnabxw8zq0bRVfB,Youngblood Brass Band,5QJZUg9ngYII5FkgAGFgW7,center : level : roar,3xmy39vPHvznZhY5VLHwTs,Round One,7m8hY3NBCKL6RWDMtOM4jF,0.0207,0.519,0.929,0.529,2.0,0.328,-6.151,0.0,0.0636,110.452,0.721
Omatt,15GcrfdDnabxw8zq0bRVfB,Youngblood Brass Band,5QJZUg9ngYII5FkgAGFgW7,center : level : roar,3xmy39vPHvznZhY5VLHwTs,Brooklyn,3togetfNMl5Nb71YFKJ7aC,0.0649,0.442,0.794,0.221,8.0,0.213,-6.539,1.0,0.0805,96.789,0.789
Omatt,15GcrfdDnabxw8zq0bRVfB,Steve Vai,32Jb1X3wSmmoHj2epZReZA,Alien Love Secrets,1cBOYvZOaWzfNH2kfykjIe,Tender Surrender,1BpMzIbVYhLfXTQe7ob2sY,0.174,0.559,0.567,0.103,4.0,0.122,-7.155,0.0,0.036,130.036,0.227
The Irish Rovers,21lGpvhev1LjKuV2jauZiC,The Irish Rovers,0tkKwWigaADLYB9HdFCjYo,The Best Of The Irish Rovers,7eR6s2Ag147H5yHOG1CwDV,Goodbye Mick And Goodbye Pat,3PnbkGNpAzaXrCEOgDOmuM,0.729,0.669,0.741,0.0,7.0,0.0712,-6.413,1.0,0.0374,131.805,0.961
Omatt,15GcrfdDnabxw8zq0bRVfB,Slipknot,05fG473iIaoy82BF1aGhL8,Slipknot (10th Anniversary Edition),2dL9Q5AtIv4Rw1L6lKcIUc,Wait and Bleed,2gscB6kDOmrv1P6qs2KXE3,0.00208,0.382,0.996,0.0,7.0,0.417,-4.119,1.0,0.104,93.345,0.327
,6PYnztH5GLd2xVEAw9Wv9c,Migos,6oMuImdp5ZcFhWP0ESe6mG,Culture II,7fd7SEK25VS3gJAUgSwL6y,MotorSport,4wFjTWCunQFKtukqrNijEt,0.0305,0.902,0.518,0.0,2.0,0.325,-5.32,1.0,0.183,137.993,0.188
,6PYnztH5GLd2xVEAw9Wv9c,Bruno Mars,0du5cEVh5yTK9QJze8zA0C,Finesse (Remix) [feat. Cardi B],3mumK2ar9b4JPhVOZR0V2p,Finesse - Remix; feat. Cardi B,3Vo4wInECJQuz9BIBMOu8i,0.0185,0.704,0.859,0.0,5.0,0.0215,-4.877,0.0,0.0996,105.115,0.926
,6PYnztH5GLd2xVEAw9Wv9c,Iggy Azalea,5yG7ZAZafVaAlMTeBybKAL,The New Classic,6lBTYoX7ZzU2Xbf8RHAv0u,Black Widow,71vsEyBd4X1D5BUmLdFSVH,0.188,0.74,0.72,0.000386,3.0,0.109,-3.753,0.0,0.158,164.014,0.512
,6PYnztH5GLd2xVEAw9Wv9c,Fifth Harmony,1l8Fu6IkuTP0U5QetQJ5Xt,Fifth Harmony,506tSgFO28YCEALMLihVPB,Don't Say You Love Me,5g6FCPU1r3C88vUsFtat16,0.497,0.585,0.633,0.0,9.0,0.145,-4.944,1.0,0.1,101.707,0.378
,6PYnztH5GLd2xVEAw9Wv9c,Fifth Harmony,1l8Fu6IkuTP0U5QetQJ5Xt,7/27 (Deluxe),0pF0oyuPNdOObniB1Ng0kW,Work from Home (feat. Ty Dolla $ign),4tCtwWceOPWzenK2HAIJSb,0.103,0.803,0.585,3.94e-06,8.0,0.0644,-5.861,1.0,0.0432,105.017,0.593
,6PYnztH5GLd2xVEAw9Wv9c,Tyga,5LHRHt1k9lMyONurDHEdrp,Dip (feat. Nicki Minaj),32EKwnBISVjObigwvsBzcL,Dip (feat. Nicki Minaj),4hXDobvUaXyDFLnmecoY0z,0.0311,0.885,0.543,0.0,2.0,0.154,-6.338,1.0,0.2,99.026,0.43
,6PYnztH5GLd2xVEAw9Wv9c,Bruno Mars,0du5cEVh5yTK9QJze8zA0C,24K Magic,4PgleR09JVnm3zY1fW3XBA,That's What I Like,0KKkJNfGyhkQ5aFogxQAPU,0.013,0.853,0.56,0.0,1.0,0.0944,-4.961,1.0,0.0406,134.066,0.86
,6PYnztH5GLd2xVEAw9Wv9c,Little Mix,3e7awlrlDSwF3iM0WBjGMp,LM5 (Deluxe),7Ho8gAx4haSxv1eFLQwvTj,Woman Like Me (feat. Nicki Minaj),222B3aljXx6fFwKmFjuBED,0.177,0.754,0.854,0.0,5.0,0.0808,-3.449,0.0,0.0608,75.002,0.8
,6PYnztH5GLd2xVEAw9Wv9c,Fifth Harmony,1l8Fu6IkuTP0U5QetQJ5Xt,7/27 (Deluxe),0pF0oyuPNdOObniB1Ng0kW,All In My Head (Flex) (feat. Fetty Wap),7nD9nN3jord9wWcfW3Gkcm,0.023,0.689,0.791,0.0,0.0,0.0526,-5.194,0.0,0.053,95.04,0.755
,6PYnztH5GLd2xVEAw9Wv9c,Bruno Mars,0du5cEVh5yTK9QJze8zA0C,Unorthodox Jukebox,58ufpQsJ1DS5kq4hhzQDiI,When I Was Your Man,0nJW01T7XtvILxQgC5J7Wh,0.932,0.612,0.28,0.0,0.0,0.088,-8.648,1.0,0.0434,72.795,0.387
,6PYnztH5GLd2xVEAw9Wv9c,Cardi B,4kYSro6naA4h99UJvo89HB,Please Me,5a4sJJ3qjn6hqRsvm0Veso,Please Me,0PG9fbaaHFHfre2gUVo7AN,0.0642,0.747,0.57,0.0,1.0,0.0832,-6.711,1.0,0.081,133.992,0.65
,6PYnztH5GLd2xVEAw9Wv9c,Iggy Azalea,5yG7ZAZafVaAlMTeBybKAL,The New Classic (Deluxe Version),3WUe1HRgE7qoUQ3oejofGf,Fancy,3W3KtDwAIg3mAruSpnfG3Q,0.0904,0.912,0.716,0.0,10.0,0.0491,-4.141,0.0,0.0698,94.981,0.377
,6PYnztH5GLd2xVEAw9Wv9c,Iggy Azalea,5yG7ZAZafVaAlMTeBybKAL,Sally Walker,23aioVCY8KAQbx5ntk7rmV,Sally Walker,7dsEsd0rlVs6PddRJj64ho,0.0177,0.905,0.492,0.0,8.0,0.0994,-8.953,0.0,0.0936,140.076,0.605
,6PYnztH5GLd2xVEAw9Wv9c,Iggy Azalea,5yG7ZAZafVaAlMTeBybKAL,Survive The Summer,4jzYKkhMfaEFxDRevZqDdK,Kream (feat. Tyga),5mu1uv8RmzDkF8foePK5qa,0.0335,0.785,0.425,4.36e-06,10.0,0.108,-6.665,1.0,0.137,174.028,0.192
,6PYnztH5GLd2xVEAw9Wv9c,Justin Bieber,1uNFoZAHBGtllmzznpCI3s,Believe (Deluxe Edition),70f70xLCpH7wHaVvB2oZT9,As Long As You Love Me,0pwYLVXVknPSGUQb39cePC,0.0811,0.571,0.873,0.0,0.0,0.361,-3.382,0.0,0.1,139.691,0.613
,6PYnztH5GLd2xVEAw9Wv9c,Iggy Azalea,5yG7ZAZafVaAlMTeBybKAL,Team,0CDGwILyNsCvHNhYSPhTUJ,Team,2bocAPQcUTLUXx8lAOTiK3,0.0545,0.891,0.692,0.0,4.0,0.608,-4.989,1.0,0.0673,100.023,0.218
,6PYnztH5GLd2xVEAw9Wv9c,Jason Derulo,07YZf4WDAMNwqr4jfgOZ8y,Swalla (feat. Nicki Minaj & Ty Dolla $ign),2e5CxfyEwBW115beiwh7Mc,Swalla (feat. Nicki Minaj & Ty Dolla $ign),6kex4EBAj0WHXDKZMEJaaF,0.154,0.689,0.789,0.0,1.0,0.203,-4.901,1.0,0.122,98.043,0.745
,6PYnztH5GLd2xVEAw9Wv9c,David Guetta,1Cs0zKBU1kc0i8ypK3B9ai,2U (feat. Justin Bieber),1PZviVfBJJxNw5EtAwzdUu,2U (feat. Justin Bieber),3A7qX2QjDlPnazUsRk5y0M,0.219,0.548,0.65,0.0,8.0,0.225,-5.827,0.0,0.0591,144.937,0.557
,6PYnztH5GLd2xVEAw9Wv9c,Fifth Harmony,1l8Fu6IkuTP0U5QetQJ5Xt,Reflection (Deluxe),0zAsh6hObeNmFgFPrUiFcP,Worth It (feat. Kid Ink),41Fflg7qHiVOD6dEPvsCzO,0.063,0.884,0.765,7.04e-06,8.0,0.118,-3.865,1.0,0.0882,99.987,0.594
,6PYnztH5GLd2xVEAw9Wv9c,Justin Bieber,1uNFoZAHBGtllmzznpCI3s,Purpose (Deluxe),6Fr2rQkZ383FcMqFyT7yPr,Love Yourself,50kpGaPAhYJ3sGmk6vplg0,0.835,0.609,0.378,0.0,4.0,0.28,-9.828,1.0,0.438,100.43,0.515
,6PYnztH5GLd2xVEAw9Wv9c,Gucci Mane,13y7CgLHjMVRMDqxdx0Xdo,Evil Genius,5xqQtdlJUY7Fg4BMp13LrX,Wake Up in the Sky,2G1tXoGBaEMJ7FKGnkf6ud,0.00381,0.8,0.578,0.0,4.0,0.367,-5.144,0.0,0.0485,143.01,0.367
,6PYnztH5GLd2xVEAw9Wv9c,Fifth Harmony,1l8Fu6IkuTP0U5QetQJ5Xt,7/27 (Deluxe),0pF0oyuPNdOObniB1Ng0kW,That's My Girl,2ACOWPLUe4A4KuQ5ioD2od,0.0358,0.596,0.851,3.19e-05,5.0,0.365,-4.245,0.0,0.121,202.049,0.612
,6PYnztH5GLd2xVEAw9Wv9c,The Pussycat Dolls,6wPhSqRtPu1UhRCDX5yaDJ,PCD,53zV9rZ5yfWgigsmuJtYpG,Buttons,314QzMOrpNUqWBUozYshf6,0.152,0.564,0.817,0.0,2.0,0.247,-4.338,1.0,0.271,210.855,0.478
,6PYnztH5GLd2xVEAw9Wv9c,The Pussycat Dolls,6wPhSqRtPu1UhRCDX5yaDJ,Doll Domination (Deluxe),7mDkWKTghwBDuHCJmH6qR5,I Hate This Part,3tSuRiNgJmMqmYR23dCqnR,0.0659,0.756,0.612,0.0,5.0,0.274,-4.371,1.0,0.0315,111.574,0.453
,6PYnztH5GLd2xVEAw9Wv9c,Beyoncé,6vWDO969PvNqNYHIOW5v0m,I AM...SASHA FIERCE - Platinum Edition,3ROfBX6lJLnCmaw1NrP5K9,Halo,2CvOqDpQIMw69cCzWqr5yr,0.273,0.422,0.712,0.0,11.0,0.051,-5.907,0.0,0.1,78.454,0.471
,6PYnztH5GLd2xVEAw9Wv9c,Rihanna,5pKCCKE2ajJHZ9KAiaK11H,Good Girl Gone Bad: Reloaded,3JSWZWeTHF4HDGt5Eozdy7,Take A Bow,3goSVuTt3fDYDP6kRnFwuL,0.248,0.518,0.467,0.0,9.0,0.0941,-7.536,1.0,0.162,79.965,0.559
,6PYnztH5GLd2xVEAw9Wv9c,The Pussycat Dolls,6wPhSqRtPu1UhRCDX5yaDJ,PCD,53zV9rZ5yfWgigsmuJtYpG,Stickwitu,2lgz3yy1AyoceOVOOBmiOS,0.283,0.622,0.554,0.0,9.0,0.0708,-6.408,1.0,0.0502,79.965,0.389
,6PYnztH5GLd2xVEAw9Wv9c,The Pussycat Dolls,6wPhSqRtPu1UhRCDX5yaDJ,Doll Domination (Deluxe),7mDkWKTghwBDuHCJmH6qR5,When I Grow Up,21pySLskKIKrhDziCX5ojQ,0.00165,0.672,0.685,0.0,11.0,0.398,-5.762,0.0,0.0499,118.45,0.367
,6PYnztH5GLd2xVEAw9Wv9c,Beyoncé,6vWDO969PvNqNYHIOW5v0m,4,1gIC63gC3B7o7FfpPACZQJ,Love On Top,1z6WtY7X4HQJvzxC4UgkSf,0.0848,0.652,0.749,0.0,0.0,0.604,-5.248,1.0,0.0886,94.103,0.651
,6PYnztH5GLd2xVEAw9Wv9c,Beyoncé,6vWDO969PvNqNYHIOW5v0m,4,1gIC63gC3B7o7FfpPACZQJ,Run the World (Girls),1uXbwHHfgsXcUKfSZw5ZJ0,0.00496,0.732,0.899,4.64e-05,0.0,0.372,-4.237,1.0,0.143,127.091,0.759
,6PYnztH5GLd2xVEAw9Wv9c,Rihanna,5pKCCKE2ajJHZ9KAiaK11H,FourFiveSeconds,7yBl4uFyJzH48Vy6tPieXL,FourFiveSeconds,78TTtXnFQPzwqlbtbwqN0y,0.875,0.582,0.272,0.0,2.0,0.13,-5.662,1.0,0.0501,205.846,0.354
,6PYnztH5GLd2xVEAw9Wv9c,Lil Uzi Vert,4O15NlyKLIASxsJ0PrXPfz,That's a Rack,7jV7IRYpTLmTJe7uZXZCZh,That's a Rack,4pCEIQ6wBVuaJdER5bALtO,0.0599,0.852,0.432,0.0,1.0,0.146,-8.04,0.0,0.501,140.042,0.258
,6PYnztH5GLd2xVEAw9Wv9c,Jennifer Lopez,2DlGxzQSjYe5N6G9nkYghR,On The Floor,543NK5YT3RjGmP7nFzWJPm,On The Floor - Radio Edit,0Oe49j06Bjrxs8PltuVeaW,0.0848,0.758,0.686,0.00133,11.0,0.142,-6.346,1.0,0.0792,130.008,0.444
,6PYnztH5GLd2xVEAw9Wv9c,Ed Sheeran,6eUKZXaKkcviH0Ku9w2n3V,Perfect Duet (Ed Sheeran & Beyoncé),52kvZcbEDm0v2kWZQXjuuA,Perfect Duet (Ed Sheeran & Beyoncé),1bhUWB0zJMIKr9yVPrkEuI,0.779,0.587,0.299,0.0,8.0,0.123,-7.365,1.0,0.0263,94.992,0.356
,6PYnztH5GLd2xVEAw9Wv9c,Jennifer Lopez,2DlGxzQSjYe5N6G9nkYghR,Ain't Your Mama,5Bd99eGJKXoRMnqgqWlWmp,Ain't Your Mama,2hgzdQdnfWwtdpZbhZlV72,0.0472,0.757,0.678,9.14e-06,8.0,0.0654,-5.529,0.0,0.233,120.075,0.82
,6PYnztH5GLd2xVEAw9Wv9c,The Pussycat Dolls,6wPhSqRtPu1UhRCDX5yaDJ,PCD,53zV9rZ5yfWgigsmuJtYpG,Don't Cha,0BxfFnk0YzONqvmrkO0QrB,0.00546,0.875,0.63,2.47e-06,1.0,0.127,-3.475,1.0,0.0994,120.016,0.548
,6PYnztH5GLd2xVEAw9Wv9c,Rihanna,5pKCCKE2ajJHZ9KAiaK11H,Good Girl Gone Bad: Reloaded,3JSWZWeTHF4HDGt5Eozdy7,Umbrella,49FYlytm3dAAraYgpoJZux,0.00906,0.585,0.828,0.0,1.0,0.0426,-4.603,1.0,0.124,174.034,0.584
,6PYnztH5GLd2xVEAw9Wv9c,Rihanna,5pKCCKE2ajJHZ9KAiaK11H,Good Girl Gone Bad: Reloaded,3JSWZWeTHF4HDGt5Eozdy7,Don't Stop The Music,0ByMNEPAPpOR5H69DVrTNy,0.0341,0.834,0.669,7.18e-05,6.0,0.0535,-5.582,0.0,0.0637,122.669,0.547
,6PYnztH5GLd2xVEAw9Wv9c,Jennifer Lopez,2DlGxzQSjYe5N6G9nkYghR,Te Guste,0TV9iQEnYeQeKZOfXhok1D,Te Guste,0ifLplTQxXkFZKMQpWCHii,0.119,0.877,0.619,0.0,9.0,0.088,-6.692,0.0,0.233,138.109,0.222
,6PYnztH5GLd2xVEAw9Wv9c,Jennifer Lopez,2DlGxzQSjYe5N6G9nkYghR,El Anillo,4DnxvNqBLOdInzC0cI8Wzy,El Anillo,2SpfMQ5TuKsMj1trNwrLVA,0.0248,0.87,0.691,0.0,2.0,0.0861,-4.11,0.0,0.18,130.056,0.469
 ,1kstE4Tp0wXONRTE1KiJp0,DJ Luian,64aJYyrXljOodnUG6jvhRD,Verte Ir,76XsfdI0kGODDdhHAJKZi3,Verte Ir,4lzxJ4jCuFDXXGkE1LmpKR,0.391,0.857,0.647,1.2e-06,11.0,0.0842,-4.152,0.0,0.0984,95.982,0.553
,6PYnztH5GLd2xVEAw9Wv9c,Jennifer Lopez,2DlGxzQSjYe5N6G9nkYghR,Dinero,1fT1s4VMXc9xGIamDyFz9S,Dinero,22mQXNE0nCuWq4yOwcadIn,0.41,0.721,0.881,7.61e-06,8.0,0.292,-2.528,1.0,0.342,127.759,0.643
 ,1kstE4Tp0wXONRTE1KiJp0,Paulo Londra,3vQ0GE3mI0dAaxIMYe5g7z,Tal Vez,039RvHRSbMCfQLsYcg70BQ,Tal Vez,46lvmzK8wxAy66tjzXXSh0,0.266,0.849,0.655,0.0,8.0,0.0781,-2.899,1.0,0.106,161.966,0.76
,6PYnztH5GLd2xVEAw9Wv9c,Rihanna,5pKCCKE2ajJHZ9KAiaK11H,ANTI (Deluxe),4UlGauD7ROb3YbVOFMgW5u,Love On The Brain,5oO3drDxtziYU2H1X23ZIp,0.0717,0.509,0.637,1.08e-05,4.0,0.0789,-4.83,0.0,0.047,172.007,0.379
,6PYnztH5GLd2xVEAw9Wv9c,Beyoncé,6vWDO969PvNqNYHIOW5v0m,Dangerously In Love,06v9eHnqhMK2tbM2Iz3p0Y,Crazy In Love (feat. JAY-Z),0TwBtDAWpkpM3srywFVOV5,0.00238,0.664,0.759,0.0,2.0,0.0598,-6.583,0.0,0.209,99.252,0.701
 ,1kstE4Tp0wXONRTE1KiJp0,Ski Mask The Slump God,2rhFzFmezpnW82MNqEKVry,STOKELEY,0z0z4DcXhHiobX5ZKAw8Qn,Faucet Failure,1ThmUihH9dF8EV08ku5AXN,0.111,0.935,0.552,0.0,10.0,0.0952,-9.373,0.0,0.335,99.993,0.616
 ,1kstE4Tp0wXONRTE1KiJp0,YNW Melly,1cNDP5yjU5vjeR8qMf4grg,We All Shine,09b9NC1oQbYaHcacgXn66k,Mixed Personalities (feat. Kanye West),6vWEAOUSxohKxhp0K1BsxL,0.457,0.661,0.44,0.0,2.0,0.128,-9.104,1.0,0.0803,149.937,0.352
 ,1kstE4Tp0wXONRTE1KiJp0,Tory Lanez,2jku7tDXc6XoB6MO2hFuqg,Freaky,0JDoNU0AZ54Ng8e2iPTKRs,Freaky,0NJp8GyCOWnQh71xKSPfuV,0.00202,0.966,0.563,0.0,8.0,0.105,-5.764,1.0,0.0618,104.991,0.363
 ,1kstE4Tp0wXONRTE1KiJp0,Lil Uzi Vert,4O15NlyKLIASxsJ0PrXPfz,Sanguine Paradise,49K82qcZN4u109e6Zw8io1,Sanguine Paradise,3XiNC94b4Tq1xwv70sQJGN,0.0948,0.729,0.603,0.0,6.0,0.113,-6.736,0.0,0.0666,134.972,0.207
 ,1kstE4Tp0wXONRTE1KiJp0,ROSALÍA,7ltDVBr6mKbRvohxheJ9h1,Con Altura,4bxHLppgdmaYJk0yfdcP0l,Con Altura,2qG5sZ7Si6sdK74qLxedYM,0.39,0.882,0.689,0.00325,6.0,0.0501,-4.027,1.0,0.124,97.963,0.746
 ,1kstE4Tp0wXONRTE1KiJp0,Bad Bunny,4q3ewBCX7sLwd24euuV69X,X 100PRE,7CjJb2mikwAWA1V6kewFBF,NI BIEN NI MAL,278kSqsZIiYp8p3QjYAqa8,0.552,0.826,0.451,1.39e-05,5.0,0.283,-8.331,0.0,0.0674,128.025,0.333
 ,1kstE4Tp0wXONRTE1KiJp0,Bad Bunny,4q3ewBCX7sLwd24euuV69X,X 100PRE,7CjJb2mikwAWA1V6kewFBF,Caro,6it15CsDlkqB7N4lF0C1qM,0.623,0.678,0.573,0.000191,0.0,0.096,-7.739,1.0,0.304,160.023,0.257
 ,1kstE4Tp0wXONRTE1KiJp0,Bad Bunny,4q3ewBCX7sLwd24euuV69X,X 100PRE,7CjJb2mikwAWA1V6kewFBF,La Romana,1khmgu0pveJbkbpbkyvcQv,0.0328,0.654,0.726,0.0027,0.0,0.06,-5.497,1.0,0.194,125.855,0.33
 ,1kstE4Tp0wXONRTE1KiJp0,Paulo Londra,3vQ0GE3mI0dAaxIMYe5g7z,Forever Alone,0vYYf2lqqXfCWXwhnjVDTZ,Forever Alone,5NPzbTzFxIQPaheZuPhn4f,0.498,0.864,0.426,0.000228,7.0,0.145,-8.392,0.0,0.0561,129.954,0.477
 ,1kstE4Tp0wXONRTE1KiJp0,Cauty,2QUvtLq6oQaX0LNsYY2fas,Cauty VS Young Cauty,00op2xzUMjsxCj6aCmcnFJ,Ta To Gucci (Remix),7kuRvjpeUcn6qNV9IBXC2C,0.383,0.73,0.648,0.000112,1.0,0.103,-6.405,0.0,0.378,187.991,0.675
 ,1kstE4Tp0wXONRTE1KiJp0,Bryant Myers,6w9ToX5slZ4uIdmD17hJ3c,Cambio de Clima,3f8ilKUbFtOSPM2aVq0zCl,Ganas Sobran,17iXKeQe2iVYXJcMpQqthG,0.369,0.803,0.597,0.0,9.0,0.0998,-4.144,1.0,0.127,85.056,0.688
 ,1kstE4Tp0wXONRTE1KiJp0,C. Tangana,5TYxZTjIPqKM8K8NuP9woO,Pa' Llamar Tu Atención (feat. MC Bin Laden),4cuwg5OdGMhnbvTdlNWkd9,Pa' Llamar Tu Atención (feat. MC Bin Laden),2vEY3cNwXYxIG4fPAoN14q,0.188,0.884,0.738,0.0,5.0,0.0812,-3.265,0.0,0.0837,131.91,0.678
 ,1kstE4Tp0wXONRTE1KiJp0,Nipsey Hussle,0EeQBlQJFiAfJeVN2vT9s0,Racks in the Middle (feat. Roddy Ricch and Hit-Boy),6a2c06GAsKigzV53VyzBXk,Racks in the Middle (feat. Roddy Ricch and Hit-Boy),6ya8ejoKgw906Y8LWclqrp,0.0825,0.671,0.833,0.0,5.0,0.0726,-5.152,0.0,0.395,79.351,0.702
 ,1kstE4Tp0wXONRTE1KiJp0,Lil Skies,7d3WFRME3vBY2cgoP38RDo,Shelby,47FalEKu0of8GExDtZBkxT,I,4ZT9FnbFu1PaBfV3itxiqT,0.627,0.649,0.453,0.0,6.0,0.116,-7.28,1.0,0.085,99.183,0.431
 ,1kstE4Tp0wXONRTE1KiJp0,A Boogie Wit da Hoodie,31W5EY0aAly4Qieq6OFu6I,Hoodie SZN,3r5hf3Cj3EMh1C2saQ8jyt,Swervin (feat. 6ix9ine),1wJRveJZLSb1rjhnUHQiv6,0.0153,0.581,0.662,0.0,9.0,0.111,-5.239,1.0,0.303,93.023,0.434
 ,1kstE4Tp0wXONRTE1KiJp0,Lil Baby,5f7VJjfbwm532GiveGC0ZK,Street Gossip,4iF44RCCybJtkBkMoqrLW2,Pure Cocaine,577YBGuskWkVDCxZrLRB4v,0.00127,0.964,0.487,6.07e-06,10.0,0.115,-6.071,0.0,0.421,127.05,0.108
 ,1kstE4Tp0wXONRTE1KiJp0,Roddy Ricch,757aE44tKEUQEqRuT6GnEB,Feed Tha Streets II,1jlIU9p7PChTK3AeqNpnsX,Die Young,3wLtYwtqvKK2ewelSVPeDK,0.218,0.688,0.656,0.0,4.0,0.115,-5.541,0.0,0.276,160.414,0.365
 ,1kstE4Tp0wXONRTE1KiJp0,21 Savage,1URnnhqYAYcrqrcwql10ft,i am > i was,007DWn799UWvfY1wwZeENR,a lot,2t8yVaLvJ0RenpXUIAC52d,0.0395,0.837,0.636,0.00125,1.0,0.342,-7.643,1.0,0.086,145.972,0.274
 ,1kstE4Tp0wXONRTE1KiJp0,Calboy,0HkcYmcjrBR3SCw9Ld5VZk,Envy Me,6kouOn7KSqTklk5Mh1vEH2,Envy Me,05t7JMip6JrLuSrMV5yYjX,0.282,0.556,0.481,0.0,11.0,0.216,-7.663,1.0,0.313,149.025,0.581
 ,1kstE4Tp0wXONRTE1KiJp0,DaBaby,4r63FhuTkUYltbVAg5TQnk,Baby On Baby,0O1PJ0t69iTO5yWrIeIga0,Suge,2gwkD6igEhQbDQegRCcdoB,0.0608,0.876,0.662,0.0,2.0,0.127,-6.482,0.0,0.426,75.445,0.844
 ,1kstE4Tp0wXONRTE1KiJp0,Offset,4DdkRBBYG6Yk9Ka8tdJ9BW,FATHER OF 4,6bPpXqJRpjwy0hLyUGtzYc,Legacy (feat. Travis Scott & 21 Savage),7pMRoGLEJuFM2wl5pt0R99,0.178,0.844,0.513,0.0,1.0,0.0845,-8.769,1.0,0.336,128.085,0.344
 ,1kstE4Tp0wXONRTE1KiJp0,Meek Mill,20sxb77xiYeusSH8cVdatc,Championships,6UYZEYjpN1DYRW0kqFy9ZE,Going Bad (feat. Drake),2IRZnDFmlqMuOrYOLnZZyc,0.259,0.889,0.496,0.0,4.0,0.252,-6.365,0.0,0.0905,86.003,0.544
 ,1kstE4Tp0wXONRTE1KiJp0,J. Cole,6l3HvQ5sa6mXTsMTB19rO5,MIDDLE CHILD,3XzSOIE6zGLliuqsVGLmUc,MIDDLE CHILD,2JvzF1RMd7lE3KmFlsyZD8,0.149,0.837,0.364,0.0,8.0,0.271,-11.713,1.0,0.276,123.984,0.463
 ,1kstE4Tp0wXONRTE1KiJp0,YoungBoy Never Broke Again,7wlFDEWiM5OoIAt8RSli8b,Realer,3o5se5blwiAdJPk8yAw1EQ,Slime Belief,2qGfZAgDe1pV2y5xJAhi6R,0.257,0.748,0.578,0.0,9.0,0.13,-5.72,1.0,0.194,140.016,0.166
 ,1kstE4Tp0wXONRTE1KiJp0,Offset,4DdkRBBYG6Yk9Ka8tdJ9BW,Red Room,3lxvJqSvGR9o3Z402FnY0Z,Red Room,2MJdgSby3DtSS7bUJx2cly,0.481,0.936,0.56,0.0,7.0,0.129,-8.591,0.0,0.158,112.34,0.519
 ,1kstE4Tp0wXONRTE1KiJp0,Offset,4DdkRBBYG6Yk9Ka8tdJ9BW,FATHER OF 4,6bPpXqJRpjwy0hLyUGtzYc,How Did I Get Here (feat. J. Cole),32iPykTXUNZ9oGyACGUybq,0.507,0.883,0.544,1.6e-06,2.0,0.08,-7.919,1.0,0.233,129.994,0.114
 ,1kstE4Tp0wXONRTE1KiJp0,DaBaby,4r63FhuTkUYltbVAg5TQnk,Baby On Baby,0O1PJ0t69iTO5yWrIeIga0,Goin Baby,3WyRgi8CzQnhzO0xw79tTS,0.128,0.755,0.772,0.0,6.0,0.157,-5.585,1.0,0.4,132.906,0.678
 ,1kstE4Tp0wXONRTE1KiJp0,Gunna,2hlmm7s2ICUX0LVIhVFlZQ,Speed It Up,4eksthxT0hhR72A46Qr9OT,Speed It Up,3BXXkwyhsHM0EPApHMhQC5,0.0394,0.912,0.587,0.01,7.0,0.111,-7.395,1.0,0.0582,143.027,0.435
 ,1kstE4Tp0wXONRTE1KiJp0,A Boogie Wit da Hoodie,31W5EY0aAly4Qieq6OFu6I,Look Back at It,75LbMfXFhx50mXIy9wsgvX,Look Back at It,3J5YrOvX2A0EA0j4BARQ9o,0.407,0.791,0.587,0.0,3.0,0.148,-5.075,0.0,0.0413,96.057,0.536
Prog für Jonas,3TF51cnTkvYnzNtWOLONan,Alusa Fallax,1xGMoZCyIemfR1hoZ9dQQf,Intorno alla mia cattiva educazione,42pTp2rKSCtFCyhz95b0yy,Carta carbone,3MWZsqjIqfGmr8s5dT7Dpx,0.722,0.334,0.618,0.94,9.0,0.337,-10.831,0.0,0.045,113.852,0.476
Starred,4MXknL75JdrNKrNUQ6vTGT,Lily Allen,13saZpZnCDWOI9D4IJhp1f,"It's Not Me, It's You",2OUL7ZpAvUaWyylZ1lXpe0,Not Fair,1cDRpJiJa94Voj0Ayc9iGJ,0.052,0.718,0.806,0.0137,5.0,0.0932,-9.191,1.0,0.0376,121.488,0.929
Prog für Jonas,3TF51cnTkvYnzNtWOLONan,Banco Del Mutuo Soccorso,4RuYtHjAKBufQRqBUMiOfK,Darwin!,0Ft1jEOyGY74ZgHb1FYO4U,La conquista della posizione eretta,0IIqCCfKmobPchLsO6YYHy,0.749,0.365,0.584,0.129,1.0,0.147,-10.693,0.0,0.0465,132.625,0.293
Starred,4MXknL75JdrNKrNUQ6vTGT,A1,5lPsVvHVDr6R5mDxRUXdOs,Waiting For Daylight,1tZ9QCXo4ONV7kxleUwZog,The Life That Could Have Been,4MAS0JZnhsyPGwTUVhf3f4,0.0646,0.688,0.751,1.92e-05,4.0,0.132,-5.948,1.0,0.029,121.992,0.884
Prog für Jonas,3TF51cnTkvYnzNtWOLONan,Area,6o2PxnpsrQ352kwYlEwjvR,Arbeit Macht Frei,4YLKvXEwd8vCNpZ7MN36YS,"Luglio, agosto, settembre (nero)",0TPr5hnZsUpJcibgC9U4OS,0.31,0.437,0.73,0.000236,5.0,0.328,-8.195,0.0,0.227,98.766,0.456
Prog für Jonas,3TF51cnTkvYnzNtWOLONan,Robert Wyatt,5iksmHDN2qZQcgFfXqIXtT,Rock Bottom,72t34rHQENHfAK5kDLZjuG,Sea Song,3vF6NsyLWT9GRG30nrivk1,0.728,0.35,0.27,0.0223,6.0,0.21,-14.618,0.0,0.0303,109.835,0.0583
Prog für Jonas,3TF51cnTkvYnzNtWOLONan,Premiata Forneria Marconi,1MD5pgVzlusqGyuSTcTxvu,Per Un Amico,1NeJ0QqKv002iYDiOCaUOA,Appena un po',2Pxrc170vjMuvDmoFzoGNo,0.457,0.375,0.206,0.139,2.0,0.158,-18.468,0.0,0.0372,134.45,0.205
Prog für Jonas,3TF51cnTkvYnzNtWOLONan,Faust,4yBBNmdvVaoPEnr2lt14q7,Faust IV,6ou63QavbhaQvDTQ3BCkPv,Krautrock,7h9hsEOJbNH2Y46ZR5NFfQ,0.0989,0.449,0.624,0.913,4.0,0.313,-13.422,1.0,0.0324,122.544,0.512
Prog für Jonas,3TF51cnTkvYnzNtWOLONan,After Crying,3zLb042uCnwyRDS94JM6rF,Első Évtized,4N0tpZcTpTRy0CzjiQ2Ks0,Shining,5PXMsHGurYLsV6f90UtzVz,0.946,0.165,0.186,0.823,11.0,0.0869,-17.546,0.0,0.0409,77.389,0.0729
Prog für Jonas,3TF51cnTkvYnzNtWOLONan,Secret Oyster,0iqlh7H9QaMblG4YrGI4vS,Sea Son,5fgZ3tsCKrZMM3Y2PojJwb,Oyster Jungle,7DOyPXCMq6t4Jvfv3pH8Ip,0.00292,0.467,0.641,0.899,11.0,0.107,-9.914,0.0,0.0401,80.288,0.875
PA-top 12,3CzhMcwdymIoXlAhoJhMan,Iamthemorning,7xmvkKWYKuJGhmQmuoL7CS,Iamthemorning,4TTyQBo0c5BjlkIPadUeOi,Intermission I,1mCUNugbFk0P8QAJ6U5tFy,0.957,0.166,0.133,7.34e-05,6.0,0.472,-23.14,0.0,0.0396,79.206,0.0531
PA-top 12,3CzhMcwdymIoXlAhoJhMan,Iamthemorning,7xmvkKWYKuJGhmQmuoL7CS,Iamthemorning,4TTyQBo0c5BjlkIPadUeOi,Inside,3w0Un4xozSaOZfcC9iDzYr,0.955,0.344,0.427,0.111,7.0,0.0625,-10.546,0.0,0.0308,128.047,0.0528
PA-top 12,3CzhMcwdymIoXlAhoJhMan,Iamthemorning,7xmvkKWYKuJGhmQmuoL7CS,Iamthemorning,4TTyQBo0c5BjlkIPadUeOi,Burn,3fnU0ke2tLdDi8MnGbRECv,0.156,0.512,0.705,0.0111,10.0,0.201,-8.081,0.0,0.0323,150.002,0.35
PA-top 12,3CzhMcwdymIoXlAhoJhMan,Iamthemorning,7xmvkKWYKuJGhmQmuoL7CS,Iamthemorning,4TTyQBo0c5BjlkIPadUeOi,Circles,7LvRmOae1gON9OoNvoxybN,0.9,0.493,0.33,0.0579,1.0,0.108,-11.171,0.0,0.0281,101.774,0.241
PA-top 12,3CzhMcwdymIoXlAhoJhMan,Iamthemorning,7xmvkKWYKuJGhmQmuoL7CS,Iamthemorning,4TTyQBo0c5BjlkIPadUeOi,Intermission II,7llxKfSoa4iN1tTNIVE4FZ,0.967,0.169,0.137,0.925,10.0,0.101,-16.985,0.0,0.0443,84.645,0.0764
PA-top 12,3CzhMcwdymIoXlAhoJhMan,Iamthemorning,7xmvkKWYKuJGhmQmuoL7CS,Iamthemorning,4TTyQBo0c5BjlkIPadUeOi,Weather Changing,2BFVy5OxMbNFVFTT6Lit22,0.516,0.513,0.518,0.0015,7.0,0.145,-9.544,1.0,0.0262,144.985,0.485
PA-top 12,3CzhMcwdymIoXlAhoJhMan,Iamthemorning,7xmvkKWYKuJGhmQmuoL7CS,Iamthemorning,4TTyQBo0c5BjlkIPadUeOi,Intermission III,0Ps6UHQrp9kVR3hVcyET4X,0.994,0.301,0.307,0.803,7.0,0.337,-17.275,0.0,0.0379,136.193,0.164
PA-top 12,3CzhMcwdymIoXlAhoJhMan,Iamthemorning,7xmvkKWYKuJGhmQmuoL7CS,Iamthemorning,4TTyQBo0c5BjlkIPadUeOi,Scotland,6oKWIotnrNyYhcr8AGzJr9,0.666,0.566,0.493,0.405,7.0,0.196,-8.441,0.0,0.0277,125.017,0.165
PA-top 12,3CzhMcwdymIoXlAhoJhMan,Iamthemorning,7xmvkKWYKuJGhmQmuoL7CS,Iamthemorning,4TTyQBo0c5BjlkIPadUeOi,Touching II,5usOSLryajQVsXpVrKJjVg,0.877,0.603,0.177,0.000358,2.0,0.111,-11.971,0.0,0.0333,94.992,0.536
PA-top 12,3CzhMcwdymIoXlAhoJhMan,Iamthemorning,7xmvkKWYKuJGhmQmuoL7CS,Iamthemorning,4TTyQBo0c5BjlkIPadUeOi,Intermission IV,5StksN6J7FBPE9QpCXPk5P,0.989,0.314,0.125,0.873,1.0,0.0914,-23.641,1.0,0.0511,132.593,0.0377
PA-top 12,3CzhMcwdymIoXlAhoJhMan,Iamthemorning,7xmvkKWYKuJGhmQmuoL7CS,Iamthemorning,4TTyQBo0c5BjlkIPadUeOi,Monsters,6RlnsymTfKfHLvZGQOZ398,0.843,0.406,0.63,0.00228,9.0,0.203,-5.891,0.0,0.033,143.893,0.094
PA-top 12,3CzhMcwdymIoXlAhoJhMan,Iamthemorning,7xmvkKWYKuJGhmQmuoL7CS,Iamthemorning,4TTyQBo0c5BjlkIPadUeOi,Serenade,5GG3c4cNm9t9Z9XahmsSbf,0.451,0.433,0.644,0.0778,4.0,0.189,-7.291,0.0,0.0271,134.019,0.12
PA-top 12,3CzhMcwdymIoXlAhoJhMan,Iamthemorning,7xmvkKWYKuJGhmQmuoL7CS,Iamthemorning,4TTyQBo0c5BjlkIPadUeOi,Intermission V,4ZFqsH1ggrpjpV3GZ3hLaZ,0.991,0.229,0.258,0.949,0.0,0.101,-13.936,1.0,0.0437,79.497,0.0444
PA-top 12,3CzhMcwdymIoXlAhoJhMan,Iamthemorning,7xmvkKWYKuJGhmQmuoL7CS,Iamthemorning,4TTyQBo0c5BjlkIPadUeOi,Would This Be,3nyk3AjmoTN2nVOlWQ19eB,0.839,0.567,0.413,0.00113,2.0,0.132,-7.697,0.0,0.0279,118.027,0.249
Prog für Jonas,3TF51cnTkvYnzNtWOLONan,Astra,2DfGAnc1oAIxeH9ZE8PAJZ,The Black Chord,3CLkvsgAe0AGOQjF099eVz,The Black Chord,1uWpVcCkeacZe38jP9LknT,0.00538,0.29,0.67,0.268,9.0,0.348,-6.867,0.0,0.0333,134.048,0.331
Prog für Jonas,3TF51cnTkvYnzNtWOLONan,Le Orme,45Utoxop3UFq0Qg9YFLhx0,Felona E Sorona,5B13S4DiDesawhG0eUTK9B,Sospesi Nell 'Incredibile,3SEDjYzjK8tvnC43U8gAUl,0.021,0.396,0.405,0.266,4.0,0.0656,-16.296,0.0,0.0723,116.692,0.168
Prog für Jonas,3TF51cnTkvYnzNtWOLONan,Biglietto Per L'Inferno,32iWqX9jgLPJBZBXNEhxtR,Biglietto Per L'Inferno,05ap7P3uIAWdfYar7KjQKf,Confessione,6OWAc09BuPZa5XzVfSvHVY,0.218,0.257,0.627,0.772,2.0,0.394,-13.372,1.0,0.0571,149.42,0.225
Prog für Jonas,3TF51cnTkvYnzNtWOLONan,Catherine Ribeiro + Alpes,4nbS0Yk5Suh0P5PMIkaXIo,Paix,4CZpiTa7x6WXv6qjlpx2qH,Paix,3T9VVbpDjuGdbgpd9540eP,0.822,0.48,0.516,0.743,7.0,0.0899,-16.051,0.0,0.0737,141.196,0.43
Prog für Jonas,3TF51cnTkvYnzNtWOLONan,Pekka Pohjola,19ijg5n90fExbOKQd3E0p6,Visitation,13jsiukSg8oNVBKACx3X3f,Try to Remember,2Tm0m9RQN6hKYcuPlOmFyB,0.106,0.157,0.497,0.664,4.0,0.0971,-7.701,0.0,0.035,69.474,0.196
Prog für Jonas,3TF51cnTkvYnzNtWOLONan,Alphataurus,6mFPT1M2JWpuoSGSCQCpHX,Alphataurus,0Wh01o7ulww79Oq2eSZ6PX,La mente vola,1B4XcCAhhj6r2ji1dcISEU,2.3e-05,0.301,0.751,0.0396,1.0,0.0854,-6.684,1.0,0.0426,121.677,0.162
PA-top 12,3CzhMcwdymIoXlAhoJhMan,Big Big Train,68VJJPVAVNAmwsDDf1i70g,English Electric (Part One),2tFDYqrHzWM7AB4S70x5qL,Upton Heath,5Giroby9hm1o6gFkmDrn0d,0.443,0.452,0.421,0.000482,11.0,0.0642,-12.597,1.0,0.0263,149.968,0.405
PA-top 12,3CzhMcwdymIoXlAhoJhMan,Magma,5JeJHWfm2ZxNd09hrIf7Zb,Félicité thösz,20UPhnwQuw3iK7byDkRaM3,Dühl,28QRT166sfyLNKRvswLWuL,0.721,0.484,0.932,0.436,0.0,0.582,-8.466,1.0,0.03,158.463,0.963
PA-top 12,3CzhMcwdymIoXlAhoJhMan,Big Big Train,68VJJPVAVNAmwsDDf1i70g,English Electric (Part One),2tFDYqrHzWM7AB4S70x5qL,The First Rebreather,4IcEBPHjmpQIRk1WZKfOdO,0.155,0.437,0.554,0.00101,11.0,0.0612,-7.622,0.0,0.0305,144.974,0.145
PA-top 12,3CzhMcwdymIoXlAhoJhMan,Big Big Train,68VJJPVAVNAmwsDDf1i70g,English Electric (Part One),2tFDYqrHzWM7AB4S70x5qL,Uncle Jack,2WsbVj2v8CXdLHdaQ2CI5X,0.434,0.464,0.728,0.00361,0.0,0.11,-9.693,1.0,0.0288,180.042,0.823
PA-top 12,3CzhMcwdymIoXlAhoJhMan,Big Big Train,68VJJPVAVNAmwsDDf1i70g,English Electric (Part One),2tFDYqrHzWM7AB4S70x5qL,Winchester from St Giles' Hill,7CmmKJqGvTKYTTKlz6EPya,0.642,0.225,0.47,0.00286,9.0,0.192,-7.844,1.0,0.0324,160.018,0.127
PA-top 12,3CzhMcwdymIoXlAhoJhMan,Big Big Train,68VJJPVAVNAmwsDDf1i70g,English Electric (Part One),2tFDYqrHzWM7AB4S70x5qL,Judas Unrepentant,3zXv5iLH3sJ6dhz0PGtdH4,0.14,0.41,0.834,6.35e-05,11.0,0.0753,-5.267,1.0,0.0484,165.072,0.452
PA-top 12,3CzhMcwdymIoXlAhoJhMan,Big Big Train,68VJJPVAVNAmwsDDf1i70g,English Electric (Part One),2tFDYqrHzWM7AB4S70x5qL,Summoned By Bells,334bsVzXeQ3tJDb25QqbyZ,0.439,0.222,0.562,0.000541,5.0,0.105,-8.653,0.0,0.0342,159.713,0.308
PA-top 12,3CzhMcwdymIoXlAhoJhMan,Big Big Train,68VJJPVAVNAmwsDDf1i70g,English Electric (Part One),2tFDYqrHzWM7AB4S70x5qL,Hedgerow,2GzBCV7g3LPhYVF1wUZdnv,0.0525,0.482,0.752,0.0547,7.0,0.404,-5.604,1.0,0.0287,134.994,0.311
PA-top 12,3CzhMcwdymIoXlAhoJhMan,Magma,5JeJHWfm2ZxNd09hrIf7Zb,Félicité thösz,20UPhnwQuw3iK7byDkRaM3,Zahrr,1jfUHp5vNxnO97A3q4KA5Q,,,,,,,,,,,
PA-top 12,3CzhMcwdymIoXlAhoJhMan,Magma,5JeJHWfm2ZxNd09hrIf7Zb,Félicité thösz,20UPhnwQuw3iK7byDkRaM3,Ëkmah,3NIA1Nq6IhYKypjrPhIvUA,0.885,0.436,0.268,0.000124,5.0,0.521,-13.694,0.0,0.0404,135.445,0.0465
PA-top 12,3CzhMcwdymIoXlAhoJhMan,Magma,5JeJHWfm2ZxNd09hrIf7Zb,Félicité thösz,20UPhnwQuw3iK7byDkRaM3,Ëlss,6Xf5yG4c7KPZF3BDX7u4qC,0.798,0.302,0.505,0.0,3.0,0.262,-11.816,1.0,0.0305,140.982,0.313
PA-top 12,3CzhMcwdymIoXlAhoJhMan,Magma,5JeJHWfm2ZxNd09hrIf7Zb,Félicité thösz,20UPhnwQuw3iK7byDkRaM3,Dzoï,2d50hFs8iB47kY3BxMN0ku,0.798,0.496,0.333,0.0,5.0,0.161,-12.236,0.0,0.0282,137.974,0.516
PA-top 12,3CzhMcwdymIoXlAhoJhMan,Magma,5JeJHWfm2ZxNd09hrIf7Zb,Félicité thösz,20UPhnwQuw3iK7byDkRaM3,Nüms,7sW7b8emOMKigMu6yFmYys,0.868,0.504,0.447,0.0,1.0,0.193,-13.175,1.0,0.031,139.834,0.365
PA-top 12,3CzhMcwdymIoXlAhoJhMan,Magma,5JeJHWfm2ZxNd09hrIf7Zb,Félicité thösz,20UPhnwQuw3iK7byDkRaM3,Tëha,27ejeNJfa9voaUvon4WVE9,0.66,0.496,0.599,0.000755,0.0,0.232,-10.125,1.0,0.0262,141.205,0.232
PA-top 12,3CzhMcwdymIoXlAhoJhMan,Magma,5JeJHWfm2ZxNd09hrIf7Zb,Félicité thösz,20UPhnwQuw3iK7byDkRaM3,Waahrz,7KHbZw2bRtwWvhNH8sJC4B,0.949,0.232,0.226,0.87,0.0,0.11,-19.763,1.0,0.036,53.553,0.126
PA-top 12,3CzhMcwdymIoXlAhoJhMan,Magma,5JeJHWfm2ZxNd09hrIf7Zb,Félicité thösz,20UPhnwQuw3iK7byDkRaM3,Tsaï,0RZAW1SJuN2wQTHST4v5xu,0.874,0.337,0.791,0.0651,9.0,0.525,-8.877,0.0,0.0454,159.014,0.363
PA-top 12,3CzhMcwdymIoXlAhoJhMan,Magma,5JeJHWfm2ZxNd09hrIf7Zb,Félicité thösz,20UPhnwQuw3iK7byDkRaM3,Öhst,58wc1Jq6ZR8QUG1UF28aMK,0.771,0.474,0.73,1.64e-06,7.0,0.862,-9.373,1.0,0.0434,158.627,0.731
PA-top 12,3CzhMcwdymIoXlAhoJhMan,Magma,5JeJHWfm2ZxNd09hrIf7Zb,Félicité thösz,20UPhnwQuw3iK7byDkRaM3,Les hommes sont venus,11crrXNKQB96jQqRJP5z6t,0.506,0.66,0.357,0.913,8.0,0.0728,-18.361,1.0,0.0461,114.701,0.233
PA-top 12,3CzhMcwdymIoXlAhoJhMan,Big Big Train,68VJJPVAVNAmwsDDf1i70g,English Electric (Part One),2tFDYqrHzWM7AB4S70x5qL,A Boy in Darkness,1q1BFCpiH15tI4rCxm8VeC,0.0955,0.28,0.665,0.0112,2.0,0.295,-6.923,0.0,0.0394,128.502,0.288
PA-top 12,3CzhMcwdymIoXlAhoJhMan,Iamthemorning,7xmvkKWYKuJGhmQmuoL7CS,Iamthemorning,4TTyQBo0c5BjlkIPadUeOi,Intermission VI,7ImA9fdGNdqYkPQU27bWAq,0.966,0.341,0.344,0.611,1.0,0.0855,-13.566,1.0,0.0345,119.624,0.186
PA-top 12,3CzhMcwdymIoXlAhoJhMan,Iamthemorning,7xmvkKWYKuJGhmQmuoL7CS,Iamthemorning,4TTyQBo0c5BjlkIPadUeOi,I.b.too,3weSNSEELbxbVfGDPm6Enu,0.518,0.536,0.812,0.000177,5.0,0.374,-5.266,0.0,0.0392,140.048,0.419
PA-top 12,3CzhMcwdymIoXlAhoJhMan,Iamthemorning,7xmvkKWYKuJGhmQmuoL7CS,Iamthemorning,4TTyQBo0c5BjlkIPadUeOi,Intermission VII,4pT24MhxwrU82VjKn1LHuw,0.95,0.355,0.249,0.975,0.0,0.122,-23.988,1.0,0.0593,76.617,0.245
PA-top 12,3CzhMcwdymIoXlAhoJhMan,Iamthemorning,7xmvkKWYKuJGhmQmuoL7CS,Iamthemorning,4TTyQBo0c5BjlkIPadUeOi,Afis,3cOxUUwqhcAI88we10BB7t,0.964,0.381,0.198,0.162,9.0,0.0993,-15.113,1.0,0.0315,104.47,0.198
PA-top 12,3CzhMcwdymIoXlAhoJhMan,Dean Watson,3IkgmugXTEO2jfsZvavOxB,Imposing Elements,5qctq7RCjgNI7F5UMw3ydk,Underpass,3wTJYhxDYMFWZSMZ0seHAX,0.171,0.406,0.566,0.545,7.0,0.129,-11.314,0.0,0.0296,129.997,0.495
PA-top 12,3CzhMcwdymIoXlAhoJhMan,Dean Watson,3IkgmugXTEO2jfsZvavOxB,Imposing Elements,5qctq7RCjgNI7F5UMw3ydk,Past Present,5nLNOWZtE11XVdpUcnJBV5,0.00319,0.234,0.816,0.645,6.0,0.105,-10.749,0.0,0.1,160.031,0.0761
PA-top 12,3CzhMcwdymIoXlAhoJhMan,Dean Watson,3IkgmugXTEO2jfsZvavOxB,Imposing Elements,5qctq7RCjgNI7F5UMw3ydk,16 Feet Below,7eq0kgMGlsX08dzNjLcN5q,0.57,0.58,0.62,0.926,4.0,0.0682,-10.82,1.0,0.0313,139.966,0.261
PA-top 12,3CzhMcwdymIoXlAhoJhMan,Dean Watson,3IkgmugXTEO2jfsZvavOxB,Imposing Elements,5qctq7RCjgNI7F5UMw3ydk,Push Too,7lkyi0gA6ZkUiNQ6TlLYZk,0.274,0.628,0.682,0.558,9.0,0.0978,-9.039,1.0,0.0376,95.02,0.801
PA-top 12,3CzhMcwdymIoXlAhoJhMan,Dean Watson,3IkgmugXTEO2jfsZvavOxB,Imposing Elements,5qctq7RCjgNI7F5UMw3ydk,Pendulum,6hm7nP4E0lPUjH7cxLqZE1,0.594,0.489,0.499,0.8,7.0,0.0946,-11.685,0.0,0.0306,140.006,0.175
PA-top 12,3CzhMcwdymIoXlAhoJhMan,Dean Watson,3IkgmugXTEO2jfsZvavOxB,Imposing Elements,5qctq7RCjgNI7F5UMw3ydk,Depth Charge,7pVVeJwXWl7C4et6NAlRfs,0.0313,0.572,0.724,0.0071,7.0,0.145,-8.784,1.0,0.0364,140.033,0.377
PA-top 12,3CzhMcwdymIoXlAhoJhMan,Dean Watson,3IkgmugXTEO2jfsZvavOxB,Imposing Elements,5qctq7RCjgNI7F5UMw3ydk,Of Age,1cjMim0LDQxr6sar912Poh,0.0435,0.329,0.817,0.674,9.0,0.192,-8.869,1.0,0.0563,130.053,0.263
PA-top 12,3CzhMcwdymIoXlAhoJhMan,Battlestations,3XY2g3jPedyRE3VgaIuYH6,In a Cold Embrace,2SI8wqOdtSPUOfB644Xpon,Prologue : Nature Morte / You're Not Welcome Here,6SMneXA77qc80JTpHTL2O8,0.368,0.481,0.547,0.859,4.0,0.0873,-10.996,0.0,0.0282,140.003,0.16
PA-top 12,3CzhMcwdymIoXlAhoJhMan,Battlestations,3XY2g3jPedyRE3VgaIuYH6,In a Cold Embrace,2SI8wqOdtSPUOfB644Xpon,Comrade / the Way We Grieve,5rFnuFBtGBaae0j90QlubR,0.625,0.511,0.448,0.964,9.0,0.112,-9.31,0.0,0.026,122.009,0.191
PA-top 12,3CzhMcwdymIoXlAhoJhMan,Battlestations,3XY2g3jPedyRE3VgaIuYH6,In a Cold Embrace,2SI8wqOdtSPUOfB644Xpon,Interlude: Time Stands Still,5oEuxa8SpWZDC7le1q6pK5,0.579,0.188,0.283,0.872,5.0,0.166,-15.581,1.0,0.0318,85.55,0.0338
PA-top 12,3CzhMcwdymIoXlAhoJhMan,Battlestations,3XY2g3jPedyRE3VgaIuYH6,In a Cold Embrace,2SI8wqOdtSPUOfB644Xpon,Breaking Bad News / the Faces We Remember,420b0RyaQS21pZWAUn5jDg,0.786,0.181,0.333,0.93,3.0,0.11,-11.505,1.0,0.0311,150.026,0.057
PA-top 12,3CzhMcwdymIoXlAhoJhMan,Battlestations,3XY2g3jPedyRE3VgaIuYH6,In a Cold Embrace,2SI8wqOdtSPUOfB644Xpon,The Semblance of Fate / Citizen Creep / the End,3T9Mt3RBwJBckb1LgdgEmM,0.871,0.213,0.402,0.919,11.0,0.0884,-13.453,1.0,0.0348,140.008,0.0645
PA-top 12,3CzhMcwdymIoXlAhoJhMan,3rdegree,5j0h0PxuSqBNw3CWGh0dFt,The Long Division,5hrSfkBIwlNCf8L9oDf5Vj,You're Fooling Yourselves,4khVlG3wrFybkKZSAqUj99,0.256,0.524,0.637,2.31e-06,7.0,0.341,-7.737,1.0,0.0321,144.044,0.343
PA-top 12,3CzhMcwdymIoXlAhoJhMan,3rdegree,5j0h0PxuSqBNw3CWGh0dFt,The Long Division,5hrSfkBIwlNCf8L9oDf5Vj,Exit Strategy,2vOWV4Q1H8ywkHHurJKK0J,0.32,0.595,0.566,0.000115,4.0,0.401,-8.01,0.0,0.0322,128.392,0.669
PA-top 12,3CzhMcwdymIoXlAhoJhMan,3rdegree,5j0h0PxuSqBNw3CWGh0dFt,The Long Division,5hrSfkBIwlNCf8L9oDf5Vj,The Ones to Follow,1l8fIexWwsMVmC6XlAYvla,0.12,0.5,0.547,0.000516,7.0,0.0892,-7.135,1.0,0.0317,93.501,0.39
PA-top 12,3CzhMcwdymIoXlAhoJhMan,3rdegree,5j0h0PxuSqBNw3CWGh0dFt,The Long Division,5hrSfkBIwlNCf8L9oDf5Vj,A Work of Art,2fwPGFJBhh29RXLqVyhIxL,0.783,0.61,0.341,0.000371,9.0,0.167,-11.414,0.0,0.0289,122.061,0.393
PA-top 12,3CzhMcwdymIoXlAhoJhMan,3rdegree,5j0h0PxuSqBNw3CWGh0dFt,The Long Division,5hrSfkBIwlNCf8L9oDf5Vj,Televised,4HuCvjPdBqjyuXIgRaN2aY,0.185,0.535,0.711,4.78e-05,0.0,0.336,-7.427,1.0,0.0489,143.982,0.194
PA-top 12,3CzhMcwdymIoXlAhoJhMan,3rdegree,5j0h0PxuSqBNw3CWGh0dFt,The Long Division,5hrSfkBIwlNCf8L9oDf5Vj,The Millions of Last Moments,6BWHlwz8g75cdhSBVv62z0,0.75,0.479,0.236,0.0783,7.0,0.109,-11.54,1.0,0.0291,82.135,0.428
PA-top 12,3CzhMcwdymIoXlAhoJhMan,3rdegree,5j0h0PxuSqBNw3CWGh0dFt,The Long Division,5hrSfkBIwlNCf8L9oDf5Vj,Memetic Pandemic,5vLUUjknJ1U5r9qByDbRLA,0.144,0.365,0.469,0.00362,10.0,0.185,-8.813,1.0,0.0291,110.924,0.157
PA-top 12,3CzhMcwdymIoXlAhoJhMan,3rdegree,5j0h0PxuSqBNw3CWGh0dFt,The Long Division,5hrSfkBIwlNCf8L9oDf5Vj,A Nihilist's Love Song,6qoUh42c1WH2TcKF35f4ui,0.15,0.443,0.496,0.0,2.0,0.0895,-8.789,1.0,0.0409,120.908,0.427
PA-top 12,3CzhMcwdymIoXlAhoJhMan,Astra,2DfGAnc1oAIxeH9ZE8PAJZ,The Black Chord,3CLkvsgAe0AGOQjF099eVz,Quake Meat,1qRtPQyRRHfHMAZQZQ6SsB,0.000343,0.231,0.786,0.435,4.0,0.16,-6.43,0.0,0.0356,130.04,0.387
PA-top 12,3CzhMcwdymIoXlAhoJhMan,Astra,2DfGAnc1oAIxeH9ZE8PAJZ,The Black Chord,3CLkvsgAe0AGOQjF099eVz,Drift,2Yhkrt6pQWDF2nO9ZHQoAR,0.0574,0.223,0.584,0.372,5.0,0.104,-7.062,1.0,0.032,121.387,0.107
PA-top 12,3CzhMcwdymIoXlAhoJhMan,Astra,2DfGAnc1oAIxeH9ZE8PAJZ,The Black Chord,3CLkvsgAe0AGOQjF099eVz,Bull Torpis,4e7IoxwUPqvQRD0YMgLYAg,0.0456,0.176,0.908,0.857,9.0,0.841,-6.653,0.0,0.0577,141.092,0.648
PA-top 12,3CzhMcwdymIoXlAhoJhMan,Astra,2DfGAnc1oAIxeH9ZE8PAJZ,The Black Chord,3CLkvsgAe0AGOQjF099eVz,Barefoot in the Head,1Vec8x1BqsztqOutZwrFxE,0.00799,0.275,0.557,0.113,11.0,0.653,-5.956,0.0,0.0335,118.984,0.241
PA-top 12,3CzhMcwdymIoXlAhoJhMan,Dean Watson,3IkgmugXTEO2jfsZvavOxB,Imposing Elements,5qctq7RCjgNI7F5UMw3ydk,New Resolution,3ma6gF2RYbcxHGpFoVi6Vk,0.298,0.341,0.607,0.565,1.0,0.0891,-10.274,1.0,0.0324,144.123,0.25
PA-top 12,3CzhMcwdymIoXlAhoJhMan,3rdegree,5j0h0PxuSqBNw3CWGh0dFt,The Long Division,5hrSfkBIwlNCf8L9oDf5Vj,The Socio-Economic Petri Dish,3ovkwfuLJyxn6aSks6OauT,0.107,0.371,0.805,0.000747,10.0,0.903,-6.497,1.0,0.0425,119.538,0.51
PA-top 12,3CzhMcwdymIoXlAhoJhMan,3rdegree,5j0h0PxuSqBNw3CWGh0dFt,The Long Division,5hrSfkBIwlNCf8L9oDf5Vj,Incoherent Ramblings,301drndQuppdRK8s6p4fsW,0.492,0.635,0.684,3.19e-05,10.0,0.365,-7.219,1.0,0.0281,114.977,0.399
PA-top 12,3CzhMcwdymIoXlAhoJhMan,Astra,2DfGAnc1oAIxeH9ZE8PAJZ,The Black Chord,3CLkvsgAe0AGOQjF099eVz,Cocoon,6Gz0aASMO8herkEbq82zNF,0.000228,0.161,0.755,0.748,7.0,0.115,-7.865,1.0,0.0362,97.434,0.18
Sommer,0f7KdfesxJoSiV9WiGwkz0,Journey,0rvjqX7ttXeg3mTy8Xscbt,The Essential Journey,5pfpXvoJtSIFrbPIoBEv3R,Don't Stop Believin',77NNZQSqzLNqh2A9JhLRkg,0.25,0.491,0.802,0.0,4.0,0.387,-7.106,1.0,0.0392,119.25,0.472
Sommer,0f7KdfesxJoSiV9WiGwkz0,The Ting Tings,2wvUfjKGoXvcnDHq7GgMOa,We Started Nothing,4wj8lA3aSK4WjHjdf5zuFn,That's Not My Name,0GrrLYCH8u81aENhC8FBF4,0.0451,0.755,0.901,0.0373,9.0,0.363,-3.152,1.0,0.0893,145.042,0.959
Sommer,0f7KdfesxJoSiV9WiGwkz0,Kate Bush,1aSxMhuvixZ8h9dK9jIDwL,The Kick Inside,5NKTuBLCYhN0OwqFiGdXd1,Wuthering Heights,5YSI1311X8t31PBjkBG4CZ,0.366,0.484,0.392,0.0452,1.0,0.124,-11.381,1.0,0.0313,124.564,0.521
Sommer,0f7KdfesxJoSiV9WiGwkz0,Status Quo,4gIdjgLlvgEOz7MexDZzpM,Whatever You Want,08GCJIrpY1IegMp73501Z2,Whatever You Want,2kUzt5LsTUR0ggquP7O3eN,0.772,0.56,0.705,0.00259,2.0,0.264,-6.761,1.0,0.0498,122.456,0.501
Sommer,0f7KdfesxJoSiV9WiGwkz0,Deep Purple,568ZhdwyaiCyOGJRtNYhWf,Now What ?!,4OiFn20i3aTu2FsMgP1yB5,A Simple Song,65wr0Xtl8eYpx3SCSD6Lls,0.00261,0.385,0.544,0.0021,2.0,0.113,-8.554,0.0,0.0382,101.074,0.137
Sommer,0f7KdfesxJoSiV9WiGwkz0,Ry Cooder,1CPwHx5lgVxv0rfcp7UXLx,The Ry Cooder Anthology: The UFO Has Landed,7i4jfvVNpVTrMoruvXzhvb,Jesus on the Mainline - 2008 Remaster,68w88EoP3ox6clqieh6Z6x,0.669,0.654,0.466,0.000137,0.0,0.148,-10.953,1.0,0.0461,142.463,0.862
Sommer,0f7KdfesxJoSiV9WiGwkz0,Weather Report,162DCkd8aDKwvjBb74Gu8b,This Is Jazz #10,4VvTxRfrlQPddZ5jyXqSaA,Birdland,7nJc3vqcU2em6FH0c3Geox,0.484,0.585,0.565,0.0226,0.0,0.0808,-12.139,1.0,0.0372,156.208,0.577
Sommer,0f7KdfesxJoSiV9WiGwkz0,"Blood, Sweat & Tears",24GaH9tRBgZjlvOhpFuKi2,"The Best Of Blood, Sweat & Tears: What Goes Up!",6HmDkPqZSAFbJpIQNyXVli,I Love You More Than You'll Ever Know,1U38wtrH33atitgnTHqboZ,0.676,0.454,0.37,7.79e-05,0.0,0.641,-10.594,0.0,0.0432,133.716,0.412
Sommer,0f7KdfesxJoSiV9WiGwkz0,"Blood, Sweat & Tears",24GaH9tRBgZjlvOhpFuKi2,"The Best Of Blood, Sweat & Tears: What Goes Up!",6HmDkPqZSAFbJpIQNyXVli,Spinning Wheel - Single Version,170KEX2yqDDY8THliU4wff,0.328,0.691,0.437,2.31e-05,7.0,0.261,-11.624,1.0,0.0655,96.541,0.568
Sommer,0f7KdfesxJoSiV9WiGwkz0,"Blood, Sweat & Tears",24GaH9tRBgZjlvOhpFuKi2,"The Best Of Blood, Sweat & Tears: What Goes Up!",6HmDkPqZSAFbJpIQNyXVli,God Bless the Child,5wmT918U5pEwZvorvS665y,0.565,0.357,0.356,0.000643,0.0,0.32,-13.089,1.0,0.0398,81.729,0.459
Sommer,0f7KdfesxJoSiV9WiGwkz0,King Curtis,0WxOgeRxUt0MwPrI7A5atQ,Live At The Fillmore West,0Tg5AKLEbLNnDjyZh5e913,"A Whiter Shade of Pale - Live at Fillmore West, 3/7/1971",6ER8plW4Mae5d5nSATWPD9,0.716,0.44,0.239,0.653,0.0,0.769,-17.094,1.0,0.0339,100.37,0.223
Sommer,0f7KdfesxJoSiV9WiGwkz0,Jaco Pastorius,3U3C9o6UTYNdEsDckpRyvX,Twins Live In Japan 1982,77E3yGa6D6O5HJRuK90KyG,Soul Intro / The Chicken - Remastered Live Version,0eXZ8mvgb9BEu3AUKqcrys,0.0592,0.557,0.832,0.5,10.0,0.865,-6.586,1.0,0.131,102.514,0.611
Sommer,0f7KdfesxJoSiV9WiGwkz0,Queens of the Stone Age,4pejUc4iciQfgdX6OKulQn,Era Vulgaris,1w71aBHYJ1zTOsSsmr2Fca,Make It Wit Chu,6GyDY0yE47rfk8pcuKhioh,0.413,0.708,0.828,0.000104,9.0,0.12,-5.286,1.0,0.0286,91.977,0.505
Sommer,0f7KdfesxJoSiV9WiGwkz0,Daft Punk,4tZwfgrHOc3mvqYlEYSvVi,Get Lucky (Radio Edit) [feat. Pharrell Williams and Nile Rodgers],2ePFIvZKMe8zefATp9ofFA,Get Lucky (Radio Edit) [feat. Pharrell Williams and Nile Rodgers],2Foc5Q5nqNiosCNqttzHof,0.0426,0.794,0.811,1.07e-06,6.0,0.101,-8.966,0.0,0.038,116.047,0.862
Sommer,0f7KdfesxJoSiV9WiGwkz0,Marius Müller,1OTaBuXugWLvNjcET47KP5,Plugged!,24WswMTiJIrGCbGQNntuSN,Little Wing,2W6BDqNWf5AshnnOqtJ4N0,0.0083,0.358,0.383,0.588,3.0,0.973,-13.008,0.0,0.0337,113.037,0.349
Sommer,0f7KdfesxJoSiV9WiGwkz0,System Of A Down,5eAWCfyUhZtHHtBdNk56l1,Mezmerize,0cn6MHyx4YuZauaB7Pb66o,B.Y.O.B.,0EYOdF5FCkgOJJla8DI2Md,0.00662,0.538,0.981,0.0,1.0,0.219,-2.688,0.0,0.14,101.414,0.711
Sommer,0f7KdfesxJoSiV9WiGwkz0,System Of A Down,5eAWCfyUhZtHHtBdNk56l1,Mezmerize,0cn6MHyx4YuZauaB7Pb66o,Violent Pornography,249Z7XT6mf8B2zuI0RaeS0,0.0283,0.459,0.958,0.0,6.0,0.108,-2.333,1.0,0.0877,142.707,0.586
Sommer,0f7KdfesxJoSiV9WiGwkz0,College,11TlWPqyDFLHGccTFQhcc6,A Real Hero EP,1fpoZQUSFwlfSve4rkFjCI,A Real Hero,1aJrVsHwcQMZ8TZ6mlvT5J,0.835,0.719,0.43,0.735,10.0,0.145,-9.226,1.0,0.0356,112.005,0.378
Jazz Standards,3RE1jwiVTY37YxnKzYHs4M,Miles Davis,0kbYTNQb4Pb1rPbbaF0pT4,Kind Of Blue (Legacy Edition),4sb0eMpDn3upAFfyi4q2rw,"All Blues (feat. John Coltrane, Cannonball Adderley & Bill Evans)",5o3DSHw1ORhM3lWxqGRvEf,0.771,0.499,0.149,0.00469,0.0,0.115,-18.305,1.0,0.0314,139.815,0.363
Sommer,0f7KdfesxJoSiV9WiGwkz0,Focus,0ifzzRKdmtgaHy9cfnnyCR,The Best Of Focus / Hocus Pocus (Incl WC 2010 Version of 'Hocus Pocus'),55zdxBeCPm7XmuZCeCdRbX,Sylvia,7nKra3y52HtHXXiuPEPgAd,0.343,0.353,0.787,0.881,5.0,0.0713,-5.687,1.0,0.0391,108.651,0.615
Jazz Standards,3RE1jwiVTY37YxnKzYHs4M,Bud Powell,570vCzcespB48HIQyTbDO6,The Amazing Bud Powell: Vol. 1 (The Rudy Van Gelder Edition),4JZpydaQoCZY03mYcPgsaS,52nd Street Theme - Remastered 1998/Rudy Van Gelder Edition,0oDgc718NJn7CyiClFRExR,0.845,0.541,0.59,0.0764,7.0,0.199,-7.876,1.0,0.0996,71.289,0.854
Sommer,0f7KdfesxJoSiV9WiGwkz0,The Animals,3ICflSq6ZgYAIrm2CTkfVP,Most of the Animals,0Vhk3dVT59LnhwSHFXLIXA,House of the Rising Sun,3XC7Jd6SfrQYKZJ6inyRHK,0.000334,0.316,0.484,0.00445,9.0,0.0912,-9.11,0.0,0.0308,117.363,0.299
Sommer,0f7KdfesxJoSiV9WiGwkz0,Kavinsky,0UF7XLthtbSF2Eur7559oV,OutRun,3bRM4GQgoFjBRRzhp87Ugb,Nightcall,73bDvrmSBh2fr53tLDH9oA,0.00895,0.509,0.856,0.0108,9.0,0.424,-5.091,0.0,0.0553,91.02,0.427
Jazz Standards,3RE1jwiVTY37YxnKzYHs4M,The Winans,7EQrc1Kz56jCHgJ895CZJ8,Great Family Of Gospel,71X2G1b36WC0dASdL8N0f4,An Affair To Remember,2lSag4E68jYyZ3FAPfzpNJ,0.861,0.265,0.181,0.000217,8.0,0.115,-12.172,1.0,0.0295,99.886,0.0831
Jazz Standards,3RE1jwiVTY37YxnKzYHs4M,Marc Shaiman,4A5NGno1SttXk4vB4SLGHo,Sleepless In Seattle: Original Motion Picture Soundtrack,3Qz4L6mtgnRBU6UPihqEan,An Affair to Remember,3ecWKwYMmiT8SvJBk3ltkx,0.858,0.113,0.271,0.723,7.0,0.237,-15.213,1.0,0.0369,92.81,0.0535
Sommer,0f7KdfesxJoSiV9WiGwkz0,Jazz is Dead,7qqL3kICsoW4wlCYY7A9Ln,Laughing Water,5clsTVkkGMaE605PZW71bP,"Weather Report Suite, Pt 2 Let It Grow",33tOgBk8k6Li0UV6plNBuT,0.122,0.325,0.81,0.928,4.0,0.288,-9.434,0.0,0.0459,152.063,0.633
Sommer,0f7KdfesxJoSiV9WiGwkz0,Jazz is Dead,7qqL3kICsoW4wlCYY7A9Ln,Blue Light Rain,2Y6Gi7ubNcH581UvD549iX,Scarlet Begnias,1BUoZYEsVIH8wsXnHZzd0f,0.017,0.529,0.708,0.684,4.0,0.101,-7.698,1.0,0.0862,82.482,0.911
Sommer,0f7KdfesxJoSiV9WiGwkz0,Diablo Swing Orchestra,2cbWJP4X5b9sKEDW80uc5r,Sing-Along Songs for the Damned and Delirious,36j0yWKLk5a6rLgJEhUghU,A Tapdancer's Dilema,3RJtaxRtxOvvIj6DESm4gh,0.00637,0.662,0.767,0.746,2.0,0.0688,-6.484,1.0,0.0653,110.06,0.54
Jazz Standards,3RE1jwiVTY37YxnKzYHs4M,Ray Charles,1eYhYunlNJlDoQhtYBvPsi,The Genius Of Ray Charles,4GFWnwli2cVOBp2G1zqhV1,Am I Blue,066an408paSNQBAsAxWtMJ,0.909,0.233,0.152,0.000583,8.0,0.12,-16.407,1.0,0.034,137.214,0.316
Jazz Standards,3RE1jwiVTY37YxnKzYHs4M,Arturo Sandoval,0MGQZNEMaEICyku3cSDrnJ,Trumpet Evolution,2LPMsaLCnE7HOVvMRPV16A,At The Jazz Band Ball,55HIhv1sc7ao7gooC3mS6T,0.883,0.818,0.484,0.923,2.0,0.0936,-6.514,0.0,0.0403,100.944,0.961
Jazz Standards,3RE1jwiVTY37YxnKzYHs4M,Benny Goodman,1pBuKaLHJlIlqYxQQaflve,The Essential Benny Goodman,7ykWEOYdt8gyA4seOlwtWK,Air Mail Special,7KpS0wcUCu9x3zFxMa05Qh,0.693,0.74,0.559,0.00246,9.0,0.193,-10.942,0.0,0.0305,112.104,0.874
Jazz Standards,3RE1jwiVTY37YxnKzYHs4M,Sonny Rollins,1VEzN9lxvG6KPR3QQGsebR,The Essential Sonny Rollins: The RCA Years,3R5sCFT6kTHnjbNuPCC7ud,Afternoon In Paris,1WKNhhhwZkfqJVmi5cuD2z,0.701,0.453,0.546,0.00833,0.0,0.13,-11.634,1.0,0.0621,175.259,0.535
Jazz Standards,3RE1jwiVTY37YxnKzYHs4M,Original Dixieland Jazz Band,112yP6AwAT6QG34fiGGpmh,The Creators Of Jazz,1IAB4qqTva67l4G2MTSf97,At The Jazz Band Ball,1a9NnsAKRVhJXe58CbDx7Z,0.996,0.532,0.53,0.942,5.0,0.382,-11.666,1.0,0.0412,122.261,0.961
Jazz Standards,3RE1jwiVTY37YxnKzYHs4M,John Coltrane,2hGh5VOeeqimQFxqXvfCUf,Afro Blue,0P1E3vipNgfyRv1wHdV7W7,Afro Blue,7E0fLggX1IuVB5JsiSNGhm,0.0147,0.308,0.483,0.103,5.0,0.144,-16.11,0.0,0.04,102.438,0.5
Jazz Standards,3RE1jwiVTY37YxnKzYHs4M,Ivie Anderson,1jEpOIhjQCQlOEzLdGS4bA,100 Swing Jazz Classics,3m3tRoXDfANg3LUgypBmFZ,All God's Chillun Got Rhythm,6i2UI8dh8tL5zOwEHWlhWU,0.887,0.582,0.315,0.598,0.0,0.0598,-13.644,1.0,0.245,119.041,0.69
Jazz Standards,3RE1jwiVTY37YxnKzYHs4M,Oscar Peterson,6zkX5fhrSD4tdVOmimR9wB,Oscar Peterson - 85 Essential Tracks,0SuuDzUtk0kgIanT5xtyzW,At Sundown,5I831rhKkspOpZYKKe74w2,0.968,0.512,0.487,0.928,5.0,0.249,-11.462,1.0,0.035,105.205,0.753
Jazz Standards,3RE1jwiVTY37YxnKzYHs4M,John Lewis,7G7zZjjTwBZ9vzaoogk95s,Afternoon In Paris,0RtnwB7qKLxN6za2FsOmnk,Afternoon in Paris,18w202xsGFqvsWPg1P8FRG,0.762,0.644,0.183,0.0022,5.0,0.1,-17.089,1.0,0.0379,132.799,0.515
Jazz Standards,3RE1jwiVTY37YxnKzYHs4M,Benny Goodman,1pBuKaLHJlIlqYxQQaflve,Driving Home With Benny Goodman,5QUKF61SZgGwLrBtbHiCKl,And The Angels Sing,1q6VCag3G5seChqMu6V1Jf,0.979,0.456,0.389,0.000134,10.0,0.831,-8.36,1.0,0.0527,95.51,0.547
Jazz Standards,3RE1jwiVTY37YxnKzYHs4M,Billie Holiday,1YzCsTRb22dQkh9lghPIrp,Billie Holiday,13m2P4p9u49QJNJN0PQymi,All Of Me,1b8yOmfO2SH4thcrwORtE8,0.937,0.486,0.122,0.00314,2.0,0.0867,-11.341,0.0,0.0347,105.158,0.332
Jazz Standards,3RE1jwiVTY37YxnKzYHs4M,Thelonious Monk,4PDpGtF16XpqvXxsrFwQnN,Monk's Early Tunes,0uMUV1kmoqwUO06QyXkePG,Ask Me Now - Remastered,3uxLRsa8ZzfXRqhzzwVtal,0.974,0.707,0.176,0.899,1.0,0.109,-15.718,1.0,0.0713,66.752,0.156
Jazz Standards,3RE1jwiVTY37YxnKzYHs4M,Willie Nelson,5W5bDNCqJ1jbCgTxDD0Cb3,Honeysuckle Rose - Music From The Original Soundtrack,59uirZ4aXEQr5TJPIyW5ME,Angel Eyes,2Ox8Tad3XJnjPmmHZY0rY5,0.721,0.5,0.238,1.43e-05,0.0,0.694,-12.755,1.0,0.0323,84.746,0.249
Jazz Standards,3RE1jwiVTY37YxnKzYHs4M,Bent Fabricius-Bjerre,2pqg1wPgIG4FRB5nckEPJw,Mit Livs Melodi,1zXiWrmdopoMTgL6gJCFNO,Alley Cat,3Jd0f6p8QrZ87qCMURCXwx,0.407,0.728,0.427,0.847,0.0,0.161,-12.653,1.0,0.0344,113.776,0.607
Jazz Standards,3RE1jwiVTY37YxnKzYHs4M,Lisa Ekdahl,4SJSGUVZ04tezaGrxc96EE,"Lisa Ekdahl at the Olympia, Paris",3p8NBA8A296DpSj0V7p5pD,April in Paris,6tGSHPVcAZtaEEQbpQDQMW,0.533,0.32,0.602,0.728,7.0,0.977,-12.043,1.0,0.0767,93.358,0.525
Jazz Standards,3RE1jwiVTY37YxnKzYHs4M,Benny Goodman Sextet,33N6sGOKJwLGOnq31ZmEl1,Cool Jazz,4Hxm5LlNP8T21KciW0XbDj,As Long as I Live,1rzk89oUXkqihKJIX5Zeuo,0.957,0.683,0.2,0.713,5.0,0.107,-11.925,1.0,0.0482,115.44,0.762
Jazz Standards,3RE1jwiVTY37YxnKzYHs4M,Jerry Lee Lewis,2zyz0VJqrDXeFDIyrfVXSo,Original Golden Hits,2l6d0Lf6sxEISNuitIt2wV,As Long As I Live,2o5TdcjtekHpkb4xv8MSl2,0.292,0.642,0.294,0.000843,5.0,0.136,-19.497,1.0,0.0358,85.386,0.917
Jazz Standards,3RE1jwiVTY37YxnKzYHs4M,Billie Holliday,0zmGhyIYh4HQBOavXAsPiK,Found A New Way,2vfevINVmVsLBjsO4SqYen,Gimmie A Pigfoot (And A Bottle Of Beer),1LvGpbnBGZxvQrHAg0HY8W,0.427,0.694,0.103,1.15e-06,7.0,0.153,-13.996,1.0,0.0751,98.146,0.56
Jazz Standards,3RE1jwiVTY37YxnKzYHs4M,Dinah Washington,32LHRiof0sa4taYew9i3Fa,Ain't Misbehavin',0g2Y02gzV3BVAxHX2CLIRs,Ain't Misbehavin',7ygLJRBLCIhAyw0YT5O7Pa,0.995,0.65,0.0714,0.0341,1.0,0.0979,-14.45,1.0,0.0465,116.25,0.512
Jazz Standards,3RE1jwiVTY37YxnKzYHs4M,Nat King Cole,7v4imS0moSyGdXyLgVTIV7,Just One of Those Things / The Piano Style of Nat King Cole / Sings for Two In Love / The Very Thought of You / A Mis Amigos (Five Original Albums),3gAjPBrGAwVEh8yt4qsOg6,Aquellos Ojos Verdes,3300YFuVaH7krwDl0gAUUc,0.659,0.476,0.376,6.95e-06,8.0,0.106,-10.542,1.0,0.0356,100.554,0.664
Jazz Standards,3RE1jwiVTY37YxnKzYHs4M,Echoes of Swing,2MGK5rV3sBiI1UW1hjYDD8,Harlem Joys,6zGMzooJQkcWynLzp40oDH,I Would Do Anything for You,5pLiu6sY43VChpVBl25IN6,0.781,0.677,0.625,0.309,10.0,0.058,-12.361,0.0,0.0636,127.31,0.674
Jazz Standards,3RE1jwiVTY37YxnKzYHs4M,Arthur Collins & Byron Harlan,3ecEUOS53bmyO1ulnEZQ83,Vintage Ragtime Classics 1898-1916,51Mx2Pl0xodfpnvAG2Gf2T,Alexander's Ragtime Band,0KNwZXxP5GrRk7C34WJBO4,0.996,0.611,0.329,0.0281,5.0,0.22,-11.307,1.0,0.0459,76.47,0.743
Jazz Standards,3RE1jwiVTY37YxnKzYHs4M,Enoch Light,3bWuJAAUsvSiavkQHpOlLl,"Roaring 20's, Vol. 2",3tglhFc7DbTKJ8ZXBBh0vY,Ain't She Sweet,5qhUnGztm66cEclQLU8eT3,0.852,0.443,0.685,0.00339,10.0,0.0889,-11.042,1.0,0.0975,201.256,0.787
feelgood,3UC3AAYueCYCS4KQySxs4f,Aretha Franklin,7nwUJBm0HE4ZxD3f5cy5ok,Take A Look: The Clyde Otis Sessions,5UsuqbE0cHRFBtS4FjzJYF,But Beautiful,0zlMx45uqfcyONaOj0KikD,0.952,0.221,0.14,0.00105,0.0,0.47,-15.877,1.0,0.0312,146.158,0.111
Jazz Standards,3RE1jwiVTY37YxnKzYHs4M,George Benson,4N8BwYTEC6XqykGvXXlmfv,Essential George Benson (Live),1zNolW0fyIni9GirU1fL6K,All the Things You Are (Live),4nWnWN26mWw6l45yxPwYG0,0.872,0.412,0.398,0.889,5.0,0.674,-19.093,0.0,0.0382,124.918,0.834
feelgood,3UC3AAYueCYCS4KQySxs4f,Daft Punk,4tZwfgrHOc3mvqYlEYSvVi,Discovery,2noRn2Aes5aoNVsU6iWThc,Crescendolls,6vuPZX9fWESg5js2JFTQRJ,0.0035,0.697,0.75,0.922,5.0,0.0889,-8.503,0.0,0.0721,124.048,0.937
feelgood,3UC3AAYueCYCS4KQySxs4f,Count Basie,2jFZlvIea42ZvcCw4OeEdA,The Complete Atomic Basie,10l9GvNgkuRCNstbOgz2mG,The Kid from Red Bank - 1994 Remaster,00Xj5a1AANvD7snPt8h3gs,0.56,0.523,0.65,0.254,0.0,0.167,-8.145,1.0,0.0699,138.462,0.739
feelgood,3UC3AAYueCYCS4KQySxs4f,Benny Goodman and his Music Hall Orchestra,19gJTfaGr196ytI3J8fwNJ,The Essential Benny Goodman,7ykWEOYdt8gyA4seOlwtWK,Bugle Call Rag,723CPES5uMIox6AaoS1u1T,0.76,0.652,0.507,0.881,10.0,0.0764,-11.384,1.0,0.122,133.395,0.909
feelgood,3UC3AAYueCYCS4KQySxs4f,The Blues Brothers,1cHFz6lrt7KAsBV8j2Ny1g,Soul Man / Excusez Moi Mon Cherie,1cXZENyGxAHKfTt0r77eWe,Soul Man - 45 Version,7dGwr20FexIzzhvUt54gOD,0.0595,0.636,0.694,0.000677,9.0,0.83,-12.06,1.0,0.0609,116.32,0.617
feelgood,3UC3AAYueCYCS4KQySxs4f,Focus,0ifzzRKdmtgaHy9cfnnyCR,The Best Of Focus / Hocus Pocus (Incl WC 2010 Version of 'Hocus Pocus'),55zdxBeCPm7XmuZCeCdRbX,Hocus Pocus,2uzyiRdvfNI5WxUiItv1y9,0.0218,0.262,0.818,0.916,2.0,0.276,-5.538,1.0,0.152,183.629,0.395
feelgood,3UC3AAYueCYCS4KQySxs4f,The Stranglers,0RUEHcBiENFEqxgicqS2ig,The Collection 1977-1982,3zLQ91RSvlMXoaHcOxU4T7,Golden Brown,4pC4usqAN2930VJNKoA79Q,0.144,0.563,0.383,0.116,6.0,0.138,-15.474,1.0,0.0305,93.751,0.596
feelgood,3UC3AAYueCYCS4KQySxs4f,Weather Report,162DCkd8aDKwvjBb74Gu8b,Heavy Weather,2M9F2yYsUvqiBPwUGeNvn1,Birdland,19vVghIuHm3IAfN4xpRF3q,0.434,0.589,0.532,0.00157,0.0,0.0794,-12.021,1.0,0.0359,156.868,0.527
Jazz Standards,3RE1jwiVTY37YxnKzYHs4M,Dizzy Gillespie,5RzjqfPS0Bu4bUMkyNNDpn,The Complete RCA Victor Recordings,6V4LqrfFXVkzMBYbRCABIB,Algo Bueno (Woody'n You),4WWnekGg1CSFdwGR1lasU8,0.85,0.39,0.527,0.954,8.0,0.321,-11.411,1.0,0.135,175.224,0.772
Jazz Standards,3RE1jwiVTY37YxnKzYHs4M,Julie London,3qUMmh5biaB5hqpF4LqS3m,Sings The Choicest Of Cole Porter,3F4IYhwKciP7QKehk6KB0y,All Through The Night,2OSarUZZebzgmHc1ozK4hf,0.897,0.373,0.0395,0.00035,1.0,0.118,-23.693,1.0,0.0363,92.569,0.134
feelgood,3UC3AAYueCYCS4KQySxs4f,Daft Punk,4tZwfgrHOc3mvqYlEYSvVi,"Harder, Better, Faster, Stronger",0A88p2r8PWnWGvWjzAnUrV,"Harder, Better, Faster, Stronger",2cJz1loJp5EZM6shmQpLZN,0.0392,0.814,0.73,0.00333,6.0,0.343,-8.876,0.0,0.149,123.494,0.646
Jazz Standards,3RE1jwiVTY37YxnKzYHs4M,Duke Ellington,4F7Q5NV6h5TSwCainz8S5A,Jazz Masters,2B5jmjgizxMfNIU6niMVld,Liza (All The Clouds Roll Away),5C8GsvgxyTzVwZlmELJM5z,0.851,0.584,0.196,0.53,5.0,0.0573,-16.535,0.0,0.0427,89.407,0.831
hjørnelista,5AJ8F7Oxy44fcisgZCJMBv,Yes,7AC976RDJzL2asmZuz7qil,Close to the Edge (Deluxe Edition),6344rkGqCBDenGoS7eJlBN,Siberian Khatru - 2003 Remaster,1nyLujWRDFnsuKkz1Iq387,0.0307,0.349,0.748,0.017,11.0,0.199,-7.98,0.0,0.0431,118.649,0.589
hjørnelista,5AJ8F7Oxy44fcisgZCJMBv,Yes,7AC976RDJzL2asmZuz7qil,Close to the Edge (Deluxe Edition),6344rkGqCBDenGoS7eJlBN,And You and I - 2003 Remaster,2IDIxX8L57lsOczvSMQRFd,0.21,0.391,0.432,0.000235,9.0,0.0736,-10.609,1.0,0.0347,78.849,0.24
hjørnelista,5AJ8F7Oxy44fcisgZCJMBv,Yes,7AC976RDJzL2asmZuz7qil,Classic Yes,40PzhENJBOj4cP9SRDxXlY,Yours Is No Disgrace,38egcChvScUzbdUZ2F2Wi3,0.00396,0.412,0.629,0.0227,9.0,0.406,-9.588,1.0,0.0557,140.631,0.784
hjørnelista,5AJ8F7Oxy44fcisgZCJMBv,Yes,7AC976RDJzL2asmZuz7qil,Classic Yes,40PzhENJBOj4cP9SRDxXlY,"Starship Trooper: a. Life Seeker, b. Disillusion, c. Würm",41YJ2KZllLYVFTakloxw7x,0.00883,0.336,0.525,0.0158,7.0,0.0933,-9.857,1.0,0.0318,153.671,0.418
hjørnelista,5AJ8F7Oxy44fcisgZCJMBv,Yes,7AC976RDJzL2asmZuz7qil,Classic Yes,40PzhENJBOj4cP9SRDxXlY,Long Distance Runaround,0rxOukzmqEBM9u4L84Z9bm,0.29,0.619,0.404,0.00402,0.0,0.777,-9.927,1.0,0.0356,92.556,0.859
hjørnelista,5AJ8F7Oxy44fcisgZCJMBv,Yes,7AC976RDJzL2asmZuz7qil,Going for the One,5D6az0bHFbVbBpWEqnXeCj,Awaken - 2008 Remaster,0uCVWBG5pyligpuXFiVYee,0.162,0.227,0.521,0.00401,4.0,0.362,-9.415,0.0,0.0365,137.218,0.0707
hjørnelista,5AJ8F7Oxy44fcisgZCJMBv,Yes,7AC976RDJzL2asmZuz7qil,Time and a Word (Expanded),6k3pRlamC3srUePKSlUaxJ,"No Opportunity Necessary, No Experience Needed - 2003 Remaster",7a6f0VJvrakaFFnID5VtlF,0.000927,0.251,0.465,0.0312,4.0,0.298,-11.198,1.0,0.0344,144.072,0.525
hjørnelista,5AJ8F7Oxy44fcisgZCJMBv,Deep Purple,568ZhdwyaiCyOGJRtNYhWf,Shades of Deep Purple,5qxy4Qf0ug4rV9YVYGQRn2,Hush - 1998 Remaster,2Vim06YsRb4uJRpbeq6NR6,0.00459,0.57,0.635,0.176,10.0,0.0901,-10.231,1.0,0.0482,108.431,0.196
hjørnelista,5AJ8F7Oxy44fcisgZCJMBv,Deep Purple,568ZhdwyaiCyOGJRtNYhWf,Purpendicular,3bErA9aFZyGiD9j5ntYe5v,Rosa's Cantina,6URT37uxWBNBohzHF1JtQ8,0.147,0.46,0.776,0.0387,9.0,0.0705,-8.689,0.0,0.0536,109.6,0.834
hjørnelista,5AJ8F7Oxy44fcisgZCJMBv,Deep Purple,568ZhdwyaiCyOGJRtNYhWf,Deep Purple,4vjBkjJeJByK2swq4DnuPc,Lalena - 2000 Remaster,4mBXB13NhpYnPqP7TepGsl,0.527,0.373,0.222,0.00105,11.0,0.0976,-16.354,0.0,0.0406,142.817,0.104
hjørnelista,5AJ8F7Oxy44fcisgZCJMBv,Deep Purple,568ZhdwyaiCyOGJRtNYhWf,Deep Purple: Deepest Purple (30th Anniversary Edition),4sdsjamPAsRT2dTuyCohnA,Strange Kind of Woman - 2002 Remaster,6IQhzyVUU93MgKeRstqIui,0.00758,0.577,0.82,0.353,11.0,0.373,-9.056,0.0,0.0566,126.206,0.805
hjørnelista,5AJ8F7Oxy44fcisgZCJMBv,Deep Purple,568ZhdwyaiCyOGJRtNYhWf,Deep Purple: Deepest Purple (30th Anniversary Edition),4sdsjamPAsRT2dTuyCohnA,Woman from Tokyo - 2000 Remaster,5kJD9M2KYShaSEZkKcqzbM,0.00698,0.556,0.633,0.00557,9.0,0.164,-8.453,1.0,0.0321,127.165,0.406
hjørnelista,5AJ8F7Oxy44fcisgZCJMBv,Deep Purple,568ZhdwyaiCyOGJRtNYhWf,Shades of Deep Purple,5qxy4Qf0ug4rV9YVYGQRn2,One More Rainy Day - 2000 Remaster,4iUlsqfmcJSItj52Q3EtI2,0.156,0.338,0.781,9.34e-05,0.0,0.0996,-9.297,1.0,0.0602,94.924,0.62
hjørnelista,5AJ8F7Oxy44fcisgZCJMBv,Deep Purple,568ZhdwyaiCyOGJRtNYhWf,Purpendicular,3bErA9aFZyGiD9j5ntYe5v,Sometimes I Feel Like Screaming,5coxHUKzWOdMXunt7EGDDX,0.00623,0.467,0.704,0.107,0.0,0.0861,-8.313,1.0,0.0293,89.658,0.188
hjørnelista,5AJ8F7Oxy44fcisgZCJMBv,Deep Purple,568ZhdwyaiCyOGJRtNYhWf,Deep Purple: Deepest Purple (30th Anniversary Edition),4sdsjamPAsRT2dTuyCohnA,Black Night - 2002 Remaster,2M4lwFtm1Taj6MqgfM2iET,0.0548,0.495,0.865,0.81,9.0,0.214,-9.195,1.0,0.0811,134.767,0.726
hjørnelista,5AJ8F7Oxy44fcisgZCJMBv,Deep Purple,568ZhdwyaiCyOGJRtNYhWf,Deep Purple in Rock (Anniversary Edition),2bjTVISSsvwia7uxrrEsuQ,Bloodsucker - 1995 Remaster,4f2Mreghv4pgUIWVDJG0X7,0.000457,0.276,0.644,0.529,4.0,0.0726,-10.844,0.0,0.0491,174.814,0.863
hjørnelista,5AJ8F7Oxy44fcisgZCJMBv,Deep Purple,568ZhdwyaiCyOGJRtNYhWf,Deepest Purple: The Very Best of Deep Purple,2jm9Vixt3Nn2oE4VtOVUD8,Smoke on the Water,0XHWClSz0v6RIaRSGqJH3X,0.169,0.616,0.612,0.434,0.0,0.101,-11.084,1.0,0.0275,114.558,0.897
hjørnelista,5AJ8F7Oxy44fcisgZCJMBv,Deep Purple,568ZhdwyaiCyOGJRtNYhWf,Deepest Purple: The Very Best of Deep Purple,2jm9Vixt3Nn2oE4VtOVUD8,Child in Time,21cp8L9Pei4AgysZVihjSv,0.313,0.331,0.34,0.607,9.0,0.234,-14.784,0.0,0.0369,126.672,0.365
hjørnelista,5AJ8F7Oxy44fcisgZCJMBv,Deep Purple,568ZhdwyaiCyOGJRtNYhWf,Deep Purple in Rock (Anniversary Edition),2bjTVISSsvwia7uxrrEsuQ,Speed King - 1995 Remaster,7L1GZDz4fGQGkpXpGaLV55,6.66e-05,0.285,0.611,0.404,7.0,0.0818,-13.256,1.0,0.0421,99.907,0.335
hjørnelista,5AJ8F7Oxy44fcisgZCJMBv,Deep Purple,568ZhdwyaiCyOGJRtNYhWf,Deep Purple: Deepest Purple (30th Anniversary Edition),4sdsjamPAsRT2dTuyCohnA,Fireball - 1996 Remaster,0G56RqAUXPAlhi3EfiGZ50,0.000672,0.557,0.903,0.0052,6.0,0.12,-12.029,0.0,0.058,121.267,0.908
hjørnelista,5AJ8F7Oxy44fcisgZCJMBv,Skrillex,5he5w2lnU9x7JFhnwcekXX,Scary Monsters and Nice Sprites (Deluxe Tour Edition),6HbNEBza64W10MQxUFq6QL,Weekends!!! (feat. Sirah),3Doc0i6JsXK3N1DhhYvmmV,0.00167,0.813,0.902,0.0101,9.0,0.337,-4.635,1.0,0.0502,120.006,0.743
hjørnelista,5AJ8F7Oxy44fcisgZCJMBv,Skrillex,5he5w2lnU9x7JFhnwcekXX,Scary Monsters and Nice Sprites (Deluxe Tour Edition),6HbNEBza64W10MQxUFq6QL,Rock 'n' Roll (Will Take You to the Mountain),6TbYnMMWfdUZXQm6tZ6vib,0.00228,0.713,0.971,2.05e-05,0.0,0.242,-1.264,1.0,0.381,128.064,0.676
hjørnelista,5AJ8F7Oxy44fcisgZCJMBv,Skrillex,5he5w2lnU9x7JFhnwcekXX,Scary Monsters and Nice Sprites (Deluxe Tour Edition),6HbNEBza64W10MQxUFq6QL,Kill EVERYBODY,1u1Ps262k227FPAm5BVUjd,0.00219,0.788,0.874,0.00231,0.0,0.0998,-3.336,1.0,0.0805,126.988,0.629
hjørnelista,5AJ8F7Oxy44fcisgZCJMBv,Skrillex,5he5w2lnU9x7JFhnwcekXX,Scary Monsters and Nice Sprites EP,35tQBmq1RblVUzAvfsw5uO,Scary Monsters and Nice Sprites,4rwpZEcnalkuhPyGkEdhu0,0.00336,0.523,0.944,0.557,7.0,0.119,-3.581,0.0,0.0837,139.997,0.324
hjørnelista,5AJ8F7Oxy44fcisgZCJMBv,Skrillex,5he5w2lnU9x7JFhnwcekXX,More Monsters and Sprites EP,7ltvnXQCjQRwTlMy55XcCz,First of the Year (Equinox),5i7fZq3chLyCHo3VeB6goD,0.00711,0.429,0.948,0.0148,5.0,0.0812,-3.657,0.0,0.227,115.785,0.55
hjørnelista,5AJ8F7Oxy44fcisgZCJMBv,Andrew Latimer,4uFOECgcoe2GYr70DyIFXn,Breathless,3kvGb0SzIxGIihsgwv6oPr,Echoes,4Xp3eCFgYSGNl9yIwag0nF,0.0147,0.204,0.6,0.0133,10.0,0.256,-8.752,1.0,0.0312,149.941,0.485
hjørnelista,5AJ8F7Oxy44fcisgZCJMBv,Camel,3Uz6jx81OY2J5K8Z4wmy2P,Mirage,2DZEwt8Lhz6PuqxsJWF7Ap,Lady Fantasy - Medley,35e4fhZkQuQo77kOro2QYF,0.00284,0.284,0.728,0.515,9.0,0.334,-10.868,0.0,0.0541,109.73,0.282
Godlista,1t9t0erIwLLj9t3HmyyiSW,,0LyfQWJT6nXafLPZqxe9Of,,1m3djUz3rQ9rDj0D77QcU7,,3lpnYiJSFZmtsIM13OyRfa,0.000105,0.366,0.933,2.07e-06,8.0,0.102,-3.808,1.0,0.172,199.984,0.677
hjørnelista,5AJ8F7Oxy44fcisgZCJMBv,Skrillex,5he5w2lnU9x7JFhnwcekXX,Scary Monsters and Nice Sprites (Deluxe Tour Edition),6HbNEBza64W10MQxUFq6QL,"With You, Friends (Long Drive)",6gowYUVBi2MZibmuosT8mh,0.343,0.366,0.572,0.00895,2.0,0.186,-4.748,1.0,0.0377,119.938,0.356
hjørnelista,5AJ8F7Oxy44fcisgZCJMBv,Skrillex,5he5w2lnU9x7JFhnwcekXX,Scary Monsters and Nice Sprites (Deluxe Tour Edition),6HbNEBza64W10MQxUFq6QL,All I Ask of You (feat. Pennybirdrabbit),0fMAyo16WDEhIGoQHMSFCK,0.0173,0.774,0.909,0.121,9.0,0.0739,-2.89,0.0,0.0365,126.977,0.696
Godlista,1t9t0erIwLLj9t3HmyyiSW,CKY,3ZQEU2arcWXSv3oz8hwWBK,"Camp Kill Yourself, Vol.1",2FnppgYWQ1bzMfdNP8lvDw,96 Quite Bitter Beings,7AimHQrOUoUTYbVX87D3Zl,0.00184,0.458,0.779,4.28e-05,3.0,0.313,-8.312,0.0,0.0486,99.093,0.729
Godlista,1t9t0erIwLLj9t3HmyyiSW,Pantera,14pVkFUHDL207LzLHtSA18,The Great Southern Trendkill,4LdquqwQoyu1pE6Vq8PIha,13 Steps to Nowhere,5FnIQ4H58EixgtoQQoOBjg,6.72e-05,0.33,0.962,1.92e-05,1.0,0.0584,-4.711,0.0,0.175,88.722,0.0935
Godlista,1t9t0erIwLLj9t3HmyyiSW,Liquid Tension Experiment,0r1s1XoxdoXECGfyChzb2v,Liquid Tension Experiment 2,25JdFEbKXocMQyJdlBzD5d,Acid Rain,7D1wLtyGaUppoqMleM6VqT,0.000333,0.414,0.945,0.479,9.0,0.314,-4.66,1.0,0.0897,145.014,0.565
Godlista,1t9t0erIwLLj9t3HmyyiSW,Dream Theater,2aaLAng2L2aWD2FClzwiep,Black Clouds & Silver Linings,7khFXQNBzcfSfgGjPKerdE,A Nightmare to Remember,7BscbGhQLiPuWm2YGpntcm,0.000151,0.317,0.858,0.0722,10.0,0.245,-4.831,0.0,0.0563,136.112,0.215
Godlista,1t9t0erIwLLj9t3HmyyiSW,The Band,4vpDg7Y7fU982Ds30zawDA,Northern Lights-Southern Cross (Expanded Edition),5fnE49AqsSBaLC62nfo3q1,Acadian Driftwood - Remastered 2000,6sJlkqZqUOLXjWKJrDgRmd,0.163,0.493,0.593,0.0,5.0,0.0829,-8.734,1.0,0.0283,157.842,0.715
Godlista,1t9t0erIwLLj9t3HmyyiSW,Queensrÿche,2OgUPVlWYgGBGMefZgGvCO,Empire (Expanded Edition / Remastered/2003),2uwgWsmiKSUo5A6xV1GFth,Another Rainy Night (Without You) - Remastered 2003,5Ol9pUdHa1sLld3wNcuIYe,0.0896,0.465,0.954,0.000189,9.0,0.349,-2.477,0.0,0.0625,96.955,0.327
Godlista,1t9t0erIwLLj9t3HmyyiSW,Avenged Sevenfold,0nmQIMXWTXfhgOBdNzhGOs,Avenged Sevenfold,0v3FHuvSb3f90AWW5uTqE7,Afterlife,0u8JzRt0TAwSyCl2lPTQmE,0.000429,0.487,0.949,2.91e-05,2.0,0.231,-4.217,0.0,0.0798,110.02,0.406
Godlista,1t9t0erIwLLj9t3HmyyiSW,Lenny Kravitz,5gznATMVO85ZcLTkE9ULU7,Greatest Hits,1cW0de5T5fdedlS4YqvyCv,American Woman,2BdSaGVMxZzEeJYjjrlo6n,0.0243,0.669,0.698,0.0,1.0,0.0782,-7.971,1.0,0.0713,83.987,0.6
Godlista,1t9t0erIwLLj9t3HmyyiSW,Manowar,4CzUzn54Cp9TQr6a7JIlMZ,Battle Hymns,1WeQxVMtBkCqVal9AOQC5A,Battle Hymn,1VRnW4Qk8PP3EGGFMs6Z32,0.047,0.315,0.822,0.0077,4.0,0.274,-10.437,0.0,0.103,150.499,0.164
Godlista,1t9t0erIwLLj9t3HmyyiSW,Lenny Kravitz,5gznATMVO85ZcLTkE9ULU7,Greatest Hits,1cW0de5T5fdedlS4YqvyCv,Are You Gonna Go My Way,00tKvmHHfNvXJjuwBm3kDI,0.00085,0.613,0.84,0.02,11.0,0.352,-5.283,0.0,0.0327,129.12,0.76
Godlista,1t9t0erIwLLj9t3HmyyiSW,Dream Theater,2aaLAng2L2aWD2FClzwiep,Train of Thought,1yAbzShRcY4muLKsX8UWxj,As I Am,6hz6lrQtLcxOOjflnYjF9o,1.09e-05,0.514,0.95,0.0135,7.0,0.19,-4.657,1.0,0.0725,130.027,0.149
Godlista,1t9t0erIwLLj9t3HmyyiSW,The Soundtrack Of Our Lives,1DoYbXxolkSNTovBmuG0C2,Origin,5hlo8ZWTi6eUqeqFuxj9Jo,Bigtime,0IofX46sfuPw3dsT7SDGlx,5.79e-05,0.366,0.893,0.0434,0.0,0.0486,-5.824,1.0,0.0581,168.653,0.342
Godlista,1t9t0erIwLLj9t3HmyyiSW,The Hives,4DToQR3aKrHQSSRzSz8Nzt,Tyrannosaurus Hives,2Qo8MVIOIyrBrqgoCsHCXV,B is for Brutus,1abWUqaOmJJFAlk7hCtDKM,0.048,0.472,0.989,3.43e-05,6.0,0.292,-3.37,0.0,0.135,145.397,0.438
Godlista,1t9t0erIwLLj9t3HmyyiSW,Alphaville,0xliTEbFfy5HQHvsTknTkX,First Harvest 1984-1992,0d60Pri6GuV9E8jeJrSB33,Big in Japan - Best Of,3F8aTQzmKovktFcR7MCGFW,0.183,0.755,0.604,0.0336,2.0,0.128,-9.84,0.0,0.0454,97.802,0.491
Godlista,1t9t0erIwLLj9t3HmyyiSW,Lynyrd Skynyrd,4MVyzYMgTwdP7Z49wAZHx0,1991,041PG01l4ZXKrfWOCU4DyB,Backstreet Crawler,1aZqoDbIgx7oJH9DPuSqln,0.0148,0.523,0.841,0.0585,2.0,0.169,-9.178,1.0,0.0476,81.862,0.677
Godlista,1t9t0erIwLLj9t3HmyyiSW,,0LyfQWJT6nXafLPZqxe9Of,,1m3djUz3rQ9rDj0D77QcU7,,4l9DbarqhaJCDC5ouQY3Zv,0.000215,0.544,0.901,0.022,7.0,0.267,-5.239,1.0,0.0511,110.096,0.463
Godlista,1t9t0erIwLLj9t3HmyyiSW,Queensrÿche,2OgUPVlWYgGBGMefZgGvCO,Empire (Expanded Edition / Remastered/2003),2uwgWsmiKSUo5A6xV1GFth,Best I Can - Remastered 2003,00FSIugeygEbNyWZtnWFQq,0.00297,0.602,0.92,0.000153,2.0,0.325,-4.396,1.0,0.0499,132.273,0.29
Fæst!,7fuJxH3DgewPvZItCTubGG,Lily Allen,13saZpZnCDWOI9D4IJhp1f,"Alright, Still (Deluxe)",5ySBiY0v4b03yw98oRDKtS,Smile,79z9QkhHePTFsSeVw9uyj0,0.00143,0.632,0.639,0.0,5.0,0.221,-5.938,1.0,0.0259,95.506,0.733
Godlista,1t9t0erIwLLj9t3HmyyiSW,Judas Priest,2tRsMl4eGxwoNabM08Dm4I,British Steel,5bqtZRbUZUxUps8mrO9tGY,Breaking the Law,2RaA6kIcvomt77qlIgGhCT,0.024,0.362,0.961,9.35e-06,2.0,0.159,-5.664,1.0,0.0857,164.019,0.491
Fæst!,7fuJxH3DgewPvZItCTubGG,Lily Allen,13saZpZnCDWOI9D4IJhp1f,"It's Not Me, It's You",2OUL7ZpAvUaWyylZ1lXpe0,Fuck You,5st5644IlBmKiiRE73UsoZ,0.0271,0.775,0.904,0.000303,1.0,0.06,-4.08,0.0,0.0437,130.009,0.84
Fæst!,7fuJxH3DgewPvZItCTubGG,Lily Allen,13saZpZnCDWOI9D4IJhp1f,"It's Not Me, It's You",2OUL7ZpAvUaWyylZ1lXpe0,The Fear,7lIyBKp2KX7ABDjDfo9EtL,0.419,0.661,0.847,8.82e-05,10.0,0.107,-6.948,1.0,0.0404,134.002,0.522
Fæst!,7fuJxH3DgewPvZItCTubGG,Paolo Nutini,7x5rK9BClDQ8wmCkYAGsQp,These Streets,6L2FiSnFMisCgbhbag4KTl,New Shoes,265Anh9hGoozFigjUVLUeD,0.47,0.748,0.735,1.09e-05,8.0,0.0851,-8.692,1.0,0.0903,150.04,0.854
Fæst!,7fuJxH3DgewPvZItCTubGG,Gorillaz,3AA28KZvwAUcZuOKwyblJQ,Demon Days,0bUTHlWbkSQysoM3VsWldT,Feel Good Inc.,0d28khcov6AiegSCpG5TuT,0.00836,0.818,0.705,0.00233,6.0,0.613,-6.679,1.0,0.177,138.559,0.772
Fæst!,7fuJxH3DgewPvZItCTubGG,Lily Allen,13saZpZnCDWOI9D4IJhp1f,"It's Not Me, It's You (Special Edition)",4igqw0NNmYEsOVU4zeu1LG,Womanizer - Acoustic,4l9hurikQqZkdnz4dGUXyZ,0.783,0.694,0.611,0.0,1.0,0.156,-7.719,0.0,0.0602,138.994,0.597
Fæst!,7fuJxH3DgewPvZItCTubGG,Eva & The Heartmaker,440EaizgGpqFq3trbWFDpg,Mr. Tokyo,5sdhmgLU9hsCKOTwdDuZcH,Mr. Tokyo,735U5a5dYAWyecMRTbs7XA,0.0291,0.671,0.65,6.22e-06,2.0,0.1,-6.893,1.0,0.0294,120.062,0.76
Godlista,1t9t0erIwLLj9t3HmyyiSW,Me First and the Gimme Gimmes,0cOVRC8EOwDwXrs3JTrRN5,Are A Drag,0NgZHRfy9pNuzirM6MRBWL,Cabaret,1N9TCAQNQ8mJ2AEr04Xdl1,0.00113,0.445,0.606,3.07e-06,9.0,0.0902,-7.631,1.0,0.0546,170.025,0.741
Fæst!,7fuJxH3DgewPvZItCTubGG,Robyn,6UE7nl9mha6s8z0wFQFIZ2,Cool - R&B,421reEXYaXldvMHmkWzrvH,Be Mine!,4RqoVj6xKBEkpHBiZiJZo5,0.302,0.702,0.723,0.0,9.0,0.108,-4.895,1.0,0.0944,158.017,0.964
Fæst!,7fuJxH3DgewPvZItCTubGG,Rihanna,5pKCCKE2ajJHZ9KAiaK11H,Russian Roulette (German 2 trk),275AdvTBRK3sMs6GlZOGJM,Russian Roulette,5XLoHvOag9undyM3nyvzSS,0.0533,0.329,0.461,4.7e-06,6.0,0.119,-6.387,0.0,0.0469,79.541,0.281
Fæst!,7fuJxH3DgewPvZItCTubGG,Eva & The Heartmaker,440EaizgGpqFq3trbWFDpg,Superhero,72fBb6leHZY8wcZaaIMQY5,Superhero,3YbMkoa76YQWR8dBe8vo97,2.41e-05,0.432,0.708,0.0,9.0,0.278,-4.654,1.0,0.0297,94.039,0.692
Fæst!,7fuJxH3DgewPvZItCTubGG,John Mayer,0hEurMDQu99nJRq8pTxO14,Battle Studies,1V5vQRMWTNGmqwxY8jMVou,Heartbreak Warfare,4gs07VlJST4bdxGbBsXVue,0.191,0.624,0.554,0.00131,2.0,0.299,-8.113,1.0,0.0225,97.031,0.311
Fæst!,7fuJxH3DgewPvZItCTubGG,John Mayer,0hEurMDQu99nJRq8pTxO14,Battle Studies,1V5vQRMWTNGmqwxY8jMVou,Who Says,0HLWvLKQWpFdPhgk6ym58n,0.267,0.584,0.509,0.00252,2.0,0.36,-13.109,1.0,0.0287,90.457,0.367
Fæst!,7fuJxH3DgewPvZItCTubGG,Lady Gaga,1HY2Jd0NmPuamShAr6KMms,The Fame,1qwlxZTNLe1jq3b0iidlue,Paparazzi,02XnQdf7sipaKBBHixz3Zp,0.112,0.762,0.692,0.0,5.0,0.094,-3.973,0.0,0.0437,114.903,0.397
Fæst!,7fuJxH3DgewPvZItCTubGG,Röyksopp,5nPOO9iTcrs9k6yFffPxjH,Junior,6vQMbwthchxuSioACn2hcE,The Girl and the Robot,6VCqx14OVaX9uwSvC0PvAG,0.115,0.511,0.899,0.000105,9.0,0.107,-5.323,0.0,0.0601,121.0,0.0773
Fæst!,7fuJxH3DgewPvZItCTubGG,Veronica Maggio,2OIWxN9xUhgUHkeUCWCaNs,Och vinnaren är...,7K3z58HrZ2RJR2j82xWbsc,Måndagsbarn,4MXHBiKcdqHBJ4PeHQJBHO,0.0868,0.71,0.646,1.14e-06,9.0,0.197,-5.674,0.0,0.056,124.43,0.735
Fæst!,7fuJxH3DgewPvZItCTubGG,Muse,12Chz98pHFMPJEknJQMWvI,The Resistance,0eFHYz8NmK75zSplL5qlfM,Uprising,4VqPOruhp5EdPBeR92t6lQ,0.000202,0.602,0.905,0.064,2.0,0.117,-4.046,1.0,0.0775,128.019,0.411
Fæst!,7fuJxH3DgewPvZItCTubGG,Muse,12Chz98pHFMPJEknJQMWvI,Supermassive Black Hole,445uybhAr9ey555kQ6gahx,Supermassive Black Hole,2zrIyIdqafYozfsgiMY0Ae,0.0435,0.671,0.865,0.00559,7.0,0.237,-5.735,1.0,0.0472,120.011,0.865
Fæst!,7fuJxH3DgewPvZItCTubGG,Muse,12Chz98pHFMPJEknJQMWvI,Black Holes and Revelations,0lw68yx3MhKflWFqCsGkIs,Knights of Cydonia,7ouMYWpwJ422jRcDASZB7P,0.000273,0.366,0.963,0.0122,11.0,0.115,-5.301,0.0,0.142,137.114,0.211
Fæst!,7fuJxH3DgewPvZItCTubGG,Röyksopp,5nPOO9iTcrs9k6yFffPxjH,The Understanding,1HkKeOklBwC1auQJ5Huwcm,What Else Is There?,2cTOee6bTauDFK1QuDS1BD,0.185,0.704,0.927,0.108,9.0,0.325,-7.157,1.0,0.0437,114.995,0.342
Fæst!,7fuJxH3DgewPvZItCTubGG,Kate Ryan,47BNWfpngeFHYvBlPPyraM,Essential,6itpfGpKsuAVBgtr5JUuS3,Désenchantée - Radio Edit,0eAvGqc9t4Wuc6gDcSi5Aa,0.17,0.515,0.939,0.000533,1.0,0.227,-4.872,1.0,0.0696,139.951,0.292
Fæst!,7fuJxH3DgewPvZItCTubGG,The Pink Robots,7a5J7RBt8gyV8nomcwqBRp,Pink Robots,4R8Pj8gIFerOPrmRLWgNNp,Curly,10MEHMm2xiOtdpjsWizSmZ,0.000932,0.576,0.672,0.0457,5.0,0.0801,-5.196,1.0,0.0363,123.894,0.555
Fæst!,7fuJxH3DgewPvZItCTubGG,Katy Perry,6jJ0s89eD6GaHleKKya26X,Hot N Cold,1yKCNIVac6PKISJ5u6IO1T,Hot N Cold,0IZM2onaTBMRTEIcc5oIi9,7.98e-05,0.702,0.838,0.0,7.0,0.072,-3.992,1.0,0.0439,132.007,0.855
Fæst!,7fuJxH3DgewPvZItCTubGG,Busta Rhymes,1YfEcTuGvBQ8xSD1f53UnK,We Made It (feat. Linkin Park),4H2FFuSJNC40iSzffWzM1u,We Made It (feat. Linkin Park),3AZ0PJa2Ixf8J8LIxoYeUe,0.424,0.62,0.746,0.0,11.0,0.0684,-6.006,1.0,0.0552,138.454,0.191
Fæst!,7fuJxH3DgewPvZItCTubGG,Billy Idol,7lzordPuZEXxwt9aoVZYmG,Greatest Hits,1gTvJG5YnrTiwr0uDuzaoA,Rebel Yell - Remastered 1999,2ZTIw0fZhFp3nnvF41nvVc,0.000464,0.535,0.695,0.0467,9.0,0.155,-9.296,0.0,0.0475,166.797,0.433
Fæst!,7fuJxH3DgewPvZItCTubGG,The Baseballs,3Ek1EdkcbRFvSDJj9j5JXQ,Umbrella,76vIao1c6ZFx8zT8wFyfWt,Umbrella - Single Edit,2abPsmQSqQFqllRAx8OkBv,0.258,0.666,0.85,0.0,10.0,0.0454,-6.566,1.0,0.0435,106.065,0.903
Fæst!,7fuJxH3DgewPvZItCTubGG,The Dresden Dolls,5JqX1glXPg6428ubI1w72i,The Dresden Dolls,3BMhZk7YVMQBh0Y4DuyNSt,Coin-Operated Boy,2OcJNw7K8cYs4FKoh8aEow,0.653,0.631,0.455,6.48e-05,7.0,0.048,-8.541,1.0,0.151,134.772,0.543
Fæst!,7fuJxH3DgewPvZItCTubGG,Edguy,3AGFqPP3gt5rMSvhR87Xxu,King Of Fools E.P.,5XB2FHOHyv12cjU5IvEIEx,King Of Fools (Edit),3g7ELVxKlyTz6IrSNh0MI7,6.75e-05,0.514,0.817,4.47e-06,4.0,0.133,-5.691,1.0,0.0418,122.001,0.209
Top 10 album,55iabFP4yPg8KkjNHU5m6o,Deep Purple,568ZhdwyaiCyOGJRtNYhWf,Deep Purple in Rock (Anniversary Edition),2bjTVISSsvwia7uxrrEsuQ,Black Night - 1995 Remaster,2c1ccPqUnFYD8W7LY65bKG,0.0546,0.507,0.886,0.363,9.0,0.0919,-8.889,1.0,0.0873,134.719,0.826
Fæst!,7fuJxH3DgewPvZItCTubGG,Christina Aguilera,1l7ZsJRRS8wlW3WfJfPfNS,Moulin Rouge,5cbAqQZSEgRiiNjuEHWTXc,"Lady Marmalade - From ""Moulin Rouge"" Soundtrack",7GbqE3MlkKosIaCvf50JRK,0.0144,0.76,0.801,1.49e-05,5.0,0.665,-3.769,1.0,0.0534,109.919,0.653
Top 10 album,55iabFP4yPg8KkjNHU5m6o,Yes,7AC976RDJzL2asmZuz7qil,Close to the Edge (Deluxe Edition),6344rkGqCBDenGoS7eJlBN,America - 2003 Remaster,6xNHgBM5BEEG4vk9I6wV2v,0.0126,0.39,0.671,0.0523,9.0,0.0723,-8.427,1.0,0.0493,128.025,0.54
Top 10 album,55iabFP4yPg8KkjNHU5m6o,Yes,7AC976RDJzL2asmZuz7qil,Close to the Edge (Deluxe Edition),6344rkGqCBDenGoS7eJlBN,"Close to the Edge (i. The Solid Time of Change, ii. Total Mass Retain, iii. I Get up I Get Down, iv. Seasons of Man) - 2003 Remaster",47dPsSo7cEDNkvIOSB4O2k,0.264,0.222,0.597,0.156,5.0,0.411,-10.924,1.0,0.0559,80.652,0.252
Fæst!,7fuJxH3DgewPvZItCTubGG,Kato,1udruffum7CorOphFUMB9A,Turn The Lights Off,4Xo7jcwuvnxDQoYq9N1yA6,Turn The Lights Off - Radio Edit,7apywiCuMzvSZIa0SKeH99,0.00263,0.61,0.976,0.00135,1.0,0.333,-3.551,0.0,0.0348,132.003,0.31
Top 10 album,55iabFP4yPg8KkjNHU5m6o,Deep Purple,568ZhdwyaiCyOGJRtNYhWf,Deep Purple in Rock (Anniversary Edition),2bjTVISSsvwia7uxrrEsuQ,Child in Time - 1995 Remaster,573Z2Dty5epeNgKsgoDOlr,0.0167,0.344,0.497,0.453,9.0,0.108,-9.295,0.0,0.0366,127.707,0.356
Top 10 album,55iabFP4yPg8KkjNHU5m6o,Deep Purple,568ZhdwyaiCyOGJRtNYhWf,Deep Purple in Rock (Anniversary Edition),2bjTVISSsvwia7uxrrEsuQ,Flight of the Rat - 1995 Remaster,3zhuhqAO2QHQKBK1zWYGrY,0.000149,0.342,0.831,0.656,9.0,0.371,-10.222,1.0,0.0694,115.729,0.769
Top 10 album,55iabFP4yPg8KkjNHU5m6o,Deep Purple,568ZhdwyaiCyOGJRtNYhWf,Deep Purple in Rock (Anniversary Edition),2bjTVISSsvwia7uxrrEsuQ,Into the Fire - 1995 Remaster,2nCRjFVNNfpedJevLrMBLI,0.000561,0.501,0.436,0.00591,11.0,0.147,-10.638,1.0,0.0291,86.113,0.515
Top 10 album,55iabFP4yPg8KkjNHU5m6o,Deep Purple,568ZhdwyaiCyOGJRtNYhWf,Deep Purple in Rock (Anniversary Edition),2bjTVISSsvwia7uxrrEsuQ,Living Wreck - 1995 Remaster,7Fa6vbvh7ZqE5n162GZpDR,0.00137,0.489,0.679,0.378,6.0,0.12,-10.658,0.0,0.0358,106.779,0.747
Top 10 album,55iabFP4yPg8KkjNHU5m6o,Deep Purple,568ZhdwyaiCyOGJRtNYhWf,Deep Purple in Rock (Anniversary Edition),2bjTVISSsvwia7uxrrEsuQ,Hard Lovin' Man - 1995 Remaster,7vre86aecrNXYdqCaLCiCb,4.39e-05,0.185,0.817,0.777,4.0,0.429,-10.894,0.0,0.0629,141.03,0.442
Top 10 album,55iabFP4yPg8KkjNHU5m6o,"Emerson, Lake & Palmer",0nCiidE5GgDrc5kWN3NZgZ,Brain Salad Surgery (Reissue),6am6Vs8O8QEVvYVFpwW40b,Karn Evil 9,3A421Ol9bwKAfmYhVR9NPl,0.269,0.428,0.574,0.257,1.0,0.465,-12.193,1.0,0.0469,127.888,0.472
Top 10 album,55iabFP4yPg8KkjNHU5m6o,"Emerson, Lake & Palmer",0nCiidE5GgDrc5kWN3NZgZ,Brain Salad Surgery (Reissue),6am6Vs8O8QEVvYVFpwW40b,Excerpts From Brain Salad Surgery Flexi Disc,0H1XLErqM08UJc3yn91KOw,0.274,0.419,0.56,0.0731,8.0,0.373,-15.966,1.0,0.18,167.724,0.452
Top 10 album,55iabFP4yPg8KkjNHU5m6o,The Band,4vpDg7Y7fU982Ds30zawDA,The Band (Expanded Edition),0nPrnmv6maJLLaPpy1cWGB,Jawbone - Remastered 2000,1DkdhByOBFzrK6kIsfmATd,0.549,0.6,0.591,7.15e-06,9.0,0.369,-6.873,1.0,0.0312,85.206,0.716
Top 10 album,55iabFP4yPg8KkjNHU5m6o,John McLaughlin,4v0R1feRiuCDch7aAheVhY,The Inner Mounting Flame,0chWLemqlI6G1GOEr1q1bz,Meeting of the Spirits,5qhmNMNfFKuRM2JxnHNTp3,0.0305,0.123,0.78,0.445,4.0,0.151,-9.359,0.0,0.0758,194.097,0.401
PA-top 09,2HWWfK6Fz2SoZGny38GNpM,Big Big Train,68VJJPVAVNAmwsDDf1i70g,The Underfall Yard,0Oc9PWfIxXsmPVPQ6aet3c,The Underfall Yard,3JwfCvZ2dn85tmLe8leBW4,0.296,0.254,0.79,0.019,4.0,0.112,-5.921,0.0,0.0436,140.002,0.261
PA-top 09,2HWWfK6Fz2SoZGny38GNpM,Big Big Train,68VJJPVAVNAmwsDDf1i70g,The Underfall Yard,0Oc9PWfIxXsmPVPQ6aet3c,Evening Star,0ydi8yOvyJnY7kGwSJe4hE,0.678,0.247,0.4,0.841,11.0,0.196,-7.954,0.0,0.0314,144.965,0.108
PA-top 09,2HWWfK6Fz2SoZGny38GNpM,Big Big Train,68VJJPVAVNAmwsDDf1i70g,The Underfall Yard,0Oc9PWfIxXsmPVPQ6aet3c,Victorian Brickwork,1Cv4X3fgEHiKhm9sPAgY7A,0.352,0.256,0.548,0.00397,7.0,0.0927,-6.442,1.0,0.0356,144.94,0.116
PA-top 09,2HWWfK6Fz2SoZGny38GNpM,Big Big Train,68VJJPVAVNAmwsDDf1i70g,The Underfall Yard,0Oc9PWfIxXsmPVPQ6aet3c,Last Train,0T6h8n6If6c2wzEnIG5RII,0.196,0.485,0.718,0.0351,8.0,0.169,-6.583,0.0,0.027,134.939,0.43
PA-top 09,2HWWfK6Fz2SoZGny38GNpM,Big Big Train,68VJJPVAVNAmwsDDf1i70g,The Underfall Yard,0Oc9PWfIxXsmPVPQ6aet3c,Winchester Diver,2wL6gDwFW8Y9pb90HoxgUu,0.441,0.265,0.478,0.00327,2.0,0.134,-7.497,1.0,0.0307,134.253,0.104
PA-top 09,2HWWfK6Fz2SoZGny38GNpM,Magma,5JeJHWfm2ZxNd09hrIf7Zb,Ëmëhntëhtt-Ré,3Kr3lwll0Hvcx0rAhEZK5s,Ëmëhntëhtt-Ré I,3m4uGcxAxoxLFcyOut2kk7,0.804,0.261,0.291,0.846,11.0,0.249,-13.326,1.0,0.0356,103.169,0.132
PA-top 09,2HWWfK6Fz2SoZGny38GNpM,Magma,5JeJHWfm2ZxNd09hrIf7Zb,Ëmëhntëhtt-Ré,3Kr3lwll0Hvcx0rAhEZK5s,Ëmëhntëhtt-Ré II,65VAGAGz8TTQyG6NJUKkqJ,0.721,0.371,0.804,0.129,10.0,0.177,-7.077,1.0,0.0437,137.557,0.36
PA-top 09,2HWWfK6Fz2SoZGny38GNpM,Magma,5JeJHWfm2ZxNd09hrIf7Zb,Ëmëhntëhtt-Ré,3Kr3lwll0Hvcx0rAhEZK5s,Emëhntëhtt-Ré III,1HO0v0G0RmUCDLaX2mFl82,0.52,0.434,0.793,0.793,4.0,0.171,-6.37,1.0,0.0388,138.106,0.222
PA-top 09,2HWWfK6Fz2SoZGny38GNpM,Magma,5JeJHWfm2ZxNd09hrIf7Zb,Ëmëhntëhtt-Ré,3Kr3lwll0Hvcx0rAhEZK5s,Emëhntëhtt-Ré IV,43o0jTOpESpZgI3Rq5cNh4,0.78,0.198,0.272,0.664,10.0,0.0865,-12.185,1.0,0.0312,98.049,0.036
PA-top 09,2HWWfK6Fz2SoZGny38GNpM,Magma,5JeJHWfm2ZxNd09hrIf7Zb,Ëmëhntëhtt-Ré,3Kr3lwll0Hvcx0rAhEZK5s,Funëhrarïum Kanht,2Ixfrv9wLGtexJAyw2Q7Dq,0.82,0.198,0.185,0.977,6.0,0.101,-10.448,1.0,0.04,84.317,0.0308
PA-top 09,2HWWfK6Fz2SoZGny38GNpM,Magma,5JeJHWfm2ZxNd09hrIf7Zb,Ëmëhntëhtt-Ré,3Kr3lwll0Hvcx0rAhEZK5s,Sêhë,3qyaVVoN7X60iDNU7Yz046,0.7,0.258,0.494,0.794,10.0,0.127,-14.612,0.0,0.0583,64.219,0.0387
PA-top 09,2HWWfK6Fz2SoZGny38GNpM,Big Big Train,68VJJPVAVNAmwsDDf1i70g,The Underfall Yard,0Oc9PWfIxXsmPVPQ6aet3c,Master James of St George,3NwBLoN6U7FRAZC69QkyMm,0.147,0.571,0.682,0.000857,2.0,0.22,-7.73,0.0,0.0387,150.025,0.384
PA-top 09,2HWWfK6Fz2SoZGny38GNpM,Mastodon,1Dvfqq39HxvCJ3GvfeIFuT,Crack the Skye,2W2nqEKXWBorbq5yvm3jZg,Crack the Skye,4nwwFLQqopxAL0g2L0Fg0B,9.59e-06,0.312,0.976,0.861,0.0,0.0945,-5.324,1.0,0.093,122.755,0.0692
PA-top 09,2HWWfK6Fz2SoZGny38GNpM,Mastodon,1Dvfqq39HxvCJ3GvfeIFuT,Crack the Skye,2W2nqEKXWBorbq5yvm3jZg,Oblivion,4Ynr1SPCeUI0W0YPeSFSIK,9.92e-05,0.261,0.938,0.0106,5.0,0.301,-5.125,0.0,0.086,132.47,0.256
PA-top 09,2HWWfK6Fz2SoZGny38GNpM,Mastodon,1Dvfqq39HxvCJ3GvfeIFuT,Crack the Skye,2W2nqEKXWBorbq5yvm3jZg,Quintessence,7n2K9HW8OhwFpWEdzeYu79,6.41e-06,0.162,0.962,0.131,7.0,0.349,-5.073,0.0,0.0709,101.505,0.343
PA-top 09,2HWWfK6Fz2SoZGny38GNpM,Mastodon,1Dvfqq39HxvCJ3GvfeIFuT,Crack the Skye,2W2nqEKXWBorbq5yvm3jZg,The Czar: Usurper / Escape / Martyr / Spiral,2LMjQnKH7sQzOD0l8q6eWz,0.00018,0.267,0.919,0.578,7.0,0.111,-5.332,0.0,0.062,118.826,0.232
PA-top 09,2HWWfK6Fz2SoZGny38GNpM,Mastodon,1Dvfqq39HxvCJ3GvfeIFuT,Crack the Skye,2W2nqEKXWBorbq5yvm3jZg,Ghost of Karelia,2VzyWKHUmuxUq7J7I8wbng,2.64e-05,0.337,0.916,0.0703,0.0,0.0866,-5.467,1.0,0.0576,148.946,0.229
PA-top 09,2HWWfK6Fz2SoZGny38GNpM,Mastodon,1Dvfqq39HxvCJ3GvfeIFuT,Crack the Skye,2W2nqEKXWBorbq5yvm3jZg,The Last Baron,6MUc3qu8WOqO7hAY6gdhJY,3.1e-05,0.226,0.954,0.478,0.0,0.0955,-4.423,0.0,0.127,118.861,0.235
PA-top 09,2HWWfK6Fz2SoZGny38GNpM,Delirium,70CgtFRYY0VmzL1lvGVtCI,Il Nome Del Vento,1c3bBmMQLK1f7WYvvQfEHx,L'aurora Boreale - Bonus Track,3Wb3xAkCANfJnifHZj3MCj,0.734,0.453,0.00106,0.865,0.0,0.247,-12.013,1.0,0.0361,144.966,0.909
PA-top 09,2HWWfK6Fz2SoZGny38GNpM,Delirium,70CgtFRYY0VmzL1lvGVtCI,Il Nome Del Vento,1c3bBmMQLK1f7WYvvQfEHx,L'acquario Delle Stelle,6qxnaRaXT7gIianmfggxdG,0.923,0.289,0.273,0.341,8.0,0.533,-9.73,1.0,0.0389,129.89,0.0367
PA-top 09,2HWWfK6Fz2SoZGny38GNpM,Delirium,70CgtFRYY0VmzL1lvGVtCI,Il Nome Del Vento,1c3bBmMQLK1f7WYvvQfEHx,Note Di Tempesta,08s9yeMgnLPMuwRwcZ93eC,0.188,0.707,0.585,0.699,0.0,0.0977,-10.274,1.0,0.0392,109.992,0.595
PA-top 09,2HWWfK6Fz2SoZGny38GNpM,Delirium,70CgtFRYY0VmzL1lvGVtCI,Il Nome Del Vento,1c3bBmMQLK1f7WYvvQfEHx,Dopo Il Vento,6UIfOhScqj3C600hNu2CGy,0.574,0.285,0.401,0.301,10.0,0.729,-10.531,1.0,0.0362,89.638,0.113
PA-top 09,2HWWfK6Fz2SoZGny38GNpM,Delirium,70CgtFRYY0VmzL1lvGVtCI,Il Nome Del Vento,1c3bBmMQLK1f7WYvvQfEHx,Cuore Sacro,5HHMl0YRgBojMKzEk43M44,0.151,0.423,0.426,0.486,2.0,0.0995,-11.659,0.0,0.0445,119.985,0.207
PA-top 09,2HWWfK6Fz2SoZGny38GNpM,Delirium,70CgtFRYY0VmzL1lvGVtCI,Il Nome Del Vento,1c3bBmMQLK1f7WYvvQfEHx,Dio Del Silenzio Reprise - Intro,2FyGAPmJCjIwBKDbK8WPJp,0.76,0.256,0.266,0.179,0.0,0.106,-19.82,1.0,0.0439,72.12,0.446
PA-top 09,2HWWfK6Fz2SoZGny38GNpM,Delirium,70CgtFRYY0VmzL1lvGVtCI,Il Nome Del Vento,1c3bBmMQLK1f7WYvvQfEHx,Il Nome Del Vento,0IhfgZL2sM9sPGwHd2cFZI,0.499,0.502,0.523,0.422,0.0,0.236,-8.861,0.0,0.0258,99.911,0.218
PA-top 09,2HWWfK6Fz2SoZGny38GNpM,Delirium,70CgtFRYY0VmzL1lvGVtCI,Il Nome Del Vento,1c3bBmMQLK1f7WYvvQfEHx,Verso Il Naufragio - Incl. Theme One,4INnYFHiSKRsgz3wmCsfAF,0.0827,0.392,0.466,0.797,2.0,0.108,-8.516,0.0,0.0298,110.831,0.117
PA-top 09,2HWWfK6Fz2SoZGny38GNpM,Delirium,70CgtFRYY0VmzL1lvGVtCI,Il Nome Del Vento,1c3bBmMQLK1f7WYvvQfEHx,Luci Lontane,3W6FKkNUGAjrZlk5LKr9ng,0.77,0.276,0.305,0.00751,2.0,0.292,-10.766,0.0,0.0362,58.486,0.15
PA-top 09,2HWWfK6Fz2SoZGny38GNpM,Delirium,70CgtFRYY0VmzL1lvGVtCI,Il Nome Del Vento,1c3bBmMQLK1f7WYvvQfEHx,Profeta Senza Profezie,5YxWsuhpah1ZRsuJG2Eklv,0.294,0.408,0.652,2.56e-05,7.0,0.301,-8.719,0.0,0.0393,128.644,0.374
PA-top 09,2HWWfK6Fz2SoZGny38GNpM,Delirium,70CgtFRYY0VmzL1lvGVtCI,Il Nome Del Vento,1c3bBmMQLK1f7WYvvQfEHx,Ogni Storia,3kfIurdoJHeVRVDEnEtOn7,0.0915,0.575,0.434,0.038,2.0,0.0837,-11.039,1.0,0.0349,136.011,0.247
PA-top 09,2HWWfK6Fz2SoZGny38GNpM,Mastodon,1Dvfqq39HxvCJ3GvfeIFuT,Crack the Skye,2W2nqEKXWBorbq5yvm3jZg,Divinations,6HZ8zBamcVKjO46vsLj9vh,2.09e-05,0.252,0.977,0.00166,10.0,0.0977,-4.945,1.0,0.0919,139.052,0.163
Withnail & I,6AuhDqUbR8hD8hwDSTlsBR,Jimi Hendrix,776Uo845nYHJpNaStv1Ds4,Electric Ladyland,5z090LQztiqh13wYspQvKQ,Voodoo Chile,0auKlivXpm76wR63mMJ3pR,0.248,0.298,0.753,0.148,0.0,0.112,-7.417,0.0,0.0894,164.991,0.32
Withnail & I,6AuhDqUbR8hD8hwDSTlsBR,Franz Schubert,2p0UyoPfYfI76PCStuXfOP,"Schubert: Late Piano Sonatas, D. 958 - 960 & D. 850 ""Gasteiner""",3spm80NZ34XhAYBC59M7ML,"Schubert: Piano Sonata No. 21 in B-Flat Major, D. 960: II. Andante sostenuto",0UtTCjUo3CVEeOELmtxVz6,0.994,0.311,0.00314,0.912,1.0,0.0894,-33.628,0.0,0.0451,71.567,0.0399
Withnail & I,6AuhDqUbR8hD8hwDSTlsBR,Franz Schubert,2p0UyoPfYfI76PCStuXfOP,"Schubert: Late Piano Sonatas, D. 958 - 960 & D. 850 ""Gasteiner""",3spm80NZ34XhAYBC59M7ML,"Schubert: Piano Sonata No. 21 in B-Flat Major, D. 960: I. Molto moderato",2OjtknUK5NpkadgE3echxm,0.993,0.244,0.0308,0.87,10.0,0.0741,-28.872,1.0,0.0494,71.104,0.0387
Withnail & I,6AuhDqUbR8hD8hwDSTlsBR,Franz Schubert,2p0UyoPfYfI76PCStuXfOP,"Schubert: Late Piano Sonatas, D. 958 - 960 & D. 850 ""Gasteiner""",3spm80NZ34XhAYBC59M7ML,"Schubert: Piano Sonata No. 21 in B-Flat Major, D. 960: IV. Allegro ma non troppo - Presto",6uEuNJBvMBieHq94Icok5m,0.992,0.327,0.107,0.898,10.0,0.122,-23.854,1.0,0.0398,144.535,0.214
Withnail & I,6AuhDqUbR8hD8hwDSTlsBR,Franz Schubert,2p0UyoPfYfI76PCStuXfOP,"Schubert: Late Piano Sonatas, D. 958 - 960 & D. 850 ""Gasteiner""",3spm80NZ34XhAYBC59M7ML,"Schubert: Piano Sonata No. 21 in B-Flat Major, D. 960: III. Scherzo. Allegro vivace con delicatezza - Trio",1NYotQDrTJuaD0RAGGaTHr,0.991,0.356,0.0879,0.936,5.0,0.124,-27.571,0.0,0.0382,128.144,0.488
