FREQ;Frekvens;BASE_CUR;Basisvaluta;QUOTE_CUR;Kvoteringsvaluta;TENOR;Løpetid;DECIMALS;CALCULATED;UNIT_MULT;Multiplikator;COLLECTION;Innsamlingstidspunkt;TIME_PERIOD;OBS_VALUE
B;Virkedag;DKK;Danske kroner;NOK;Norske kroner;SP;Spot;2;false;2;Hundre;C;ECB concertation tidspunkt 14:15 CET;2020-04-01;150,97
B;Virkedag;DKK;Danske kroner;NOK;Norske kroner;SP;Spot;2;false;2;Hundre;C;ECB concertation tidspunkt 14:15 CET;2020-04-02;150,47
B;Virkedag;DKK;Danske kroner;NOK;Norske kroner;SP;Spot;2;false;2;Hundre;C;ECB concertation tidspunkt 14:15 CET;2020-04-03;150,8
B;Virkedag;DKK;Danske kroner;NOK;Norske kroner;SP;Spot;2;false;2;Hundre;C;ECB concertation tidspunkt 14:15 CET;2020-04-06;152,52
B;Virkedag;DKK;Danske kroner;NOK;Norske kroner;SP;Spot;2;false;2;Hundre;C;ECB concertation tidspunkt 14:15 CET;2020-04-07;148,57
B;Virkedag;DKK;Danske kroner;NOK;Norske kroner;SP;Spot;2;false;2;Hundre;C;ECB concertation tidspunkt 14:15 CET;2020-04-08;149,97
B;Virkedag;DKK;Danske kroner;NOK;Norske kroner;SP;Spot;2;false;2;Hundre;C;ECB concertation tidspunkt 14:15 CET;2020-04-14;151,59
B;Virkedag;DKK;Danske kroner;NOK;Norske kroner;SP;Spot;2;false;2;Hundre;C;ECB concertation tidspunkt 14:15 CET;2020-04-15;153,41
B;Virkedag;DKK;Danske kroner;NOK;Norske kroner;SP;Spot;2;false;2;Hundre;C;ECB concertation tidspunkt 14:15 CET;2020-04-16;152,97
B;Virkedag;DKK;Danske kroner;NOK;Norske kroner;SP;Spot;2;false;2;Hundre;C;ECB concertation tidspunkt 14:15 CET;2020-04-17;151,26
B;Virkedag;DKK;Danske kroner;NOK;Norske kroner;SP;Spot;2;false;2;Hundre;C;ECB concertation tidspunkt 14:15 CET;2020-04-20;151,1
B;Virkedag;DKK;Danske kroner;NOK;Norske kroner;SP;Spot;2;false;2;Hundre;C;ECB concertation tidspunkt 14:15 CET;2020-04-21;153,98
B;Virkedag;DKK;Danske kroner;NOK;Norske kroner;SP;Spot;2;false;2;Hundre;C;ECB concertation tidspunkt 14:15 CET;2020-04-22;156,56
B;Virkedag;DKK;Danske kroner;NOK;Norske kroner;SP;Spot;2;false;2;Hundre;C;ECB concertation tidspunkt 14:15 CET;2020-04-23;154,42
B;Virkedag;DKK;Danske kroner;NOK;Norske kroner;SP;Spot;2;false;2;Hundre;C;ECB concertation tidspunkt 14:15 CET;2020-04-24;153,91
B;Virkedag;DKK;Danske kroner;NOK;Norske kroner;SP;Spot;2;false;2;Hundre;C;ECB concertation tidspunkt 14:15 CET;2020-04-27;153,52
B;Virkedag;DKK;Danske kroner;NOK;Norske kroner;SP;Spot;2;false;2;Hundre;C;ECB concertation tidspunkt 14:15 CET;2020-04-28;151,24
B;Virkedag;DKK;Danske kroner;NOK;Norske kroner;SP;Spot;2;false;2;Hundre;C;ECB concertation tidspunkt 14:15 CET;2020-04-29;151,17
B;Virkedag;DKK;Danske kroner;NOK;Norske kroner;SP;Spot;2;false;2;Hundre;C;ECB concertation tidspunkt 14:15 CET;2020-04-30;149,95
B;Virkedag;DKK;Danske kroner;NOK;Norske kroner;SP;Spot;2;false;2;Hundre;C;ECB concertation tidspunkt 14:15 CET;2020-05-04;151,81
B;Virkedag;DKK;Danske kroner;NOK;Norske kroner;SP;Spot;2;false;2;Hundre;C;ECB concertation tidspunkt 14:15 CET;2020-05-05;149,75
B;Virkedag;DKK;Danske kroner;NOK;Norske kroner;SP;Spot;2;false;2;Hundre;C;ECB concertation tidspunkt 14:15 CET;2020-05-06;148,62
B;Virkedag;DKK;Danske kroner;NOK;Norske kroner;SP;Spot;2;false;2;Hundre;C;ECB concertation tidspunkt 14:15 CET;2020-05-07;147,99
B;Virkedag;DKK;Danske kroner;NOK;Norske kroner;SP;Spot;2;false;2;Hundre;C;ECB concertation tidspunkt 14:15 CET;2020-05-08;148,39
B;Virkedag;DKK;Danske kroner;NOK;Norske kroner;SP;Spot;2;false;2;Hundre;C;ECB concertation tidspunkt 14:15 CET;2020-05-11;148,08
B;Virkedag;DKK;Danske kroner;NOK;Norske kroner;SP;Spot;2;false;2;Hundre;C;ECB concertation tidspunkt 14:15 CET;2020-05-12;148,19
B;Virkedag;DKK;Danske kroner;NOK;Norske kroner;SP;Spot;2;false;2;Hundre;C;ECB concertation tidspunkt 14:15 CET;2020-05-13;146,71
B;Virkedag;DKK;Danske kroner;NOK;Norske kroner;SP;Spot;2;false;2;Hundre;C;ECB concertation tidspunkt 14:15 CET;2020-05-14;148,31
B;Virkedag;DKK;Danske kroner;NOK;Norske kroner;SP;Spot;2;false;2;Hundre;C;ECB concertation tidspunkt 14:15 CET;2020-05-15;148,26
B;Virkedag;DKK;Danske kroner;NOK;Norske kroner;SP;Spot;2;false;2;Hundre;C;ECB concertation tidspunkt 14:15 CET;2020-05-18;147,1
B;Virkedag;DKK;Danske kroner;NOK;Norske kroner;SP;Spot;2;false;2;Hundre;C;ECB concertation tidspunkt 14:15 CET;2020-05-19;146,39
B;Virkedag;DKK;Danske kroner;NOK;Norske kroner;SP;Spot;2;false;2;Hundre;C;ECB concertation tidspunkt 14:15 CET;2020-05-20;145,87
B;Virkedag;DKK;Danske kroner;NOK;Norske kroner;SP;Spot;2;false;2;Hundre;C;ECB concertation tidspunkt 14:15 CET;2020-05-22;146,26
B;Virkedag;DKK;Danske kroner;NOK;Norske kroner;SP;Spot;2;false;2;Hundre;C;ECB concertation tidspunkt 14:15 CET;2020-05-25;146,66
B;Virkedag;DKK;Danske kroner;NOK;Norske kroner;SP;Spot;2;false;2;Hundre;C;ECB concertation tidspunkt 14:15 CET;2020-05-26;146,12
B;Virkedag;DKK;Danske kroner;NOK;Norske kroner;SP;Spot;2;false;2;Hundre;C;ECB concertation tidspunkt 14:15 CET;2020-05-27;145,18
B;Virkedag;DKK;Danske kroner;NOK;Norske kroner;SP;Spot;2;false;2;Hundre;C;ECB concertation tidspunkt 14:15 CET;2020-05-28;145,62
B;Virkedag;DKK;Danske kroner;NOK;Norske kroner;SP;Spot;2;false;2;Hundre;C;ECB concertation tidspunkt 14:15 CET;2020-05-29;144,72
B;Virkedag;DKK;Danske kroner;NOK;Norske kroner;SP;Spot;2;false;2;Hundre;C;ECB concertation tidspunkt 14:15 CET;2020-06-02;143,27
B;Virkedag;DKK;Danske kroner;NOK;Norske kroner;SP;Spot;2;false;2;Hundre;C;ECB concertation tidspunkt 14:15 CET;2020-06-03;143,23
B;Virkedag;DKK;Danske kroner;NOK;Norske kroner;SP;Spot;2;false;2;Hundre;C;ECB concertation tidspunkt 14:15 CET;2020-06-04;142,24
B;Virkedag;DKK;Danske kroner;NOK;Norske kroner;SP;Spot;2;false;2;Hundre;C;ECB concertation tidspunkt 14:15 CET;2020-06-05;141,36
B;Virkedag;DKK;Danske kroner;NOK;Norske kroner;SP;Spot;2;false;2;Hundre;C;ECB concertation tidspunkt 14:15 CET;2020-06-08;140,3
B;Virkedag;DKK;Danske kroner;NOK;Norske kroner;SP;Spot;2;false;2;Hundre;C;ECB concertation tidspunkt 14:15 CET;2020-06-09;141,37
B;Virkedag;DKK;Danske kroner;NOK;Norske kroner;SP;Spot;2;false;2;Hundre;C;ECB concertation tidspunkt 14:15 CET;2020-06-10;141,35
B;Virkedag;DKK;Danske kroner;NOK;Norske kroner;SP;Spot;2;false;2;Hundre;C;ECB concertation tidspunkt 14:15 CET;2020-06-11;143,8
B;Virkedag;DKK;Danske kroner;NOK;Norske kroner;SP;Spot;2;false;2;Hundre;C;ECB concertation tidspunkt 14:15 CET;2020-06-12;145,5
B;Virkedag;DKK;Danske kroner;NOK;Norske kroner;SP;Spot;2;false;2;Hundre;C;ECB concertation tidspunkt 14:15 CET;2020-06-15;146,05
B;Virkedag;DKK;Danske kroner;NOK;Norske kroner;SP;Spot;2;false;2;Hundre;C;ECB concertation tidspunkt 14:15 CET;2020-06-16;144,03
B;Virkedag;DKK;Danske kroner;NOK;Norske kroner;SP;Spot;2;false;2;Hundre;C;ECB concertation tidspunkt 14:15 CET;2020-06-17;143,58
B;Virkedag;DKK;Danske kroner;NOK;Norske kroner;SP;Spot;2;false;2;Hundre;C;ECB concertation tidspunkt 14:15 CET;2020-06-18;143,63
B;Virkedag;DKK;Danske kroner;NOK;Norske kroner;SP;Spot;2;false;2;Hundre;C;ECB concertation tidspunkt 14:15 CET;2020-06-19;143,7
B;Virkedag;DKK;Danske kroner;NOK;Norske kroner;SP;Spot;2;false;2;Hundre;C;ECB concertation tidspunkt 14:15 CET;2020-06-22;144,86
B;Virkedag;DKK;Danske kroner;NOK;Norske kroner;SP;Spot;2;false;2;Hundre;C;ECB concertation tidspunkt 14:15 CET;2020-06-23;144,02
B;Virkedag;DKK;Danske kroner;NOK;Norske kroner;SP;Spot;2;false;2;Hundre;C;ECB concertation tidspunkt 14:15 CET;2020-06-24;144,85
B;Virkedag;DKK;Danske kroner;NOK;Norske kroner;SP;Spot;2;false;2;Hundre;C;ECB concertation tidspunkt 14:15 CET;2020-06-25;145,9
B;Virkedag;DKK;Danske kroner;NOK;Norske kroner;SP;Spot;2;false;2;Hundre;C;ECB concertation tidspunkt 14:15 CET;2020-06-26;146,06
B;Virkedag;DKK;Danske kroner;NOK;Norske kroner;SP;Spot;2;false;2;Hundre;C;ECB concertation tidspunkt 14:15 CET;2020-06-29;146,27
B;Virkedag;DKK;Danske kroner;NOK;Norske kroner;SP;Spot;2;false;2;Hundre;C;ECB concertation tidspunkt 14:15 CET;2020-06-30;146,42
B;Virkedag;DKK;Danske kroner;NOK;Norske kroner;SP;Spot;2;false;2;Hundre;C;ECB concertation tidspunkt 14:15 CET;2020-07-01;144,56
B;Virkedag;DKK;Danske kroner;NOK;Norske kroner;SP;Spot;2;false;2;Hundre;C;ECB concertation tidspunkt 14:15 CET;2020-07-02;143,44
B;Virkedag;DKK;Danske kroner;NOK;Norske kroner;SP;Spot;2;false;2;Hundre;C;ECB concertation tidspunkt 14:15 CET;2020-07-03;143,29
B;Virkedag;DKK;Danske kroner;NOK;Norske kroner;SP;Spot;2;false;2;Hundre;C;ECB concertation tidspunkt 14:15 CET;2020-07-06;142,54
B;Virkedag;DKK;Danske kroner;NOK;Norske kroner;SP;Spot;2;false;2;Hundre;C;ECB concertation tidspunkt 14:15 CET;2020-07-07;142,81
B;Virkedag;DKK;Danske kroner;NOK;Norske kroner;SP;Spot;2;false;2;Hundre;C;ECB concertation tidspunkt 14:15 CET;2020-07-08;143,48
B;Virkedag;DKK;Danske kroner;NOK;Norske kroner;SP;Spot;2;false;2;Hundre;C;ECB concertation tidspunkt 14:15 CET;2020-07-09;142,51
B;Virkedag;DKK;Danske kroner;NOK;Norske kroner;SP;Spot;2;false;2;Hundre;C;ECB concertation tidspunkt 14:15 CET;2020-07-10;143,88
B;Virkedag;DKK;Danske kroner;NOK;Norske kroner;SP;Spot;2;false;2;Hundre;C;ECB concertation tidspunkt 14:15 CET;2020-07-13;143,25
B;Virkedag;DKK;Danske kroner;NOK;Norske kroner;SP;Spot;2;false;2;Hundre;C;ECB concertation tidspunkt 14:15 CET;2020-07-14;143,87
B;Virkedag;DKK;Danske kroner;NOK;Norske kroner;SP;Spot;2;false;2;Hundre;C;ECB concertation tidspunkt 14:15 CET;2020-07-15;142,72
B;Virkedag;DKK;Danske kroner;NOK;Norske kroner;SP;Spot;2;false;2;Hundre;C;ECB concertation tidspunkt 14:15 CET;2020-07-16;142,57
B;Virkedag;DKK;Danske kroner;NOK;Norske kroner;SP;Spot;2;false;2;Hundre;C;ECB concertation tidspunkt 14:15 CET;2020-07-17;142,36
B;Virkedag;DKK;Danske kroner;NOK;Norske kroner;SP;Spot;2;false;2;Hundre;C;ECB concertation tidspunkt 14:15 CET;2020-07-20;142,4
B;Virkedag;DKK;Danske kroner;NOK;Norske kroner;SP;Spot;2;false;2;Hundre;C;ECB concertation tidspunkt 14:15 CET;2020-07-21;140,95
B;Virkedag;DKK;Danske kroner;NOK;Norske kroner;SP;Spot;2;false;2;Hundre;C;ECB concertation tidspunkt 14:15 CET;2020-07-22;141,51
B;Virkedag;DKK;Danske kroner;NOK;Norske kroner;SP;Spot;2;false;2;Hundre;C;ECB concertation tidspunkt 14:15 CET;2020-07-23;142,52
B;Virkedag;DKK;Danske kroner;NOK;Norske kroner;SP;Spot;2;false;2;Hundre;C;ECB concertation tidspunkt 14:15 CET;2020-07-24;143,68
B;Virkedag;DKK;Danske kroner;NOK;Norske kroner;SP;Spot;2;false;2;Hundre;C;ECB concertation tidspunkt 14:15 CET;2020-07-27;143,32
B;Virkedag;DKK;Danske kroner;NOK;Norske kroner;SP;Spot;2;false;2;Hundre;C;ECB concertation tidspunkt 14:15 CET;2020-07-28;143,68
B;Virkedag;DKK;Danske kroner;NOK;Norske kroner;SP;Spot;2;false;2;Hundre;C;ECB concertation tidspunkt 14:15 CET;2020-07-29;143,19
B;Virkedag;DKK;Danske kroner;NOK;Norske kroner;SP;Spot;2;false;2;Hundre;C;ECB concertation tidspunkt 14:15 CET;2020-07-30;144,05
B;Virkedag;DKK;Danske kroner;NOK;Norske kroner;SP;Spot;2;false;2;Hundre;C;ECB concertation tidspunkt 14:15 CET;2020-07-31;144,17
B;Virkedag;DKK;Danske kroner;NOK;Norske kroner;SP;Spot;2;false;2;Hundre;C;ECB concertation tidspunkt 14:15 CET;2020-08-03;143,94
B;Virkedag;DKK;Danske kroner;NOK;Norske kroner;SP;Spot;2;false;2;Hundre;C;ECB concertation tidspunkt 14:15 CET;2020-08-04;144,46
B;Virkedag;DKK;Danske kroner;NOK;Norske kroner;SP;Spot;2;false;2;Hundre;C;ECB concertation tidspunkt 14:15 CET;2020-08-05;143,05
B;Virkedag;DKK;Danske kroner;NOK;Norske kroner;SP;Spot;2;false;2;Hundre;C;ECB concertation tidspunkt 14:15 CET;2020-08-06;143
B;Virkedag;DKK;Danske kroner;NOK;Norske kroner;SP;Spot;2;false;2;Hundre;C;ECB concertation tidspunkt 14:15 CET;2020-08-07;142,9
B;Virkedag;DKK;Danske kroner;NOK;Norske kroner;SP;Spot;2;false;2;Hundre;C;ECB concertation tidspunkt 14:15 CET;2020-08-10;142,71
B;Virkedag;DKK;Danske kroner;NOK;Norske kroner;SP;Spot;2;false;2;Hundre;C;ECB concertation tidspunkt 14:15 CET;2020-08-11;141,88
B;Virkedag;DKK;Danske kroner;NOK;Norske kroner;SP;Spot;2;false;2;Hundre;C;ECB concertation tidspunkt 14:15 CET;2020-08-12;141,61
B;Virkedag;DKK;Danske kroner;NOK;Norske kroner;SP;Spot;2;false;2;Hundre;C;ECB concertation tidspunkt 14:15 CET;2020-08-13;141,19
B;Virkedag;DKK;Danske kroner;NOK;Norske kroner;SP;Spot;2;false;2;Hundre;C;ECB concertation tidspunkt 14:15 CET;2020-08-14;141,54
B;Virkedag;DKK;Danske kroner;NOK;Norske kroner;SP;Spot;2;false;2;Hundre;C;ECB concertation tidspunkt 14:15 CET;2020-08-17;141,16
B;Virkedag;DKK;Danske kroner;NOK;Norske kroner;SP;Spot;2;false;2;Hundre;C;ECB concertation tidspunkt 14:15 CET;2020-08-18;141,02
B;Virkedag;DKK;Danske kroner;NOK;Norske kroner;SP;Spot;2;false;2;Hundre;C;ECB concertation tidspunkt 14:15 CET;2020-08-19;141,64
B;Virkedag;DKK;Danske kroner;NOK;Norske kroner;SP;Spot;2;false;2;Hundre;C;ECB concertation tidspunkt 14:15 CET;2020-08-20;142,47
B;Virkedag;DKK;Danske kroner;NOK;Norske kroner;SP;Spot;2;false;2;Hundre;C;ECB concertation tidspunkt 14:15 CET;2020-08-21;142,28
B;Virkedag;DKK;Danske kroner;NOK;Norske kroner;SP;Spot;2;false;2;Hundre;C;ECB concertation tidspunkt 14:15 CET;2020-08-24;142,66
B;Virkedag;DKK;Danske kroner;NOK;Norske kroner;SP;Spot;2;false;2;Hundre;C;ECB concertation tidspunkt 14:15 CET;2020-08-25;142,01
B;Virkedag;DKK;Danske kroner;NOK;Norske kroner;SP;Spot;2;false;2;Hundre;C;ECB concertation tidspunkt 14:15 CET;2020-08-26;141,87
B;Virkedag;DKK;Danske kroner;NOK;Norske kroner;SP;Spot;2;false;2;Hundre;C;ECB concertation tidspunkt 14:15 CET;2020-08-27;141,31
B;Virkedag;DKK;Danske kroner;NOK;Norske kroner;SP;Spot;2;false;2;Hundre;C;ECB concertation tidspunkt 14:15 CET;2020-08-28;140,65
B;Virkedag;DKK;Danske kroner;NOK;Norske kroner;SP;Spot;2;false;2;Hundre;C;ECB concertation tidspunkt 14:15 CET;2020-08-31;140,45
B;Virkedag;DKK;Danske kroner;NOK;Norske kroner;SP;Spot;2;false;2;Hundre;C;ECB concertation tidspunkt 14:15 CET;2020-09-01;140,23
B;Virkedag;DKK;Danske kroner;NOK;Norske kroner;SP;Spot;2;false;2;Hundre;C;ECB concertation tidspunkt 14:15 CET;2020-09-02;139,84
B;Virkedag;DKK;Danske kroner;NOK;Norske kroner;SP;Spot;2;false;2;Hundre;C;ECB concertation tidspunkt 14:15 CET;2020-09-03;141,55
B;Virkedag;DKK;Danske kroner;NOK;Norske kroner;SP;Spot;2;false;2;Hundre;C;ECB concertation tidspunkt 14:15 CET;2020-09-04;142,16
B;Virkedag;DKK;Danske kroner;NOK;Norske kroner;SP;Spot;2;false;2;Hundre;C;ECB concertation tidspunkt 14:15 CET;2020-09-07;141,72
B;Virkedag;DKK;Danske kroner;NOK;Norske kroner;SP;Spot;2;false;2;Hundre;C;ECB concertation tidspunkt 14:15 CET;2020-09-08;143,42
B;Virkedag;DKK;Danske kroner;NOK;Norske kroner;SP;Spot;2;false;2;Hundre;C;ECB concertation tidspunkt 14:15 CET;2020-09-09;144,01
B;Virkedag;DKK;Danske kroner;NOK;Norske kroner;SP;Spot;2;false;2;Hundre;C;ECB concertation tidspunkt 14:15 CET;2020-09-10;143,63
B;Virkedag;DKK;Danske kroner;NOK;Norske kroner;SP;Spot;2;false;2;Hundre;C;ECB concertation tidspunkt 14:15 CET;2020-09-11;143,85
B;Virkedag;DKK;Danske kroner;NOK;Norske kroner;SP;Spot;2;false;2;Hundre;C;ECB concertation tidspunkt 14:15 CET;2020-09-14;143,73
B;Virkedag;DKK;Danske kroner;NOK;Norske kroner;SP;Spot;2;false;2;Hundre;C;ECB concertation tidspunkt 14:15 CET;2020-09-15;143,78
B;Virkedag;DKK;Danske kroner;NOK;Norske kroner;SP;Spot;2;false;2;Hundre;C;ECB concertation tidspunkt 14:15 CET;2020-09-16;143,3
B;Virkedag;DKK;Danske kroner;NOK;Norske kroner;SP;Spot;2;false;2;Hundre;C;ECB concertation tidspunkt 14:15 CET;2020-09-17;144,14
B;Virkedag;DKK;Danske kroner;NOK;Norske kroner;SP;Spot;2;false;2;Hundre;C;ECB concertation tidspunkt 14:15 CET;2020-09-18;144,53
B;Virkedag;DKK;Danske kroner;NOK;Norske kroner;SP;Spot;2;false;2;Hundre;C;ECB concertation tidspunkt 14:15 CET;2020-09-21;146,27
B;Virkedag;DKK;Danske kroner;NOK;Norske kroner;SP;Spot;2;false;2;Hundre;C;ECB concertation tidspunkt 14:15 CET;2020-09-22;147,18
B;Virkedag;DKK;Danske kroner;NOK;Norske kroner;SP;Spot;2;false;2;Hundre;C;ECB concertation tidspunkt 14:15 CET;2020-09-23;147,71
B;Virkedag;DKK;Danske kroner;NOK;Norske kroner;SP;Spot;2;false;2;Hundre;C;ECB concertation tidspunkt 14:15 CET;2020-09-24;149,17
B;Virkedag;DKK;Danske kroner;NOK;Norske kroner;SP;Spot;2;false;2;Hundre;C;ECB concertation tidspunkt 14:15 CET;2020-09-25;149,66
B;Virkedag;DKK;Danske kroner;NOK;Norske kroner;SP;Spot;2;false;2;Hundre;C;ECB concertation tidspunkt 14:15 CET;2020-09-28;148,51
B;Virkedag;DKK;Danske kroner;NOK;Norske kroner;SP;Spot;2;false;2;Hundre;C;ECB concertation tidspunkt 14:15 CET;2020-09-29;148,46
B;Virkedag;DKK;Danske kroner;NOK;Norske kroner;SP;Spot;2;false;2;Hundre;C;ECB concertation tidspunkt 14:15 CET;2020-09-30;149,08
B;Virkedag;DKK;Danske kroner;NOK;Norske kroner;SP;Spot;2;false;2;Hundre;C;ECB concertation tidspunkt 14:15 CET;2020-10-01;146,56
B;Virkedag;DKK;Danske kroner;NOK;Norske kroner;SP;Spot;2;false;2;Hundre;C;ECB concertation tidspunkt 14:15 CET;2020-10-02;146,53
B;Virkedag;DKK;Danske kroner;NOK;Norske kroner;SP;Spot;2;false;2;Hundre;C;ECB concertation tidspunkt 14:15 CET;2020-10-05;146,31
B;Virkedag;DKK;Danske kroner;NOK;Norske kroner;SP;Spot;2;false;2;Hundre;C;ECB concertation tidspunkt 14:15 CET;2020-10-06;145,96
B;Virkedag;DKK;Danske kroner;NOK;Norske kroner;SP;Spot;2;false;2;Hundre;C;ECB concertation tidspunkt 14:15 CET;2020-10-07;146,88
B;Virkedag;DKK;Danske kroner;NOK;Norske kroner;SP;Spot;2;false;2;Hundre;C;ECB concertation tidspunkt 14:15 CET;2020-10-08;146,51
B;Virkedag;DKK;Danske kroner;NOK;Norske kroner;SP;Spot;2;false;2;Hundre;C;ECB concertation tidspunkt 14:15 CET;2020-10-09;145,96
B;Virkedag;DKK;Danske kroner;NOK;Norske kroner;SP;Spot;2;false;2;Hundre;C;ECB concertation tidspunkt 14:15 CET;2020-10-12;145
B;Virkedag;DKK;Danske kroner;NOK;Norske kroner;SP;Spot;2;false;2;Hundre;C;ECB concertation tidspunkt 14:15 CET;2020-10-13;145
B;Virkedag;DKK;Danske kroner;NOK;Norske kroner;SP;Spot;2;false;2;Hundre;C;ECB concertation tidspunkt 14:15 CET;2020-10-14;145,38
B;Virkedag;DKK;Danske kroner;NOK;Norske kroner;SP;Spot;2;false;2;Hundre;C;ECB concertation tidspunkt 14:15 CET;2020-10-15;147,36
B;Virkedag;DKK;Danske kroner;NOK;Norske kroner;SP;Spot;2;false;2;Hundre;C;ECB concertation tidspunkt 14:15 CET;2020-10-16;147,23
B;Virkedag;DKK;Danske kroner;NOK;Norske kroner;SP;Spot;2;false;2;Hundre;C;ECB concertation tidspunkt 14:15 CET;2020-10-19;147,12
B;Virkedag;DKK;Danske kroner;NOK;Norske kroner;SP;Spot;2;false;2;Hundre;C;ECB concertation tidspunkt 14:15 CET;2020-10-20;147,39
B;Virkedag;DKK;Danske kroner;NOK;Norske kroner;SP;Spot;2;false;2;Hundre;C;ECB concertation tidspunkt 14:15 CET;2020-10-21;146,87
B;Virkedag;DKK;Danske kroner;NOK;Norske kroner;SP;Spot;2;false;2;Hundre;C;ECB concertation tidspunkt 14:15 CET;2020-10-22;146,92
B;Virkedag;DKK;Danske kroner;NOK;Norske kroner;SP;Spot;2;false;2;Hundre;C;ECB concertation tidspunkt 14:15 CET;2020-10-23;146,73
B;Virkedag;DKK;Danske kroner;NOK;Norske kroner;SP;Spot;2;false;2;Hundre;C;ECB concertation tidspunkt 14:15 CET;2020-10-26;147,11
B;Virkedag;DKK;Danske kroner;NOK;Norske kroner;SP;Spot;2;false;2;Hundre;C;ECB concertation tidspunkt 14:15 CET;2020-10-27;145,68
B;Virkedag;DKK;Danske kroner;NOK;Norske kroner;SP;Spot;2;false;2;Hundre;C;ECB concertation tidspunkt 14:15 CET;2020-10-28;147,37
B;Virkedag;DKK;Danske kroner;NOK;Norske kroner;SP;Spot;2;false;2;Hundre;C;ECB concertation tidspunkt 14:15 CET;2020-10-29;149,73
B;Virkedag;DKK;Danske kroner;NOK;Norske kroner;SP;Spot;2;false;2;Hundre;C;ECB concertation tidspunkt 14:15 CET;2020-10-30;148,98
B;Virkedag;DKK;Danske kroner;NOK;Norske kroner;SP;Spot;2;false;2;Hundre;C;ECB concertation tidspunkt 14:15 CET;2020-11-02;149,26
B;Virkedag;DKK;Danske kroner;NOK;Norske kroner;SP;Spot;2;false;2;Hundre;C;ECB concertation tidspunkt 14:15 CET;2020-11-03;147,86
B;Virkedag;DKK;Danske kroner;NOK;Norske kroner;SP;Spot;2;false;2;Hundre;C;ECB concertation tidspunkt 14:15 CET;2020-11-04;147,16
B;Virkedag;DKK;Danske kroner;NOK;Norske kroner;SP;Spot;2;false;2;Hundre;C;ECB concertation tidspunkt 14:15 CET;2020-11-05;145,7
B;Virkedag;DKK;Danske kroner;NOK;Norske kroner;SP;Spot;2;false;2;Hundre;C;ECB concertation tidspunkt 14:15 CET;2020-11-06;146,59
B;Virkedag;DKK;Danske kroner;NOK;Norske kroner;SP;Spot;2;false;2;Hundre;C;ECB concertation tidspunkt 14:15 CET;2020-11-09;143,81
B;Virkedag;DKK;Danske kroner;NOK;Norske kroner;SP;Spot;2;false;2;Hundre;C;ECB concertation tidspunkt 14:15 CET;2020-11-10;143,22
B;Virkedag;DKK;Danske kroner;NOK;Norske kroner;SP;Spot;2;false;2;Hundre;C;ECB concertation tidspunkt 14:15 CET;2020-11-11;143,45
B;Virkedag;DKK;Danske kroner;NOK;Norske kroner;SP;Spot;2;false;2;Hundre;C;ECB concertation tidspunkt 14:15 CET;2020-11-12;144,59
B;Virkedag;DKK;Danske kroner;NOK;Norske kroner;SP;Spot;2;false;2;Hundre;C;ECB concertation tidspunkt 14:15 CET;2020-11-13;145,19
B;Virkedag;DKK;Danske kroner;NOK;Norske kroner;SP;Spot;2;false;2;Hundre;C;ECB concertation tidspunkt 14:15 CET;2020-11-16;144,08
B;Virkedag;DKK;Danske kroner;NOK;Norske kroner;SP;Spot;2;false;2;Hundre;C;ECB concertation tidspunkt 14:15 CET;2020-11-17;144,58
B;Virkedag;DKK;Danske kroner;NOK;Norske kroner;SP;Spot;2;false;2;Hundre;C;ECB concertation tidspunkt 14:15 CET;2020-11-18;143,75
B;Virkedag;DKK;Danske kroner;NOK;Norske kroner;SP;Spot;2;false;2;Hundre;C;ECB concertation tidspunkt 14:15 CET;2020-11-19;143,49
B;Virkedag;DKK;Danske kroner;NOK;Norske kroner;SP;Spot;2;false;2;Hundre;C;ECB concertation tidspunkt 14:15 CET;2020-11-20;143,13
B;Virkedag;DKK;Danske kroner;NOK;Norske kroner;SP;Spot;2;false;2;Hundre;C;ECB concertation tidspunkt 14:15 CET;2020-11-23;143,55
B;Virkedag;DKK;Danske kroner;NOK;Norske kroner;SP;Spot;2;false;2;Hundre;C;ECB concertation tidspunkt 14:15 CET;2020-11-24;143,46
B;Virkedag;DKK;Danske kroner;NOK;Norske kroner;SP;Spot;2;false;2;Hundre;C;ECB concertation tidspunkt 14:15 CET;2020-11-25;141,75
B;Virkedag;DKK;Danske kroner;NOK;Norske kroner;SP;Spot;2;false;2;Hundre;C;ECB concertation tidspunkt 14:15 CET;2020-11-26;142,04
B;Virkedag;DKK;Danske kroner;NOK;Norske kroner;SP;Spot;2;false;2;Hundre;C;ECB concertation tidspunkt 14:15 CET;2020-11-27;141,95
B;Virkedag;DKK;Danske kroner;NOK;Norske kroner;SP;Spot;2;false;2;Hundre;C;ECB concertation tidspunkt 14:15 CET;2020-11-30;141,93
B;Virkedag;DKK;Danske kroner;NOK;Norske kroner;SP;Spot;2;false;2;Hundre;C;ECB concertation tidspunkt 14:15 CET;2020-12-01;142,43
B;Virkedag;DKK;Danske kroner;NOK;Norske kroner;SP;Spot;2;false;2;Hundre;C;ECB concertation tidspunkt 14:15 CET;2020-12-02;143,75
B;Virkedag;DKK;Danske kroner;NOK;Norske kroner;SP;Spot;2;false;2;Hundre;C;ECB concertation tidspunkt 14:15 CET;2020-12-03;143,84
B;Virkedag;DKK;Danske kroner;NOK;Norske kroner;SP;Spot;2;false;2;Hundre;C;ECB concertation tidspunkt 14:15 CET;2020-12-04;143,22
B;Virkedag;DKK;Danske kroner;NOK;Norske kroner;SP;Spot;2;false;2;Hundre;C;ECB concertation tidspunkt 14:15 CET;2020-12-07;142,85
B;Virkedag;DKK;Danske kroner;NOK;Norske kroner;SP;Spot;2;false;2;Hundre;C;ECB concertation tidspunkt 14:15 CET;2020-12-08;142,78
B;Virkedag;DKK;Danske kroner;NOK;Norske kroner;SP;Spot;2;false;2;Hundre;C;ECB concertation tidspunkt 14:15 CET;2020-12-09;142,1
B;Virkedag;DKK;Danske kroner;NOK;Norske kroner;SP;Spot;2;false;2;Hundre;C;ECB concertation tidspunkt 14:15 CET;2020-12-10;143,77
B;Virkedag;DKK;Danske kroner;NOK;Norske kroner;SP;Spot;2;false;2;Hundre;C;ECB concertation tidspunkt 14:15 CET;2020-12-11;143,72
B;Virkedag;DKK;Danske kroner;NOK;Norske kroner;SP;Spot;2;false;2;Hundre;C;ECB concertation tidspunkt 14:15 CET;2020-12-14;142,21
B;Virkedag;DKK;Danske kroner;NOK;Norske kroner;SP;Spot;2;false;2;Hundre;C;ECB concertation tidspunkt 14:15 CET;2020-12-15;142,61
B;Virkedag;DKK;Danske kroner;NOK;Norske kroner;SP;Spot;2;false;2;Hundre;C;ECB concertation tidspunkt 14:15 CET;2020-12-16;142,16
B;Virkedag;DKK;Danske kroner;NOK;Norske kroner;SP;Spot;2;false;2;Hundre;C;ECB concertation tidspunkt 14:15 CET;2020-12-17;141,15
B;Virkedag;DKK;Danske kroner;NOK;Norske kroner;SP;Spot;2;false;2;Hundre;C;ECB concertation tidspunkt 14:15 CET;2020-12-18;141,36
B;Virkedag;DKK;Danske kroner;NOK;Norske kroner;SP;Spot;2;false;2;Hundre;C;ECB concertation tidspunkt 14:15 CET;2020-12-21;143,17
B;Virkedag;DKK;Danske kroner;NOK;Norske kroner;SP;Spot;2;false;2;Hundre;C;ECB concertation tidspunkt 14:15 CET;2020-12-22;142,39
B;Virkedag;DKK;Danske kroner;NOK;Norske kroner;SP;Spot;2;false;2;Hundre;C;ECB concertation tidspunkt 14:15 CET;2020-12-23;142,83
B;Virkedag;DKK;Danske kroner;NOK;Norske kroner;SP;Spot;2;false;2;Hundre;C;ECB concertation tidspunkt 14:15 CET;2020-12-28;142,16
B;Virkedag;DKK;Danske kroner;NOK;Norske kroner;SP;Spot;2;false;2;Hundre;C;ECB concertation tidspunkt 14:15 CET;2020-12-29;141,84
B;Virkedag;DKK;Danske kroner;NOK;Norske kroner;SP;Spot;2;false;2;Hundre;C;ECB concertation tidspunkt 14:15 CET;2020-12-30;141,77
B;Virkedag;DKK;Danske kroner;NOK;Norske kroner;SP;Spot;2;false;2;Hundre;C;ECB concertation tidspunkt 14:15 CET;2020-12-31;140,71
B;Virkedag;DKK;Danske kroner;NOK;Norske kroner;SP;Spot;2;false;2;Hundre;C;ECB concertation tidspunkt 14:15 CET;2021-01-04;140,42
B;Virkedag;DKK;Danske kroner;NOK;Norske kroner;SP;Spot;2;false;2;Hundre;C;ECB concertation tidspunkt 14:15 CET;2021-01-05;140,77
B;Virkedag;DKK;Danske kroner;NOK;Norske kroner;SP;Spot;2;false;2;Hundre;C;ECB concertation tidspunkt 14:15 CET;2021-01-06;139,54
B;Virkedag;DKK;Danske kroner;NOK;Norske kroner;SP;Spot;2;false;2;Hundre;C;ECB concertation tidspunkt 14:15 CET;2021-01-07;139,04
B;Virkedag;DKK;Danske kroner;NOK;Norske kroner;SP;Spot;2;false;2;Hundre;C;ECB concertation tidspunkt 14:15 CET;2021-01-08;138,31
B;Virkedag;DKK;Danske kroner;NOK;Norske kroner;SP;Spot;2;false;2;Hundre;C;ECB concertation tidspunkt 14:15 CET;2021-01-11;139,41
B;Virkedag;DKK;Danske kroner;NOK;Norske kroner;SP;Spot;2;false;2;Hundre;C;ECB concertation tidspunkt 14:15 CET;2021-01-12;139,5
B;Virkedag;DKK;Danske kroner;NOK;Norske kroner;SP;Spot;2;false;2;Hundre;C;ECB concertation tidspunkt 14:15 CET;2021-01-13;138,98
B;Virkedag;DKK;Danske kroner;NOK;Norske kroner;SP;Spot;2;false;2;Hundre;C;ECB concertation tidspunkt 14:15 CET;2021-01-14;138,6
B;Virkedag;DKK;Danske kroner;NOK;Norske kroner;SP;Spot;2;false;2;Hundre;C;ECB concertation tidspunkt 14:15 CET;2021-01-15;138,64
B;Virkedag;DKK;Danske kroner;NOK;Norske kroner;SP;Spot;2;false;2;Hundre;C;ECB concertation tidspunkt 14:15 CET;2021-01-18;139,61
B;Virkedag;DKK;Danske kroner;NOK;Norske kroner;SP;Spot;2;false;2;Hundre;C;ECB concertation tidspunkt 14:15 CET;2021-01-19;139,02
B;Virkedag;DKK;Danske kroner;NOK;Norske kroner;SP;Spot;2;false;2;Hundre;C;ECB concertation tidspunkt 14:15 CET;2021-01-20;138,78
B;Virkedag;DKK;Danske kroner;NOK;Norske kroner;SP;Spot;2;false;2;Hundre;C;ECB concertation tidspunkt 14:15 CET;2021-01-21;137,8
B;Virkedag;DKK;Danske kroner;NOK;Norske kroner;SP;Spot;2;false;2;Hundre;C;ECB concertation tidspunkt 14:15 CET;2021-01-22;138,85
B;Virkedag;DKK;Danske kroner;NOK;Norske kroner;SP;Spot;2;false;2;Hundre;C;ECB concertation tidspunkt 14:15 CET;2021-01-25;139,07
B;Virkedag;DKK;Danske kroner;NOK;Norske kroner;SP;Spot;2;false;2;Hundre;C;ECB concertation tidspunkt 14:15 CET;2021-01-26;139,63
B;Virkedag;DKK;Danske kroner;NOK;Norske kroner;SP;Spot;2;false;2;Hundre;C;ECB concertation tidspunkt 14:15 CET;2021-01-27;140,57
B;Virkedag;DKK;Danske kroner;NOK;Norske kroner;SP;Spot;2;false;2;Hundre;C;ECB concertation tidspunkt 14:15 CET;2021-01-28;141,47
B;Virkedag;DKK;Danske kroner;NOK;Norske kroner;SP;Spot;2;false;2;Hundre;C;ECB concertation tidspunkt 14:15 CET;2021-01-29;139,07
B;Virkedag;DKK;Danske kroner;NOK;Norske kroner;SP;Spot;2;false;2;Hundre;C;ECB concertation tidspunkt 14:15 CET;2021-02-01;139,69
B;Virkedag;DKK;Danske kroner;NOK;Norske kroner;SP;Spot;2;false;2;Hundre;C;ECB concertation tidspunkt 14:15 CET;2021-02-02;139,11
B;Virkedag;DKK;Danske kroner;NOK;Norske kroner;SP;Spot;2;false;2;Hundre;C;ECB concertation tidspunkt 14:15 CET;2021-02-03;139,21
B;Virkedag;DKK;Danske kroner;NOK;Norske kroner;SP;Spot;2;false;2;Hundre;C;ECB concertation tidspunkt 14:15 CET;2021-02-04;139,01
B;Virkedag;DKK;Danske kroner;NOK;Norske kroner;SP;Spot;2;false;2;Hundre;C;ECB concertation tidspunkt 14:15 CET;2021-02-05;138,6
B;Virkedag;DKK;Danske kroner;NOK;Norske kroner;SP;Spot;2;false;2;Hundre;C;ECB concertation tidspunkt 14:15 CET;2021-02-08;138,14
B;Virkedag;DKK;Danske kroner;NOK;Norske kroner;SP;Spot;2;false;2;Hundre;C;ECB concertation tidspunkt 14:15 CET;2021-02-09;137,94
B;Virkedag;DKK;Danske kroner;NOK;Norske kroner;SP;Spot;2;false;2;Hundre;C;ECB concertation tidspunkt 14:15 CET;2021-02-10;137,52
B;Virkedag;DKK;Danske kroner;NOK;Norske kroner;SP;Spot;2;false;2;Hundre;C;ECB concertation tidspunkt 14:15 CET;2021-02-11;137,93
B;Virkedag;DKK;Danske kroner;NOK;Norske kroner;SP;Spot;2;false;2;Hundre;C;ECB concertation tidspunkt 14:15 CET;2021-02-12;138,31
B;Virkedag;DKK;Danske kroner;NOK;Norske kroner;SP;Spot;2;false;2;Hundre;C;ECB concertation tidspunkt 14:15 CET;2021-02-15;137,11
B;Virkedag;DKK;Danske kroner;NOK;Norske kroner;SP;Spot;2;false;2;Hundre;C;ECB concertation tidspunkt 14:15 CET;2021-02-16;137,07
B;Virkedag;DKK;Danske kroner;NOK;Norske kroner;SP;Spot;2;false;2;Hundre;C;ECB concertation tidspunkt 14:15 CET;2021-02-17;137,31
B;Virkedag;DKK;Danske kroner;NOK;Norske kroner;SP;Spot;2;false;2;Hundre;C;ECB concertation tidspunkt 14:15 CET;2021-02-18;137,41
B;Virkedag;DKK;Danske kroner;NOK;Norske kroner;SP;Spot;2;false;2;Hundre;C;ECB concertation tidspunkt 14:15 CET;2021-02-19;137,28
B;Virkedag;DKK;Danske kroner;NOK;Norske kroner;SP;Spot;2;false;2;Hundre;C;ECB concertation tidspunkt 14:15 CET;2021-02-22;138,75
B;Virkedag;DKK;Danske kroner;NOK;Norske kroner;SP;Spot;2;false;2;Hundre;C;ECB concertation tidspunkt 14:15 CET;2021-02-23;138,76
B;Virkedag;DKK;Danske kroner;NOK;Norske kroner;SP;Spot;2;false;2;Hundre;C;ECB concertation tidspunkt 14:15 CET;2021-02-24;137,81
B;Virkedag;DKK;Danske kroner;NOK;Norske kroner;SP;Spot;2;false;2;Hundre;C;ECB concertation tidspunkt 14:15 CET;2021-02-25;137,53
B;Virkedag;DKK;Danske kroner;NOK;Norske kroner;SP;Spot;2;false;2;Hundre;C;ECB concertation tidspunkt 14:15 CET;2021-02-26;139,87
B;Virkedag;DKK;Danske kroner;NOK;Norske kroner;SP;Spot;2;false;2;Hundre;C;ECB concertation tidspunkt 14:15 CET;2021-03-01;139,32
B;Virkedag;DKK;Danske kroner;NOK;Norske kroner;SP;Spot;2;false;2;Hundre;C;ECB concertation tidspunkt 14:15 CET;2021-03-02;137,92
B;Virkedag;DKK;Danske kroner;NOK;Norske kroner;SP;Spot;2;false;2;Hundre;C;ECB concertation tidspunkt 14:15 CET;2021-03-03;137,77
B;Virkedag;DKK;Danske kroner;NOK;Norske kroner;SP;Spot;2;false;2;Hundre;C;ECB concertation tidspunkt 14:15 CET;2021-03-04;137,97
B;Virkedag;DKK;Danske kroner;NOK;Norske kroner;SP;Spot;2;false;2;Hundre;C;ECB concertation tidspunkt 14:15 CET;2021-03-05;137,31
B;Virkedag;DKK;Danske kroner;NOK;Norske kroner;SP;Spot;2;false;2;Hundre;C;ECB concertation tidspunkt 14:15 CET;2021-03-08;136,88
B;Virkedag;DKK;Danske kroner;NOK;Norske kroner;SP;Spot;2;false;2;Hundre;C;ECB concertation tidspunkt 14:15 CET;2021-03-09;135,6
B;Virkedag;DKK;Danske kroner;NOK;Norske kroner;SP;Spot;2;false;2;Hundre;C;ECB concertation tidspunkt 14:15 CET;2021-03-10;135,56
B;Virkedag;DKK;Danske kroner;NOK;Norske kroner;SP;Spot;2;false;2;Hundre;C;ECB concertation tidspunkt 14:15 CET;2021-03-11;135,69
B;Virkedag;DKK;Danske kroner;NOK;Norske kroner;SP;Spot;2;false;2;Hundre;C;ECB concertation tidspunkt 14:15 CET;2021-03-12;135,63
B;Virkedag;DKK;Danske kroner;NOK;Norske kroner;SP;Spot;2;false;2;Hundre;C;ECB concertation tidspunkt 14:15 CET;2021-03-15;135,81
B;Virkedag;DKK;Danske kroner;NOK;Norske kroner;SP;Spot;2;false;2;Hundre;C;ECB concertation tidspunkt 14:15 CET;2021-03-16;135,86
B;Virkedag;DKK;Danske kroner;NOK;Norske kroner;SP;Spot;2;false;2;Hundre;C;ECB concertation tidspunkt 14:15 CET;2021-03-17;136,11
B;Virkedag;DKK;Danske kroner;NOK;Norske kroner;SP;Spot;2;false;2;Hundre;C;ECB concertation tidspunkt 14:15 CET;2021-03-18;135,9
B;Virkedag;DKK;Danske kroner;NOK;Norske kroner;SP;Spot;2;false;2;Hundre;C;ECB concertation tidspunkt 14:15 CET;2021-03-19;137,19
B;Virkedag;DKK;Danske kroner;NOK;Norske kroner;SP;Spot;2;false;2;Hundre;C;ECB concertation tidspunkt 14:15 CET;2021-03-22;136,35
B;Virkedag;DKK;Danske kroner;NOK;Norske kroner;SP;Spot;2;false;2;Hundre;C;ECB concertation tidspunkt 14:15 CET;2021-03-23;136,88
B;Virkedag;DKK;Danske kroner;NOK;Norske kroner;SP;Spot;2;false;2;Hundre;C;ECB concertation tidspunkt 14:15 CET;2021-03-24;136,58
B;Virkedag;DKK;Danske kroner;NOK;Norske kroner;SP;Spot;2;false;2;Hundre;C;ECB concertation tidspunkt 14:15 CET;2021-03-25;136,7
B;Virkedag;DKK;Danske kroner;NOK;Norske kroner;SP;Spot;2;false;2;Hundre;C;ECB concertation tidspunkt 14:15 CET;2021-03-26;136,17
B;Virkedag;DKK;Danske kroner;NOK;Norske kroner;SP;Spot;2;false;2;Hundre;C;ECB concertation tidspunkt 14:15 CET;2021-03-29;135,47
B;Virkedag;DKK;Danske kroner;NOK;Norske kroner;SP;Spot;2;false;2;Hundre;C;ECB concertation tidspunkt 14:15 CET;2021-03-30;135,29
B;Virkedag;DKK;Danske kroner;NOK;Norske kroner;SP;Spot;2;false;2;Hundre;C;ECB concertation tidspunkt 14:15 CET;2021-03-31;134,4
B;Virkedag;DKK;Danske kroner;NOK;Norske kroner;SP;Spot;2;false;2;Hundre;C;ECB concertation tidspunkt 14:15 CET;2021-04-06;135,48
B;Virkedag;DKK;Danske kroner;NOK;Norske kroner;SP;Spot;2;false;2;Hundre;C;ECB concertation tidspunkt 14:15 CET;2021-04-07;135,19
B;Virkedag;DKK;Danske kroner;NOK;Norske kroner;SP;Spot;2;false;2;Hundre;C;ECB concertation tidspunkt 14:15 CET;2021-04-08;135,5
B;Virkedag;DKK;Danske kroner;NOK;Norske kroner;SP;Spot;2;false;2;Hundre;C;ECB concertation tidspunkt 14:15 CET;2021-04-09;135,98
B;Virkedag;DKK;Danske kroner;NOK;Norske kroner;SP;Spot;2;false;2;Hundre;C;ECB concertation tidspunkt 14:15 CET;2021-04-12;135,73
B;Virkedag;DKK;Danske kroner;NOK;Norske kroner;SP;Spot;2;false;2;Hundre;C;ECB concertation tidspunkt 14:15 CET;2021-04-13;136,71
B;Virkedag;DKK;Danske kroner;NOK;Norske kroner;SP;Spot;2;false;2;Hundre;C;ECB concertation tidspunkt 14:15 CET;2021-04-14;135,46
B;Virkedag;DKK;Danske kroner;NOK;Norske kroner;SP;Spot;2;false;2;Hundre;C;ECB concertation tidspunkt 14:15 CET;2021-04-15;135,04
B;Virkedag;DKK;Danske kroner;NOK;Norske kroner;SP;Spot;2;false;2;Hundre;C;ECB concertation tidspunkt 14:15 CET;2021-04-16;134,71
B;Virkedag;DKK;Danske kroner;NOK;Norske kroner;SP;Spot;2;false;2;Hundre;C;ECB concertation tidspunkt 14:15 CET;2021-04-19;134,11
B;Virkedag;DKK;Danske kroner;NOK;Norske kroner;SP;Spot;2;false;2;Hundre;C;ECB concertation tidspunkt 14:15 CET;2021-04-20;134,42
B;Virkedag;DKK;Danske kroner;NOK;Norske kroner;SP;Spot;2;false;2;Hundre;C;ECB concertation tidspunkt 14:15 CET;2021-04-21;135,04
B;Virkedag;DKK;Danske kroner;NOK;Norske kroner;SP;Spot;2;false;2;Hundre;C;ECB concertation tidspunkt 14:15 CET;2021-04-22;135,11
B;Virkedag;DKK;Danske kroner;NOK;Norske kroner;SP;Spot;2;false;2;Hundre;C;ECB concertation tidspunkt 14:15 CET;2021-04-23;135,06
B;Virkedag;DKK;Danske kroner;NOK;Norske kroner;SP;Spot;2;false;2;Hundre;C;ECB concertation tidspunkt 14:15 CET;2021-04-26;134,96
B;Virkedag;DKK;Danske kroner;NOK;Norske kroner;SP;Spot;2;false;2;Hundre;C;ECB concertation tidspunkt 14:15 CET;2021-04-27;134,58
B;Virkedag;DKK;Danske kroner;NOK;Norske kroner;SP;Spot;2;false;2;Hundre;C;ECB concertation tidspunkt 14:15 CET;2021-04-28;134,21
B;Virkedag;DKK;Danske kroner;NOK;Norske kroner;SP;Spot;2;false;2;Hundre;C;ECB concertation tidspunkt 14:15 CET;2021-04-29;133,33
B;Virkedag;DKK;Danske kroner;NOK;Norske kroner;SP;Spot;2;false;2;Hundre;C;ECB concertation tidspunkt 14:15 CET;2021-04-30;133,85
B;Virkedag;DKK;Danske kroner;NOK;Norske kroner;SP;Spot;2;false;2;Hundre;C;ECB concertation tidspunkt 14:15 CET;2021-05-03;134,69
B;Virkedag;DKK;Danske kroner;NOK;Norske kroner;SP;Spot;2;false;2;Hundre;C;ECB concertation tidspunkt 14:15 CET;2021-05-04;134,64
B;Virkedag;DKK;Danske kroner;NOK;Norske kroner;SP;Spot;2;false;2;Hundre;C;ECB concertation tidspunkt 14:15 CET;2021-05-05;134,28
B;Virkedag;DKK;Danske kroner;NOK;Norske kroner;SP;Spot;2;false;2;Hundre;C;ECB concertation tidspunkt 14:15 CET;2021-05-06;135,23
B;Virkedag;DKK;Danske kroner;NOK;Norske kroner;SP;Spot;2;false;2;Hundre;C;ECB concertation tidspunkt 14:15 CET;2021-05-07;134,65
B;Virkedag;DKK;Danske kroner;NOK;Norske kroner;SP;Spot;2;false;2;Hundre;C;ECB concertation tidspunkt 14:15 CET;2021-05-10;134,49
B;Virkedag;DKK;Danske kroner;NOK;Norske kroner;SP;Spot;2;false;2;Hundre;C;ECB concertation tidspunkt 14:15 CET;2021-05-11;134,91
B;Virkedag;DKK;Danske kroner;NOK;Norske kroner;SP;Spot;2;false;2;Hundre;C;ECB concertation tidspunkt 14:15 CET;2021-05-12;134,83
B;Virkedag;DKK;Danske kroner;NOK;Norske kroner;SP;Spot;2;false;2;Hundre;C;ECB concertation tidspunkt 14:15 CET;2021-05-14;134,58
B;Virkedag;DKK;Danske kroner;NOK;Norske kroner;SP;Spot;2;false;2;Hundre;C;ECB concertation tidspunkt 14:15 CET;2021-05-18;134,64
B;Virkedag;DKK;Danske kroner;NOK;Norske kroner;SP;Spot;2;false;2;Hundre;C;ECB concertation tidspunkt 14:15 CET;2021-05-19;135,9
B;Virkedag;DKK;Danske kroner;NOK;Norske kroner;SP;Spot;2;false;2;Hundre;C;ECB concertation tidspunkt 14:15 CET;2021-05-20;136,86
B;Virkedag;DKK;Danske kroner;NOK;Norske kroner;SP;Spot;2;false;2;Hundre;C;ECB concertation tidspunkt 14:15 CET;2021-05-21;136,39
B;Virkedag;DKK;Danske kroner;NOK;Norske kroner;SP;Spot;2;false;2;Hundre;C;ECB concertation tidspunkt 14:15 CET;2021-05-25;137,12
B;Virkedag;DKK;Danske kroner;NOK;Norske kroner;SP;Spot;2;false;2;Hundre;C;ECB concertation tidspunkt 14:15 CET;2021-05-26;136,87
B;Virkedag;DKK;Danske kroner;NOK;Norske kroner;SP;Spot;2;false;2;Hundre;C;ECB concertation tidspunkt 14:15 CET;2021-05-27;137,1
B;Virkedag;DKK;Danske kroner;NOK;Norske kroner;SP;Spot;2;false;2;Hundre;C;ECB concertation tidspunkt 14:15 CET;2021-05-28;136,88
B;Virkedag;DKK;Danske kroner;NOK;Norske kroner;SP;Spot;2;false;2;Hundre;C;ECB concertation tidspunkt 14:15 CET;2021-05-31;137,41
B;Virkedag;DKK;Danske kroner;NOK;Norske kroner;SP;Spot;2;false;2;Hundre;C;ECB concertation tidspunkt 14:15 CET;2021-06-01;135,97
B;Virkedag;DKK;Danske kroner;NOK;Norske kroner;SP;Spot;2;false;2;Hundre;C;ECB concertation tidspunkt 14:15 CET;2021-06-02;136,35
B;Virkedag;DKK;Danske kroner;NOK;Norske kroner;SP;Spot;2;false;2;Hundre;C;ECB concertation tidspunkt 14:15 CET;2021-06-03;136,49
B;Virkedag;DKK;Danske kroner;NOK;Norske kroner;SP;Spot;2;false;2;Hundre;C;ECB concertation tidspunkt 14:15 CET;2021-06-04;136,56
B;Virkedag;DKK;Danske kroner;NOK;Norske kroner;SP;Spot;2;false;2;Hundre;C;ECB concertation tidspunkt 14:15 CET;2021-06-07;135,11
B;Virkedag;DKK;Danske kroner;NOK;Norske kroner;SP;Spot;2;false;2;Hundre;C;ECB concertation tidspunkt 14:15 CET;2021-06-08;135,12
B;Virkedag;DKK;Danske kroner;NOK;Norske kroner;SP;Spot;2;false;2;Hundre;C;ECB concertation tidspunkt 14:15 CET;2021-06-09;135,17
B;Virkedag;DKK;Danske kroner;NOK;Norske kroner;SP;Spot;2;false;2;Hundre;C;ECB concertation tidspunkt 14:15 CET;2021-06-10;135,98
B;Virkedag;DKK;Danske kroner;NOK;Norske kroner;SP;Spot;2;false;2;Hundre;C;ECB concertation tidspunkt 14:15 CET;2021-06-11;135,59
B;Virkedag;DKK;Danske kroner;NOK;Norske kroner;SP;Spot;2;false;2;Hundre;C;ECB concertation tidspunkt 14:15 CET;2021-06-14;135,59
B;Virkedag;DKK;Danske kroner;NOK;Norske kroner;SP;Spot;2;false;2;Hundre;C;ECB concertation tidspunkt 14:15 CET;2021-06-15;135,58
B;Virkedag;DKK;Danske kroner;NOK;Norske kroner;SP;Spot;2;false;2;Hundre;C;ECB concertation tidspunkt 14:15 CET;2021-06-16;136,09
B;Virkedag;DKK;Danske kroner;NOK;Norske kroner;SP;Spot;2;false;2;Hundre;C;ECB concertation tidspunkt 14:15 CET;2021-06-17;137,12
B;Virkedag;DKK;Danske kroner;NOK;Norske kroner;SP;Spot;2;false;2;Hundre;C;ECB concertation tidspunkt 14:15 CET;2021-06-18;138,33
B;Virkedag;DKK;Danske kroner;NOK;Norske kroner;SP;Spot;2;false;2;Hundre;C;ECB concertation tidspunkt 14:15 CET;2021-06-21;138,07
B;Virkedag;DKK;Danske kroner;NOK;Norske kroner;SP;Spot;2;false;2;Hundre;C;ECB concertation tidspunkt 14:15 CET;2021-06-22;137,44
B;Virkedag;DKK;Danske kroner;NOK;Norske kroner;SP;Spot;2;false;2;Hundre;C;ECB concertation tidspunkt 14:15 CET;2021-06-23;136,8
B;Virkedag;DKK;Danske kroner;NOK;Norske kroner;SP;Spot;2;false;2;Hundre;C;ECB concertation tidspunkt 14:15 CET;2021-06-24;136,82
B;Virkedag;DKK;Danske kroner;NOK;Norske kroner;SP;Spot;2;false;2;Hundre;C;ECB concertation tidspunkt 14:15 CET;2021-06-25;136,3
B;Virkedag;DKK;Danske kroner;NOK;Norske kroner;SP;Spot;2;false;2;Hundre;C;ECB concertation tidspunkt 14:15 CET;2021-06-28;136,84
B;Virkedag;DKK;Danske kroner;NOK;Norske kroner;SP;Spot;2;false;2;Hundre;C;ECB concertation tidspunkt 14:15 CET;2021-06-29;137,02
B;Virkedag;DKK;Danske kroner;NOK;Norske kroner;SP;Spot;2;false;2;Hundre;C;ECB concertation tidspunkt 14:15 CET;2021-06-30;136,79
B;Virkedag;DKK;Danske kroner;NOK;Norske kroner;SP;Spot;2;false;2;Hundre;C;ECB concertation tidspunkt 14:15 CET;2021-07-01;137,31
B;Virkedag;DKK;Danske kroner;NOK;Norske kroner;SP;Spot;2;false;2;Hundre;C;ECB concertation tidspunkt 14:15 CET;2021-07-02;137,67
B;Virkedag;DKK;Danske kroner;NOK;Norske kroner;SP;Spot;2;false;2;Hundre;C;ECB concertation tidspunkt 14:15 CET;2021-07-05;136,87
B;Virkedag;DKK;Danske kroner;NOK;Norske kroner;SP;Spot;2;false;2;Hundre;C;ECB concertation tidspunkt 14:15 CET;2021-07-06;137,37
B;Virkedag;DKK;Danske kroner;NOK;Norske kroner;SP;Spot;2;false;2;Hundre;C;ECB concertation tidspunkt 14:15 CET;2021-07-07;137,81
B;Virkedag;DKK;Danske kroner;NOK;Norske kroner;SP;Spot;2;false;2;Hundre;C;ECB concertation tidspunkt 14:15 CET;2021-07-08;140,03
B;Virkedag;DKK;Danske kroner;NOK;Norske kroner;SP;Spot;2;false;2;Hundre;C;ECB concertation tidspunkt 14:15 CET;2021-07-09;138,98
B;Virkedag;DKK;Danske kroner;NOK;Norske kroner;SP;Spot;2;false;2;Hundre;C;ECB concertation tidspunkt 14:15 CET;2021-07-12;138,86
B;Virkedag;DKK;Danske kroner;NOK;Norske kroner;SP;Spot;2;false;2;Hundre;C;ECB concertation tidspunkt 14:15 CET;2021-07-13;138,59
B;Virkedag;DKK;Danske kroner;NOK;Norske kroner;SP;Spot;2;false;2;Hundre;C;ECB concertation tidspunkt 14:15 CET;2021-07-14;138,92
B;Virkedag;DKK;Danske kroner;NOK;Norske kroner;SP;Spot;2;false;2;Hundre;C;ECB concertation tidspunkt 14:15 CET;2021-07-15;139,57
B;Virkedag;DKK;Danske kroner;NOK;Norske kroner;SP;Spot;2;false;2;Hundre;C;ECB concertation tidspunkt 14:15 CET;2021-07-16;139,66
B;Virkedag;DKK;Danske kroner;NOK;Norske kroner;SP;Spot;2;false;2;Hundre;C;ECB concertation tidspunkt 14:15 CET;2021-07-19;141,68
B;Virkedag;DKK;Danske kroner;NOK;Norske kroner;SP;Spot;2;false;2;Hundre;C;ECB concertation tidspunkt 14:15 CET;2021-07-20;142,74
B;Virkedag;DKK;Danske kroner;NOK;Norske kroner;SP;Spot;2;false;2;Hundre;C;ECB concertation tidspunkt 14:15 CET;2021-07-21;142,24
B;Virkedag;DKK;Danske kroner;NOK;Norske kroner;SP;Spot;2;false;2;Hundre;C;ECB concertation tidspunkt 14:15 CET;2021-07-22;139,54
B;Virkedag;DKK;Danske kroner;NOK;Norske kroner;SP;Spot;2;false;2;Hundre;C;ECB concertation tidspunkt 14:15 CET;2021-07-23;139,91
B;Virkedag;DKK;Danske kroner;NOK;Norske kroner;SP;Spot;2;false;2;Hundre;C;ECB concertation tidspunkt 14:15 CET;2021-07-26;140,2
B;Virkedag;DKK;Danske kroner;NOK;Norske kroner;SP;Spot;2;false;2;Hundre;C;ECB concertation tidspunkt 14:15 CET;2021-07-27;140,41
B;Virkedag;DKK;Danske kroner;NOK;Norske kroner;SP;Spot;2;false;2;Hundre;C;ECB concertation tidspunkt 14:15 CET;2021-07-28;140,95
B;Virkedag;DKK;Danske kroner;NOK;Norske kroner;SP;Spot;2;false;2;Hundre;C;ECB concertation tidspunkt 14:15 CET;2021-07-29;139,82
B;Virkedag;DKK;Danske kroner;NOK;Norske kroner;SP;Spot;2;false;2;Hundre;C;ECB concertation tidspunkt 14:15 CET;2021-07-30;140,37
B;Virkedag;DKK;Danske kroner;NOK;Norske kroner;SP;Spot;2;false;2;Hundre;C;ECB concertation tidspunkt 14:15 CET;2021-08-02;140,51
B;Virkedag;DKK;Danske kroner;NOK;Norske kroner;SP;Spot;2;false;2;Hundre;C;ECB concertation tidspunkt 14:15 CET;2021-08-03;140,29
B;Virkedag;DKK;Danske kroner;NOK;Norske kroner;SP;Spot;2;false;2;Hundre;C;ECB concertation tidspunkt 14:15 CET;2021-08-04;140,59
B;Virkedag;DKK;Danske kroner;NOK;Norske kroner;SP;Spot;2;false;2;Hundre;C;ECB concertation tidspunkt 14:15 CET;2021-08-05;140,4
B;Virkedag;DKK;Danske kroner;NOK;Norske kroner;SP;Spot;2;false;2;Hundre;C;ECB concertation tidspunkt 14:15 CET;2021-08-06;140,15
B;Virkedag;DKK;Danske kroner;NOK;Norske kroner;SP;Spot;2;false;2;Hundre;C;ECB concertation tidspunkt 14:15 CET;2021-08-09;141,03
B;Virkedag;DKK;Danske kroner;NOK;Norske kroner;SP;Spot;2;false;2;Hundre;C;ECB concertation tidspunkt 14:15 CET;2021-08-10;140,75
B;Virkedag;DKK;Danske kroner;NOK;Norske kroner;SP;Spot;2;false;2;Hundre;C;ECB concertation tidspunkt 14:15 CET;2021-08-11;140,57
B;Virkedag;DKK;Danske kroner;NOK;Norske kroner;SP;Spot;2;false;2;Hundre;C;ECB concertation tidspunkt 14:15 CET;2021-08-12;139,51
B;Virkedag;DKK;Danske kroner;NOK;Norske kroner;SP;Spot;2;false;2;Hundre;C;ECB concertation tidspunkt 14:15 CET;2021-08-13;139,51
B;Virkedag;DKK;Danske kroner;NOK;Norske kroner;SP;Spot;2;false;2;Hundre;C;ECB concertation tidspunkt 14:15 CET;2021-08-16;139,91
B;Virkedag;DKK;Danske kroner;NOK;Norske kroner;SP;Spot;2;false;2;Hundre;C;ECB concertation tidspunkt 14:15 CET;2021-08-17;139,83
B;Virkedag;DKK;Danske kroner;NOK;Norske kroner;SP;Spot;2;false;2;Hundre;C;ECB concertation tidspunkt 14:15 CET;2021-08-18;140,14
B;Virkedag;DKK;Danske kroner;NOK;Norske kroner;SP;Spot;2;false;2;Hundre;C;ECB concertation tidspunkt 14:15 CET;2021-08-19;141,79
B;Virkedag;DKK;Danske kroner;NOK;Norske kroner;SP;Spot;2;false;2;Hundre;C;ECB concertation tidspunkt 14:15 CET;2021-08-20;142,53
B;Virkedag;DKK;Danske kroner;NOK;Norske kroner;SP;Spot;2;false;2;Hundre;C;ECB concertation tidspunkt 14:15 CET;2021-08-23;141,01
B;Virkedag;DKK;Danske kroner;NOK;Norske kroner;SP;Spot;2;false;2;Hundre;C;ECB concertation tidspunkt 14:15 CET;2021-08-24;139,85
B;Virkedag;DKK;Danske kroner;NOK;Norske kroner;SP;Spot;2;false;2;Hundre;C;ECB concertation tidspunkt 14:15 CET;2021-08-25;139,66
B;Virkedag;DKK;Danske kroner;NOK;Norske kroner;SP;Spot;2;false;2;Hundre;C;ECB concertation tidspunkt 14:15 CET;2021-08-26;139,33
B;Virkedag;DKK;Danske kroner;NOK;Norske kroner;SP;Spot;2;false;2;Hundre;C;ECB concertation tidspunkt 14:15 CET;2021-08-27;139,28
B;Virkedag;DKK;Danske kroner;NOK;Norske kroner;SP;Spot;2;false;2;Hundre;C;ECB concertation tidspunkt 14:15 CET;2021-08-30;137,7
B;Virkedag;DKK;Danske kroner;NOK;Norske kroner;SP;Spot;2;false;2;Hundre;C;ECB concertation tidspunkt 14:15 CET;2021-08-31;137,98
B;Virkedag;DKK;Danske kroner;NOK;Norske kroner;SP;Spot;2;false;2;Hundre;C;ECB concertation tidspunkt 14:15 CET;2021-09-01;138,02
B;Virkedag;DKK;Danske kroner;NOK;Norske kroner;SP;Spot;2;false;2;Hundre;C;ECB concertation tidspunkt 14:15 CET;2021-09-02;138,43
B;Virkedag;DKK;Danske kroner;NOK;Norske kroner;SP;Spot;2;false;2;Hundre;C;ECB concertation tidspunkt 14:15 CET;2021-09-03;138,16
B;Virkedag;DKK;Danske kroner;NOK;Norske kroner;SP;Spot;2;false;2;Hundre;C;ECB concertation tidspunkt 14:15 CET;2021-09-06;138,15
B;Virkedag;DKK;Danske kroner;NOK;Norske kroner;SP;Spot;2;false;2;Hundre;C;ECB concertation tidspunkt 14:15 CET;2021-09-07;138,5
B;Virkedag;DKK;Danske kroner;NOK;Norske kroner;SP;Spot;2;false;2;Hundre;C;ECB concertation tidspunkt 14:15 CET;2021-09-08;138,04
B;Virkedag;DKK;Danske kroner;NOK;Norske kroner;SP;Spot;2;false;2;Hundre;C;ECB concertation tidspunkt 14:15 CET;2021-09-09;138,04
B;Virkedag;DKK;Danske kroner;NOK;Norske kroner;SP;Spot;2;false;2;Hundre;C;ECB concertation tidspunkt 14:15 CET;2021-09-10;137,2
B;Virkedag;DKK;Danske kroner;NOK;Norske kroner;SP;Spot;2;false;2;Hundre;C;ECB concertation tidspunkt 14:15 CET;2021-09-13;137,01
B;Virkedag;DKK;Danske kroner;NOK;Norske kroner;SP;Spot;2;false;2;Hundre;C;ECB concertation tidspunkt 14:15 CET;2021-09-14;136,83
B;Virkedag;DKK;Danske kroner;NOK;Norske kroner;SP;Spot;2;false;2;Hundre;C;ECB concertation tidspunkt 14:15 CET;2021-09-15;136,39
B;Virkedag;DKK;Danske kroner;NOK;Norske kroner;SP;Spot;2;false;2;Hundre;C;ECB concertation tidspunkt 14:15 CET;2021-09-16;136,22
B;Virkedag;DKK;Danske kroner;NOK;Norske kroner;SP;Spot;2;false;2;Hundre;C;ECB concertation tidspunkt 14:15 CET;2021-09-17;136,11
B;Virkedag;DKK;Danske kroner;NOK;Norske kroner;SP;Spot;2;false;2;Hundre;C;ECB concertation tidspunkt 14:15 CET;2021-09-20;137,75
B;Virkedag;DKK;Danske kroner;NOK;Norske kroner;SP;Spot;2;false;2;Hundre;C;ECB concertation tidspunkt 14:15 CET;2021-09-21;136,94
B;Virkedag;DKK;Danske kroner;NOK;Norske kroner;SP;Spot;2;false;2;Hundre;C;ECB concertation tidspunkt 14:15 CET;2021-09-22;136,18
B;Virkedag;DKK;Danske kroner;NOK;Norske kroner;SP;Spot;2;false;2;Hundre;C;ECB concertation tidspunkt 14:15 CET;2021-09-23;135,63
B;Virkedag;DKK;Danske kroner;NOK;Norske kroner;SP;Spot;2;false;2;Hundre;C;ECB concertation tidspunkt 14:15 CET;2021-09-24;135,67
B;Virkedag;DKK;Danske kroner;NOK;Norske kroner;SP;Spot;2;false;2;Hundre;C;ECB concertation tidspunkt 14:15 CET;2021-09-27;135,36
B;Virkedag;DKK;Danske kroner;NOK;Norske kroner;SP;Spot;2;false;2;Hundre;C;ECB concertation tidspunkt 14:15 CET;2021-09-28;135,85
B;Virkedag;DKK;Danske kroner;NOK;Norske kroner;SP;Spot;2;false;2;Hundre;C;ECB concertation tidspunkt 14:15 CET;2021-09-29;136,4
B;Virkedag;DKK;Danske kroner;NOK;Norske kroner;SP;Spot;2;false;2;Hundre;C;ECB concertation tidspunkt 14:15 CET;2021-09-30;136,7
B;Virkedag;DKK;Danske kroner;NOK;Norske kroner;SP;Spot;2;false;2;Hundre;C;ECB concertation tidspunkt 14:15 CET;2021-10-01;134,73
B;Virkedag;DKK;Danske kroner;NOK;Norske kroner;SP;Spot;2;false;2;Hundre;C;ECB concertation tidspunkt 14:15 CET;2021-10-04;134,15
B;Virkedag;DKK;Danske kroner;NOK;Norske kroner;SP;Spot;2;false;2;Hundre;C;ECB concertation tidspunkt 14:15 CET;2021-10-05;133,31
B;Virkedag;DKK;Danske kroner;NOK;Norske kroner;SP;Spot;2;false;2;Hundre;C;ECB concertation tidspunkt 14:15 CET;2021-10-06;133,38
B;Virkedag;DKK;Danske kroner;NOK;Norske kroner;SP;Spot;2;false;2;Hundre;C;ECB concertation tidspunkt 14:15 CET;2021-10-07;133,59
B;Virkedag;DKK;Danske kroner;NOK;Norske kroner;SP;Spot;2;false;2;Hundre;C;ECB concertation tidspunkt 14:15 CET;2021-10-08;132,85
B;Virkedag;DKK;Danske kroner;NOK;Norske kroner;SP;Spot;2;false;2;Hundre;C;ECB concertation tidspunkt 14:15 CET;2021-10-11;132,88
B;Virkedag;DKK;Danske kroner;NOK;Norske kroner;SP;Spot;2;false;2;Hundre;C;ECB concertation tidspunkt 14:15 CET;2021-10-12;132,52
B;Virkedag;DKK;Danske kroner;NOK;Norske kroner;SP;Spot;2;false;2;Hundre;C;ECB concertation tidspunkt 14:15 CET;2021-10-13;132,45
B;Virkedag;DKK;Danske kroner;NOK;Norske kroner;SP;Spot;2;false;2;Hundre;C;ECB concertation tidspunkt 14:15 CET;2021-10-14;131,61
B;Virkedag;DKK;Danske kroner;NOK;Norske kroner;SP;Spot;2;false;2;Hundre;C;ECB concertation tidspunkt 14:15 CET;2021-10-15;131,21
B;Virkedag;DKK;Danske kroner;NOK;Norske kroner;SP;Spot;2;false;2;Hundre;C;ECB concertation tidspunkt 14:15 CET;2021-10-18;131,24
B;Virkedag;DKK;Danske kroner;NOK;Norske kroner;SP;Spot;2;false;2;Hundre;C;ECB concertation tidspunkt 14:15 CET;2021-10-19;130,82
B;Virkedag;DKK;Danske kroner;NOK;Norske kroner;SP;Spot;2;false;2;Hundre;C;ECB concertation tidspunkt 14:15 CET;2021-10-20;130,95
B;Virkedag;DKK;Danske kroner;NOK;Norske kroner;SP;Spot;2;false;2;Hundre;C;ECB concertation tidspunkt 14:15 CET;2021-10-21;130,45
B;Virkedag;DKK;Danske kroner;NOK;Norske kroner;SP;Spot;2;false;2;Hundre;C;ECB concertation tidspunkt 14:15 CET;2021-10-22;130,47
B;Virkedag;DKK;Danske kroner;NOK;Norske kroner;SP;Spot;2;false;2;Hundre;C;ECB concertation tidspunkt 14:15 CET;2021-10-25;130,51
B;Virkedag;DKK;Danske kroner;NOK;Norske kroner;SP;Spot;2;false;2;Hundre;C;ECB concertation tidspunkt 14:15 CET;2021-10-26;130,16
B;Virkedag;DKK;Danske kroner;NOK;Norske kroner;SP;Spot;2;false;2;Hundre;C;ECB concertation tidspunkt 14:15 CET;2021-10-27;130,88
B;Virkedag;DKK;Danske kroner;NOK;Norske kroner;SP;Spot;2;false;2;Hundre;C;ECB concertation tidspunkt 14:15 CET;2021-10-28;131,02
B;Virkedag;DKK;Danske kroner;NOK;Norske kroner;SP;Spot;2;false;2;Hundre;C;ECB concertation tidspunkt 14:15 CET;2021-10-29;131,06
B;Virkedag;DKK;Danske kroner;NOK;Norske kroner;SP;Spot;2;false;2;Hundre;C;ECB concertation tidspunkt 14:15 CET;2021-11-01;130,88
B;Virkedag;DKK;Danske kroner;NOK;Norske kroner;SP;Spot;2;false;2;Hundre;C;ECB concertation tidspunkt 14:15 CET;2021-11-02;131,61
B;Virkedag;DKK;Danske kroner;NOK;Norske kroner;SP;Spot;2;false;2;Hundre;C;ECB concertation tidspunkt 14:15 CET;2021-11-03;132,57
B;Virkedag;DKK;Danske kroner;NOK;Norske kroner;SP;Spot;2;false;2;Hundre;C;ECB concertation tidspunkt 14:15 CET;2021-11-04;132,55
B;Virkedag;DKK;Danske kroner;NOK;Norske kroner;SP;Spot;2;false;2;Hundre;C;ECB concertation tidspunkt 14:15 CET;2021-11-05;132,94
B;Virkedag;DKK;Danske kroner;NOK;Norske kroner;SP;Spot;2;false;2;Hundre;C;ECB concertation tidspunkt 14:15 CET;2021-11-08;132,75
B;Virkedag;DKK;Danske kroner;NOK;Norske kroner;SP;Spot;2;false;2;Hundre;C;ECB concertation tidspunkt 14:15 CET;2021-11-09;132,51
B;Virkedag;DKK;Danske kroner;NOK;Norske kroner;SP;Spot;2;false;2;Hundre;C;ECB concertation tidspunkt 14:15 CET;2021-11-10;132,9
B;Virkedag;DKK;Danske kroner;NOK;Norske kroner;SP;Spot;2;false;2;Hundre;C;ECB concertation tidspunkt 14:15 CET;2021-11-11;134,05
B;Virkedag;DKK;Danske kroner;NOK;Norske kroner;SP;Spot;2;false;2;Hundre;C;ECB concertation tidspunkt 14:15 CET;2021-11-12;133,8
B;Virkedag;DKK;Danske kroner;NOK;Norske kroner;SP;Spot;2;false;2;Hundre;C;ECB concertation tidspunkt 14:15 CET;2021-11-15;133,34
B;Virkedag;DKK;Danske kroner;NOK;Norske kroner;SP;Spot;2;false;2;Hundre;C;ECB concertation tidspunkt 14:15 CET;2021-11-16;132,94
B;Virkedag;DKK;Danske kroner;NOK;Norske kroner;SP;Spot;2;false;2;Hundre;C;ECB concertation tidspunkt 14:15 CET;2021-11-17;132,99
B;Virkedag;DKK;Danske kroner;NOK;Norske kroner;SP;Spot;2;false;2;Hundre;C;ECB concertation tidspunkt 14:15 CET;2021-11-18;133,84
B;Virkedag;DKK;Danske kroner;NOK;Norske kroner;SP;Spot;2;false;2;Hundre;C;ECB concertation tidspunkt 14:15 CET;2021-11-19;135,12
B;Virkedag;DKK;Danske kroner;NOK;Norske kroner;SP;Spot;2;false;2;Hundre;C;ECB concertation tidspunkt 14:15 CET;2021-11-22;135,43
B;Virkedag;DKK;Danske kroner;NOK;Norske kroner;SP;Spot;2;false;2;Hundre;C;ECB concertation tidspunkt 14:15 CET;2021-11-23;135,43
B;Virkedag;DKK;Danske kroner;NOK;Norske kroner;SP;Spot;2;false;2;Hundre;C;ECB concertation tidspunkt 14:15 CET;2021-11-24;134,82
B;Virkedag;DKK;Danske kroner;NOK;Norske kroner;SP;Spot;2;false;2;Hundre;C;ECB concertation tidspunkt 14:15 CET;2021-11-25;135,36
B;Virkedag;DKK;Danske kroner;NOK;Norske kroner;SP;Spot;2;false;2;Hundre;C;ECB concertation tidspunkt 14:15 CET;2021-11-26;136,64
B;Virkedag;DKK;Danske kroner;NOK;Norske kroner;SP;Spot;2;false;2;Hundre;C;ECB concertation tidspunkt 14:15 CET;2021-11-29;137,35
B;Virkedag;DKK;Danske kroner;NOK;Norske kroner;SP;Spot;2;false;2;Hundre;C;ECB concertation tidspunkt 14:15 CET;2021-11-30;138,22
B;Virkedag;DKK;Danske kroner;NOK;Norske kroner;SP;Spot;2;false;2;Hundre;C;ECB concertation tidspunkt 14:15 CET;2021-12-01;137,43
B;Virkedag;DKK;Danske kroner;NOK;Norske kroner;SP;Spot;2;false;2;Hundre;C;ECB concertation tidspunkt 14:15 CET;2021-12-02;138,46
B;Virkedag;DKK;Danske kroner;NOK;Norske kroner;SP;Spot;2;false;2;Hundre;C;ECB concertation tidspunkt 14:15 CET;2021-12-03;138,34
B;Virkedag;DKK;Danske kroner;NOK;Norske kroner;SP;Spot;2;false;2;Hundre;C;ECB concertation tidspunkt 14:15 CET;2021-12-06;138,43
B;Virkedag;DKK;Danske kroner;NOK;Norske kroner;SP;Spot;2;false;2;Hundre;C;ECB concertation tidspunkt 14:15 CET;2021-12-07;137,03
B;Virkedag;DKK;Danske kroner;NOK;Norske kroner;SP;Spot;2;false;2;Hundre;C;ECB concertation tidspunkt 14:15 CET;2021-12-08;135,77
B;Virkedag;DKK;Danske kroner;NOK;Norske kroner;SP;Spot;2;false;2;Hundre;C;ECB concertation tidspunkt 14:15 CET;2021-12-09;136,56
B;Virkedag;DKK;Danske kroner;NOK;Norske kroner;SP;Spot;2;false;2;Hundre;C;ECB concertation tidspunkt 14:15 CET;2021-12-10;136,27
B;Virkedag;DKK;Danske kroner;NOK;Norske kroner;SP;Spot;2;false;2;Hundre;C;ECB concertation tidspunkt 14:15 CET;2021-12-13;136,63
B;Virkedag;DKK;Danske kroner;NOK;Norske kroner;SP;Spot;2;false;2;Hundre;C;ECB concertation tidspunkt 14:15 CET;2021-12-14;137,81
B;Virkedag;DKK;Danske kroner;NOK;Norske kroner;SP;Spot;2;false;2;Hundre;C;ECB concertation tidspunkt 14:15 CET;2021-12-15;137,54
B;Virkedag;DKK;Danske kroner;NOK;Norske kroner;SP;Spot;2;false;2;Hundre;C;ECB concertation tidspunkt 14:15 CET;2021-12-16;136,44
B;Virkedag;DKK;Danske kroner;NOK;Norske kroner;SP;Spot;2;false;2;Hundre;C;ECB concertation tidspunkt 14:15 CET;2021-12-17;136,87
B;Virkedag;DKK;Danske kroner;NOK;Norske kroner;SP;Spot;2;false;2;Hundre;C;ECB concertation tidspunkt 14:15 CET;2021-12-20;137,05
B;Virkedag;DKK;Danske kroner;NOK;Norske kroner;SP;Spot;2;false;2;Hundre;C;ECB concertation tidspunkt 14:15 CET;2021-12-21;136,48
B;Virkedag;DKK;Danske kroner;NOK;Norske kroner;SP;Spot;2;false;2;Hundre;C;ECB concertation tidspunkt 14:15 CET;2021-12-22;135,3
B;Virkedag;DKK;Danske kroner;NOK;Norske kroner;SP;Spot;2;false;2;Hundre;C;ECB concertation tidspunkt 14:15 CET;2021-12-23;134,63
B;Virkedag;DKK;Danske kroner;NOK;Norske kroner;SP;Spot;2;false;2;Hundre;C;ECB concertation tidspunkt 14:15 CET;2021-12-27;135,02
B;Virkedag;DKK;Danske kroner;NOK;Norske kroner;SP;Spot;2;false;2;Hundre;C;ECB concertation tidspunkt 14:15 CET;2021-12-28;134,11
B;Virkedag;DKK;Danske kroner;NOK;Norske kroner;SP;Spot;2;false;2;Hundre;C;ECB concertation tidspunkt 14:15 CET;2021-12-29;134,31
B;Virkedag;DKK;Danske kroner;NOK;Norske kroner;SP;Spot;2;false;2;Hundre;C;ECB concertation tidspunkt 14:15 CET;2021-12-30;134,07
B;Virkedag;DKK;Danske kroner;NOK;Norske kroner;SP;Spot;2;false;2;Hundre;C;ECB concertation tidspunkt 14:15 CET;2021-12-31;134,32
B;Virkedag;DKK;Danske kroner;NOK;Norske kroner;SP;Spot;2;false;2;Hundre;C;ECB concertation tidspunkt 14:15 CET;2022-01-03;134,46
B;Virkedag;DKK;Danske kroner;NOK;Norske kroner;SP;Spot;2;false;2;Hundre;C;ECB concertation tidspunkt 14:15 CET;2022-01-04;134,63
B;Virkedag;DKK;Danske kroner;NOK;Norske kroner;SP;Spot;2;false;2;Hundre;C;ECB concertation tidspunkt 14:15 CET;2022-01-05;134
B;Virkedag;DKK;Danske kroner;NOK;Norske kroner;SP;Spot;2;false;2;Hundre;C;ECB concertation tidspunkt 14:15 CET;2022-01-06;134,89
B;Virkedag;DKK;Danske kroner;NOK;Norske kroner;SP;Spot;2;false;2;Hundre;C;ECB concertation tidspunkt 14:15 CET;2022-01-07;134,83
B;Virkedag;DKK;Danske kroner;NOK;Norske kroner;SP;Spot;2;false;2;Hundre;C;ECB concertation tidspunkt 14:15 CET;2022-01-10;134,78
B;Virkedag;DKK;Danske kroner;NOK;Norske kroner;SP;Spot;2;false;2;Hundre;C;ECB concertation tidspunkt 14:15 CET;2022-01-11;134,62
B;Virkedag;DKK;Danske kroner;NOK;Norske kroner;SP;Spot;2;false;2;Hundre;C;ECB concertation tidspunkt 14:15 CET;2022-01-12;133,4
B;Virkedag;DKK;Danske kroner;NOK;Norske kroner;SP;Spot;2;false;2;Hundre;C;ECB concertation tidspunkt 14:15 CET;2022-01-13;133,5
B;Virkedag;DKK;Danske kroner;NOK;Norske kroner;SP;Spot;2;false;2;Hundre;C;ECB concertation tidspunkt 14:15 CET;2022-01-14;134,2
B;Virkedag;DKK;Danske kroner;NOK;Norske kroner;SP;Spot;2;false;2;Hundre;C;ECB concertation tidspunkt 14:15 CET;2022-01-17;133,87
B;Virkedag;DKK;Danske kroner;NOK;Norske kroner;SP;Spot;2;false;2;Hundre;C;ECB concertation tidspunkt 14:15 CET;2022-01-18;133,88
B;Virkedag;DKK;Danske kroner;NOK;Norske kroner;SP;Spot;2;false;2;Hundre;C;ECB concertation tidspunkt 14:15 CET;2022-01-19;133,53
B;Virkedag;DKK;Danske kroner;NOK;Norske kroner;SP;Spot;2;false;2;Hundre;C;ECB concertation tidspunkt 14:15 CET;2022-01-20;133,8
B;Virkedag;DKK;Danske kroner;NOK;Norske kroner;SP;Spot;2;false;2;Hundre;C;ECB concertation tidspunkt 14:15 CET;2022-01-21;135,06
B;Virkedag;DKK;Danske kroner;NOK;Norske kroner;SP;Spot;2;false;2;Hundre;C;ECB concertation tidspunkt 14:15 CET;2022-01-24;136,55
B;Virkedag;DKK;Danske kroner;NOK;Norske kroner;SP;Spot;2;false;2;Hundre;C;ECB concertation tidspunkt 14:15 CET;2022-01-25;136,2
B;Virkedag;DKK;Danske kroner;NOK;Norske kroner;SP;Spot;2;false;2;Hundre;C;ECB concertation tidspunkt 14:15 CET;2022-01-26;134,53
B;Virkedag;DKK;Danske kroner;NOK;Norske kroner;SP;Spot;2;false;2;Hundre;C;ECB concertation tidspunkt 14:15 CET;2022-01-27;134,23
B;Virkedag;DKK;Danske kroner;NOK;Norske kroner;SP;Spot;2;false;2;Hundre;C;ECB concertation tidspunkt 14:15 CET;2022-01-28;134,7
B;Virkedag;DKK;Danske kroner;NOK;Norske kroner;SP;Spot;2;false;2;Hundre;C;ECB concertation tidspunkt 14:15 CET;2022-01-31;134,49
B;Virkedag;DKK;Danske kroner;NOK;Norske kroner;SP;Spot;2;false;2;Hundre;C;ECB concertation tidspunkt 14:15 CET;2022-02-01;133,91
B;Virkedag;DKK;Danske kroner;NOK;Norske kroner;SP;Spot;2;false;2;Hundre;C;ECB concertation tidspunkt 14:15 CET;2022-02-02;133,4
B;Virkedag;DKK;Danske kroner;NOK;Norske kroner;SP;Spot;2;false;2;Hundre;C;ECB concertation tidspunkt 14:15 CET;2022-02-03;133,82
B;Virkedag;DKK;Danske kroner;NOK;Norske kroner;SP;Spot;2;false;2;Hundre;C;ECB concertation tidspunkt 14:15 CET;2022-02-04;135
B;Virkedag;DKK;Danske kroner;NOK;Norske kroner;SP;Spot;2;false;2;Hundre;C;ECB concertation tidspunkt 14:15 CET;2022-02-07;135,21
B;Virkedag;DKK;Danske kroner;NOK;Norske kroner;SP;Spot;2;false;2;Hundre;C;ECB concertation tidspunkt 14:15 CET;2022-02-08;135,36
B;Virkedag;DKK;Danske kroner;NOK;Norske kroner;SP;Spot;2;false;2;Hundre;C;ECB concertation tidspunkt 14:15 CET;2022-02-09;135,13
B;Virkedag;DKK;Danske kroner;NOK;Norske kroner;SP;Spot;2;false;2;Hundre;C;ECB concertation tidspunkt 14:15 CET;2022-02-10;135,33
B;Virkedag;DKK;Danske kroner;NOK;Norske kroner;SP;Spot;2;false;2;Hundre;C;ECB concertation tidspunkt 14:15 CET;2022-02-11;135,39
B;Virkedag;DKK;Danske kroner;NOK;Norske kroner;SP;Spot;2;false;2;Hundre;C;ECB concertation tidspunkt 14:15 CET;2022-02-14;135,32
B;Virkedag;DKK;Danske kroner;NOK;Norske kroner;SP;Spot;2;false;2;Hundre;C;ECB concertation tidspunkt 14:15 CET;2022-02-15;135,57
B;Virkedag;DKK;Danske kroner;NOK;Norske kroner;SP;Spot;2;false;2;Hundre;C;ECB concertation tidspunkt 14:15 CET;2022-02-16;135,86
B;Virkedag;DKK;Danske kroner;NOK;Norske kroner;SP;Spot;2;false;2;Hundre;C;ECB concertation tidspunkt 14:15 CET;2022-02-17;136,06
B;Virkedag;DKK;Danske kroner;NOK;Norske kroner;SP;Spot;2;false;2;Hundre;C;ECB concertation tidspunkt 14:15 CET;2022-02-18;136,41
B;Virkedag;DKK;Danske kroner;NOK;Norske kroner;SP;Spot;2;false;2;Hundre;C;ECB concertation tidspunkt 14:15 CET;2022-02-21;136,75
B;Virkedag;DKK;Danske kroner;NOK;Norske kroner;SP;Spot;2;false;2;Hundre;C;ECB concertation tidspunkt 14:15 CET;2022-02-22;135,79
B;Virkedag;DKK;Danske kroner;NOK;Norske kroner;SP;Spot;2;false;2;Hundre;C;ECB concertation tidspunkt 14:15 CET;2022-02-23;134,88
B;Virkedag;DKK;Danske kroner;NOK;Norske kroner;SP;Spot;2;false;2;Hundre;C;ECB concertation tidspunkt 14:15 CET;2022-02-24;135,58
B;Virkedag;DKK;Danske kroner;NOK;Norske kroner;SP;Spot;2;false;2;Hundre;C;ECB concertation tidspunkt 14:15 CET;2022-02-25;134,05
B;Virkedag;DKK;Danske kroner;NOK;Norske kroner;SP;Spot;2;false;2;Hundre;C;ECB concertation tidspunkt 14:15 CET;2022-02-28;133,68
B;Virkedag;DKK;Danske kroner;NOK;Norske kroner;SP;Spot;2;false;2;Hundre;C;ECB concertation tidspunkt 14:15 CET;2022-03-01;132,57
B;Virkedag;DKK;Danske kroner;NOK;Norske kroner;SP;Spot;2;false;2;Hundre;C;ECB concertation tidspunkt 14:15 CET;2022-03-02;132,85
B;Virkedag;DKK;Danske kroner;NOK;Norske kroner;SP;Spot;2;false;2;Hundre;C;ECB concertation tidspunkt 14:15 CET;2022-03-03;132,28
B;Virkedag;DKK;Danske kroner;NOK;Norske kroner;SP;Spot;2;false;2;Hundre;C;ECB concertation tidspunkt 14:15 CET;2022-03-04;132,21
B;Virkedag;DKK;Danske kroner;NOK;Norske kroner;SP;Spot;2;false;2;Hundre;C;ECB concertation tidspunkt 14:15 CET;2022-03-07;132,15
B;Virkedag;DKK;Danske kroner;NOK;Norske kroner;SP;Spot;2;false;2;Hundre;C;ECB concertation tidspunkt 14:15 CET;2022-03-08;131,55
B;Virkedag;DKK;Danske kroner;NOK;Norske kroner;SP;Spot;2;false;2;Hundre;C;ECB concertation tidspunkt 14:15 CET;2022-03-09;131,62
B;Virkedag;DKK;Danske kroner;NOK;Norske kroner;SP;Spot;2;false;2;Hundre;C;ECB concertation tidspunkt 14:15 CET;2022-03-10;133,32
B;Virkedag;DKK;Danske kroner;NOK;Norske kroner;SP;Spot;2;false;2;Hundre;C;ECB concertation tidspunkt 14:15 CET;2022-03-11;131,76
B;Virkedag;DKK;Danske kroner;NOK;Norske kroner;SP;Spot;2;false;2;Hundre;C;ECB concertation tidspunkt 14:15 CET;2022-03-14;132,5
B;Virkedag;DKK;Danske kroner;NOK;Norske kroner;SP;Spot;2;false;2;Hundre;C;ECB concertation tidspunkt 14:15 CET;2022-03-15;132,36
B;Virkedag;DKK;Danske kroner;NOK;Norske kroner;SP;Spot;2;false;2;Hundre;C;ECB concertation tidspunkt 14:15 CET;2022-03-16;131,68
B;Virkedag;DKK;Danske kroner;NOK;Norske kroner;SP;Spot;2;false;2;Hundre;C;ECB concertation tidspunkt 14:15 CET;2022-03-17;131,38
B;Virkedag;DKK;Danske kroner;NOK;Norske kroner;SP;Spot;2;false;2;Hundre;C;ECB concertation tidspunkt 14:15 CET;2022-03-18;130,26
B;Virkedag;DKK;Danske kroner;NOK;Norske kroner;SP;Spot;2;false;2;Hundre;C;ECB concertation tidspunkt 14:15 CET;2022-03-21;129,79
B;Virkedag;DKK;Danske kroner;NOK;Norske kroner;SP;Spot;2;false;2;Hundre;C;ECB concertation tidspunkt 14:15 CET;2022-03-22;129,34
B;Virkedag;DKK;Danske kroner;NOK;Norske kroner;SP;Spot;2;false;2;Hundre;C;ECB concertation tidspunkt 14:15 CET;2022-03-23;129,64
B;Virkedag;DKK;Danske kroner;NOK;Norske kroner;SP;Spot;2;false;2;Hundre;C;ECB concertation tidspunkt 14:15 CET;2022-03-24;127,59
B;Virkedag;DKK;Danske kroner;NOK;Norske kroner;SP;Spot;2;false;2;Hundre;C;ECB concertation tidspunkt 14:15 CET;2022-03-25;127,96
B;Virkedag;DKK;Danske kroner;NOK;Norske kroner;SP;Spot;2;false;2;Hundre;C;ECB concertation tidspunkt 14:15 CET;2022-03-28;127,87
B;Virkedag;DKK;Danske kroner;NOK;Norske kroner;SP;Spot;2;false;2;Hundre;C;ECB concertation tidspunkt 14:15 CET;2022-03-29;129,05
B;Virkedag;DKK;Danske kroner;NOK;Norske kroner;SP;Spot;2;false;2;Hundre;C;ECB concertation tidspunkt 14:15 CET;2022-03-30;129,58
B;Virkedag;DKK;Danske kroner;NOK;Norske kroner;SP;Spot;2;false;2;Hundre;C;ECB concertation tidspunkt 14:15 CET;2022-03-31;130,56
B;Virkedag;DKK;Danske kroner;NOK;Norske kroner;SP;Spot;2;false;2;Hundre;C;ECB concertation tidspunkt 14:15 CET;2022-04-01;129,9
B;Virkedag;DKK;Danske kroner;NOK;Norske kroner;SP;Spot;2;false;2;Hundre;C;ECB concertation tidspunkt 14:15 CET;2022-04-04;128,37
B;Virkedag;DKK;Danske kroner;NOK;Norske kroner;SP;Spot;2;false;2;Hundre;C;ECB concertation tidspunkt 14:15 CET;2022-04-05;128,26
B;Virkedag;DKK;Danske kroner;NOK;Norske kroner;SP;Spot;2;false;2;Hundre;C;ECB concertation tidspunkt 14:15 CET;2022-04-06;128,43
B;Virkedag;DKK;Danske kroner;NOK;Norske kroner;SP;Spot;2;false;2;Hundre;C;ECB concertation tidspunkt 14:15 CET;2022-04-07;128,53
B;Virkedag;DKK;Danske kroner;NOK;Norske kroner;SP;Spot;2;false;2;Hundre;C;ECB concertation tidspunkt 14:15 CET;2022-04-08;127,84
B;Virkedag;DKK;Danske kroner;NOK;Norske kroner;SP;Spot;2;false;2;Hundre;C;ECB concertation tidspunkt 14:15 CET;2022-04-11;128,37
B;Virkedag;DKK;Danske kroner;NOK;Norske kroner;SP;Spot;2;false;2;Hundre;C;ECB concertation tidspunkt 14:15 CET;2022-04-12;128,26
B;Virkedag;DKK;Danske kroner;NOK;Norske kroner;SP;Spot;2;false;2;Hundre;C;ECB concertation tidspunkt 14:15 CET;2022-04-13;128,66
B;Virkedag;DKK;Danske kroner;NOK;Norske kroner;SP;Spot;2;false;2;Hundre;C;ECB concertation tidspunkt 14:15 CET;2022-04-19;128,01
B;Virkedag;DKK;Danske kroner;NOK;Norske kroner;SP;Spot;2;false;2;Hundre;C;ECB concertation tidspunkt 14:15 CET;2022-04-20;128,27
B;Virkedag;DKK;Danske kroner;NOK;Norske kroner;SP;Spot;2;false;2;Hundre;C;ECB concertation tidspunkt 14:15 CET;2022-04-21;128,74
B;Virkedag;DKK;Danske kroner;NOK;Norske kroner;SP;Spot;2;false;2;Hundre;C;ECB concertation tidspunkt 14:15 CET;2022-04-22;129,37
B;Virkedag;DKK;Danske kroner;NOK;Norske kroner;SP;Spot;2;false;2;Hundre;C;ECB concertation tidspunkt 14:15 CET;2022-04-25;130,42
B;Virkedag;DKK;Danske kroner;NOK;Norske kroner;SP;Spot;2;false;2;Hundre;C;ECB concertation tidspunkt 14:15 CET;2022-04-26;131,66
B;Virkedag;DKK;Danske kroner;NOK;Norske kroner;SP;Spot;2;false;2;Hundre;C;ECB concertation tidspunkt 14:15 CET;2022-04-27;131,49
B;Virkedag;DKK;Danske kroner;NOK;Norske kroner;SP;Spot;2;false;2;Hundre;C;ECB concertation tidspunkt 14:15 CET;2022-04-28;133,01
B;Virkedag;DKK;Danske kroner;NOK;Norske kroner;SP;Spot;2;false;2;Hundre;C;ECB concertation tidspunkt 14:15 CET;2022-04-29;131,06
B;Virkedag;DKK;Danske kroner;NOK;Norske kroner;SP;Spot;2;false;2;Hundre;C;ECB concertation tidspunkt 14:15 CET;2022-05-02;133,41
B;Virkedag;DKK;Danske kroner;NOK;Norske kroner;SP;Spot;2;false;2;Hundre;C;ECB concertation tidspunkt 14:15 CET;2022-05-03;133,18
B;Virkedag;DKK;Danske kroner;NOK;Norske kroner;SP;Spot;2;false;2;Hundre;C;ECB concertation tidspunkt 14:15 CET;2022-05-04;133,1
B;Virkedag;DKK;Danske kroner;NOK;Norske kroner;SP;Spot;2;false;2;Hundre;C;ECB concertation tidspunkt 14:15 CET;2022-05-05;132,33
B;Virkedag;DKK;Danske kroner;NOK;Norske kroner;SP;Spot;2;false;2;Hundre;C;ECB concertation tidspunkt 14:15 CET;2022-05-06;134,15
B;Virkedag;DKK;Danske kroner;NOK;Norske kroner;SP;Spot;2;false;2;Hundre;C;ECB concertation tidspunkt 14:15 CET;2022-05-09;135,22
B;Virkedag;DKK;Danske kroner;NOK;Norske kroner;SP;Spot;2;false;2;Hundre;C;ECB concertation tidspunkt 14:15 CET;2022-05-10;137,55
B;Virkedag;DKK;Danske kroner;NOK;Norske kroner;SP;Spot;2;false;2;Hundre;C;ECB concertation tidspunkt 14:15 CET;2022-05-11;136,83
B;Virkedag;DKK;Danske kroner;NOK;Norske kroner;SP;Spot;2;false;2;Hundre;C;ECB concertation tidspunkt 14:15 CET;2022-05-12;138,28
B;Virkedag;DKK;Danske kroner;NOK;Norske kroner;SP;Spot;2;false;2;Hundre;C;ECB concertation tidspunkt 14:15 CET;2022-05-13;137,13
B;Virkedag;DKK;Danske kroner;NOK;Norske kroner;SP;Spot;2;false;2;Hundre;C;ECB concertation tidspunkt 14:15 CET;2022-05-16;137,32
B;Virkedag;DKK;Danske kroner;NOK;Norske kroner;SP;Spot;2;false;2;Hundre;C;ECB concertation tidspunkt 14:15 CET;2022-05-18;137,23
B;Virkedag;DKK;Danske kroner;NOK;Norske kroner;SP;Spot;2;false;2;Hundre;C;ECB concertation tidspunkt 14:15 CET;2022-05-19;138,54
B;Virkedag;DKK;Danske kroner;NOK;Norske kroner;SP;Spot;2;false;2;Hundre;C;ECB concertation tidspunkt 14:15 CET;2022-05-20;137,89
B;Virkedag;DKK;Danske kroner;NOK;Norske kroner;SP;Spot;2;false;2;Hundre;C;ECB concertation tidspunkt 14:15 CET;2022-05-23;137,77
B;Virkedag;DKK;Danske kroner;NOK;Norske kroner;SP;Spot;2;false;2;Hundre;C;ECB concertation tidspunkt 14:15 CET;2022-05-24;138,27
B;Virkedag;DKK;Danske kroner;NOK;Norske kroner;SP;Spot;2;false;2;Hundre;C;ECB concertation tidspunkt 14:15 CET;2022-05-25;138,03
B;Virkedag;DKK;Danske kroner;NOK;Norske kroner;SP;Spot;2;false;2;Hundre;C;ECB concertation tidspunkt 14:15 CET;2022-05-27;136,83
B;Virkedag;DKK;Danske kroner;NOK;Norske kroner;SP;Spot;2;false;2;Hundre;C;ECB concertation tidspunkt 14:15 CET;2022-05-30;136,11
B;Virkedag;DKK;Danske kroner;NOK;Norske kroner;SP;Spot;2;false;2;Hundre;C;ECB concertation tidspunkt 14:15 CET;2022-05-31;135,74
B;Virkedag;DKK;Danske kroner;NOK;Norske kroner;SP;Spot;2;false;2;Hundre;C;ECB concertation tidspunkt 14:15 CET;2022-06-01;135,01
B;Virkedag;DKK;Danske kroner;NOK;Norske kroner;SP;Spot;2;false;2;Hundre;C;ECB concertation tidspunkt 14:15 CET;2022-06-02;135,56
B;Virkedag;DKK;Danske kroner;NOK;Norske kroner;SP;Spot;2;false;2;Hundre;C;ECB concertation tidspunkt 14:15 CET;2022-06-03;135,81
B;Virkedag;DKK;Danske kroner;NOK;Norske kroner;SP;Spot;2;false;2;Hundre;C;ECB concertation tidspunkt 14:15 CET;2022-06-07;136,89
B;Virkedag;DKK;Danske kroner;NOK;Norske kroner;SP;Spot;2;false;2;Hundre;C;ECB concertation tidspunkt 14:15 CET;2022-06-08;136,31
B;Virkedag;DKK;Danske kroner;NOK;Norske kroner;SP;Spot;2;false;2;Hundre;C;ECB concertation tidspunkt 14:15 CET;2022-06-09;136,87
B;Virkedag;DKK;Danske kroner;NOK;Norske kroner;SP;Spot;2;false;2;Hundre;C;ECB concertation tidspunkt 14:15 CET;2022-06-10;136,44
B;Virkedag;DKK;Danske kroner;NOK;Norske kroner;SP;Spot;2;false;2;Hundre;C;ECB concertation tidspunkt 14:15 CET;2022-06-13;138,74
B;Virkedag;DKK;Danske kroner;NOK;Norske kroner;SP;Spot;2;false;2;Hundre;C;ECB concertation tidspunkt 14:15 CET;2022-06-14;139,71
B;Virkedag;DKK;Danske kroner;NOK;Norske kroner;SP;Spot;2;false;2;Hundre;C;ECB concertation tidspunkt 14:15 CET;2022-06-15;139,62
B;Virkedag;DKK;Danske kroner;NOK;Norske kroner;SP;Spot;2;false;2;Hundre;C;ECB concertation tidspunkt 14:15 CET;2022-06-16;140,6
B;Virkedag;DKK;Danske kroner;NOK;Norske kroner;SP;Spot;2;false;2;Hundre;C;ECB concertation tidspunkt 14:15 CET;2022-06-17;140,52
B;Virkedag;DKK;Danske kroner;NOK;Norske kroner;SP;Spot;2;false;2;Hundre;C;ECB concertation tidspunkt 14:15 CET;2022-06-20;139,92
B;Virkedag;DKK;Danske kroner;NOK;Norske kroner;SP;Spot;2;false;2;Hundre;C;ECB concertation tidspunkt 14:15 CET;2022-06-21;138,83
B;Virkedag;DKK;Danske kroner;NOK;Norske kroner;SP;Spot;2;false;2;Hundre;C;ECB concertation tidspunkt 14:15 CET;2022-06-22;141,21
B;Virkedag;DKK;Danske kroner;NOK;Norske kroner;SP;Spot;2;false;2;Hundre;C;ECB concertation tidspunkt 14:15 CET;2022-06-23;140,82
B;Virkedag;DKK;Danske kroner;NOK;Norske kroner;SP;Spot;2;false;2;Hundre;C;ECB concertation tidspunkt 14:15 CET;2022-06-24;140,25
B;Virkedag;DKK;Danske kroner;NOK;Norske kroner;SP;Spot;2;false;2;Hundre;C;ECB concertation tidspunkt 14:15 CET;2022-06-27;139,88
B;Virkedag;DKK;Danske kroner;NOK;Norske kroner;SP;Spot;2;false;2;Hundre;C;ECB concertation tidspunkt 14:15 CET;2022-06-28;138,95
B;Virkedag;DKK;Danske kroner;NOK;Norske kroner;SP;Spot;2;false;2;Hundre;C;ECB concertation tidspunkt 14:15 CET;2022-06-29;138,54
B;Virkedag;DKK;Danske kroner;NOK;Norske kroner;SP;Spot;2;false;2;Hundre;C;ECB concertation tidspunkt 14:15 CET;2022-06-30;139,11
B;Virkedag;DKK;Danske kroner;NOK;Norske kroner;SP;Spot;2;false;2;Hundre;C;ECB concertation tidspunkt 14:15 CET;2022-07-01;139,33
B;Virkedag;DKK;Danske kroner;NOK;Norske kroner;SP;Spot;2;false;2;Hundre;C;ECB concertation tidspunkt 14:15 CET;2022-07-04;138,4
B;Virkedag;DKK;Danske kroner;NOK;Norske kroner;SP;Spot;2;false;2;Hundre;C;ECB concertation tidspunkt 14:15 CET;2022-07-05;138,25
B;Virkedag;DKK;Danske kroner;NOK;Norske kroner;SP;Spot;2;false;2;Hundre;C;ECB concertation tidspunkt 14:15 CET;2022-07-06;138,17
B;Virkedag;DKK;Danske kroner;NOK;Norske kroner;SP;Spot;2;false;2;Hundre;C;ECB concertation tidspunkt 14:15 CET;2022-07-07;138,31
B;Virkedag;DKK;Danske kroner;NOK;Norske kroner;SP;Spot;2;false;2;Hundre;C;ECB concertation tidspunkt 14:15 CET;2022-07-08;137,9
B;Virkedag;DKK;Danske kroner;NOK;Norske kroner;SP;Spot;2;false;2;Hundre;C;ECB concertation tidspunkt 14:15 CET;2022-07-11;138,4
B;Virkedag;DKK;Danske kroner;NOK;Norske kroner;SP;Spot;2;false;2;Hundre;C;ECB concertation tidspunkt 14:15 CET;2022-07-12;138,1
B;Virkedag;DKK;Danske kroner;NOK;Norske kroner;SP;Spot;2;false;2;Hundre;C;ECB concertation tidspunkt 14:15 CET;2022-07-13;137,64
B;Virkedag;DKK;Danske kroner;NOK;Norske kroner;SP;Spot;2;false;2;Hundre;C;ECB concertation tidspunkt 14:15 CET;2022-07-14;137,77
B;Virkedag;DKK;Danske kroner;NOK;Norske kroner;SP;Spot;2;false;2;Hundre;C;ECB concertation tidspunkt 14:15 CET;2022-07-15;138,07
B;Virkedag;DKK;Danske kroner;NOK;Norske kroner;SP;Spot;2;false;2;Hundre;C;ECB concertation tidspunkt 14:15 CET;2022-07-18;137,78
B;Virkedag;DKK;Danske kroner;NOK;Norske kroner;SP;Spot;2;false;2;Hundre;C;ECB concertation tidspunkt 14:15 CET;2022-07-19;136,68
B;Virkedag;DKK;Danske kroner;NOK;Norske kroner;SP;Spot;2;false;2;Hundre;C;ECB concertation tidspunkt 14:15 CET;2022-07-20;136,09
B;Virkedag;DKK;Danske kroner;NOK;Norske kroner;SP;Spot;2;false;2;Hundre;C;ECB concertation tidspunkt 14:15 CET;2022-07-21;136,68
B;Virkedag;DKK;Danske kroner;NOK;Norske kroner;SP;Spot;2;false;2;Hundre;C;ECB concertation tidspunkt 14:15 CET;2022-07-22;136,34
B;Virkedag;DKK;Danske kroner;NOK;Norske kroner;SP;Spot;2;false;2;Hundre;C;ECB concertation tidspunkt 14:15 CET;2022-07-25;135,27
B;Virkedag;DKK;Danske kroner;NOK;Norske kroner;SP;Spot;2;false;2;Hundre;C;ECB concertation tidspunkt 14:15 CET;2022-07-26;134,46
B;Virkedag;DKK;Danske kroner;NOK;Norske kroner;SP;Spot;2;false;2;Hundre;C;ECB concertation tidspunkt 14:15 CET;2022-07-27;133,73
B;Virkedag;DKK;Danske kroner;NOK;Norske kroner;SP;Spot;2;false;2;Hundre;C;ECB concertation tidspunkt 14:15 CET;2022-07-28;132,97
B;Virkedag;DKK;Danske kroner;NOK;Norske kroner;SP;Spot;2;false;2;Hundre;C;ECB concertation tidspunkt 14:15 CET;2022-07-29;132,69
B;Virkedag;DKK;Danske kroner;NOK;Norske kroner;SP;Spot;2;false;2;Hundre;C;ECB concertation tidspunkt 14:15 CET;2022-08-01;132,48
B;Virkedag;DKK;Danske kroner;NOK;Norske kroner;SP;Spot;2;false;2;Hundre;C;ECB concertation tidspunkt 14:15 CET;2022-08-02;133,42
B;Virkedag;DKK;Danske kroner;NOK;Norske kroner;SP;Spot;2;false;2;Hundre;C;ECB concertation tidspunkt 14:15 CET;2022-08-03;132,67
B;Virkedag;DKK;Danske kroner;NOK;Norske kroner;SP;Spot;2;false;2;Hundre;C;ECB concertation tidspunkt 14:15 CET;2022-08-04;133,11
B;Virkedag;DKK;Danske kroner;NOK;Norske kroner;SP;Spot;2;false;2;Hundre;C;ECB concertation tidspunkt 14:15 CET;2022-08-05;134,14
B;Virkedag;DKK;Danske kroner;NOK;Norske kroner;SP;Spot;2;false;2;Hundre;C;ECB concertation tidspunkt 14:15 CET;2022-08-08;133,6
B;Virkedag;DKK;Danske kroner;NOK;Norske kroner;SP;Spot;2;false;2;Hundre;C;ECB concertation tidspunkt 14:15 CET;2022-08-09;133,54
B;Virkedag;DKK;Danske kroner;NOK;Norske kroner;SP;Spot;2;false;2;Hundre;C;ECB concertation tidspunkt 14:15 CET;2022-08-10;133,23
B;Virkedag;DKK;Danske kroner;NOK;Norske kroner;SP;Spot;2;false;2;Hundre;C;ECB concertation tidspunkt 14:15 CET;2022-08-11;131,78
B;Virkedag;DKK;Danske kroner;NOK;Norske kroner;SP;Spot;2;false;2;Hundre;C;ECB concertation tidspunkt 14:15 CET;2022-08-12;131,9
B;Virkedag;DKK;Danske kroner;NOK;Norske kroner;SP;Spot;2;false;2;Hundre;C;ECB concertation tidspunkt 14:15 CET;2022-08-15;132,72
B;Virkedag;DKK;Danske kroner;NOK;Norske kroner;SP;Spot;2;false;2;Hundre;C;ECB concertation tidspunkt 14:15 CET;2022-08-16;132,35
B;Virkedag;DKK;Danske kroner;NOK;Norske kroner;SP;Spot;2;false;2;Hundre;C;ECB concertation tidspunkt 14:15 CET;2022-08-17;132,34
B;Virkedag;DKK;Danske kroner;NOK;Norske kroner;SP;Spot;2;false;2;Hundre;C;ECB concertation tidspunkt 14:15 CET;2022-08-18;132,12
B;Virkedag;DKK;Danske kroner;NOK;Norske kroner;SP;Spot;2;false;2;Hundre;C;ECB concertation tidspunkt 14:15 CET;2022-08-19;132,33
B;Virkedag;DKK;Danske kroner;NOK;Norske kroner;SP;Spot;2;false;2;Hundre;C;ECB concertation tidspunkt 14:15 CET;2022-08-22;131,4
B;Virkedag;DKK;Danske kroner;NOK;Norske kroner;SP;Spot;2;false;2;Hundre;C;ECB concertation tidspunkt 14:15 CET;2022-08-23;131,01
B;Virkedag;DKK;Danske kroner;NOK;Norske kroner;SP;Spot;2;false;2;Hundre;C;ECB concertation tidspunkt 14:15 CET;2022-08-24;129,55
B;Virkedag;DKK;Danske kroner;NOK;Norske kroner;SP;Spot;2;false;2;Hundre;C;ECB concertation tidspunkt 14:15 CET;2022-08-25;129,62
B;Virkedag;DKK;Danske kroner;NOK;Norske kroner;SP;Spot;2;false;2;Hundre;C;ECB concertation tidspunkt 14:15 CET;2022-08-26;129,97
B;Virkedag;DKK;Danske kroner;NOK;Norske kroner;SP;Spot;2;false;2;Hundre;C;ECB concertation tidspunkt 14:15 CET;2022-08-29;131,32
B;Virkedag;DKK;Danske kroner;NOK;Norske kroner;SP;Spot;2;false;2;Hundre;C;ECB concertation tidspunkt 14:15 CET;2022-08-30;131,16
B;Virkedag;DKK;Danske kroner;NOK;Norske kroner;SP;Spot;2;false;2;Hundre;C;ECB concertation tidspunkt 14:15 CET;2022-08-31;133,64
B;Virkedag;DKK;Danske kroner;NOK;Norske kroner;SP;Spot;2;false;2;Hundre;C;ECB concertation tidspunkt 14:15 CET;2022-09-01;134,63
B;Virkedag;DKK;Danske kroner;NOK;Norske kroner;SP;Spot;2;false;2;Hundre;C;ECB concertation tidspunkt 14:15 CET;2022-09-02;134,51
B;Virkedag;DKK;Danske kroner;NOK;Norske kroner;SP;Spot;2;false;2;Hundre;C;ECB concertation tidspunkt 14:15 CET;2022-09-05;133,38
B;Virkedag;DKK;Danske kroner;NOK;Norske kroner;SP;Spot;2;false;2;Hundre;C;ECB concertation tidspunkt 14:15 CET;2022-09-06;133,05
B;Virkedag;DKK;Danske kroner;NOK;Norske kroner;SP;Spot;2;false;2;Hundre;C;ECB concertation tidspunkt 14:15 CET;2022-09-07;133,78
B;Virkedag;DKK;Danske kroner;NOK;Norske kroner;SP;Spot;2;false;2;Hundre;C;ECB concertation tidspunkt 14:15 CET;2022-09-08;135,3
B;Virkedag;DKK;Danske kroner;NOK;Norske kroner;SP;Spot;2;false;2;Hundre;C;ECB concertation tidspunkt 14:15 CET;2022-09-09;134,25
B;Virkedag;DKK;Danske kroner;NOK;Norske kroner;SP;Spot;2;false;2;Hundre;C;ECB concertation tidspunkt 14:15 CET;2022-09-12;134,09
B;Virkedag;DKK;Danske kroner;NOK;Norske kroner;SP;Spot;2;false;2;Hundre;C;ECB concertation tidspunkt 14:15 CET;2022-09-13;134,45
B;Virkedag;DKK;Danske kroner;NOK;Norske kroner;SP;Spot;2;false;2;Hundre;C;ECB concertation tidspunkt 14:15 CET;2022-09-14;135,98
B;Virkedag;DKK;Danske kroner;NOK;Norske kroner;SP;Spot;2;false;2;Hundre;C;ECB concertation tidspunkt 14:15 CET;2022-09-15;136,09
B;Virkedag;DKK;Danske kroner;NOK;Norske kroner;SP;Spot;2;false;2;Hundre;C;ECB concertation tidspunkt 14:15 CET;2022-09-16;137,14
B;Virkedag;DKK;Danske kroner;NOK;Norske kroner;SP;Spot;2;false;2;Hundre;C;ECB concertation tidspunkt 14:15 CET;2022-09-19;138,26
B;Virkedag;DKK;Danske kroner;NOK;Norske kroner;SP;Spot;2;false;2;Hundre;C;ECB concertation tidspunkt 14:15 CET;2022-09-20;138,14
B;Virkedag;DKK;Danske kroner;NOK;Norske kroner;SP;Spot;2;false;2;Hundre;C;ECB concertation tidspunkt 14:15 CET;2022-09-21;138,32
B;Virkedag;DKK;Danske kroner;NOK;Norske kroner;SP;Spot;2;false;2;Hundre;C;ECB concertation tidspunkt 14:15 CET;2022-09-22;137,63
B;Virkedag;DKK;Danske kroner;NOK;Norske kroner;SP;Spot;2;false;2;Hundre;C;ECB concertation tidspunkt 14:15 CET;2022-09-23;137,61
B;Virkedag;DKK;Danske kroner;NOK;Norske kroner;SP;Spot;2;false;2;Hundre;C;ECB concertation tidspunkt 14:15 CET;2022-09-26;139,29
B;Virkedag;DKK;Danske kroner;NOK;Norske kroner;SP;Spot;2;false;2;Hundre;C;ECB concertation tidspunkt 14:15 CET;2022-09-27;139,14
B;Virkedag;DKK;Danske kroner;NOK;Norske kroner;SP;Spot;2;false;2;Hundre;C;ECB concertation tidspunkt 14:15 CET;2022-09-28;140,62
B;Virkedag;DKK;Danske kroner;NOK;Norske kroner;SP;Spot;2;false;2;Hundre;C;ECB concertation tidspunkt 14:15 CET;2022-09-29;140,55
B;Virkedag;DKK;Danske kroner;NOK;Norske kroner;SP;Spot;2;false;2;Hundre;C;ECB concertation tidspunkt 14:15 CET;2022-09-30;142,32
B;Virkedag;DKK;Danske kroner;NOK;Norske kroner;SP;Spot;2;false;2;Hundre;C;ECB concertation tidspunkt 14:15 CET;2022-10-03;142,07
B;Virkedag;DKK;Danske kroner;NOK;Norske kroner;SP;Spot;2;false;2;Hundre;C;ECB concertation tidspunkt 14:15 CET;2022-10-04;141,06
B;Virkedag;DKK;Danske kroner;NOK;Norske kroner;SP;Spot;2;false;2;Hundre;C;ECB concertation tidspunkt 14:15 CET;2022-10-05;140,96
B;Virkedag;DKK;Danske kroner;NOK;Norske kroner;SP;Spot;2;false;2;Hundre;C;ECB concertation tidspunkt 14:15 CET;2022-10-06;140,18
B;Virkedag;DKK;Danske kroner;NOK;Norske kroner;SP;Spot;2;false;2;Hundre;C;ECB concertation tidspunkt 14:15 CET;2022-10-07;140,49
B;Virkedag;DKK;Danske kroner;NOK;Norske kroner;SP;Spot;2;false;2;Hundre;C;ECB concertation tidspunkt 14:15 CET;2022-10-10;138,98
B;Virkedag;DKK;Danske kroner;NOK;Norske kroner;SP;Spot;2;false;2;Hundre;C;ECB concertation tidspunkt 14:15 CET;2022-10-11;140,12
B;Virkedag;DKK;Danske kroner;NOK;Norske kroner;SP;Spot;2;false;2;Hundre;C;ECB concertation tidspunkt 14:15 CET;2022-10-12;139,98
B;Virkedag;DKK;Danske kroner;NOK;Norske kroner;SP;Spot;2;false;2;Hundre;C;ECB concertation tidspunkt 14:15 CET;2022-10-13;139,17
B;Virkedag;DKK;Danske kroner;NOK;Norske kroner;SP;Spot;2;false;2;Hundre;C;ECB concertation tidspunkt 14:15 CET;2022-10-14;138,92
B;Virkedag;DKK;Danske kroner;NOK;Norske kroner;SP;Spot;2;false;2;Hundre;C;ECB concertation tidspunkt 14:15 CET;2022-10-17;139,04
B;Virkedag;DKK;Danske kroner;NOK;Norske kroner;SP;Spot;2;false;2;Hundre;C;ECB concertation tidspunkt 14:15 CET;2022-10-18;139,16
B;Virkedag;DKK;Danske kroner;NOK;Norske kroner;SP;Spot;2;false;2;Hundre;C;ECB concertation tidspunkt 14:15 CET;2022-10-19;139,57
B;Virkedag;DKK;Danske kroner;NOK;Norske kroner;SP;Spot;2;false;2;Hundre;C;ECB concertation tidspunkt 14:15 CET;2022-10-20;139,83
B;Virkedag;DKK;Danske kroner;NOK;Norske kroner;SP;Spot;2;false;2;Hundre;C;ECB concertation tidspunkt 14:15 CET;2022-10-21;140,24
B;Virkedag;DKK;Danske kroner;NOK;Norske kroner;SP;Spot;2;false;2;Hundre;C;ECB concertation tidspunkt 14:15 CET;2022-10-24;139,71
B;Virkedag;DKK;Danske kroner;NOK;Norske kroner;SP;Spot;2;false;2;Hundre;C;ECB concertation tidspunkt 14:15 CET;2022-10-25;139,69
B;Virkedag;DKK;Danske kroner;NOK;Norske kroner;SP;Spot;2;false;2;Hundre;C;ECB concertation tidspunkt 14:15 CET;2022-10-26;139,02
B;Virkedag;DKK;Danske kroner;NOK;Norske kroner;SP;Spot;2;false;2;Hundre;C;ECB concertation tidspunkt 14:15 CET;2022-10-27;139,03
B;Virkedag;DKK;Danske kroner;NOK;Norske kroner;SP;Spot;2;false;2;Hundre;C;ECB concertation tidspunkt 14:15 CET;2022-10-28;137,99
B;Virkedag;DKK;Danske kroner;NOK;Norske kroner;SP;Spot;2;false;2;Hundre;C;ECB concertation tidspunkt 14:15 CET;2022-10-31;138,4
B;Virkedag;DKK;Danske kroner;NOK;Norske kroner;SP;Spot;2;false;2;Hundre;C;ECB concertation tidspunkt 14:15 CET;2022-11-01;136,81
B;Virkedag;DKK;Danske kroner;NOK;Norske kroner;SP;Spot;2;false;2;Hundre;C;ECB concertation tidspunkt 14:15 CET;2022-11-02;137,56
B;Virkedag;DKK;Danske kroner;NOK;Norske kroner;SP;Spot;2;false;2;Hundre;C;ECB concertation tidspunkt 14:15 CET;2022-11-03;139,11
B;Virkedag;DKK;Danske kroner;NOK;Norske kroner;SP;Spot;2;false;2;Hundre;C;ECB concertation tidspunkt 14:15 CET;2022-11-04;137,09
B;Virkedag;DKK;Danske kroner;NOK;Norske kroner;SP;Spot;2;false;2;Hundre;C;ECB concertation tidspunkt 14:15 CET;2022-11-07;137,86
B;Virkedag;DKK;Danske kroner;NOK;Norske kroner;SP;Spot;2;false;2;Hundre;C;ECB concertation tidspunkt 14:15 CET;2022-11-08;138,21
B;Virkedag;DKK;Danske kroner;NOK;Norske kroner;SP;Spot;2;false;2;Hundre;C;ECB concertation tidspunkt 14:15 CET;2022-11-09;138,77
B;Virkedag;DKK;Danske kroner;NOK;Norske kroner;SP;Spot;2;false;2;Hundre;C;ECB concertation tidspunkt 14:15 CET;2022-11-10;139,3
B;Virkedag;DKK;Danske kroner;NOK;Norske kroner;SP;Spot;2;false;2;Hundre;C;ECB concertation tidspunkt 14:15 CET;2022-11-11;137,98
B;Virkedag;DKK;Danske kroner;NOK;Norske kroner;SP;Spot;2;false;2;Hundre;C;ECB concertation tidspunkt 14:15 CET;2022-11-14;138,67
B;Virkedag;DKK;Danske kroner;NOK;Norske kroner;SP;Spot;2;false;2;Hundre;C;ECB concertation tidspunkt 14:15 CET;2022-11-15;139,23
B;Virkedag;DKK;Danske kroner;NOK;Norske kroner;SP;Spot;2;false;2;Hundre;C;ECB concertation tidspunkt 14:15 CET;2022-11-16;139,37
B;Virkedag;DKK;Danske kroner;NOK;Norske kroner;SP;Spot;2;false;2;Hundre;C;ECB concertation tidspunkt 14:15 CET;2022-11-17;141,13
B;Virkedag;DKK;Danske kroner;NOK;Norske kroner;SP;Spot;2;false;2;Hundre;C;ECB concertation tidspunkt 14:15 CET;2022-11-18;140,97
B;Virkedag;DKK;Danske kroner;NOK;Norske kroner;SP;Spot;2;false;2;Hundre;C;ECB concertation tidspunkt 14:15 CET;2022-11-21;141,04
B;Virkedag;DKK;Danske kroner;NOK;Norske kroner;SP;Spot;2;false;2;Hundre;C;ECB concertation tidspunkt 14:15 CET;2022-11-22;140,43
B;Virkedag;DKK;Danske kroner;NOK;Norske kroner;SP;Spot;2;false;2;Hundre;C;ECB concertation tidspunkt 14:15 CET;2022-11-23;139,38
B;Virkedag;DKK;Danske kroner;NOK;Norske kroner;SP;Spot;2;false;2;Hundre;C;ECB concertation tidspunkt 14:15 CET;2022-11-24;139,08
B;Virkedag;DKK;Danske kroner;NOK;Norske kroner;SP;Spot;2;false;2;Hundre;C;ECB concertation tidspunkt 14:15 CET;2022-11-25;138,49
B;Virkedag;DKK;Danske kroner;NOK;Norske kroner;SP;Spot;2;false;2;Hundre;C;ECB concertation tidspunkt 14:15 CET;2022-11-28;139,36
B;Virkedag;DKK;Danske kroner;NOK;Norske kroner;SP;Spot;2;false;2;Hundre;C;ECB concertation tidspunkt 14:15 CET;2022-11-29;138,92
B;Virkedag;DKK;Danske kroner;NOK;Norske kroner;SP;Spot;2;false;2;Hundre;C;ECB concertation tidspunkt 14:15 CET;2022-11-30;138,03
B;Virkedag;DKK;Danske kroner;NOK;Norske kroner;SP;Spot;2;false;2;Hundre;C;ECB concertation tidspunkt 14:15 CET;2022-12-01;137,81
B;Virkedag;DKK;Danske kroner;NOK;Norske kroner;SP;Spot;2;false;2;Hundre;C;ECB concertation tidspunkt 14:15 CET;2022-12-02;137,97
B;Virkedag;DKK;Danske kroner;NOK;Norske kroner;SP;Spot;2;false;2;Hundre;C;ECB concertation tidspunkt 14:15 CET;2022-12-05;138,99
B;Virkedag;DKK;Danske kroner;NOK;Norske kroner;SP;Spot;2;false;2;Hundre;C;ECB concertation tidspunkt 14:15 CET;2022-12-06;140,37
B;Virkedag;DKK;Danske kroner;NOK;Norske kroner;SP;Spot;2;false;2;Hundre;C;ECB concertation tidspunkt 14:15 CET;2022-12-07;141,51
B;Virkedag;DKK;Danske kroner;NOK;Norske kroner;SP;Spot;2;false;2;Hundre;C;ECB concertation tidspunkt 14:15 CET;2022-12-08;141
B;Virkedag;DKK;Danske kroner;NOK;Norske kroner;SP;Spot;2;false;2;Hundre;C;ECB concertation tidspunkt 14:15 CET;2022-12-09;141,63
B;Virkedag;DKK;Danske kroner;NOK;Norske kroner;SP;Spot;2;false;2;Hundre;C;ECB concertation tidspunkt 14:15 CET;2022-12-12;141,91
B;Virkedag;DKK;Danske kroner;NOK;Norske kroner;SP;Spot;2;false;2;Hundre;C;ECB concertation tidspunkt 14:15 CET;2022-12-13;140,71
B;Virkedag;DKK;Danske kroner;NOK;Norske kroner;SP;Spot;2;false;2;Hundre;C;ECB concertation tidspunkt 14:15 CET;2022-12-14;139,29
B;Virkedag;DKK;Danske kroner;NOK;Norske kroner;SP;Spot;2;false;2;Hundre;C;ECB concertation tidspunkt 14:15 CET;2022-12-15;139,83
B;Virkedag;DKK;Danske kroner;NOK;Norske kroner;SP;Spot;2;false;2;Hundre;C;ECB concertation tidspunkt 14:15 CET;2022-12-16;140,94
B;Virkedag;DKK;Danske kroner;NOK;Norske kroner;SP;Spot;2;false;2;Hundre;C;ECB concertation tidspunkt 14:15 CET;2022-12-19;141,2
B;Virkedag;DKK;Danske kroner;NOK;Norske kroner;SP;Spot;2;false;2;Hundre;C;ECB concertation tidspunkt 14:15 CET;2022-12-20;141,28
B;Virkedag;DKK;Danske kroner;NOK;Norske kroner;SP;Spot;2;false;2;Hundre;C;ECB concertation tidspunkt 14:15 CET;2022-12-21;140,24
B;Virkedag;DKK;Danske kroner;NOK;Norske kroner;SP;Spot;2;false;2;Hundre;C;ECB concertation tidspunkt 14:15 CET;2022-12-22;140,01
B;Virkedag;DKK;Danske kroner;NOK;Norske kroner;SP;Spot;2;false;2;Hundre;C;ECB concertation tidspunkt 14:15 CET;2022-12-23;140,46
B;Virkedag;DKK;Danske kroner;NOK;Norske kroner;SP;Spot;2;false;2;Hundre;C;ECB concertation tidspunkt 14:15 CET;2022-12-27;141,05
B;Virkedag;DKK;Danske kroner;NOK;Norske kroner;SP;Spot;2;false;2;Hundre;C;ECB concertation tidspunkt 14:15 CET;2022-12-28;140,52
B;Virkedag;DKK;Danske kroner;NOK;Norske kroner;SP;Spot;2;false;2;Hundre;C;ECB concertation tidspunkt 14:15 CET;2022-12-29;141,87
B;Virkedag;DKK;Danske kroner;NOK;Norske kroner;SP;Spot;2;false;2;Hundre;C;ECB concertation tidspunkt 14:15 CET;2022-12-30;141,38
B;Virkedag;DKK;Danske kroner;NOK;Norske kroner;SP;Spot;2;false;2;Hundre;C;ECB concertation tidspunkt 14:15 CET;2023-01-02;141,36
B;Virkedag;DKK;Danske kroner;NOK;Norske kroner;SP;Spot;2;false;2;Hundre;C;ECB concertation tidspunkt 14:15 CET;2023-01-03;141,56
B;Virkedag;DKK;Danske kroner;NOK;Norske kroner;SP;Spot;2;false;2;Hundre;C;ECB concertation tidspunkt 14:15 CET;2023-01-04;144,38
B;Virkedag;DKK;Danske kroner;NOK;Norske kroner;SP;Spot;2;false;2;Hundre;C;ECB concertation tidspunkt 14:15 CET;2023-01-05;144,2
B;Virkedag;DKK;Danske kroner;NOK;Norske kroner;SP;Spot;2;false;2;Hundre;C;ECB concertation tidspunkt 14:15 CET;2023-01-06;145,31
B;Virkedag;DKK;Danske kroner;NOK;Norske kroner;SP;Spot;2;false;2;Hundre;C;ECB concertation tidspunkt 14:15 CET;2023-01-09;142,67
B;Virkedag;DKK;Danske kroner;NOK;Norske kroner;SP;Spot;2;false;2;Hundre;C;ECB concertation tidspunkt 14:15 CET;2023-01-10;143,58
B;Virkedag;DKK;Danske kroner;NOK;Norske kroner;SP;Spot;2;false;2;Hundre;C;ECB concertation tidspunkt 14:15 CET;2023-01-11;144,38
B;Virkedag;DKK;Danske kroner;NOK;Norske kroner;SP;Spot;2;false;2;Hundre;C;ECB concertation tidspunkt 14:15 CET;2023-01-12;144,15
B;Virkedag;DKK;Danske kroner;NOK;Norske kroner;SP;Spot;2;false;2;Hundre;C;ECB concertation tidspunkt 14:15 CET;2023-01-13;143,77
B;Virkedag;DKK;Danske kroner;NOK;Norske kroner;SP;Spot;2;false;2;Hundre;C;ECB concertation tidspunkt 14:15 CET;2023-01-16;143,76
B;Virkedag;DKK;Danske kroner;NOK;Norske kroner;SP;Spot;2;false;2;Hundre;C;ECB concertation tidspunkt 14:15 CET;2023-01-17;144,47
B;Virkedag;DKK;Danske kroner;NOK;Norske kroner;SP;Spot;2;false;2;Hundre;C;ECB concertation tidspunkt 14:15 CET;2023-01-18;143,22
B;Virkedag;DKK;Danske kroner;NOK;Norske kroner;SP;Spot;2;false;2;Hundre;C;ECB concertation tidspunkt 14:15 CET;2023-01-19;144,44
B;Virkedag;DKK;Danske kroner;NOK;Norske kroner;SP;Spot;2;false;2;Hundre;C;ECB concertation tidspunkt 14:15 CET;2023-01-20;144,02
B;Virkedag;DKK;Danske kroner;NOK;Norske kroner;SP;Spot;2;false;2;Hundre;C;ECB concertation tidspunkt 14:15 CET;2023-01-23;143,61
B;Virkedag;DKK;Danske kroner;NOK;Norske kroner;SP;Spot;2;false;2;Hundre;C;ECB concertation tidspunkt 14:15 CET;2023-01-24;144,08
B;Virkedag;DKK;Danske kroner;NOK;Norske kroner;SP;Spot;2;false;2;Hundre;C;ECB concertation tidspunkt 14:15 CET;2023-01-25;145,06
B;Virkedag;DKK;Danske kroner;NOK;Norske kroner;SP;Spot;2;false;2;Hundre;C;ECB concertation tidspunkt 14:15 CET;2023-01-26;144,68
B;Virkedag;DKK;Danske kroner;NOK;Norske kroner;SP;Spot;2;false;2;Hundre;C;ECB concertation tidspunkt 14:15 CET;2023-01-27;144,67
B;Virkedag;DKK;Danske kroner;NOK;Norske kroner;SP;Spot;2;false;2;Hundre;C;ECB concertation tidspunkt 14:15 CET;2023-01-30;145,09
B;Virkedag;DKK;Danske kroner;NOK;Norske kroner;SP;Spot;2;false;2;Hundre;C;ECB concertation tidspunkt 14:15 CET;2023-01-31;146,64
B;Virkedag;DKK;Danske kroner;NOK;Norske kroner;SP;Spot;2;false;2;Hundre;C;ECB concertation tidspunkt 14:15 CET;2023-02-01;145,93
B;Virkedag;DKK;Danske kroner;NOK;Norske kroner;SP;Spot;2;false;2;Hundre;C;ECB concertation tidspunkt 14:15 CET;2023-02-02;147,24
B;Virkedag;DKK;Danske kroner;NOK;Norske kroner;SP;Spot;2;false;2;Hundre;C;ECB concertation tidspunkt 14:15 CET;2023-02-03;147,47
B;Virkedag;DKK;Danske kroner;NOK;Norske kroner;SP;Spot;2;false;2;Hundre;C;ECB concertation tidspunkt 14:15 CET;2023-02-06;148,36
B;Virkedag;DKK;Danske kroner;NOK;Norske kroner;SP;Spot;2;false;2;Hundre;C;ECB concertation tidspunkt 14:15 CET;2023-02-07;149,5
B;Virkedag;DKK;Danske kroner;NOK;Norske kroner;SP;Spot;2;false;2;Hundre;C;ECB concertation tidspunkt 14:15 CET;2023-02-08;148,16
B;Virkedag;DKK;Danske kroner;NOK;Norske kroner;SP;Spot;2;false;2;Hundre;C;ECB concertation tidspunkt 14:15 CET;2023-02-09;146,63
B;Virkedag;DKK;Danske kroner;NOK;Norske kroner;SP;Spot;2;false;2;Hundre;C;ECB concertation tidspunkt 14:15 CET;2023-02-10;146,03
B;Virkedag;DKK;Danske kroner;NOK;Norske kroner;SP;Spot;2;false;2;Hundre;C;ECB concertation tidspunkt 14:15 CET;2023-02-13;145,28
B;Virkedag;DKK;Danske kroner;NOK;Norske kroner;SP;Spot;2;false;2;Hundre;C;ECB concertation tidspunkt 14:15 CET;2023-02-14;145,98
B;Virkedag;DKK;Danske kroner;NOK;Norske kroner;SP;Spot;2;false;2;Hundre;C;ECB concertation tidspunkt 14:15 CET;2023-02-15;146,54
B;Virkedag;DKK;Danske kroner;NOK;Norske kroner;SP;Spot;2;false;2;Hundre;C;ECB concertation tidspunkt 14:15 CET;2023-02-16;147,02
B;Virkedag;DKK;Danske kroner;NOK;Norske kroner;SP;Spot;2;false;2;Hundre;C;ECB concertation tidspunkt 14:15 CET;2023-02-17;147,92
B;Virkedag;DKK;Danske kroner;NOK;Norske kroner;SP;Spot;2;false;2;Hundre;C;ECB concertation tidspunkt 14:15 CET;2023-02-20;147,3
B;Virkedag;DKK;Danske kroner;NOK;Norske kroner;SP;Spot;2;false;2;Hundre;C;ECB concertation tidspunkt 14:15 CET;2023-02-21;147,02
B;Virkedag;DKK;Danske kroner;NOK;Norske kroner;SP;Spot;2;false;2;Hundre;C;ECB concertation tidspunkt 14:15 CET;2023-02-22;147,28
B;Virkedag;DKK;Danske kroner;NOK;Norske kroner;SP;Spot;2;false;2;Hundre;C;ECB concertation tidspunkt 14:15 CET;2023-02-23;147,18
B;Virkedag;DKK;Danske kroner;NOK;Norske kroner;SP;Spot;2;false;2;Hundre;C;ECB concertation tidspunkt 14:15 CET;2023-02-24;146,93
B;Virkedag;DKK;Danske kroner;NOK;Norske kroner;SP;Spot;2;false;2;Hundre;C;ECB concertation tidspunkt 14:15 CET;2023-02-27;147,31
B;Virkedag;DKK;Danske kroner;NOK;Norske kroner;SP;Spot;2;false;2;Hundre;C;ECB concertation tidspunkt 14:15 CET;2023-02-28;147,38
B;Virkedag;DKK;Danske kroner;NOK;Norske kroner;SP;Spot;2;false;2;Hundre;C;ECB concertation tidspunkt 14:15 CET;2023-03-01;148,28
B;Virkedag;DKK;Danske kroner;NOK;Norske kroner;SP;Spot;2;false;2;Hundre;C;ECB concertation tidspunkt 14:15 CET;2023-03-02;148,96
B;Virkedag;DKK;Danske kroner;NOK;Norske kroner;SP;Spot;2;false;2;Hundre;C;ECB concertation tidspunkt 14:15 CET;2023-03-03;148,65
B;Virkedag;DKK;Danske kroner;NOK;Norske kroner;SP;Spot;2;false;2;Hundre;C;ECB concertation tidspunkt 14:15 CET;2023-03-06;149,29
B;Virkedag;DKK;Danske kroner;NOK;Norske kroner;SP;Spot;2;false;2;Hundre;C;ECB concertation tidspunkt 14:15 CET;2023-03-07;150,4
B;Virkedag;DKK;Danske kroner;NOK;Norske kroner;SP;Spot;2;false;2;Hundre;C;ECB concertation tidspunkt 14:15 CET;2023-03-08;150,79
B;Virkedag;DKK;Danske kroner;NOK;Norske kroner;SP;Spot;2;false;2;Hundre;C;ECB concertation tidspunkt 14:15 CET;2023-03-09;151,46
B;Virkedag;DKK;Danske kroner;NOK;Norske kroner;SP;Spot;2;false;2;Hundre;C;ECB concertation tidspunkt 14:15 CET;2023-03-10;151,7
B;Virkedag;DKK;Danske kroner;NOK;Norske kroner;SP;Spot;2;false;2;Hundre;C;ECB concertation tidspunkt 14:15 CET;2023-03-13;152,99
B;Virkedag;DKK;Danske kroner;NOK;Norske kroner;SP;Spot;2;false;2;Hundre;C;ECB concertation tidspunkt 14:15 CET;2023-03-14;152,26
B;Virkedag;DKK;Danske kroner;NOK;Norske kroner;SP;Spot;2;false;2;Hundre;C;ECB concertation tidspunkt 14:15 CET;2023-03-15;152,33
B;Virkedag;DKK;Danske kroner;NOK;Norske kroner;SP;Spot;2;false;2;Hundre;C;ECB concertation tidspunkt 14:15 CET;2023-03-16;153,72
B;Virkedag;DKK;Danske kroner;NOK;Norske kroner;SP;Spot;2;false;2;Hundre;C;ECB concertation tidspunkt 14:15 CET;2023-03-17;153,42
B;Virkedag;DKK;Danske kroner;NOK;Norske kroner;SP;Spot;2;false;2;Hundre;C;ECB concertation tidspunkt 14:15 CET;2023-03-20;153,4
B;Virkedag;DKK;Danske kroner;NOK;Norske kroner;SP;Spot;2;false;2;Hundre;C;ECB concertation tidspunkt 14:15 CET;2023-03-21;151,92
B;Virkedag;DKK;Danske kroner;NOK;Norske kroner;SP;Spot;2;false;2;Hundre;C;ECB concertation tidspunkt 14:15 CET;2023-03-22;152,16
B;Virkedag;DKK;Danske kroner;NOK;Norske kroner;SP;Spot;2;false;2;Hundre;C;ECB concertation tidspunkt 14:15 CET;2023-03-23;151,5
B;Virkedag;DKK;Danske kroner;NOK;Norske kroner;SP;Spot;2;false;2;Hundre;C;ECB concertation tidspunkt 14:15 CET;2023-03-24;151,73
B;Virkedag;DKK;Danske kroner;NOK;Norske kroner;SP;Spot;2;false;2;Hundre;C;ECB concertation tidspunkt 14:15 CET;2023-03-27;152,16
B;Virkedag;DKK;Danske kroner;NOK;Norske kroner;SP;Spot;2;false;2;Hundre;C;ECB concertation tidspunkt 14:15 CET;2023-03-28;152,02
B;Virkedag;DKK;Danske kroner;NOK;Norske kroner;SP;Spot;2;false;2;Hundre;C;ECB concertation tidspunkt 14:15 CET;2023-03-29;151,69
B;Virkedag;DKK;Danske kroner;NOK;Norske kroner;SP;Spot;2;false;2;Hundre;C;ECB concertation tidspunkt 14:15 CET;2023-03-30;152,46
B;Virkedag;DKK;Danske kroner;NOK;Norske kroner;SP;Spot;2;false;2;Hundre;C;ECB concertation tidspunkt 14:15 CET;2023-03-31;152,97
B;Virkedag;DKK;Danske kroner;NOK;Norske kroner;SP;Spot;2;false;2;Hundre;C;ECB concertation tidspunkt 14:15 CET;2023-04-03;151,02
B;Virkedag;DKK;Danske kroner;NOK;Norske kroner;SP;Spot;2;false;2;Hundre;C;ECB concertation tidspunkt 14:15 CET;2023-04-04;150,77
B;Virkedag;DKK;Danske kroner;NOK;Norske kroner;SP;Spot;2;false;2;Hundre;C;ECB concertation tidspunkt 14:15 CET;2023-04-05;153,01
B;Virkedag;DKK;Danske kroner;NOK;Norske kroner;SP;Spot;2;false;2;Hundre;C;ECB concertation tidspunkt 14:15 CET;2023-04-11;154,94
B;Virkedag;DKK;Danske kroner;NOK;Norske kroner;SP;Spot;2;false;2;Hundre;C;ECB concertation tidspunkt 14:15 CET;2023-04-12;154,01
B;Virkedag;DKK;Danske kroner;NOK;Norske kroner;SP;Spot;2;false;2;Hundre;C;ECB concertation tidspunkt 14:15 CET;2023-04-13;153,77
B;Virkedag;DKK;Danske kroner;NOK;Norske kroner;SP;Spot;2;false;2;Hundre;C;ECB concertation tidspunkt 14:15 CET;2023-04-14;153,03
B;Virkedag;DKK;Danske kroner;NOK;Norske kroner;SP;Spot;2;false;2;Hundre;C;ECB concertation tidspunkt 14:15 CET;2023-04-17;152,5
B;Virkedag;DKK;Danske kroner;NOK;Norske kroner;SP;Spot;2;false;2;Hundre;C;ECB concertation tidspunkt 14:15 CET;2023-04-18;153,9
B;Virkedag;DKK;Danske kroner;NOK;Norske kroner;SP;Spot;2;false;2;Hundre;C;ECB concertation tidspunkt 14:15 CET;2023-04-19;154,78
B;Virkedag;DKK;Danske kroner;NOK;Norske kroner;SP;Spot;2;false;2;Hundre;C;ECB concertation tidspunkt 14:15 CET;2023-04-20;155,71
B;Virkedag;DKK;Danske kroner;NOK;Norske kroner;SP;Spot;2;false;2;Hundre;C;ECB concertation tidspunkt 14:15 CET;2023-04-21;156,33
B;Virkedag;DKK;Danske kroner;NOK;Norske kroner;SP;Spot;2;false;2;Hundre;C;ECB concertation tidspunkt 14:15 CET;2023-04-24;156,27
B;Virkedag;DKK;Danske kroner;NOK;Norske kroner;SP;Spot;2;false;2;Hundre;C;ECB concertation tidspunkt 14:15 CET;2023-04-25;156,92
B;Virkedag;DKK;Danske kroner;NOK;Norske kroner;SP;Spot;2;false;2;Hundre;C;ECB concertation tidspunkt 14:15 CET;2023-04-26;157,27
B;Virkedag;DKK;Danske kroner;NOK;Norske kroner;SP;Spot;2;false;2;Hundre;C;ECB concertation tidspunkt 14:15 CET;2023-04-27;157,15
B;Virkedag;DKK;Danske kroner;NOK;Norske kroner;SP;Spot;2;false;2;Hundre;C;ECB concertation tidspunkt 14:15 CET;2023-04-28;158,19
B;Virkedag;DKK;Danske kroner;NOK;Norske kroner;SP;Spot;2;false;2;Hundre;C;ECB concertation tidspunkt 14:15 CET;2023-05-02;157,8
B;Virkedag;DKK;Danske kroner;NOK;Norske kroner;SP;Spot;2;false;2;Hundre;C;ECB concertation tidspunkt 14:15 CET;2023-05-03;159,51
B;Virkedag;DKK;Danske kroner;NOK;Norske kroner;SP;Spot;2;false;2;Hundre;C;ECB concertation tidspunkt 14:15 CET;2023-05-04;158,76
B;Virkedag;DKK;Danske kroner;NOK;Norske kroner;SP;Spot;2;false;2;Hundre;C;ECB concertation tidspunkt 14:15 CET;2023-05-05;156,91
B;Virkedag;DKK;Danske kroner;NOK;Norske kroner;SP;Spot;2;false;2;Hundre;C;ECB concertation tidspunkt 14:15 CET;2023-05-08;155,1
B;Virkedag;DKK;Danske kroner;NOK;Norske kroner;SP;Spot;2;false;2;Hundre;C;ECB concertation tidspunkt 14:15 CET;2023-05-09;155,47
B;Virkedag;DKK;Danske kroner;NOK;Norske kroner;SP;Spot;2;false;2;Hundre;C;ECB concertation tidspunkt 14:15 CET;2023-05-10;155,06
B;Virkedag;DKK;Danske kroner;NOK;Norske kroner;SP;Spot;2;false;2;Hundre;C;ECB concertation tidspunkt 14:15 CET;2023-05-11;154,64
B;Virkedag;DKK;Danske kroner;NOK;Norske kroner;SP;Spot;2;false;2;Hundre;C;ECB concertation tidspunkt 14:15 CET;2023-05-12;156,15
B;Virkedag;DKK;Danske kroner;NOK;Norske kroner;SP;Spot;2;false;2;Hundre;C;ECB concertation tidspunkt 14:15 CET;2023-05-15;155,54
B;Virkedag;DKK;Danske kroner;NOK;Norske kroner;SP;Spot;2;false;2;Hundre;C;ECB concertation tidspunkt 14:15 CET;2023-05-16;155,95
B;Virkedag;DKK;Danske kroner;NOK;Norske kroner;SP;Spot;2;false;2;Hundre;C;ECB concertation tidspunkt 14:15 CET;2023-05-19;157,1
B;Virkedag;DKK;Danske kroner;NOK;Norske kroner;SP;Spot;2;false;2;Hundre;C;ECB concertation tidspunkt 14:15 CET;2023-05-22;158,12
B;Virkedag;DKK;Danske kroner;NOK;Norske kroner;SP;Spot;2;false;2;Hundre;C;ECB concertation tidspunkt 14:15 CET;2023-05-23;158,34
B;Virkedag;DKK;Danske kroner;NOK;Norske kroner;SP;Spot;2;false;2;Hundre;C;ECB concertation tidspunkt 14:15 CET;2023-05-24;158,67
B;Virkedag;DKK;Danske kroner;NOK;Norske kroner;SP;Spot;2;false;2;Hundre;C;ECB concertation tidspunkt 14:15 CET;2023-05-25;157,98
B;Virkedag;DKK;Danske kroner;NOK;Norske kroner;SP;Spot;2;false;2;Hundre;C;ECB concertation tidspunkt 14:15 CET;2023-05-26;158,71
B;Virkedag;DKK;Danske kroner;NOK;Norske kroner;SP;Spot;2;false;2;Hundre;C;ECB concertation tidspunkt 14:15 CET;2023-05-30;159,42
B;Virkedag;DKK;Danske kroner;NOK;Norske kroner;SP;Spot;2;false;2;Hundre;C;ECB concertation tidspunkt 14:15 CET;2023-05-31;161,18
B;Virkedag;DKK;Danske kroner;NOK;Norske kroner;SP;Spot;2;false;2;Hundre;C;ECB concertation tidspunkt 14:15 CET;2023-06-01;160,68
B;Virkedag;DKK;Danske kroner;NOK;Norske kroner;SP;Spot;2;false;2;Hundre;C;ECB concertation tidspunkt 14:15 CET;2023-06-02;159,02
B;Virkedag;DKK;Danske kroner;NOK;Norske kroner;SP;Spot;2;false;2;Hundre;C;ECB concertation tidspunkt 14:15 CET;2023-06-05;158,79
B;Virkedag;DKK;Danske kroner;NOK;Norske kroner;SP;Spot;2;false;2;Hundre;C;ECB concertation tidspunkt 14:15 CET;2023-06-06;159,44
B;Virkedag;DKK;Danske kroner;NOK;Norske kroner;SP;Spot;2;false;2;Hundre;C;ECB concertation tidspunkt 14:15 CET;2023-06-07;158,37
B;Virkedag;DKK;Danske kroner;NOK;Norske kroner;SP;Spot;2;false;2;Hundre;C;ECB concertation tidspunkt 14:15 CET;2023-06-08;157,83
B;Virkedag;DKK;Danske kroner;NOK;Norske kroner;SP;Spot;2;false;2;Hundre;C;ECB concertation tidspunkt 14:15 CET;2023-06-09;155,86
B;Virkedag;DKK;Danske kroner;NOK;Norske kroner;SP;Spot;2;false;2;Hundre;C;ECB concertation tidspunkt 14:15 CET;2023-06-12;156,12
B;Virkedag;DKK;Danske kroner;NOK;Norske kroner;SP;Spot;2;false;2;Hundre;C;ECB concertation tidspunkt 14:15 CET;2023-06-13;155,97
B;Virkedag;DKK;Danske kroner;NOK;Norske kroner;SP;Spot;2;false;2;Hundre;C;ECB concertation tidspunkt 14:15 CET;2023-06-14;153,98
B;Virkedag;DKK;Danske kroner;NOK;Norske kroner;SP;Spot;2;false;2;Hundre;C;ECB concertation tidspunkt 14:15 CET;2023-06-15;154,35
B;Virkedag;DKK;Danske kroner;NOK;Norske kroner;SP;Spot;2;false;2;Hundre;C;ECB concertation tidspunkt 14:15 CET;2023-06-16;154,58
B;Virkedag;DKK;Danske kroner;NOK;Norske kroner;SP;Spot;2;false;2;Hundre;C;ECB concertation tidspunkt 14:15 CET;2023-06-19;156,16
B;Virkedag;DKK;Danske kroner;NOK;Norske kroner;SP;Spot;2;false;2;Hundre;C;ECB concertation tidspunkt 14:15 CET;2023-06-20;157,27
B;Virkedag;DKK;Danske kroner;NOK;Norske kroner;SP;Spot;2;false;2;Hundre;C;ECB concertation tidspunkt 14:15 CET;2023-06-21;157,72
B;Virkedag;DKK;Danske kroner;NOK;Norske kroner;SP;Spot;2;false;2;Hundre;C;ECB concertation tidspunkt 14:15 CET;2023-06-22;155,72
B;Virkedag;DKK;Danske kroner;NOK;Norske kroner;SP;Spot;2;false;2;Hundre;C;ECB concertation tidspunkt 14:15 CET;2023-06-23;159,18
B;Virkedag;DKK;Danske kroner;NOK;Norske kroner;SP;Spot;2;false;2;Hundre;C;ECB concertation tidspunkt 14:15 CET;2023-06-26;157,24
B;Virkedag;DKK;Danske kroner;NOK;Norske kroner;SP;Spot;2;false;2;Hundre;C;ECB concertation tidspunkt 14:15 CET;2023-06-27;157,86
B;Virkedag;DKK;Danske kroner;NOK;Norske kroner;SP;Spot;2;false;2;Hundre;C;ECB concertation tidspunkt 14:15 CET;2023-06-28;158,99
B;Virkedag;DKK;Danske kroner;NOK;Norske kroner;SP;Spot;2;false;2;Hundre;C;ECB concertation tidspunkt 14:15 CET;2023-06-29;157,96
B;Virkedag;DKK;Danske kroner;NOK;Norske kroner;SP;Spot;2;false;2;Hundre;C;ECB concertation tidspunkt 14:15 CET;2023-06-30;157,16
B;Virkedag;DKK;Danske kroner;NOK;Norske kroner;SP;Spot;2;false;2;Hundre;C;ECB concertation tidspunkt 14:15 CET;2023-07-03;157,04
B;Virkedag;DKK;Danske kroner;NOK;Norske kroner;SP;Spot;2;false;2;Hundre;C;ECB concertation tidspunkt 14:15 CET;2023-07-04;155,69
B;Virkedag;DKK;Danske kroner;NOK;Norske kroner;SP;Spot;2;false;2;Hundre;C;ECB concertation tidspunkt 14:15 CET;2023-07-05;156,35
B;Virkedag;DKK;Danske kroner;NOK;Norske kroner;SP;Spot;2;false;2;Hundre;C;ECB concertation tidspunkt 14:15 CET;2023-07-06;156,22
B;Virkedag;DKK;Danske kroner;NOK;Norske kroner;SP;Spot;2;false;2;Hundre;C;ECB concertation tidspunkt 14:15 CET;2023-07-07;157,13
B;Virkedag;DKK;Danske kroner;NOK;Norske kroner;SP;Spot;2;false;2;Hundre;C;ECB concertation tidspunkt 14:15 CET;2023-07-10;155,19
B;Virkedag;DKK;Danske kroner;NOK;Norske kroner;SP;Spot;2;false;2;Hundre;C;ECB concertation tidspunkt 14:15 CET;2023-07-11;153,66
B;Virkedag;DKK;Danske kroner;NOK;Norske kroner;SP;Spot;2;false;2;Hundre;C;ECB concertation tidspunkt 14:15 CET;2023-07-12;152,04
B;Virkedag;DKK;Danske kroner;NOK;Norske kroner;SP;Spot;2;false;2;Hundre;C;ECB concertation tidspunkt 14:15 CET;2023-07-13;150,93
B;Virkedag;DKK;Danske kroner;NOK;Norske kroner;SP;Spot;2;false;2;Hundre;C;ECB concertation tidspunkt 14:15 CET;2023-07-14;150,51
B;Virkedag;DKK;Danske kroner;NOK;Norske kroner;SP;Spot;2;false;2;Hundre;C;ECB concertation tidspunkt 14:15 CET;2023-07-17;150,89
B;Virkedag;DKK;Danske kroner;NOK;Norske kroner;SP;Spot;2;false;2;Hundre;C;ECB concertation tidspunkt 14:15 CET;2023-07-18;152,19
B;Virkedag;DKK;Danske kroner;NOK;Norske kroner;SP;Spot;2;false;2;Hundre;C;ECB concertation tidspunkt 14:15 CET;2023-07-19;151,21
B;Virkedag;DKK;Danske kroner;NOK;Norske kroner;SP;Spot;2;false;2;Hundre;C;ECB concertation tidspunkt 14:15 CET;2023-07-20;149,72
B;Virkedag;DKK;Danske kroner;NOK;Norske kroner;SP;Spot;2;false;2;Hundre;C;ECB concertation tidspunkt 14:15 CET;2023-07-21;150,02
B;Virkedag;DKK;Danske kroner;NOK;Norske kroner;SP;Spot;2;false;2;Hundre;C;ECB concertation tidspunkt 14:15 CET;2023-07-24;150,21
B;Virkedag;DKK;Danske kroner;NOK;Norske kroner;SP;Spot;2;false;2;Hundre;C;ECB concertation tidspunkt 14:15 CET;2023-07-25;149,78
B;Virkedag;DKK;Danske kroner;NOK;Norske kroner;SP;Spot;2;false;2;Hundre;C;ECB concertation tidspunkt 14:15 CET;2023-07-26;150,3
B;Virkedag;DKK;Danske kroner;NOK;Norske kroner;SP;Spot;2;false;2;Hundre;C;ECB concertation tidspunkt 14:15 CET;2023-07-27;149,33
B;Virkedag;DKK;Danske kroner;NOK;Norske kroner;SP;Spot;2;false;2;Hundre;C;ECB concertation tidspunkt 14:15 CET;2023-07-28;149,85
B;Virkedag;DKK;Danske kroner;NOK;Norske kroner;SP;Spot;2;false;2;Hundre;C;ECB concertation tidspunkt 14:15 CET;2023-07-31;150,02
B;Virkedag;DKK;Danske kroner;NOK;Norske kroner;SP;Spot;2;false;2;Hundre;C;ECB concertation tidspunkt 14:15 CET;2023-08-01;150,45
B;Virkedag;DKK;Danske kroner;NOK;Norske kroner;SP;Spot;2;false;2;Hundre;C;ECB concertation tidspunkt 14:15 CET;2023-08-02;149,78
B;Virkedag;DKK;Danske kroner;NOK;Norske kroner;SP;Spot;2;false;2;Hundre;C;ECB concertation tidspunkt 14:15 CET;2023-08-03;151,33
B;Virkedag;DKK;Danske kroner;NOK;Norske kroner;SP;Spot;2;false;2;Hundre;C;ECB concertation tidspunkt 14:15 CET;2023-08-04;150,12
B;Virkedag;DKK;Danske kroner;NOK;Norske kroner;SP;Spot;2;false;2;Hundre;C;ECB concertation tidspunkt 14:15 CET;2023-08-07;149,61
B;Virkedag;DKK;Danske kroner;NOK;Norske kroner;SP;Spot;2;false;2;Hundre;C;ECB concertation tidspunkt 14:15 CET;2023-08-08;151,58
B;Virkedag;DKK;Danske kroner;NOK;Norske kroner;SP;Spot;2;false;2;Hundre;C;ECB concertation tidspunkt 14:15 CET;2023-08-09;150,4
B;Virkedag;DKK;Danske kroner;NOK;Norske kroner;SP;Spot;2;false;2;Hundre;C;ECB concertation tidspunkt 14:15 CET;2023-08-10;150,02
B;Virkedag;DKK;Danske kroner;NOK;Norske kroner;SP;Spot;2;false;2;Hundre;C;ECB concertation tidspunkt 14:15 CET;2023-08-11;153,3
B;Virkedag;DKK;Danske kroner;NOK;Norske kroner;SP;Spot;2;false;2;Hundre;C;ECB concertation tidspunkt 14:15 CET;2023-08-14;153,45
B;Virkedag;DKK;Danske kroner;NOK;Norske kroner;SP;Spot;2;false;2;Hundre;C;ECB concertation tidspunkt 14:15 CET;2023-08-15;153,93
B;Virkedag;DKK;Danske kroner;NOK;Norske kroner;SP;Spot;2;false;2;Hundre;C;ECB concertation tidspunkt 14:15 CET;2023-08-16;153,69
B;Virkedag;DKK;Danske kroner;NOK;Norske kroner;SP;Spot;2;false;2;Hundre;C;ECB concertation tidspunkt 14:15 CET;2023-08-17;154,31
B;Virkedag;DKK;Danske kroner;NOK;Norske kroner;SP;Spot;2;false;2;Hundre;C;ECB concertation tidspunkt 14:15 CET;2023-08-18;155,41
B;Virkedag;DKK;Danske kroner;NOK;Norske kroner;SP;Spot;2;false;2;Hundre;C;ECB concertation tidspunkt 14:15 CET;2023-08-21;154,59
B;Virkedag;DKK;Danske kroner;NOK;Norske kroner;SP;Spot;2;false;2;Hundre;C;ECB concertation tidspunkt 14:15 CET;2023-08-22;154,55
B;Virkedag;DKK;Danske kroner;NOK;Norske kroner;SP;Spot;2;false;2;Hundre;C;ECB concertation tidspunkt 14:15 CET;2023-08-23;155,28
B;Virkedag;DKK;Danske kroner;NOK;Norske kroner;SP;Spot;2;false;2;Hundre;C;ECB concertation tidspunkt 14:15 CET;2023-08-24;155,32
B;Virkedag;DKK;Danske kroner;NOK;Norske kroner;SP;Spot;2;false;2;Hundre;C;ECB concertation tidspunkt 14:15 CET;2023-08-25;154,53
B;Virkedag;DKK;Danske kroner;NOK;Norske kroner;SP;Spot;2;false;2;Hundre;C;ECB concertation tidspunkt 14:15 CET;2023-08-28;155,25
B;Virkedag;DKK;Danske kroner;NOK;Norske kroner;SP;Spot;2;false;2;Hundre;C;ECB concertation tidspunkt 14:15 CET;2023-08-29;155,17
B;Virkedag;DKK;Danske kroner;NOK;Norske kroner;SP;Spot;2;false;2;Hundre;C;ECB concertation tidspunkt 14:15 CET;2023-08-30;154,92
B;Virkedag;DKK;Danske kroner;NOK;Norske kroner;SP;Spot;2;false;2;Hundre;C;ECB concertation tidspunkt 14:15 CET;2023-08-31;155,39
B;Virkedag;DKK;Danske kroner;NOK;Norske kroner;SP;Spot;2;false;2;Hundre;C;ECB concertation tidspunkt 14:15 CET;2023-09-01;154,12
B;Virkedag;DKK;Danske kroner;NOK;Norske kroner;SP;Spot;2;false;2;Hundre;C;ECB concertation tidspunkt 14:15 CET;2023-09-04;154,31
B;Virkedag;DKK;Danske kroner;NOK;Norske kroner;SP;Spot;2;false;2;Hundre;C;ECB concertation tidspunkt 14:15 CET;2023-09-05;154,88
B;Virkedag;DKK;Danske kroner;NOK;Norske kroner;SP;Spot;2;false;2;Hundre;C;ECB concertation tidspunkt 14:15 CET;2023-09-06;154,12
B;Virkedag;DKK;Danske kroner;NOK;Norske kroner;SP;Spot;2;false;2;Hundre;C;ECB concertation tidspunkt 14:15 CET;2023-09-07;153,9
B;Virkedag;DKK;Danske kroner;NOK;Norske kroner;SP;Spot;2;false;2;Hundre;C;ECB concertation tidspunkt 14:15 CET;2023-09-08;153,13
B;Virkedag;DKK;Danske kroner;NOK;Norske kroner;SP;Spot;2;false;2;Hundre;C;ECB concertation tidspunkt 14:15 CET;2023-09-11;153,17
B;Virkedag;DKK;Danske kroner;NOK;Norske kroner;SP;Spot;2;false;2;Hundre;C;ECB concertation tidspunkt 14:15 CET;2023-09-12;153,54
B;Virkedag;DKK;Danske kroner;NOK;Norske kroner;SP;Spot;2;false;2;Hundre;C;ECB concertation tidspunkt 14:15 CET;2023-09-13;153,84
B;Virkedag;DKK;Danske kroner;NOK;Norske kroner;SP;Spot;2;false;2;Hundre;C;ECB concertation tidspunkt 14:15 CET;2023-09-14;154,2
B;Virkedag;DKK;Danske kroner;NOK;Norske kroner;SP;Spot;2;false;2;Hundre;C;ECB concertation tidspunkt 14:15 CET;2023-09-15;153,17
B;Virkedag;DKK;Danske kroner;NOK;Norske kroner;SP;Spot;2;false;2;Hundre;C;ECB concertation tidspunkt 14:15 CET;2023-09-18;155,18
B;Virkedag;DKK;Danske kroner;NOK;Norske kroner;SP;Spot;2;false;2;Hundre;C;ECB concertation tidspunkt 14:15 CET;2023-09-19;154,13
B;Virkedag;DKK;Danske kroner;NOK;Norske kroner;SP;Spot;2;false;2;Hundre;C;ECB concertation tidspunkt 14:15 CET;2023-09-20;154,06
B;Virkedag;DKK;Danske kroner;NOK;Norske kroner;SP;Spot;2;false;2;Hundre;C;ECB concertation tidspunkt 14:15 CET;2023-09-21;154,63
B;Virkedag;DKK;Danske kroner;NOK;Norske kroner;SP;Spot;2;false;2;Hundre;C;ECB concertation tidspunkt 14:15 CET;2023-09-22;153,27
B;Virkedag;DKK;Danske kroner;NOK;Norske kroner;SP;Spot;2;false;2;Hundre;C;ECB concertation tidspunkt 14:15 CET;2023-09-25;153,28
B;Virkedag;DKK;Danske kroner;NOK;Norske kroner;SP;Spot;2;false;2;Hundre;C;ECB concertation tidspunkt 14:15 CET;2023-09-26;153,4
B;Virkedag;DKK;Danske kroner;NOK;Norske kroner;SP;Spot;2;false;2;Hundre;C;ECB concertation tidspunkt 14:15 CET;2023-09-27;152,36
B;Virkedag;DKK;Danske kroner;NOK;Norske kroner;SP;Spot;2;false;2;Hundre;C;ECB concertation tidspunkt 14:15 CET;2023-09-28;151,77
B;Virkedag;DKK;Danske kroner;NOK;Norske kroner;SP;Spot;2;false;2;Hundre;C;ECB concertation tidspunkt 14:15 CET;2023-09-29;150,91
B;Virkedag;DKK;Danske kroner;NOK;Norske kroner;SP;Spot;2;false;2;Hundre;C;ECB concertation tidspunkt 14:15 CET;2023-10-02;151,81
B;Virkedag;DKK;Danske kroner;NOK;Norske kroner;SP;Spot;2;false;2;Hundre;C;ECB concertation tidspunkt 14:15 CET;2023-10-03;153,19
B;Virkedag;DKK;Danske kroner;NOK;Norske kroner;SP;Spot;2;false;2;Hundre;C;ECB concertation tidspunkt 14:15 CET;2023-10-04;154,36
B;Virkedag;DKK;Danske kroner;NOK;Norske kroner;SP;Spot;2;false;2;Hundre;C;ECB concertation tidspunkt 14:15 CET;2023-10-05;155,14
B;Virkedag;DKK;Danske kroner;NOK;Norske kroner;SP;Spot;2;false;2;Hundre;C;ECB concertation tidspunkt 14:15 CET;2023-10-06;155,67
B;Virkedag;DKK;Danske kroner;NOK;Norske kroner;SP;Spot;2;false;2;Hundre;C;ECB concertation tidspunkt 14:15 CET;2023-10-09;153,98
B;Virkedag;DKK;Danske kroner;NOK;Norske kroner;SP;Spot;2;false;2;Hundre;C;ECB concertation tidspunkt 14:15 CET;2023-10-10;154,18
B;Virkedag;DKK;Danske kroner;NOK;Norske kroner;SP;Spot;2;false;2;Hundre;C;ECB concertation tidspunkt 14:15 CET;2023-10-11;154,16
B;Virkedag;DKK;Danske kroner;NOK;Norske kroner;SP;Spot;2;false;2;Hundre;C;ECB concertation tidspunkt 14:15 CET;2023-10-12;154,46
B;Virkedag;DKK;Danske kroner;NOK;Norske kroner;SP;Spot;2;false;2;Hundre;C;ECB concertation tidspunkt 14:15 CET;2023-10-13;154,41
B;Virkedag;DKK;Danske kroner;NOK;Norske kroner;SP;Spot;2;false;2;Hundre;C;ECB concertation tidspunkt 14:15 CET;2023-10-16;154,4
B;Virkedag;DKK;Danske kroner;NOK;Norske kroner;SP;Spot;2;false;2;Hundre;C;ECB concertation tidspunkt 14:15 CET;2023-10-17;155,15
B;Virkedag;DKK;Danske kroner;NOK;Norske kroner;SP;Spot;2;false;2;Hundre;C;ECB concertation tidspunkt 14:15 CET;2023-10-18;155,41
B;Virkedag;DKK;Danske kroner;NOK;Norske kroner;SP;Spot;2;false;2;Hundre;C;ECB concertation tidspunkt 14:15 CET;2023-10-19;156,75
B;Virkedag;DKK;Danske kroner;NOK;Norske kroner;SP;Spot;2;false;2;Hundre;C;ECB concertation tidspunkt 14:15 CET;2023-10-20;156,54
B;Virkedag;DKK;Danske kroner;NOK;Norske kroner;SP;Spot;2;false;2;Hundre;C;ECB concertation tidspunkt 14:15 CET;2023-10-23;158,08
B;Virkedag;DKK;Danske kroner;NOK;Norske kroner;SP;Spot;2;false;2;Hundre;C;ECB concertation tidspunkt 14:15 CET;2023-10-24;158,42
B;Virkedag;DKK;Danske kroner;NOK;Norske kroner;SP;Spot;2;false;2;Hundre;C;ECB concertation tidspunkt 14:15 CET;2023-10-25;158,6
B;Virkedag;DKK;Danske kroner;NOK;Norske kroner;SP;Spot;2;false;2;Hundre;C;ECB concertation tidspunkt 14:15 CET;2023-10-26;158,85
B;Virkedag;DKK;Danske kroner;NOK;Norske kroner;SP;Spot;2;false;2;Hundre;C;ECB concertation tidspunkt 14:15 CET;2023-10-27;158,48
B;Virkedag;DKK;Danske kroner;NOK;Norske kroner;SP;Spot;2;false;2;Hundre;C;ECB concertation tidspunkt 14:15 CET;2023-10-30;157,97
B;Virkedag;DKK;Danske kroner;NOK;Norske kroner;SP;Spot;2;false;2;Hundre;C;ECB concertation tidspunkt 14:15 CET;2023-10-31;159,06
B;Virkedag;DKK;Danske kroner;NOK;Norske kroner;SP;Spot;2;false;2;Hundre;C;ECB concertation tidspunkt 14:15 CET;2023-11-01;158,03
B;Virkedag;DKK;Danske kroner;NOK;Norske kroner;SP;Spot;2;false;2;Hundre;C;ECB concertation tidspunkt 14:15 CET;2023-11-02;159,1
B;Virkedag;DKK;Danske kroner;NOK;Norske kroner;SP;Spot;2;false;2;Hundre;C;ECB concertation tidspunkt 14:15 CET;2023-11-03;158,84
B;Virkedag;DKK;Danske kroner;NOK;Norske kroner;SP;Spot;2;false;2;Hundre;C;ECB concertation tidspunkt 14:15 CET;2023-11-06;158,52
B;Virkedag;DKK;Danske kroner;NOK;Norske kroner;SP;Spot;2;false;2;Hundre;C;ECB concertation tidspunkt 14:15 CET;2023-11-07;159,86
B;Virkedag;DKK;Danske kroner;NOK;Norske kroner;SP;Spot;2;false;2;Hundre;C;ECB concertation tidspunkt 14:15 CET;2023-11-08;159,97
B;Virkedag;DKK;Danske kroner;NOK;Norske kroner;SP;Spot;2;false;2;Hundre;C;ECB concertation tidspunkt 14:15 CET;2023-11-09;160
B;Virkedag;DKK;Danske kroner;NOK;Norske kroner;SP;Spot;2;false;2;Hundre;C;ECB concertation tidspunkt 14:15 CET;2023-11-10;159,2
B;Virkedag;DKK;Danske kroner;NOK;Norske kroner;SP;Spot;2;false;2;Hundre;C;ECB concertation tidspunkt 14:15 CET;2023-11-13;159,21
B;Virkedag;DKK;Danske kroner;NOK;Norske kroner;SP;Spot;2;false;2;Hundre;C;ECB concertation tidspunkt 14:15 CET;2023-11-14;160,13
B;Virkedag;DKK;Danske kroner;NOK;Norske kroner;SP;Spot;2;false;2;Hundre;C;ECB concertation tidspunkt 14:15 CET;2023-11-15;157,48
B;Virkedag;DKK;Danske kroner;NOK;Norske kroner;SP;Spot;2;false;2;Hundre;C;ECB concertation tidspunkt 14:15 CET;2023-11-16;157,76
B;Virkedag;DKK;Danske kroner;NOK;Norske kroner;SP;Spot;2;false;2;Hundre;C;ECB concertation tidspunkt 14:15 CET;2023-11-17;158,36
B;Virkedag;DKK;Danske kroner;NOK;Norske kroner;SP;Spot;2;false;2;Hundre;C;ECB concertation tidspunkt 14:15 CET;2023-11-20;157,18
B;Virkedag;DKK;Danske kroner;NOK;Norske kroner;SP;Spot;2;false;2;Hundre;C;ECB concertation tidspunkt 14:15 CET;2023-11-21;156,53
B;Virkedag;DKK;Danske kroner;NOK;Norske kroner;SP;Spot;2;false;2;Hundre;C;ECB concertation tidspunkt 14:15 CET;2023-11-22;156,97
B;Virkedag;DKK;Danske kroner;NOK;Norske kroner;SP;Spot;2;false;2;Hundre;C;ECB concertation tidspunkt 14:15 CET;2023-11-23;157,07
B;Virkedag;DKK;Danske kroner;NOK;Norske kroner;SP;Spot;2;false;2;Hundre;C;ECB concertation tidspunkt 14:15 CET;2023-11-24;157,39
B;Virkedag;DKK;Danske kroner;NOK;Norske kroner;SP;Spot;2;false;2;Hundre;C;ECB concertation tidspunkt 14:15 CET;2023-11-27;156,72
B;Virkedag;DKK;Danske kroner;NOK;Norske kroner;SP;Spot;2;false;2;Hundre;C;ECB concertation tidspunkt 14:15 CET;2023-11-28;157,14
B;Virkedag;DKK;Danske kroner;NOK;Norske kroner;SP;Spot;2;false;2;Hundre;C;ECB concertation tidspunkt 14:15 CET;2023-11-29;156,86
B;Virkedag;DKK;Danske kroner;NOK;Norske kroner;SP;Spot;2;false;2;Hundre;C;ECB concertation tidspunkt 14:15 CET;2023-11-30;157,21
B;Virkedag;DKK;Danske kroner;NOK;Norske kroner;SP;Spot;2;false;2;Hundre;C;ECB concertation tidspunkt 14:15 CET;2023-12-01;156,93
B;Virkedag;DKK;Danske kroner;NOK;Norske kroner;SP;Spot;2;false;2;Hundre;C;ECB concertation tidspunkt 14:15 CET;2023-12-04;156,62
B;Virkedag;DKK;Danske kroner;NOK;Norske kroner;SP;Spot;2;false;2;Hundre;C;ECB concertation tidspunkt 14:15 CET;2023-12-05;158,08
B;Virkedag;DKK;Danske kroner;NOK;Norske kroner;SP;Spot;2;false;2;Hundre;C;ECB concertation tidspunkt 14:15 CET;2023-12-06;158,21
B;Virkedag;DKK;Danske kroner;NOK;Norske kroner;SP;Spot;2;false;2;Hundre;C;ECB concertation tidspunkt 14:15 CET;2023-12-07;157,66
B;Virkedag;DKK;Danske kroner;NOK;Norske kroner;SP;Spot;2;false;2;Hundre;C;ECB concertation tidspunkt 14:15 CET;2023-12-08;157,29
B;Virkedag;DKK;Danske kroner;NOK;Norske kroner;SP;Spot;2;false;2;Hundre;C;ECB concertation tidspunkt 14:15 CET;2023-12-11;158,19
B;Virkedag;DKK;Danske kroner;NOK;Norske kroner;SP;Spot;2;false;2;Hundre;C;ECB concertation tidspunkt 14:15 CET;2023-12-12;157,95
B;Virkedag;DKK;Danske kroner;NOK;Norske kroner;SP;Spot;2;false;2;Hundre;C;ECB concertation tidspunkt 14:15 CET;2023-12-13;158,58
B;Virkedag;DKK;Danske kroner;NOK;Norske kroner;SP;Spot;2;false;2;Hundre;C;ECB concertation tidspunkt 14:15 CET;2023-12-14;154,47
B;Virkedag;DKK;Danske kroner;NOK;Norske kroner;SP;Spot;2;false;2;Hundre;C;ECB concertation tidspunkt 14:15 CET;2023-12-15;153,57
B;Virkedag;DKK;Danske kroner;NOK;Norske kroner;SP;Spot;2;false;2;Hundre;C;ECB concertation tidspunkt 14:15 CET;2023-12-18;152,23
B;Virkedag;DKK;Danske kroner;NOK;Norske kroner;SP;Spot;2;false;2;Hundre;C;ECB concertation tidspunkt 14:15 CET;2023-12-19;152,43
B;Virkedag;DKK;Danske kroner;NOK;Norske kroner;SP;Spot;2;false;2;Hundre;C;ECB concertation tidspunkt 14:15 CET;2023-12-20;151,4
B;Virkedag;DKK;Danske kroner;NOK;Norske kroner;SP;Spot;2;false;2;Hundre;C;ECB concertation tidspunkt 14:15 CET;2023-12-21;151,76
B;Virkedag;DKK;Danske kroner;NOK;Norske kroner;SP;Spot;2;false;2;Hundre;C;ECB concertation tidspunkt 14:15 CET;2023-12-22;151,16
B;Virkedag;DKK;Danske kroner;NOK;Norske kroner;SP;Spot;2;false;2;Hundre;C;ECB concertation tidspunkt 14:15 CET;2023-12-27;150,71
B;Virkedag;DKK;Danske kroner;NOK;Norske kroner;SP;Spot;2;false;2;Hundre;C;ECB concertation tidspunkt 14:15 CET;2023-12-28;151,08
B;Virkedag;DKK;Danske kroner;NOK;Norske kroner;SP;Spot;2;false;2;Hundre;C;ECB concertation tidspunkt 14:15 CET;2023-12-29;150,82
B;Virkedag;DKK;Danske kroner;NOK;Norske kroner;SP;Spot;2;false;2;Hundre;C;ECB concertation tidspunkt 14:15 CET;2024-01-02;151,33
B;Virkedag;DKK;Danske kroner;NOK;Norske kroner;SP;Spot;2;false;2;Hundre;C;ECB concertation tidspunkt 14:15 CET;2024-01-03;151,78
B;Virkedag;DKK;Danske kroner;NOK;Norske kroner;SP;Spot;2;false;2;Hundre;C;ECB concertation tidspunkt 14:15 CET;2024-01-04;151,29
B;Virkedag;DKK;Danske kroner;NOK;Norske kroner;SP;Spot;2;false;2;Hundre;C;ECB concertation tidspunkt 14:15 CET;2024-01-05;151,63
B;Virkedag;DKK;Danske kroner;NOK;Norske kroner;SP;Spot;2;false;2;Hundre;C;ECB concertation tidspunkt 14:15 CET;2024-01-08;152,28
B;Virkedag;DKK;Danske kroner;NOK;Norske kroner;SP;Spot;2;false;2;Hundre;C;ECB concertation tidspunkt 14:15 CET;2024-01-09;151,63
B;Virkedag;DKK;Danske kroner;NOK;Norske kroner;SP;Spot;2;false;2;Hundre;C;ECB concertation tidspunkt 14:15 CET;2024-01-10;151,4
B;Virkedag;DKK;Danske kroner;NOK;Norske kroner;SP;Spot;2;false;2;Hundre;C;ECB concertation tidspunkt 14:15 CET;2024-01-11;151,92
B;Virkedag;DKK;Danske kroner;NOK;Norske kroner;SP;Spot;2;false;2;Hundre;C;ECB concertation tidspunkt 14:15 CET;2024-01-12;151,23
B;Virkedag;DKK;Danske kroner;NOK;Norske kroner;SP;Spot;2;false;2;Hundre;C;ECB concertation tidspunkt 14:15 CET;2024-01-15;151,68
B;Virkedag;DKK;Danske kroner;NOK;Norske kroner;SP;Spot;2;false;2;Hundre;C;ECB concertation tidspunkt 14:15 CET;2024-01-16;151,96
B;Virkedag;DKK;Danske kroner;NOK;Norske kroner;SP;Spot;2;false;2;Hundre;C;ECB concertation tidspunkt 14:15 CET;2024-01-17;153,29
B;Virkedag;DKK;Danske kroner;NOK;Norske kroner;SP;Spot;2;false;2;Hundre;C;ECB concertation tidspunkt 14:15 CET;2024-01-18;153,49
B;Virkedag;DKK;Danske kroner;NOK;Norske kroner;SP;Spot;2;false;2;Hundre;C;ECB concertation tidspunkt 14:15 CET;2024-01-19;153
B;Virkedag;DKK;Danske kroner;NOK;Norske kroner;SP;Spot;2;false;2;Hundre;C;ECB concertation tidspunkt 14:15 CET;2024-01-22;153,4
B;Virkedag;DKK;Danske kroner;NOK;Norske kroner;SP;Spot;2;false;2;Hundre;C;ECB concertation tidspunkt 14:15 CET;2024-01-23;153,27
B;Virkedag;DKK;Danske kroner;NOK;Norske kroner;SP;Spot;2;false;2;Hundre;C;ECB concertation tidspunkt 14:15 CET;2024-01-24;153,09
B;Virkedag;DKK;Danske kroner;NOK;Norske kroner;SP;Spot;2;false;2;Hundre;C;ECB concertation tidspunkt 14:15 CET;2024-01-25;152,77
B;Virkedag;DKK;Danske kroner;NOK;Norske kroner;SP;Spot;2;false;2;Hundre;C;ECB concertation tidspunkt 14:15 CET;2024-01-26;152,01
B;Virkedag;DKK;Danske kroner;NOK;Norske kroner;SP;Spot;2;false;2;Hundre;C;ECB concertation tidspunkt 14:15 CET;2024-01-29;151,67
B;Virkedag;DKK;Danske kroner;NOK;Norske kroner;SP;Spot;2;false;2;Hundre;C;ECB concertation tidspunkt 14:15 CET;2024-01-30;152,1
B;Virkedag;DKK;Danske kroner;NOK;Norske kroner;SP;Spot;2;false;2;Hundre;C;ECB concertation tidspunkt 14:15 CET;2024-01-31;152,26
B;Virkedag;DKK;Danske kroner;NOK;Norske kroner;SP;Spot;2;false;2;Hundre;C;ECB concertation tidspunkt 14:15 CET;2024-02-01;152,48
B;Virkedag;DKK;Danske kroner;NOK;Norske kroner;SP;Spot;2;false;2;Hundre;C;ECB concertation tidspunkt 14:15 CET;2024-02-02;152,76
B;Virkedag;DKK;Danske kroner;NOK;Norske kroner;SP;Spot;2;false;2;Hundre;C;ECB concertation tidspunkt 14:15 CET;2024-02-05;153,77
B;Virkedag;DKK;Danske kroner;NOK;Norske kroner;SP;Spot;2;false;2;Hundre;C;ECB concertation tidspunkt 14:15 CET;2024-02-06;153,58
B;Virkedag;DKK;Danske kroner;NOK;Norske kroner;SP;Spot;2;false;2;Hundre;C;ECB concertation tidspunkt 14:15 CET;2024-02-07;152,52
B;Virkedag;DKK;Danske kroner;NOK;Norske kroner;SP;Spot;2;false;2;Hundre;C;ECB concertation tidspunkt 14:15 CET;2024-02-08;153,05
B;Virkedag;DKK;Danske kroner;NOK;Norske kroner;SP;Spot;2;false;2;Hundre;C;ECB concertation tidspunkt 14:15 CET;2024-02-09;152,93
B;Virkedag;DKK;Danske kroner;NOK;Norske kroner;SP;Spot;2;false;2;Hundre;C;ECB concertation tidspunkt 14:15 CET;2024-02-12;151,85
B;Virkedag;DKK;Danske kroner;NOK;Norske kroner;SP;Spot;2;false;2;Hundre;C;ECB concertation tidspunkt 14:15 CET;2024-02-13;151,61
B;Virkedag;DKK;Danske kroner;NOK;Norske kroner;SP;Spot;2;false;2;Hundre;C;ECB concertation tidspunkt 14:15 CET;2024-02-14;152,11
B;Virkedag;DKK;Danske kroner;NOK;Norske kroner;SP;Spot;2;false;2;Hundre;C;ECB concertation tidspunkt 14:15 CET;2024-02-15;152,4
B;Virkedag;DKK;Danske kroner;NOK;Norske kroner;SP;Spot;2;false;2;Hundre;C;ECB concertation tidspunkt 14:15 CET;2024-02-16;152,33
B;Virkedag;DKK;Danske kroner;NOK;Norske kroner;SP;Spot;2;false;2;Hundre;C;ECB concertation tidspunkt 14:15 CET;2024-02-19;151,64
B;Virkedag;DKK;Danske kroner;NOK;Norske kroner;SP;Spot;2;false;2;Hundre;C;ECB concertation tidspunkt 14:15 CET;2024-02-20;151,96
B;Virkedag;DKK;Danske kroner;NOK;Norske kroner;SP;Spot;2;false;2;Hundre;C;ECB concertation tidspunkt 14:15 CET;2024-02-21;152,05
B;Virkedag;DKK;Danske kroner;NOK;Norske kroner;SP;Spot;2;false;2;Hundre;C;ECB concertation tidspunkt 14:15 CET;2024-02-22;152,35
B;Virkedag;DKK;Danske kroner;NOK;Norske kroner;SP;Spot;2;false;2;Hundre;C;ECB concertation tidspunkt 14:15 CET;2024-02-23;152,78
B;Virkedag;DKK;Danske kroner;NOK;Norske kroner;SP;Spot;2;false;2;Hundre;C;ECB concertation tidspunkt 14:15 CET;2024-02-26;153,32
B;Virkedag;DKK;Danske kroner;NOK;Norske kroner;SP;Spot;2;false;2;Hundre;C;ECB concertation tidspunkt 14:15 CET;2024-02-27;153,33
B;Virkedag;DKK;Danske kroner;NOK;Norske kroner;SP;Spot;2;false;2;Hundre;C;ECB concertation tidspunkt 14:15 CET;2024-02-28;153,84
B;Virkedag;DKK;Danske kroner;NOK;Norske kroner;SP;Spot;2;false;2;Hundre;C;ECB concertation tidspunkt 14:15 CET;2024-02-29;154,17
B;Virkedag;DKK;Danske kroner;NOK;Norske kroner;SP;Spot;2;false;2;Hundre;C;ECB concertation tidspunkt 14:15 CET;2024-03-01;153,51
B;Virkedag;DKK;Danske kroner;NOK;Norske kroner;SP;Spot;2;false;2;Hundre;C;ECB concertation tidspunkt 14:15 CET;2024-03-04;153,38
B;Virkedag;DKK;Danske kroner;NOK;Norske kroner;SP;Spot;2;false;2;Hundre;C;ECB concertation tidspunkt 14:15 CET;2024-03-05;153,94
B;Virkedag;DKK;Danske kroner;NOK;Norske kroner;SP;Spot;2;false;2;Hundre;C;ECB concertation tidspunkt 14:15 CET;2024-03-06;153,84
B;Virkedag;DKK;Danske kroner;NOK;Norske kroner;SP;Spot;2;false;2;Hundre;C;ECB concertation tidspunkt 14:15 CET;2024-03-07;152,83
B;Virkedag;DKK;Danske kroner;NOK;Norske kroner;SP;Spot;2;false;2;Hundre;C;ECB concertation tidspunkt 14:15 CET;2024-03-08;152,11
B;Virkedag;DKK;Danske kroner;NOK;Norske kroner;SP;Spot;2;false;2;Hundre;C;ECB concertation tidspunkt 14:15 CET;2024-03-11;153,46
B;Virkedag;DKK;Danske kroner;NOK;Norske kroner;SP;Spot;2;false;2;Hundre;C;ECB concertation tidspunkt 14:15 CET;2024-03-12;153,78
B;Virkedag;DKK;Danske kroner;NOK;Norske kroner;SP;Spot;2;false;2;Hundre;C;ECB concertation tidspunkt 14:15 CET;2024-03-13;153,95
B;Virkedag;DKK;Danske kroner;NOK;Norske kroner;SP;Spot;2;false;2;Hundre;C;ECB concertation tidspunkt 14:15 CET;2024-03-14;153,78
B;Virkedag;DKK;Danske kroner;NOK;Norske kroner;SP;Spot;2;false;2;Hundre;C;ECB concertation tidspunkt 14:15 CET;2024-03-15;154,49
B;Virkedag;DKK;Danske kroner;NOK;Norske kroner;SP;Spot;2;false;2;Hundre;C;ECB concertation tidspunkt 14:15 CET;2024-03-18;154,97
B;Virkedag;DKK;Danske kroner;NOK;Norske kroner;SP;Spot;2;false;2;Hundre;C;ECB concertation tidspunkt 14:15 CET;2024-03-19;155,54
B;Virkedag;DKK;Danske kroner;NOK;Norske kroner;SP;Spot;2;false;2;Hundre;C;ECB concertation tidspunkt 14:15 CET;2024-03-20;155,19
B;Virkedag;DKK;Danske kroner;NOK;Norske kroner;SP;Spot;2;false;2;Hundre;C;ECB concertation tidspunkt 14:15 CET;2024-03-21;154,78
B;Virkedag;DKK;Danske kroner;NOK;Norske kroner;SP;Spot;2;false;2;Hundre;C;ECB concertation tidspunkt 14:15 CET;2024-03-22;155,76
B;Virkedag;DKK;Danske kroner;NOK;Norske kroner;SP;Spot;2;false;2;Hundre;C;ECB concertation tidspunkt 14:15 CET;2024-03-25;155,59
B;Virkedag;DKK;Danske kroner;NOK;Norske kroner;SP;Spot;2;false;2;Hundre;C;ECB concertation tidspunkt 14:15 CET;2024-03-26;155,87
B;Virkedag;DKK;Danske kroner;NOK;Norske kroner;SP;Spot;2;false;2;Hundre;C;ECB concertation tidspunkt 14:15 CET;2024-03-27;156,64
B;Virkedag;DKK;Danske kroner;NOK;Norske kroner;SP;Spot;2;false;2;Hundre;C;ECB concertation tidspunkt 14:15 CET;2024-04-02;156,98
B;Virkedag;DKK;Danske kroner;NOK;Norske kroner;SP;Spot;2;false;2;Hundre;C;ECB concertation tidspunkt 14:15 CET;2024-04-03;156,3
B;Virkedag;DKK;Danske kroner;NOK;Norske kroner;SP;Spot;2;false;2;Hundre;C;ECB concertation tidspunkt 14:15 CET;2024-04-04;155,69
B;Virkedag;DKK;Danske kroner;NOK;Norske kroner;SP;Spot;2;false;2;Hundre;C;ECB concertation tidspunkt 14:15 CET;2024-04-05;155,68
B;Virkedag;DKK;Danske kroner;NOK;Norske kroner;SP;Spot;2;false;2;Hundre;C;ECB concertation tidspunkt 14:15 CET;2024-04-08;155,39
B;Virkedag;DKK;Danske kroner;NOK;Norske kroner;SP;Spot;2;false;2;Hundre;C;ECB concertation tidspunkt 14:15 CET;2024-04-09;155,42
B;Virkedag;DKK;Danske kroner;NOK;Norske kroner;SP;Spot;2;false;2;Hundre;C;ECB concertation tidspunkt 14:15 CET;2024-04-10;155,06
B;Virkedag;DKK;Danske kroner;NOK;Norske kroner;SP;Spot;2;false;2;Hundre;C;ECB concertation tidspunkt 14:15 CET;2024-04-11;155,73
B;Virkedag;DKK;Danske kroner;NOK;Norske kroner;SP;Spot;2;false;2;Hundre;C;ECB concertation tidspunkt 14:15 CET;2024-04-12;155,32
B;Virkedag;DKK;Danske kroner;NOK;Norske kroner;SP;Spot;2;false;2;Hundre;C;ECB concertation tidspunkt 14:15 CET;2024-04-15;155,83
B;Virkedag;DKK;Danske kroner;NOK;Norske kroner;SP;Spot;2;false;2;Hundre;C;ECB concertation tidspunkt 14:15 CET;2024-04-16;156,48
B;Virkedag;DKK;Danske kroner;NOK;Norske kroner;SP;Spot;2;false;2;Hundre;C;ECB concertation tidspunkt 14:15 CET;2024-04-17;156,76
B;Virkedag;DKK;Danske kroner;NOK;Norske kroner;SP;Spot;2;false;2;Hundre;C;ECB concertation tidspunkt 14:15 CET;2024-04-18;157,31
B;Virkedag;DKK;Danske kroner;NOK;Norske kroner;SP;Spot;2;false;2;Hundre;C;ECB concertation tidspunkt 14:15 CET;2024-04-19;157,66
B;Virkedag;DKK;Danske kroner;NOK;Norske kroner;SP;Spot;2;false;2;Hundre;C;ECB concertation tidspunkt 14:15 CET;2024-04-22;157,05
B;Virkedag;DKK;Danske kroner;NOK;Norske kroner;SP;Spot;2;false;2;Hundre;C;ECB concertation tidspunkt 14:15 CET;2024-04-23;157,24
B;Virkedag;DKK;Danske kroner;NOK;Norske kroner;SP;Spot;2;false;2;Hundre;C;ECB concertation tidspunkt 14:15 CET;2024-04-24;157,33
B;Virkedag;DKK;Danske kroner;NOK;Norske kroner;SP;Spot;2;false;2;Hundre;C;ECB concertation tidspunkt 14:15 CET;2024-04-25;157,05
B;Virkedag;DKK;Danske kroner;NOK;Norske kroner;SP;Spot;2;false;2;Hundre;C;ECB concertation tidspunkt 14:15 CET;2024-04-26;158,23
B;Virkedag;DKK;Danske kroner;NOK;Norske kroner;SP;Spot;2;false;2;Hundre;C;ECB concertation tidspunkt 14:15 CET;2024-04-29;158
B;Virkedag;DKK;Danske kroner;NOK;Norske kroner;SP;Spot;2;false;2;Hundre;C;ECB concertation tidspunkt 14:15 CET;2024-04-30;158,41
B;Virkedag;DKK;Danske kroner;NOK;Norske kroner;SP;Spot;2;false;2;Hundre;C;ECB concertation tidspunkt 14:15 CET;2024-05-02;158,78
B;Virkedag;DKK;Danske kroner;NOK;Norske kroner;SP;Spot;2;false;2;Hundre;C;ECB concertation tidspunkt 14:15 CET;2024-05-03;156,98
B;Virkedag;DKK;Danske kroner;NOK;Norske kroner;SP;Spot;2;false;2;Hundre;C;ECB concertation tidspunkt 14:15 CET;2024-05-06;156,41
B;Virkedag;DKK;Danske kroner;NOK;Norske kroner;SP;Spot;2;false;2;Hundre;C;ECB concertation tidspunkt 14:15 CET;2024-05-07;156,82
B;Virkedag;DKK;Danske kroner;NOK;Norske kroner;SP;Spot;2;false;2;Hundre;C;ECB concertation tidspunkt 14:15 CET;2024-05-08;157,6
B;Virkedag;DKK;Danske kroner;NOK;Norske kroner;SP;Spot;2;false;2;Hundre;C;ECB concertation tidspunkt 14:15 CET;2024-05-10;156,47
B;Virkedag;DKK;Danske kroner;NOK;Norske kroner;SP;Spot;2;false;2;Hundre;C;ECB concertation tidspunkt 14:15 CET;2024-05-13;156,55
B;Virkedag;DKK;Danske kroner;NOK;Norske kroner;SP;Spot;2;false;2;Hundre;C;ECB concertation tidspunkt 14:15 CET;2024-05-14;156,57
B;Virkedag;DKK;Danske kroner;NOK;Norske kroner;SP;Spot;2;false;2;Hundre;C;ECB concertation tidspunkt 14:15 CET;2024-05-15;156,12
B;Virkedag;DKK;Danske kroner;NOK;Norske kroner;SP;Spot;2;false;2;Hundre;C;ECB concertation tidspunkt 14:15 CET;2024-05-16;156,03
B;Virkedag;DKK;Danske kroner;NOK;Norske kroner;SP;Spot;2;false;2;Hundre;C;ECB concertation tidspunkt 14:15 CET;2024-05-21;155,23
B;Virkedag;DKK;Danske kroner;NOK;Norske kroner;SP;Spot;2;false;2;Hundre;C;ECB concertation tidspunkt 14:15 CET;2024-05-22;155,26
B;Virkedag;DKK;Danske kroner;NOK;Norske kroner;SP;Spot;2;false;2;Hundre;C;ECB concertation tidspunkt 14:15 CET;2024-05-23;154,33
B;Virkedag;DKK;Danske kroner;NOK;Norske kroner;SP;Spot;2;false;2;Hundre;C;ECB concertation tidspunkt 14:15 CET;2024-05-24;154,07
B;Virkedag;DKK;Danske kroner;NOK;Norske kroner;SP;Spot;2;false;2;Hundre;C;ECB concertation tidspunkt 14:15 CET;2024-05-27;152,98
B;Virkedag;DKK;Danske kroner;NOK;Norske kroner;SP;Spot;2;false;2;Hundre;C;ECB concertation tidspunkt 14:15 CET;2024-05-28;152,88
B;Virkedag;DKK;Danske kroner;NOK;Norske kroner;SP;Spot;2;false;2;Hundre;C;ECB concertation tidspunkt 14:15 CET;2024-05-29;153,03
B;Virkedag;DKK;Danske kroner;NOK;Norske kroner;SP;Spot;2;false;2;Hundre;C;ECB concertation tidspunkt 14:15 CET;2024-05-30;152,91
B;Virkedag;DKK;Danske kroner;NOK;Norske kroner;SP;Spot;2;false;2;Hundre;C;ECB concertation tidspunkt 14:15 CET;2024-05-31;152,61
B;Virkedag;DKK;Danske kroner;NOK;Norske kroner;SP;Spot;2;false;2;Hundre;C;ECB concertation tidspunkt 14:15 CET;2024-06-03;152,68
B;Virkedag;DKK;Danske kroner;NOK;Norske kroner;SP;Spot;2;false;2;Hundre;C;ECB concertation tidspunkt 14:15 CET;2024-06-04;154,03
B;Virkedag;DKK;Danske kroner;NOK;Norske kroner;SP;Spot;2;false;2;Hundre;C;ECB concertation tidspunkt 14:15 CET;2024-06-05;153,84
B;Virkedag;DKK;Danske kroner;NOK;Norske kroner;SP;Spot;2;false;2;Hundre;C;ECB concertation tidspunkt 14:15 CET;2024-06-06;154,17
B;Virkedag;DKK;Danske kroner;NOK;Norske kroner;SP;Spot;2;false;2;Hundre;C;ECB concertation tidspunkt 14:15 CET;2024-06-07;153,95
B;Virkedag;DKK;Danske kroner;NOK;Norske kroner;SP;Spot;2;false;2;Hundre;C;ECB concertation tidspunkt 14:15 CET;2024-06-10;154,33
B;Virkedag;DKK;Danske kroner;NOK;Norske kroner;SP;Spot;2;false;2;Hundre;C;ECB concertation tidspunkt 14:15 CET;2024-06-11;154,07
B;Virkedag;DKK;Danske kroner;NOK;Norske kroner;SP;Spot;2;false;2;Hundre;C;ECB concertation tidspunkt 14:15 CET;2024-06-12;153,74
B;Virkedag;DKK;Danske kroner;NOK;Norske kroner;SP;Spot;2;false;2;Hundre;C;ECB concertation tidspunkt 14:15 CET;2024-06-13;153,25
B;Virkedag;DKK;Danske kroner;NOK;Norske kroner;SP;Spot;2;false;2;Hundre;C;ECB concertation tidspunkt 14:15 CET;2024-06-14;152,84
B;Virkedag;DKK;Danske kroner;NOK;Norske kroner;SP;Spot;2;false;2;Hundre;C;ECB concertation tidspunkt 14:15 CET;2024-06-17;153,96
B;Virkedag;DKK;Danske kroner;NOK;Norske kroner;SP;Spot;2;false;2;Hundre;C;ECB concertation tidspunkt 14:15 CET;2024-06-18;153,46
B;Virkedag;DKK;Danske kroner;NOK;Norske kroner;SP;Spot;2;false;2;Hundre;C;ECB concertation tidspunkt 14:15 CET;2024-06-19;152,21
B;Virkedag;DKK;Danske kroner;NOK;Norske kroner;SP;Spot;2;false;2;Hundre;C;ECB concertation tidspunkt 14:15 CET;2024-06-20;151,4
B;Virkedag;DKK;Danske kroner;NOK;Norske kroner;SP;Spot;2;false;2;Hundre;C;ECB concertation tidspunkt 14:15 CET;2024-06-21;151,09
B;Virkedag;DKK;Danske kroner;NOK;Norske kroner;SP;Spot;2;false;2;Hundre;C;ECB concertation tidspunkt 14:15 CET;2024-06-24;152,15
B;Virkedag;DKK;Danske kroner;NOK;Norske kroner;SP;Spot;2;false;2;Hundre;C;ECB concertation tidspunkt 14:15 CET;2024-06-25;151,84
B;Virkedag;DKK;Danske kroner;NOK;Norske kroner;SP;Spot;2;false;2;Hundre;C;ECB concertation tidspunkt 14:15 CET;2024-06-26;152,76
B;Virkedag;DKK;Danske kroner;NOK;Norske kroner;SP;Spot;2;false;2;Hundre;C;ECB concertation tidspunkt 14:15 CET;2024-06-27;152,82
B;Virkedag;DKK;Danske kroner;NOK;Norske kroner;SP;Spot;2;false;2;Hundre;C;ECB concertation tidspunkt 14:15 CET;2024-06-28;152,82
B;Virkedag;DKK;Danske kroner;NOK;Norske kroner;SP;Spot;2;false;2;Hundre;C;ECB concertation tidspunkt 14:15 CET;2024-07-01;153,27
B;Virkedag;DKK;Danske kroner;NOK;Norske kroner;SP;Spot;2;false;2;Hundre;C;ECB concertation tidspunkt 14:15 CET;2024-07-02;153,9
B;Virkedag;DKK;Danske kroner;NOK;Norske kroner;SP;Spot;2;false;2;Hundre;C;ECB concertation tidspunkt 14:15 CET;2024-07-03;153,62
B;Virkedag;DKK;Danske kroner;NOK;Norske kroner;SP;Spot;2;false;2;Hundre;C;ECB concertation tidspunkt 14:15 CET;2024-07-04;152,86
B;Virkedag;DKK;Danske kroner;NOK;Norske kroner;SP;Spot;2;false;2;Hundre;C;ECB concertation tidspunkt 14:15 CET;2024-07-05;153,47
B;Virkedag;DKK;Danske kroner;NOK;Norske kroner;SP;Spot;2;false;2;Hundre;C;ECB concertation tidspunkt 14:15 CET;2024-07-08;153,61
B;Virkedag;DKK;Danske kroner;NOK;Norske kroner;SP;Spot;2;false;2;Hundre;C;ECB concertation tidspunkt 14:15 CET;2024-07-09;154,02
B;Virkedag;DKK;Danske kroner;NOK;Norske kroner;SP;Spot;2;false;2;Hundre;C;ECB concertation tidspunkt 14:15 CET;2024-07-10;155,58
B;Virkedag;DKK;Danske kroner;NOK;Norske kroner;SP;Spot;2;false;2;Hundre;C;ECB concertation tidspunkt 14:15 CET;2024-07-11;156,46
B;Virkedag;DKK;Danske kroner;NOK;Norske kroner;SP;Spot;2;false;2;Hundre;C;ECB concertation tidspunkt 14:15 CET;2024-07-12;156,85
B;Virkedag;DKK;Danske kroner;NOK;Norske kroner;SP;Spot;2;false;2;Hundre;C;ECB concertation tidspunkt 14:15 CET;2024-07-15;157,42
B;Virkedag;DKK;Danske kroner;NOK;Norske kroner;SP;Spot;2;false;2;Hundre;C;ECB concertation tidspunkt 14:15 CET;2024-07-16;157,91
B;Virkedag;DKK;Danske kroner;NOK;Norske kroner;SP;Spot;2;false;2;Hundre;C;ECB concertation tidspunkt 14:15 CET;2024-07-17;157,62
B;Virkedag;DKK;Danske kroner;NOK;Norske kroner;SP;Spot;2;false;2;Hundre;C;ECB concertation tidspunkt 14:15 CET;2024-07-18;157,47
B;Virkedag;DKK;Danske kroner;NOK;Norske kroner;SP;Spot;2;false;2;Hundre;C;ECB concertation tidspunkt 14:15 CET;2024-07-19;158,5
B;Virkedag;DKK;Danske kroner;NOK;Norske kroner;SP;Spot;2;false;2;Hundre;C;ECB concertation tidspunkt 14:15 CET;2024-07-22;159,7
B;Virkedag;DKK;Danske kroner;NOK;Norske kroner;SP;Spot;2;false;2;Hundre;C;ECB concertation tidspunkt 14:15 CET;2024-07-23;160,35
B;Virkedag;DKK;Danske kroner;NOK;Norske kroner;SP;Spot;2;false;2;Hundre;C;ECB concertation tidspunkt 14:15 CET;2024-07-24;160,04
B;Virkedag;DKK;Danske kroner;NOK;Norske kroner;SP;Spot;2;false;2;Hundre;C;ECB concertation tidspunkt 14:15 CET;2024-07-25;161,91
B;Virkedag;DKK;Danske kroner;NOK;Norske kroner;SP;Spot;2;false;2;Hundre;C;ECB concertation tidspunkt 14:15 CET;2024-07-26;159,96
B;Virkedag;DKK;Danske kroner;NOK;Norske kroner;SP;Spot;2;false;2;Hundre;C;ECB concertation tidspunkt 14:15 CET;2024-07-29;159,67
B;Virkedag;DKK;Danske kroner;NOK;Norske kroner;SP;Spot;2;false;2;Hundre;C;ECB concertation tidspunkt 14:15 CET;2024-07-30;159,32
B;Virkedag;DKK;Danske kroner;NOK;Norske kroner;SP;Spot;2;false;2;Hundre;C;ECB concertation tidspunkt 14:15 CET;2024-07-31;158,37
B;Virkedag;DKK;Danske kroner;NOK;Norske kroner;SP;Spot;2;false;2;Hundre;C;ECB concertation tidspunkt 14:15 CET;2024-08-01;157,43
B;Virkedag;DKK;Danske kroner;NOK;Norske kroner;SP;Spot;2;false;2;Hundre;C;ECB concertation tidspunkt 14:15 CET;2024-08-02;159,86
B;Virkedag;DKK;Danske kroner;NOK;Norske kroner;SP;Spot;2;false;2;Hundre;C;ECB concertation tidspunkt 14:15 CET;2024-08-05;162,33
B;Virkedag;DKK;Danske kroner;NOK;Norske kroner;SP;Spot;2;false;2;Hundre;C;ECB concertation tidspunkt 14:15 CET;2024-08-06;160,8
B;Virkedag;DKK;Danske kroner;NOK;Norske kroner;SP;Spot;2;false;2;Hundre;C;ECB concertation tidspunkt 14:15 CET;2024-08-07;157,87
B;Virkedag;DKK;Danske kroner;NOK;Norske kroner;SP;Spot;2;false;2;Hundre;C;ECB concertation tidspunkt 14:15 CET;2024-08-08;159,24
B;Virkedag;DKK;Danske kroner;NOK;Norske kroner;SP;Spot;2;false;2;Hundre;C;ECB concertation tidspunkt 14:15 CET;2024-08-09;158,53
B;Virkedag;DKK;Danske kroner;NOK;Norske kroner;SP;Spot;2;false;2;Hundre;C;ECB concertation tidspunkt 14:15 CET;2024-08-12;157,78
B;Virkedag;DKK;Danske kroner;NOK;Norske kroner;SP;Spot;2;false;2;Hundre;C;ECB concertation tidspunkt 14:15 CET;2024-08-13;158,09
B;Virkedag;DKK;Danske kroner;NOK;Norske kroner;SP;Spot;2;false;2;Hundre;C;ECB concertation tidspunkt 14:15 CET;2024-08-14;157,69
B;Virkedag;DKK;Danske kroner;NOK;Norske kroner;SP;Spot;2;false;2;Hundre;C;ECB concertation tidspunkt 14:15 CET;2024-08-15;157,41
B;Virkedag;DKK;Danske kroner;NOK;Norske kroner;SP;Spot;2;false;2;Hundre;C;ECB concertation tidspunkt 14:15 CET;2024-08-16;158,39
B;Virkedag;DKK;Danske kroner;NOK;Norske kroner;SP;Spot;2;false;2;Hundre;C;ECB concertation tidspunkt 14:15 CET;2024-08-19;157,27
B;Virkedag;DKK;Danske kroner;NOK;Norske kroner;SP;Spot;2;false;2;Hundre;C;ECB concertation tidspunkt 14:15 CET;2024-08-20;156,55
B;Virkedag;DKK;Danske kroner;NOK;Norske kroner;SP;Spot;2;false;2;Hundre;C;ECB concertation tidspunkt 14:15 CET;2024-08-21;156,58
B;Virkedag;DKK;Danske kroner;NOK;Norske kroner;SP;Spot;2;false;2;Hundre;C;ECB concertation tidspunkt 14:15 CET;2024-08-22;157,71
B;Virkedag;DKK;Danske kroner;NOK;Norske kroner;SP;Spot;2;false;2;Hundre;C;ECB concertation tidspunkt 14:15 CET;2024-08-23;158,17
B;Virkedag;DKK;Danske kroner;NOK;Norske kroner;SP;Spot;2;false;2;Hundre;C;ECB concertation tidspunkt 14:15 CET;2024-08-26;157,87
B;Virkedag;DKK;Danske kroner;NOK;Norske kroner;SP;Spot;2;false;2;Hundre;C;ECB concertation tidspunkt 14:15 CET;2024-08-27;157,13
B;Virkedag;DKK;Danske kroner;NOK;Norske kroner;SP;Spot;2;false;2;Hundre;C;ECB concertation tidspunkt 14:15 CET;2024-08-28;157,01
B;Virkedag;DKK;Danske kroner;NOK;Norske kroner;SP;Spot;2;false;2;Hundre;C;ECB concertation tidspunkt 14:15 CET;2024-08-29;156,07
B;Virkedag;DKK;Danske kroner;NOK;Norske kroner;SP;Spot;2;false;2;Hundre;C;ECB concertation tidspunkt 14:15 CET;2024-08-30;156,35
B;Virkedag;DKK;Danske kroner;NOK;Norske kroner;SP;Spot;2;false;2;Hundre;C;ECB concertation tidspunkt 14:15 CET;2024-09-02;157,27
B;Virkedag;DKK;Danske kroner;NOK;Norske kroner;SP;Spot;2;false;2;Hundre;C;ECB concertation tidspunkt 14:15 CET;2024-09-03;157,73
B;Virkedag;DKK;Danske kroner;NOK;Norske kroner;SP;Spot;2;false;2;Hundre;C;ECB concertation tidspunkt 14:15 CET;2024-09-04;158,23
B;Virkedag;DKK;Danske kroner;NOK;Norske kroner;SP;Spot;2;false;2;Hundre;C;ECB concertation tidspunkt 14:15 CET;2024-09-05;158,01
B;Virkedag;DKK;Danske kroner;NOK;Norske kroner;SP;Spot;2;false;2;Hundre;C;ECB concertation tidspunkt 14:15 CET;2024-09-06;158,15
B;Virkedag;DKK;Danske kroner;NOK;Norske kroner;SP;Spot;2;false;2;Hundre;C;ECB concertation tidspunkt 14:15 CET;2024-09-09;160,03
B;Virkedag;DKK;Danske kroner;NOK;Norske kroner;SP;Spot;2;false;2;Hundre;C;ECB concertation tidspunkt 14:15 CET;2024-09-10;159,5
B;Virkedag;DKK;Danske kroner;NOK;Norske kroner;SP;Spot;2;false;2;Hundre;C;ECB concertation tidspunkt 14:15 CET;2024-09-11;159,96
B;Virkedag;DKK;Danske kroner;NOK;Norske kroner;SP;Spot;2;false;2;Hundre;C;ECB concertation tidspunkt 14:15 CET;2024-09-12;159,93
B;Virkedag;DKK;Danske kroner;NOK;Norske kroner;SP;Spot;2;false;2;Hundre;C;ECB concertation tidspunkt 14:15 CET;2024-09-13;158,78
B;Virkedag;DKK;Danske kroner;NOK;Norske kroner;SP;Spot;2;false;2;Hundre;C;ECB concertation tidspunkt 14:15 CET;2024-09-16;157,86
B;Virkedag;DKK;Danske kroner;NOK;Norske kroner;SP;Spot;2;false;2;Hundre;C;ECB concertation tidspunkt 14:15 CET;2024-09-17;157,98
B;Virkedag;DKK;Danske kroner;NOK;Norske kroner;SP;Spot;2;false;2;Hundre;C;ECB concertation tidspunkt 14:15 CET;2024-09-18;157,82
B;Virkedag;DKK;Danske kroner;NOK;Norske kroner;SP;Spot;2;false;2;Hundre;C;ECB concertation tidspunkt 14:15 CET;2024-09-19;156,42
B;Virkedag;DKK;Danske kroner;NOK;Norske kroner;SP;Spot;2;false;2;Hundre;C;ECB concertation tidspunkt 14:15 CET;2024-09-20;157,3
B;Virkedag;DKK;Danske kroner;NOK;Norske kroner;SP;Spot;2;false;2;Hundre;C;ECB concertation tidspunkt 14:15 CET;2024-09-23;156,69
B;Virkedag;DKK;Danske kroner;NOK;Norske kroner;SP;Spot;2;false;2;Hundre;C;ECB concertation tidspunkt 14:15 CET;2024-09-24;155,72
B;Virkedag;DKK;Danske kroner;NOK;Norske kroner;SP;Spot;2;false;2;Hundre;C;ECB concertation tidspunkt 14:15 CET;2024-09-25;156,67
B;Virkedag;DKK;Danske kroner;NOK;Norske kroner;SP;Spot;2;false;2;Hundre;C;ECB concertation tidspunkt 14:15 CET;2024-09-26;158,06
B;Virkedag;DKK;Danske kroner;NOK;Norske kroner;SP;Spot;2;false;2;Hundre;C;ECB concertation tidspunkt 14:15 CET;2024-09-27;157,67
B;Virkedag;DKK;Danske kroner;NOK;Norske kroner;SP;Spot;2;false;2;Hundre;C;ECB concertation tidspunkt 14:15 CET;2024-09-30;157,79
B;Virkedag;DKK;Danske kroner;NOK;Norske kroner;SP;Spot;2;false;2;Hundre;C;ECB concertation tidspunkt 14:15 CET;2024-10-01;157,29
B;Virkedag;DKK;Danske kroner;NOK;Norske kroner;SP;Spot;2;false;2;Hundre;C;ECB concertation tidspunkt 14:15 CET;2024-10-02;156,5
B;Virkedag;DKK;Danske kroner;NOK;Norske kroner;SP;Spot;2;false;2;Hundre;C;ECB concertation tidspunkt 14:15 CET;2024-10-03;157,11
B;Virkedag;DKK;Danske kroner;NOK;Norske kroner;SP;Spot;2;false;2;Hundre;C;ECB concertation tidspunkt 14:15 CET;2024-10-04;156,67
B;Virkedag;DKK;Danske kroner;NOK;Norske kroner;SP;Spot;2;false;2;Hundre;C;ECB concertation tidspunkt 14:15 CET;2024-10-07;156,31
B;Virkedag;DKK;Danske kroner;NOK;Norske kroner;SP;Spot;2;false;2;Hundre;C;ECB concertation tidspunkt 14:15 CET;2024-10-08;156,71
B;Virkedag;DKK;Danske kroner;NOK;Norske kroner;SP;Spot;2;false;2;Hundre;C;ECB concertation tidspunkt 14:15 CET;2024-10-09;158,02
B;Virkedag;DKK;Danske kroner;NOK;Norske kroner;SP;Spot;2;false;2;Hundre;C;ECB concertation tidspunkt 14:15 CET;2024-10-10;158,09
B;Virkedag;DKK;Danske kroner;NOK;Norske kroner;SP;Spot;2;false;2;Hundre;C;ECB concertation tidspunkt 14:15 CET;2024-10-11;157,34
B;Virkedag;DKK;Danske kroner;NOK;Norske kroner;SP;Spot;2;false;2;Hundre;C;ECB concertation tidspunkt 14:15 CET;2024-10-14;157,43
B;Virkedag;DKK;Danske kroner;NOK;Norske kroner;SP;Spot;2;false;2;Hundre;C;ECB concertation tidspunkt 14:15 CET;2024-10-15;157,7
B;Virkedag;DKK;Danske kroner;NOK;Norske kroner;SP;Spot;2;false;2;Hundre;C;ECB concertation tidspunkt 14:15 CET;2024-10-16;158,18
B;Virkedag;DKK;Danske kroner;NOK;Norske kroner;SP;Spot;2;false;2;Hundre;C;ECB concertation tidspunkt 14:15 CET;2024-10-17;159,15
B;Virkedag;DKK;Danske kroner;NOK;Norske kroner;SP;Spot;2;false;2;Hundre;C;ECB concertation tidspunkt 14:15 CET;2024-10-18;158,38
B;Virkedag;DKK;Danske kroner;NOK;Norske kroner;SP;Spot;2;false;2;Hundre;C;ECB concertation tidspunkt 14:15 CET;2024-10-21;158,71
B;Virkedag;DKK;Danske kroner;NOK;Norske kroner;SP;Spot;2;false;2;Hundre;C;ECB concertation tidspunkt 14:15 CET;2024-10-22;158,54
B;Virkedag;DKK;Danske kroner;NOK;Norske kroner;SP;Spot;2;false;2;Hundre;C;ECB concertation tidspunkt 14:15 CET;2024-10-23;158,92
B;Virkedag;DKK;Danske kroner;NOK;Norske kroner;SP;Spot;2;false;2;Hundre;C;ECB concertation tidspunkt 14:15 CET;2024-10-24;158,39
B;Virkedag;DKK;Danske kroner;NOK;Norske kroner;SP;Spot;2;false;2;Hundre;C;ECB concertation tidspunkt 14:15 CET;2024-10-25;158,42
B;Virkedag;DKK;Danske kroner;NOK;Norske kroner;SP;Spot;2;false;2;Hundre;C;ECB concertation tidspunkt 14:15 CET;2024-10-28;159,71
B;Virkedag;DKK;Danske kroner;NOK;Norske kroner;SP;Spot;2;false;2;Hundre;C;ECB concertation tidspunkt 14:15 CET;2024-10-29;158,76
B;Virkedag;DKK;Danske kroner;NOK;Norske kroner;SP;Spot;2;false;2;Hundre;C;ECB concertation tidspunkt 14:15 CET;2024-10-30;159,22
B;Virkedag;DKK;Danske kroner;NOK;Norske kroner;SP;Spot;2;false;2;Hundre;C;ECB concertation tidspunkt 14:15 CET;2024-10-31;160,03
B;Virkedag;DKK;Danske kroner;NOK;Norske kroner;SP;Spot;2;false;2;Hundre;C;ECB concertation tidspunkt 14:15 CET;2024-11-01;160,4
B;Virkedag;DKK;Danske kroner;NOK;Norske kroner;SP;Spot;2;false;2;Hundre;C;ECB concertation tidspunkt 14:15 CET;2024-11-04;160,19
B;Virkedag;DKK;Danske kroner;NOK;Norske kroner;SP;Spot;2;false;2;Hundre;C;ECB concertation tidspunkt 14:15 CET;2024-11-05;160,35
B;Virkedag;DKK;Danske kroner;NOK;Norske kroner;SP;Spot;2;false;2;Hundre;C;ECB concertation tidspunkt 14:15 CET;2024-11-06;159,7
B;Virkedag;DKK;Danske kroner;NOK;Norske kroner;SP;Spot;2;false;2;Hundre;C;ECB concertation tidspunkt 14:15 CET;2024-11-07;157,54
B;Virkedag;DKK;Danske kroner;NOK;Norske kroner;SP;Spot;2;false;2;Hundre;C;ECB concertation tidspunkt 14:15 CET;2024-11-08;157,88
B;Virkedag;DKK;Danske kroner;NOK;Norske kroner;SP;Spot;2;false;2;Hundre;C;ECB concertation tidspunkt 14:15 CET;2024-11-11;158,05
B;Virkedag;DKK;Danske kroner;NOK;Norske kroner;SP;Spot;2;false;2;Hundre;C;ECB concertation tidspunkt 14:15 CET;2024-11-12;157,37
B;Virkedag;DKK;Danske kroner;NOK;Norske kroner;SP;Spot;2;false;2;Hundre;C;ECB concertation tidspunkt 14:15 CET;2024-11-13;157,71
B;Virkedag;DKK;Danske kroner;NOK;Norske kroner;SP;Spot;2;false;2;Hundre;C;ECB concertation tidspunkt 14:15 CET;2024-11-14;157,64
B;Virkedag;DKK;Danske kroner;NOK;Norske kroner;SP;Spot;2;false;2;Hundre;C;ECB concertation tidspunkt 14:15 CET;2024-11-15;156,84
B;Virkedag;DKK;Danske kroner;NOK;Norske kroner;SP;Spot;2;false;2;Hundre;C;ECB concertation tidspunkt 14:15 CET;2024-11-18;157,08
B;Virkedag;DKK;Danske kroner;NOK;Norske kroner;SP;Spot;2;false;2;Hundre;C;ECB concertation tidspunkt 14:15 CET;2024-11-19;156,31
B;Virkedag;DKK;Danske kroner;NOK;Norske kroner;SP;Spot;2;false;2;Hundre;C;ECB concertation tidspunkt 14:15 CET;2024-11-20;156,1
B;Virkedag;DKK;Danske kroner;NOK;Norske kroner;SP;Spot;2;false;2;Hundre;C;ECB concertation tidspunkt 14:15 CET;2024-11-21;155,79
B;Virkedag;DKK;Danske kroner;NOK;Norske kroner;SP;Spot;2;false;2;Hundre;C;ECB concertation tidspunkt 14:15 CET;2024-11-22;155,11
B;Virkedag;DKK;Danske kroner;NOK;Norske kroner;SP;Spot;2;false;2;Hundre;C;ECB concertation tidspunkt 14:15 CET;2024-11-25;155,34
B;Virkedag;DKK;Danske kroner;NOK;Norske kroner;SP;Spot;2;false;2;Hundre;C;ECB concertation tidspunkt 14:15 CET;2024-11-26;156,62
B;Virkedag;DKK;Danske kroner;NOK;Norske kroner;SP;Spot;2;false;2;Hundre;C;ECB concertation tidspunkt 14:15 CET;2024-11-27;156,74
B;Virkedag;DKK;Danske kroner;NOK;Norske kroner;SP;Spot;2;false;2;Hundre;C;ECB concertation tidspunkt 14:15 CET;2024-11-28;156,4
B;Virkedag;DKK;Danske kroner;NOK;Norske kroner;SP;Spot;2;false;2;Hundre;C;ECB concertation tidspunkt 14:15 CET;2024-11-29;156,62
B;Virkedag;DKK;Danske kroner;NOK;Norske kroner;SP;Spot;2;false;2;Hundre;C;ECB concertation tidspunkt 14:15 CET;2024-12-02;156,32
B;Virkedag;DKK;Danske kroner;NOK;Norske kroner;SP;Spot;2;false;2;Hundre;C;ECB concertation tidspunkt 14:15 CET;2024-12-03;155,91
B;Virkedag;DKK;Danske kroner;NOK;Norske kroner;SP;Spot;2;false;2;Hundre;C;ECB concertation tidspunkt 14:15 CET;2024-12-04;155,82
B;Virkedag;DKK;Danske kroner;NOK;Norske kroner;SP;Spot;2;false;2;Hundre;C;ECB concertation tidspunkt 14:15 CET;2024-12-05;156,34
B;Virkedag;DKK;Danske kroner;NOK;Norske kroner;SP;Spot;2;false;2;Hundre;C;ECB concertation tidspunkt 14:15 CET;2024-12-06;157,47
B;Virkedag;DKK;Danske kroner;NOK;Norske kroner;SP;Spot;2;false;2;Hundre;C;ECB concertation tidspunkt 14:15 CET;2024-12-09;157,47
B;Virkedag;DKK;Danske kroner;NOK;Norske kroner;SP;Spot;2;false;2;Hundre;C;ECB concertation tidspunkt 14:15 CET;2024-12-10;157,31
B;Virkedag;DKK;Danske kroner;NOK;Norske kroner;SP;Spot;2;false;2;Hundre;C;ECB concertation tidspunkt 14:15 CET;2024-12-11;157,05
B;Virkedag;DKK;Danske kroner;NOK;Norske kroner;SP;Spot;2;false;2;Hundre;C;ECB concertation tidspunkt 14:15 CET;2024-12-12;156,26
B;Virkedag;DKK;Danske kroner;NOK;Norske kroner;SP;Spot;2;false;2;Hundre;C;ECB concertation tidspunkt 14:15 CET;2024-12-13;156,58
B;Virkedag;DKK;Danske kroner;NOK;Norske kroner;SP;Spot;2;false;2;Hundre;C;ECB concertation tidspunkt 14:15 CET;2024-12-16;157,08
B;Virkedag;DKK;Danske kroner;NOK;Norske kroner;SP;Spot;2;false;2;Hundre;C;ECB concertation tidspunkt 14:15 CET;2024-12-17;157,71
B;Virkedag;DKK;Danske kroner;NOK;Norske kroner;SP;Spot;2;false;2;Hundre;C;ECB concertation tidspunkt 14:15 CET;2024-12-18;157,65
B;Virkedag;DKK;Danske kroner;NOK;Norske kroner;SP;Spot;2;false;2;Hundre;C;ECB concertation tidspunkt 14:15 CET;2024-12-19;158,34
B;Virkedag;DKK;Danske kroner;NOK;Norske kroner;SP;Spot;2;false;2;Hundre;C;ECB concertation tidspunkt 14:15 CET;2024-12-20;159,07
B;Virkedag;DKK;Danske kroner;NOK;Norske kroner;SP;Spot;2;false;2;Hundre;C;ECB concertation tidspunkt 14:15 CET;2024-12-23;158,29
B;Virkedag;DKK;Danske kroner;NOK;Norske kroner;SP;Spot;2;false;2;Hundre;C;ECB concertation tidspunkt 14:15 CET;2024-12-27;158,76
B;Virkedag;DKK;Danske kroner;NOK;Norske kroner;SP;Spot;2;false;2;Hundre;C;ECB concertation tidspunkt 14:15 CET;2024-12-30;158,79
B;Virkedag;DKK;Danske kroner;NOK;Norske kroner;SP;Spot;2;false;2;Hundre;C;ECB concertation tidspunkt 14:15 CET;2024-12-31;158,16
B;Virkedag;DKK;Danske kroner;NOK;Norske kroner;SP;Spot;2;false;2;Hundre;C;ECB concertation tidspunkt 14:15 CET;2025-01-02;157,1
B;Virkedag;DKK;Danske kroner;NOK;Norske kroner;SP;Spot;2;false;2;Hundre;C;ECB concertation tidspunkt 14:15 CET;2025-01-03;157,01
B;Virkedag;DKK;Danske kroner;NOK;Norske kroner;SP;Spot;2;false;2;Hundre;C;ECB concertation tidspunkt 14:15 CET;2025-01-06;156,98
B;Virkedag;DKK;Danske kroner;NOK;Norske kroner;SP;Spot;2;false;2;Hundre;C;ECB concertation tidspunkt 14:15 CET;2025-01-07;157,37
B;Virkedag;DKK;Danske kroner;NOK;Norske kroner;SP;Spot;2;false;2;Hundre;C;ECB concertation tidspunkt 14:15 CET;2025-01-08;157,33
B;Virkedag;DKK;Danske kroner;NOK;Norske kroner;SP;Spot;2;false;2;Hundre;C;ECB concertation tidspunkt 14:15 CET;2025-01-09;157,63
B;Virkedag;DKK;Danske kroner;NOK;Norske kroner;SP;Spot;2;false;2;Hundre;C;ECB concertation tidspunkt 14:15 CET;2025-01-10;157,59
B;Virkedag;DKK;Danske kroner;NOK;Norske kroner;SP;Spot;2;false;2;Hundre;C;ECB concertation tidspunkt 14:15 CET;2025-01-13;156,95
B;Virkedag;DKK;Danske kroner;NOK;Norske kroner;SP;Spot;2;false;2;Hundre;C;ECB concertation tidspunkt 14:15 CET;2025-01-14;157,08
B;Virkedag;DKK;Danske kroner;NOK;Norske kroner;SP;Spot;2;false;2;Hundre;C;ECB concertation tidspunkt 14:15 CET;2025-01-15;156,86
B;Virkedag;DKK;Danske kroner;NOK;Norske kroner;SP;Spot;2;false;2;Hundre;C;ECB concertation tidspunkt 14:15 CET;2025-01-16;156,77
B;Virkedag;DKK;Danske kroner;NOK;Norske kroner;SP;Spot;2;false;2;Hundre;C;ECB concertation tidspunkt 14:15 CET;2025-01-17;157,61
B;Virkedag;DKK;Danske kroner;NOK;Norske kroner;SP;Spot;2;false;2;Hundre;C;ECB concertation tidspunkt 14:15 CET;2025-01-20;157,7
B;Virkedag;DKK;Danske kroner;NOK;Norske kroner;SP;Spot;2;false;2;Hundre;C;ECB concertation tidspunkt 14:15 CET;2025-01-21;158,38
B;Virkedag;DKK;Danske kroner;NOK;Norske kroner;SP;Spot;2;false;2;Hundre;C;ECB concertation tidspunkt 14:15 CET;2025-01-22;157,51
B;Virkedag;DKK;Danske kroner;NOK;Norske kroner;SP;Spot;2;false;2;Hundre;C;ECB concertation tidspunkt 14:15 CET;2025-01-23;157,23
B;Virkedag;DKK;Danske kroner;NOK;Norske kroner;SP;Spot;2;false;2;Hundre;C;ECB concertation tidspunkt 14:15 CET;2025-01-24;157,47
B;Virkedag;DKK;Danske kroner;NOK;Norske kroner;SP;Spot;2;false;2;Hundre;C;ECB concertation tidspunkt 14:15 CET;2025-01-27;158,25
B;Virkedag;DKK;Danske kroner;NOK;Norske kroner;SP;Spot;2;false;2;Hundre;C;ECB concertation tidspunkt 14:15 CET;2025-01-28;157,83
B;Virkedag;DKK;Danske kroner;NOK;Norske kroner;SP;Spot;2;false;2;Hundre;C;ECB concertation tidspunkt 14:15 CET;2025-01-29;157,83
B;Virkedag;DKK;Danske kroner;NOK;Norske kroner;SP;Spot;2;false;2;Hundre;C;ECB concertation tidspunkt 14:15 CET;2025-01-30;157,63
B;Virkedag;DKK;Danske kroner;NOK;Norske kroner;SP;Spot;2;false;2;Hundre;C;ECB concertation tidspunkt 14:15 CET;2025-01-31;157,3
B;Virkedag;DKK;Danske kroner;NOK;Norske kroner;SP;Spot;2;false;2;Hundre;C;ECB concertation tidspunkt 14:15 CET;2025-02-03;156,98
B;Virkedag;DKK;Danske kroner;NOK;Norske kroner;SP;Spot;2;false;2;Hundre;C;ECB concertation tidspunkt 14:15 CET;2025-02-04;157,1
B;Virkedag;DKK;Danske kroner;NOK;Norske kroner;SP;Spot;2;false;2;Hundre;C;ECB concertation tidspunkt 14:15 CET;2025-02-05;156,43
B;Virkedag;DKK;Danske kroner;NOK;Norske kroner;SP;Spot;2;false;2;Hundre;C;ECB concertation tidspunkt 14:15 CET;2025-02-06;156,29
B;Virkedag;DKK;Danske kroner;NOK;Norske kroner;SP;Spot;2;false;2;Hundre;C;ECB concertation tidspunkt 14:15 CET;2025-02-07;155,83
B;Virkedag;DKK;Danske kroner;NOK;Norske kroner;SP;Spot;2;false;2;Hundre;C;ECB concertation tidspunkt 14:15 CET;2025-02-10;155,19
B;Virkedag;DKK;Danske kroner;NOK;Norske kroner;SP;Spot;2;false;2;Hundre;C;ECB concertation tidspunkt 14:15 CET;2025-02-11;155,21
B;Virkedag;DKK;Danske kroner;NOK;Norske kroner;SP;Spot;2;false;2;Hundre;C;ECB concertation tidspunkt 14:15 CET;2025-02-12;156,36
B;Virkedag;DKK;Danske kroner;NOK;Norske kroner;SP;Spot;2;false;2;Hundre;C;ECB concertation tidspunkt 14:15 CET;2025-02-13;157,06
B;Virkedag;DKK;Danske kroner;NOK;Norske kroner;SP;Spot;2;false;2;Hundre;C;ECB concertation tidspunkt 14:15 CET;2025-02-14;156,21
B;Virkedag;DKK;Danske kroner;NOK;Norske kroner;SP;Spot;2;false;2;Hundre;C;ECB concertation tidspunkt 14:15 CET;2025-02-17;156,06
B;Virkedag;DKK;Danske kroner;NOK;Norske kroner;SP;Spot;2;false;2;Hundre;C;ECB concertation tidspunkt 14:15 CET;2025-02-18;156,32
B;Virkedag;DKK;Danske kroner;NOK;Norske kroner;SP;Spot;2;false;2;Hundre;C;ECB concertation tidspunkt 14:15 CET;2025-02-19;155,91
B;Virkedag;DKK;Danske kroner;NOK;Norske kroner;SP;Spot;2;false;2;Hundre;C;ECB concertation tidspunkt 14:15 CET;2025-02-20;155,64
B;Virkedag;DKK;Danske kroner;NOK;Norske kroner;SP;Spot;2;false;2;Hundre;C;ECB concertation tidspunkt 14:15 CET;2025-02-21;155,91
B;Virkedag;DKK;Danske kroner;NOK;Norske kroner;SP;Spot;2;false;2;Hundre;C;ECB concertation tidspunkt 14:15 CET;2025-02-24;155,97
B;Virkedag;DKK;Danske kroner;NOK;Norske kroner;SP;Spot;2;false;2;Hundre;C;ECB concertation tidspunkt 14:15 CET;2025-02-25;156,36
B;Virkedag;DKK;Danske kroner;NOK;Norske kroner;SP;Spot;2;false;2;Hundre;C;ECB concertation tidspunkt 14:15 CET;2025-02-26;156,73
B;Virkedag;DKK;Danske kroner;NOK;Norske kroner;SP;Spot;2;false;2;Hundre;C;ECB concertation tidspunkt 14:15 CET;2025-02-27;156,89
B;Virkedag;DKK;Danske kroner;NOK;Norske kroner;SP;Spot;2;false;2;Hundre;C;ECB concertation tidspunkt 14:15 CET;2025-02-28;157,2
B;Virkedag;DKK;Danske kroner;NOK;Norske kroner;SP;Spot;2;false;2;Hundre;C;ECB concertation tidspunkt 14:15 CET;2025-03-03;156,81
B;Virkedag;DKK;Danske kroner;NOK;Norske kroner;SP;Spot;2;false;2;Hundre;C;ECB concertation tidspunkt 14:15 CET;2025-03-04;158,31
B;Virkedag;DKK;Danske kroner;NOK;Norske kroner;SP;Spot;2;false;2;Hundre;C;ECB concertation tidspunkt 14:15 CET;2025-03-05;158,47
B;Virkedag;DKK;Danske kroner;NOK;Norske kroner;SP;Spot;2;false;2;Hundre;C;ECB concertation tidspunkt 14:15 CET;2025-03-06;157,07
B;Virkedag;DKK;Danske kroner;NOK;Norske kroner;SP;Spot;2;false;2;Hundre;C;ECB concertation tidspunkt 14:15 CET;2025-03-07;157,65
B;Virkedag;DKK;Danske kroner;NOK;Norske kroner;SP;Spot;2;false;2;Hundre;C;ECB concertation tidspunkt 14:15 CET;2025-03-10;156,47
B;Virkedag;DKK;Danske kroner;NOK;Norske kroner;SP;Spot;2;false;2;Hundre;C;ECB concertation tidspunkt 14:15 CET;2025-03-11;155,98
B;Virkedag;DKK;Danske kroner;NOK;Norske kroner;SP;Spot;2;false;2;Hundre;C;ECB concertation tidspunkt 14:15 CET;2025-03-12;155,63
B;Virkedag;DKK;Danske kroner;NOK;Norske kroner;SP;Spot;2;false;2;Hundre;C;ECB concertation tidspunkt 14:15 CET;2025-03-13;155,45
B;Virkedag;DKK;Danske kroner;NOK;Norske kroner;SP;Spot;2;false;2;Hundre;C;ECB concertation tidspunkt 14:15 CET;2025-03-14;155,76
B;Virkedag;DKK;Danske kroner;NOK;Norske kroner;SP;Spot;2;false;2;Hundre;C;ECB concertation tidspunkt 14:15 CET;2025-03-17;154,52
B;Virkedag;DKK;Danske kroner;NOK;Norske kroner;SP;Spot;2;false;2;Hundre;C;ECB concertation tidspunkt 14:15 CET;2025-03-18;154,53
B;Virkedag;DKK;Danske kroner;NOK;Norske kroner;SP;Spot;2;false;2;Hundre;C;ECB concertation tidspunkt 14:15 CET;2025-03-19;154,24
B;Virkedag;DKK;Danske kroner;NOK;Norske kroner;SP;Spot;2;false;2;Hundre;C;ECB concertation tidspunkt 14:15 CET;2025-03-20;154,2
B;Virkedag;DKK;Danske kroner;NOK;Norske kroner;SP;Spot;2;false;2;Hundre;C;ECB concertation tidspunkt 14:15 CET;2025-03-21;152,84
B;Virkedag;DKK;Danske kroner;NOK;Norske kroner;SP;Spot;2;false;2;Hundre;C;ECB concertation tidspunkt 14:15 CET;2025-03-24;152,56
B;Virkedag;DKK;Danske kroner;NOK;Norske kroner;SP;Spot;2;false;2;Hundre;C;ECB concertation tidspunkt 14:15 CET;2025-03-25;151,6
B;Virkedag;DKK;Danske kroner;NOK;Norske kroner;SP;Spot;2;false;2;Hundre;C;ECB concertation tidspunkt 14:15 CET;2025-03-26;152,25
B;Virkedag;DKK;Danske kroner;NOK;Norske kroner;SP;Spot;2;false;2;Hundre;C;ECB concertation tidspunkt 14:15 CET;2025-03-27;152,05
B;Virkedag;DKK;Danske kroner;NOK;Norske kroner;SP;Spot;2;false;2;Hundre;C;ECB concertation tidspunkt 14:15 CET;2025-03-28;151,36
B;Virkedag;DKK;Danske kroner;NOK;Norske kroner;SP;Spot;2;false;2;Hundre;C;ECB concertation tidspunkt 14:15 CET;2025-03-31;152,96
B;Virkedag;USD;Amerikanske dollar;NOK;Norske kroner;SP;Spot;4;false;0;Enheter;C;ECB concertation tidspunkt 14:15 CET;2020-04-01;10,304
B;Virkedag;USD;Amerikanske dollar;NOK;Norske kroner;SP;Spot;4;false;0;Enheter;C;ECB concertation tidspunkt 14:15 CET;2020-04-02;10,3012
B;Virkedag;USD;Amerikanske dollar;NOK;Norske kroner;SP;Spot;4;false;0;Enheter;C;ECB concertation tidspunkt 14:15 CET;2020-04-03;10,443
B;Virkedag;USD;Amerikanske dollar;NOK;Norske kroner;SP;Spot;4;false;0;Enheter;C;ECB concertation tidspunkt 14:15 CET;2020-04-06;10,5528
B;Virkedag;USD;Amerikanske dollar;NOK;Norske kroner;SP;Spot;4;false;0;Enheter;C;ECB concertation tidspunkt 14:15 CET;2020-04-07;10,1925
B;Virkedag;USD;Amerikanske dollar;NOK;Norske kroner;SP;Spot;4;false;0;Enheter;C;ECB concertation tidspunkt 14:15 CET;2020-04-08;10,2971
B;Virkedag;USD;Amerikanske dollar;NOK;Norske kroner;SP;Spot;4;false;0;Enheter;C;ECB concertation tidspunkt 14:15 CET;2020-04-14;10,3182
B;Virkedag;USD;Amerikanske dollar;NOK;Norske kroner;SP;Spot;4;false;0;Enheter;C;ECB concertation tidspunkt 14:15 CET;2020-04-15;10,502
B;Virkedag;USD;Amerikanske dollar;NOK;Norske kroner;SP;Spot;4;false;0;Enheter;C;ECB concertation tidspunkt 14:15 CET;2020-04-16;10,4836
B;Virkedag;USD;Amerikanske dollar;NOK;Norske kroner;SP;Spot;4;false;0;Enheter;C;ECB concertation tidspunkt 14:15 CET;2020-04-17;10,3909
B;Virkedag;USD;Amerikanske dollar;NOK;Norske kroner;SP;Spot;4;false;0;Enheter;C;ECB concertation tidspunkt 14:15 CET;2020-04-20;10,3773
B;Virkedag;USD;Amerikanske dollar;NOK;Norske kroner;SP;Spot;4;false;0;Enheter;C;ECB concertation tidspunkt 14:15 CET;2020-04-21;10,5973
B;Virkedag;USD;Amerikanske dollar;NOK;Norske kroner;SP;Spot;4;false;0;Enheter;C;ECB concertation tidspunkt 14:15 CET;2020-04-22;10,7458
B;Virkedag;USD;Amerikanske dollar;NOK;Norske kroner;SP;Spot;4;false;0;Enheter;C;ECB concertation tidspunkt 14:15 CET;2020-04-23;10,6911
B;Virkedag;USD;Amerikanske dollar;NOK;Norske kroner;SP;Spot;4;false;0;Enheter;C;ECB concertation tidspunkt 14:15 CET;2020-04-24;10,6282
B;Virkedag;USD;Amerikanske dollar;NOK;Norske kroner;SP;Spot;4;false;0;Enheter;C;ECB concertation tidspunkt 14:15 CET;2020-04-27;10,5522
B;Virkedag;USD;Amerikanske dollar;NOK;Norske kroner;SP;Spot;4;false;0;Enheter;C;ECB concertation tidspunkt 14:15 CET;2020-04-28;10,3689
B;Virkedag;USD;Amerikanske dollar;NOK;Norske kroner;SP;Spot;4;false;0;Enheter;C;ECB concertation tidspunkt 14:15 CET;2020-04-29;10,3973
B;Virkedag;USD;Amerikanske dollar;NOK;Norske kroner;SP;Spot;4;false;0;Enheter;C;ECB concertation tidspunkt 14:15 CET;2020-04-30;10,2832
B;Virkedag;USD;Amerikanske dollar;NOK;Norske kroner;SP;Spot;4;false;0;Enheter;C;ECB concertation tidspunkt 14:15 CET;2020-05-04;10,3528
B;Virkedag;USD;Amerikanske dollar;NOK;Norske kroner;SP;Spot;4;false;0;Enheter;C;ECB concertation tidspunkt 14:15 CET;2020-05-05;10,3043
B;Virkedag;USD;Amerikanske dollar;NOK;Norske kroner;SP;Spot;4;false;0;Enheter;C;ECB concertation tidspunkt 14:15 CET;2020-05-06;10,2619
B;Virkedag;USD;Amerikanske dollar;NOK;Norske kroner;SP;Spot;4;false;0;Enheter;C;ECB concertation tidspunkt 14:15 CET;2020-05-07;10,2388
B;Virkedag;USD;Amerikanske dollar;NOK;Norske kroner;SP;Spot;4;false;0;Enheter;C;ECB concertation tidspunkt 14:15 CET;2020-05-08;10,2089
B;Virkedag;USD;Amerikanske dollar;NOK;Norske kroner;SP;Spot;4;false;0;Enheter;C;ECB concertation tidspunkt 14:15 CET;2020-05-11;10,2051
B;Virkedag;USD;Amerikanske dollar;NOK;Norske kroner;SP;Spot;4;false;0;Enheter;C;ECB concertation tidspunkt 14:15 CET;2020-05-12;10,1785
B;Virkedag;USD;Amerikanske dollar;NOK;Norske kroner;SP;Spot;4;false;0;Enheter;C;ECB concertation tidspunkt 14:15 CET;2020-05-13;10,0579
B;Virkedag;USD;Amerikanske dollar;NOK;Norske kroner;SP;Spot;4;false;0;Enheter;C;ECB concertation tidspunkt 14:15 CET;2020-05-14;10,2481
B;Virkedag;USD;Amerikanske dollar;NOK;Norske kroner;SP;Spot;4;false;0;Enheter;C;ECB concertation tidspunkt 14:15 CET;2020-05-15;10,2397
B;Virkedag;USD;Amerikanske dollar;NOK;Norske kroner;SP;Spot;4;false;0;Enheter;C;ECB concertation tidspunkt 14:15 CET;2020-05-18;10,124
B;Virkedag;USD;Amerikanske dollar;NOK;Norske kroner;SP;Spot;4;false;0;Enheter;C;ECB concertation tidspunkt 14:15 CET;2020-05-19;9,9683
B;Virkedag;USD;Amerikanske dollar;NOK;Norske kroner;SP;Spot;4;false;0;Enheter;C;ECB concertation tidspunkt 14:15 CET;2020-05-20;9,9256
B;Virkedag;USD;Amerikanske dollar;NOK;Norske kroner;SP;Spot;4;false;0;Enheter;C;ECB concertation tidspunkt 14:15 CET;2020-05-22;10,0035
B;Virkedag;USD;Amerikanske dollar;NOK;Norske kroner;SP;Spot;4;false;0;Enheter;C;ECB concertation tidspunkt 14:15 CET;2020-05-25;10,0236
B;Virkedag;USD;Amerikanske dollar;NOK;Norske kroner;SP;Spot;4;false;0;Enheter;C;ECB concertation tidspunkt 14:15 CET;2020-05-26;9,9265
B;Virkedag;USD;Amerikanske dollar;NOK;Norske kroner;SP;Spot;4;false;0;Enheter;C;ECB concertation tidspunkt 14:15 CET;2020-05-27;9,852
B;Virkedag;USD;Amerikanske dollar;NOK;Norske kroner;SP;Spot;4;false;0;Enheter;C;ECB concertation tidspunkt 14:15 CET;2020-05-28;9,8541
B;Virkedag;USD;Amerikanske dollar;NOK;Norske kroner;SP;Spot;4;false;0;Enheter;C;ECB concertation tidspunkt 14:15 CET;2020-05-29;9,6875
B;Virkedag;USD;Amerikanske dollar;NOK;Norske kroner;SP;Spot;4;false;0;Enheter;C;ECB concertation tidspunkt 14:15 CET;2020-06-02;9,5577
B;Virkedag;USD;Amerikanske dollar;NOK;Norske kroner;SP;Spot;4;false;0;Enheter;C;ECB concertation tidspunkt 14:15 CET;2020-06-03;9,5388
B;Virkedag;USD;Amerikanske dollar;NOK;Norske kroner;SP;Spot;4;false;0;Enheter;C;ECB concertation tidspunkt 14:15 CET;2020-06-04;9,4265
B;Virkedag;USD;Amerikanske dollar;NOK;Norske kroner;SP;Spot;4;false;0;Enheter;C;ECB concertation tidspunkt 14:15 CET;2020-06-05;9,303
B;Virkedag;USD;Amerikanske dollar;NOK;Norske kroner;SP;Spot;4;false;0;Enheter;C;ECB concertation tidspunkt 14:15 CET;2020-06-08;9,2692
B;Virkedag;USD;Amerikanske dollar;NOK;Norske kroner;SP;Spot;4;false;0;Enheter;C;ECB concertation tidspunkt 14:15 CET;2020-06-09;9,334
B;Virkedag;USD;Amerikanske dollar;NOK;Norske kroner;SP;Spot;4;false;0;Enheter;C;ECB concertation tidspunkt 14:15 CET;2020-06-10;9,2644
B;Virkedag;USD;Amerikanske dollar;NOK;Norske kroner;SP;Spot;4;false;0;Enheter;C;ECB concertation tidspunkt 14:15 CET;2020-06-11;9,4466
B;Virkedag;USD;Amerikanske dollar;NOK;Norske kroner;SP;Spot;4;false;0;Enheter;C;ECB concertation tidspunkt 14:15 CET;2020-06-12;9,5962
B;Virkedag;USD;Amerikanske dollar;NOK;Norske kroner;SP;Spot;4;false;0;Enheter;C;ECB concertation tidspunkt 14:15 CET;2020-06-15;9,6769
B;Virkedag;USD;Amerikanske dollar;NOK;Norske kroner;SP;Spot;4;false;0;Enheter;C;ECB concertation tidspunkt 14:15 CET;2020-06-16;9,4967
B;Virkedag;USD;Amerikanske dollar;NOK;Norske kroner;SP;Spot;4;false;0;Enheter;C;ECB concertation tidspunkt 14:15 CET;2020-06-17;9,5308
B;Virkedag;USD;Amerikanske dollar;NOK;Norske kroner;SP;Spot;4;false;0;Enheter;C;ECB concertation tidspunkt 14:15 CET;2020-06-18;9,5422
B;Virkedag;USD;Amerikanske dollar;NOK;Norske kroner;SP;Spot;4;false;0;Enheter;C;ECB concertation tidspunkt 14:15 CET;2020-06-19;9,5571
B;Virkedag;USD;Amerikanske dollar;NOK;Norske kroner;SP;Spot;4;false;0;Enheter;C;ECB concertation tidspunkt 14:15 CET;2020-06-22;9,6303
B;Virkedag;USD;Amerikanske dollar;NOK;Norske kroner;SP;Spot;4;false;0;Enheter;C;ECB concertation tidspunkt 14:15 CET;2020-06-23;9,4844
B;Virkedag;USD;Amerikanske dollar;NOK;Norske kroner;SP;Spot;4;false;0;Enheter;C;ECB concertation tidspunkt 14:15 CET;2020-06-24;9,5707
B;Virkedag;USD;Amerikanske dollar;NOK;Norske kroner;SP;Spot;4;false;0;Enheter;C;ECB concertation tidspunkt 14:15 CET;2020-06-25;9,7096
B;Virkedag;USD;Amerikanske dollar;NOK;Norske kroner;SP;Spot;4;false;0;Enheter;C;ECB concertation tidspunkt 14:15 CET;2020-06-26;9,7075
B;Virkedag;USD;Amerikanske dollar;NOK;Norske kroner;SP;Spot;4;false;0;Enheter;C;ECB concertation tidspunkt 14:15 CET;2020-06-29;9,6608
B;Virkedag;USD;Amerikanske dollar;NOK;Norske kroner;SP;Spot;4;false;0;Enheter;C;ECB concertation tidspunkt 14:15 CET;2020-06-30;9,7446
B;Virkedag;USD;Amerikanske dollar;NOK;Norske kroner;SP;Spot;4;false;0;Enheter;C;ECB concertation tidspunkt 14:15 CET;2020-07-01;9,6193
B;Virkedag;USD;Amerikanske dollar;NOK;Norske kroner;SP;Spot;4;false;0;Enheter;C;ECB concertation tidspunkt 14:15 CET;2020-07-02;9,4695
B;Virkedag;USD;Amerikanske dollar;NOK;Norske kroner;SP;Spot;4;false;0;Enheter;C;ECB concertation tidspunkt 14:15 CET;2020-07-03;9,5131
B;Virkedag;USD;Amerikanske dollar;NOK;Norske kroner;SP;Spot;4;false;0;Enheter;C;ECB concertation tidspunkt 14:15 CET;2020-07-06;9,3791
B;Virkedag;USD;Amerikanske dollar;NOK;Norske kroner;SP;Spot;4;false;0;Enheter;C;ECB concertation tidspunkt 14:15 CET;2020-07-07;9,4267
B;Virkedag;USD;Amerikanske dollar;NOK;Norske kroner;SP;Spot;4;false;0;Enheter;C;ECB concertation tidspunkt 14:15 CET;2020-07-08;9,4706
B;Virkedag;USD;Amerikanske dollar;NOK;Norske kroner;SP;Spot;4;false;0;Enheter;C;ECB concertation tidspunkt 14:15 CET;2020-07-09;9,361
B;Virkedag;USD;Amerikanske dollar;NOK;Norske kroner;SP;Spot;4;false;0;Enheter;C;ECB concertation tidspunkt 14:15 CET;2020-07-10;9,5036
B;Virkedag;USD;Amerikanske dollar;NOK;Norske kroner;SP;Spot;4;false;0;Enheter;C;ECB concertation tidspunkt 14:15 CET;2020-07-13;9,4139
B;Virkedag;USD;Amerikanske dollar;NOK;Norske kroner;SP;Spot;4;false;0;Enheter;C;ECB concertation tidspunkt 14:15 CET;2020-07-14;9,4163
B;Virkedag;USD;Amerikanske dollar;NOK;Norske kroner;SP;Spot;4;false;0;Enheter;C;ECB concertation tidspunkt 14:15 CET;2020-07-15;9,2865
B;Virkedag;USD;Amerikanske dollar;NOK;Norske kroner;SP;Spot;4;false;0;Enheter;C;ECB concertation tidspunkt 14:15 CET;2020-07-16;9,2998
B;Virkedag;USD;Amerikanske dollar;NOK;Norske kroner;SP;Spot;4;false;0;Enheter;C;ECB concertation tidspunkt 14:15 CET;2020-07-17;9,275
B;Virkedag;USD;Amerikanske dollar;NOK;Norske kroner;SP;Spot;4;false;0;Enheter;C;ECB concertation tidspunkt 14:15 CET;2020-07-20;9,2645
B;Virkedag;USD;Amerikanske dollar;NOK;Norske kroner;SP;Spot;4;false;0;Enheter;C;ECB concertation tidspunkt 14:15 CET;2020-07-21;9,1701
B;Virkedag;USD;Amerikanske dollar;NOK;Norske kroner;SP;Spot;4;false;0;Enheter;C;ECB concertation tidspunkt 14:15 CET;2020-07-22;9,0985
B;Virkedag;USD;Amerikanske dollar;NOK;Norske kroner;SP;Spot;4;false;0;Enheter;C;ECB concertation tidspunkt 14:15 CET;2020-07-23;9,1687
B;Virkedag;USD;Amerikanske dollar;NOK;Norske kroner;SP;Spot;4;false;0;Enheter;C;ECB concertation tidspunkt 14:15 CET;2020-07-24;9,2137
B;Virkedag;USD;Amerikanske dollar;NOK;Norske kroner;SP;Spot;4;false;0;Enheter;C;ECB concertation tidspunkt 14:15 CET;2020-07-27;9,0717
B;Virkedag;USD;Amerikanske dollar;NOK;Norske kroner;SP;Spot;4;false;0;Enheter;C;ECB concertation tidspunkt 14:15 CET;2020-07-28;9,1269
B;Virkedag;USD;Amerikanske dollar;NOK;Norske kroner;SP;Spot;4;false;0;Enheter;C;ECB concertation tidspunkt 14:15 CET;2020-07-29;9,0894
B;Virkedag;USD;Amerikanske dollar;NOK;Norske kroner;SP;Spot;4;false;0;Enheter;C;ECB concertation tidspunkt 14:15 CET;2020-07-30;9,1299
B;Virkedag;USD;Amerikanske dollar;NOK;Norske kroner;SP;Spot;4;false;0;Enheter;C;ECB concertation tidspunkt 14:15 CET;2020-07-31;9,0583
B;Virkedag;USD;Amerikanske dollar;NOK;Norske kroner;SP;Spot;4;false;0;Enheter;C;ECB concertation tidspunkt 14:15 CET;2020-08-03;9,1411
B;Virkedag;USD;Amerikanske dollar;NOK;Norske kroner;SP;Spot;4;false;0;Enheter;C;ECB concertation tidspunkt 14:15 CET;2020-08-04;9,1431
B;Virkedag;USD;Amerikanske dollar;NOK;Norske kroner;SP;Spot;4;false;0;Enheter;C;ECB concertation tidspunkt 14:15 CET;2020-08-05;8,9915
B;Virkedag;USD;Amerikanske dollar;NOK;Norske kroner;SP;Spot;4;false;0;Enheter;C;ECB concertation tidspunkt 14:15 CET;2020-08-06;8,9959
B;Virkedag;USD;Amerikanske dollar;NOK;Norske kroner;SP;Spot;4;false;0;Enheter;C;ECB concertation tidspunkt 14:15 CET;2020-08-07;9,0068
B;Virkedag;USD;Amerikanske dollar;NOK;Norske kroner;SP;Spot;4;false;0;Enheter;C;ECB concertation tidspunkt 14:15 CET;2020-08-10;9,036
B;Virkedag;USD;Amerikanske dollar;NOK;Norske kroner;SP;Spot;4;false;0;Enheter;C;ECB concertation tidspunkt 14:15 CET;2020-08-11;8,967
B;Virkedag;USD;Amerikanske dollar;NOK;Norske kroner;SP;Spot;4;false;0;Enheter;C;ECB concertation tidspunkt 14:15 CET;2020-08-12;8,9596
B;Virkedag;USD;Amerikanske dollar;NOK;Norske kroner;SP;Spot;4;false;0;Enheter;C;ECB concertation tidspunkt 14:15 CET;2020-08-13;8,886
B;Virkedag;USD;Amerikanske dollar;NOK;Norske kroner;SP;Spot;4;false;0;Enheter;C;ECB concertation tidspunkt 14:15 CET;2020-08-14;8,9226
B;Virkedag;USD;Amerikanske dollar;NOK;Norske kroner;SP;Spot;4;false;0;Enheter;C;ECB concertation tidspunkt 14:15 CET;2020-08-17;8,8686
B;Virkedag;USD;Amerikanske dollar;NOK;Norske kroner;SP;Spot;4;false;0;Enheter;C;ECB concertation tidspunkt 14:15 CET;2020-08-18;8,8199
B;Virkedag;USD;Amerikanske dollar;NOK;Norske kroner;SP;Spot;4;false;0;Enheter;C;ECB concertation tidspunkt 14:15 CET;2020-08-19;8,8373
B;Virkedag;USD;Amerikanske dollar;NOK;Norske kroner;SP;Spot;4;false;0;Enheter;C;ECB concertation tidspunkt 14:15 CET;2020-08-20;8,9509
B;Virkedag;USD;Amerikanske dollar;NOK;Norske kroner;SP;Spot;4;false;0;Enheter;C;ECB concertation tidspunkt 14:15 CET;2020-08-21;8,9993
B;Virkedag;USD;Amerikanske dollar;NOK;Norske kroner;SP;Spot;4;false;0;Enheter;C;ECB concertation tidspunkt 14:15 CET;2020-08-24;8,9633
B;Virkedag;USD;Amerikanske dollar;NOK;Norske kroner;SP;Spot;4;false;0;Enheter;C;ECB concertation tidspunkt 14:15 CET;2020-08-25;8,946
B;Virkedag;USD;Amerikanske dollar;NOK;Norske kroner;SP;Spot;4;false;0;Enheter;C;ECB concertation tidspunkt 14:15 CET;2020-08-26;8,9578
B;Virkedag;USD;Amerikanske dollar;NOK;Norske kroner;SP;Spot;4;false;0;Enheter;C;ECB concertation tidspunkt 14:15 CET;2020-08-27;8,9089
B;Virkedag;USD;Amerikanske dollar;NOK;Norske kroner;SP;Spot;4;false;0;Enheter;C;ECB concertation tidspunkt 14:15 CET;2020-08-28;8,7872
B;Virkedag;USD;Amerikanske dollar;NOK;Norske kroner;SP;Spot;4;false;0;Enheter;C;ECB concertation tidspunkt 14:15 CET;2020-08-31;8,7563
B;Virkedag;USD;Amerikanske dollar;NOK;Norske kroner;SP;Spot;4;false;0;Enheter;C;ECB concertation tidspunkt 14:15 CET;2020-09-01;8,7076
B;Virkedag;USD;Amerikanske dollar;NOK;Norske kroner;SP;Spot;4;false;0;Enheter;C;ECB concertation tidspunkt 14:15 CET;2020-09-02;8,7733
B;Virkedag;USD;Amerikanske dollar;NOK;Norske kroner;SP;Spot;4;false;0;Enheter;C;ECB concertation tidspunkt 14:15 CET;2020-09-03;8,9152
B;Virkedag;USD;Amerikanske dollar;NOK;Norske kroner;SP;Spot;4;false;0;Enheter;C;ECB concertation tidspunkt 14:15 CET;2020-09-04;8,9316
B;Virkedag;USD;Amerikanske dollar;NOK;Norske kroner;SP;Spot;4;false;0;Enheter;C;ECB concertation tidspunkt 14:15 CET;2020-09-07;8,9186
B;Virkedag;USD;Amerikanske dollar;NOK;Norske kroner;SP;Spot;4;false;0;Enheter;C;ECB concertation tidspunkt 14:15 CET;2020-09-08;9,055
B;Virkedag;USD;Amerikanske dollar;NOK;Norske kroner;SP;Spot;4;false;0;Enheter;C;ECB concertation tidspunkt 14:15 CET;2020-09-09;9,1013
B;Virkedag;USD;Amerikanske dollar;NOK;Norske kroner;SP;Spot;4;false;0;Enheter;C;ECB concertation tidspunkt 14:15 CET;2020-09-10;9,0193
B;Virkedag;USD;Amerikanske dollar;NOK;Norske kroner;SP;Spot;4;false;0;Enheter;C;ECB concertation tidspunkt 14:15 CET;2020-09-11;9,0289
B;Virkedag;USD;Amerikanske dollar;NOK;Norske kroner;SP;Spot;4;false;0;Enheter;C;ECB concertation tidspunkt 14:15 CET;2020-09-14;9,0041
B;Virkedag;USD;Amerikanske dollar;NOK;Norske kroner;SP;Spot;4;false;0;Enheter;C;ECB concertation tidspunkt 14:15 CET;2020-09-15;8,9945
B;Virkedag;USD;Amerikanske dollar;NOK;Norske kroner;SP;Spot;4;false;0;Enheter;C;ECB concertation tidspunkt 14:15 CET;2020-09-16;8,9821
B;Virkedag;USD;Amerikanske dollar;NOK;Norske kroner;SP;Spot;4;false;0;Enheter;C;ECB concertation tidspunkt 14:15 CET;2020-09-17;9,0903
B;Virkedag;USD;Amerikanske dollar;NOK;Norske kroner;SP;Spot;4;false;0;Enheter;C;ECB concertation tidspunkt 14:15 CET;2020-09-18;9,088
B;Virkedag;USD;Amerikanske dollar;NOK;Norske kroner;SP;Spot;4;false;0;Enheter;C;ECB concertation tidspunkt 14:15 CET;2020-09-21;9,2339
B;Virkedag;USD;Amerikanske dollar;NOK;Norske kroner;SP;Spot;4;false;0;Enheter;C;ECB concertation tidspunkt 14:15 CET;2020-09-22;9,3295
B;Virkedag;USD;Amerikanske dollar;NOK;Norske kroner;SP;Spot;4;false;0;Enheter;C;ECB concertation tidspunkt 14:15 CET;2020-09-23;9,4028
B;Virkedag;USD;Amerikanske dollar;NOK;Norske kroner;SP;Spot;4;false;0;Enheter;C;ECB concertation tidspunkt 14:15 CET;2020-09-24;9,534
B;Virkedag;USD;Amerikanske dollar;NOK;Norske kroner;SP;Spot;4;false;0;Enheter;C;ECB concertation tidspunkt 14:15 CET;2020-09-25;9,5793
B;Virkedag;USD;Amerikanske dollar;NOK;Norske kroner;SP;Spot;4;false;0;Enheter;C;ECB concertation tidspunkt 14:15 CET;2020-09-28;9,4756
B;Virkedag;USD;Amerikanske dollar;NOK;Norske kroner;SP;Spot;4;false;0;Enheter;C;ECB concertation tidspunkt 14:15 CET;2020-09-29;9,4465
B;Virkedag;USD;Amerikanske dollar;NOK;Norske kroner;SP;Spot;4;false;0;Enheter;C;ECB concertation tidspunkt 14:15 CET;2020-09-30;9,4814
B;Virkedag;USD;Amerikanske dollar;NOK;Norske kroner;SP;Spot;4;false;0;Enheter;C;ECB concertation tidspunkt 14:15 CET;2020-10-01;9,2812
B;Virkedag;USD;Amerikanske dollar;NOK;Norske kroner;SP;Spot;4;false;0;Enheter;C;ECB concertation tidspunkt 14:15 CET;2020-10-02;9,2958
B;Virkedag;USD;Amerikanske dollar;NOK;Norske kroner;SP;Spot;4;false;0;Enheter;C;ECB concertation tidspunkt 14:15 CET;2020-10-05;9,2501
B;Virkedag;USD;Amerikanske dollar;NOK;Norske kroner;SP;Spot;4;false;0;Enheter;C;ECB concertation tidspunkt 14:15 CET;2020-10-06;9,2075
B;Virkedag;USD;Amerikanske dollar;NOK;Norske kroner;SP;Spot;4;false;0;Enheter;C;ECB concertation tidspunkt 14:15 CET;2020-10-07;9,2874
B;Virkedag;USD;Amerikanske dollar;NOK;Norske kroner;SP;Spot;4;false;0;Enheter;C;ECB concertation tidspunkt 14:15 CET;2020-10-08;9,268
B;Virkedag;USD;Amerikanske dollar;NOK;Norske kroner;SP;Spot;4;false;0;Enheter;C;ECB concertation tidspunkt 14:15 CET;2020-10-09;9,2092
B;Virkedag;USD;Amerikanske dollar;NOK;Norske kroner;SP;Spot;4;false;0;Enheter;C;ECB concertation tidspunkt 14:15 CET;2020-10-12;9,147
B;Virkedag;USD;Amerikanske dollar;NOK;Norske kroner;SP;Spot;4;false;0;Enheter;C;ECB concertation tidspunkt 14:15 CET;2020-10-13;9,1561
B;Virkedag;USD;Amerikanske dollar;NOK;Norske kroner;SP;Spot;4;false;0;Enheter;C;ECB concertation tidspunkt 14:15 CET;2020-10-14;9,21
B;Virkedag;USD;Amerikanske dollar;NOK;Norske kroner;SP;Spot;4;false;0;Enheter;C;ECB concertation tidspunkt 14:15 CET;2020-10-15;9,3758
B;Virkedag;USD;Amerikanske dollar;NOK;Norske kroner;SP;Spot;4;false;0;Enheter;C;ECB concertation tidspunkt 14:15 CET;2020-10-16;9,3323
B;Virkedag;USD;Amerikanske dollar;NOK;Norske kroner;SP;Spot;4;false;0;Enheter;C;ECB concertation tidspunkt 14:15 CET;2020-10-19;9,2889
B;Virkedag;USD;Amerikanske dollar;NOK;Norske kroner;SP;Spot;4;false;0;Enheter;C;ECB concertation tidspunkt 14:15 CET;2020-10-20;9,2886
B;Virkedag;USD;Amerikanske dollar;NOK;Norske kroner;SP;Spot;4;false;0;Enheter;C;ECB concertation tidspunkt 14:15 CET;2020-10-21;9,2233
B;Virkedag;USD;Amerikanske dollar;NOK;Norske kroner;SP;Spot;4;false;0;Enheter;C;ECB concertation tidspunkt 14:15 CET;2020-10-22;9,2484
B;Virkedag;USD;Amerikanske dollar;NOK;Norske kroner;SP;Spot;4;false;0;Enheter;C;ECB concertation tidspunkt 14:15 CET;2020-10-23;9,2087
B;Virkedag;USD;Amerikanske dollar;NOK;Norske kroner;SP;Spot;4;false;0;Enheter;C;ECB concertation tidspunkt 14:15 CET;2020-10-26;9,2618
B;Virkedag;USD;Amerikanske dollar;NOK;Norske kroner;SP;Spot;4;false;0;Enheter;C;ECB concertation tidspunkt 14:15 CET;2020-10-27;9,1614
B;Virkedag;USD;Amerikanske dollar;NOK;Norske kroner;SP;Spot;4;false;0;Enheter;C;ECB concertation tidspunkt 14:15 CET;2020-10-28;9,3539
B;Virkedag;USD;Amerikanske dollar;NOK;Norske kroner;SP;Spot;4;false;0;Enheter;C;ECB concertation tidspunkt 14:15 CET;2020-10-29;9,5262
B;Virkedag;USD;Amerikanske dollar;NOK;Norske kroner;SP;Spot;4;false;0;Enheter;C;ECB concertation tidspunkt 14:15 CET;2020-10-30;9,4837
B;Virkedag;USD;Amerikanske dollar;NOK;Norske kroner;SP;Spot;4;false;0;Enheter;C;ECB concertation tidspunkt 14:15 CET;2020-11-02;9,5372
B;Virkedag;USD;Amerikanske dollar;NOK;Norske kroner;SP;Spot;4;false;0;Enheter;C;ECB concertation tidspunkt 14:15 CET;2020-11-03;9,4089
B;Virkedag;USD;Amerikanske dollar;NOK;Norske kroner;SP;Spot;4;false;0;Enheter;C;ECB concertation tidspunkt 14:15 CET;2020-11-04;9,3493
B;Virkedag;USD;Amerikanske dollar;NOK;Norske kroner;SP;Spot;4;false;0;Enheter;C;ECB concertation tidspunkt 14:15 CET;2020-11-05;9,1523
B;Virkedag;USD;Amerikanske dollar;NOK;Norske kroner;SP;Spot;4;false;0;Enheter;C;ECB concertation tidspunkt 14:15 CET;2020-11-06;9,1999
B;Virkedag;USD;Amerikanske dollar;NOK;Norske kroner;SP;Spot;4;false;0;Enheter;C;ECB concertation tidspunkt 14:15 CET;2020-11-09;9,013
B;Virkedag;USD;Amerikanske dollar;NOK;Norske kroner;SP;Spot;4;false;0;Enheter;C;ECB concertation tidspunkt 14:15 CET;2020-11-10;9,0293
B;Virkedag;USD;Amerikanske dollar;NOK;Norske kroner;SP;Spot;4;false;0;Enheter;C;ECB concertation tidspunkt 14:15 CET;2020-11-11;9,0747
B;Virkedag;USD;Amerikanske dollar;NOK;Norske kroner;SP;Spot;4;false;0;Enheter;C;ECB concertation tidspunkt 14:15 CET;2020-11-12;9,1305
B;Virkedag;USD;Amerikanske dollar;NOK;Norske kroner;SP;Spot;4;false;0;Enheter;C;ECB concertation tidspunkt 14:15 CET;2020-11-13;9,1513
B;Virkedag;USD;Amerikanske dollar;NOK;Norske kroner;SP;Spot;4;false;0;Enheter;C;ECB concertation tidspunkt 14:15 CET;2020-11-16;9,071
B;Virkedag;USD;Amerikanske dollar;NOK;Norske kroner;SP;Spot;4;false;0;Enheter;C;ECB concertation tidspunkt 14:15 CET;2020-11-17;9,0627
B;Virkedag;USD;Amerikanske dollar;NOK;Norske kroner;SP;Spot;4;false;0;Enheter;C;ECB concertation tidspunkt 14:15 CET;2020-11-18;9,0255
B;Virkedag;USD;Amerikanske dollar;NOK;Norske kroner;SP;Spot;4;false;0;Enheter;C;ECB concertation tidspunkt 14:15 CET;2020-11-19;9,0348
B;Virkedag;USD;Amerikanske dollar;NOK;Norske kroner;SP;Spot;4;false;0;Enheter;C;ECB concertation tidspunkt 14:15 CET;2020-11-20;8,987
B;Virkedag;USD;Amerikanske dollar;NOK;Norske kroner;SP;Spot;4;false;0;Enheter;C;ECB concertation tidspunkt 14:15 CET;2020-11-23;8,9827
B;Virkedag;USD;Amerikanske dollar;NOK;Norske kroner;SP;Spot;4;false;0;Enheter;C;ECB concertation tidspunkt 14:15 CET;2020-11-24;8,9986
B;Virkedag;USD;Amerikanske dollar;NOK;Norske kroner;SP;Spot;4;false;0;Enheter;C;ECB concertation tidspunkt 14:15 CET;2020-11-25;8,872
B;Virkedag;USD;Amerikanske dollar;NOK;Norske kroner;SP;Spot;4;false;0;Enheter;C;ECB concertation tidspunkt 14:15 CET;2020-11-26;8,8828
B;Virkedag;USD;Amerikanske dollar;NOK;Norske kroner;SP;Spot;4;false;0;Enheter;C;ECB concertation tidspunkt 14:15 CET;2020-11-27;8,8601
B;Virkedag;USD;Amerikanske dollar;NOK;Norske kroner;SP;Spot;4;false;0;Enheter;C;ECB concertation tidspunkt 14:15 CET;2020-11-30;8,8155
B;Virkedag;USD;Amerikanske dollar;NOK;Norske kroner;SP;Spot;4;false;0;Enheter;C;ECB concertation tidspunkt 14:15 CET;2020-12-01;8,8593
B;Virkedag;USD;Amerikanske dollar;NOK;Norske kroner;SP;Spot;4;false;0;Enheter;C;ECB concertation tidspunkt 14:15 CET;2020-12-02;8,8681
B;Virkedag;USD;Amerikanske dollar;NOK;Norske kroner;SP;Spot;4;false;0;Enheter;C;ECB concertation tidspunkt 14:15 CET;2020-12-03;8,8116
B;Virkedag;USD;Amerikanske dollar;NOK;Norske kroner;SP;Spot;4;false;0;Enheter;C;ECB concertation tidspunkt 14:15 CET;2020-12-04;8,767
B;Virkedag;USD;Amerikanske dollar;NOK;Norske kroner;SP;Spot;4;false;0;Enheter;C;ECB concertation tidspunkt 14:15 CET;2020-12-07;8,7672
B;Virkedag;USD;Amerikanske dollar;NOK;Norske kroner;SP;Spot;4;false;0;Enheter;C;ECB concertation tidspunkt 14:15 CET;2020-12-08;8,7736
B;Virkedag;USD;Amerikanske dollar;NOK;Norske kroner;SP;Spot;4;false;0;Enheter;C;ECB concertation tidspunkt 14:15 CET;2020-12-09;8,7342
B;Virkedag;USD;Amerikanske dollar;NOK;Norske kroner;SP;Spot;4;false;0;Enheter;C;ECB concertation tidspunkt 14:15 CET;2020-12-10;8,832
B;Virkedag;USD;Amerikanske dollar;NOK;Norske kroner;SP;Spot;4;false;0;Enheter;C;ECB concertation tidspunkt 14:15 CET;2020-12-11;8,8206
B;Virkedag;USD;Amerikanske dollar;NOK;Norske kroner;SP;Spot;4;false;0;Enheter;C;ECB concertation tidspunkt 14:15 CET;2020-12-14;8,7019
B;Virkedag;USD;Amerikanske dollar;NOK;Norske kroner;SP;Spot;4;false;0;Enheter;C;ECB concertation tidspunkt 14:15 CET;2020-12-15;8,743
B;Virkedag;USD;Amerikanske dollar;NOK;Norske kroner;SP;Spot;4;false;0;Enheter;C;ECB concertation tidspunkt 14:15 CET;2020-12-16;8,679
B;Virkedag;USD;Amerikanske dollar;NOK;Norske kroner;SP;Spot;4;false;0;Enheter;C;ECB concertation tidspunkt 14:15 CET;2020-12-17;8,5755
B;Virkedag;USD;Amerikanske dollar;NOK;Norske kroner;SP;Spot;4;false;0;Enheter;C;ECB concertation tidspunkt 14:15 CET;2020-12-18;8,5784
B;Virkedag;USD;Amerikanske dollar;NOK;Norske kroner;SP;Spot;4;false;0;Enheter;C;ECB concertation tidspunkt 14:15 CET;2020-12-21;8,7503
B;Virkedag;USD;Amerikanske dollar;NOK;Norske kroner;SP;Spot;4;false;0;Enheter;C;ECB concertation tidspunkt 14:15 CET;2020-12-22;8,6558
B;Virkedag;USD;Amerikanske dollar;NOK;Norske kroner;SP;Spot;4;false;0;Enheter;C;ECB concertation tidspunkt 14:15 CET;2020-12-23;8,7324
B;Virkedag;USD;Amerikanske dollar;NOK;Norske kroner;SP;Spot;4;false;0;Enheter;C;ECB concertation tidspunkt 14:15 CET;2020-12-28;8,6515
B;Virkedag;USD;Amerikanske dollar;NOK;Norske kroner;SP;Spot;4;false;0;Enheter;C;ECB concertation tidspunkt 14:15 CET;2020-12-29;8,6059
B;Virkedag;USD;Amerikanske dollar;NOK;Norske kroner;SP;Spot;4;false;0;Enheter;C;ECB concertation tidspunkt 14:15 CET;2020-12-30;8,5881
B;Virkedag;USD;Amerikanske dollar;NOK;Norske kroner;SP;Spot;4;false;0;Enheter;C;ECB concertation tidspunkt 14:15 CET;2020-12-31;8,5326
B;Virkedag;USD;Amerikanske dollar;NOK;Norske kroner;SP;Spot;4;false;0;Enheter;C;ECB concertation tidspunkt 14:15 CET;2021-01-04;8,4938
B;Virkedag;USD;Amerikanske dollar;NOK;Norske kroner;SP;Spot;4;false;0;Enheter;C;ECB concertation tidspunkt 14:15 CET;2021-01-05;8,5334
B;Virkedag;USD;Amerikanske dollar;NOK;Norske kroner;SP;Spot;4;false;0;Enheter;C;ECB concertation tidspunkt 14:15 CET;2021-01-06;8,4138
B;Virkedag;USD;Amerikanske dollar;NOK;Norske kroner;SP;Spot;4;false;0;Enheter;C;ECB concertation tidspunkt 14:15 CET;2021-01-07;8,4258
B;Virkedag;USD;Amerikanske dollar;NOK;Norske kroner;SP;Spot;4;false;0;Enheter;C;ECB concertation tidspunkt 14:15 CET;2021-01-08;8,397
B;Virkedag;USD;Amerikanske dollar;NOK;Norske kroner;SP;Spot;4;false;0;Enheter;C;ECB concertation tidspunkt 14:15 CET;2021-01-11;8,5242
B;Virkedag;USD;Amerikanske dollar;NOK;Norske kroner;SP;Spot;4;false;0;Enheter;C;ECB concertation tidspunkt 14:15 CET;2021-01-12;8,5326
B;Virkedag;USD;Amerikanske dollar;NOK;Norske kroner;SP;Spot;4;false;0;Enheter;C;ECB concertation tidspunkt 14:15 CET;2021-01-13;8,4983
B;Virkedag;USD;Amerikanske dollar;NOK;Norske kroner;SP;Spot;4;false;0;Enheter;C;ECB concertation tidspunkt 14:15 CET;2021-01-14;8,5045
B;Virkedag;USD;Amerikanske dollar;NOK;Norske kroner;SP;Spot;4;false;0;Enheter;C;ECB concertation tidspunkt 14:15 CET;2021-01-15;8,5074
B;Virkedag;USD;Amerikanske dollar;NOK;Norske kroner;SP;Spot;4;false;0;Enheter;C;ECB concertation tidspunkt 14:15 CET;2021-01-18;8,6089
B;Virkedag;USD;Amerikanske dollar;NOK;Norske kroner;SP;Spot;4;false;0;Enheter;C;ECB concertation tidspunkt 14:15 CET;2021-01-19;8,5248
B;Virkedag;USD;Amerikanske dollar;NOK;Norske kroner;SP;Spot;4;false;0;Enheter;C;ECB concertation tidspunkt 14:15 CET;2021-01-20;8,5307
B;Virkedag;USD;Amerikanske dollar;NOK;Norske kroner;SP;Spot;4;false;0;Enheter;C;ECB concertation tidspunkt 14:15 CET;2021-01-21;8,4317
B;Virkedag;USD;Amerikanske dollar;NOK;Norske kroner;SP;Spot;4;false;0;Enheter;C;ECB concertation tidspunkt 14:15 CET;2021-01-22;8,4971
B;Virkedag;USD;Amerikanske dollar;NOK;Norske kroner;SP;Spot;4;false;0;Enheter;C;ECB concertation tidspunkt 14:15 CET;2021-01-25;8,5153
B;Virkedag;USD;Amerikanske dollar;NOK;Norske kroner;SP;Spot;4;false;0;Enheter;C;ECB concertation tidspunkt 14:15 CET;2021-01-26;8,5541
B;Virkedag;USD;Amerikanske dollar;NOK;Norske kroner;SP;Spot;4;false;0;Enheter;C;ECB concertation tidspunkt 14:15 CET;2021-01-27;8,6309
B;Virkedag;USD;Amerikanske dollar;NOK;Norske kroner;SP;Spot;4;false;0;Enheter;C;ECB concertation tidspunkt 14:15 CET;2021-01-28;8,7011
B;Virkedag;USD;Amerikanske dollar;NOK;Norske kroner;SP;Spot;4;false;0;Enheter;C;ECB concertation tidspunkt 14:15 CET;2021-01-29;8,5226
B;Virkedag;USD;Amerikanske dollar;NOK;Norske kroner;SP;Spot;4;false;0;Enheter;C;ECB concertation tidspunkt 14:15 CET;2021-02-01;8,5973
B;Virkedag;USD;Amerikanske dollar;NOK;Norske kroner;SP;Spot;4;false;0;Enheter;C;ECB concertation tidspunkt 14:15 CET;2021-02-02;8,5904
B;Virkedag;USD;Amerikanske dollar;NOK;Norske kroner;SP;Spot;4;false;0;Enheter;C;ECB concertation tidspunkt 14:15 CET;2021-02-03;8,6161
B;Virkedag;USD;Amerikanske dollar;NOK;Norske kroner;SP;Spot;4;false;0;Enheter;C;ECB concertation tidspunkt 14:15 CET;2021-02-04;8,6179
B;Virkedag;USD;Amerikanske dollar;NOK;Norske kroner;SP;Spot;4;false;0;Enheter;C;ECB concertation tidspunkt 14:15 CET;2021-02-05;8,6012
B;Virkedag;USD;Amerikanske dollar;NOK;Norske kroner;SP;Spot;4;false;0;Enheter;C;ECB concertation tidspunkt 14:15 CET;2021-02-08;8,5426
B;Virkedag;USD;Amerikanske dollar;NOK;Norske kroner;SP;Spot;4;false;0;Enheter;C;ECB concertation tidspunkt 14:15 CET;2021-02-09;8,4755
B;Virkedag;USD;Amerikanske dollar;NOK;Norske kroner;SP;Spot;4;false;0;Enheter;C;ECB concertation tidspunkt 14:15 CET;2021-02-10;8,4341
B;Virkedag;USD;Amerikanske dollar;NOK;Norske kroner;SP;Spot;4;false;0;Enheter;C;ECB concertation tidspunkt 14:15 CET;2021-02-11;8,4461
B;Virkedag;USD;Amerikanske dollar;NOK;Norske kroner;SP;Spot;4;false;0;Enheter;C;ECB concertation tidspunkt 14:15 CET;2021-02-12;8,4944
B;Virkedag;USD;Amerikanske dollar;NOK;Norske kroner;SP;Spot;4;false;0;Enheter;C;ECB concertation tidspunkt 14:15 CET;2021-02-15;8,4065
B;Virkedag;USD;Amerikanske dollar;NOK;Norske kroner;SP;Spot;4;false;0;Enheter;C;ECB concertation tidspunkt 14:15 CET;2021-02-16;8,3948
B;Virkedag;USD;Amerikanske dollar;NOK;Norske kroner;SP;Spot;4;false;0;Enheter;C;ECB concertation tidspunkt 14:15 CET;2021-02-17;8,4671
B;Virkedag;USD;Amerikanske dollar;NOK;Norske kroner;SP;Spot;4;false;0;Enheter;C;ECB concertation tidspunkt 14:15 CET;2021-02-18;8,4556
B;Virkedag;USD;Amerikanske dollar;NOK;Norske kroner;SP;Spot;4;false;0;Enheter;C;ECB concertation tidspunkt 14:15 CET;2021-02-19;8,4105
B;Virkedag;USD;Amerikanske dollar;NOK;Norske kroner;SP;Spot;4;false;0;Enheter;C;ECB concertation tidspunkt 14:15 CET;2021-02-22;8,5045
B;Virkedag;USD;Amerikanske dollar;NOK;Norske kroner;SP;Spot;4;false;0;Enheter;C;ECB concertation tidspunkt 14:15 CET;2021-02-23;8,4979
B;Virkedag;USD;Amerikanske dollar;NOK;Norske kroner;SP;Spot;4;false;0;Enheter;C;ECB concertation tidspunkt 14:15 CET;2021-02-24;8,4376
B;Virkedag;USD;Amerikanske dollar;NOK;Norske kroner;SP;Spot;4;false;0;Enheter;C;ECB concertation tidspunkt 14:15 CET;2021-02-25;8,3661
B;Virkedag;USD;Amerikanske dollar;NOK;Norske kroner;SP;Spot;4;false;0;Enheter;C;ECB concertation tidspunkt 14:15 CET;2021-02-26;8,5811
B;Virkedag;USD;Amerikanske dollar;NOK;Norske kroner;SP;Spot;4;false;0;Enheter;C;ECB concertation tidspunkt 14:15 CET;2021-03-01;8,5954
B;Virkedag;USD;Amerikanske dollar;NOK;Norske kroner;SP;Spot;4;false;0;Enheter;C;ECB concertation tidspunkt 14:15 CET;2021-03-02;8,5264
B;Virkedag;USD;Amerikanske dollar;NOK;Norske kroner;SP;Spot;4;false;0;Enheter;C;ECB concertation tidspunkt 14:15 CET;2021-03-03;8,5036
B;Virkedag;USD;Amerikanske dollar;NOK;Norske kroner;SP;Spot;4;false;0;Enheter;C;ECB concertation tidspunkt 14:15 CET;2021-03-04;8,5254
B;Virkedag;USD;Amerikanske dollar;NOK;Norske kroner;SP;Spot;4;false;0;Enheter;C;ECB concertation tidspunkt 14:15 CET;2021-03-05;8,5534
B;Virkedag;USD;Amerikanske dollar;NOK;Norske kroner;SP;Spot;4;false;0;Enheter;C;ECB concertation tidspunkt 14:15 CET;2021-03-08;8,5779
B;Virkedag;USD;Amerikanske dollar;NOK;Norske kroner;SP;Spot;4;false;0;Enheter;C;ECB concertation tidspunkt 14:15 CET;2021-03-09;8,4781
B;Virkedag;USD;Amerikanske dollar;NOK;Norske kroner;SP;Spot;4;false;0;Enheter;C;ECB concertation tidspunkt 14:15 CET;2021-03-10;8,4774
B;Virkedag;USD;Amerikanske dollar;NOK;Norske kroner;SP;Spot;4;false;0;Enheter;C;ECB concertation tidspunkt 14:15 CET;2021-03-11;8,4309
B;Virkedag;USD;Amerikanske dollar;NOK;Norske kroner;SP;Spot;4;false;0;Enheter;C;ECB concertation tidspunkt 14:15 CET;2021-03-12;8,4524
B;Virkedag;USD;Amerikanske dollar;NOK;Norske kroner;SP;Spot;4;false;0;Enheter;C;ECB concertation tidspunkt 14:15 CET;2021-03-15;8,4721
B;Virkedag;USD;Amerikanske dollar;NOK;Norske kroner;SP;Spot;4;false;0;Enheter;C;ECB concertation tidspunkt 14:15 CET;2021-03-16;8,4712
B;Virkedag;USD;Amerikanske dollar;NOK;Norske kroner;SP;Spot;4;false;0;Enheter;C;ECB concertation tidspunkt 14:15 CET;2021-03-17;8,5003
B;Virkedag;USD;Amerikanske dollar;NOK;Norske kroner;SP;Spot;4;false;0;Enheter;C;ECB concertation tidspunkt 14:15 CET;2021-03-18;8,4837
B;Virkedag;USD;Amerikanske dollar;NOK;Norske kroner;SP;Spot;4;false;0;Enheter;C;ECB concertation tidspunkt 14:15 CET;2021-03-19;8,5794
B;Virkedag;USD;Amerikanske dollar;NOK;Norske kroner;SP;Spot;4;false;0;Enheter;C;ECB concertation tidspunkt 14:15 CET;2021-03-22;8,5018
B;Virkedag;USD;Amerikanske dollar;NOK;Norske kroner;SP;Spot;4;false;0;Enheter;C;ECB concertation tidspunkt 14:15 CET;2021-03-23;8,5654
B;Virkedag;USD;Amerikanske dollar;NOK;Norske kroner;SP;Spot;4;false;0;Enheter;C;ECB concertation tidspunkt 14:15 CET;2021-03-24;8,5888
B;Virkedag;USD;Amerikanske dollar;NOK;Norske kroner;SP;Spot;4;false;0;Enheter;C;ECB concertation tidspunkt 14:15 CET;2021-03-25;8,6132
B;Virkedag;USD;Amerikanske dollar;NOK;Norske kroner;SP;Spot;4;false;0;Enheter;C;ECB concertation tidspunkt 14:15 CET;2021-03-26;8,5943
B;Virkedag;USD;Amerikanske dollar;NOK;Norske kroner;SP;Spot;4;false;0;Enheter;C;ECB concertation tidspunkt 14:15 CET;2021-03-29;8,5487
B;Virkedag;USD;Amerikanske dollar;NOK;Norske kroner;SP;Spot;4;false;0;Enheter;C;ECB concertation tidspunkt 14:15 CET;2021-03-30;8,5694
B;Virkedag;USD;Amerikanske dollar;NOK;Norske kroner;SP;Spot;4;false;0;Enheter;C;ECB concertation tidspunkt 14:15 CET;2021-03-31;8,5249
B;Virkedag;USD;Amerikanske dollar;NOK;Norske kroner;SP;Spot;4;false;0;Enheter;C;ECB concertation tidspunkt 14:15 CET;2021-04-06;8,531
B;Virkedag;USD;Amerikanske dollar;NOK;Norske kroner;SP;Spot;4;false;0;Enheter;C;ECB concertation tidspunkt 14:15 CET;2021-04-07;8,4597
B;Virkedag;USD;Amerikanske dollar;NOK;Norske kroner;SP;Spot;4;false;0;Enheter;C;ECB concertation tidspunkt 14:15 CET;2021-04-08;8,4882
B;Virkedag;USD;Amerikanske dollar;NOK;Norske kroner;SP;Spot;4;false;0;Enheter;C;ECB concertation tidspunkt 14:15 CET;2021-04-09;8,5069
B;Virkedag;USD;Amerikanske dollar;NOK;Norske kroner;SP;Spot;4;false;0;Enheter;C;ECB concertation tidspunkt 14:15 CET;2021-04-12;8,4795
B;Virkedag;USD;Amerikanske dollar;NOK;Norske kroner;SP;Spot;4;false;0;Enheter;C;ECB concertation tidspunkt 14:15 CET;2021-04-13;8,547
B;Virkedag;USD;Amerikanske dollar;NOK;Norske kroner;SP;Spot;4;false;0;Enheter;C;ECB concertation tidspunkt 14:15 CET;2021-04-14;8,4207
B;Virkedag;USD;Amerikanske dollar;NOK;Norske kroner;SP;Spot;4;false;0;Enheter;C;ECB concertation tidspunkt 14:15 CET;2021-04-15;8,3904
B;Virkedag;USD;Amerikanske dollar;NOK;Norske kroner;SP;Spot;4;false;0;Enheter;C;ECB concertation tidspunkt 14:15 CET;2021-04-16;8,3581
B;Virkedag;USD;Amerikanske dollar;NOK;Norske kroner;SP;Spot;4;false;0;Enheter;C;ECB concertation tidspunkt 14:15 CET;2021-04-19;8,2869
B;Virkedag;USD;Amerikanske dollar;NOK;Norske kroner;SP;Spot;4;false;0;Enheter;C;ECB concertation tidspunkt 14:15 CET;2021-04-20;8,2952
B;Virkedag;USD;Amerikanske dollar;NOK;Norske kroner;SP;Spot;4;false;0;Enheter;C;ECB concertation tidspunkt 14:15 CET;2021-04-21;8,3637
B;Virkedag;USD;Amerikanske dollar;NOK;Norske kroner;SP;Spot;4;false;0;Enheter;C;ECB concertation tidspunkt 14:15 CET;2021-04-22;8,3409
B;Virkedag;USD;Amerikanske dollar;NOK;Norske kroner;SP;Spot;4;false;0;Enheter;C;ECB concertation tidspunkt 14:15 CET;2021-04-23;8,3234
B;Virkedag;USD;Amerikanske dollar;NOK;Norske kroner;SP;Spot;4;false;0;Enheter;C;ECB concertation tidspunkt 14:15 CET;2021-04-26;8,3043
B;Virkedag;USD;Amerikanske dollar;NOK;Norske kroner;SP;Spot;4;false;0;Enheter;C;ECB concertation tidspunkt 14:15 CET;2021-04-27;8,2787
B;Virkedag;USD;Amerikanske dollar;NOK;Norske kroner;SP;Spot;4;false;0;Enheter;C;ECB concertation tidspunkt 14:15 CET;2021-04-28;8,268
B;Virkedag;USD;Amerikanske dollar;NOK;Norske kroner;SP;Spot;4;false;0;Enheter;C;ECB concertation tidspunkt 14:15 CET;2021-04-29;8,1742
B;Virkedag;USD;Amerikanske dollar;NOK;Norske kroner;SP;Spot;4;false;0;Enheter;C;ECB concertation tidspunkt 14:15 CET;2021-04-30;8,2381
B;Virkedag;USD;Amerikanske dollar;NOK;Norske kroner;SP;Spot;4;false;0;Enheter;C;ECB concertation tidspunkt 14:15 CET;2021-05-03;8,3162
B;Virkedag;USD;Amerikanske dollar;NOK;Norske kroner;SP;Spot;4;false;0;Enheter;C;ECB concertation tidspunkt 14:15 CET;2021-05-04;8,329
B;Virkedag;USD;Amerikanske dollar;NOK;Norske kroner;SP;Spot;4;false;0;Enheter;C;ECB concertation tidspunkt 14:15 CET;2021-05-05;8,3172
B;Virkedag;USD;Amerikanske dollar;NOK;Norske kroner;SP;Spot;4;false;0;Enheter;C;ECB concertation tidspunkt 14:15 CET;2021-05-06;8,3381
B;Virkedag;USD;Amerikanske dollar;NOK;Norske kroner;SP;Spot;4;false;0;Enheter;C;ECB concertation tidspunkt 14:15 CET;2021-05-07;8,3029
B;Virkedag;USD;Amerikanske dollar;NOK;Norske kroner;SP;Spot;4;false;0;Enheter;C;ECB concertation tidspunkt 14:15 CET;2021-05-10;8,2183
B;Virkedag;USD;Amerikanske dollar;NOK;Norske kroner;SP;Spot;4;false;0;Enheter;C;ECB concertation tidspunkt 14:15 CET;2021-05-11;8,2432
B;Virkedag;USD;Amerikanske dollar;NOK;Norske kroner;SP;Spot;4;false;0;Enheter;C;ECB concertation tidspunkt 14:15 CET;2021-05-12;8,2739
B;Virkedag;USD;Amerikanske dollar;NOK;Norske kroner;SP;Spot;4;false;0;Enheter;C;ECB concertation tidspunkt 14:15 CET;2021-05-14;8,2549
B;Virkedag;USD;Amerikanske dollar;NOK;Norske kroner;SP;Spot;4;false;0;Enheter;C;ECB concertation tidspunkt 14:15 CET;2021-05-18;8,1922
B;Virkedag;USD;Amerikanske dollar;NOK;Norske kroner;SP;Spot;4;false;0;Enheter;C;ECB concertation tidspunkt 14:15 CET;2021-05-19;8,2753
B;Virkedag;USD;Amerikanske dollar;NOK;Norske kroner;SP;Spot;4;false;0;Enheter;C;ECB concertation tidspunkt 14:15 CET;2021-05-20;8,3402
B;Virkedag;USD;Amerikanske dollar;NOK;Norske kroner;SP;Spot;4;false;0;Enheter;C;ECB concertation tidspunkt 14:15 CET;2021-05-21;8,3213
B;Virkedag;USD;Amerikanske dollar;NOK;Norske kroner;SP;Spot;4;false;0;Enheter;C;ECB concertation tidspunkt 14:15 CET;2021-05-25;8,3142
B;Virkedag;USD;Amerikanske dollar;NOK;Norske kroner;SP;Spot;4;false;0;Enheter;C;ECB concertation tidspunkt 14:15 CET;2021-05-26;8,3228
B;Virkedag;USD;Amerikanske dollar;NOK;Norske kroner;SP;Spot;4;false;0;Enheter;C;ECB concertation tidspunkt 14:15 CET;2021-05-27;8,3582
B;Virkedag;USD;Amerikanske dollar;NOK;Norske kroner;SP;Spot;4;false;0;Enheter;C;ECB concertation tidspunkt 14:15 CET;2021-05-28;8,3833
B;Virkedag;USD;Amerikanske dollar;NOK;Norske kroner;SP;Spot;4;false;0;Enheter;C;ECB concertation tidspunkt 14:15 CET;2021-05-31;8,375
B;Virkedag;USD;Amerikanske dollar;NOK;Norske kroner;SP;Spot;4;false;0;Enheter;C;ECB concertation tidspunkt 14:15 CET;2021-06-01;8,271
B;Virkedag;USD;Amerikanske dollar;NOK;Norske kroner;SP;Spot;4;false;0;Enheter;C;ECB concertation tidspunkt 14:15 CET;2021-06-02;8,3204
B;Virkedag;USD;Amerikanske dollar;NOK;Norske kroner;SP;Spot;4;false;0;Enheter;C;ECB concertation tidspunkt 14:15 CET;2021-06-03;8,3286
B;Virkedag;USD;Amerikanske dollar;NOK;Norske kroner;SP;Spot;4;false;0;Enheter;C;ECB concertation tidspunkt 14:15 CET;2021-06-04;8,3816
B;Virkedag;USD;Amerikanske dollar;NOK;Norske kroner;SP;Spot;4;false;0;Enheter;C;ECB concertation tidspunkt 14:15 CET;2021-06-07;8,262
B;Virkedag;USD;Amerikanske dollar;NOK;Norske kroner;SP;Spot;4;false;0;Enheter;C;ECB concertation tidspunkt 14:15 CET;2021-06-08;8,2482
B;Virkedag;USD;Amerikanske dollar;NOK;Norske kroner;SP;Spot;4;false;0;Enheter;C;ECB concertation tidspunkt 14:15 CET;2021-06-09;8,2426
B;Virkedag;USD;Amerikanske dollar;NOK;Norske kroner;SP;Spot;4;false;0;Enheter;C;ECB concertation tidspunkt 14:15 CET;2021-06-10;8,3061
B;Virkedag;USD;Amerikanske dollar;NOK;Norske kroner;SP;Spot;4;false;0;Enheter;C;ECB concertation tidspunkt 14:15 CET;2021-06-11;8,3157
B;Virkedag;USD;Amerikanske dollar;NOK;Norske kroner;SP;Spot;4;false;0;Enheter;C;ECB concertation tidspunkt 14:15 CET;2021-06-14;8,3246
B;Virkedag;USD;Amerikanske dollar;NOK;Norske kroner;SP;Spot;4;false;0;Enheter;C;ECB concertation tidspunkt 14:15 CET;2021-06-15;8,327
B;Virkedag;USD;Amerikanske dollar;NOK;Norske kroner;SP;Spot;4;false;0;Enheter;C;ECB concertation tidspunkt 14:15 CET;2021-06-16;8,3477
B;Virkedag;USD;Amerikanske dollar;NOK;Norske kroner;SP;Spot;4;false;0;Enheter;C;ECB concertation tidspunkt 14:15 CET;2021-06-17;8,5426
B;Virkedag;USD;Amerikanske dollar;NOK;Norske kroner;SP;Spot;4;false;0;Enheter;C;ECB concertation tidspunkt 14:15 CET;2021-06-18;8,6458
B;Virkedag;USD;Amerikanske dollar;NOK;Norske kroner;SP;Spot;4;false;0;Enheter;C;ECB concertation tidspunkt 14:15 CET;2021-06-21;8,6345
B;Virkedag;USD;Amerikanske dollar;NOK;Norske kroner;SP;Spot;4;false;0;Enheter;C;ECB concertation tidspunkt 14:15 CET;2021-06-22;8,5924
B;Virkedag;USD;Amerikanske dollar;NOK;Norske kroner;SP;Spot;4;false;0;Enheter;C;ECB concertation tidspunkt 14:15 CET;2021-06-23;8,5118
B;Virkedag;USD;Amerikanske dollar;NOK;Norske kroner;SP;Spot;4;false;0;Enheter;C;ECB concertation tidspunkt 14:15 CET;2021-06-24;8,5238
B;Virkedag;USD;Amerikanske dollar;NOK;Norske kroner;SP;Spot;4;false;0;Enheter;C;ECB concertation tidspunkt 14:15 CET;2021-06-25;8,482
B;Virkedag;USD;Amerikanske dollar;NOK;Norske kroner;SP;Spot;4;false;0;Enheter;C;ECB concertation tidspunkt 14:15 CET;2021-06-28;8,5443
B;Virkedag;USD;Amerikanske dollar;NOK;Norske kroner;SP;Spot;4;false;0;Enheter;C;ECB concertation tidspunkt 14:15 CET;2021-06-29;8,5711
B;Virkedag;USD;Amerikanske dollar;NOK;Norske kroner;SP;Spot;4;false;0;Enheter;C;ECB concertation tidspunkt 14:15 CET;2021-06-30;8,5592
B;Virkedag;USD;Amerikanske dollar;NOK;Norske kroner;SP;Spot;4;false;0;Enheter;C;ECB concertation tidspunkt 14:15 CET;2021-07-01;8,5918
B;Virkedag;USD;Amerikanske dollar;NOK;Norske kroner;SP;Spot;4;false;0;Enheter;C;ECB concertation tidspunkt 14:15 CET;2021-07-02;8,659
B;Virkedag;USD;Amerikanske dollar;NOK;Norske kroner;SP;Spot;4;false;0;Enheter;C;ECB concertation tidspunkt 14:15 CET;2021-07-05;8,5773
B;Virkedag;USD;Amerikanske dollar;NOK;Norske kroner;SP;Spot;4;false;0;Enheter;C;ECB concertation tidspunkt 14:15 CET;2021-07-06;8,629
B;Virkedag;USD;Amerikanske dollar;NOK;Norske kroner;SP;Spot;4;false;0;Enheter;C;ECB concertation tidspunkt 14:15 CET;2021-07-07;8,6616
B;Virkedag;USD;Amerikanske dollar;NOK;Norske kroner;SP;Spot;4;false;0;Enheter;C;ECB concertation tidspunkt 14:15 CET;2021-07-08;8,7969
B;Virkedag;USD;Amerikanske dollar;NOK;Norske kroner;SP;Spot;4;false;0;Enheter;C;ECB concertation tidspunkt 14:15 CET;2021-07-09;8,7161
B;Virkedag;USD;Amerikanske dollar;NOK;Norske kroner;SP;Spot;4;false;0;Enheter;C;ECB concertation tidspunkt 14:15 CET;2021-07-12;8,7141
B;Virkedag;USD;Amerikanske dollar;NOK;Norske kroner;SP;Spot;4;false;0;Enheter;C;ECB concertation tidspunkt 14:15 CET;2021-07-13;8,7036
B;Virkedag;USD;Amerikanske dollar;NOK;Norske kroner;SP;Spot;4;false;0;Enheter;C;ECB concertation tidspunkt 14:15 CET;2021-07-14;8,747
B;Virkedag;USD;Amerikanske dollar;NOK;Norske kroner;SP;Spot;4;false;0;Enheter;C;ECB concertation tidspunkt 14:15 CET;2021-07-15;8,7902
B;Virkedag;USD;Amerikanske dollar;NOK;Norske kroner;SP;Spot;4;false;0;Enheter;C;ECB concertation tidspunkt 14:15 CET;2021-07-16;8,8017
B;Virkedag;USD;Amerikanske dollar;NOK;Norske kroner;SP;Spot;4;false;0;Enheter;C;ECB concertation tidspunkt 14:15 CET;2021-07-19;8,9563
B;Virkedag;USD;Amerikanske dollar;NOK;Norske kroner;SP;Spot;4;false;0;Enheter;C;ECB concertation tidspunkt 14:15 CET;2021-07-20;9,0166
B;Virkedag;USD;Amerikanske dollar;NOK;Norske kroner;SP;Spot;4;false;0;Enheter;C;ECB concertation tidspunkt 14:15 CET;2021-07-21;8,9881
B;Virkedag;USD;Amerikanske dollar;NOK;Norske kroner;SP;Spot;4;false;0;Enheter;C;ECB concertation tidspunkt 14:15 CET;2021-07-22;8,8149
B;Virkedag;USD;Amerikanske dollar;NOK;Norske kroner;SP;Spot;4;false;0;Enheter;C;ECB concertation tidspunkt 14:15 CET;2021-07-23;8,8438
B;Virkedag;USD;Amerikanske dollar;NOK;Norske kroner;SP;Spot;4;false;0;Enheter;C;ECB concertation tidspunkt 14:15 CET;2021-07-26;8,8462
B;Virkedag;USD;Amerikanske dollar;NOK;Norske kroner;SP;Spot;4;false;0;Enheter;C;ECB concertation tidspunkt 14:15 CET;2021-07-27;8,8419
B;Virkedag;USD;Amerikanske dollar;NOK;Norske kroner;SP;Spot;4;false;0;Enheter;C;ECB concertation tidspunkt 14:15 CET;2021-07-28;8,8785
B;Virkedag;USD;Amerikanske dollar;NOK;Norske kroner;SP;Spot;4;false;0;Enheter;C;ECB concertation tidspunkt 14:15 CET;2021-07-29;8,7588
B;Virkedag;USD;Amerikanske dollar;NOK;Norske kroner;SP;Spot;4;false;0;Enheter;C;ECB concertation tidspunkt 14:15 CET;2021-07-30;8,7802
B;Virkedag;USD;Amerikanske dollar;NOK;Norske kroner;SP;Spot;4;false;0;Enheter;C;ECB concertation tidspunkt 14:15 CET;2021-08-02;8,7931
B;Virkedag;USD;Amerikanske dollar;NOK;Norske kroner;SP;Spot;4;false;0;Enheter;C;ECB concertation tidspunkt 14:15 CET;2021-08-03;8,7794
B;Virkedag;USD;Amerikanske dollar;NOK;Norske kroner;SP;Spot;4;false;0;Enheter;C;ECB concertation tidspunkt 14:15 CET;2021-08-04;8,8146
B;Virkedag;USD;Amerikanske dollar;NOK;Norske kroner;SP;Spot;4;false;0;Enheter;C;ECB concertation tidspunkt 14:15 CET;2021-08-05;8,811
B;Virkedag;USD;Amerikanske dollar;NOK;Norske kroner;SP;Spot;4;false;0;Enheter;C;ECB concertation tidspunkt 14:15 CET;2021-08-06;8,8278
B;Virkedag;USD;Amerikanske dollar;NOK;Norske kroner;SP;Spot;4;false;0;Enheter;C;ECB concertation tidspunkt 14:15 CET;2021-08-09;8,918
B;Virkedag;USD;Amerikanske dollar;NOK;Norske kroner;SP;Spot;4;false;0;Enheter;C;ECB concertation tidspunkt 14:15 CET;2021-08-10;8,9302
B;Virkedag;USD;Amerikanske dollar;NOK;Norske kroner;SP;Spot;4;false;0;Enheter;C;ECB concertation tidspunkt 14:15 CET;2021-08-11;8,922
B;Virkedag;USD;Amerikanske dollar;NOK;Norske kroner;SP;Spot;4;false;0;Enheter;C;ECB concertation tidspunkt 14:15 CET;2021-08-12;8,8385
B;Virkedag;USD;Amerikanske dollar;NOK;Norske kroner;SP;Spot;4;false;0;Enheter;C;ECB concertation tidspunkt 14:15 CET;2021-08-13;8,8188
B;Virkedag;USD;Amerikanske dollar;NOK;Norske kroner;SP;Spot;4;false;0;Enheter;C;ECB concertation tidspunkt 14:15 CET;2021-08-16;8,8386
B;Virkedag;USD;Amerikanske dollar;NOK;Norske kroner;SP;Spot;4;false;0;Enheter;C;ECB concertation tidspunkt 14:15 CET;2021-08-17;8,8368
B;Virkedag;USD;Amerikanske dollar;NOK;Norske kroner;SP;Spot;4;false;0;Enheter;C;ECB concertation tidspunkt 14:15 CET;2021-08-18;8,8902
B;Virkedag;USD;Amerikanske dollar;NOK;Norske kroner;SP;Spot;4;false;0;Enheter;C;ECB concertation tidspunkt 14:15 CET;2021-08-19;9,0159
B;Virkedag;USD;Amerikanske dollar;NOK;Norske kroner;SP;Spot;4;false;0;Enheter;C;ECB concertation tidspunkt 14:15 CET;2021-08-20;9,0823
B;Virkedag;USD;Amerikanske dollar;NOK;Norske kroner;SP;Spot;4;false;0;Enheter;C;ECB concertation tidspunkt 14:15 CET;2021-08-23;8,9495
B;Virkedag;USD;Amerikanske dollar;NOK;Norske kroner;SP;Spot;4;false;0;Enheter;C;ECB concertation tidspunkt 14:15 CET;2021-08-24;8,8589
B;Virkedag;USD;Amerikanske dollar;NOK;Norske kroner;SP;Spot;4;false;0;Enheter;C;ECB concertation tidspunkt 14:15 CET;2021-08-25;8,8499
B;Virkedag;USD;Amerikanske dollar;NOK;Norske kroner;SP;Spot;4;false;0;Enheter;C;ECB concertation tidspunkt 14:15 CET;2021-08-26;8,8056
B;Virkedag;USD;Amerikanske dollar;NOK;Norske kroner;SP;Spot;4;false;0;Enheter;C;ECB concertation tidspunkt 14:15 CET;2021-08-27;8,8066
B;Virkedag;USD;Amerikanske dollar;NOK;Norske kroner;SP;Spot;4;false;0;Enheter;C;ECB concertation tidspunkt 14:15 CET;2021-08-30;8,6768
B;Virkedag;USD;Amerikanske dollar;NOK;Norske kroner;SP;Spot;4;false;0;Enheter;C;ECB concertation tidspunkt 14:15 CET;2021-08-31;8,6699
B;Virkedag;USD;Amerikanske dollar;NOK;Norske kroner;SP;Spot;4;false;0;Enheter;C;ECB concertation tidspunkt 14:15 CET;2021-09-01;8,6852
B;Virkedag;USD;Amerikanske dollar;NOK;Norske kroner;SP;Spot;4;false;0;Enheter;C;ECB concertation tidspunkt 14:15 CET;2021-09-02;8,6897
B;Virkedag;USD;Amerikanske dollar;NOK;Norske kroner;SP;Spot;4;false;0;Enheter;C;ECB concertation tidspunkt 14:15 CET;2021-09-03;8,6538
B;Virkedag;USD;Amerikanske dollar;NOK;Norske kroner;SP;Spot;4;false;0;Enheter;C;ECB concertation tidspunkt 14:15 CET;2021-09-06;8,6588
B;Virkedag;USD;Amerikanske dollar;NOK;Norske kroner;SP;Spot;4;false;0;Enheter;C;ECB concertation tidspunkt 14:15 CET;2021-09-07;8,6838
B;Virkedag;USD;Amerikanske dollar;NOK;Norske kroner;SP;Spot;4;false;0;Enheter;C;ECB concertation tidspunkt 14:15 CET;2021-09-08;8,6793
B;Virkedag;USD;Amerikanske dollar;NOK;Norske kroner;SP;Spot;4;false;0;Enheter;C;ECB concertation tidspunkt 14:15 CET;2021-09-09;8,6711
B;Virkedag;USD;Amerikanske dollar;NOK;Norske kroner;SP;Spot;4;false;0;Enheter;C;ECB concertation tidspunkt 14:15 CET;2021-09-10;8,6165
B;Virkedag;USD;Amerikanske dollar;NOK;Norske kroner;SP;Spot;4;false;0;Enheter;C;ECB concertation tidspunkt 14:15 CET;2021-09-13;8,649
B;Virkedag;USD;Amerikanske dollar;NOK;Norske kroner;SP;Spot;4;false;0;Enheter;C;ECB concertation tidspunkt 14:15 CET;2021-09-14;8,6122
B;Virkedag;USD;Amerikanske dollar;NOK;Norske kroner;SP;Spot;4;false;0;Enheter;C;ECB concertation tidspunkt 14:15 CET;2021-09-15;8,5773
B;Virkedag;USD;Amerikanske dollar;NOK;Norske kroner;SP;Spot;4;false;0;Enheter;C;ECB concertation tidspunkt 14:15 CET;2021-09-16;8,6112
B;Virkedag;USD;Amerikanske dollar;NOK;Norske kroner;SP;Spot;4;false;0;Enheter;C;ECB concertation tidspunkt 14:15 CET;2021-09-17;8,5915
B;Virkedag;USD;Amerikanske dollar;NOK;Norske kroner;SP;Spot;4;false;0;Enheter;C;ECB concertation tidspunkt 14:15 CET;2021-09-20;8,7465
B;Virkedag;USD;Amerikanske dollar;NOK;Norske kroner;SP;Spot;4;false;0;Enheter;C;ECB concertation tidspunkt 14:15 CET;2021-09-21;8,6751
B;Virkedag;USD;Amerikanske dollar;NOK;Norske kroner;SP;Spot;4;false;0;Enheter;C;ECB concertation tidspunkt 14:15 CET;2021-09-22;8,634
B;Virkedag;USD;Amerikanske dollar;NOK;Norske kroner;SP;Spot;4;false;0;Enheter;C;ECB concertation tidspunkt 14:15 CET;2021-09-23;8,6095
B;Virkedag;USD;Amerikanske dollar;NOK;Norske kroner;SP;Spot;4;false;0;Enheter;C;ECB concertation tidspunkt 14:15 CET;2021-09-24;8,6091
B;Virkedag;USD;Amerikanske dollar;NOK;Norske kroner;SP;Spot;4;false;0;Enheter;C;ECB concertation tidspunkt 14:15 CET;2021-09-27;8,6045
B;Virkedag;USD;Amerikanske dollar;NOK;Norske kroner;SP;Spot;4;false;0;Enheter;C;ECB concertation tidspunkt 14:15 CET;2021-09-28;8,6505
B;Virkedag;USD;Amerikanske dollar;NOK;Norske kroner;SP;Spot;4;false;0;Enheter;C;ECB concertation tidspunkt 14:15 CET;2021-09-29;8,7034
B;Virkedag;USD;Amerikanske dollar;NOK;Norske kroner;SP;Spot;4;false;0;Enheter;C;ECB concertation tidspunkt 14:15 CET;2021-09-30;8,7788
B;Virkedag;USD;Amerikanske dollar;NOK;Norske kroner;SP;Spot;4;false;0;Enheter;C;ECB concertation tidspunkt 14:15 CET;2021-10-01;8,6383
B;Virkedag;USD;Amerikanske dollar;NOK;Norske kroner;SP;Spot;4;false;0;Enheter;C;ECB concertation tidspunkt 14:15 CET;2021-10-04;8,5743
B;Virkedag;USD;Amerikanske dollar;NOK;Norske kroner;SP;Spot;4;false;0;Enheter;C;ECB concertation tidspunkt 14:15 CET;2021-10-05;8,5464
B;Virkedag;USD;Amerikanske dollar;NOK;Norske kroner;SP;Spot;4;false;0;Enheter;C;ECB concertation tidspunkt 14:15 CET;2021-10-06;8,5973
B;Virkedag;USD;Amerikanske dollar;NOK;Norske kroner;SP;Spot;4;false;0;Enheter;C;ECB concertation tidspunkt 14:15 CET;2021-10-07;8,5961
B;Virkedag;USD;Amerikanske dollar;NOK;Norske kroner;SP;Spot;4;false;0;Enheter;C;ECB concertation tidspunkt 14:15 CET;2021-10-08;8,5448
B;Virkedag;USD;Amerikanske dollar;NOK;Norske kroner;SP;Spot;4;false;0;Enheter;C;ECB concertation tidspunkt 14:15 CET;2021-10-11;8,5433
B;Virkedag;USD;Amerikanske dollar;NOK;Norske kroner;SP;Spot;4;false;0;Enheter;C;ECB concertation tidspunkt 14:15 CET;2021-10-12;8,5338
B;Virkedag;USD;Amerikanske dollar;NOK;Norske kroner;SP;Spot;4;false;0;Enheter;C;ECB concertation tidspunkt 14:15 CET;2021-10-13;8,524
B;Virkedag;USD;Amerikanske dollar;NOK;Norske kroner;SP;Spot;4;false;0;Enheter;C;ECB concertation tidspunkt 14:15 CET;2021-10-14;8,4406
B;Virkedag;USD;Amerikanske dollar;NOK;Norske kroner;SP;Spot;4;false;0;Enheter;C;ECB concertation tidspunkt 14:15 CET;2021-10-15;8,4145
B;Virkedag;USD;Amerikanske dollar;NOK;Norske kroner;SP;Spot;4;false;0;Enheter;C;ECB concertation tidspunkt 14:15 CET;2021-10-18;8,4146
B;Virkedag;USD;Amerikanske dollar;NOK;Norske kroner;SP;Spot;4;false;0;Enheter;C;ECB concertation tidspunkt 14:15 CET;2021-10-19;8,3518
B;Virkedag;USD;Amerikanske dollar;NOK;Norske kroner;SP;Spot;4;false;0;Enheter;C;ECB concertation tidspunkt 14:15 CET;2021-10-20;8,3829
B;Virkedag;USD;Amerikanske dollar;NOK;Norske kroner;SP;Spot;4;false;0;Enheter;C;ECB concertation tidspunkt 14:15 CET;2021-10-21;8,3411
B;Virkedag;USD;Amerikanske dollar;NOK;Norske kroner;SP;Spot;4;false;0;Enheter;C;ECB concertation tidspunkt 14:15 CET;2021-10-22;8,3469
B;Virkedag;USD;Amerikanske dollar;NOK;Norske kroner;SP;Spot;4;false;0;Enheter;C;ECB concertation tidspunkt 14:15 CET;2021-10-25;8,3684
B;Virkedag;USD;Amerikanske dollar;NOK;Norske kroner;SP;Spot;4;false;0;Enheter;C;ECB concertation tidspunkt 14:15 CET;2021-10-26;8,3343
B;Virkedag;USD;Amerikanske dollar;NOK;Norske kroner;SP;Spot;4;false;0;Enheter;C;ECB concertation tidspunkt 14:15 CET;2021-10-27;8,3815
B;Virkedag;USD;Amerikanske dollar;NOK;Norske kroner;SP;Spot;4;false;0;Enheter;C;ECB concertation tidspunkt 14:15 CET;2021-10-28;8,4075
B;Virkedag;USD;Amerikanske dollar;NOK;Norske kroner;SP;Spot;4;false;0;Enheter;C;ECB concertation tidspunkt 14:15 CET;2021-10-29;8,3723
B;Virkedag;USD;Amerikanske dollar;NOK;Norske kroner;SP;Spot;4;false;0;Enheter;C;ECB concertation tidspunkt 14:15 CET;2021-11-01;8,4097
B;Virkedag;USD;Amerikanske dollar;NOK;Norske kroner;SP;Spot;4;false;0;Enheter;C;ECB concertation tidspunkt 14:15 CET;2021-11-02;8,4392
B;Virkedag;USD;Amerikanske dollar;NOK;Norske kroner;SP;Spot;4;false;0;Enheter;C;ECB concertation tidspunkt 14:15 CET;2021-11-03;8,517
B;Virkedag;USD;Amerikanske dollar;NOK;Norske kroner;SP;Spot;4;false;0;Enheter;C;ECB concertation tidspunkt 14:15 CET;2021-11-04;8,5219
B;Virkedag;USD;Amerikanske dollar;NOK;Norske kroner;SP;Spot;4;false;0;Enheter;C;ECB concertation tidspunkt 14:15 CET;2021-11-05;8,5839
B;Virkedag;USD;Amerikanske dollar;NOK;Norske kroner;SP;Spot;4;false;0;Enheter;C;ECB concertation tidspunkt 14:15 CET;2021-11-08;8,5279
B;Virkedag;USD;Amerikanske dollar;NOK;Norske kroner;SP;Spot;4;false;0;Enheter;C;ECB concertation tidspunkt 14:15 CET;2021-11-09;8,513
B;Virkedag;USD;Amerikanske dollar;NOK;Norske kroner;SP;Spot;4;false;0;Enheter;C;ECB concertation tidspunkt 14:15 CET;2021-11-10;8,5523
B;Virkedag;USD;Amerikanske dollar;NOK;Norske kroner;SP;Spot;4;false;0;Enheter;C;ECB concertation tidspunkt 14:15 CET;2021-11-11;8,6994
B;Virkedag;USD;Amerikanske dollar;NOK;Norske kroner;SP;Spot;4;false;0;Enheter;C;ECB concertation tidspunkt 14:15 CET;2021-11-12;8,6922
B;Virkedag;USD;Amerikanske dollar;NOK;Norske kroner;SP;Spot;4;false;0;Enheter;C;ECB concertation tidspunkt 14:15 CET;2021-11-15;8,6659
B;Virkedag;USD;Amerikanske dollar;NOK;Norske kroner;SP;Spot;4;false;0;Enheter;C;ECB concertation tidspunkt 14:15 CET;2021-11-16;8,6966
B;Virkedag;USD;Amerikanske dollar;NOK;Norske kroner;SP;Spot;4;false;0;Enheter;C;ECB concertation tidspunkt 14:15 CET;2021-11-17;8,7394
B;Virkedag;USD;Amerikanske dollar;NOK;Norske kroner;SP;Spot;4;false;0;Enheter;C;ECB concertation tidspunkt 14:15 CET;2021-11-18;8,7724
B;Virkedag;USD;Amerikanske dollar;NOK;Norske kroner;SP;Spot;4;false;0;Enheter;C;ECB concertation tidspunkt 14:15 CET;2021-11-19;8,9152
B;Virkedag;USD;Amerikanske dollar;NOK;Norske kroner;SP;Spot;4;false;0;Enheter;C;ECB concertation tidspunkt 14:15 CET;2021-11-22;8,9302
B;Virkedag;USD;Amerikanske dollar;NOK;Norske kroner;SP;Spot;4;false;0;Enheter;C;ECB concertation tidspunkt 14:15 CET;2021-11-23;8,9448
B;Virkedag;USD;Amerikanske dollar;NOK;Norske kroner;SP;Spot;4;false;0;Enheter;C;ECB concertation tidspunkt 14:15 CET;2021-11-24;8,947
B;Virkedag;USD;Amerikanske dollar;NOK;Norske kroner;SP;Spot;4;false;0;Enheter;C;ECB concertation tidspunkt 14:15 CET;2021-11-25;8,9686
B;Virkedag;USD;Amerikanske dollar;NOK;Norske kroner;SP;Spot;4;false;0;Enheter;C;ECB concertation tidspunkt 14:15 CET;2021-11-26;8,9995
B;Virkedag;USD;Amerikanske dollar;NOK;Norske kroner;SP;Spot;4;false;0;Enheter;C;ECB concertation tidspunkt 14:15 CET;2021-11-29;9,0582
B;Virkedag;USD;Amerikanske dollar;NOK;Norske kroner;SP;Spot;4;false;0;Enheter;C;ECB concertation tidspunkt 14:15 CET;2021-11-30;9,0465
B;Virkedag;USD;Amerikanske dollar;NOK;Norske kroner;SP;Spot;4;false;0;Enheter;C;ECB concertation tidspunkt 14:15 CET;2021-12-01;9,0326
B;Virkedag;USD;Amerikanske dollar;NOK;Norske kroner;SP;Spot;4;false;0;Enheter;C;ECB concertation tidspunkt 14:15 CET;2021-12-02;9,0803
B;Virkedag;USD;Amerikanske dollar;NOK;Norske kroner;SP;Spot;4;false;0;Enheter;C;ECB concertation tidspunkt 14:15 CET;2021-12-03;9,1112
B;Virkedag;USD;Amerikanske dollar;NOK;Norske kroner;SP;Spot;4;false;0;Enheter;C;ECB concertation tidspunkt 14:15 CET;2021-12-06;9,1205
B;Virkedag;USD;Amerikanske dollar;NOK;Norske kroner;SP;Spot;4;false;0;Enheter;C;ECB concertation tidspunkt 14:15 CET;2021-12-07;9,0529
B;Virkedag;USD;Amerikanske dollar;NOK;Norske kroner;SP;Spot;4;false;0;Enheter;C;ECB concertation tidspunkt 14:15 CET;2021-12-08;8,9353
B;Virkedag;USD;Amerikanske dollar;NOK;Norske kroner;SP;Spot;4;false;0;Enheter;C;ECB concertation tidspunkt 14:15 CET;2021-12-09;8,978
B;Virkedag;USD;Amerikanske dollar;NOK;Norske kroner;SP;Spot;4;false;0;Enheter;C;ECB concertation tidspunkt 14:15 CET;2021-12-10;8,9892
B;Virkedag;USD;Amerikanske dollar;NOK;Norske kroner;SP;Spot;4;false;0;Enheter;C;ECB concertation tidspunkt 14:15 CET;2021-12-13;9,0085
B;Virkedag;USD;Amerikanske dollar;NOK;Norske kroner;SP;Spot;4;false;0;Enheter;C;ECB concertation tidspunkt 14:15 CET;2021-12-14;9,0614
B;Virkedag;USD;Amerikanske dollar;NOK;Norske kroner;SP;Spot;4;false;0;Enheter;C;ECB concertation tidspunkt 14:15 CET;2021-12-15;9,0817
B;Virkedag;USD;Amerikanske dollar;NOK;Norske kroner;SP;Spot;4;false;0;Enheter;C;ECB concertation tidspunkt 14:15 CET;2021-12-16;8,9501
B;Virkedag;USD;Amerikanske dollar;NOK;Norske kroner;SP;Spot;4;false;0;Enheter;C;ECB concertation tidspunkt 14:15 CET;2021-12-17;8,9835
B;Virkedag;USD;Amerikanske dollar;NOK;Norske kroner;SP;Spot;4;false;0;Enheter;C;ECB concertation tidspunkt 14:15 CET;2021-12-20;9,0406
B;Virkedag;USD;Amerikanske dollar;NOK;Norske kroner;SP;Spot;4;false;0;Enheter;C;ECB concertation tidspunkt 14:15 CET;2021-12-21;8,9852
B;Virkedag;USD;Amerikanske dollar;NOK;Norske kroner;SP;Spot;4;false;0;Enheter;C;ECB concertation tidspunkt 14:15 CET;2021-12-22;8,903
B;Virkedag;USD;Amerikanske dollar;NOK;Norske kroner;SP;Spot;4;false;0;Enheter;C;ECB concertation tidspunkt 14:15 CET;2021-12-23;8,8517
B;Virkedag;USD;Amerikanske dollar;NOK;Norske kroner;SP;Spot;4;false;0;Enheter;C;ECB concertation tidspunkt 14:15 CET;2021-12-27;8,876
B;Virkedag;USD;Amerikanske dollar;NOK;Norske kroner;SP;Spot;4;false;0;Enheter;C;ECB concertation tidspunkt 14:15 CET;2021-12-28;8,8013
B;Virkedag;USD;Amerikanske dollar;NOK;Norske kroner;SP;Spot;4;false;0;Enheter;C;ECB concertation tidspunkt 14:15 CET;2021-12-29;8,8369
B;Virkedag;USD;Amerikanske dollar;NOK;Norske kroner;SP;Spot;4;false;0;Enheter;C;ECB concertation tidspunkt 14:15 CET;2021-12-30;8,7968
B;Virkedag;USD;Amerikanske dollar;NOK;Norske kroner;SP;Spot;4;false;0;Enheter;C;ECB concertation tidspunkt 14:15 CET;2021-12-31;8,8194
B;Virkedag;USD;Amerikanske dollar;NOK;Norske kroner;SP;Spot;4;false;0;Enheter;C;ECB concertation tidspunkt 14:15 CET;2022-01-03;8,8078
B;Virkedag;USD;Amerikanske dollar;NOK;Norske kroner;SP;Spot;4;false;0;Enheter;C;ECB concertation tidspunkt 14:15 CET;2022-01-04;8,8783
B;Virkedag;USD;Amerikanske dollar;NOK;Norske kroner;SP;Spot;4;false;0;Enheter;C;ECB concertation tidspunkt 14:15 CET;2022-01-05;8,8057
B;Virkedag;USD;Amerikanske dollar;NOK;Norske kroner;SP;Spot;4;false;0;Enheter;C;ECB concertation tidspunkt 14:15 CET;2022-01-06;8,8688
B;Virkedag;USD;Amerikanske dollar;NOK;Norske kroner;SP;Spot;4;false;0;Enheter;C;ECB concertation tidspunkt 14:15 CET;2022-01-07;8,8766
B;Virkedag;USD;Amerikanske dollar;NOK;Norske kroner;SP;Spot;4;false;0;Enheter;C;ECB concertation tidspunkt 14:15 CET;2022-01-10;8,8578
B;Virkedag;USD;Amerikanske dollar;NOK;Norske kroner;SP;Spot;4;false;0;Enheter;C;ECB concertation tidspunkt 14:15 CET;2022-01-11;8,836
B;Virkedag;USD;Amerikanske dollar;NOK;Norske kroner;SP;Spot;4;false;0;Enheter;C;ECB concertation tidspunkt 14:15 CET;2022-01-12;8,7309
B;Virkedag;USD;Amerikanske dollar;NOK;Norske kroner;SP;Spot;4;false;0;Enheter;C;ECB concertation tidspunkt 14:15 CET;2022-01-13;8,6655
B;Virkedag;USD;Amerikanske dollar;NOK;Norske kroner;SP;Spot;4;false;0;Enheter;C;ECB concertation tidspunkt 14:15 CET;2022-01-14;8,7239
B;Virkedag;USD;Amerikanske dollar;NOK;Norske kroner;SP;Spot;4;false;0;Enheter;C;ECB concertation tidspunkt 14:15 CET;2022-01-17;8,7366
B;Virkedag;USD;Amerikanske dollar;NOK;Norske kroner;SP;Spot;4;false;0;Enheter;C;ECB concertation tidspunkt 14:15 CET;2022-01-18;8,7655
B;Virkedag;USD;Amerikanske dollar;NOK;Norske kroner;SP;Spot;4;false;0;Enheter;C;ECB concertation tidspunkt 14:15 CET;2022-01-19;8,7587
B;Virkedag;USD;Amerikanske dollar;NOK;Norske kroner;SP;Spot;4;false;0;Enheter;C;ECB concertation tidspunkt 14:15 CET;2022-01-20;8,7827
B;Virkedag;USD;Amerikanske dollar;NOK;Norske kroner;SP;Spot;4;false;0;Enheter;C;ECB concertation tidspunkt 14:15 CET;2022-01-21;8,8582
B;Virkedag;USD;Amerikanske dollar;NOK;Norske kroner;SP;Spot;4;false;0;Enheter;C;ECB concertation tidspunkt 14:15 CET;2022-01-24;8,9913
B;Virkedag;USD;Amerikanske dollar;NOK;Norske kroner;SP;Spot;4;false;0;Enheter;C;ECB concertation tidspunkt 14:15 CET;2022-01-25;8,9976
B;Virkedag;USD;Amerikanske dollar;NOK;Norske kroner;SP;Spot;4;false;0;Enheter;C;ECB concertation tidspunkt 14:15 CET;2022-01-26;8,8778
B;Virkedag;USD;Amerikanske dollar;NOK;Norske kroner;SP;Spot;4;false;0;Enheter;C;ECB concertation tidspunkt 14:15 CET;2022-01-27;8,9519
B;Virkedag;USD;Amerikanske dollar;NOK;Norske kroner;SP;Spot;4;false;0;Enheter;C;ECB concertation tidspunkt 14:15 CET;2022-01-28;9,0016
B;Virkedag;USD;Amerikanske dollar;NOK;Norske kroner;SP;Spot;4;false;0;Enheter;C;ECB concertation tidspunkt 14:15 CET;2022-01-31;8,9714
B;Virkedag;USD;Amerikanske dollar;NOK;Norske kroner;SP;Spot;4;false;0;Enheter;C;ECB concertation tidspunkt 14:15 CET;2022-02-01;8,8488
B;Virkedag;USD;Amerikanske dollar;NOK;Norske kroner;SP;Spot;4;false;0;Enheter;C;ECB concertation tidspunkt 14:15 CET;2022-02-02;8,7634
B;Virkedag;USD;Amerikanske dollar;NOK;Norske kroner;SP;Spot;4;false;0;Enheter;C;ECB concertation tidspunkt 14:15 CET;2022-02-03;8,8202
B;Virkedag;USD;Amerikanske dollar;NOK;Norske kroner;SP;Spot;4;false;0;Enheter;C;ECB concertation tidspunkt 14:15 CET;2022-02-04;8,7651
B;Virkedag;USD;Amerikanske dollar;NOK;Norske kroner;SP;Spot;4;false;0;Enheter;C;ECB concertation tidspunkt 14:15 CET;2022-02-07;8,7934
B;Virkedag;USD;Amerikanske dollar;NOK;Norske kroner;SP;Spot;4;false;0;Enheter;C;ECB concertation tidspunkt 14:15 CET;2022-02-08;8,8322
B;Virkedag;USD;Amerikanske dollar;NOK;Norske kroner;SP;Spot;4;false;0;Enheter;C;ECB concertation tidspunkt 14:15 CET;2022-02-09;8,7962
B;Virkedag;USD;Amerikanske dollar;NOK;Norske kroner;SP;Spot;4;false;0;Enheter;C;ECB concertation tidspunkt 14:15 CET;2022-02-10;8,8026
B;Virkedag;USD;Amerikanske dollar;NOK;Norske kroner;SP;Spot;4;false;0;Enheter;C;ECB concertation tidspunkt 14:15 CET;2022-02-11;8,823
B;Virkedag;USD;Amerikanske dollar;NOK;Norske kroner;SP;Spot;4;false;0;Enheter;C;ECB concertation tidspunkt 14:15 CET;2022-02-14;8,8983
B;Virkedag;USD;Amerikanske dollar;NOK;Norske kroner;SP;Spot;4;false;0;Enheter;C;ECB concertation tidspunkt 14:15 CET;2022-02-15;8,8932
B;Virkedag;USD;Amerikanske dollar;NOK;Norske kroner;SP;Spot;4;false;0;Enheter;C;ECB concertation tidspunkt 14:15 CET;2022-02-16;8,8898
B;Virkedag;USD;Amerikanske dollar;NOK;Norske kroner;SP;Spot;4;false;0;Enheter;C;ECB concertation tidspunkt 14:15 CET;2022-02-17;8,9028
B;Virkedag;USD;Amerikanske dollar;NOK;Norske kroner;SP;Spot;4;false;0;Enheter;C;ECB concertation tidspunkt 14:15 CET;2022-02-18;8,9365
B;Virkedag;USD;Amerikanske dollar;NOK;Norske kroner;SP;Spot;4;false;0;Enheter;C;ECB concertation tidspunkt 14:15 CET;2022-02-21;8,9732
B;Virkedag;USD;Amerikanske dollar;NOK;Norske kroner;SP;Spot;4;false;0;Enheter;C;ECB concertation tidspunkt 14:15 CET;2022-02-22;8,9065
B;Virkedag;USD;Amerikanske dollar;NOK;Norske kroner;SP;Spot;4;false;0;Enheter;C;ECB concertation tidspunkt 14:15 CET;2022-02-23;8,8448
B;Virkedag;USD;Amerikanske dollar;NOK;Norske kroner;SP;Spot;4;false;0;Enheter;C;ECB concertation tidspunkt 14:15 CET;2022-02-24;9,0368
B;Virkedag;USD;Amerikanske dollar;NOK;Norske kroner;SP;Spot;4;false;0;Enheter;C;ECB concertation tidspunkt 14:15 CET;2022-02-25;8,8941
B;Virkedag;USD;Amerikanske dollar;NOK;Norske kroner;SP;Spot;4;false;0;Enheter;C;ECB concertation tidspunkt 14:15 CET;2022-02-28;8,8816
B;Virkedag;USD;Amerikanske dollar;NOK;Norske kroner;SP;Spot;4;false;0;Enheter;C;ECB concertation tidspunkt 14:15 CET;2022-03-01;8,8334
B;Virkedag;USD;Amerikanske dollar;NOK;Norske kroner;SP;Spot;4;false;0;Enheter;C;ECB concertation tidspunkt 14:15 CET;2022-03-02;8,8984
B;Virkedag;USD;Amerikanske dollar;NOK;Norske kroner;SP;Spot;4;false;0;Enheter;C;ECB concertation tidspunkt 14:15 CET;2022-03-03;8,8857
B;Virkedag;USD;Amerikanske dollar;NOK;Norske kroner;SP;Spot;4;false;0;Enheter;C;ECB concertation tidspunkt 14:15 CET;2022-03-04;8,9997
B;Virkedag;USD;Amerikanske dollar;NOK;Norske kroner;SP;Spot;4;false;0;Enheter;C;ECB concertation tidspunkt 14:15 CET;2022-03-07;9,0248
B;Virkedag;USD;Amerikanske dollar;NOK;Norske kroner;SP;Spot;4;false;0;Enheter;C;ECB concertation tidspunkt 14:15 CET;2022-03-08;8,9905
B;Virkedag;USD;Amerikanske dollar;NOK;Norske kroner;SP;Spot;4;false;0;Enheter;C;ECB concertation tidspunkt 14:15 CET;2022-03-09;8,9129
B;Virkedag;USD;Amerikanske dollar;NOK;Norske kroner;SP;Spot;4;false;0;Enheter;C;ECB concertation tidspunkt 14:15 CET;2022-03-10;8,9489
B;Virkedag;USD;Amerikanske dollar;NOK;Norske kroner;SP;Spot;4;false;0;Enheter;C;ECB concertation tidspunkt 14:15 CET;2022-03-11;8,9202
B;Virkedag;USD;Amerikanske dollar;NOK;Norske kroner;SP;Spot;4;false;0;Enheter;C;ECB concertation tidspunkt 14:15 CET;2022-03-14;8,9953
B;Virkedag;USD;Amerikanske dollar;NOK;Norske kroner;SP;Spot;4;false;0;Enheter;C;ECB concertation tidspunkt 14:15 CET;2022-03-15;8,961
B;Virkedag;USD;Amerikanske dollar;NOK;Norske kroner;SP;Spot;4;false;0;Enheter;C;ECB concertation tidspunkt 14:15 CET;2022-03-16;8,9129
B;Virkedag;USD;Amerikanske dollar;NOK;Norske kroner;SP;Spot;4;false;0;Enheter;C;ECB concertation tidspunkt 14:15 CET;2022-03-17;8,8499
B;Virkedag;USD;Amerikanske dollar;NOK;Norske kroner;SP;Spot;4;false;0;Enheter;C;ECB concertation tidspunkt 14:15 CET;2022-03-18;8,8063
B;Virkedag;USD;Amerikanske dollar;NOK;Norske kroner;SP;Spot;4;false;0;Enheter;C;ECB concertation tidspunkt 14:15 CET;2022-03-21;8,7493
B;Virkedag;USD;Amerikanske dollar;NOK;Norske kroner;SP;Spot;4;false;0;Enheter;C;ECB concertation tidspunkt 14:15 CET;2022-03-22;8,7294
B;Virkedag;USD;Amerikanske dollar;NOK;Norske kroner;SP;Spot;4;false;0;Enheter;C;ECB concertation tidspunkt 14:15 CET;2022-03-23;8,7779
B;Virkedag;USD;Amerikanske dollar;NOK;Norske kroner;SP;Spot;4;false;0;Enheter;C;ECB concertation tidspunkt 14:15 CET;2022-03-24;8,6467
B;Virkedag;USD;Amerikanske dollar;NOK;Norske kroner;SP;Spot;4;false;0;Enheter;C;ECB concertation tidspunkt 14:15 CET;2022-03-25;8,6534
B;Virkedag;USD;Amerikanske dollar;NOK;Norske kroner;SP;Spot;4;false;0;Enheter;C;ECB concertation tidspunkt 14:15 CET;2022-03-28;8,6744
B;Virkedag;USD;Amerikanske dollar;NOK;Norske kroner;SP;Spot;4;false;0;Enheter;C;ECB concertation tidspunkt 14:15 CET;2022-03-29;8,6599
B;Virkedag;USD;Amerikanske dollar;NOK;Norske kroner;SP;Spot;4;false;0;Enheter;C;ECB concertation tidspunkt 14:15 CET;2022-03-30;8,6642
B;Virkedag;USD;Amerikanske dollar;NOK;Norske kroner;SP;Spot;4;false;0;Enheter;C;ECB concertation tidspunkt 14:15 CET;2022-03-31;8,7479
B;Virkedag;USD;Amerikanske dollar;NOK;Norske kroner;SP;Spot;4;false;0;Enheter;C;ECB concertation tidspunkt 14:15 CET;2022-04-01;8,743
B;Virkedag;USD;Amerikanske dollar;NOK;Norske kroner;SP;Spot;4;false;0;Enheter;C;ECB concertation tidspunkt 14:15 CET;2022-04-04;8,6769
B;Virkedag;USD;Amerikanske dollar;NOK;Norske kroner;SP;Spot;4;false;0;Enheter;C;ECB concertation tidspunkt 14:15 CET;2022-04-05;8,6971
B;Virkedag;USD;Amerikanske dollar;NOK;Norske kroner;SP;Spot;4;false;0;Enheter;C;ECB concertation tidspunkt 14:15 CET;2022-04-06;8,7451
B;Virkedag;USD;Amerikanske dollar;NOK;Norske kroner;SP;Spot;4;false;0;Enheter;C;ECB concertation tidspunkt 14:15 CET;2022-04-07;8,7573
B;Virkedag;USD;Amerikanske dollar;NOK;Norske kroner;SP;Spot;4;false;0;Enheter;C;ECB concertation tidspunkt 14:15 CET;2022-04-08;8,7543
B;Virkedag;USD;Amerikanske dollar;NOK;Norske kroner;SP;Spot;4;false;0;Enheter;C;ECB concertation tidspunkt 14:15 CET;2022-04-11;8,7594
B;Virkedag;USD;Amerikanske dollar;NOK;Norske kroner;SP;Spot;4;false;0;Enheter;C;ECB concertation tidspunkt 14:15 CET;2022-04-12;8,7833
B;Virkedag;USD;Amerikanske dollar;NOK;Norske kroner;SP;Spot;4;false;0;Enheter;C;ECB concertation tidspunkt 14:15 CET;2022-04-13;8,8392
B;Virkedag;USD;Amerikanske dollar;NOK;Norske kroner;SP;Spot;4;false;0;Enheter;C;ECB concertation tidspunkt 14:15 CET;2022-04-19;8,815
B;Virkedag;USD;Amerikanske dollar;NOK;Norske kroner;SP;Spot;4;false;0;Enheter;C;ECB concertation tidspunkt 14:15 CET;2022-04-20;8,8128
B;Virkedag;USD;Amerikanske dollar;NOK;Norske kroner;SP;Spot;4;false;0;Enheter;C;ECB concertation tidspunkt 14:15 CET;2022-04-21;8,7984
B;Virkedag;USD;Amerikanske dollar;NOK;Norske kroner;SP;Spot;4;false;0;Enheter;C;ECB concertation tidspunkt 14:15 CET;2022-04-22;8,8985
B;Virkedag;USD;Amerikanske dollar;NOK;Norske kroner;SP;Spot;4;false;0;Enheter;C;ECB concertation tidspunkt 14:15 CET;2022-04-25;9,0283
B;Virkedag;USD;Amerikanske dollar;NOK;Norske kroner;SP;Spot;4;false;0;Enheter;C;ECB concertation tidspunkt 14:15 CET;2022-04-26;9,1758
B;Virkedag;USD;Amerikanske dollar;NOK;Norske kroner;SP;Spot;4;false;0;Enheter;C;ECB concertation tidspunkt 14:15 CET;2022-04-27;9,2448
B;Virkedag;USD;Amerikanske dollar;NOK;Norske kroner;SP;Spot;4;false;0;Enheter;C;ECB concertation tidspunkt 14:15 CET;2022-04-28;9,4411
B;Virkedag;USD;Amerikanske dollar;NOK;Norske kroner;SP;Spot;4;false;0;Enheter;C;ECB concertation tidspunkt 14:15 CET;2022-04-29;9,2528
B;Virkedag;USD;Amerikanske dollar;NOK;Norske kroner;SP;Spot;4;false;0;Enheter;C;ECB concertation tidspunkt 14:15 CET;2022-05-02;9,4306
B;Virkedag;USD;Amerikanske dollar;NOK;Norske kroner;SP;Spot;4;false;0;Enheter;C;ECB concertation tidspunkt 14:15 CET;2022-05-03;9,3871
B;Virkedag;USD;Amerikanske dollar;NOK;Norske kroner;SP;Spot;4;false;0;Enheter;C;ECB concertation tidspunkt 14:15 CET;2022-05-04;9,4048
B;Virkedag;USD;Amerikanske dollar;NOK;Norske kroner;SP;Spot;4;false;0;Enheter;C;ECB concertation tidspunkt 14:15 CET;2022-05-05;9,3171
B;Virkedag;USD;Amerikanske dollar;NOK;Norske kroner;SP;Spot;4;false;0;Enheter;C;ECB concertation tidspunkt 14:15 CET;2022-05-06;9,4426
B;Virkedag;USD;Amerikanske dollar;NOK;Norske kroner;SP;Spot;4;false;0;Enheter;C;ECB concertation tidspunkt 14:15 CET;2022-05-09;9,5258
B;Virkedag;USD;Amerikanske dollar;NOK;Norske kroner;SP;Spot;4;false;0;Enheter;C;ECB concertation tidspunkt 14:15 CET;2022-05-10;9,6944
B;Virkedag;USD;Amerikanske dollar;NOK;Norske kroner;SP;Spot;4;false;0;Enheter;C;ECB concertation tidspunkt 14:15 CET;2022-05-11;9,6459
B;Virkedag;USD;Amerikanske dollar;NOK;Norske kroner;SP;Spot;4;false;0;Enheter;C;ECB concertation tidspunkt 14:15 CET;2022-05-12;9,8864
B;Virkedag;USD;Amerikanske dollar;NOK;Norske kroner;SP;Spot;4;false;0;Enheter;C;ECB concertation tidspunkt 14:15 CET;2022-05-13;9,826
B;Virkedag;USD;Amerikanske dollar;NOK;Norske kroner;SP;Spot;4;false;0;Enheter;C;ECB concertation tidspunkt 14:15 CET;2022-05-16;9,805
B;Virkedag;USD;Amerikanske dollar;NOK;Norske kroner;SP;Spot;4;false;0;Enheter;C;ECB concertation tidspunkt 14:15 CET;2022-05-18;9,7049
B;Virkedag;USD;Amerikanske dollar;NOK;Norske kroner;SP;Spot;4;false;0;Enheter;C;ECB concertation tidspunkt 14:15 CET;2022-05-19;9,7959
B;Virkedag;USD;Amerikanske dollar;NOK;Norske kroner;SP;Spot;4;false;0;Enheter;C;ECB concertation tidspunkt 14:15 CET;2022-05-20;9,7022
B;Virkedag;USD;Amerikanske dollar;NOK;Norske kroner;SP;Spot;4;false;0;Enheter;C;ECB concertation tidspunkt 14:15 CET;2022-05-23;9,6182
B;Virkedag;USD;Amerikanske dollar;NOK;Norske kroner;SP;Spot;4;false;0;Enheter;C;ECB concertation tidspunkt 14:15 CET;2022-05-24;9,5979
B;Virkedag;USD;Amerikanske dollar;NOK;Norske kroner;SP;Spot;4;false;0;Enheter;C;ECB concertation tidspunkt 14:15 CET;2022-05-25;9,6381
B;Virkedag;USD;Amerikanske dollar;NOK;Norske kroner;SP;Spot;4;false;0;Enheter;C;ECB concertation tidspunkt 14:15 CET;2022-05-27;9,4936
B;Virkedag;USD;Amerikanske dollar;NOK;Norske kroner;SP;Spot;4;false;0;Enheter;C;ECB concertation tidspunkt 14:15 CET;2022-05-30;9,4069
B;Virkedag;USD;Amerikanske dollar;NOK;Norske kroner;SP;Spot;4;false;0;Enheter;C;ECB concertation tidspunkt 14:15 CET;2022-05-31;9,4262
B;Virkedag;USD;Amerikanske dollar;NOK;Norske kroner;SP;Spot;4;false;0;Enheter;C;ECB concertation tidspunkt 14:15 CET;2022-06-01;9,3762
B;Virkedag;USD;Amerikanske dollar;NOK;Norske kroner;SP;Spot;4;false;0;Enheter;C;ECB concertation tidspunkt 14:15 CET;2022-06-02;9,4318
B;Virkedag;USD;Amerikanske dollar;NOK;Norske kroner;SP;Spot;4;false;0;Enheter;C;ECB concertation tidspunkt 14:15 CET;2022-06-03;9,4157
B;Virkedag;USD;Amerikanske dollar;NOK;Norske kroner;SP;Spot;4;false;0;Enheter;C;ECB concertation tidspunkt 14:15 CET;2022-06-07;9,552
B;Virkedag;USD;Amerikanske dollar;NOK;Norske kroner;SP;Spot;4;false;0;Enheter;C;ECB concertation tidspunkt 14:15 CET;2022-06-08;9,4418
B;Virkedag;USD;Amerikanske dollar;NOK;Norske kroner;SP;Spot;4;false;0;Enheter;C;ECB concertation tidspunkt 14:15 CET;2022-06-09;9,4776
B;Virkedag;USD;Amerikanske dollar;NOK;Norske kroner;SP;Spot;4;false;0;Enheter;C;ECB concertation tidspunkt 14:15 CET;2022-06-10;9,5949
B;Virkedag;USD;Amerikanske dollar;NOK;Norske kroner;SP;Spot;4;false;0;Enheter;C;ECB concertation tidspunkt 14:15 CET;2022-06-13;9,873
B;Virkedag;USD;Amerikanske dollar;NOK;Norske kroner;SP;Spot;4;false;0;Enheter;C;ECB concertation tidspunkt 14:15 CET;2022-06-14;9,945
B;Virkedag;USD;Amerikanske dollar;NOK;Norske kroner;SP;Spot;4;false;0;Enheter;C;ECB concertation tidspunkt 14:15 CET;2022-06-15;9,9576
B;Virkedag;USD;Amerikanske dollar;NOK;Norske kroner;SP;Spot;4;false;0;Enheter;C;ECB concertation tidspunkt 14:15 CET;2022-06-16;10,0565
B;Virkedag;USD;Amerikanske dollar;NOK;Norske kroner;SP;Spot;4;false;0;Enheter;C;ECB concertation tidspunkt 14:15 CET;2022-06-17;9,9681
B;Virkedag;USD;Amerikanske dollar;NOK;Norske kroner;SP;Spot;4;false;0;Enheter;C;ECB concertation tidspunkt 14:15 CET;2022-06-20;9,8968
B;Virkedag;USD;Amerikanske dollar;NOK;Norske kroner;SP;Spot;4;false;0;Enheter;C;ECB concertation tidspunkt 14:15 CET;2022-06-21;9,7899
B;Virkedag;USD;Amerikanske dollar;NOK;Norske kroner;SP;Spot;4;false;0;Enheter;C;ECB concertation tidspunkt 14:15 CET;2022-06-22;9,9843
B;Virkedag;USD;Amerikanske dollar;NOK;Norske kroner;SP;Spot;4;false;0;Enheter;C;ECB concertation tidspunkt 14:15 CET;2022-06-23;9,9828
B;Virkedag;USD;Amerikanske dollar;NOK;Norske kroner;SP;Spot;4;false;0;Enheter;C;ECB concertation tidspunkt 14:15 CET;2022-06-24;9,915
B;Virkedag;USD;Amerikanske dollar;NOK;Norske kroner;SP;Spot;4;false;0;Enheter;C;ECB concertation tidspunkt 14:15 CET;2022-06-27;9,8449
B;Virkedag;USD;Amerikanske dollar;NOK;Norske kroner;SP;Spot;4;false;0;Enheter;C;ECB concertation tidspunkt 14:15 CET;2022-06-28;9,7879
B;Virkedag;USD;Amerikanske dollar;NOK;Norske kroner;SP;Spot;4;false;0;Enheter;C;ECB concertation tidspunkt 14:15 CET;2022-06-29;9,7998
B;Virkedag;USD;Amerikanske dollar;NOK;Norske kroner;SP;Spot;4;false;0;Enheter;C;ECB concertation tidspunkt 14:15 CET;2022-06-30;9,9629
B;Virkedag;USD;Amerikanske dollar;NOK;Norske kroner;SP;Spot;4;false;0;Enheter;C;ECB concertation tidspunkt 14:15 CET;2022-07-01;9,9425
B;Virkedag;USD;Amerikanske dollar;NOK;Norske kroner;SP;Spot;4;false;0;Enheter;C;ECB concertation tidspunkt 14:15 CET;2022-07-04;9,8477
B;Virkedag;USD;Amerikanske dollar;NOK;Norske kroner;SP;Spot;4;false;0;Enheter;C;ECB concertation tidspunkt 14:15 CET;2022-07-05;9,9951
B;Virkedag;USD;Amerikanske dollar;NOK;Norske kroner;SP;Spot;4;false;0;Enheter;C;ECB concertation tidspunkt 14:15 CET;2022-07-06;10,1015
B;Virkedag;USD;Amerikanske dollar;NOK;Norske kroner;SP;Spot;4;false;0;Enheter;C;ECB concertation tidspunkt 14:15 CET;2022-07-07;10,109
B;Virkedag;USD;Amerikanske dollar;NOK;Norske kroner;SP;Spot;4;false;0;Enheter;C;ECB concertation tidspunkt 14:15 CET;2022-07-08;10,0984
B;Virkedag;USD;Amerikanske dollar;NOK;Norske kroner;SP;Spot;4;false;0;Enheter;C;ECB concertation tidspunkt 14:15 CET;2022-07-11;10,199
B;Virkedag;USD;Amerikanske dollar;NOK;Norske kroner;SP;Spot;4;false;0;Enheter;C;ECB concertation tidspunkt 14:15 CET;2022-07-12;10,2324
B;Virkedag;USD;Amerikanske dollar;NOK;Norske kroner;SP;Spot;4;false;0;Enheter;C;ECB concertation tidspunkt 14:15 CET;2022-07-13;10,1746
B;Virkedag;USD;Amerikanske dollar;NOK;Norske kroner;SP;Spot;4;false;0;Enheter;C;ECB concertation tidspunkt 14:15 CET;2022-07-14;10,2485
B;Virkedag;USD;Amerikanske dollar;NOK;Norske kroner;SP;Spot;4;false;0;Enheter;C;ECB concertation tidspunkt 14:15 CET;2022-07-15;10,216
B;Virkedag;USD;Amerikanske dollar;NOK;Norske kroner;SP;Spot;4;false;0;Enheter;C;ECB concertation tidspunkt 14:15 CET;2022-07-18;10,1227
B;Virkedag;USD;Amerikanske dollar;NOK;Norske kroner;SP;Spot;4;false;0;Enheter;C;ECB concertation tidspunkt 14:15 CET;2022-07-19;9,9327
B;Virkedag;USD;Amerikanske dollar;NOK;Norske kroner;SP;Spot;4;false;0;Enheter;C;ECB concertation tidspunkt 14:15 CET;2022-07-20;9,9346
B;Virkedag;USD;Amerikanske dollar;NOK;Norske kroner;SP;Spot;4;false;0;Enheter;C;ECB concertation tidspunkt 14:15 CET;2022-07-21;9,9765
B;Virkedag;USD;Amerikanske dollar;NOK;Norske kroner;SP;Spot;4;false;0;Enheter;C;ECB concertation tidspunkt 14:15 CET;2022-07-22;9,9605
B;Virkedag;USD;Amerikanske dollar;NOK;Norske kroner;SP;Spot;4;false;0;Enheter;C;ECB concertation tidspunkt 14:15 CET;2022-07-25;9,8382
B;Virkedag;USD;Amerikanske dollar;NOK;Norske kroner;SP;Spot;4;false;0;Enheter;C;ECB concertation tidspunkt 14:15 CET;2022-07-26;9,8879
B;Virkedag;USD;Amerikanske dollar;NOK;Norske kroner;SP;Spot;4;false;0;Enheter;C;ECB concertation tidspunkt 14:15 CET;2022-07-27;9,8067
B;Virkedag;USD;Amerikanske dollar;NOK;Norske kroner;SP;Spot;4;false;0;Enheter;C;ECB concertation tidspunkt 14:15 CET;2022-07-28;9,779
B;Virkedag;USD;Amerikanske dollar;NOK;Norske kroner;SP;Spot;4;false;0;Enheter;C;ECB concertation tidspunkt 14:15 CET;2022-07-29;9,6855
B;Virkedag;USD;Amerikanske dollar;NOK;Norske kroner;SP;Spot;4;false;0;Enheter;C;ECB concertation tidspunkt 14:15 CET;2022-08-01;9,6392
B;Virkedag;USD;Amerikanske dollar;NOK;Norske kroner;SP;Spot;4;false;0;Enheter;C;ECB concertation tidspunkt 14:15 CET;2022-08-02;9,7129
B;Virkedag;USD;Amerikanske dollar;NOK;Norske kroner;SP;Spot;4;false;0;Enheter;C;ECB concertation tidspunkt 14:15 CET;2022-08-03;9,6864
B;Virkedag;USD;Amerikanske dollar;NOK;Norske kroner;SP;Spot;4;false;0;Enheter;C;ECB concertation tidspunkt 14:15 CET;2022-08-04;9,7304
B;Virkedag;USD;Amerikanske dollar;NOK;Norske kroner;SP;Spot;4;false;0;Enheter;C;ECB concertation tidspunkt 14:15 CET;2022-08-05;9,7547
B;Virkedag;USD;Amerikanske dollar;NOK;Norske kroner;SP;Spot;4;false;0;Enheter;C;ECB concertation tidspunkt 14:15 CET;2022-08-08;9,7465
B;Virkedag;USD;Amerikanske dollar;NOK;Norske kroner;SP;Spot;4;false;0;Enheter;C;ECB concertation tidspunkt 14:15 CET;2022-08-09;9,7093
B;Virkedag;USD;Amerikanske dollar;NOK;Norske kroner;SP;Spot;4;false;0;Enheter;C;ECB concertation tidspunkt 14:15 CET;2022-08-10;9,6682
B;Virkedag;USD;Amerikanske dollar;NOK;Norske kroner;SP;Spot;4;false;0;Enheter;C;ECB concertation tidspunkt 14:15 CET;2022-08-11;9,4835
B;Virkedag;USD;Amerikanske dollar;NOK;Norske kroner;SP;Spot;4;false;0;Enheter;C;ECB concertation tidspunkt 14:15 CET;2022-08-12;9,5411
B;Virkedag;USD;Amerikanske dollar;NOK;Norske kroner;SP;Spot;4;false;0;Enheter;C;ECB concertation tidspunkt 14:15 CET;2022-08-15;9,6822
B;Virkedag;USD;Amerikanske dollar;NOK;Norske kroner;SP;Spot;4;false;0;Enheter;C;ECB concertation tidspunkt 14:15 CET;2022-08-16;9,7155
B;Virkedag;USD;Amerikanske dollar;NOK;Norske kroner;SP;Spot;4;false;0;Enheter;C;ECB concertation tidspunkt 14:15 CET;2022-08-17;9,684
B;Virkedag;USD;Amerikanske dollar;NOK;Norske kroner;SP;Spot;4;false;0;Enheter;C;ECB concertation tidspunkt 14:15 CET;2022-08-18;9,6564
B;Virkedag;USD;Amerikanske dollar;NOK;Norske kroner;SP;Spot;4;false;0;Enheter;C;ECB concertation tidspunkt 14:15 CET;2022-08-19;9,7889
B;Virkedag;USD;Amerikanske dollar;NOK;Norske kroner;SP;Spot;4;false;0;Enheter;C;ECB concertation tidspunkt 14:15 CET;2022-08-22;9,7709
B;Virkedag;USD;Amerikanske dollar;NOK;Norske kroner;SP;Spot;4;false;0;Enheter;C;ECB concertation tidspunkt 14:15 CET;2022-08-23;9,8155
B;Virkedag;USD;Amerikanske dollar;NOK;Norske kroner;SP;Spot;4;false;0;Enheter;C;ECB concertation tidspunkt 14:15 CET;2022-08-24;9,7
B;Virkedag;USD;Amerikanske dollar;NOK;Norske kroner;SP;Spot;4;false;0;Enheter;C;ECB concertation tidspunkt 14:15 CET;2022-08-25;9,669
B;Virkedag;USD;Amerikanske dollar;NOK;Norske kroner;SP;Spot;4;false;0;Enheter;C;ECB concertation tidspunkt 14:15 CET;2022-08-26;9,6602
B;Virkedag;USD;Amerikanske dollar;NOK;Norske kroner;SP;Spot;4;false;0;Enheter;C;ECB concertation tidspunkt 14:15 CET;2022-08-29;9,7812
B;Virkedag;USD;Amerikanske dollar;NOK;Norske kroner;SP;Spot;4;false;0;Enheter;C;ECB concertation tidspunkt 14:15 CET;2022-08-30;9,7222
B;Virkedag;USD;Amerikanske dollar;NOK;Norske kroner;SP;Spot;4;false;0;Enheter;C;ECB concertation tidspunkt 14:15 CET;2022-08-31;9,9388
B;Virkedag;USD;Amerikanske dollar;NOK;Norske kroner;SP;Spot;4;false;0;Enheter;C;ECB concertation tidspunkt 14:15 CET;2022-09-01;10,009
B;Virkedag;USD;Amerikanske dollar;NOK;Norske kroner;SP;Spot;4;false;0;Enheter;C;ECB concertation tidspunkt 14:15 CET;2022-09-02;10,0105
B;Virkedag;USD;Amerikanske dollar;NOK;Norske kroner;SP;Spot;4;false;0;Enheter;C;ECB concertation tidspunkt 14:15 CET;2022-09-05;9,9988
B;Virkedag;USD;Amerikanske dollar;NOK;Norske kroner;SP;Spot;4;false;0;Enheter;C;ECB concertation tidspunkt 14:15 CET;2022-09-06;9,9663
B;Virkedag;USD;Amerikanske dollar;NOK;Norske kroner;SP;Spot;4;false;0;Enheter;C;ECB concertation tidspunkt 14:15 CET;2022-09-07;10,064
B;Virkedag;USD;Amerikanske dollar;NOK;Norske kroner;SP;Spot;4;false;0;Enheter;C;ECB concertation tidspunkt 14:15 CET;2022-09-08;10,0525
B;Virkedag;USD;Amerikanske dollar;NOK;Norske kroner;SP;Spot;4;false;0;Enheter;C;ECB concertation tidspunkt 14:15 CET;2022-09-09;9,9349
B;Virkedag;USD;Amerikanske dollar;NOK;Norske kroner;SP;Spot;4;false;0;Enheter;C;ECB concertation tidspunkt 14:15 CET;2022-09-12;9,8196
B;Virkedag;USD;Amerikanske dollar;NOK;Norske kroner;SP;Spot;4;false;0;Enheter;C;ECB concertation tidspunkt 14:15 CET;2022-09-13;9,8268
B;Virkedag;USD;Amerikanske dollar;NOK;Norske kroner;SP;Spot;4;false;0;Enheter;C;ECB concertation tidspunkt 14:15 CET;2022-09-14;10,1226
B;Virkedag;USD;Amerikanske dollar;NOK;Norske kroner;SP;Spot;4;false;0;Enheter;C;ECB concertation tidspunkt 14:15 CET;2022-09-15;10,1284
B;Virkedag;USD;Amerikanske dollar;NOK;Norske kroner;SP;Spot;4;false;0;Enheter;C;ECB concertation tidspunkt 14:15 CET;2022-09-16;10,2456
B;Virkedag;USD;Amerikanske dollar;NOK;Norske kroner;SP;Spot;4;false;0;Enheter;C;ECB concertation tidspunkt 14:15 CET;2022-09-19;10,2929
B;Virkedag;USD;Amerikanske dollar;NOK;Norske kroner;SP;Spot;4;false;0;Enheter;C;ECB concertation tidspunkt 14:15 CET;2022-09-20;10,2874
B;Virkedag;USD;Amerikanske dollar;NOK;Norske kroner;SP;Spot;4;false;0;Enheter;C;ECB concertation tidspunkt 14:15 CET;2022-09-21;10,3834
B;Virkedag;USD;Amerikanske dollar;NOK;Norske kroner;SP;Spot;4;false;0;Enheter;C;ECB concertation tidspunkt 14:15 CET;2022-09-22;10,3551
B;Virkedag;USD;Amerikanske dollar;NOK;Norske kroner;SP;Spot;4;false;0;Enheter;C;ECB concertation tidspunkt 14:15 CET;2022-09-23;10,4916
B;Virkedag;USD;Amerikanske dollar;NOK;Norske kroner;SP;Spot;4;false;0;Enheter;C;ECB concertation tidspunkt 14:15 CET;2022-09-26;10,7386
B;Virkedag;USD;Amerikanske dollar;NOK;Norske kroner;SP;Spot;4;false;0;Enheter;C;ECB concertation tidspunkt 14:15 CET;2022-09-27;10,7293
B;Virkedag;USD;Amerikanske dollar;NOK;Norske kroner;SP;Spot;4;false;0;Enheter;C;ECB concertation tidspunkt 14:15 CET;2022-09-28;10,9332
B;Virkedag;USD;Amerikanske dollar;NOK;Norske kroner;SP;Spot;4;false;0;Enheter;C;ECB concertation tidspunkt 14:15 CET;2022-09-29;10,7684
B;Virkedag;USD;Amerikanske dollar;NOK;Norske kroner;SP;Spot;4;false;0;Enheter;C;ECB concertation tidspunkt 14:15 CET;2022-09-30;10,8574
B;Virkedag;USD;Amerikanske dollar;NOK;Norske kroner;SP;Spot;4;false;0;Enheter;C;ECB concertation tidspunkt 14:15 CET;2022-10-03;10,8209
B;Virkedag;USD;Amerikanske dollar;NOK;Norske kroner;SP;Spot;4;false;0;Enheter;C;ECB concertation tidspunkt 14:15 CET;2022-10-04;10,6071
B;Virkedag;USD;Amerikanske dollar;NOK;Norske kroner;SP;Spot;4;false;0;Enheter;C;ECB concertation tidspunkt 14:15 CET;2022-10-05;10,5757
B;Virkedag;USD;Amerikanske dollar;NOK;Norske kroner;SP;Spot;4;false;0;Enheter;C;ECB concertation tidspunkt 14:15 CET;2022-10-06;10,5759
B;Virkedag;USD;Amerikanske dollar;NOK;Norske kroner;SP;Spot;4;false;0;Enheter;C;ECB concertation tidspunkt 14:15 CET;2022-10-07;10,6663
B;Virkedag;USD;Amerikanske dollar;NOK;Norske kroner;SP;Spot;4;false;0;Enheter;C;ECB concertation tidspunkt 14:15 CET;2022-10-10;10,6608
B;Virkedag;USD;Amerikanske dollar;NOK;Norske kroner;SP;Spot;4;false;0;Enheter;C;ECB concertation tidspunkt 14:15 CET;2022-10-11;10,7205
B;Virkedag;USD;Amerikanske dollar;NOK;Norske kroner;SP;Spot;4;false;0;Enheter;C;ECB concertation tidspunkt 14:15 CET;2022-10-12;10,73
B;Virkedag;USD;Amerikanske dollar;NOK;Norske kroner;SP;Spot;4;false;0;Enheter;C;ECB concertation tidspunkt 14:15 CET;2022-10-13;10,6299
B;Virkedag;USD;Amerikanske dollar;NOK;Norske kroner;SP;Spot;4;false;0;Enheter;C;ECB concertation tidspunkt 14:15 CET;2022-10-14;10,6332
B;Virkedag;USD;Amerikanske dollar;NOK;Norske kroner;SP;Spot;4;false;0;Enheter;C;ECB concertation tidspunkt 14:15 CET;2022-10-17;10,6192
B;Virkedag;USD;Amerikanske dollar;NOK;Norske kroner;SP;Spot;4;false;0;Enheter;C;ECB concertation tidspunkt 14:15 CET;2022-10-18;10,5265
B;Virkedag;USD;Amerikanske dollar;NOK;Norske kroner;SP;Spot;4;false;0;Enheter;C;ECB concertation tidspunkt 14:15 CET;2022-10-19;10,618
B;Virkedag;USD;Amerikanske dollar;NOK;Norske kroner;SP;Spot;4;false;0;Enheter;C;ECB concertation tidspunkt 14:15 CET;2022-10-20;10,6024
B;Virkedag;USD;Amerikanske dollar;NOK;Norske kroner;SP;Spot;4;false;0;Enheter;C;ECB concertation tidspunkt 14:15 CET;2022-10-21;10,721
B;Virkedag;USD;Amerikanske dollar;NOK;Norske kroner;SP;Spot;4;false;0;Enheter;C;ECB concertation tidspunkt 14:15 CET;2022-10-24;10,5492
B;Virkedag;USD;Amerikanske dollar;NOK;Norske kroner;SP;Spot;4;false;0;Enheter;C;ECB concertation tidspunkt 14:15 CET;2022-10-25;10,5375
B;Virkedag;USD;Amerikanske dollar;NOK;Norske kroner;SP;Spot;4;false;0;Enheter;C;ECB concertation tidspunkt 14:15 CET;2022-10-26;10,3171
B;Virkedag;USD;Amerikanske dollar;NOK;Norske kroner;SP;Spot;4;false;0;Enheter;C;ECB concertation tidspunkt 14:15 CET;2022-10-27;10,3039
B;Virkedag;USD;Amerikanske dollar;NOK;Norske kroner;SP;Spot;4;false;0;Enheter;C;ECB concertation tidspunkt 14:15 CET;2022-10-28;10,3201
B;Virkedag;USD;Amerikanske dollar;NOK;Norske kroner;SP;Spot;4;false;0;Enheter;C;ECB concertation tidspunkt 14:15 CET;2022-10-31;10,3922
B;Virkedag;USD;Amerikanske dollar;NOK;Norske kroner;SP;Spot;4;false;0;Enheter;C;ECB concertation tidspunkt 14:15 CET;2022-11-01;10,2378
B;Virkedag;USD;Amerikanske dollar;NOK;Norske kroner;SP;Spot;4;false;0;Enheter;C;ECB concertation tidspunkt 14:15 CET;2022-11-02;10,3339
B;Virkedag;USD;Amerikanske dollar;NOK;Norske kroner;SP;Spot;4;false;0;Enheter;C;ECB concertation tidspunkt 14:15 CET;2022-11-03;10,6165
B;Virkedag;USD;Amerikanske dollar;NOK;Norske kroner;SP;Spot;4;false;0;Enheter;C;ECB concertation tidspunkt 14:15 CET;2022-11-04;10,3342
B;Virkedag;USD;Amerikanske dollar;NOK;Norske kroner;SP;Spot;4;false;0;Enheter;C;ECB concertation tidspunkt 14:15 CET;2022-11-07;10,2627
B;Virkedag;USD;Amerikanske dollar;NOK;Norske kroner;SP;Spot;4;false;0;Enheter;C;ECB concertation tidspunkt 14:15 CET;2022-11-08;10,2836
B;Virkedag;USD;Amerikanske dollar;NOK;Norske kroner;SP;Spot;4;false;0;Enheter;C;ECB concertation tidspunkt 14:15 CET;2022-11-09;10,2819
B;Virkedag;USD;Amerikanske dollar;NOK;Norske kroner;SP;Spot;4;false;0;Enheter;C;ECB concertation tidspunkt 14:15 CET;2022-11-10;10,4094
B;Virkedag;USD;Amerikanske dollar;NOK;Norske kroner;SP;Spot;4;false;0;Enheter;C;ECB concertation tidspunkt 14:15 CET;2022-11-11;9,9568
B;Virkedag;USD;Amerikanske dollar;NOK;Norske kroner;SP;Spot;4;false;0;Enheter;C;ECB concertation tidspunkt 14:15 CET;2022-11-14;9,9954
B;Virkedag;USD;Amerikanske dollar;NOK;Norske kroner;SP;Spot;4;false;0;Enheter;C;ECB concertation tidspunkt 14:15 CET;2022-11-15;9,9548
B;Virkedag;USD;Amerikanske dollar;NOK;Norske kroner;SP;Spot;4;false;0;Enheter;C;ECB concertation tidspunkt 14:15 CET;2022-11-16;9,9573
B;Virkedag;USD;Amerikanske dollar;NOK;Norske kroner;SP;Spot;4;false;0;Enheter;C;ECB concertation tidspunkt 14:15 CET;2022-11-17;10,1735
B;Virkedag;USD;Amerikanske dollar;NOK;Norske kroner;SP;Spot;4;false;0;Enheter;C;ECB concertation tidspunkt 14:15 CET;2022-11-18;10,1158
B;Virkedag;USD;Amerikanske dollar;NOK;Norske kroner;SP;Spot;4;false;0;Enheter;C;ECB concertation tidspunkt 14:15 CET;2022-11-21;10,2379
B;Virkedag;USD;Amerikanske dollar;NOK;Norske kroner;SP;Spot;4;false;0;Enheter;C;ECB concertation tidspunkt 14:15 CET;2022-11-22;10,166
B;Virkedag;USD;Amerikanske dollar;NOK;Norske kroner;SP;Spot;4;false;0;Enheter;C;ECB concertation tidspunkt 14:15 CET;2022-11-23;10,0396
B;Virkedag;USD;Amerikanske dollar;NOK;Norske kroner;SP;Spot;4;false;0;Enheter;C;ECB concertation tidspunkt 14:15 CET;2022-11-24;9,9333
B;Virkedag;USD;Amerikanske dollar;NOK;Norske kroner;SP;Spot;4;false;0;Enheter;C;ECB concertation tidspunkt 14:15 CET;2022-11-25;9,9263
B;Virkedag;USD;Amerikanske dollar;NOK;Norske kroner;SP;Spot;4;false;0;Enheter;C;ECB concertation tidspunkt 14:15 CET;2022-11-28;9,9054
B;Virkedag;USD;Amerikanske dollar;NOK;Norske kroner;SP;Spot;4;false;0;Enheter;C;ECB concertation tidspunkt 14:15 CET;2022-11-29;9,9665
B;Virkedag;USD;Amerikanske dollar;NOK;Norske kroner;SP;Spot;4;false;0;Enheter;C;ECB concertation tidspunkt 14:15 CET;2022-11-30;9,8928
B;Virkedag;USD;Amerikanske dollar;NOK;Norske kroner;SP;Spot;4;false;0;Enheter;C;ECB concertation tidspunkt 14:15 CET;2022-12-01;9,8044
B;Virkedag;USD;Amerikanske dollar;NOK;Norske kroner;SP;Spot;4;false;0;Enheter;C;ECB concertation tidspunkt 14:15 CET;2022-12-02;9,7376
B;Virkedag;USD;Amerikanske dollar;NOK;Norske kroner;SP;Spot;4;false;0;Enheter;C;ECB concertation tidspunkt 14:15 CET;2022-12-05;9,7635
B;Virkedag;USD;Amerikanske dollar;NOK;Norske kroner;SP;Spot;4;false;0;Enheter;C;ECB concertation tidspunkt 14:15 CET;2022-12-06;9,9285
B;Virkedag;USD;Amerikanske dollar;NOK;Norske kroner;SP;Spot;4;false;0;Enheter;C;ECB concertation tidspunkt 14:15 CET;2022-12-07;9,9967
B;Virkedag;USD;Amerikanske dollar;NOK;Norske kroner;SP;Spot;4;false;0;Enheter;C;ECB concertation tidspunkt 14:15 CET;2022-12-08;9,9705
B;Virkedag;USD;Amerikanske dollar;NOK;Norske kroner;SP;Spot;4;false;0;Enheter;C;ECB concertation tidspunkt 14:15 CET;2022-12-09;9,9768
B;Virkedag;USD;Amerikanske dollar;NOK;Norske kroner;SP;Spot;4;false;0;Enheter;C;ECB concertation tidspunkt 14:15 CET;2022-12-12;9,9932
B;Virkedag;USD;Amerikanske dollar;NOK;Norske kroner;SP;Spot;4;false;0;Enheter;C;ECB concertation tidspunkt 14:15 CET;2022-12-13;9,9269
B;Virkedag;USD;Amerikanske dollar;NOK;Norske kroner;SP;Spot;4;false;0;Enheter;C;ECB concertation tidspunkt 14:15 CET;2022-12-14;9,7305
B;Virkedag;USD;Amerikanske dollar;NOK;Norske kroner;SP;Spot;4;false;0;Enheter;C;ECB concertation tidspunkt 14:15 CET;2022-12-15;9,7931
B;Virkedag;USD;Amerikanske dollar;NOK;Norske kroner;SP;Spot;4;false;0;Enheter;C;ECB concertation tidspunkt 14:15 CET;2022-12-16;9,8722
B;Virkedag;USD;Amerikanske dollar;NOK;Norske kroner;SP;Spot;4;false;0;Enheter;C;ECB concertation tidspunkt 14:15 CET;2022-12-19;9,9099
B;Virkedag;USD;Amerikanske dollar;NOK;Norske kroner;SP;Spot;4;false;0;Enheter;C;ECB concertation tidspunkt 14:15 CET;2022-12-20;9,9158
B;Virkedag;USD;Amerikanske dollar;NOK;Norske kroner;SP;Spot;4;false;0;Enheter;C;ECB concertation tidspunkt 14:15 CET;2022-12-21;9,8072
B;Virkedag;USD;Amerikanske dollar;NOK;Norske kroner;SP;Spot;4;false;0;Enheter;C;ECB concertation tidspunkt 14:15 CET;2022-12-22;9,7924
B;Virkedag;USD;Amerikanske dollar;NOK;Norske kroner;SP;Spot;4;false;0;Enheter;C;ECB concertation tidspunkt 14:15 CET;2022-12-23;9,8332
B;Virkedag;USD;Amerikanske dollar;NOK;Norske kroner;SP;Spot;4;false;0;Enheter;C;ECB concertation tidspunkt 14:15 CET;2022-12-27;9,8734
B;Virkedag;USD;Amerikanske dollar;NOK;Norske kroner;SP;Spot;4;false;0;Enheter;C;ECB concertation tidspunkt 14:15 CET;2022-12-28;9,821
B;Virkedag;USD;Amerikanske dollar;NOK;Norske kroner;SP;Spot;4;false;0;Enheter;C;ECB concertation tidspunkt 14:15 CET;2022-12-29;9,907
B;Virkedag;USD;Amerikanske dollar;NOK;Norske kroner;SP;Spot;4;false;0;Enheter;C;ECB concertation tidspunkt 14:15 CET;2022-12-30;9,8573
B;Virkedag;USD;Amerikanske dollar;NOK;Norske kroner;SP;Spot;4;false;0;Enheter;C;ECB concertation tidspunkt 14:15 CET;2023-01-02;9,8413
B;Virkedag;USD;Amerikanske dollar;NOK;Norske kroner;SP;Spot;4;false;0;Enheter;C;ECB concertation tidspunkt 14:15 CET;2023-01-03;9,9839
B;Virkedag;USD;Amerikanske dollar;NOK;Norske kroner;SP;Spot;4;false;0;Enheter;C;ECB concertation tidspunkt 14:15 CET;2023-01-04;10,1311
B;Virkedag;USD;Amerikanske dollar;NOK;Norske kroner;SP;Spot;4;false;0;Enheter;C;ECB concertation tidspunkt 14:15 CET;2023-01-05;10,1168
B;Virkedag;USD;Amerikanske dollar;NOK;Norske kroner;SP;Spot;4;false;0;Enheter;C;ECB concertation tidspunkt 14:15 CET;2023-01-06;10,2924
B;Virkedag;USD;Amerikanske dollar;NOK;Norske kroner;SP;Spot;4;false;0;Enheter;C;ECB concertation tidspunkt 14:15 CET;2023-01-09;9,9203
B;Virkedag;USD;Amerikanske dollar;NOK;Norske kroner;SP;Spot;4;false;0;Enheter;C;ECB concertation tidspunkt 14:15 CET;2023-01-10;9,9585
B;Virkedag;USD;Amerikanske dollar;NOK;Norske kroner;SP;Spot;4;false;0;Enheter;C;ECB concertation tidspunkt 14:15 CET;2023-01-11;9,9916
B;Virkedag;USD;Amerikanske dollar;NOK;Norske kroner;SP;Spot;4;false;0;Enheter;C;ECB concertation tidspunkt 14:15 CET;2023-01-12;9,9543
B;Virkedag;USD;Amerikanske dollar;NOK;Norske kroner;SP;Spot;4;false;0;Enheter;C;ECB concertation tidspunkt 14:15 CET;2023-01-13;9,8895
B;Virkedag;USD;Amerikanske dollar;NOK;Norske kroner;SP;Spot;4;false;0;Enheter;C;ECB concertation tidspunkt 14:15 CET;2023-01-16;9,8913
B;Virkedag;USD;Amerikanske dollar;NOK;Norske kroner;SP;Spot;4;false;0;Enheter;C;ECB concertation tidspunkt 14:15 CET;2023-01-17;9,9108
B;Virkedag;USD;Amerikanske dollar;NOK;Norske kroner;SP;Spot;4;false;0;Enheter;C;ECB concertation tidspunkt 14:15 CET;2023-01-18;9,8305
B;Virkedag;USD;Amerikanske dollar;NOK;Norske kroner;SP;Spot;4;false;0;Enheter;C;ECB concertation tidspunkt 14:15 CET;2023-01-19;9,9362
B;Virkedag;USD;Amerikanske dollar;NOK;Norske kroner;SP;Spot;4;false;0;Enheter;C;ECB concertation tidspunkt 14:15 CET;2023-01-20;9,8961
B;Virkedag;USD;Amerikanske dollar;NOK;Norske kroner;SP;Spot;4;false;0;Enheter;C;ECB concertation tidspunkt 14:15 CET;2023-01-23;9,8275
B;Virkedag;USD;Amerikanske dollar;NOK;Norske kroner;SP;Spot;4;false;0;Enheter;C;ECB concertation tidspunkt 14:15 CET;2023-01-24;9,8723
B;Virkedag;USD;Amerikanske dollar;NOK;Norske kroner;SP;Spot;4;false;0;Enheter;C;ECB concertation tidspunkt 14:15 CET;2023-01-25;9,9187
B;Virkedag;USD;Amerikanske dollar;NOK;Norske kroner;SP;Spot;4;false;0;Enheter;C;ECB concertation tidspunkt 14:15 CET;2023-01-26;9,8779
B;Virkedag;USD;Amerikanske dollar;NOK;Norske kroner;SP;Spot;4;false;0;Enheter;C;ECB concertation tidspunkt 14:15 CET;2023-01-27;9,9034
B;Virkedag;USD;Amerikanske dollar;NOK;Norske kroner;SP;Spot;4;false;0;Enheter;C;ECB concertation tidspunkt 14:15 CET;2023-01-30;9,8987
B;Virkedag;USD;Amerikanske dollar;NOK;Norske kroner;SP;Spot;4;false;0;Enheter;C;ECB concertation tidspunkt 14:15 CET;2023-01-31;10,0695
B;Virkedag;USD;Amerikanske dollar;NOK;Norske kroner;SP;Spot;4;false;0;Enheter;C;ECB concertation tidspunkt 14:15 CET;2023-02-01;9,9659
B;Virkedag;USD;Amerikanske dollar;NOK;Norske kroner;SP;Spot;4;false;0;Enheter;C;ECB concertation tidspunkt 14:15 CET;2023-02-02;9,9686
B;Virkedag;USD;Amerikanske dollar;NOK;Norske kroner;SP;Spot;4;false;0;Enheter;C;ECB concertation tidspunkt 14:15 CET;2023-02-03;10,0378
B;Virkedag;USD;Amerikanske dollar;NOK;Norske kroner;SP;Spot;4;false;0;Enheter;C;ECB concertation tidspunkt 14:15 CET;2023-02-06;10,2476
B;Virkedag;USD;Amerikanske dollar;NOK;Norske kroner;SP;Spot;4;false;0;Enheter;C;ECB concertation tidspunkt 14:15 CET;2023-02-07;10,3975
B;Virkedag;USD;Amerikanske dollar;NOK;Norske kroner;SP;Spot;4;false;0;Enheter;C;ECB concertation tidspunkt 14:15 CET;2023-02-08;10,2711
B;Virkedag;USD;Amerikanske dollar;NOK;Norske kroner;SP;Spot;4;false;0;Enheter;C;ECB concertation tidspunkt 14:15 CET;2023-02-09;10,1312
B;Virkedag;USD;Amerikanske dollar;NOK;Norske kroner;SP;Spot;4;false;0;Enheter;C;ECB concertation tidspunkt 14:15 CET;2023-02-10;10,1693
B;Virkedag;USD;Amerikanske dollar;NOK;Norske kroner;SP;Spot;4;false;0;Enheter;C;ECB concertation tidspunkt 14:15 CET;2023-02-13;10,1266
B;Virkedag;USD;Amerikanske dollar;NOK;Norske kroner;SP;Spot;4;false;0;Enheter;C;ECB concertation tidspunkt 14:15 CET;2023-02-14;10,1104
B;Virkedag;USD;Amerikanske dollar;NOK;Norske kroner;SP;Spot;4;false;0;Enheter;C;ECB concertation tidspunkt 14:15 CET;2023-02-15;10,205
B;Virkedag;USD;Amerikanske dollar;NOK;Norske kroner;SP;Spot;4;false;0;Enheter;C;ECB concertation tidspunkt 14:15 CET;2023-02-16;10,2349
B;Virkedag;USD;Amerikanske dollar;NOK;Norske kroner;SP;Spot;4;false;0;Enheter;C;ECB concertation tidspunkt 14:15 CET;2023-02-17;10,3671
B;Virkedag;USD;Amerikanske dollar;NOK;Norske kroner;SP;Spot;4;false;0;Enheter;C;ECB concertation tidspunkt 14:15 CET;2023-02-20;10,2757
B;Virkedag;USD;Amerikanske dollar;NOK;Norske kroner;SP;Spot;4;false;0;Enheter;C;ECB concertation tidspunkt 14:15 CET;2023-02-21;10,2652
B;Virkedag;USD;Amerikanske dollar;NOK;Norske kroner;SP;Spot;4;false;0;Enheter;C;ECB concertation tidspunkt 14:15 CET;2023-02-22;10,303
B;Virkedag;USD;Amerikanske dollar;NOK;Norske kroner;SP;Spot;4;false;0;Enheter;C;ECB concertation tidspunkt 14:15 CET;2023-02-23;10,3189
B;Virkedag;USD;Amerikanske dollar;NOK;Norske kroner;SP;Spot;4;false;0;Enheter;C;ECB concertation tidspunkt 14:15 CET;2023-02-24;10,3472
B;Virkedag;USD;Amerikanske dollar;NOK;Norske kroner;SP;Spot;4;false;0;Enheter;C;ECB concertation tidspunkt 14:15 CET;2023-02-27;10,388
B;Virkedag;USD;Amerikanske dollar;NOK;Norske kroner;SP;Spot;4;false;0;Enheter;C;ECB concertation tidspunkt 14:15 CET;2023-02-28;10,3318
B;Virkedag;USD;Amerikanske dollar;NOK;Norske kroner;SP;Spot;4;false;0;Enheter;C;ECB concertation tidspunkt 14:15 CET;2023-03-01;10,3299
B;Virkedag;USD;Amerikanske dollar;NOK;Norske kroner;SP;Spot;4;false;0;Enheter;C;ECB concertation tidspunkt 14:15 CET;2023-03-02;10,4526
B;Virkedag;USD;Amerikanske dollar;NOK;Norske kroner;SP;Spot;4;false;0;Enheter;C;ECB concertation tidspunkt 14:15 CET;2023-03-03;10,4202
B;Virkedag;USD;Amerikanske dollar;NOK;Norske kroner;SP;Spot;4;false;0;Enheter;C;ECB concertation tidspunkt 14:15 CET;2023-03-06;10,4367
B;Virkedag;USD;Amerikanske dollar;NOK;Norske kroner;SP;Spot;4;false;0;Enheter;C;ECB concertation tidspunkt 14:15 CET;2023-03-07;10,4955
B;Virkedag;USD;Amerikanske dollar;NOK;Norske kroner;SP;Spot;4;false;0;Enheter;C;ECB concertation tidspunkt 14:15 CET;2023-03-08;10,6406
B;Virkedag;USD;Amerikanske dollar;NOK;Norske kroner;SP;Spot;4;false;0;Enheter;C;ECB concertation tidspunkt 14:15 CET;2023-03-09;10,6798
B;Virkedag;USD;Amerikanske dollar;NOK;Norske kroner;SP;Spot;4;false;0;Enheter;C;ECB concertation tidspunkt 14:15 CET;2023-03-10;10,665
B;Virkedag;USD;Amerikanske dollar;NOK;Norske kroner;SP;Spot;4;false;0;Enheter;C;ECB concertation tidspunkt 14:15 CET;2023-03-13;10,6382
B;Virkedag;USD;Amerikanske dollar;NOK;Norske kroner;SP;Spot;4;false;0;Enheter;C;ECB concertation tidspunkt 14:15 CET;2023-03-14;10,557
B;Virkedag;USD;Amerikanske dollar;NOK;Norske kroner;SP;Spot;4;false;0;Enheter;C;ECB concertation tidspunkt 14:15 CET;2023-03-15;10,7498
B;Virkedag;USD;Amerikanske dollar;NOK;Norske kroner;SP;Spot;4;false;0;Enheter;C;ECB concertation tidspunkt 14:15 CET;2023-03-16;10,8058
B;Virkedag;USD;Amerikanske dollar;NOK;Norske kroner;SP;Spot;4;false;0;Enheter;C;ECB concertation tidspunkt 14:15 CET;2023-03-17;10,752
B;Virkedag;USD;Amerikanske dollar;NOK;Norske kroner;SP;Spot;4;false;0;Enheter;C;ECB concertation tidspunkt 14:15 CET;2023-03-20;10,6569
B;Virkedag;USD;Amerikanske dollar;NOK;Norske kroner;SP;Spot;4;false;0;Enheter;C;ECB concertation tidspunkt 14:15 CET;2023-03-21;10,4979
B;Virkedag;USD;Amerikanske dollar;NOK;Norske kroner;SP;Spot;4;false;0;Enheter;C;ECB concertation tidspunkt 14:15 CET;2023-03-22;10,5072
B;Virkedag;USD;Amerikanske dollar;NOK;Norske kroner;SP;Spot;4;false;0;Enheter;C;ECB concertation tidspunkt 14:15 CET;2023-03-23;10,3723
B;Virkedag;USD;Amerikanske dollar;NOK;Norske kroner;SP;Spot;4;false;0;Enheter;C;ECB concertation tidspunkt 14:15 CET;2023-03-24;10,5226
B;Virkedag;USD;Amerikanske dollar;NOK;Norske kroner;SP;Spot;4;false;0;Enheter;C;ECB concertation tidspunkt 14:15 CET;2023-03-27;10,5245
B;Virkedag;USD;Amerikanske dollar;NOK;Norske kroner;SP;Spot;4;false;0;Enheter;C;ECB concertation tidspunkt 14:15 CET;2023-03-28;10,4455
B;Virkedag;USD;Amerikanske dollar;NOK;Norske kroner;SP;Spot;4;false;0;Enheter;C;ECB concertation tidspunkt 14:15 CET;2023-03-29;10,4181
B;Virkedag;USD;Amerikanske dollar;NOK;Norske kroner;SP;Spot;4;false;0;Enheter;C;ECB concertation tidspunkt 14:15 CET;2023-03-30;10,4327
B;Virkedag;USD;Amerikanske dollar;NOK;Norske kroner;SP;Spot;4;false;0;Enheter;C;ECB concertation tidspunkt 14:15 CET;2023-03-31;10,4772
B;Virkedag;USD;Amerikanske dollar;NOK;Norske kroner;SP;Spot;4;false;0;Enheter;C;ECB concertation tidspunkt 14:15 CET;2023-04-03;10,351
B;Virkedag;USD;Amerikanske dollar;NOK;Norske kroner;SP;Spot;4;false;0;Enheter;C;ECB concertation tidspunkt 14:15 CET;2023-04-04;10,3059
B;Virkedag;USD;Amerikanske dollar;NOK;Norske kroner;SP;Spot;4;false;0;Enheter;C;ECB concertation tidspunkt 14:15 CET;2023-04-05;10,4196
B;Virkedag;USD;Amerikanske dollar;NOK;Norske kroner;SP;Spot;4;false;0;Enheter;C;ECB concertation tidspunkt 14:15 CET;2023-04-11;10,5855
B;Virkedag;USD;Amerikanske dollar;NOK;Norske kroner;SP;Spot;4;false;0;Enheter;C;ECB concertation tidspunkt 14:15 CET;2023-04-12;10,5059
B;Virkedag;USD;Amerikanske dollar;NOK;Norske kroner;SP;Spot;4;false;0;Enheter;C;ECB concertation tidspunkt 14:15 CET;2023-04-13;10,4013
B;Virkedag;USD;Amerikanske dollar;NOK;Norske kroner;SP;Spot;4;false;0;Enheter;C;ECB concertation tidspunkt 14:15 CET;2023-04-14;10,312
B;Virkedag;USD;Amerikanske dollar;NOK;Norske kroner;SP;Spot;4;false;0;Enheter;C;ECB concertation tidspunkt 14:15 CET;2023-04-17;10,3488
B;Virkedag;USD;Amerikanske dollar;NOK;Norske kroner;SP;Spot;4;false;0;Enheter;C;ECB concertation tidspunkt 14:15 CET;2023-04-18;10,4516
B;Virkedag;USD;Amerikanske dollar;NOK;Norske kroner;SP;Spot;4;false;0;Enheter;C;ECB concertation tidspunkt 14:15 CET;2023-04-19;10,5493
B;Virkedag;USD;Amerikanske dollar;NOK;Norske kroner;SP;Spot;4;false;0;Enheter;C;ECB concertation tidspunkt 14:15 CET;2023-04-20;10,6031
B;Virkedag;USD;Amerikanske dollar;NOK;Norske kroner;SP;Spot;4;false;0;Enheter;C;ECB concertation tidspunkt 14:15 CET;2023-04-21;10,6126
B;Virkedag;USD;Amerikanske dollar;NOK;Norske kroner;SP;Spot;4;false;0;Enheter;C;ECB concertation tidspunkt 14:15 CET;2023-04-24;10,5863
B;Virkedag;USD;Amerikanske dollar;NOK;Norske kroner;SP;Spot;4;false;0;Enheter;C;ECB concertation tidspunkt 14:15 CET;2023-04-25;10,6106
B;Virkedag;USD;Amerikanske dollar;NOK;Norske kroner;SP;Spot;4;false;0;Enheter;C;ECB concertation tidspunkt 14:15 CET;2023-04-26;10,6187
B;Virkedag;USD;Amerikanske dollar;NOK;Norske kroner;SP;Spot;4;false;0;Enheter;C;ECB concertation tidspunkt 14:15 CET;2023-04-27;10,6086
B;Virkedag;USD;Amerikanske dollar;NOK;Norske kroner;SP;Spot;4;false;0;Enheter;C;ECB concertation tidspunkt 14:15 CET;2023-04-28;10,7376
B;Virkedag;USD;Amerikanske dollar;NOK;Norske kroner;SP;Spot;4;false;0;Enheter;C;ECB concertation tidspunkt 14:15 CET;2023-05-02;10,7269
B;Virkedag;USD;Amerikanske dollar;NOK;Norske kroner;SP;Spot;4;false;0;Enheter;C;ECB concertation tidspunkt 14:15 CET;2023-05-03;10,7634
B;Virkedag;USD;Amerikanske dollar;NOK;Norske kroner;SP;Spot;4;false;0;Enheter;C;ECB concertation tidspunkt 14:15 CET;2023-05-04;10,6811
B;Virkedag;USD;Amerikanske dollar;NOK;Norske kroner;SP;Spot;4;false;0;Enheter;C;ECB concertation tidspunkt 14:15 CET;2023-05-05;10,6133
B;Virkedag;USD;Amerikanske dollar;NOK;Norske kroner;SP;Spot;4;false;0;Enheter;C;ECB concertation tidspunkt 14:15 CET;2023-05-08;10,4653
B;Virkedag;USD;Amerikanske dollar;NOK;Norske kroner;SP;Spot;4;false;0;Enheter;C;ECB concertation tidspunkt 14:15 CET;2023-05-09;10,5621
B;Virkedag;USD;Amerikanske dollar;NOK;Norske kroner;SP;Spot;4;false;0;Enheter;C;ECB concertation tidspunkt 14:15 CET;2023-05-10;10,5466
B;Virkedag;USD;Amerikanske dollar;NOK;Norske kroner;SP;Spot;4;false;0;Enheter;C;ECB concertation tidspunkt 14:15 CET;2023-05-11;10,538
B;Virkedag;USD;Amerikanske dollar;NOK;Norske kroner;SP;Spot;4;false;0;Enheter;C;ECB concertation tidspunkt 14:15 CET;2023-05-12;10,6785
B;Virkedag;USD;Amerikanske dollar;NOK;Norske kroner;SP;Spot;4;false;0;Enheter;C;ECB concertation tidspunkt 14:15 CET;2023-05-15;10,6501
B;Virkedag;USD;Amerikanske dollar;NOK;Norske kroner;SP;Spot;4;false;0;Enheter;C;ECB concertation tidspunkt 14:15 CET;2023-05-16;10,6727
B;Virkedag;USD;Amerikanske dollar;NOK;Norske kroner;SP;Spot;4;false;0;Enheter;C;ECB concertation tidspunkt 14:15 CET;2023-05-19;10,8262
B;Virkedag;USD;Amerikanske dollar;NOK;Norske kroner;SP;Spot;4;false;0;Enheter;C;ECB concertation tidspunkt 14:15 CET;2023-05-22;10,882
B;Virkedag;USD;Amerikanske dollar;NOK;Norske kroner;SP;Spot;4;false;0;Enheter;C;ECB concertation tidspunkt 14:15 CET;2023-05-23;10,9398
B;Virkedag;USD;Amerikanske dollar;NOK;Norske kroner;SP;Spot;4;false;0;Enheter;C;ECB concertation tidspunkt 14:15 CET;2023-05-24;10,9573
B;Virkedag;USD;Amerikanske dollar;NOK;Norske kroner;SP;Spot;4;false;0;Enheter;C;ECB concertation tidspunkt 14:15 CET;2023-05-25;10,9637
B;Virkedag;USD;Amerikanske dollar;NOK;Norske kroner;SP;Spot;4;false;0;Enheter;C;ECB concertation tidspunkt 14:15 CET;2023-05-26;10,996
B;Virkedag;USD;Amerikanske dollar;NOK;Norske kroner;SP;Spot;4;false;0;Enheter;C;ECB concertation tidspunkt 14:15 CET;2023-05-30;11,0522
B;Virkedag;USD;Amerikanske dollar;NOK;Norske kroner;SP;Spot;4;false;0;Enheter;C;ECB concertation tidspunkt 14:15 CET;2023-05-31;11,237
B;Virkedag;USD;Amerikanske dollar;NOK;Norske kroner;SP;Spot;4;false;0;Enheter;C;ECB concertation tidspunkt 14:15 CET;2023-06-01;11,1872
B;Virkedag;USD;Amerikanske dollar;NOK;Norske kroner;SP;Spot;4;false;0;Enheter;C;ECB concertation tidspunkt 14:15 CET;2023-06-02;11,0053
B;Virkedag;USD;Amerikanske dollar;NOK;Norske kroner;SP;Spot;4;false;0;Enheter;C;ECB concertation tidspunkt 14:15 CET;2023-06-05;11,0641
B;Virkedag;USD;Amerikanske dollar;NOK;Norske kroner;SP;Spot;4;false;0;Enheter;C;ECB concertation tidspunkt 14:15 CET;2023-06-06;11,1181
B;Virkedag;USD;Amerikanske dollar;NOK;Norske kroner;SP;Spot;4;false;0;Enheter;C;ECB concertation tidspunkt 14:15 CET;2023-06-07;11,0082
B;Virkedag;USD;Amerikanske dollar;NOK;Norske kroner;SP;Spot;4;false;0;Enheter;C;ECB concertation tidspunkt 14:15 CET;2023-06-08;10,9509
B;Virkedag;USD;Amerikanske dollar;NOK;Norske kroner;SP;Spot;4;false;0;Enheter;C;ECB concertation tidspunkt 14:15 CET;2023-06-09;10,7718
B;Virkedag;USD;Amerikanske dollar;NOK;Norske kroner;SP;Spot;4;false;0;Enheter;C;ECB concertation tidspunkt 14:15 CET;2023-06-12;10,8072
B;Virkedag;USD;Amerikanske dollar;NOK;Norske kroner;SP;Spot;4;false;0;Enheter;C;ECB concertation tidspunkt 14:15 CET;2023-06-13;10,7695
B;Virkedag;USD;Amerikanske dollar;NOK;Norske kroner;SP;Spot;4;false;0;Enheter;C;ECB concertation tidspunkt 14:15 CET;2023-06-14;10,6171
B;Virkedag;USD;Amerikanske dollar;NOK;Norske kroner;SP;Spot;4;false;0;Enheter;C;ECB concertation tidspunkt 14:15 CET;2023-06-15;10,6318
B;Virkedag;USD;Amerikanske dollar;NOK;Norske kroner;SP;Spot;4;false;0;Enheter;C;ECB concertation tidspunkt 14:15 CET;2023-06-16;10,5025
B;Virkedag;USD;Amerikanske dollar;NOK;Norske kroner;SP;Spot;4;false;0;Enheter;C;ECB concertation tidspunkt 14:15 CET;2023-06-19;10,6514
B;Virkedag;USD;Amerikanske dollar;NOK;Norske kroner;SP;Spot;4;false;0;Enheter;C;ECB concertation tidspunkt 14:15 CET;2023-06-20;10,7157
B;Virkedag;USD;Amerikanske dollar;NOK;Norske kroner;SP;Spot;4;false;0;Enheter;C;ECB concertation tidspunkt 14:15 CET;2023-06-21;10,7544
B;Virkedag;USD;Amerikanske dollar;NOK;Norske kroner;SP;Spot;4;false;0;Enheter;C;ECB concertation tidspunkt 14:15 CET;2023-06-22;10,5589
B;Virkedag;USD;Amerikanske dollar;NOK;Norske kroner;SP;Spot;4;false;0;Enheter;C;ECB concertation tidspunkt 14:15 CET;2023-06-23;10,8935
B;Virkedag;USD;Amerikanske dollar;NOK;Norske kroner;SP;Spot;4;false;0;Enheter;C;ECB concertation tidspunkt 14:15 CET;2023-06-26;10,7236
B;Virkedag;USD;Amerikanske dollar;NOK;Norske kroner;SP;Spot;4;false;0;Enheter;C;ECB concertation tidspunkt 14:15 CET;2023-06-27;10,7354
B;Virkedag;USD;Amerikanske dollar;NOK;Norske kroner;SP;Spot;4;false;0;Enheter;C;ECB concertation tidspunkt 14:15 CET;2023-06-28;10,8242
B;Virkedag;USD;Amerikanske dollar;NOK;Norske kroner;SP;Spot;4;false;0;Enheter;C;ECB concertation tidspunkt 14:15 CET;2023-06-29;10,7556
B;Virkedag;USD;Amerikanske dollar;NOK;Norske kroner;SP;Spot;4;false;0;Enheter;C;ECB concertation tidspunkt 14:15 CET;2023-06-30;10,7712
B;Virkedag;USD;Amerikanske dollar;NOK;Norske kroner;SP;Spot;4;false;0;Enheter;C;ECB concertation tidspunkt 14:15 CET;2023-07-03;10,7299
B;Virkedag;USD;Amerikanske dollar;NOK;Norske kroner;SP;Spot;4;false;0;Enheter;C;ECB concertation tidspunkt 14:15 CET;2023-07-04;10,6432
B;Virkedag;USD;Amerikanske dollar;NOK;Norske kroner;SP;Spot;4;false;0;Enheter;C;ECB concertation tidspunkt 14:15 CET;2023-07-05;10,7046
B;Virkedag;USD;Amerikanske dollar;NOK;Norske kroner;SP;Spot;4;false;0;Enheter;C;ECB concertation tidspunkt 14:15 CET;2023-07-06;10,6771
B;Virkedag;USD;Amerikanske dollar;NOK;Norske kroner;SP;Spot;4;false;0;Enheter;C;ECB concertation tidspunkt 14:15 CET;2023-07-07;10,7536
B;Virkedag;USD;Amerikanske dollar;NOK;Norske kroner;SP;Spot;4;false;0;Enheter;C;ECB concertation tidspunkt 14:15 CET;2023-07-10;10,5545
B;Virkedag;USD;Amerikanske dollar;NOK;Norske kroner;SP;Spot;4;false;0;Enheter;C;ECB concertation tidspunkt 14:15 CET;2023-07-11;10,4213
B;Virkedag;USD;Amerikanske dollar;NOK;Norske kroner;SP;Spot;4;false;0;Enheter;C;ECB concertation tidspunkt 14:15 CET;2023-07-12;10,2803
B;Virkedag;USD;Amerikanske dollar;NOK;Norske kroner;SP;Spot;4;false;0;Enheter;C;ECB concertation tidspunkt 14:15 CET;2023-07-13;10,059
B;Virkedag;USD;Amerikanske dollar;NOK;Norske kroner;SP;Spot;4;false;0;Enheter;C;ECB concertation tidspunkt 14:15 CET;2023-07-14;9,9906
B;Virkedag;USD;Amerikanske dollar;NOK;Norske kroner;SP;Spot;4;false;0;Enheter;C;ECB concertation tidspunkt 14:15 CET;2023-07-17;10,0107
B;Virkedag;USD;Amerikanske dollar;NOK;Norske kroner;SP;Spot;4;false;0;Enheter;C;ECB concertation tidspunkt 14:15 CET;2023-07-18;10,0751
B;Virkedag;USD;Amerikanske dollar;NOK;Norske kroner;SP;Spot;4;false;0;Enheter;C;ECB concertation tidspunkt 14:15 CET;2023-07-19;10,0392
B;Virkedag;USD;Amerikanske dollar;NOK;Norske kroner;SP;Spot;4;false;0;Enheter;C;ECB concertation tidspunkt 14:15 CET;2023-07-20;9,9629
B;Virkedag;USD;Amerikanske dollar;NOK;Norske kroner;SP;Spot;4;false;0;Enheter;C;ECB concertation tidspunkt 14:15 CET;2023-07-21;10,049
B;Virkedag;USD;Amerikanske dollar;NOK;Norske kroner;SP;Spot;4;false;0;Enheter;C;ECB concertation tidspunkt 14:15 CET;2023-07-24;10,087
B;Virkedag;USD;Amerikanske dollar;NOK;Norske kroner;SP;Spot;4;false;0;Enheter;C;ECB concertation tidspunkt 14:15 CET;2023-07-25;10,0991
B;Virkedag;USD;Amerikanske dollar;NOK;Norske kroner;SP;Spot;4;false;0;Enheter;C;ECB concertation tidspunkt 14:15 CET;2023-07-26;10,1275
B;Virkedag;USD;Amerikanske dollar;NOK;Norske kroner;SP;Spot;4;false;0;Enheter;C;ECB concertation tidspunkt 14:15 CET;2023-07-27;10,0022
B;Virkedag;USD;Amerikanske dollar;NOK;Norske kroner;SP;Spot;4;false;0;Enheter;C;ECB concertation tidspunkt 14:15 CET;2023-07-28;10,1435
B;Virkedag;USD;Amerikanske dollar;NOK;Norske kroner;SP;Spot;4;false;0;Enheter;C;ECB concertation tidspunkt 14:15 CET;2023-07-31;10,1429
B;Virkedag;USD;Amerikanske dollar;NOK;Norske kroner;SP;Spot;4;false;0;Enheter;C;ECB concertation tidspunkt 14:15 CET;2023-08-01;10,2197
B;Virkedag;USD;Amerikanske dollar;NOK;Norske kroner;SP;Spot;4;false;0;Enheter;C;ECB concertation tidspunkt 14:15 CET;2023-08-02;10,1607
B;Virkedag;USD;Amerikanske dollar;NOK;Norske kroner;SP;Spot;4;false;0;Enheter;C;ECB concertation tidspunkt 14:15 CET;2023-08-03;10,3151
B;Virkedag;USD;Amerikanske dollar;NOK;Norske kroner;SP;Spot;4;false;0;Enheter;C;ECB concertation tidspunkt 14:15 CET;2023-08-04;10,2191
B;Virkedag;USD;Amerikanske dollar;NOK;Norske kroner;SP;Spot;4;false;0;Enheter;C;ECB concertation tidspunkt 14:15 CET;2023-08-07;10,1498
B;Virkedag;USD;Amerikanske dollar;NOK;Norske kroner;SP;Spot;4;false;0;Enheter;C;ECB concertation tidspunkt 14:15 CET;2023-08-08;10,3207
B;Virkedag;USD;Amerikanske dollar;NOK;Norske kroner;SP;Spot;4;false;0;Enheter;C;ECB concertation tidspunkt 14:15 CET;2023-08-09;10,2173
B;Virkedag;USD;Amerikanske dollar;NOK;Norske kroner;SP;Spot;4;false;0;Enheter;C;ECB concertation tidspunkt 14:15 CET;2023-08-10;10,1447
B;Virkedag;USD;Amerikanske dollar;NOK;Norske kroner;SP;Spot;4;false;0;Enheter;C;ECB concertation tidspunkt 14:15 CET;2023-08-11;10,3803
B;Virkedag;USD;Amerikanske dollar;NOK;Norske kroner;SP;Spot;4;false;0;Enheter;C;ECB concertation tidspunkt 14:15 CET;2023-08-14;10,4611
B;Virkedag;USD;Amerikanske dollar;NOK;Norske kroner;SP;Spot;4;false;0;Enheter;C;ECB concertation tidspunkt 14:15 CET;2023-08-15;10,4984
B;Virkedag;USD;Amerikanske dollar;NOK;Norske kroner;SP;Spot;4;false;0;Enheter;C;ECB concertation tidspunkt 14:15 CET;2023-08-16;10,4919
B;Virkedag;USD;Amerikanske dollar;NOK;Norske kroner;SP;Spot;4;false;0;Enheter;C;ECB concertation tidspunkt 14:15 CET;2023-08-17;10,5491
B;Virkedag;USD;Amerikanske dollar;NOK;Norske kroner;SP;Spot;4;false;0;Enheter;C;ECB concertation tidspunkt 14:15 CET;2023-08-18;10,6561
B;Virkedag;USD;Amerikanske dollar;NOK;Norske kroner;SP;Spot;4;false;0;Enheter;C;ECB concertation tidspunkt 14:15 CET;2023-08-21;10,5615
B;Virkedag;USD;Amerikanske dollar;NOK;Norske kroner;SP;Spot;4;false;0;Enheter;C;ECB concertation tidspunkt 14:15 CET;2023-08-22;10,581
B;Virkedag;USD;Amerikanske dollar;NOK;Norske kroner;SP;Spot;4;false;0;Enheter;C;ECB concertation tidspunkt 14:15 CET;2023-08-23;10,7108
B;Virkedag;USD;Amerikanske dollar;NOK;Norske kroner;SP;Spot;4;false;0;Enheter;C;ECB concertation tidspunkt 14:15 CET;2023-08-24;10,6804
B;Virkedag;USD;Amerikanske dollar;NOK;Norske kroner;SP;Spot;4;false;0;Enheter;C;ECB concertation tidspunkt 14:15 CET;2023-08-25;10,6569
B;Virkedag;USD;Amerikanske dollar;NOK;Norske kroner;SP;Spot;4;false;0;Enheter;C;ECB concertation tidspunkt 14:15 CET;2023-08-28;10,7055
B;Virkedag;USD;Amerikanske dollar;NOK;Norske kroner;SP;Spot;4;false;0;Enheter;C;ECB concertation tidspunkt 14:15 CET;2023-08-29;10,7049
B;Virkedag;USD;Amerikanske dollar;NOK;Norske kroner;SP;Spot;4;false;0;Enheter;C;ECB concertation tidspunkt 14:15 CET;2023-08-30;10,6063
B;Virkedag;USD;Amerikanske dollar;NOK;Norske kroner;SP;Spot;4;false;0;Enheter;C;ECB concertation tidspunkt 14:15 CET;2023-08-31;10,6551
B;Virkedag;USD;Amerikanske dollar;NOK;Norske kroner;SP;Spot;4;false;0;Enheter;C;ECB concertation tidspunkt 14:15 CET;2023-09-01;10,592
B;Virkedag;USD;Amerikanske dollar;NOK;Norske kroner;SP;Spot;4;false;0;Enheter;C;ECB concertation tidspunkt 14:15 CET;2023-09-04;10,6476
B;Virkedag;USD;Amerikanske dollar;NOK;Norske kroner;SP;Spot;4;false;0;Enheter;C;ECB concertation tidspunkt 14:15 CET;2023-09-05;10,7572
B;Virkedag;USD;Amerikanske dollar;NOK;Norske kroner;SP;Spot;4;false;0;Enheter;C;ECB concertation tidspunkt 14:15 CET;2023-09-06;10,6952
B;Virkedag;USD;Amerikanske dollar;NOK;Norske kroner;SP;Spot;4;false;0;Enheter;C;ECB concertation tidspunkt 14:15 CET;2023-09-07;10,7194
B;Virkedag;USD;Amerikanske dollar;NOK;Norske kroner;SP;Spot;4;false;0;Enheter;C;ECB concertation tidspunkt 14:15 CET;2023-09-08;10,6708
B;Virkedag;USD;Amerikanske dollar;NOK;Norske kroner;SP;Spot;4;false;0;Enheter;C;ECB concertation tidspunkt 14:15 CET;2023-09-11;10,6527
B;Virkedag;USD;Amerikanske dollar;NOK;Norske kroner;SP;Spot;4;false;0;Enheter;C;ECB concertation tidspunkt 14:15 CET;2023-09-12;10,6917
B;Virkedag;USD;Amerikanske dollar;NOK;Norske kroner;SP;Spot;4;false;0;Enheter;C;ECB concertation tidspunkt 14:15 CET;2023-09-13;10,6941
B;Virkedag;USD;Amerikanske dollar;NOK;Norske kroner;SP;Spot;4;false;0;Enheter;C;ECB concertation tidspunkt 14:15 CET;2023-09-14;10,7212
B;Virkedag;USD;Amerikanske dollar;NOK;Norske kroner;SP;Spot;4;false;0;Enheter;C;ECB concertation tidspunkt 14:15 CET;2023-09-15;10,7168
B;Virkedag;USD;Amerikanske dollar;NOK;Norske kroner;SP;Spot;4;false;0;Enheter;C;ECB concertation tidspunkt 14:15 CET;2023-09-18;10,8495
B;Virkedag;USD;Amerikanske dollar;NOK;Norske kroner;SP;Spot;4;false;0;Enheter;C;ECB concertation tidspunkt 14:15 CET;2023-09-19;10,7258
B;Virkedag;USD;Amerikanske dollar;NOK;Norske kroner;SP;Spot;4;false;0;Enheter;C;ECB concertation tidspunkt 14:15 CET;2023-09-20;10,7288
B;Virkedag;USD;Amerikanske dollar;NOK;Norske kroner;SP;Spot;4;false;0;Enheter;C;ECB concertation tidspunkt 14:15 CET;2023-09-21;10,8387
B;Virkedag;USD;Amerikanske dollar;NOK;Norske kroner;SP;Spot;4;false;0;Enheter;C;ECB concertation tidspunkt 14:15 CET;2023-09-22;10,7326
B;Virkedag;USD;Amerikanske dollar;NOK;Norske kroner;SP;Spot;4;false;0;Enheter;C;ECB concertation tidspunkt 14:15 CET;2023-09-25;10,7496
B;Virkedag;USD;Amerikanske dollar;NOK;Norske kroner;SP;Spot;4;false;0;Enheter;C;ECB concertation tidspunkt 14:15 CET;2023-09-26;10,7874
B;Virkedag;USD;Amerikanske dollar;NOK;Norske kroner;SP;Spot;4;false;0;Enheter;C;ECB concertation tidspunkt 14:15 CET;2023-09-27;10,783
B;Virkedag;USD;Amerikanske dollar;NOK;Norske kroner;SP;Spot;4;false;0;Enheter;C;ECB concertation tidspunkt 14:15 CET;2023-09-28;10,7373
B;Virkedag;USD;Amerikanske dollar;NOK;Norske kroner;SP;Spot;4;false;0;Enheter;C;ECB concertation tidspunkt 14:15 CET;2023-09-29;10,6225
B;Virkedag;USD;Amerikanske dollar;NOK;Norske kroner;SP;Spot;4;false;0;Enheter;C;ECB concertation tidspunkt 14:15 CET;2023-10-02;10,7526
B;Virkedag;USD;Amerikanske dollar;NOK;Norske kroner;SP;Spot;4;false;0;Enheter;C;ECB concertation tidspunkt 14:15 CET;2023-10-03;10,9139
B;Virkedag;USD;Amerikanske dollar;NOK;Norske kroner;SP;Spot;4;false;0;Enheter;C;ECB concertation tidspunkt 14:15 CET;2023-10-04;10,9684
B;Virkedag;USD;Amerikanske dollar;NOK;Norske kroner;SP;Spot;4;false;0;Enheter;C;ECB concertation tidspunkt 14:15 CET;2023-10-05;10,9921
B;Virkedag;USD;Amerikanske dollar;NOK;Norske kroner;SP;Spot;4;false;0;Enheter;C;ECB concertation tidspunkt 14:15 CET;2023-10-06;10,9902
B;Virkedag;USD;Amerikanske dollar;NOK;Norske kroner;SP;Spot;4;false;0;Enheter;C;ECB concertation tidspunkt 14:15 CET;2023-10-09;10,9038
B;Virkedag;USD;Amerikanske dollar;NOK;Norske kroner;SP;Spot;4;false;0;Enheter;C;ECB concertation tidspunkt 14:15 CET;2023-10-10;10,8642
B;Virkedag;USD;Amerikanske dollar;NOK;Norske kroner;SP;Spot;4;false;0;Enheter;C;ECB concertation tidspunkt 14:15 CET;2023-10-11;10,8405
B;Virkedag;USD;Amerikanske dollar;NOK;Norske kroner;SP;Spot;4;false;0;Enheter;C;ECB concertation tidspunkt 14:15 CET;2023-10-12;10,8452
B;Virkedag;USD;Amerikanske dollar;NOK;Norske kroner;SP;Spot;4;false;0;Enheter;C;ECB concertation tidspunkt 14:15 CET;2023-10-13;10,9426
B;Virkedag;USD;Amerikanske dollar;NOK;Norske kroner;SP;Spot;4;false;0;Enheter;C;ECB concertation tidspunkt 14:15 CET;2023-10-16;10,929
B;Virkedag;USD;Amerikanske dollar;NOK;Norske kroner;SP;Spot;4;false;0;Enheter;C;ECB concertation tidspunkt 14:15 CET;2023-10-17;10,9528
B;Virkedag;USD;Amerikanske dollar;NOK;Norske kroner;SP;Spot;4;false;0;Enheter;C;ECB concertation tidspunkt 14:15 CET;2023-10-18;10,9749
B;Virkedag;USD;Amerikanske dollar;NOK;Norske kroner;SP;Spot;4;false;0;Enheter;C;ECB concertation tidspunkt 14:15 CET;2023-10-19;11,0791
B;Virkedag;USD;Amerikanske dollar;NOK;Norske kroner;SP;Spot;4;false;0;Enheter;C;ECB concertation tidspunkt 14:15 CET;2023-10-20;11,029
B;Virkedag;USD;Amerikanske dollar;NOK;Norske kroner;SP;Spot;4;false;0;Enheter;C;ECB concertation tidspunkt 14:15 CET;2023-10-23;11,1338
B;Virkedag;USD;Amerikanske dollar;NOK;Norske kroner;SP;Spot;4;false;0;Enheter;C;ECB concertation tidspunkt 14:15 CET;2023-10-24;11,1226
B;Virkedag;USD;Amerikanske dollar;NOK;Norske kroner;SP;Spot;4;false;0;Enheter;C;ECB concertation tidspunkt 14:15 CET;2023-10-25;11,1933
B;Virkedag;USD;Amerikanske dollar;NOK;Norske kroner;SP;Spot;4;false;0;Enheter;C;ECB concertation tidspunkt 14:15 CET;2023-10-26;11,2476
B;Virkedag;USD;Amerikanske dollar;NOK;Norske kroner;SP;Spot;4;false;0;Enheter;C;ECB concertation tidspunkt 14:15 CET;2023-10-27;11,2214
B;Virkedag;USD;Amerikanske dollar;NOK;Norske kroner;SP;Spot;4;false;0;Enheter;C;ECB concertation tidspunkt 14:15 CET;2023-10-30;11,1179
B;Virkedag;USD;Amerikanske dollar;NOK;Norske kroner;SP;Spot;4;false;0;Enheter;C;ECB concertation tidspunkt 14:15 CET;2023-10-31;11,1814
B;Virkedag;USD;Amerikanske dollar;NOK;Norske kroner;SP;Spot;4;false;0;Enheter;C;ECB concertation tidspunkt 14:15 CET;2023-11-01;11,1948
B;Virkedag;USD;Amerikanske dollar;NOK;Norske kroner;SP;Spot;4;false;0;Enheter;C;ECB concertation tidspunkt 14:15 CET;2023-11-02;11,1381
B;Virkedag;USD;Amerikanske dollar;NOK;Norske kroner;SP;Spot;4;false;0;Enheter;C;ECB concertation tidspunkt 14:15 CET;2023-11-03;11,076
B;Virkedag;USD;Amerikanske dollar;NOK;Norske kroner;SP;Spot;4;false;0;Enheter;C;ECB concertation tidspunkt 14:15 CET;2023-11-06;11,0078
B;Virkedag;USD;Amerikanske dollar;NOK;Norske kroner;SP;Spot;4;false;0;Enheter;C;ECB concertation tidspunkt 14:15 CET;2023-11-07;11,1567
B;Virkedag;USD;Amerikanske dollar;NOK;Norske kroner;SP;Spot;4;false;0;Enheter;C;ECB concertation tidspunkt 14:15 CET;2023-11-08;11,1803
B;Virkedag;USD;Amerikanske dollar;NOK;Norske kroner;SP;Spot;4;false;0;Enheter;C;ECB concertation tidspunkt 14:15 CET;2023-11-09;11,1622
B;Virkedag;USD;Amerikanske dollar;NOK;Norske kroner;SP;Spot;4;false;0;Enheter;C;ECB concertation tidspunkt 14:15 CET;2023-11-10;11,1135
B;Virkedag;USD;Amerikanske dollar;NOK;Norske kroner;SP;Spot;4;false;0;Enheter;C;ECB concertation tidspunkt 14:15 CET;2023-11-13;11,1312
B;Virkedag;USD;Amerikanske dollar;NOK;Norske kroner;SP;Spot;4;false;0;Enheter;C;ECB concertation tidspunkt 14:15 CET;2023-11-14;11,1386
B;Virkedag;USD;Amerikanske dollar;NOK;Norske kroner;SP;Spot;4;false;0;Enheter;C;ECB concertation tidspunkt 14:15 CET;2023-11-15;10,8079
B;Virkedag;USD;Amerikanske dollar;NOK;Norske kroner;SP;Spot;4;false;0;Enheter;C;ECB concertation tidspunkt 14:15 CET;2023-11-16;10,8466
B;Virkedag;USD;Amerikanske dollar;NOK;Norske kroner;SP;Spot;4;false;0;Enheter;C;ECB concertation tidspunkt 14:15 CET;2023-11-17;10,8637
B;Virkedag;USD;Amerikanske dollar;NOK;Norske kroner;SP;Spot;4;false;0;Enheter;C;ECB concertation tidspunkt 14:15 CET;2023-11-20;10,7247
B;Virkedag;USD;Amerikanske dollar;NOK;Norske kroner;SP;Spot;4;false;0;Enheter;C;ECB concertation tidspunkt 14:15 CET;2023-11-21;10,6527
B;Virkedag;USD;Amerikanske dollar;NOK;Norske kroner;SP;Spot;4;false;0;Enheter;C;ECB concertation tidspunkt 14:15 CET;2023-11-22;10,725
B;Virkedag;USD;Amerikanske dollar;NOK;Norske kroner;SP;Spot;4;false;0;Enheter;C;ECB concertation tidspunkt 14:15 CET;2023-11-23;10,744
B;Virkedag;USD;Amerikanske dollar;NOK;Norske kroner;SP;Spot;4;false;0;Enheter;C;ECB concertation tidspunkt 14:15 CET;2023-11-24;10,7498
B;Virkedag;USD;Amerikanske dollar;NOK;Norske kroner;SP;Spot;4;false;0;Enheter;C;ECB concertation tidspunkt 14:15 CET;2023-11-27;10,6693
B;Virkedag;USD;Amerikanske dollar;NOK;Norske kroner;SP;Spot;4;false;0;Enheter;C;ECB concertation tidspunkt 14:15 CET;2023-11-28;10,701
B;Virkedag;USD;Amerikanske dollar;NOK;Norske kroner;SP;Spot;4;false;0;Enheter;C;ECB concertation tidspunkt 14:15 CET;2023-11-29;10,6477
B;Virkedag;USD;Amerikanske dollar;NOK;Norske kroner;SP;Spot;4;false;0;Enheter;C;ECB concertation tidspunkt 14:15 CET;2023-11-30;10,7218
B;Virkedag;USD;Amerikanske dollar;NOK;Norske kroner;SP;Spot;4;false;0;Enheter;C;ECB concertation tidspunkt 14:15 CET;2023-12-01;10,7568
B;Virkedag;USD;Amerikanske dollar;NOK;Norske kroner;SP;Spot;4;false;0;Enheter;C;ECB concertation tidspunkt 14:15 CET;2023-12-04;10,7453
B;Virkedag;USD;Amerikanske dollar;NOK;Norske kroner;SP;Spot;4;false;0;Enheter;C;ECB concertation tidspunkt 14:15 CET;2023-12-05;10,8963
B;Virkedag;USD;Amerikanske dollar;NOK;Norske kroner;SP;Spot;4;false;0;Enheter;C;ECB concertation tidspunkt 14:15 CET;2023-12-06;10,9445
B;Virkedag;USD;Amerikanske dollar;NOK;Norske kroner;SP;Spot;4;false;0;Enheter;C;ECB concertation tidspunkt 14:15 CET;2023-12-07;10,9122
B;Virkedag;USD;Amerikanske dollar;NOK;Norske kroner;SP;Spot;4;false;0;Enheter;C;ECB concertation tidspunkt 14:15 CET;2023-12-08;10,8815
B;Virkedag;USD;Amerikanske dollar;NOK;Norske kroner;SP;Spot;4;false;0;Enheter;C;ECB concertation tidspunkt 14:15 CET;2023-12-11;10,965
B;Virkedag;USD;Amerikanske dollar;NOK;Norske kroner;SP;Spot;4;false;0;Enheter;C;ECB concertation tidspunkt 14:15 CET;2023-12-12;10,9015
B;Virkedag;USD;Amerikanske dollar;NOK;Norske kroner;SP;Spot;4;false;0;Enheter;C;ECB concertation tidspunkt 14:15 CET;2023-12-13;10,9623
B;Virkedag;USD;Amerikanske dollar;NOK;Norske kroner;SP;Spot;4;false;0;Enheter;C;ECB concertation tidspunkt 14:15 CET;2023-12-14;10,5486
B;Virkedag;USD;Amerikanske dollar;NOK;Norske kroner;SP;Spot;4;false;0;Enheter;C;ECB concertation tidspunkt 14:15 CET;2023-12-15;10,46
B;Virkedag;USD;Amerikanske dollar;NOK;Norske kroner;SP;Spot;4;false;0;Enheter;C;ECB concertation tidspunkt 14:15 CET;2023-12-18;10,3943
B;Virkedag;USD;Amerikanske dollar;NOK;Norske kroner;SP;Spot;4;false;0;Enheter;C;ECB concertation tidspunkt 14:15 CET;2023-12-19;10,3681
B;Virkedag;USD;Amerikanske dollar;NOK;Norske kroner;SP;Spot;4;false;0;Enheter;C;ECB concertation tidspunkt 14:15 CET;2023-12-20;10,3157
B;Virkedag;USD;Amerikanske dollar;NOK;Norske kroner;SP;Spot;4;false;0;Enheter;C;ECB concertation tidspunkt 14:15 CET;2023-12-21;10,3023
B;Virkedag;USD;Amerikanske dollar;NOK;Norske kroner;SP;Spot;4;false;0;Enheter;C;ECB concertation tidspunkt 14:15 CET;2023-12-22;10,2245
B;Virkedag;USD;Amerikanske dollar;NOK;Norske kroner;SP;Spot;4;false;0;Enheter;C;ECB concertation tidspunkt 14:15 CET;2023-12-27;10,1541
B;Virkedag;USD;Amerikanske dollar;NOK;Norske kroner;SP;Spot;4;false;0;Enheter;C;ECB concertation tidspunkt 14:15 CET;2023-12-28;10,1336
B;Virkedag;USD;Amerikanske dollar;NOK;Norske kroner;SP;Spot;4;false;0;Enheter;C;ECB concertation tidspunkt 14:15 CET;2023-12-29;10,1724
B;Virkedag;USD;Amerikanske dollar;NOK;Norske kroner;SP;Spot;4;false;0;Enheter;C;ECB concertation tidspunkt 14:15 CET;2024-01-02;10,2971
B;Virkedag;USD;Amerikanske dollar;NOK;Norske kroner;SP;Spot;4;false;0;Enheter;C;ECB concertation tidspunkt 14:15 CET;2024-01-03;10,3672
B;Virkedag;USD;Amerikanske dollar;NOK;Norske kroner;SP;Spot;4;false;0;Enheter;C;ECB concertation tidspunkt 14:15 CET;2024-01-04;10,3027
B;Virkedag;USD;Amerikanske dollar;NOK;Norske kroner;SP;Spot;4;false;0;Enheter;C;ECB concertation tidspunkt 14:15 CET;2024-01-05;10,3553
B;Virkedag;USD;Amerikanske dollar;NOK;Norske kroner;SP;Spot;4;false;0;Enheter;C;ECB concertation tidspunkt 14:15 CET;2024-01-08;10,38
B;Virkedag;USD;Amerikanske dollar;NOK;Norske kroner;SP;Spot;4;false;0;Enheter;C;ECB concertation tidspunkt 14:15 CET;2024-01-09;10,3364
B;Virkedag;USD;Amerikanske dollar;NOK;Norske kroner;SP;Spot;4;false;0;Enheter;C;ECB concertation tidspunkt 14:15 CET;2024-01-10;10,3156
B;Virkedag;USD;Amerikanske dollar;NOK;Norske kroner;SP;Spot;4;false;0;Enheter;C;ECB concertation tidspunkt 14:15 CET;2024-01-11;10,3106
B;Virkedag;USD;Amerikanske dollar;NOK;Norske kroner;SP;Spot;4;false;0;Enheter;C;ECB concertation tidspunkt 14:15 CET;2024-01-12;10,3057
B;Virkedag;USD;Amerikanske dollar;NOK;Norske kroner;SP;Spot;4;false;0;Enheter;C;ECB concertation tidspunkt 14:15 CET;2024-01-15;10,3371
B;Virkedag;USD;Amerikanske dollar;NOK;Norske kroner;SP;Spot;4;false;0;Enheter;C;ECB concertation tidspunkt 14:15 CET;2024-01-16;10,4149
B;Virkedag;USD;Amerikanske dollar;NOK;Norske kroner;SP;Spot;4;false;0;Enheter;C;ECB concertation tidspunkt 14:15 CET;2024-01-17;10,5116
B;Virkedag;USD;Amerikanske dollar;NOK;Norske kroner;SP;Spot;4;false;0;Enheter;C;ECB concertation tidspunkt 14:15 CET;2024-01-18;10,5251
B;Virkedag;USD;Amerikanske dollar;NOK;Norske kroner;SP;Spot;4;false;0;Enheter;C;ECB concertation tidspunkt 14:15 CET;2024-01-19;10,4804
B;Virkedag;USD;Amerikanske dollar;NOK;Norske kroner;SP;Spot;4;false;0;Enheter;C;ECB concertation tidspunkt 14:15 CET;2024-01-22;10,506
B;Virkedag;USD;Amerikanske dollar;NOK;Norske kroner;SP;Spot;4;false;0;Enheter;C;ECB concertation tidspunkt 14:15 CET;2024-01-23;10,5131
B;Virkedag;USD;Amerikanske dollar;NOK;Norske kroner;SP;Spot;4;false;0;Enheter;C;ECB concertation tidspunkt 14:15 CET;2024-01-24;10,4681
B;Virkedag;USD;Amerikanske dollar;NOK;Norske kroner;SP;Spot;4;false;0;Enheter;C;ECB concertation tidspunkt 14:15 CET;2024-01-25;10,4567
B;Virkedag;USD;Amerikanske dollar;NOK;Norske kroner;SP;Spot;4;false;0;Enheter;C;ECB concertation tidspunkt 14:15 CET;2024-01-26;10,4245
B;Virkedag;USD;Amerikanske dollar;NOK;Norske kroner;SP;Spot;4;false;0;Enheter;C;ECB concertation tidspunkt 14:15 CET;2024-01-29;10,4453
B;Virkedag;USD;Amerikanske dollar;NOK;Norske kroner;SP;Spot;4;false;0;Enheter;C;ECB concertation tidspunkt 14:15 CET;2024-01-30;10,4539
B;Virkedag;USD;Amerikanske dollar;NOK;Norske kroner;SP;Spot;4;false;0;Enheter;C;ECB concertation tidspunkt 14:15 CET;2024-01-31;10,4743
B;Virkedag;USD;Amerikanske dollar;NOK;Norske kroner;SP;Spot;4;false;0;Enheter;C;ECB concertation tidspunkt 14:15 CET;2024-02-01;10,5109
B;Virkedag;USD;Amerikanske dollar;NOK;Norske kroner;SP;Spot;4;false;0;Enheter;C;ECB concertation tidspunkt 14:15 CET;2024-02-02;10,4631
B;Virkedag;USD;Amerikanske dollar;NOK;Norske kroner;SP;Spot;4;false;0;Enheter;C;ECB concertation tidspunkt 14:15 CET;2024-02-05;10,6691
B;Virkedag;USD;Amerikanske dollar;NOK;Norske kroner;SP;Spot;4;false;0;Enheter;C;ECB concertation tidspunkt 14:15 CET;2024-02-06;10,6655
B;Virkedag;USD;Amerikanske dollar;NOK;Norske kroner;SP;Spot;4;false;0;Enheter;C;ECB concertation tidspunkt 14:15 CET;2024-02-07;10,5568
B;Virkedag;USD;Amerikanske dollar;NOK;Norske kroner;SP;Spot;4;false;0;Enheter;C;ECB concertation tidspunkt 14:15 CET;2024-02-08;10,6079
B;Virkedag;USD;Amerikanske dollar;NOK;Norske kroner;SP;Spot;4;false;0;Enheter;C;ECB concertation tidspunkt 14:15 CET;2024-02-09;10,5821
B;Virkedag;USD;Amerikanske dollar;NOK;Norske kroner;SP;Spot;4;false;0;Enheter;C;ECB concertation tidspunkt 14:15 CET;2024-02-12;10,5078
B;Virkedag;USD;Amerikanske dollar;NOK;Norske kroner;SP;Spot;4;false;0;Enheter;C;ECB concertation tidspunkt 14:15 CET;2024-02-13;10,4716
B;Virkedag;USD;Amerikanske dollar;NOK;Norske kroner;SP;Spot;4;false;0;Enheter;C;ECB concertation tidspunkt 14:15 CET;2024-02-14;10,5829
B;Virkedag;USD;Amerikanske dollar;NOK;Norske kroner;SP;Spot;4;false;0;Enheter;C;ECB concertation tidspunkt 14:15 CET;2024-02-15;10,5753
B;Virkedag;USD;Amerikanske dollar;NOK;Norske kroner;SP;Spot;4;false;0;Enheter;C;ECB concertation tidspunkt 14:15 CET;2024-02-16;10,5456
B;Virkedag;USD;Amerikanske dollar;NOK;Norske kroner;SP;Spot;4;false;0;Enheter;C;ECB concertation tidspunkt 14:15 CET;2024-02-19;10,4904
B;Virkedag;USD;Amerikanske dollar;NOK;Norske kroner;SP;Spot;4;false;0;Enheter;C;ECB concertation tidspunkt 14:15 CET;2024-02-20;10,4865
B;Virkedag;USD;Amerikanske dollar;NOK;Norske kroner;SP;Spot;4;false;0;Enheter;C;ECB concertation tidspunkt 14:15 CET;2024-02-21;10,4862
B;Virkedag;USD;Amerikanske dollar;NOK;Norske kroner;SP;Spot;4;false;0;Enheter;C;ECB concertation tidspunkt 14:15 CET;2024-02-22;10,4722
B;Virkedag;USD;Amerikanske dollar;NOK;Norske kroner;SP;Spot;4;false;0;Enheter;C;ECB concertation tidspunkt 14:15 CET;2024-02-23;10,5123
B;Virkedag;USD;Amerikanske dollar;NOK;Norske kroner;SP;Spot;4;false;0;Enheter;C;ECB concertation tidspunkt 14:15 CET;2024-02-26;10,5312
B;Virkedag;USD;Amerikanske dollar;NOK;Norske kroner;SP;Spot;4;false;0;Enheter;C;ECB concertation tidspunkt 14:15 CET;2024-02-27;10,5297
B;Virkedag;USD;Amerikanske dollar;NOK;Norske kroner;SP;Spot;4;false;0;Enheter;C;ECB concertation tidspunkt 14:15 CET;2024-02-28;10,6102
B;Virkedag;USD;Amerikanske dollar;NOK;Norske kroner;SP;Spot;4;false;0;Enheter;C;ECB concertation tidspunkt 14:15 CET;2024-02-29;10,6152
B;Virkedag;USD;Amerikanske dollar;NOK;Norske kroner;SP;Spot;4;false;0;Enheter;C;ECB concertation tidspunkt 14:15 CET;2024-03-01;10,5826
B;Virkedag;USD;Amerikanske dollar;NOK;Norske kroner;SP;Spot;4;false;0;Enheter;C;ECB concertation tidspunkt 14:15 CET;2024-03-04;10,5408
B;Virkedag;USD;Amerikanske dollar;NOK;Norske kroner;SP;Spot;4;false;0;Enheter;C;ECB concertation tidspunkt 14:15 CET;2024-03-05;10,577
B;Virkedag;USD;Amerikanske dollar;NOK;Norske kroner;SP;Spot;4;false;0;Enheter;C;ECB concertation tidspunkt 14:15 CET;2024-03-06;10,5463
B;Virkedag;USD;Amerikanske dollar;NOK;Norske kroner;SP;Spot;4;false;0;Enheter;C;ECB concertation tidspunkt 14:15 CET;2024-03-07;10,458
B;Virkedag;USD;Amerikanske dollar;NOK;Norske kroner;SP;Spot;4;false;0;Enheter;C;ECB concertation tidspunkt 14:15 CET;2024-03-08;10,3728
B;Virkedag;USD;Amerikanske dollar;NOK;Norske kroner;SP;Spot;4;false;0;Enheter;C;ECB concertation tidspunkt 14:15 CET;2024-03-11;10,4709
B;Virkedag;USD;Amerikanske dollar;NOK;Norske kroner;SP;Spot;4;false;0;Enheter;C;ECB concertation tidspunkt 14:15 CET;2024-03-12;10,505
B;Virkedag;USD;Amerikanske dollar;NOK;Norske kroner;SP;Spot;4;false;0;Enheter;C;ECB concertation tidspunkt 14:15 CET;2024-03-13;10,495
B;Virkedag;USD;Amerikanske dollar;NOK;Norske kroner;SP;Spot;4;false;0;Enheter;C;ECB concertation tidspunkt 14:15 CET;2024-03-14;10,4961
B;Virkedag;USD;Amerikanske dollar;NOK;Norske kroner;SP;Spot;4;false;0;Enheter;C;ECB concertation tidspunkt 14:15 CET;2024-03-15;10,577
B;Virkedag;USD;Amerikanske dollar;NOK;Norske kroner;SP;Spot;4;false;0;Enheter;C;ECB concertation tidspunkt 14:15 CET;2024-03-18;10,6101
B;Virkedag;USD;Amerikanske dollar;NOK;Norske kroner;SP;Spot;4;false;0;Enheter;C;ECB concertation tidspunkt 14:15 CET;2024-03-19;10,6859
B;Virkedag;USD;Amerikanske dollar;NOK;Norske kroner;SP;Spot;4;false;0;Enheter;C;ECB concertation tidspunkt 14:15 CET;2024-03-20;10,6718
B;Virkedag;USD;Amerikanske dollar;NOK;Norske kroner;SP;Spot;4;false;0;Enheter;C;ECB concertation tidspunkt 14:15 CET;2024-03-21;10,5831
B;Virkedag;USD;Amerikanske dollar;NOK;Norske kroner;SP;Spot;4;false;0;Enheter;C;ECB concertation tidspunkt 14:15 CET;2024-03-22;10,7336
B;Virkedag;USD;Amerikanske dollar;NOK;Norske kroner;SP;Spot;4;false;0;Enheter;C;ECB concertation tidspunkt 14:15 CET;2024-03-25;10,7107
B;Virkedag;USD;Amerikanske dollar;NOK;Norske kroner;SP;Spot;4;false;0;Enheter;C;ECB concertation tidspunkt 14:15 CET;2024-03-26;10,7103
B;Virkedag;USD;Amerikanske dollar;NOK;Norske kroner;SP;Spot;4;false;0;Enheter;C;ECB concertation tidspunkt 14:15 CET;2024-03-27;10,8011
B;Virkedag;USD;Amerikanske dollar;NOK;Norske kroner;SP;Spot;4;false;0;Enheter;C;ECB concertation tidspunkt 14:15 CET;2024-04-02;10,8922
B;Virkedag;USD;Amerikanske dollar;NOK;Norske kroner;SP;Spot;4;false;0;Enheter;C;ECB concertation tidspunkt 14:15 CET;2024-04-03;10,8115
B;Virkedag;USD;Amerikanske dollar;NOK;Norske kroner;SP;Spot;4;false;0;Enheter;C;ECB concertation tidspunkt 14:15 CET;2024-04-04;10,7008
B;Virkedag;USD;Amerikanske dollar;NOK;Norske kroner;SP;Spot;4;false;0;Enheter;C;ECB concertation tidspunkt 14:15 CET;2024-04-05;10,711
B;Virkedag;USD;Amerikanske dollar;NOK;Norske kroner;SP;Spot;4;false;0;Enheter;C;ECB concertation tidspunkt 14:15 CET;2024-04-08;10,7091
B;Virkedag;USD;Amerikanske dollar;NOK;Norske kroner;SP;Spot;4;false;0;Enheter;C;ECB concertation tidspunkt 14:15 CET;2024-04-09;10,6681
B;Virkedag;USD;Amerikanske dollar;NOK;Norske kroner;SP;Spot;4;false;0;Enheter;C;ECB concertation tidspunkt 14:15 CET;2024-04-10;10,6506
B;Virkedag;USD;Amerikanske dollar;NOK;Norske kroner;SP;Spot;4;false;0;Enheter;C;ECB concertation tidspunkt 14:15 CET;2024-04-11;10,8286
B;Virkedag;USD;Amerikanske dollar;NOK;Norske kroner;SP;Spot;4;false;0;Enheter;C;ECB concertation tidspunkt 14:15 CET;2024-04-12;10,8778
B;Virkedag;USD;Amerikanske dollar;NOK;Norske kroner;SP;Spot;4;false;0;Enheter;C;ECB concertation tidspunkt 14:15 CET;2024-04-15;10,9103
B;Virkedag;USD;Amerikanske dollar;NOK;Norske kroner;SP;Spot;4;false;0;Enheter;C;ECB concertation tidspunkt 14:15 CET;2024-04-16;10,9754
B;Virkedag;USD;Amerikanske dollar;NOK;Norske kroner;SP;Spot;4;false;0;Enheter;C;ECB concertation tidspunkt 14:15 CET;2024-04-17;10,9945
B;Virkedag;USD;Amerikanske dollar;NOK;Norske kroner;SP;Spot;4;false;0;Enheter;C;ECB concertation tidspunkt 14:15 CET;2024-04-18;10,9912
B;Virkedag;USD;Amerikanske dollar;NOK;Norske kroner;SP;Spot;4;false;0;Enheter;C;ECB concertation tidspunkt 14:15 CET;2024-04-19;11,0438
B;Virkedag;USD;Amerikanske dollar;NOK;Norske kroner;SP;Spot;4;false;0;Enheter;C;ECB concertation tidspunkt 14:15 CET;2024-04-22;11,0219
B;Virkedag;USD;Amerikanske dollar;NOK;Norske kroner;SP;Spot;4;false;0;Enheter;C;ECB concertation tidspunkt 14:15 CET;2024-04-23;10,9903
B;Virkedag;USD;Amerikanske dollar;NOK;Norske kroner;SP;Spot;4;false;0;Enheter;C;ECB concertation tidspunkt 14:15 CET;2024-04-24;10,9798
B;Virkedag;USD;Amerikanske dollar;NOK;Norske kroner;SP;Spot;4;false;0;Enheter;C;ECB concertation tidspunkt 14:15 CET;2024-04-25;10,9272
B;Virkedag;USD;Amerikanske dollar;NOK;Norske kroner;SP;Spot;4;false;0;Enheter;C;ECB concertation tidspunkt 14:15 CET;2024-04-26;11,0132
B;Virkedag;USD;Amerikanske dollar;NOK;Norske kroner;SP;Spot;4;false;0;Enheter;C;ECB concertation tidspunkt 14:15 CET;2024-04-29;10,9921
B;Virkedag;USD;Amerikanske dollar;NOK;Norske kroner;SP;Spot;4;false;0;Enheter;C;ECB concertation tidspunkt 14:15 CET;2024-04-30;11,0235
B;Virkedag;USD;Amerikanske dollar;NOK;Norske kroner;SP;Spot;4;false;0;Enheter;C;ECB concertation tidspunkt 14:15 CET;2024-05-02;11,0703
B;Virkedag;USD;Amerikanske dollar;NOK;Norske kroner;SP;Spot;4;false;0;Enheter;C;ECB concertation tidspunkt 14:15 CET;2024-05-03;10,8972
B;Virkedag;USD;Amerikanske dollar;NOK;Norske kroner;SP;Spot;4;false;0;Enheter;C;ECB concertation tidspunkt 14:15 CET;2024-05-06;10,8262
B;Virkedag;USD;Amerikanske dollar;NOK;Norske kroner;SP;Spot;4;false;0;Enheter;C;ECB concertation tidspunkt 14:15 CET;2024-05-07;10,8657
B;Virkedag;USD;Amerikanske dollar;NOK;Norske kroner;SP;Spot;4;false;0;Enheter;C;ECB concertation tidspunkt 14:15 CET;2024-05-08;10,9439
B;Virkedag;USD;Amerikanske dollar;NOK;Norske kroner;SP;Spot;4;false;0;Enheter;C;ECB concertation tidspunkt 14:15 CET;2024-05-10;10,8299
B;Virkedag;USD;Amerikanske dollar;NOK;Norske kroner;SP;Spot;4;false;0;Enheter;C;ECB concertation tidspunkt 14:15 CET;2024-05-13;10,8198
B;Virkedag;USD;Amerikanske dollar;NOK;Norske kroner;SP;Spot;4;false;0;Enheter;C;ECB concertation tidspunkt 14:15 CET;2024-05-14;10,8202
B;Virkedag;USD;Amerikanske dollar;NOK;Norske kroner;SP;Spot;4;false;0;Enheter;C;ECB concertation tidspunkt 14:15 CET;2024-05-15;10,7542
B;Virkedag;USD;Amerikanske dollar;NOK;Norske kroner;SP;Spot;4;false;0;Enheter;C;ECB concertation tidspunkt 14:15 CET;2024-05-16;10,7142
B;Virkedag;USD;Amerikanske dollar;NOK;Norske kroner;SP;Spot;4;false;0;Enheter;C;ECB concertation tidspunkt 14:15 CET;2024-05-21;10,6618
B;Virkedag;USD;Amerikanske dollar;NOK;Norske kroner;SP;Spot;4;false;0;Enheter;C;ECB concertation tidspunkt 14:15 CET;2024-05-22;10,6971
B;Virkedag;USD;Amerikanske dollar;NOK;Norske kroner;SP;Spot;4;false;0;Enheter;C;ECB concertation tidspunkt 14:15 CET;2024-05-23;10,6104
B;Virkedag;USD;Amerikanske dollar;NOK;Norske kroner;SP;Spot;4;false;0;Enheter;C;ECB concertation tidspunkt 14:15 CET;2024-05-24;10,6045
B;Virkedag;USD;Amerikanske dollar;NOK;Norske kroner;SP;Spot;4;false;0;Enheter;C;ECB concertation tidspunkt 14:15 CET;2024-05-27;10,5275
B;Virkedag;USD;Amerikanske dollar;NOK;Norske kroner;SP;Spot;4;false;0;Enheter;C;ECB concertation tidspunkt 14:15 CET;2024-05-28;10,4824
B;Virkedag;USD;Amerikanske dollar;NOK;Norske kroner;SP;Spot;4;false;0;Enheter;C;ECB concertation tidspunkt 14:15 CET;2024-05-29;10,5158
B;Virkedag;USD;Amerikanske dollar;NOK;Norske kroner;SP;Spot;4;false;0;Enheter;C;ECB concertation tidspunkt 14:15 CET;2024-05-30;10,5469
B;Virkedag;USD;Amerikanske dollar;NOK;Norske kroner;SP;Spot;4;false;0;Enheter;C;ECB concertation tidspunkt 14:15 CET;2024-05-31;10,4893
B;Virkedag;USD;Amerikanske dollar;NOK;Norske kroner;SP;Spot;4;false;0;Enheter;C;ECB concertation tidspunkt 14:15 CET;2024-06-03;10,5041
B;Virkedag;USD;Amerikanske dollar;NOK;Norske kroner;SP;Spot;4;false;0;Enheter;C;ECB concertation tidspunkt 14:15 CET;2024-06-04;10,5743
B;Virkedag;USD;Amerikanske dollar;NOK;Norske kroner;SP;Spot;4;false;0;Enheter;C;ECB concertation tidspunkt 14:15 CET;2024-06-05;10,5546
B;Virkedag;USD;Amerikanske dollar;NOK;Norske kroner;SP;Spot;4;false;0;Enheter;C;ECB concertation tidspunkt 14:15 CET;2024-06-06;10,5844
B;Virkedag;USD;Amerikanske dollar;NOK;Norske kroner;SP;Spot;4;false;0;Enheter;C;ECB concertation tidspunkt 14:15 CET;2024-06-07;10,54
B;Virkedag;USD;Amerikanske dollar;NOK;Norske kroner;SP;Spot;4;false;0;Enheter;C;ECB concertation tidspunkt 14:15 CET;2024-06-10;10,7029
B;Virkedag;USD;Amerikanske dollar;NOK;Norske kroner;SP;Spot;4;false;0;Enheter;C;ECB concertation tidspunkt 14:15 CET;2024-06-11;10,7092
B;Virkedag;USD;Amerikanske dollar;NOK;Norske kroner;SP;Spot;4;false;0;Enheter;C;ECB concertation tidspunkt 14:15 CET;2024-06-12;10,6526
B;Virkedag;USD;Amerikanske dollar;NOK;Norske kroner;SP;Spot;4;false;0;Enheter;C;ECB concertation tidspunkt 14:15 CET;2024-06-13;10,6004
B;Virkedag;USD;Amerikanske dollar;NOK;Norske kroner;SP;Spot;4;false;0;Enheter;C;ECB concertation tidspunkt 14:15 CET;2024-06-14;10,6705
B;Virkedag;USD;Amerikanske dollar;NOK;Norske kroner;SP;Spot;4;false;0;Enheter;C;ECB concertation tidspunkt 14:15 CET;2024-06-17;10,7226
B;Virkedag;USD;Amerikanske dollar;NOK;Norske kroner;SP;Spot;4;false;0;Enheter;C;ECB concertation tidspunkt 14:15 CET;2024-06-18;10,6841
B;Virkedag;USD;Amerikanske dollar;NOK;Norske kroner;SP;Spot;4;false;0;Enheter;C;ECB concertation tidspunkt 14:15 CET;2024-06-19;10,5628
B;Virkedag;USD;Amerikanske dollar;NOK;Norske kroner;SP;Spot;4;false;0;Enheter;C;ECB concertation tidspunkt 14:15 CET;2024-06-20;10,5341
B;Virkedag;USD;Amerikanske dollar;NOK;Norske kroner;SP;Spot;4;false;0;Enheter;C;ECB concertation tidspunkt 14:15 CET;2024-06-21;10,5431
B;Virkedag;USD;Amerikanske dollar;NOK;Norske kroner;SP;Spot;4;false;0;Enheter;C;ECB concertation tidspunkt 14:15 CET;2024-06-24;10,5769
B;Virkedag;USD;Amerikanske dollar;NOK;Norske kroner;SP;Spot;4;false;0;Enheter;C;ECB concertation tidspunkt 14:15 CET;2024-06-25;10,5717
B;Virkedag;USD;Amerikanske dollar;NOK;Norske kroner;SP;Spot;4;false;0;Enheter;C;ECB concertation tidspunkt 14:15 CET;2024-06-26;10,66
B;Virkedag;USD;Amerikanske dollar;NOK;Norske kroner;SP;Spot;4;false;0;Enheter;C;ECB concertation tidspunkt 14:15 CET;2024-06-27;10,6563
B;Virkedag;USD;Amerikanske dollar;NOK;Norske kroner;SP;Spot;4;false;0;Enheter;C;ECB concertation tidspunkt 14:15 CET;2024-06-28;10,646
B;Virkedag;USD;Amerikanske dollar;NOK;Norske kroner;SP;Spot;4;false;0;Enheter;C;ECB concertation tidspunkt 14:15 CET;2024-07-01;10,6389
B;Virkedag;USD;Amerikanske dollar;NOK;Norske kroner;SP;Spot;4;false;0;Enheter;C;ECB concertation tidspunkt 14:15 CET;2024-07-02;10,6995
B;Virkedag;USD;Amerikanske dollar;NOK;Norske kroner;SP;Spot;4;false;0;Enheter;C;ECB concertation tidspunkt 14:15 CET;2024-07-03;10,651
B;Virkedag;USD;Amerikanske dollar;NOK;Norske kroner;SP;Spot;4;false;0;Enheter;C;ECB concertation tidspunkt 14:15 CET;2024-07-04;10,5569
B;Virkedag;USD;Amerikanske dollar;NOK;Norske kroner;SP;Spot;4;false;0;Enheter;C;ECB concertation tidspunkt 14:15 CET;2024-07-05;10,5765
B;Virkedag;USD;Amerikanske dollar;NOK;Norske kroner;SP;Spot;4;false;0;Enheter;C;ECB concertation tidspunkt 14:15 CET;2024-07-08;10,5745
B;Virkedag;USD;Amerikanske dollar;NOK;Norske kroner;SP;Spot;4;false;0;Enheter;C;ECB concertation tidspunkt 14:15 CET;2024-07-09;10,6242
B;Virkedag;USD;Amerikanske dollar;NOK;Norske kroner;SP;Spot;4;false;0;Enheter;C;ECB concertation tidspunkt 14:15 CET;2024-07-10;10,7224
B;Virkedag;USD;Amerikanske dollar;NOK;Norske kroner;SP;Spot;4;false;0;Enheter;C;ECB concertation tidspunkt 14:15 CET;2024-07-11;10,7531
B;Virkedag;USD;Amerikanske dollar;NOK;Norske kroner;SP;Spot;4;false;0;Enheter;C;ECB concertation tidspunkt 14:15 CET;2024-07-12;10,7461
B;Virkedag;USD;Amerikanske dollar;NOK;Norske kroner;SP;Spot;4;false;0;Enheter;C;ECB concertation tidspunkt 14:15 CET;2024-07-15;10,7692
B;Virkedag;USD;Amerikanske dollar;NOK;Norske kroner;SP;Spot;4;false;0;Enheter;C;ECB concertation tidspunkt 14:15 CET;2024-07-16;10,8067
B;Virkedag;USD;Amerikanske dollar;NOK;Norske kroner;SP;Spot;4;false;0;Enheter;C;ECB concertation tidspunkt 14:15 CET;2024-07-17;10,7532
B;Virkedag;USD;Amerikanske dollar;NOK;Norske kroner;SP;Spot;4;false;0;Enheter;C;ECB concertation tidspunkt 14:15 CET;2024-07-18;10,7484
B;Virkedag;USD;Amerikanske dollar;NOK;Norske kroner;SP;Spot;4;false;0;Enheter;C;ECB concertation tidspunkt 14:15 CET;2024-07-19;10,859
B;Virkedag;USD;Amerikanske dollar;NOK;Norske kroner;SP;Spot;4;false;0;Enheter;C;ECB concertation tidspunkt 14:15 CET;2024-07-22;10,9446
B;Virkedag;USD;Amerikanske dollar;NOK;Norske kroner;SP;Spot;4;false;0;Enheter;C;ECB concertation tidspunkt 14:15 CET;2024-07-23;11,0161
B;Virkedag;USD;Amerikanske dollar;NOK;Norske kroner;SP;Spot;4;false;0;Enheter;C;ECB concertation tidspunkt 14:15 CET;2024-07-24;11,0085
B;Virkedag;USD;Amerikanske dollar;NOK;Norske kroner;SP;Spot;4;false;0;Enheter;C;ECB concertation tidspunkt 14:15 CET;2024-07-25;11,1349
B;Virkedag;USD;Amerikanske dollar;NOK;Norske kroner;SP;Spot;4;false;0;Enheter;C;ECB concertation tidspunkt 14:15 CET;2024-07-26;10,9917
B;Virkedag;USD;Amerikanske dollar;NOK;Norske kroner;SP;Spot;4;false;0;Enheter;C;ECB concertation tidspunkt 14:15 CET;2024-07-29;11,0155
B;Virkedag;USD;Amerikanske dollar;NOK;Norske kroner;SP;Spot;4;false;0;Enheter;C;ECB concertation tidspunkt 14:15 CET;2024-07-30;10,9835
B;Virkedag;USD;Amerikanske dollar;NOK;Norske kroner;SP;Spot;4;false;0;Enheter;C;ECB concertation tidspunkt 14:15 CET;2024-07-31;10,9138
B;Virkedag;USD;Amerikanske dollar;NOK;Norske kroner;SP;Spot;4;false;0;Enheter;C;ECB concertation tidspunkt 14:15 CET;2024-08-01;10,8875
B;Virkedag;USD;Amerikanske dollar;NOK;Norske kroner;SP;Spot;4;false;0;Enheter;C;ECB concertation tidspunkt 14:15 CET;2024-08-02;11,0097
B;Virkedag;USD;Amerikanske dollar;NOK;Norske kroner;SP;Spot;4;false;0;Enheter;C;ECB concertation tidspunkt 14:15 CET;2024-08-05;11,044
B;Virkedag;USD;Amerikanske dollar;NOK;Norske kroner;SP;Spot;4;false;0;Enheter;C;ECB concertation tidspunkt 14:15 CET;2024-08-06;10,9945
B;Virkedag;USD;Amerikanske dollar;NOK;Norske kroner;SP;Spot;4;false;0;Enheter;C;ECB concertation tidspunkt 14:15 CET;2024-08-07;10,7865
B;Virkedag;USD;Amerikanske dollar;NOK;Norske kroner;SP;Spot;4;false;0;Enheter;C;ECB concertation tidspunkt 14:15 CET;2024-08-08;10,8715
B;Virkedag;USD;Amerikanske dollar;NOK;Norske kroner;SP;Spot;4;false;0;Enheter;C;ECB concertation tidspunkt 14:15 CET;2024-08-09;10,8359
B;Virkedag;USD;Amerikanske dollar;NOK;Norske kroner;SP;Spot;4;false;0;Enheter;C;ECB concertation tidspunkt 14:15 CET;2024-08-12;10,7776
B;Virkedag;USD;Amerikanske dollar;NOK;Norske kroner;SP;Spot;4;false;0;Enheter;C;ECB concertation tidspunkt 14:15 CET;2024-08-13;10,7922
B;Virkedag;USD;Amerikanske dollar;NOK;Norske kroner;SP;Spot;4;false;0;Enheter;C;ECB concertation tidspunkt 14:15 CET;2024-08-14;10,6784
B;Virkedag;USD;Amerikanske dollar;NOK;Norske kroner;SP;Spot;4;false;0;Enheter;C;ECB concertation tidspunkt 14:15 CET;2024-08-15;10,6671
B;Virkedag;USD;Amerikanske dollar;NOK;Norske kroner;SP;Spot;4;false;0;Enheter;C;ECB concertation tidspunkt 14:15 CET;2024-08-16;10,75
B;Virkedag;USD;Amerikanske dollar;NOK;Norske kroner;SP;Spot;4;false;0;Enheter;C;ECB concertation tidspunkt 14:15 CET;2024-08-19;10,6281
B;Virkedag;USD;Amerikanske dollar;NOK;Norske kroner;SP;Spot;4;false;0;Enheter;C;ECB concertation tidspunkt 14:15 CET;2024-08-20;10,54
B;Virkedag;USD;Amerikanske dollar;NOK;Norske kroner;SP;Spot;4;false;0;Enheter;C;ECB concertation tidspunkt 14:15 CET;2024-08-21;10,5101
B;Virkedag;USD;Amerikanske dollar;NOK;Norske kroner;SP;Spot;4;false;0;Enheter;C;ECB concertation tidspunkt 14:15 CET;2024-08-22;10,5689
B;Virkedag;USD;Amerikanske dollar;NOK;Norske kroner;SP;Spot;4;false;0;Enheter;C;ECB concertation tidspunkt 14:15 CET;2024-08-23;10,6124
B;Virkedag;USD;Amerikanske dollar;NOK;Norske kroner;SP;Spot;4;false;0;Enheter;C;ECB concertation tidspunkt 14:15 CET;2024-08-26;10,5514
B;Virkedag;USD;Amerikanske dollar;NOK;Norske kroner;SP;Spot;4;false;0;Enheter;C;ECB concertation tidspunkt 14:15 CET;2024-08-27;10,5026
B;Virkedag;USD;Amerikanske dollar;NOK;Norske kroner;SP;Spot;4;false;0;Enheter;C;ECB concertation tidspunkt 14:15 CET;2024-08-28;10,5352
B;Virkedag;USD;Amerikanske dollar;NOK;Norske kroner;SP;Spot;4;false;0;Enheter;C;ECB concertation tidspunkt 14:15 CET;2024-08-29;10,4987
B;Virkedag;USD;Amerikanske dollar;NOK;Norske kroner;SP;Spot;4;false;0;Enheter;C;ECB concertation tidspunkt 14:15 CET;2024-08-30;10,5186
B;Virkedag;USD;Amerikanske dollar;NOK;Norske kroner;SP;Spot;4;false;0;Enheter;C;ECB concertation tidspunkt 14:15 CET;2024-09-02;10,6048
B;Virkedag;USD;Amerikanske dollar;NOK;Norske kroner;SP;Spot;4;false;0;Enheter;C;ECB concertation tidspunkt 14:15 CET;2024-09-03;10,6624
B;Virkedag;USD;Amerikanske dollar;NOK;Norske kroner;SP;Spot;4;false;0;Enheter;C;ECB concertation tidspunkt 14:15 CET;2024-09-04;10,6833
B;Virkedag;USD;Amerikanske dollar;NOK;Norske kroner;SP;Spot;4;false;0;Enheter;C;ECB concertation tidspunkt 14:15 CET;2024-09-05;10,624
B;Virkedag;USD;Amerikanske dollar;NOK;Norske kroner;SP;Spot;4;false;0;Enheter;C;ECB concertation tidspunkt 14:15 CET;2024-09-06;10,6291
B;Virkedag;USD;Amerikanske dollar;NOK;Norske kroner;SP;Spot;4;false;0;Enheter;C;ECB concertation tidspunkt 14:15 CET;2024-09-09;10,8127
B;Virkedag;USD;Amerikanske dollar;NOK;Norske kroner;SP;Spot;4;false;0;Enheter;C;ECB concertation tidspunkt 14:15 CET;2024-09-10;10,7896
B;Virkedag;USD;Amerikanske dollar;NOK;Norske kroner;SP;Spot;4;false;0;Enheter;C;ECB concertation tidspunkt 14:15 CET;2024-09-11;10,8096
B;Virkedag;USD;Amerikanske dollar;NOK;Norske kroner;SP;Spot;4;false;0;Enheter;C;ECB concertation tidspunkt 14:15 CET;2024-09-12;10,8333
B;Virkedag;USD;Amerikanske dollar;NOK;Norske kroner;SP;Spot;4;false;0;Enheter;C;ECB concertation tidspunkt 14:15 CET;2024-09-13;10,6935
B;Virkedag;USD;Amerikanske dollar;NOK;Norske kroner;SP;Spot;4;false;0;Enheter;C;ECB concertation tidspunkt 14:15 CET;2024-09-16;10,5878
B;Virkedag;USD;Amerikanske dollar;NOK;Norske kroner;SP;Spot;4;false;0;Enheter;C;ECB concertation tidspunkt 14:15 CET;2024-09-17;10,5831
B;Virkedag;USD;Amerikanske dollar;NOK;Norske kroner;SP;Spot;4;false;0;Enheter;C;ECB concertation tidspunkt 14:15 CET;2024-09-18;10,5855
B;Virkedag;USD;Amerikanske dollar;NOK;Norske kroner;SP;Spot;4;false;0;Enheter;C;ECB concertation tidspunkt 14:15 CET;2024-09-19;10,4588
B;Virkedag;USD;Amerikanske dollar;NOK;Norske kroner;SP;Spot;4;false;0;Enheter;C;ECB concertation tidspunkt 14:15 CET;2024-09-20;10,5078
B;Virkedag;USD;Amerikanske dollar;NOK;Norske kroner;SP;Spot;4;false;0;Enheter;C;ECB concertation tidspunkt 14:15 CET;2024-09-23;10,5099
B;Virkedag;USD;Amerikanske dollar;NOK;Norske kroner;SP;Spot;4;false;0;Enheter;C;ECB concertation tidspunkt 14:15 CET;2024-09-24;10,4303
B;Virkedag;USD;Amerikanske dollar;NOK;Norske kroner;SP;Spot;4;false;0;Enheter;C;ECB concertation tidspunkt 14:15 CET;2024-09-25;10,4377
B;Virkedag;USD;Amerikanske dollar;NOK;Norske kroner;SP;Spot;4;false;0;Enheter;C;ECB concertation tidspunkt 14:15 CET;2024-09-26;10,5661
B;Virkedag;USD;Amerikanske dollar;NOK;Norske kroner;SP;Spot;4;false;0;Enheter;C;ECB concertation tidspunkt 14:15 CET;2024-09-27;10,5373
B;Virkedag;USD;Amerikanske dollar;NOK;Norske kroner;SP;Spot;4;false;0;Enheter;C;ECB concertation tidspunkt 14:15 CET;2024-09-30;10,5078
B;Virkedag;USD;Amerikanske dollar;NOK;Norske kroner;SP;Spot;4;false;0;Enheter;C;ECB concertation tidspunkt 14:15 CET;2024-10-01;10,5814
B;Virkedag;USD;Amerikanske dollar;NOK;Norske kroner;SP;Spot;4;false;0;Enheter;C;ECB concertation tidspunkt 14:15 CET;2024-10-02;10,5442
B;Virkedag;USD;Amerikanske dollar;NOK;Norske kroner;SP;Spot;4;false;0;Enheter;C;ECB concertation tidspunkt 14:15 CET;2024-10-03;10,6165
B;Virkedag;USD;Amerikanske dollar;NOK;Norske kroner;SP;Spot;4;false;0;Enheter;C;ECB concertation tidspunkt 14:15 CET;2024-10-04;10,5943
B;Virkedag;USD;Amerikanske dollar;NOK;Norske kroner;SP;Spot;4;false;0;Enheter;C;ECB concertation tidspunkt 14:15 CET;2024-10-07;10,6137
B;Virkedag;USD;Amerikanske dollar;NOK;Norske kroner;SP;Spot;4;false;0;Enheter;C;ECB concertation tidspunkt 14:15 CET;2024-10-08;10,642
B;Virkedag;USD;Amerikanske dollar;NOK;Norske kroner;SP;Spot;4;false;0;Enheter;C;ECB concertation tidspunkt 14:15 CET;2024-10-09;10,7566
B;Virkedag;USD;Amerikanske dollar;NOK;Norske kroner;SP;Spot;4;false;0;Enheter;C;ECB concertation tidspunkt 14:15 CET;2024-10-10;10,7867
B;Virkedag;USD;Amerikanske dollar;NOK;Norske kroner;SP;Spot;4;false;0;Enheter;C;ECB concertation tidspunkt 14:15 CET;2024-10-11;10,7326
B;Virkedag;USD;Amerikanske dollar;NOK;Norske kroner;SP;Spot;4;false;0;Enheter;C;ECB concertation tidspunkt 14:15 CET;2024-10-14;10,7618
B;Virkedag;USD;Amerikanske dollar;NOK;Norske kroner;SP;Spot;4;false;0;Enheter;C;ECB concertation tidspunkt 14:15 CET;2024-10-15;10,7915
B;Virkedag;USD;Amerikanske dollar;NOK;Norske kroner;SP;Spot;4;false;0;Enheter;C;ECB concertation tidspunkt 14:15 CET;2024-10-16;10,83
B;Virkedag;USD;Amerikanske dollar;NOK;Norske kroner;SP;Spot;4;false;0;Enheter;C;ECB concertation tidspunkt 14:15 CET;2024-10-17;10,9272
B;Virkedag;USD;Amerikanske dollar;NOK;Norske kroner;SP;Spot;4;false;0;Enheter;C;ECB concertation tidspunkt 14:15 CET;2024-10-18;10,8892
B;Virkedag;USD;Amerikanske dollar;NOK;Norske kroner;SP;Spot;4;false;0;Enheter;C;ECB concertation tidspunkt 14:15 CET;2024-10-21;10,9076
B;Virkedag;USD;Amerikanske dollar;NOK;Norske kroner;SP;Spot;4;false;0;Enheter;C;ECB concertation tidspunkt 14:15 CET;2024-10-22;10,926
B;Virkedag;USD;Amerikanske dollar;NOK;Norske kroner;SP;Spot;4;false;0;Enheter;C;ECB concertation tidspunkt 14:15 CET;2024-10-23;11,0082
B;Virkedag;USD;Amerikanske dollar;NOK;Norske kroner;SP;Spot;4;false;0;Enheter;C;ECB concertation tidspunkt 14:15 CET;2024-10-24;10,9393
B;Virkedag;USD;Amerikanske dollar;NOK;Norske kroner;SP;Spot;4;false;0;Enheter;C;ECB concertation tidspunkt 14:15 CET;2024-10-25;10,9187
B;Virkedag;USD;Amerikanske dollar;NOK;Norske kroner;SP;Spot;4;false;0;Enheter;C;ECB concertation tidspunkt 14:15 CET;2024-10-28;11,0113
B;Virkedag;USD;Amerikanske dollar;NOK;Norske kroner;SP;Spot;4;false;0;Enheter;C;ECB concertation tidspunkt 14:15 CET;2024-10-29;10,9908
B;Virkedag;USD;Amerikanske dollar;NOK;Norske kroner;SP;Spot;4;false;0;Enheter;C;ECB concertation tidspunkt 14:15 CET;2024-10-30;10,9834
B;Virkedag;USD;Amerikanske dollar;NOK;Norske kroner;SP;Spot;4;false;0;Enheter;C;ECB concertation tidspunkt 14:15 CET;2024-10-31;10,9709
B;Virkedag;USD;Amerikanske dollar;NOK;Norske kroner;SP;Spot;4;false;0;Enheter;C;ECB concertation tidspunkt 14:15 CET;2024-11-01;10,9876
B;Virkedag;USD;Amerikanske dollar;NOK;Norske kroner;SP;Spot;4;false;0;Enheter;C;ECB concertation tidspunkt 14:15 CET;2024-11-04;10,9561
B;Virkedag;USD;Amerikanske dollar;NOK;Norske kroner;SP;Spot;4;false;0;Enheter;C;ECB concertation tidspunkt 14:15 CET;2024-11-05;10,9755
B;Virkedag;USD;Amerikanske dollar;NOK;Norske kroner;SP;Spot;4;false;0;Enheter;C;ECB concertation tidspunkt 14:15 CET;2024-11-06;11,1351
B;Virkedag;USD;Amerikanske dollar;NOK;Norske kroner;SP;Spot;4;false;0;Enheter;C;ECB concertation tidspunkt 14:15 CET;2024-11-07;10,8934
B;Virkedag;USD;Amerikanske dollar;NOK;Norske kroner;SP;Spot;4;false;0;Enheter;C;ECB concertation tidspunkt 14:15 CET;2024-11-08;10,9297
B;Virkedag;USD;Amerikanske dollar;NOK;Norske kroner;SP;Spot;4;false;0;Enheter;C;ECB concertation tidspunkt 14:15 CET;2024-11-11;11,0661
B;Virkedag;USD;Amerikanske dollar;NOK;Norske kroner;SP;Spot;4;false;0;Enheter;C;ECB concertation tidspunkt 14:15 CET;2024-11-12;11,0563
B;Virkedag;USD;Amerikanske dollar;NOK;Norske kroner;SP;Spot;4;false;0;Enheter;C;ECB concertation tidspunkt 14:15 CET;2024-11-13;11,0683
B;Virkedag;USD;Amerikanske dollar;NOK;Norske kroner;SP;Spot;4;false;0;Enheter;C;ECB concertation tidspunkt 14:15 CET;2024-11-14;11,164
B;Virkedag;USD;Amerikanske dollar;NOK;Norske kroner;SP;Spot;4;false;0;Enheter;C;ECB concertation tidspunkt 14:15 CET;2024-11-15;11,0545
B;Virkedag;USD;Amerikanske dollar;NOK;Norske kroner;SP;Spot;4;false;0;Enheter;C;ECB concertation tidspunkt 14:15 CET;2024-11-18;11,1041
B;Virkedag;USD;Amerikanske dollar;NOK;Norske kroner;SP;Spot;4;false;0;Enheter;C;ECB concertation tidspunkt 14:15 CET;2024-11-19;11,0224
B;Virkedag;USD;Amerikanske dollar;NOK;Norske kroner;SP;Spot;4;false;0;Enheter;C;ECB concertation tidspunkt 14:15 CET;2024-11-20;11,0244
B;Virkedag;USD;Amerikanske dollar;NOK;Norske kroner;SP;Spot;4;false;0;Enheter;C;ECB concertation tidspunkt 14:15 CET;2024-11-21;11,0393
B;Virkedag;USD;Amerikanske dollar;NOK;Norske kroner;SP;Spot;4;false;0;Enheter;C;ECB concertation tidspunkt 14:15 CET;2024-11-22;11,1103
B;Virkedag;USD;Amerikanske dollar;NOK;Norske kroner;SP;Spot;4;false;0;Enheter;C;ECB concertation tidspunkt 14:15 CET;2024-11-25;11,04
B;Virkedag;USD;Amerikanske dollar;NOK;Norske kroner;SP;Spot;4;false;0;Enheter;C;ECB concertation tidspunkt 14:15 CET;2024-11-26;11,102
B;Virkedag;USD;Amerikanske dollar;NOK;Norske kroner;SP;Spot;4;false;0;Enheter;C;ECB concertation tidspunkt 14:15 CET;2024-11-27;11,1006
B;Virkedag;USD;Amerikanske dollar;NOK;Norske kroner;SP;Spot;4;false;0;Enheter;C;ECB concertation tidspunkt 14:15 CET;2024-11-28;11,0643
B;Virkedag;USD;Amerikanske dollar;NOK;Norske kroner;SP;Spot;4;false;0;Enheter;C;ECB concertation tidspunkt 14:15 CET;2024-11-29;11,059
B;Virkedag;USD;Amerikanske dollar;NOK;Norske kroner;SP;Spot;4;false;0;Enheter;C;ECB concertation tidspunkt 14:15 CET;2024-12-02;11,0964
B;Virkedag;USD;Amerikanske dollar;NOK;Norske kroner;SP;Spot;4;false;0;Enheter;C;ECB concertation tidspunkt 14:15 CET;2024-12-03;11,0626
B;Virkedag;USD;Amerikanske dollar;NOK;Norske kroner;SP;Spot;4;false;0;Enheter;C;ECB concertation tidspunkt 14:15 CET;2024-12-04;11,0756
B;Virkedag;USD;Amerikanske dollar;NOK;Norske kroner;SP;Spot;4;false;0;Enheter;C;ECB concertation tidspunkt 14:15 CET;2024-12-05;11,0626
B;Virkedag;USD;Amerikanske dollar;NOK;Norske kroner;SP;Spot;4;false;0;Enheter;C;ECB concertation tidspunkt 14:15 CET;2024-12-06;11,0996
B;Virkedag;USD;Amerikanske dollar;NOK;Norske kroner;SP;Spot;4;false;0;Enheter;C;ECB concertation tidspunkt 14:15 CET;2024-12-09;11,1123
B;Virkedag;USD;Amerikanske dollar;NOK;Norske kroner;SP;Spot;4;false;0;Enheter;C;ECB concertation tidspunkt 14:15 CET;2024-12-10;11,1442
B;Virkedag;USD;Amerikanske dollar;NOK;Norske kroner;SP;Spot;4;false;0;Enheter;C;ECB concertation tidspunkt 14:15 CET;2024-12-11;11,1469
B;Virkedag;USD;Amerikanske dollar;NOK;Norske kroner;SP;Spot;4;false;0;Enheter;C;ECB concertation tidspunkt 14:15 CET;2024-12-12;11,1086
B;Virkedag;USD;Amerikanske dollar;NOK;Norske kroner;SP;Spot;4;false;0;Enheter;C;ECB concertation tidspunkt 14:15 CET;2024-12-13;11,1008
B;Virkedag;USD;Amerikanske dollar;NOK;Norske kroner;SP;Spot;4;false;0;Enheter;C;ECB concertation tidspunkt 14:15 CET;2024-12-16;11,1602
B;Virkedag;USD;Amerikanske dollar;NOK;Norske kroner;SP;Spot;4;false;0;Enheter;C;ECB concertation tidspunkt 14:15 CET;2024-12-17;11,2065
B;Virkedag;USD;Amerikanske dollar;NOK;Norske kroner;SP;Spot;4;false;0;Enheter;C;ECB concertation tidspunkt 14:15 CET;2024-12-18;11,2062
B;Virkedag;USD;Amerikanske dollar;NOK;Norske kroner;SP;Spot;4;false;0;Enheter;C;ECB concertation tidspunkt 14:15 CET;2024-12-19;11,3654
B;Virkedag;USD;Amerikanske dollar;NOK;Norske kroner;SP;Spot;4;false;0;Enheter;C;ECB concertation tidspunkt 14:15 CET;2024-12-20;11,423
B;Virkedag;USD;Amerikanske dollar;NOK;Norske kroner;SP;Spot;4;false;0;Enheter;C;ECB concertation tidspunkt 14:15 CET;2024-12-23;11,3605
B;Virkedag;USD;Amerikanske dollar;NOK;Norske kroner;SP;Spot;4;false;0;Enheter;C;ECB concertation tidspunkt 14:15 CET;2024-12-27;11,3498
B;Virkedag;USD;Amerikanske dollar;NOK;Norske kroner;SP;Spot;4;false;0;Enheter;C;ECB concertation tidspunkt 14:15 CET;2024-12-30;11,3419
B;Virkedag;USD;Amerikanske dollar;NOK;Norske kroner;SP;Spot;4;false;0;Enheter;C;ECB concertation tidspunkt 14:15 CET;2024-12-31;11,3534
B;Virkedag;USD;Amerikanske dollar;NOK;Norske kroner;SP;Spot;4;false;0;Enheter;C;ECB concertation tidspunkt 14:15 CET;2025-01-02;11,3529
B;Virkedag;USD;Amerikanske dollar;NOK;Norske kroner;SP;Spot;4;false;0;Enheter;C;ECB concertation tidspunkt 14:15 CET;2025-01-03;11,3729
B;Virkedag;USD;Amerikanske dollar;NOK;Norske kroner;SP;Spot;4;false;0;Enheter;C;ECB concertation tidspunkt 14:15 CET;2025-01-06;11,2311
B;Virkedag;USD;Amerikanske dollar;NOK;Norske kroner;SP;Spot;4;false;0;Enheter;C;ECB concertation tidspunkt 14:15 CET;2025-01-07;11,2946
B;Virkedag;USD;Amerikanske dollar;NOK;Norske kroner;SP;Spot;4;false;0;Enheter;C;ECB concertation tidspunkt 14:15 CET;2025-01-08;11,4116
B;Virkedag;USD;Amerikanske dollar;NOK;Norske kroner;SP;Spot;4;false;0;Enheter;C;ECB concertation tidspunkt 14:15 CET;2025-01-09;11,4124
B;Virkedag;USD;Amerikanske dollar;NOK;Norske kroner;SP;Spot;4;false;0;Enheter;C;ECB concertation tidspunkt 14:15 CET;2025-01-10;11,4101
B;Virkedag;USD;Amerikanske dollar;NOK;Norske kroner;SP;Spot;4;false;0;Enheter;C;ECB concertation tidspunkt 14:15 CET;2025-01-13;11,4817
B;Virkedag;USD;Amerikanske dollar;NOK;Norske kroner;SP;Spot;4;false;0;Enheter;C;ECB concertation tidspunkt 14:15 CET;2025-01-14;11,4392
B;Virkedag;USD;Amerikanske dollar;NOK;Norske kroner;SP;Spot;4;false;0;Enheter;C;ECB concertation tidspunkt 14:15 CET;2025-01-15;11,3626
B;Virkedag;USD;Amerikanske dollar;NOK;Norske kroner;SP;Spot;4;false;0;Enheter;C;ECB concertation tidspunkt 14:15 CET;2025-01-16;11,3868
B;Virkedag;USD;Amerikanske dollar;NOK;Norske kroner;SP;Spot;4;false;0;Enheter;C;ECB concertation tidspunkt 14:15 CET;2025-01-17;11,4187
B;Virkedag;USD;Amerikanske dollar;NOK;Norske kroner;SP;Spot;4;false;0;Enheter;C;ECB concertation tidspunkt 14:15 CET;2025-01-20;11,4061
B;Virkedag;USD;Amerikanske dollar;NOK;Norske kroner;SP;Spot;4;false;0;Enheter;C;ECB concertation tidspunkt 14:15 CET;2025-01-21;11,4097
B;Virkedag;USD;Amerikanske dollar;NOK;Norske kroner;SP;Spot;4;false;0;Enheter;C;ECB concertation tidspunkt 14:15 CET;2025-01-22;11,254
B;Virkedag;USD;Amerikanske dollar;NOK;Norske kroner;SP;Spot;4;false;0;Enheter;C;ECB concertation tidspunkt 14:15 CET;2025-01-23;11,275
B;Virkedag;USD;Amerikanske dollar;NOK;Norske kroner;SP;Spot;4;false;0;Enheter;C;ECB concertation tidspunkt 14:15 CET;2025-01-24;11,2199
B;Virkedag;USD;Amerikanske dollar;NOK;Norske kroner;SP;Spot;4;false;0;Enheter;C;ECB concertation tidspunkt 14:15 CET;2025-01-27;11,2151
B;Virkedag;USD;Amerikanske dollar;NOK;Norske kroner;SP;Spot;4;false;0;Enheter;C;ECB concertation tidspunkt 14:15 CET;2025-01-28;11,3027
B;Virkedag;USD;Amerikanske dollar;NOK;Norske kroner;SP;Spot;4;false;0;Enheter;C;ECB concertation tidspunkt 14:15 CET;2025-01-29;11,3298
B;Virkedag;USD;Amerikanske dollar;NOK;Norske kroner;SP;Spot;4;false;0;Enheter;C;ECB concertation tidspunkt 14:15 CET;2025-01-30;11,3059
B;Virkedag;USD;Amerikanske dollar;NOK;Norske kroner;SP;Spot;4;false;0;Enheter;C;ECB concertation tidspunkt 14:15 CET;2025-01-31;11,2935
B;Virkedag;USD;Amerikanske dollar;NOK;Norske kroner;SP;Spot;4;false;0;Enheter;C;ECB concertation tidspunkt 14:15 CET;2025-02-03;11,4014
B;Virkedag;USD;Amerikanske dollar;NOK;Norske kroner;SP;Spot;4;false;0;Enheter;C;ECB concertation tidspunkt 14:15 CET;2025-02-04;11,3411
B;Virkedag;USD;Amerikanske dollar;NOK;Norske kroner;SP;Spot;4;false;0;Enheter;C;ECB concertation tidspunkt 14:15 CET;2025-02-05;11,1968
B;Virkedag;USD;Amerikanske dollar;NOK;Norske kroner;SP;Spot;4;false;0;Enheter;C;ECB concertation tidspunkt 14:15 CET;2025-02-06;11,2534
B;Virkedag;USD;Amerikanske dollar;NOK;Norske kroner;SP;Spot;4;false;0;Enheter;C;ECB concertation tidspunkt 14:15 CET;2025-02-07;11,2027
B;Virkedag;USD;Amerikanske dollar;NOK;Norske kroner;SP;Spot;4;false;0;Enheter;C;ECB concertation tidspunkt 14:15 CET;2025-02-10;11,2156
B;Virkedag;USD;Amerikanske dollar;NOK;Norske kroner;SP;Spot;4;false;0;Enheter;C;ECB concertation tidspunkt 14:15 CET;2025-02-11;11,2122
B;Virkedag;USD;Amerikanske dollar;NOK;Norske kroner;SP;Spot;4;false;0;Enheter;C;ECB concertation tidspunkt 14:15 CET;2025-02-12;11,2459
B;Virkedag;USD;Amerikanske dollar;NOK;Norske kroner;SP;Spot;4;false;0;Enheter;C;ECB concertation tidspunkt 14:15 CET;2025-02-13;11,2748
B;Virkedag;USD;Amerikanske dollar;NOK;Norske kroner;SP;Spot;4;false;0;Enheter;C;ECB concertation tidspunkt 14:15 CET;2025-02-14;11,12
B;Virkedag;USD;Amerikanske dollar;NOK;Norske kroner;SP;Spot;4;false;0;Enheter;C;ECB concertation tidspunkt 14:15 CET;2025-02-17;11,1157
B;Virkedag;USD;Amerikanske dollar;NOK;Norske kroner;SP;Spot;4;false;0;Enheter;C;ECB concertation tidspunkt 14:15 CET;2025-02-18;11,1601
B;Virkedag;USD;Amerikanske dollar;NOK;Norske kroner;SP;Spot;4;false;0;Enheter;C;ECB concertation tidspunkt 14:15 CET;2025-02-19;11,1453
B;Virkedag;USD;Amerikanske dollar;NOK;Norske kroner;SP;Spot;4;false;0;Enheter;C;ECB concertation tidspunkt 14:15 CET;2025-02-20;11,1165
B;Virkedag;USD;Amerikanske dollar;NOK;Norske kroner;SP;Spot;4;false;0;Enheter;C;ECB concertation tidspunkt 14:15 CET;2025-02-21;11,1123
B;Virkedag;USD;Amerikanske dollar;NOK;Norske kroner;SP;Spot;4;false;0;Enheter;C;ECB concertation tidspunkt 14:15 CET;2025-02-24;11,1174
B;Virkedag;USD;Amerikanske dollar;NOK;Norske kroner;SP;Spot;4;false;0;Enheter;C;ECB concertation tidspunkt 14:15 CET;2025-02-25;11,1116
B;Virkedag;USD;Amerikanske dollar;NOK;Norske kroner;SP;Spot;4;false;0;Enheter;C;ECB concertation tidspunkt 14:15 CET;2025-02-26;11,1467
B;Virkedag;USD;Amerikanske dollar;NOK;Norske kroner;SP;Spot;4;false;0;Enheter;C;ECB concertation tidspunkt 14:15 CET;2025-02-27;11,1688
B;Virkedag;USD;Amerikanske dollar;NOK;Norske kroner;SP;Spot;4;false;0;Enheter;C;ECB concertation tidspunkt 14:15 CET;2025-02-28;11,2616
B;Virkedag;USD;Amerikanske dollar;NOK;Norske kroner;SP;Spot;4;false;0;Enheter;C;ECB concertation tidspunkt 14:15 CET;2025-03-03;11,1753
B;Virkedag;USD;Amerikanske dollar;NOK;Norske kroner;SP;Spot;4;false;0;Enheter;C;ECB concertation tidspunkt 14:15 CET;2025-03-04;11,185
B;Virkedag;USD;Amerikanske dollar;NOK;Norske kroner;SP;Spot;4;false;0;Enheter;C;ECB concertation tidspunkt 14:15 CET;2025-03-05;11,0529
B;Virkedag;USD;Amerikanske dollar;NOK;Norske kroner;SP;Spot;4;false;0;Enheter;C;ECB concertation tidspunkt 14:15 CET;2025-03-06;10,8522
B;Virkedag;USD;Amerikanske dollar;NOK;Norske kroner;SP;Spot;4;false;0;Enheter;C;ECB concertation tidspunkt 14:15 CET;2025-03-07;10,8308
B;Virkedag;USD;Amerikanske dollar;NOK;Norske kroner;SP;Spot;4;false;0;Enheter;C;ECB concertation tidspunkt 14:15 CET;2025-03-10;10,7612
B;Virkedag;USD;Amerikanske dollar;NOK;Norske kroner;SP;Spot;4;false;0;Enheter;C;ECB concertation tidspunkt 14:15 CET;2025-03-11;10,6617
B;Virkedag;USD;Amerikanske dollar;NOK;Norske kroner;SP;Spot;4;false;0;Enheter;C;ECB concertation tidspunkt 14:15 CET;2025-03-12;10,6637
B;Virkedag;USD;Amerikanske dollar;NOK;Norske kroner;SP;Spot;4;false;0;Enheter;C;ECB concertation tidspunkt 14:15 CET;2025-03-13;10,7087
B;Virkedag;USD;Amerikanske dollar;NOK;Norske kroner;SP;Spot;4;false;0;Enheter;C;ECB concertation tidspunkt 14:15 CET;2025-03-14;10,6713
B;Virkedag;USD;Amerikanske dollar;NOK;Norske kroner;SP;Spot;4;false;0;Enheter;C;ECB concertation tidspunkt 14:15 CET;2025-03-17;10,5735
B;Virkedag;USD;Amerikanske dollar;NOK;Norske kroner;SP;Spot;4;false;0;Enheter;C;ECB concertation tidspunkt 14:15 CET;2025-03-18;10,5587
B;Virkedag;USD;Amerikanske dollar;NOK;Norske kroner;SP;Spot;4;false;0;Enheter;C;ECB concertation tidspunkt 14:15 CET;2025-03-19;10,558
B;Virkedag;USD;Amerikanske dollar;NOK;Norske kroner;SP;Spot;4;false;0;Enheter;C;ECB concertation tidspunkt 14:15 CET;2025-03-20;10,618
B;Virkedag;USD;Amerikanske dollar;NOK;Norske kroner;SP;Spot;4;false;0;Enheter;C;ECB concertation tidspunkt 14:15 CET;2025-03-21;10,5302
B;Virkedag;USD;Amerikanske dollar;NOK;Norske kroner;SP;Spot;4;false;0;Enheter;C;ECB concertation tidspunkt 14:15 CET;2025-03-24;10,5132
B;Virkedag;USD;Amerikanske dollar;NOK;Norske kroner;SP;Spot;4;false;0;Enheter;C;ECB concertation tidspunkt 14:15 CET;2025-03-25;10,4471
B;Virkedag;USD;Amerikanske dollar;NOK;Norske kroner;SP;Spot;4;false;0;Enheter;C;ECB concertation tidspunkt 14:15 CET;2025-03-26;10,5288
B;Virkedag;USD;Amerikanske dollar;NOK;Norske kroner;SP;Spot;4;false;0;Enheter;C;ECB concertation tidspunkt 14:15 CET;2025-03-27;10,5178
B;Virkedag;USD;Amerikanske dollar;NOK;Norske kroner;SP;Spot;4;false;0;Enheter;C;ECB concertation tidspunkt 14:15 CET;2025-03-28;10,4603
B;Virkedag;USD;Amerikanske dollar;NOK;Norske kroner;SP;Spot;4;false;0;Enheter;C;ECB concertation tidspunkt 14:15 CET;2025-03-31;10,5529
B;Virkedag;GBP;Britiske pund;NOK;Norske kroner;SP;Spot;4;false;0;Enheter;C;ECB concertation tidspunkt 14:15 CET;2020-04-01;12,7385
B;Virkedag;GBP;Britiske pund;NOK;Norske kroner;SP;Spot;4;false;0;Enheter;C;ECB concertation tidspunkt 14:15 CET;2020-04-02;12,8046
B;Virkedag;GBP;Britiske pund;NOK;Norske kroner;SP;Spot;4;false;0;Enheter;C;ECB concertation tidspunkt 14:15 CET;2020-04-03;12,8205
B;Virkedag;GBP;Britiske pund;NOK;Norske kroner;SP;Spot;4;false;0;Enheter;C;ECB concertation tidspunkt 14:15 CET;2020-04-06;12,9698
B;Virkedag;GBP;Britiske pund;NOK;Norske kroner;SP;Spot;4;false;0;Enheter;C;ECB concertation tidspunkt 14:15 CET;2020-04-07;12,5941
B;Virkedag;GBP;Britiske pund;NOK;Norske kroner;SP;Spot;4;false;0;Enheter;C;ECB concertation tidspunkt 14:15 CET;2020-04-08;12,728
B;Virkedag;GBP;Britiske pund;NOK;Norske kroner;SP;Spot;4;false;0;Enheter;C;ECB concertation tidspunkt 14:15 CET;2020-04-14;12,9644
B;Virkedag;GBP;Britiske pund;NOK;Norske kroner;SP;Spot;4;false;0;Enheter;C;ECB concertation tidspunkt 14:15 CET;2020-04-15;13,1033
B;Virkedag;GBP;Britiske pund;NOK;Norske kroner;SP;Spot;4;false;0;Enheter;C;ECB concertation tidspunkt 14:15 CET;2020-04-16;13,0956
B;Virkedag;GBP;Britiske pund;NOK;Norske kroner;SP;Spot;4;false;0;Enheter;C;ECB concertation tidspunkt 14:15 CET;2020-04-17;12,974
B;Virkedag;GBP;Britiske pund;NOK;Norske kroner;SP;Spot;4;false;0;Enheter;C;ECB concertation tidspunkt 14:15 CET;2020-04-20;12,9029
B;Virkedag;GBP;Britiske pund;NOK;Norske kroner;SP;Spot;4;false;0;Enheter;C;ECB concertation tidspunkt 14:15 CET;2020-04-21;13,0326
B;Virkedag;GBP;Britiske pund;NOK;Norske kroner;SP;Spot;4;false;0;Enheter;C;ECB concertation tidspunkt 14:15 CET;2020-04-22;13,282
B;Virkedag;GBP;Britiske pund;NOK;Norske kroner;SP;Spot;4;false;0;Enheter;C;ECB concertation tidspunkt 14:15 CET;2020-04-23;13,207
B;Virkedag;GBP;Britiske pund;NOK;Norske kroner;SP;Spot;4;false;0;Enheter;C;ECB concertation tidspunkt 14:15 CET;2020-04-24;13,1186
B;Virkedag;GBP;Britiske pund;NOK;Norske kroner;SP;Spot;4;false;0;Enheter;C;ECB concertation tidspunkt 14:15 CET;2020-04-27;13,1227
B;Virkedag;GBP;Britiske pund;NOK;Norske kroner;SP;Spot;4;false;0;Enheter;C;ECB concertation tidspunkt 14:15 CET;2020-04-28;12,952
B;Virkedag;GBP;Britiske pund;NOK;Norske kroner;SP;Spot;4;false;0;Enheter;C;ECB concertation tidspunkt 14:15 CET;2020-04-29;12,9012
B;Virkedag;GBP;Britiske pund;NOK;Norske kroner;SP;Spot;4;false;0;Enheter;C;ECB concertation tidspunkt 14:15 CET;2020-04-30;12,8692
B;Virkedag;GBP;Britiske pund;NOK;Norske kroner;SP;Spot;4;false;0;Enheter;C;ECB concertation tidspunkt 14:15 CET;2020-05-04;12,8877
B;Virkedag;GBP;Britiske pund;NOK;Norske kroner;SP;Spot;4;false;0;Enheter;C;ECB concertation tidspunkt 14:15 CET;2020-05-05;12,8337
B;Virkedag;GBP;Britiske pund;NOK;Norske kroner;SP;Spot;4;false;0;Enheter;C;ECB concertation tidspunkt 14:15 CET;2020-05-06;12,7102
B;Virkedag;GBP;Britiske pund;NOK;Norske kroner;SP;Spot;4;false;0;Enheter;C;ECB concertation tidspunkt 14:15 CET;2020-05-07;12,6209
B;Virkedag;GBP;Britiske pund;NOK;Norske kroner;SP;Spot;4;false;0;Enheter;C;ECB concertation tidspunkt 14:15 CET;2020-05-08;12,6458
B;Virkedag;GBP;Britiske pund;NOK;Norske kroner;SP;Spot;4;false;0;Enheter;C;ECB concertation tidspunkt 14:15 CET;2020-05-11;12,5701
B;Virkedag;GBP;Britiske pund;NOK;Norske kroner;SP;Spot;4;false;0;Enheter;C;ECB concertation tidspunkt 14:15 CET;2020-05-12;12,5913
B;Virkedag;GBP;Britiske pund;NOK;Norske kroner;SP;Spot;4;false;0;Enheter;C;ECB concertation tidspunkt 14:15 CET;2020-05-13;12,395
B;Virkedag;GBP;Britiske pund;NOK;Norske kroner;SP;Spot;4;false;0;Enheter;C;ECB concertation tidspunkt 14:15 CET;2020-05-14;12,4977
B;Virkedag;GBP;Britiske pund;NOK;Norske kroner;SP;Spot;4;false;0;Enheter;C;ECB concertation tidspunkt 14:15 CET;2020-05-15;12,4601
B;Virkedag;GBP;Britiske pund;NOK;Norske kroner;SP;Spot;4;false;0;Enheter;C;ECB concertation tidspunkt 14:15 CET;2020-05-18;12,3005
B;Virkedag;GBP;Britiske pund;NOK;Norske kroner;SP;Spot;4;false;0;Enheter;C;ECB concertation tidspunkt 14:15 CET;2020-05-19;12,1911
B;Virkedag;GBP;Britiske pund;NOK;Norske kroner;SP;Spot;4;false;0;Enheter;C;ECB concertation tidspunkt 14:15 CET;2020-05-20;12,1718
B;Virkedag;GBP;Britiske pund;NOK;Norske kroner;SP;Spot;4;false;0;Enheter;C;ECB concertation tidspunkt 14:15 CET;2020-05-22;12,1789
B;Virkedag;GBP;Britiske pund;NOK;Norske kroner;SP;Spot;4;false;0;Enheter;C;ECB concertation tidspunkt 14:15 CET;2020-05-25;12,2167
B;Virkedag;GBP;Britiske pund;NOK;Norske kroner;SP;Spot;4;false;0;Enheter;C;ECB concertation tidspunkt 14:15 CET;2020-05-26;12,2576
B;Virkedag;GBP;Britiske pund;NOK;Norske kroner;SP;Spot;4;false;0;Enheter;C;ECB concertation tidspunkt 14:15 CET;2020-05-27;12,0858
B;Virkedag;GBP;Britiske pund;NOK;Norske kroner;SP;Spot;4;false;0;Enheter;C;ECB concertation tidspunkt 14:15 CET;2020-05-28;12,098
B;Virkedag;GBP;Britiske pund;NOK;Norske kroner;SP;Spot;4;false;0;Enheter;C;ECB concertation tidspunkt 14:15 CET;2020-05-29;11,975
B;Virkedag;GBP;Britiske pund;NOK;Norske kroner;SP;Spot;4;false;0;Enheter;C;ECB concertation tidspunkt 14:15 CET;2020-06-02;11,9886
B;Virkedag;GBP;Britiske pund;NOK;Norske kroner;SP;Spot;4;false;0;Enheter;C;ECB concertation tidspunkt 14:15 CET;2020-06-03;11,9887
B;Virkedag;GBP;Britiske pund;NOK;Norske kroner;SP;Spot;4;false;0;Enheter;C;ECB concertation tidspunkt 14:15 CET;2020-06-04;11,8245
B;Virkedag;GBP;Britiske pund;NOK;Norske kroner;SP;Spot;4;false;0;Enheter;C;ECB concertation tidspunkt 14:15 CET;2020-06-05;11,7837
B;Virkedag;GBP;Britiske pund;NOK;Norske kroner;SP;Spot;4;false;0;Enheter;C;ECB concertation tidspunkt 14:15 CET;2020-06-08;11,7303
B;Virkedag;GBP;Britiske pund;NOK;Norske kroner;SP;Spot;4;false;0;Enheter;C;ECB concertation tidspunkt 14:15 CET;2020-06-09;11,8288
B;Virkedag;GBP;Britiske pund;NOK;Norske kroner;SP;Spot;4;false;0;Enheter;C;ECB concertation tidspunkt 14:15 CET;2020-06-10;11,8457
B;Virkedag;GBP;Britiske pund;NOK;Norske kroner;SP;Spot;4;false;0;Enheter;C;ECB concertation tidspunkt 14:15 CET;2020-06-11;11,9556
B;Virkedag;GBP;Britiske pund;NOK;Norske kroner;SP;Spot;4;false;0;Enheter;C;ECB concertation tidspunkt 14:15 CET;2020-06-12;12,0994
B;Virkedag;GBP;Britiske pund;NOK;Norske kroner;SP;Spot;4;false;0;Enheter;C;ECB concertation tidspunkt 14:15 CET;2020-06-15;12,1468
B;Virkedag;GBP;Britiske pund;NOK;Norske kroner;SP;Spot;4;false;0;Enheter;C;ECB concertation tidspunkt 14:15 CET;2020-06-16;12,0162
B;Virkedag;GBP;Britiske pund;NOK;Norske kroner;SP;Spot;4;false;0;Enheter;C;ECB concertation tidspunkt 14:15 CET;2020-06-17;11,9678
B;Virkedag;GBP;Britiske pund;NOK;Norske kroner;SP;Spot;4;false;0;Enheter;C;ECB concertation tidspunkt 14:15 CET;2020-06-18;11,8944
B;Virkedag;GBP;Britiske pund;NOK;Norske kroner;SP;Spot;4;false;0;Enheter;C;ECB concertation tidspunkt 14:15 CET;2020-06-19;11,8375
B;Virkedag;GBP;Britiske pund;NOK;Norske kroner;SP;Spot;4;false;0;Enheter;C;ECB concertation tidspunkt 14:15 CET;2020-06-22;11,9548
B;Virkedag;GBP;Britiske pund;NOK;Norske kroner;SP;Spot;4;false;0;Enheter;C;ECB concertation tidspunkt 14:15 CET;2020-06-23;11,8443
B;Virkedag;GBP;Britiske pund;NOK;Norske kroner;SP;Spot;4;false;0;Enheter;C;ECB concertation tidspunkt 14:15 CET;2020-06-24;11,9498
B;Virkedag;GBP;Britiske pund;NOK;Norske kroner;SP;Spot;4;false;0;Enheter;C;ECB concertation tidspunkt 14:15 CET;2020-06-25;12,0653
B;Virkedag;GBP;Britiske pund;NOK;Norske kroner;SP;Spot;4;false;0;Enheter;C;ECB concertation tidspunkt 14:15 CET;2020-06-26;12,0177
B;Virkedag;GBP;Britiske pund;NOK;Norske kroner;SP;Spot;4;false;0;Enheter;C;ECB concertation tidspunkt 14:15 CET;2020-06-29;11,9088
B;Virkedag;GBP;Britiske pund;NOK;Norske kroner;SP;Spot;4;false;0;Enheter;C;ECB concertation tidspunkt 14:15 CET;2020-06-30;11,9593
B;Virkedag;GBP;Britiske pund;NOK;Norske kroner;SP;Spot;4;false;0;Enheter;C;ECB concertation tidspunkt 14:15 CET;2020-07-01;11,9137
B;Virkedag;GBP;Britiske pund;NOK;Norske kroner;SP;Spot;4;false;0;Enheter;C;ECB concertation tidspunkt 14:15 CET;2020-07-02;11,8452
B;Virkedag;GBP;Britiske pund;NOK;Norske kroner;SP;Spot;4;false;0;Enheter;C;ECB concertation tidspunkt 14:15 CET;2020-07-03;11,8481
B;Virkedag;GBP;Britiske pund;NOK;Norske kroner;SP;Spot;4;false;0;Enheter;C;ECB concertation tidspunkt 14:15 CET;2020-07-06;11,7361
B;Virkedag;GBP;Britiske pund;NOK;Norske kroner;SP;Spot;4;false;0;Enheter;C;ECB concertation tidspunkt 14:15 CET;2020-07-07;11,8057
B;Virkedag;GBP;Britiske pund;NOK;Norske kroner;SP;Spot;4;false;0;Enheter;C;ECB concertation tidspunkt 14:15 CET;2020-07-08;11,8863
B;Virkedag;GBP;Britiske pund;NOK;Norske kroner;SP;Spot;4;false;0;Enheter;C;ECB concertation tidspunkt 14:15 CET;2020-07-09;11,8424
B;Virkedag;GBP;Britiske pund;NOK;Norske kroner;SP;Spot;4;false;0;Enheter;C;ECB concertation tidspunkt 14:15 CET;2020-07-10;11,9642
B;Virkedag;GBP;Britiske pund;NOK;Norske kroner;SP;Spot;4;false;0;Enheter;C;ECB concertation tidspunkt 14:15 CET;2020-07-13;11,8582
B;Virkedag;GBP;Britiske pund;NOK;Norske kroner;SP;Spot;4;false;0;Enheter;C;ECB concertation tidspunkt 14:15 CET;2020-07-14;11,7991
B;Virkedag;GBP;Britiske pund;NOK;Norske kroner;SP;Spot;4;false;0;Enheter;C;ECB concertation tidspunkt 14:15 CET;2020-07-15;11,7379
B;Virkedag;GBP;Britiske pund;NOK;Norske kroner;SP;Spot;4;false;0;Enheter;C;ECB concertation tidspunkt 14:15 CET;2020-07-16;11,6807
B;Virkedag;GBP;Britiske pund;NOK;Norske kroner;SP;Spot;4;false;0;Enheter;C;ECB concertation tidspunkt 14:15 CET;2020-07-17;11,6378
B;Virkedag;GBP;Britiske pund;NOK;Norske kroner;SP;Spot;4;false;0;Enheter;C;ECB concertation tidspunkt 14:15 CET;2020-07-20;11,7096
B;Virkedag;GBP;Britiske pund;NOK;Norske kroner;SP;Spot;4;false;0;Enheter;C;ECB concertation tidspunkt 14:15 CET;2020-07-21;11,6521
B;Virkedag;GBP;Britiske pund;NOK;Norske kroner;SP;Spot;4;false;0;Enheter;C;ECB concertation tidspunkt 14:15 CET;2020-07-22;11,5605
B;Virkedag;GBP;Britiske pund;NOK;Norske kroner;SP;Spot;4;false;0;Enheter;C;ECB concertation tidspunkt 14:15 CET;2020-07-23;11,6314
B;Virkedag;GBP;Britiske pund;NOK;Norske kroner;SP;Spot;4;false;0;Enheter;C;ECB concertation tidspunkt 14:15 CET;2020-07-24;11,755
B;Virkedag;GBP;Britiske pund;NOK;Norske kroner;SP;Spot;4;false;0;Enheter;C;ECB concertation tidspunkt 14:15 CET;2020-07-27;11,6798
B;Virkedag;GBP;Britiske pund;NOK;Norske kroner;SP;Spot;4;false;0;Enheter;C;ECB concertation tidspunkt 14:15 CET;2020-07-28;11,7558
B;Virkedag;GBP;Britiske pund;NOK;Norske kroner;SP;Spot;4;false;0;Enheter;C;ECB concertation tidspunkt 14:15 CET;2020-07-29;11,791
B;Virkedag;GBP;Britiske pund;NOK;Norske kroner;SP;Spot;4;false;0;Enheter;C;ECB concertation tidspunkt 14:15 CET;2020-07-30;11,8772
B;Virkedag;GBP;Britiske pund;NOK;Norske kroner;SP;Spot;4;false;0;Enheter;C;ECB concertation tidspunkt 14:15 CET;2020-07-31;11,9178
B;Virkedag;GBP;Britiske pund;NOK;Norske kroner;SP;Spot;4;false;0;Enheter;C;ECB concertation tidspunkt 14:15 CET;2020-08-03;11,9081
B;Virkedag;GBP;Britiske pund;NOK;Norske kroner;SP;Spot;4;false;0;Enheter;C;ECB concertation tidspunkt 14:15 CET;2020-08-04;11,9077
B;Virkedag;GBP;Britiske pund;NOK;Norske kroner;SP;Spot;4;false;0;Enheter;C;ECB concertation tidspunkt 14:15 CET;2020-08-05;11,808
B;Virkedag;GBP;Britiske pund;NOK;Norske kroner;SP;Spot;4;false;0;Enheter;C;ECB concertation tidspunkt 14:15 CET;2020-08-06;11,8332
B;Virkedag;GBP;Britiske pund;NOK;Norske kroner;SP;Spot;4;false;0;Enheter;C;ECB concertation tidspunkt 14:15 CET;2020-08-07;11,7771
B;Virkedag;GBP;Britiske pund;NOK;Norske kroner;SP;Spot;4;false;0;Enheter;C;ECB concertation tidspunkt 14:15 CET;2020-08-10;11,7897
B;Virkedag;GBP;Britiske pund;NOK;Norske kroner;SP;Spot;4;false;0;Enheter;C;ECB concertation tidspunkt 14:15 CET;2020-08-11;11,7603
B;Virkedag;GBP;Britiske pund;NOK;Norske kroner;SP;Spot;4;false;0;Enheter;C;ECB concertation tidspunkt 14:15 CET;2020-08-12;11,6566
B;Virkedag;GBP;Britiske pund;NOK;Norske kroner;SP;Spot;4;false;0;Enheter;C;ECB concertation tidspunkt 14:15 CET;2020-08-13;11,6349
B;Virkedag;GBP;Britiske pund;NOK;Norske kroner;SP;Spot;4;false;0;Enheter;C;ECB concertation tidspunkt 14:15 CET;2020-08-14;11,689
B;Virkedag;GBP;Britiske pund;NOK;Norske kroner;SP;Spot;4;false;0;Enheter;C;ECB concertation tidspunkt 14:15 CET;2020-08-17;11,5994
B;Virkedag;GBP;Britiske pund;NOK;Norske kroner;SP;Spot;4;false;0;Enheter;C;ECB concertation tidspunkt 14:15 CET;2020-08-18;11,6194
B;Virkedag;GBP;Britiske pund;NOK;Norske kroner;SP;Spot;4;false;0;Enheter;C;ECB concertation tidspunkt 14:15 CET;2020-08-19;11,6725
B;Virkedag;GBP;Britiske pund;NOK;Norske kroner;SP;Spot;4;false;0;Enheter;C;ECB concertation tidspunkt 14:15 CET;2020-08-20;11,7627
B;Virkedag;GBP;Britiske pund;NOK;Norske kroner;SP;Spot;4;false;0;Enheter;C;ECB concertation tidspunkt 14:15 CET;2020-08-21;11,8002
B;Virkedag;GBP;Britiske pund;NOK;Norske kroner;SP;Spot;4;false;0;Enheter;C;ECB concertation tidspunkt 14:15 CET;2020-08-24;11,7758
B;Virkedag;GBP;Britiske pund;NOK;Norske kroner;SP;Spot;4;false;0;Enheter;C;ECB concertation tidspunkt 14:15 CET;2020-08-25;11,7503
B;Virkedag;GBP;Britiske pund;NOK;Norske kroner;SP;Spot;4;false;0;Enheter;C;ECB concertation tidspunkt 14:15 CET;2020-08-26;11,7742
B;Virkedag;GBP;Britiske pund;NOK;Norske kroner;SP;Spot;4;false;0;Enheter;C;ECB concertation tidspunkt 14:15 CET;2020-08-27;11,7511
B;Virkedag;GBP;Britiske pund;NOK;Norske kroner;SP;Spot;4;false;0;Enheter;C;ECB concertation tidspunkt 14:15 CET;2020-08-28;11,7025
B;Virkedag;GBP;Britiske pund;NOK;Norske kroner;SP;Spot;4;false;0;Enheter;C;ECB concertation tidspunkt 14:15 CET;2020-08-31;11,6679
B;Virkedag;GBP;Britiske pund;NOK;Norske kroner;SP;Spot;4;false;0;Enheter;C;ECB concertation tidspunkt 14:15 CET;2020-09-01;11,7312
B;Virkedag;GBP;Britiske pund;NOK;Norske kroner;SP;Spot;4;false;0;Enheter;C;ECB concertation tidspunkt 14:15 CET;2020-09-02;11,7132
B;Virkedag;GBP;Britiske pund;NOK;Norske kroner;SP;Spot;4;false;0;Enheter;C;ECB concertation tidspunkt 14:15 CET;2020-09-03;11,8152
B;Virkedag;GBP;Britiske pund;NOK;Norske kroner;SP;Spot;4;false;0;Enheter;C;ECB concertation tidspunkt 14:15 CET;2020-09-04;11,8408
B;Virkedag;GBP;Britiske pund;NOK;Norske kroner;SP;Spot;4;false;0;Enheter;C;ECB concertation tidspunkt 14:15 CET;2020-09-07;11,7385
B;Virkedag;GBP;Britiske pund;NOK;Norske kroner;SP;Spot;4;false;0;Enheter;C;ECB concertation tidspunkt 14:15 CET;2020-09-08;11,7976
B;Virkedag;GBP;Britiske pund;NOK;Norske kroner;SP;Spot;4;false;0;Enheter;C;ECB concertation tidspunkt 14:15 CET;2020-09-09;11,7472
B;Virkedag;GBP;Britiske pund;NOK;Norske kroner;SP;Spot;4;false;0;Enheter;C;ECB concertation tidspunkt 14:15 CET;2020-09-10;11,6683
B;Virkedag;GBP;Britiske pund;NOK;Norske kroner;SP;Spot;4;false;0;Enheter;C;ECB concertation tidspunkt 14:15 CET;2020-09-11;11,5821
B;Virkedag;GBP;Britiske pund;NOK;Norske kroner;SP;Spot;4;false;0;Enheter;C;ECB concertation tidspunkt 14:15 CET;2020-09-14;11,5992
B;Virkedag;GBP;Britiske pund;NOK;Norske kroner;SP;Spot;4;false;0;Enheter;C;ECB concertation tidspunkt 14:15 CET;2020-09-15;11,6144
B;Virkedag;GBP;Britiske pund;NOK;Norske kroner;SP;Spot;4;false;0;Enheter;C;ECB concertation tidspunkt 14:15 CET;2020-09-16;11,661
B;Virkedag;GBP;Britiske pund;NOK;Norske kroner;SP;Spot;4;false;0;Enheter;C;ECB concertation tidspunkt 14:15 CET;2020-09-17;11,7162
B;Virkedag;GBP;Britiske pund;NOK;Norske kroner;SP;Spot;4;false;0;Enheter;C;ECB concertation tidspunkt 14:15 CET;2020-09-18;11,7762
B;Virkedag;GBP;Britiske pund;NOK;Norske kroner;SP;Spot;4;false;0;Enheter;C;ECB concertation tidspunkt 14:15 CET;2020-09-21;11,8811
B;Virkedag;GBP;Britiske pund;NOK;Norske kroner;SP;Spot;4;false;0;Enheter;C;ECB concertation tidspunkt 14:15 CET;2020-09-22;11,9386
B;Virkedag;GBP;Britiske pund;NOK;Norske kroner;SP;Spot;4;false;0;Enheter;C;ECB concertation tidspunkt 14:15 CET;2020-09-23;11,9647
B;Virkedag;GBP;Britiske pund;NOK;Norske kroner;SP;Spot;4;false;0;Enheter;C;ECB concertation tidspunkt 14:15 CET;2020-09-24;12,1698
B;Virkedag;GBP;Britiske pund;NOK;Norske kroner;SP;Spot;4;false;0;Enheter;C;ECB concertation tidspunkt 14:15 CET;2020-09-25;12,2007
B;Virkedag;GBP;Britiske pund;NOK;Norske kroner;SP;Spot;4;false;0;Enheter;C;ECB concertation tidspunkt 14:15 CET;2020-09-28;12,2177
B;Virkedag;GBP;Britiske pund;NOK;Norske kroner;SP;Spot;4;false;0;Enheter;C;ECB concertation tidspunkt 14:15 CET;2020-09-29;12,1525
B;Virkedag;GBP;Britiske pund;NOK;Norske kroner;SP;Spot;4;false;0;Enheter;C;ECB concertation tidspunkt 14:15 CET;2020-09-30;12,1673
B;Virkedag;GBP;Britiske pund;NOK;Norske kroner;SP;Spot;4;false;0;Enheter;C;ECB concertation tidspunkt 14:15 CET;2020-10-01;12,0226
B;Virkedag;GBP;Britiske pund;NOK;Norske kroner;SP;Spot;4;false;0;Enheter;C;ECB concertation tidspunkt 14:15 CET;2020-10-02;12,0256
B;Virkedag;GBP;Britiske pund;NOK;Norske kroner;SP;Spot;4;false;0;Enheter;C;ECB concertation tidspunkt 14:15 CET;2020-10-05;11,9871
B;Virkedag;GBP;Britiske pund;NOK;Norske kroner;SP;Spot;4;false;0;Enheter;C;ECB concertation tidspunkt 14:15 CET;2020-10-06;11,9268
B;Virkedag;GBP;Britiske pund;NOK;Norske kroner;SP;Spot;4;false;0;Enheter;C;ECB concertation tidspunkt 14:15 CET;2020-10-07;11,9581
B;Virkedag;GBP;Britiske pund;NOK;Norske kroner;SP;Spot;4;false;0;Enheter;C;ECB concertation tidspunkt 14:15 CET;2020-10-08;11,9776
B;Virkedag;GBP;Britiske pund;NOK;Norske kroner;SP;Spot;4;false;0;Enheter;C;ECB concertation tidspunkt 14:15 CET;2020-10-09;11,9147
B;Virkedag;GBP;Britiske pund;NOK;Norske kroner;SP;Spot;4;false;0;Enheter;C;ECB concertation tidspunkt 14:15 CET;2020-10-12;11,9125
B;Virkedag;GBP;Britiske pund;NOK;Norske kroner;SP;Spot;4;false;0;Enheter;C;ECB concertation tidspunkt 14:15 CET;2020-10-13;11,9132
B;Virkedag;GBP;Britiske pund;NOK;Norske kroner;SP;Spot;4;false;0;Enheter;C;ECB concertation tidspunkt 14:15 CET;2020-10-14;11,9717
B;Virkedag;GBP;Britiske pund;NOK;Norske kroner;SP;Spot;4;false;0;Enheter;C;ECB concertation tidspunkt 14:15 CET;2020-10-15;12,1144
B;Virkedag;GBP;Britiske pund;NOK;Norske kroner;SP;Spot;4;false;0;Enheter;C;ECB concertation tidspunkt 14:15 CET;2020-10-16;12,0519
B;Virkedag;GBP;Britiske pund;NOK;Norske kroner;SP;Spot;4;false;0;Enheter;C;ECB concertation tidspunkt 14:15 CET;2020-10-19;12,0844
B;Virkedag;GBP;Britiske pund;NOK;Norske kroner;SP;Spot;4;false;0;Enheter;C;ECB concertation tidspunkt 14:15 CET;2020-10-20;12,0113
B;Virkedag;GBP;Britiske pund;NOK;Norske kroner;SP;Spot;4;false;0;Enheter;C;ECB concertation tidspunkt 14:15 CET;2020-10-21;12,0452
B;Virkedag;GBP;Britiske pund;NOK;Norske kroner;SP;Spot;4;false;0;Enheter;C;ECB concertation tidspunkt 14:15 CET;2020-10-22;12,1105
B;Virkedag;GBP;Britiske pund;NOK;Norske kroner;SP;Spot;4;false;0;Enheter;C;ECB concertation tidspunkt 14:15 CET;2020-10-23;12,0406
B;Virkedag;GBP;Britiske pund;NOK;Norske kroner;SP;Spot;4;false;0;Enheter;C;ECB concertation tidspunkt 14:15 CET;2020-10-26;12,0616
B;Virkedag;GBP;Britiske pund;NOK;Norske kroner;SP;Spot;4;false;0;Enheter;C;ECB concertation tidspunkt 14:15 CET;2020-10-27;11,9489
B;Virkedag;GBP;Britiske pund;NOK;Norske kroner;SP;Spot;4;false;0;Enheter;C;ECB concertation tidspunkt 14:15 CET;2020-10-28;12,0991
B;Virkedag;GBP;Britiske pund;NOK;Norske kroner;SP;Spot;4;false;0;Enheter;C;ECB concertation tidspunkt 14:15 CET;2020-10-29;12,3294
B;Virkedag;GBP;Britiske pund;NOK;Norske kroner;SP;Spot;4;false;0;Enheter;C;ECB concertation tidspunkt 14:15 CET;2020-10-30;12,2982
B;Virkedag;GBP;Britiske pund;NOK;Norske kroner;SP;Spot;4;false;0;Enheter;C;ECB concertation tidspunkt 14:15 CET;2020-11-02;12,3403
B;Virkedag;GBP;Britiske pund;NOK;Norske kroner;SP;Spot;4;false;0;Enheter;C;ECB concertation tidspunkt 14:15 CET;2020-11-03;12,228
B;Virkedag;GBP;Britiske pund;NOK;Norske kroner;SP;Spot;4;false;0;Enheter;C;ECB concertation tidspunkt 14:15 CET;2020-11-04;12,1821
B;Virkedag;GBP;Britiske pund;NOK;Norske kroner;SP;Spot;4;false;0;Enheter;C;ECB concertation tidspunkt 14:15 CET;2020-11-05;11,9956
B;Virkedag;GBP;Britiske pund;NOK;Norske kroner;SP;Spot;4;false;0;Enheter;C;ECB concertation tidspunkt 14:15 CET;2020-11-06;12,076
B;Virkedag;GBP;Britiske pund;NOK;Norske kroner;SP;Spot;4;false;0;Enheter;C;ECB concertation tidspunkt 14:15 CET;2020-11-09;11,8706
B;Virkedag;GBP;Britiske pund;NOK;Norske kroner;SP;Spot;4;false;0;Enheter;C;ECB concertation tidspunkt 14:15 CET;2020-11-10;11,955
B;Virkedag;GBP;Britiske pund;NOK;Norske kroner;SP;Spot;4;false;0;Enheter;C;ECB concertation tidspunkt 14:15 CET;2020-11-11;12,0057
B;Virkedag;GBP;Britiske pund;NOK;Norske kroner;SP;Spot;4;false;0;Enheter;C;ECB concertation tidspunkt 14:15 CET;2020-11-12;11,9933
B;Virkedag;GBP;Britiske pund;NOK;Norske kroner;SP;Spot;4;false;0;Enheter;C;ECB concertation tidspunkt 14:15 CET;2020-11-13;12,0561
B;Virkedag;GBP;Britiske pund;NOK;Norske kroner;SP;Spot;4;false;0;Enheter;C;ECB concertation tidspunkt 14:15 CET;2020-11-16;11,9474
B;Virkedag;GBP;Britiske pund;NOK;Norske kroner;SP;Spot;4;false;0;Enheter;C;ECB concertation tidspunkt 14:15 CET;2020-11-17;12,0202
B;Virkedag;GBP;Britiske pund;NOK;Norske kroner;SP;Spot;4;false;0;Enheter;C;ECB concertation tidspunkt 14:15 CET;2020-11-18;11,9852
B;Virkedag;GBP;Britiske pund;NOK;Norske kroner;SP;Spot;4;false;0;Enheter;C;ECB concertation tidspunkt 14:15 CET;2020-11-19;11,9604
B;Virkedag;GBP;Britiske pund;NOK;Norske kroner;SP;Spot;4;false;0;Enheter;C;ECB concertation tidspunkt 14:15 CET;2020-11-20;11,9263
B;Virkedag;GBP;Britiske pund;NOK;Norske kroner;SP;Spot;4;false;0;Enheter;C;ECB concertation tidspunkt 14:15 CET;2020-11-23;12,0267
B;Virkedag;GBP;Britiske pund;NOK;Norske kroner;SP;Spot;4;false;0;Enheter;C;ECB concertation tidspunkt 14:15 CET;2020-11-24;11,9948
B;Virkedag;GBP;Britiske pund;NOK;Norske kroner;SP;Spot;4;false;0;Enheter;C;ECB concertation tidspunkt 14:15 CET;2020-11-25;11,8354
B;Virkedag;GBP;Britiske pund;NOK;Norske kroner;SP;Spot;4;false;0;Enheter;C;ECB concertation tidspunkt 14:15 CET;2020-11-26;11,8598
B;Virkedag;GBP;Britiske pund;NOK;Norske kroner;SP;Spot;4;false;0;Enheter;C;ECB concertation tidspunkt 14:15 CET;2020-11-27;11,8099
B;Virkedag;GBP;Britiske pund;NOK;Norske kroner;SP;Spot;4;false;0;Enheter;C;ECB concertation tidspunkt 14:15 CET;2020-11-30;11,7547
B;Virkedag;GBP;Britiske pund;NOK;Norske kroner;SP;Spot;4;false;0;Enheter;C;ECB concertation tidspunkt 14:15 CET;2020-12-01;11,8074
B;Virkedag;GBP;Britiske pund;NOK;Norske kroner;SP;Spot;4;false;0;Enheter;C;ECB concertation tidspunkt 14:15 CET;2020-12-02;11,8248
B;Virkedag;GBP;Britiske pund;NOK;Norske kroner;SP;Spot;4;false;0;Enheter;C;ECB concertation tidspunkt 14:15 CET;2020-12-03;11,8495
B;Virkedag;GBP;Britiske pund;NOK;Norske kroner;SP;Spot;4;false;0;Enheter;C;ECB concertation tidspunkt 14:15 CET;2020-12-04;11,8072
B;Virkedag;GBP;Britiske pund;NOK;Norske kroner;SP;Spot;4;false;0;Enheter;C;ECB concertation tidspunkt 14:15 CET;2020-12-07;11,6569
B;Virkedag;GBP;Britiske pund;NOK;Norske kroner;SP;Spot;4;false;0;Enheter;C;ECB concertation tidspunkt 14:15 CET;2020-12-08;11,6611
B;Virkedag;GBP;Britiske pund;NOK;Norske kroner;SP;Spot;4;false;0;Enheter;C;ECB concertation tidspunkt 14:15 CET;2020-12-09;11,7514
B;Virkedag;GBP;Britiske pund;NOK;Norske kroner;SP;Spot;4;false;0;Enheter;C;ECB concertation tidspunkt 14:15 CET;2020-12-10;11,7453
B;Virkedag;GBP;Britiske pund;NOK;Norske kroner;SP;Spot;4;false;0;Enheter;C;ECB concertation tidspunkt 14:15 CET;2020-12-11;11,5899
B;Virkedag;GBP;Britiske pund;NOK;Norske kroner;SP;Spot;4;false;0;Enheter;C;ECB concertation tidspunkt 14:15 CET;2020-12-14;11,6685
B;Virkedag;GBP;Britiske pund;NOK;Norske kroner;SP;Spot;4;false;0;Enheter;C;ECB concertation tidspunkt 14:15 CET;2020-12-15;11,6901
B;Virkedag;GBP;Britiske pund;NOK;Norske kroner;SP;Spot;4;false;0;Enheter;C;ECB concertation tidspunkt 14:15 CET;2020-12-16;11,7608
B;Virkedag;GBP;Britiske pund;NOK;Norske kroner;SP;Spot;4;false;0;Enheter;C;ECB concertation tidspunkt 14:15 CET;2020-12-17;11,6619
B;Virkedag;GBP;Britiske pund;NOK;Norske kroner;SP;Spot;4;false;0;Enheter;C;ECB concertation tidspunkt 14:15 CET;2020-12-18;11,5783
B;Virkedag;GBP;Britiske pund;NOK;Norske kroner;SP;Spot;4;false;0;Enheter;C;ECB concertation tidspunkt 14:15 CET;2020-12-21;11,6273
B;Virkedag;GBP;Britiske pund;NOK;Norske kroner;SP;Spot;4;false;0;Enheter;C;ECB concertation tidspunkt 14:15 CET;2020-12-22;11,6226
B;Virkedag;GBP;Britiske pund;NOK;Norske kroner;SP;Spot;4;false;0;Enheter;C;ECB concertation tidspunkt 14:15 CET;2020-12-23;11,7131
B;Virkedag;GBP;Britiske pund;NOK;Norske kroner;SP;Spot;4;false;0;Enheter;C;ECB concertation tidspunkt 14:15 CET;2020-12-28;11,6929
B;Virkedag;GBP;Britiske pund;NOK;Norske kroner;SP;Spot;4;false;0;Enheter;C;ECB concertation tidspunkt 14:15 CET;2020-12-29;11,6109
B;Virkedag;GBP;Britiske pund;NOK;Norske kroner;SP;Spot;4;false;0;Enheter;C;ECB concertation tidspunkt 14:15 CET;2020-12-30;11,6791
B;Virkedag;GBP;Britiske pund;NOK;Norske kroner;SP;Spot;4;false;0;Enheter;C;ECB concertation tidspunkt 14:15 CET;2020-12-31;11,6462
B;Virkedag;GBP;Britiske pund;NOK;Norske kroner;SP;Spot;4;false;0;Enheter;C;ECB concertation tidspunkt 14:15 CET;2021-01-04;11,5839
B;Virkedag;GBP;Britiske pund;NOK;Norske kroner;SP;Spot;4;false;0;Enheter;C;ECB concertation tidspunkt 14:15 CET;2021-01-05;11,5919
B;Virkedag;GBP;Britiske pund;NOK;Norske kroner;SP;Spot;4;false;0;Enheter;C;ECB concertation tidspunkt 14:15 CET;2021-01-06;11,4536
B;Virkedag;GBP;Britiske pund;NOK;Norske kroner;SP;Spot;4;false;0;Enheter;C;ECB concertation tidspunkt 14:15 CET;2021-01-07;11,4686
B;Virkedag;GBP;Britiske pund;NOK;Norske kroner;SP;Spot;4;false;0;Enheter;C;ECB concertation tidspunkt 14:15 CET;2021-01-08;11,413
B;Virkedag;GBP;Britiske pund;NOK;Norske kroner;SP;Spot;4;false;0;Enheter;C;ECB concertation tidspunkt 14:15 CET;2021-01-11;11,49
B;Virkedag;GBP;Britiske pund;NOK;Norske kroner;SP;Spot;4;false;0;Enheter;C;ECB concertation tidspunkt 14:15 CET;2021-01-12;11,6016
B;Virkedag;GBP;Britiske pund;NOK;Norske kroner;SP;Spot;4;false;0;Enheter;C;ECB concertation tidspunkt 14:15 CET;2021-01-13;11,6191
B;Virkedag;GBP;Britiske pund;NOK;Norske kroner;SP;Spot;4;false;0;Enheter;C;ECB concertation tidspunkt 14:15 CET;2021-01-14;11,5926
B;Virkedag;GBP;Britiske pund;NOK;Norske kroner;SP;Spot;4;false;0;Enheter;C;ECB concertation tidspunkt 14:15 CET;2021-01-15;11,5885
B;Virkedag;GBP;Britiske pund;NOK;Norske kroner;SP;Spot;4;false;0;Enheter;C;ECB concertation tidspunkt 14:15 CET;2021-01-18;11,6599
B;Virkedag;GBP;Britiske pund;NOK;Norske kroner;SP;Spot;4;false;0;Enheter;C;ECB concertation tidspunkt 14:15 CET;2021-01-19;11,6075
B;Virkedag;GBP;Britiske pund;NOK;Norske kroner;SP;Spot;4;false;0;Enheter;C;ECB concertation tidspunkt 14:15 CET;2021-01-20;11,6561
B;Virkedag;GBP;Britiske pund;NOK;Norske kroner;SP;Spot;4;false;0;Enheter;C;ECB concertation tidspunkt 14:15 CET;2021-01-21;11,5671
B;Virkedag;GBP;Britiske pund;NOK;Norske kroner;SP;Spot;4;false;0;Enheter;C;ECB concertation tidspunkt 14:15 CET;2021-01-22;11,6018
B;Virkedag;GBP;Britiske pund;NOK;Norske kroner;SP;Spot;4;false;0;Enheter;C;ECB concertation tidspunkt 14:15 CET;2021-01-25;11,6529
B;Virkedag;GBP;Britiske pund;NOK;Norske kroner;SP;Spot;4;false;0;Enheter;C;ECB concertation tidspunkt 14:15 CET;2021-01-26;11,7109
B;Virkedag;GBP;Britiske pund;NOK;Norske kroner;SP;Spot;4;false;0;Enheter;C;ECB concertation tidspunkt 14:15 CET;2021-01-27;11,8282
B;Virkedag;GBP;Britiske pund;NOK;Norske kroner;SP;Spot;4;false;0;Enheter;C;ECB concertation tidspunkt 14:15 CET;2021-01-28;11,8738
B;Virkedag;GBP;Britiske pund;NOK;Norske kroner;SP;Spot;4;false;0;Enheter;C;ECB concertation tidspunkt 14:15 CET;2021-01-29;11,7025
B;Virkedag;GBP;Britiske pund;NOK;Norske kroner;SP;Spot;4;false;0;Enheter;C;ECB concertation tidspunkt 14:15 CET;2021-02-01;11,7789
B;Virkedag;GBP;Britiske pund;NOK;Norske kroner;SP;Spot;4;false;0;Enheter;C;ECB concertation tidspunkt 14:15 CET;2021-02-02;11,7471
B;Virkedag;GBP;Britiske pund;NOK;Norske kroner;SP;Spot;4;false;0;Enheter;C;ECB concertation tidspunkt 14:15 CET;2021-02-03;11,7466
B;Virkedag;GBP;Britiske pund;NOK;Norske kroner;SP;Spot;4;false;0;Enheter;C;ECB concertation tidspunkt 14:15 CET;2021-02-04;11,7889
B;Virkedag;GBP;Britiske pund;NOK;Norske kroner;SP;Spot;4;false;0;Enheter;C;ECB concertation tidspunkt 14:15 CET;2021-02-05;11,7741
B;Virkedag;GBP;Britiske pund;NOK;Norske kroner;SP;Spot;4;false;0;Enheter;C;ECB concertation tidspunkt 14:15 CET;2021-02-08;11,6955
B;Virkedag;GBP;Britiske pund;NOK;Norske kroner;SP;Spot;4;false;0;Enheter;C;ECB concertation tidspunkt 14:15 CET;2021-02-09;11,6806
B;Virkedag;GBP;Britiske pund;NOK;Norske kroner;SP;Spot;4;false;0;Enheter;C;ECB concertation tidspunkt 14:15 CET;2021-02-10;11,6691
B;Virkedag;GBP;Britiske pund;NOK;Norske kroner;SP;Spot;4;false;0;Enheter;C;ECB concertation tidspunkt 14:15 CET;2021-02-11;11,6911
B;Virkedag;GBP;Britiske pund;NOK;Norske kroner;SP;Spot;4;false;0;Enheter;C;ECB concertation tidspunkt 14:15 CET;2021-02-12;11,7204
B;Virkedag;GBP;Britiske pund;NOK;Norske kroner;SP;Spot;4;false;0;Enheter;C;ECB concertation tidspunkt 14:15 CET;2021-02-15;11,6897
B;Virkedag;GBP;Britiske pund;NOK;Norske kroner;SP;Spot;4;false;0;Enheter;C;ECB concertation tidspunkt 14:15 CET;2021-02-16;11,6723
B;Virkedag;GBP;Britiske pund;NOK;Norske kroner;SP;Spot;4;false;0;Enheter;C;ECB concertation tidspunkt 14:15 CET;2021-02-17;11,7425
B;Virkedag;GBP;Britiske pund;NOK;Norske kroner;SP;Spot;4;false;0;Enheter;C;ECB concertation tidspunkt 14:15 CET;2021-02-18;11,807
B;Virkedag;GBP;Britiske pund;NOK;Norske kroner;SP;Spot;4;false;0;Enheter;C;ECB concertation tidspunkt 14:15 CET;2021-02-19;11,8018
B;Virkedag;GBP;Britiske pund;NOK;Norske kroner;SP;Spot;4;false;0;Enheter;C;ECB concertation tidspunkt 14:15 CET;2021-02-22;11,9248
B;Virkedag;GBP;Britiske pund;NOK;Norske kroner;SP;Spot;4;false;0;Enheter;C;ECB concertation tidspunkt 14:15 CET;2021-02-23;11,956
B;Virkedag;GBP;Britiske pund;NOK;Norske kroner;SP;Spot;4;false;0;Enheter;C;ECB concertation tidspunkt 14:15 CET;2021-02-24;11,9125
B;Virkedag;GBP;Britiske pund;NOK;Norske kroner;SP;Spot;4;false;0;Enheter;C;ECB concertation tidspunkt 14:15 CET;2021-02-25;11,8363
B;Virkedag;GBP;Britiske pund;NOK;Norske kroner;SP;Spot;4;false;0;Enheter;C;ECB concertation tidspunkt 14:15 CET;2021-02-26;11,9481
B;Virkedag;GBP;Britiske pund;NOK;Norske kroner;SP;Spot;4;false;0;Enheter;C;ECB concertation tidspunkt 14:15 CET;2021-03-01;11,9689
B;Virkedag;GBP;Britiske pund;NOK;Norske kroner;SP;Spot;4;false;0;Enheter;C;ECB concertation tidspunkt 14:15 CET;2021-03-02;11,8653
B;Virkedag;GBP;Britiske pund;NOK;Norske kroner;SP;Spot;4;false;0;Enheter;C;ECB concertation tidspunkt 14:15 CET;2021-03-03;11,8645
B;Virkedag;GBP;Britiske pund;NOK;Norske kroner;SP;Spot;4;false;0;Enheter;C;ECB concertation tidspunkt 14:15 CET;2021-03-04;11,8923
B;Virkedag;GBP;Britiske pund;NOK;Norske kroner;SP;Spot;4;false;0;Enheter;C;ECB concertation tidspunkt 14:15 CET;2021-03-05;11,832
B;Virkedag;GBP;Britiske pund;NOK;Norske kroner;SP;Spot;4;false;0;Enheter;C;ECB concertation tidspunkt 14:15 CET;2021-03-08;11,873
B;Virkedag;GBP;Britiske pund;NOK;Norske kroner;SP;Spot;4;false;0;Enheter;C;ECB concertation tidspunkt 14:15 CET;2021-03-09;11,7658
B;Virkedag;GBP;Britiske pund;NOK;Norske kroner;SP;Spot;4;false;0;Enheter;C;ECB concertation tidspunkt 14:15 CET;2021-03-10;11,7697
B;Virkedag;GBP;Britiske pund;NOK;Norske kroner;SP;Spot;4;false;0;Enheter;C;ECB concertation tidspunkt 14:15 CET;2021-03-11;11,7789
B;Virkedag;GBP;Britiske pund;NOK;Norske kroner;SP;Spot;4;false;0;Enheter;C;ECB concertation tidspunkt 14:15 CET;2021-03-12;11,7508
B;Virkedag;GBP;Britiske pund;NOK;Norske kroner;SP;Spot;4;false;0;Enheter;C;ECB concertation tidspunkt 14:15 CET;2021-03-15;11,788
B;Virkedag;GBP;Britiske pund;NOK;Norske kroner;SP;Spot;4;false;0;Enheter;C;ECB concertation tidspunkt 14:15 CET;2021-03-16;11,755
B;Virkedag;GBP;Britiske pund;NOK;Norske kroner;SP;Spot;4;false;0;Enheter;C;ECB concertation tidspunkt 14:15 CET;2021-03-17;11,8146
B;Virkedag;GBP;Britiske pund;NOK;Norske kroner;SP;Spot;4;false;0;Enheter;C;ECB concertation tidspunkt 14:15 CET;2021-03-18;11,8093
B;Virkedag;GBP;Britiske pund;NOK;Norske kroner;SP;Spot;4;false;0;Enheter;C;ECB concertation tidspunkt 14:15 CET;2021-03-19;11,8953
B;Virkedag;GBP;Britiske pund;NOK;Norske kroner;SP;Spot;4;false;0;Enheter;C;ECB concertation tidspunkt 14:15 CET;2021-03-22;11,758
B;Virkedag;GBP;Britiske pund;NOK;Norske kroner;SP;Spot;4;false;0;Enheter;C;ECB concertation tidspunkt 14:15 CET;2021-03-23;11,808
B;Virkedag;GBP;Britiske pund;NOK;Norske kroner;SP;Spot;4;false;0;Enheter;C;ECB concertation tidspunkt 14:15 CET;2021-03-24;11,7754
B;Virkedag;GBP;Britiske pund;NOK;Norske kroner;SP;Spot;4;false;0;Enheter;C;ECB concertation tidspunkt 14:15 CET;2021-03-25;11,8108
B;Virkedag;GBP;Britiske pund;NOK;Norske kroner;SP;Spot;4;false;0;Enheter;C;ECB concertation tidspunkt 14:15 CET;2021-03-26;11,8426
B;Virkedag;GBP;Britiske pund;NOK;Norske kroner;SP;Spot;4;false;0;Enheter;C;ECB concertation tidspunkt 14:15 CET;2021-03-29;11,8348
B;Virkedag;GBP;Britiske pund;NOK;Norske kroner;SP;Spot;4;false;0;Enheter;C;ECB concertation tidspunkt 14:15 CET;2021-03-30;11,7844
B;Virkedag;GBP;Britiske pund;NOK;Norske kroner;SP;Spot;4;false;0;Enheter;C;ECB concertation tidspunkt 14:15 CET;2021-03-31;11,7306
B;Virkedag;GBP;Britiske pund;NOK;Norske kroner;SP;Spot;4;false;0;Enheter;C;ECB concertation tidspunkt 14:15 CET;2021-04-06;11,8053
B;Virkedag;GBP;Britiske pund;NOK;Norske kroner;SP;Spot;4;false;0;Enheter;C;ECB concertation tidspunkt 14:15 CET;2021-04-07;11,6813
B;Virkedag;GBP;Britiske pund;NOK;Norske kroner;SP;Spot;4;false;0;Enheter;C;ECB concertation tidspunkt 14:15 CET;2021-04-08;11,6792
B;Virkedag;GBP;Britiske pund;NOK;Norske kroner;SP;Spot;4;false;0;Enheter;C;ECB concertation tidspunkt 14:15 CET;2021-04-09;11,67
B;Virkedag;GBP;Britiske pund;NOK;Norske kroner;SP;Spot;4;false;0;Enheter;C;ECB concertation tidspunkt 14:15 CET;2021-04-12;11,6669
B;Virkedag;GBP;Britiske pund;NOK;Norske kroner;SP;Spot;4;false;0;Enheter;C;ECB concertation tidspunkt 14:15 CET;2021-04-13;11,7275
B;Virkedag;GBP;Britiske pund;NOK;Norske kroner;SP;Spot;4;false;0;Enheter;C;ECB concertation tidspunkt 14:15 CET;2021-04-14;11,5908
B;Virkedag;GBP;Britiske pund;NOK;Norske kroner;SP;Spot;4;false;0;Enheter;C;ECB concertation tidspunkt 14:15 CET;2021-04-15;11,5769
B;Virkedag;GBP;Britiske pund;NOK;Norske kroner;SP;Spot;4;false;0;Enheter;C;ECB concertation tidspunkt 14:15 CET;2021-04-16;11,5424
B;Virkedag;GBP;Britiske pund;NOK;Norske kroner;SP;Spot;4;false;0;Enheter;C;ECB concertation tidspunkt 14:15 CET;2021-04-19;11,5492
B;Virkedag;GBP;Britiske pund;NOK;Norske kroner;SP;Spot;4;false;0;Enheter;C;ECB concertation tidspunkt 14:15 CET;2021-04-20;11,5841
B;Virkedag;GBP;Britiske pund;NOK;Norske kroner;SP;Spot;4;false;0;Enheter;C;ECB concertation tidspunkt 14:15 CET;2021-04-21;11,6432
B;Virkedag;GBP;Britiske pund;NOK;Norske kroner;SP;Spot;4;false;0;Enheter;C;ECB concertation tidspunkt 14:15 CET;2021-04-22;11,5681
B;Virkedag;GBP;Britiske pund;NOK;Norske kroner;SP;Spot;4;false;0;Enheter;C;ECB concertation tidspunkt 14:15 CET;2021-04-23;11,5563
B;Virkedag;GBP;Britiske pund;NOK;Norske kroner;SP;Spot;4;false;0;Enheter;C;ECB concertation tidspunkt 14:15 CET;2021-04-26;11,5387
B;Virkedag;GBP;Britiske pund;NOK;Norske kroner;SP;Spot;4;false;0;Enheter;C;ECB concertation tidspunkt 14:15 CET;2021-04-27;11,5165
B;Virkedag;GBP;Britiske pund;NOK;Norske kroner;SP;Spot;4;false;0;Enheter;C;ECB concertation tidspunkt 14:15 CET;2021-04-28;11,4723
B;Virkedag;GBP;Britiske pund;NOK;Norske kroner;SP;Spot;4;false;0;Enheter;C;ECB concertation tidspunkt 14:15 CET;2021-04-29;11,4078
B;Virkedag;GBP;Britiske pund;NOK;Norske kroner;SP;Spot;4;false;0;Enheter;C;ECB concertation tidspunkt 14:15 CET;2021-04-30;11,4586
B;Virkedag;GBP;Britiske pund;NOK;Norske kroner;SP;Spot;4;false;0;Enheter;C;ECB concertation tidspunkt 14:15 CET;2021-05-03;11,5341
B;Virkedag;GBP;Britiske pund;NOK;Norske kroner;SP;Spot;4;false;0;Enheter;C;ECB concertation tidspunkt 14:15 CET;2021-05-04;11,5389
B;Virkedag;GBP;Britiske pund;NOK;Norske kroner;SP;Spot;4;false;0;Enheter;C;ECB concertation tidspunkt 14:15 CET;2021-05-05;11,5734
B;Virkedag;GBP;Britiske pund;NOK;Norske kroner;SP;Spot;4;false;0;Enheter;C;ECB concertation tidspunkt 14:15 CET;2021-05-06;11,5973
B;Virkedag;GBP;Britiske pund;NOK;Norske kroner;SP;Spot;4;false;0;Enheter;C;ECB concertation tidspunkt 14:15 CET;2021-05-07;11,5338
B;Virkedag;GBP;Britiske pund;NOK;Norske kroner;SP;Spot;4;false;0;Enheter;C;ECB concertation tidspunkt 14:15 CET;2021-05-10;11,6025
B;Virkedag;GBP;Britiske pund;NOK;Norske kroner;SP;Spot;4;false;0;Enheter;C;ECB concertation tidspunkt 14:15 CET;2021-05-11;11,6634
B;Virkedag;GBP;Britiske pund;NOK;Norske kroner;SP;Spot;4;false;0;Enheter;C;ECB concertation tidspunkt 14:15 CET;2021-05-12;11,6859
B;Virkedag;GBP;Britiske pund;NOK;Norske kroner;SP;Spot;4;false;0;Enheter;C;ECB concertation tidspunkt 14:15 CET;2021-05-14;11,6253
B;Virkedag;GBP;Britiske pund;NOK;Norske kroner;SP;Spot;4;false;0;Enheter;C;ECB concertation tidspunkt 14:15 CET;2021-05-18;11,6427
B;Virkedag;GBP;Britiske pund;NOK;Norske kroner;SP;Spot;4;false;0;Enheter;C;ECB concertation tidspunkt 14:15 CET;2021-05-19;11,7192
B;Virkedag;GBP;Britiske pund;NOK;Norske kroner;SP;Spot;4;false;0;Enheter;C;ECB concertation tidspunkt 14:15 CET;2021-05-20;11,7795
B;Virkedag;GBP;Britiske pund;NOK;Norske kroner;SP;Spot;4;false;0;Enheter;C;ECB concertation tidspunkt 14:15 CET;2021-05-21;11,8109
B;Virkedag;GBP;Britiske pund;NOK;Norske kroner;SP;Spot;4;false;0;Enheter;C;ECB concertation tidspunkt 14:15 CET;2021-05-25;11,7779
B;Virkedag;GBP;Britiske pund;NOK;Norske kroner;SP;Spot;4;false;0;Enheter;C;ECB concertation tidspunkt 14:15 CET;2021-05-26;11,7896
B;Virkedag;GBP;Britiske pund;NOK;Norske kroner;SP;Spot;4;false;0;Enheter;C;ECB concertation tidspunkt 14:15 CET;2021-05-27;11,8456
B;Virkedag;GBP;Britiske pund;NOK;Norske kroner;SP;Spot;4;false;0;Enheter;C;ECB concertation tidspunkt 14:15 CET;2021-05-28;11,8685
B;Virkedag;GBP;Britiske pund;NOK;Norske kroner;SP;Spot;4;false;0;Enheter;C;ECB concertation tidspunkt 14:15 CET;2021-05-31;11,8799
B;Virkedag;GBP;Britiske pund;NOK;Norske kroner;SP;Spot;4;false;0;Enheter;C;ECB concertation tidspunkt 14:15 CET;2021-06-01;11,7185
B;Virkedag;GBP;Britiske pund;NOK;Norske kroner;SP;Spot;4;false;0;Enheter;C;ECB concertation tidspunkt 14:15 CET;2021-06-02;11,7728
B;Virkedag;GBP;Britiske pund;NOK;Norske kroner;SP;Spot;4;false;0;Enheter;C;ECB concertation tidspunkt 14:15 CET;2021-06-03;11,8086
B;Virkedag;GBP;Britiske pund;NOK;Norske kroner;SP;Spot;4;false;0;Enheter;C;ECB concertation tidspunkt 14:15 CET;2021-06-04;11,852
B;Virkedag;GBP;Britiske pund;NOK;Norske kroner;SP;Spot;4;false;0;Enheter;C;ECB concertation tidspunkt 14:15 CET;2021-06-07;11,7079
B;Virkedag;GBP;Britiske pund;NOK;Norske kroner;SP;Spot;4;false;0;Enheter;C;ECB concertation tidspunkt 14:15 CET;2021-06-08;11,6702
B;Virkedag;GBP;Britiske pund;NOK;Norske kroner;SP;Spot;4;false;0;Enheter;C;ECB concertation tidspunkt 14:15 CET;2021-06-09;11,6809
B;Virkedag;GBP;Britiske pund;NOK;Norske kroner;SP;Spot;4;false;0;Enheter;C;ECB concertation tidspunkt 14:15 CET;2021-06-10;11,718
B;Virkedag;GBP;Britiske pund;NOK;Norske kroner;SP;Spot;4;false;0;Enheter;C;ECB concertation tidspunkt 14:15 CET;2021-06-11;11,7639
B;Virkedag;GBP;Britiske pund;NOK;Norske kroner;SP;Spot;4;false;0;Enheter;C;ECB concertation tidspunkt 14:15 CET;2021-06-14;11,7381
B;Virkedag;GBP;Britiske pund;NOK;Norske kroner;SP;Spot;4;false;0;Enheter;C;ECB concertation tidspunkt 14:15 CET;2021-06-15;11,7032
B;Virkedag;GBP;Britiske pund;NOK;Norske kroner;SP;Spot;4;false;0;Enheter;C;ECB concertation tidspunkt 14:15 CET;2021-06-16;11,7917
B;Virkedag;GBP;Britiske pund;NOK;Norske kroner;SP;Spot;4;false;0;Enheter;C;ECB concertation tidspunkt 14:15 CET;2021-06-17;11,9232
B;Virkedag;GBP;Britiske pund;NOK;Norske kroner;SP;Spot;4;false;0;Enheter;C;ECB concertation tidspunkt 14:15 CET;2021-06-18;11,9914
B;Virkedag;GBP;Britiske pund;NOK;Norske kroner;SP;Spot;4;false;0;Enheter;C;ECB concertation tidspunkt 14:15 CET;2021-06-21;11,9847
B;Virkedag;GBP;Britiske pund;NOK;Norske kroner;SP;Spot;4;false;0;Enheter;C;ECB concertation tidspunkt 14:15 CET;2021-06-22;11,9446
B;Virkedag;GBP;Britiske pund;NOK;Norske kroner;SP;Spot;4;false;0;Enheter;C;ECB concertation tidspunkt 14:15 CET;2021-06-23;11,9067
B;Virkedag;GBP;Britiske pund;NOK;Norske kroner;SP;Spot;4;false;0;Enheter;C;ECB concertation tidspunkt 14:15 CET;2021-06-24;11,8463
B;Virkedag;GBP;Britiske pund;NOK;Norske kroner;SP;Spot;4;false;0;Enheter;C;ECB concertation tidspunkt 14:15 CET;2021-06-25;11,7929
B;Virkedag;GBP;Britiske pund;NOK;Norske kroner;SP;Spot;4;false;0;Enheter;C;ECB concertation tidspunkt 14:15 CET;2021-06-28;11,8729
B;Virkedag;GBP;Britiske pund;NOK;Norske kroner;SP;Spot;4;false;0;Enheter;C;ECB concertation tidspunkt 14:15 CET;2021-06-29;11,8552
B;Virkedag;GBP;Britiske pund;NOK;Norske kroner;SP;Spot;4;false;0;Enheter;C;ECB concertation tidspunkt 14:15 CET;2021-06-30;11,8544
B;Virkedag;GBP;Britiske pund;NOK;Norske kroner;SP;Spot;4;false;0;Enheter;C;ECB concertation tidspunkt 14:15 CET;2021-07-01;11,8681
B;Virkedag;GBP;Britiske pund;NOK;Norske kroner;SP;Spot;4;false;0;Enheter;C;ECB concertation tidspunkt 14:15 CET;2021-07-02;11,9037
B;Virkedag;GBP;Britiske pund;NOK;Norske kroner;SP;Spot;4;false;0;Enheter;C;ECB concertation tidspunkt 14:15 CET;2021-07-05;11,8809
B;Virkedag;GBP;Britiske pund;NOK;Norske kroner;SP;Spot;4;false;0;Enheter;C;ECB concertation tidspunkt 14:15 CET;2021-07-06;11,9544
B;Virkedag;GBP;Britiske pund;NOK;Norske kroner;SP;Spot;4;false;0;Enheter;C;ECB concertation tidspunkt 14:15 CET;2021-07-07;11,9854
B;Virkedag;GBP;Britiske pund;NOK;Norske kroner;SP;Spot;4;false;0;Enheter;C;ECB concertation tidspunkt 14:15 CET;2021-07-08;12,0904
B;Virkedag;GBP;Britiske pund;NOK;Norske kroner;SP;Spot;4;false;0;Enheter;C;ECB concertation tidspunkt 14:15 CET;2021-07-09;12,0519
B;Virkedag;GBP;Britiske pund;NOK;Norske kroner;SP;Spot;4;false;0;Enheter;C;ECB concertation tidspunkt 14:15 CET;2021-07-12;12,0697
B;Virkedag;GBP;Britiske pund;NOK;Norske kroner;SP;Spot;4;false;0;Enheter;C;ECB concertation tidspunkt 14:15 CET;2021-07-13;12,0542
B;Virkedag;GBP;Britiske pund;NOK;Norske kroner;SP;Spot;4;false;0;Enheter;C;ECB concertation tidspunkt 14:15 CET;2021-07-14;12,1327
B;Virkedag;GBP;Britiske pund;NOK;Norske kroner;SP;Spot;4;false;0;Enheter;C;ECB concertation tidspunkt 14:15 CET;2021-07-15;12,1852
B;Virkedag;GBP;Britiske pund;NOK;Norske kroner;SP;Spot;4;false;0;Enheter;C;ECB concertation tidspunkt 14:15 CET;2021-07-16;12,1782
B;Virkedag;GBP;Britiske pund;NOK;Norske kroner;SP;Spot;4;false;0;Enheter;C;ECB concertation tidspunkt 14:15 CET;2021-07-19;12,2659
B;Virkedag;GBP;Britiske pund;NOK;Norske kroner;SP;Spot;4;false;0;Enheter;C;ECB concertation tidspunkt 14:15 CET;2021-07-20;12,2676
B;Virkedag;GBP;Britiske pund;NOK;Norske kroner;SP;Spot;4;false;0;Enheter;C;ECB concertation tidspunkt 14:15 CET;2021-07-21;12,2515
B;Virkedag;GBP;Britiske pund;NOK;Norske kroner;SP;Spot;4;false;0;Enheter;C;ECB concertation tidspunkt 14:15 CET;2021-07-22;12,1308
B;Virkedag;GBP;Britiske pund;NOK;Norske kroner;SP;Spot;4;false;0;Enheter;C;ECB concertation tidspunkt 14:15 CET;2021-07-23;12,1652
B;Virkedag;GBP;Britiske pund;NOK;Norske kroner;SP;Spot;4;false;0;Enheter;C;ECB concertation tidspunkt 14:15 CET;2021-07-26;12,1999
B;Virkedag;GBP;Britiske pund;NOK;Norske kroner;SP;Spot;4;false;0;Enheter;C;ECB concertation tidspunkt 14:15 CET;2021-07-27;12,2128
B;Virkedag;GBP;Britiske pund;NOK;Norske kroner;SP;Spot;4;false;0;Enheter;C;ECB concertation tidspunkt 14:15 CET;2021-07-28;12,3189
B;Virkedag;GBP;Britiske pund;NOK;Norske kroner;SP;Spot;4;false;0;Enheter;C;ECB concertation tidspunkt 14:15 CET;2021-07-29;12,223
B;Virkedag;GBP;Britiske pund;NOK;Norske kroner;SP;Spot;4;false;0;Enheter;C;ECB concertation tidspunkt 14:15 CET;2021-07-30;12,2627
B;Virkedag;GBP;Britiske pund;NOK;Norske kroner;SP;Spot;4;false;0;Enheter;C;ECB concertation tidspunkt 14:15 CET;2021-08-02;12,2143
B;Virkedag;GBP;Britiske pund;NOK;Norske kroner;SP;Spot;4;false;0;Enheter;C;ECB concertation tidspunkt 14:15 CET;2021-08-03;12,2246
B;Virkedag;GBP;Britiske pund;NOK;Norske kroner;SP;Spot;4;false;0;Enheter;C;ECB concertation tidspunkt 14:15 CET;2021-08-04;12,2779
B;Virkedag;GBP;Britiske pund;NOK;Norske kroner;SP;Spot;4;false;0;Enheter;C;ECB concertation tidspunkt 14:15 CET;2021-08-05;12,2749
B;Virkedag;GBP;Britiske pund;NOK;Norske kroner;SP;Spot;4;false;0;Enheter;C;ECB concertation tidspunkt 14:15 CET;2021-08-06;12,2855
B;Virkedag;GBP;Britiske pund;NOK;Norske kroner;SP;Spot;4;false;0;Enheter;C;ECB concertation tidspunkt 14:15 CET;2021-08-09;12,3765
B;Virkedag;GBP;Britiske pund;NOK;Norske kroner;SP;Spot;4;false;0;Enheter;C;ECB concertation tidspunkt 14:15 CET;2021-08-10;12,3782
B;Virkedag;GBP;Britiske pund;NOK;Norske kroner;SP;Spot;4;false;0;Enheter;C;ECB concertation tidspunkt 14:15 CET;2021-08-11;12,3436
B;Virkedag;GBP;Britiske pund;NOK;Norske kroner;SP;Spot;4;false;0;Enheter;C;ECB concertation tidspunkt 14:15 CET;2021-08-12;12,2435
B;Virkedag;GBP;Britiske pund;NOK;Norske kroner;SP;Spot;4;false;0;Enheter;C;ECB concertation tidspunkt 14:15 CET;2021-08-13;12,1929
B;Virkedag;GBP;Britiske pund;NOK;Norske kroner;SP;Spot;4;false;0;Enheter;C;ECB concertation tidspunkt 14:15 CET;2021-08-16;12,2593
B;Virkedag;GBP;Britiske pund;NOK;Norske kroner;SP;Spot;4;false;0;Enheter;C;ECB concertation tidspunkt 14:15 CET;2021-08-17;12,187
B;Virkedag;GBP;Britiske pund;NOK;Norske kroner;SP;Spot;4;false;0;Enheter;C;ECB concertation tidspunkt 14:15 CET;2021-08-18;12,2348
B;Virkedag;GBP;Britiske pund;NOK;Norske kroner;SP;Spot;4;false;0;Enheter;C;ECB concertation tidspunkt 14:15 CET;2021-08-19;12,33
B;Virkedag;GBP;Britiske pund;NOK;Norske kroner;SP;Spot;4;false;0;Enheter;C;ECB concertation tidspunkt 14:15 CET;2021-08-20;12,3615
B;Virkedag;GBP;Britiske pund;NOK;Norske kroner;SP;Spot;4;false;0;Enheter;C;ECB concertation tidspunkt 14:15 CET;2021-08-23;12,2462
B;Virkedag;GBP;Britiske pund;NOK;Norske kroner;SP;Spot;4;false;0;Enheter;C;ECB concertation tidspunkt 14:15 CET;2021-08-24;12,153
B;Virkedag;GBP;Britiske pund;NOK;Norske kroner;SP;Spot;4;false;0;Enheter;C;ECB concertation tidspunkt 14:15 CET;2021-08-25;12,1349
B;Virkedag;GBP;Britiske pund;NOK;Norske kroner;SP;Spot;4;false;0;Enheter;C;ECB concertation tidspunkt 14:15 CET;2021-08-26;12,0879
B;Virkedag;GBP;Britiske pund;NOK;Norske kroner;SP;Spot;4;false;0;Enheter;C;ECB concertation tidspunkt 14:15 CET;2021-08-27;12,0853
B;Virkedag;GBP;Britiske pund;NOK;Norske kroner;SP;Spot;4;false;0;Enheter;C;ECB concertation tidspunkt 14:15 CET;2021-08-30;11,9414
B;Virkedag;GBP;Britiske pund;NOK;Norske kroner;SP;Spot;4;false;0;Enheter;C;ECB concertation tidspunkt 14:15 CET;2021-08-31;11,9476
B;Virkedag;GBP;Britiske pund;NOK;Norske kroner;SP;Spot;4;false;0;Enheter;C;ECB concertation tidspunkt 14:15 CET;2021-09-01;11,9531
B;Virkedag;GBP;Britiske pund;NOK;Norske kroner;SP;Spot;4;false;0;Enheter;C;ECB concertation tidspunkt 14:15 CET;2021-09-02;11,9814
B;Virkedag;GBP;Britiske pund;NOK;Norske kroner;SP;Spot;4;false;0;Enheter;C;ECB concertation tidspunkt 14:15 CET;2021-09-03;11,9685
B;Virkedag;GBP;Britiske pund;NOK;Norske kroner;SP;Spot;4;false;0;Enheter;C;ECB concertation tidspunkt 14:15 CET;2021-09-06;11,9855
B;Virkedag;GBP;Britiske pund;NOK;Norske kroner;SP;Spot;4;false;0;Enheter;C;ECB concertation tidspunkt 14:15 CET;2021-09-07;11,9596
B;Virkedag;GBP;Britiske pund;NOK;Norske kroner;SP;Spot;4;false;0;Enheter;C;ECB concertation tidspunkt 14:15 CET;2021-09-08;11,9537
B;Virkedag;GBP;Britiske pund;NOK;Norske kroner;SP;Spot;4;false;0;Enheter;C;ECB concertation tidspunkt 14:15 CET;2021-09-09;11,9979
B;Virkedag;GBP;Britiske pund;NOK;Norske kroner;SP;Spot;4;false;0;Enheter;C;ECB concertation tidspunkt 14:15 CET;2021-09-10;11,9667
B;Virkedag;GBP;Britiske pund;NOK;Norske kroner;SP;Spot;4;false;0;Enheter;C;ECB concertation tidspunkt 14:15 CET;2021-09-13;11,9696
B;Virkedag;GBP;Britiske pund;NOK;Norske kroner;SP;Spot;4;false;0;Enheter;C;ECB concertation tidspunkt 14:15 CET;2021-09-14;11,9335
B;Virkedag;GBP;Britiske pund;NOK;Norske kroner;SP;Spot;4;false;0;Enheter;C;ECB concertation tidspunkt 14:15 CET;2021-09-15;11,8604
B;Virkedag;GBP;Britiske pund;NOK;Norske kroner;SP;Spot;4;false;0;Enheter;C;ECB concertation tidspunkt 14:15 CET;2021-09-16;11,9133
B;Virkedag;GBP;Britiske pund;NOK;Norske kroner;SP;Spot;4;false;0;Enheter;C;ECB concertation tidspunkt 14:15 CET;2021-09-17;11,8562
B;Virkedag;GBP;Britiske pund;NOK;Norske kroner;SP;Spot;4;false;0;Enheter;C;ECB concertation tidspunkt 14:15 CET;2021-09-20;11,9515
B;Virkedag;GBP;Britiske pund;NOK;Norske kroner;SP;Spot;4;false;0;Enheter;C;ECB concertation tidspunkt 14:15 CET;2021-09-21;11,8605
B;Virkedag;GBP;Britiske pund;NOK;Norske kroner;SP;Spot;4;false;0;Enheter;C;ECB concertation tidspunkt 14:15 CET;2021-09-22;11,7753
B;Virkedag;GBP;Britiske pund;NOK;Norske kroner;SP;Spot;4;false;0;Enheter;C;ECB concertation tidspunkt 14:15 CET;2021-09-23;11,7972
B;Virkedag;GBP;Britiske pund;NOK;Norske kroner;SP;Spot;4;false;0;Enheter;C;ECB concertation tidspunkt 14:15 CET;2021-09-24;11,7721
B;Virkedag;GBP;Britiske pund;NOK;Norske kroner;SP;Spot;4;false;0;Enheter;C;ECB concertation tidspunkt 14:15 CET;2021-09-27;11,7835
B;Virkedag;GBP;Britiske pund;NOK;Norske kroner;SP;Spot;4;false;0;Enheter;C;ECB concertation tidspunkt 14:15 CET;2021-09-28;11,7533
B;Virkedag;GBP;Britiske pund;NOK;Norske kroner;SP;Spot;4;false;0;Enheter;C;ECB concertation tidspunkt 14:15 CET;2021-09-29;11,7337
B;Virkedag;GBP;Britiske pund;NOK;Norske kroner;SP;Spot;4;false;0;Enheter;C;ECB concertation tidspunkt 14:15 CET;2021-09-30;11,8125
B;Virkedag;GBP;Britiske pund;NOK;Norske kroner;SP;Spot;4;false;0;Enheter;C;ECB concertation tidspunkt 14:15 CET;2021-10-01;11,6988
B;Virkedag;GBP;Britiske pund;NOK;Norske kroner;SP;Spot;4;false;0;Enheter;C;ECB concertation tidspunkt 14:15 CET;2021-10-04;11,6649
B;Virkedag;GBP;Britiske pund;NOK;Norske kroner;SP;Spot;4;false;0;Enheter;C;ECB concertation tidspunkt 14:15 CET;2021-10-05;11,6416
B;Virkedag;GBP;Britiske pund;NOK;Norske kroner;SP;Spot;4;false;0;Enheter;C;ECB concertation tidspunkt 14:15 CET;2021-10-06;11,6782
B;Virkedag;GBP;Britiske pund;NOK;Norske kroner;SP;Spot;4;false;0;Enheter;C;ECB concertation tidspunkt 14:15 CET;2021-10-07;11,6895
B;Virkedag;GBP;Britiske pund;NOK;Norske kroner;SP;Spot;4;false;0;Enheter;C;ECB concertation tidspunkt 14:15 CET;2021-10-08;11,6451
B;Virkedag;GBP;Britiske pund;NOK;Norske kroner;SP;Spot;4;false;0;Enheter;C;ECB concertation tidspunkt 14:15 CET;2021-10-11;11,6497
B;Virkedag;GBP;Britiske pund;NOK;Norske kroner;SP;Spot;4;false;0;Enheter;C;ECB concertation tidspunkt 14:15 CET;2021-10-12;11,6345
B;Virkedag;GBP;Britiske pund;NOK;Norske kroner;SP;Spot;4;false;0;Enheter;C;ECB concertation tidspunkt 14:15 CET;2021-10-13;11,6086
B;Virkedag;GBP;Britiske pund;NOK;Norske kroner;SP;Spot;4;false;0;Enheter;C;ECB concertation tidspunkt 14:15 CET;2021-10-14;11,573
B;Virkedag;GBP;Britiske pund;NOK;Norske kroner;SP;Spot;4;false;0;Enheter;C;ECB concertation tidspunkt 14:15 CET;2021-10-15;11,5713
B;Virkedag;GBP;Britiske pund;NOK;Norske kroner;SP;Spot;4;false;0;Enheter;C;ECB concertation tidspunkt 14:15 CET;2021-10-18;11,5639
B;Virkedag;GBP;Britiske pund;NOK;Norske kroner;SP;Spot;4;false;0;Enheter;C;ECB concertation tidspunkt 14:15 CET;2021-10-19;11,5503
B;Virkedag;GBP;Britiske pund;NOK;Norske kroner;SP;Spot;4;false;0;Enheter;C;ECB concertation tidspunkt 14:15 CET;2021-10-20;11,5304
B;Virkedag;GBP;Britiske pund;NOK;Norske kroner;SP;Spot;4;false;0;Enheter;C;ECB concertation tidspunkt 14:15 CET;2021-10-21;11,5156
B;Virkedag;GBP;Britiske pund;NOK;Norske kroner;SP;Spot;4;false;0;Enheter;C;ECB concertation tidspunkt 14:15 CET;2021-10-22;11,5059
B;Virkedag;GBP;Britiske pund;NOK;Norske kroner;SP;Spot;4;false;0;Enheter;C;ECB concertation tidspunkt 14:15 CET;2021-10-25;11,5072
B;Virkedag;GBP;Britiske pund;NOK;Norske kroner;SP;Spot;4;false;0;Enheter;C;ECB concertation tidspunkt 14:15 CET;2021-10-26;11,5028
B;Virkedag;GBP;Britiske pund;NOK;Norske kroner;SP;Spot;4;false;0;Enheter;C;ECB concertation tidspunkt 14:15 CET;2021-10-27;11,5188
B;Virkedag;GBP;Britiske pund;NOK;Norske kroner;SP;Spot;4;false;0;Enheter;C;ECB concertation tidspunkt 14:15 CET;2021-10-28;11,552
B;Virkedag;GBP;Britiske pund;NOK;Norske kroner;SP;Spot;4;false;0;Enheter;C;ECB concertation tidspunkt 14:15 CET;2021-10-29;11,5392
B;Virkedag;GBP;Britiske pund;NOK;Norske kroner;SP;Spot;4;false;0;Enheter;C;ECB concertation tidspunkt 14:15 CET;2021-11-01;11,5126
B;Virkedag;GBP;Britiske pund;NOK;Norske kroner;SP;Spot;4;false;0;Enheter;C;ECB concertation tidspunkt 14:15 CET;2021-11-02;11,5261
B;Virkedag;GBP;Britiske pund;NOK;Norske kroner;SP;Spot;4;false;0;Enheter;C;ECB concertation tidspunkt 14:15 CET;2021-11-03;11,6254
B;Virkedag;GBP;Britiske pund;NOK;Norske kroner;SP;Spot;4;false;0;Enheter;C;ECB concertation tidspunkt 14:15 CET;2021-11-04;11,5513
B;Virkedag;GBP;Britiske pund;NOK;Norske kroner;SP;Spot;4;false;0;Enheter;C;ECB concertation tidspunkt 14:15 CET;2021-11-05;11,5586
B;Virkedag;GBP;Britiske pund;NOK;Norske kroner;SP;Spot;4;false;0;Enheter;C;ECB concertation tidspunkt 14:15 CET;2021-11-08;11,5521
B;Virkedag;GBP;Britiske pund;NOK;Norske kroner;SP;Spot;4;false;0;Enheter;C;ECB concertation tidspunkt 14:15 CET;2021-11-09;11,5431
B;Virkedag;GBP;Britiske pund;NOK;Norske kroner;SP;Spot;4;false;0;Enheter;C;ECB concertation tidspunkt 14:15 CET;2021-11-10;11,5547
B;Virkedag;GBP;Britiske pund;NOK;Norske kroner;SP;Spot;4;false;0;Enheter;C;ECB concertation tidspunkt 14:15 CET;2021-11-11;11,6551
B;Virkedag;GBP;Britiske pund;NOK;Norske kroner;SP;Spot;4;false;0;Enheter;C;ECB concertation tidspunkt 14:15 CET;2021-11-12;11,6377
B;Virkedag;GBP;Britiske pund;NOK;Norske kroner;SP;Spot;4;false;0;Enheter;C;ECB concertation tidspunkt 14:15 CET;2021-11-15;11,6448
B;Virkedag;GBP;Britiske pund;NOK;Norske kroner;SP;Spot;4;false;0;Enheter;C;ECB concertation tidspunkt 14:15 CET;2021-11-16;11,6952
B;Virkedag;GBP;Britiske pund;NOK;Norske kroner;SP;Spot;4;false;0;Enheter;C;ECB concertation tidspunkt 14:15 CET;2021-11-17;11,7606
B;Virkedag;GBP;Britiske pund;NOK;Norske kroner;SP;Spot;4;false;0;Enheter;C;ECB concertation tidspunkt 14:15 CET;2021-11-18;11,8236
B;Virkedag;GBP;Britiske pund;NOK;Norske kroner;SP;Spot;4;false;0;Enheter;C;ECB concertation tidspunkt 14:15 CET;2021-11-19;11,9725
B;Virkedag;GBP;Britiske pund;NOK;Norske kroner;SP;Spot;4;false;0;Enheter;C;ECB concertation tidspunkt 14:15 CET;2021-11-22;12,0009
B;Virkedag;GBP;Britiske pund;NOK;Norske kroner;SP;Spot;4;false;0;Enheter;C;ECB concertation tidspunkt 14:15 CET;2021-11-23;11,9629
B;Virkedag;GBP;Britiske pund;NOK;Norske kroner;SP;Spot;4;false;0;Enheter;C;ECB concertation tidspunkt 14:15 CET;2021-11-24;11,945
B;Virkedag;GBP;Britiske pund;NOK;Norske kroner;SP;Spot;4;false;0;Enheter;C;ECB concertation tidspunkt 14:15 CET;2021-11-25;11,9408
B;Virkedag;GBP;Britiske pund;NOK;Norske kroner;SP;Spot;4;false;0;Enheter;C;ECB concertation tidspunkt 14:15 CET;2021-11-26;12,0082
B;Virkedag;GBP;Britiske pund;NOK;Norske kroner;SP;Spot;4;false;0;Enheter;C;ECB concertation tidspunkt 14:15 CET;2021-11-29;12,0757
B;Virkedag;GBP;Britiske pund;NOK;Norske kroner;SP;Spot;4;false;0;Enheter;C;ECB concertation tidspunkt 14:15 CET;2021-11-30;12,069
B;Virkedag;GBP;Britiske pund;NOK;Norske kroner;SP;Spot;4;false;0;Enheter;C;ECB concertation tidspunkt 14:15 CET;2021-12-01;12,0229
B;Virkedag;GBP;Britiske pund;NOK;Norske kroner;SP;Spot;4;false;0;Enheter;C;ECB concertation tidspunkt 14:15 CET;2021-12-02;12,094
B;Virkedag;GBP;Britiske pund;NOK;Norske kroner;SP;Spot;4;false;0;Enheter;C;ECB concertation tidspunkt 14:15 CET;2021-12-03;12,0961
B;Virkedag;GBP;Britiske pund;NOK;Norske kroner;SP;Spot;4;false;0;Enheter;C;ECB concertation tidspunkt 14:15 CET;2021-12-06;12,0927
B;Virkedag;GBP;Britiske pund;NOK;Norske kroner;SP;Spot;4;false;0;Enheter;C;ECB concertation tidspunkt 14:15 CET;2021-12-07;11,9977
B;Virkedag;GBP;Britiske pund;NOK;Norske kroner;SP;Spot;4;false;0;Enheter;C;ECB concertation tidspunkt 14:15 CET;2021-12-08;11,794
B;Virkedag;GBP;Britiske pund;NOK;Norske kroner;SP;Spot;4;false;0;Enheter;C;ECB concertation tidspunkt 14:15 CET;2021-12-09;11,8439
B;Virkedag;GBP;Britiske pund;NOK;Norske kroner;SP;Spot;4;false;0;Enheter;C;ECB concertation tidspunkt 14:15 CET;2021-12-10;11,8722
B;Virkedag;GBP;Britiske pund;NOK;Norske kroner;SP;Spot;4;false;0;Enheter;C;ECB concertation tidspunkt 14:15 CET;2021-12-13;11,9305
B;Virkedag;GBP;Britiske pund;NOK;Norske kroner;SP;Spot;4;false;0;Enheter;C;ECB concertation tidspunkt 14:15 CET;2021-12-14;12,0071
B;Virkedag;GBP;Britiske pund;NOK;Norske kroner;SP;Spot;4;false;0;Enheter;C;ECB concertation tidspunkt 14:15 CET;2021-12-15;12,0355
B;Virkedag;GBP;Britiske pund;NOK;Norske kroner;SP;Spot;4;false;0;Enheter;C;ECB concertation tidspunkt 14:15 CET;2021-12-16;11,9595
B;Virkedag;GBP;Britiske pund;NOK;Norske kroner;SP;Spot;4;false;0;Enheter;C;ECB concertation tidspunkt 14:15 CET;2021-12-17;11,9452
B;Virkedag;GBP;Britiske pund;NOK;Norske kroner;SP;Spot;4;false;0;Enheter;C;ECB concertation tidspunkt 14:15 CET;2021-12-20;11,9612
B;Virkedag;GBP;Britiske pund;NOK;Norske kroner;SP;Spot;4;false;0;Enheter;C;ECB concertation tidspunkt 14:15 CET;2021-12-21;11,9006
B;Virkedag;GBP;Britiske pund;NOK;Norske kroner;SP;Spot;4;false;0;Enheter;C;ECB concertation tidspunkt 14:15 CET;2021-12-22;11,8508
B;Virkedag;GBP;Britiske pund;NOK;Norske kroner;SP;Spot;4;false;0;Enheter;C;ECB concertation tidspunkt 14:15 CET;2021-12-23;11,886
B;Virkedag;GBP;Britiske pund;NOK;Norske kroner;SP;Spot;4;false;0;Enheter;C;ECB concertation tidspunkt 14:15 CET;2021-12-27;11,9062
B;Virkedag;GBP;Britiske pund;NOK;Norske kroner;SP;Spot;4;false;0;Enheter;C;ECB concertation tidspunkt 14:15 CET;2021-12-28;11,8374
B;Virkedag;GBP;Britiske pund;NOK;Norske kroner;SP;Spot;4;false;0;Enheter;C;ECB concertation tidspunkt 14:15 CET;2021-12-29;11,8746
B;Virkedag;GBP;Britiske pund;NOK;Norske kroner;SP;Spot;4;false;0;Enheter;C;ECB concertation tidspunkt 14:15 CET;2021-12-30;11,8793
B;Virkedag;GBP;Britiske pund;NOK;Norske kroner;SP;Spot;4;false;0;Enheter;C;ECB concertation tidspunkt 14:15 CET;2021-12-31;11,8875
B;Virkedag;GBP;Britiske pund;NOK;Norske kroner;SP;Spot;4;false;0;Enheter;C;ECB concertation tidspunkt 14:15 CET;2022-01-03;11,8872
B;Virkedag;GBP;Britiske pund;NOK;Norske kroner;SP;Spot;4;false;0;Enheter;C;ECB concertation tidspunkt 14:15 CET;2022-01-04;11,9757
B;Virkedag;GBP;Britiske pund;NOK;Norske kroner;SP;Spot;4;false;0;Enheter;C;ECB concertation tidspunkt 14:15 CET;2022-01-05;11,9302
B;Virkedag;GBP;Britiske pund;NOK;Norske kroner;SP;Spot;4;false;0;Enheter;C;ECB concertation tidspunkt 14:15 CET;2022-01-06;12,0046
B;Virkedag;GBP;Britiske pund;NOK;Norske kroner;SP;Spot;4;false;0;Enheter;C;ECB concertation tidspunkt 14:15 CET;2022-01-07;12,0206
B;Virkedag;GBP;Britiske pund;NOK;Norske kroner;SP;Spot;4;false;0;Enheter;C;ECB concertation tidspunkt 14:15 CET;2022-01-10;12,021
B;Virkedag;GBP;Britiske pund;NOK;Norske kroner;SP;Spot;4;false;0;Enheter;C;ECB concertation tidspunkt 14:15 CET;2022-01-11;11,9994
B;Virkedag;GBP;Britiske pund;NOK;Norske kroner;SP;Spot;4;false;0;Enheter;C;ECB concertation tidspunkt 14:15 CET;2022-01-12;11,9117
B;Virkedag;GBP;Britiske pund;NOK;Norske kroner;SP;Spot;4;false;0;Enheter;C;ECB concertation tidspunkt 14:15 CET;2022-01-13;11,8898
B;Virkedag;GBP;Britiske pund;NOK;Norske kroner;SP;Spot;4;false;0;Enheter;C;ECB concertation tidspunkt 14:15 CET;2022-01-14;11,9585
B;Virkedag;GBP;Britiske pund;NOK;Norske kroner;SP;Spot;4;false;0;Enheter;C;ECB concertation tidspunkt 14:15 CET;2022-01-17;11,9205
B;Virkedag;GBP;Britiske pund;NOK;Norske kroner;SP;Spot;4;false;0;Enheter;C;ECB concertation tidspunkt 14:15 CET;2022-01-18;11,908
B;Virkedag;GBP;Britiske pund;NOK;Norske kroner;SP;Spot;4;false;0;Enheter;C;ECB concertation tidspunkt 14:15 CET;2022-01-19;11,9479
B;Virkedag;GBP;Britiske pund;NOK;Norske kroner;SP;Spot;4;false;0;Enheter;C;ECB concertation tidspunkt 14:15 CET;2022-01-20;11,9592
B;Virkedag;GBP;Britiske pund;NOK;Norske kroner;SP;Spot;4;false;0;Enheter;C;ECB concertation tidspunkt 14:15 CET;2022-01-21;12,0195
B;Virkedag;GBP;Britiske pund;NOK;Norske kroner;SP;Spot;4;false;0;Enheter;C;ECB concertation tidspunkt 14:15 CET;2022-01-24;12,1282
B;Virkedag;GBP;Britiske pund;NOK;Norske kroner;SP;Spot;4;false;0;Enheter;C;ECB concertation tidspunkt 14:15 CET;2022-01-25;12,111
B;Virkedag;GBP;Britiske pund;NOK;Norske kroner;SP;Spot;4;false;0;Enheter;C;ECB concertation tidspunkt 14:15 CET;2022-01-26;11,9959
B;Virkedag;GBP;Britiske pund;NOK;Norske kroner;SP;Spot;4;false;0;Enheter;C;ECB concertation tidspunkt 14:15 CET;2022-01-27;11,9834
B;Virkedag;GBP;Britiske pund;NOK;Norske kroner;SP;Spot;4;false;0;Enheter;C;ECB concertation tidspunkt 14:15 CET;2022-01-28;12,0537
B;Virkedag;GBP;Britiske pund;NOK;Norske kroner;SP;Spot;4;false;0;Enheter;C;ECB concertation tidspunkt 14:15 CET;2022-01-31;12,0362
B;Virkedag;GBP;Britiske pund;NOK;Norske kroner;SP;Spot;4;false;0;Enheter;C;ECB concertation tidspunkt 14:15 CET;2022-02-01;11,933
B;Virkedag;GBP;Britiske pund;NOK;Norske kroner;SP;Spot;4;false;0;Enheter;C;ECB concertation tidspunkt 14:15 CET;2022-02-02;11,8986
B;Virkedag;GBP;Britiske pund;NOK;Norske kroner;SP;Spot;4;false;0;Enheter;C;ECB concertation tidspunkt 14:15 CET;2022-02-03;11,9634
B;Virkedag;GBP;Britiske pund;NOK;Norske kroner;SP;Spot;4;false;0;Enheter;C;ECB concertation tidspunkt 14:15 CET;2022-02-04;11,8784
B;Virkedag;GBP;Britiske pund;NOK;Norske kroner;SP;Spot;4;false;0;Enheter;C;ECB concertation tidspunkt 14:15 CET;2022-02-07;11,8862
B;Virkedag;GBP;Britiske pund;NOK;Norske kroner;SP;Spot;4;false;0;Enheter;C;ECB concertation tidspunkt 14:15 CET;2022-02-08;11,9434
B;Virkedag;GBP;Britiske pund;NOK;Norske kroner;SP;Spot;4;false;0;Enheter;C;ECB concertation tidspunkt 14:15 CET;2022-02-09;11,9382
B;Virkedag;GBP;Britiske pund;NOK;Norske kroner;SP;Spot;4;false;0;Enheter;C;ECB concertation tidspunkt 14:15 CET;2022-02-10;11,952
B;Virkedag;GBP;Britiske pund;NOK;Norske kroner;SP;Spot;4;false;0;Enheter;C;ECB concertation tidspunkt 14:15 CET;2022-02-11;11,9979
B;Virkedag;GBP;Britiske pund;NOK;Norske kroner;SP;Spot;4;false;0;Enheter;C;ECB concertation tidspunkt 14:15 CET;2022-02-14;12,0274
B;Virkedag;GBP;Britiske pund;NOK;Norske kroner;SP;Spot;4;false;0;Enheter;C;ECB concertation tidspunkt 14:15 CET;2022-02-15;12,0448
B;Virkedag;GBP;Britiske pund;NOK;Norske kroner;SP;Spot;4;false;0;Enheter;C;ECB concertation tidspunkt 14:15 CET;2022-02-16;12,0437
B;Virkedag;GBP;Britiske pund;NOK;Norske kroner;SP;Spot;4;false;0;Enheter;C;ECB concertation tidspunkt 14:15 CET;2022-02-17;12,1238
B;Virkedag;GBP;Britiske pund;NOK;Norske kroner;SP;Spot;4;false;0;Enheter;C;ECB concertation tidspunkt 14:15 CET;2022-02-18;12,1624
B;Virkedag;GBP;Britiske pund;NOK;Norske kroner;SP;Spot;4;false;0;Enheter;C;ECB concertation tidspunkt 14:15 CET;2022-02-21;12,2137
B;Virkedag;GBP;Britiske pund;NOK;Norske kroner;SP;Spot;4;false;0;Enheter;C;ECB concertation tidspunkt 14:15 CET;2022-02-22;12,0712
B;Virkedag;GBP;Britiske pund;NOK;Norske kroner;SP;Spot;4;false;0;Enheter;C;ECB concertation tidspunkt 14:15 CET;2022-02-23;12,0215
B;Virkedag;GBP;Britiske pund;NOK;Norske kroner;SP;Spot;4;false;0;Enheter;C;ECB concertation tidspunkt 14:15 CET;2022-02-24;12,0866
B;Virkedag;GBP;Britiske pund;NOK;Norske kroner;SP;Spot;4;false;0;Enheter;C;ECB concertation tidspunkt 14:15 CET;2022-02-25;11,9126
B;Virkedag;GBP;Britiske pund;NOK;Norske kroner;SP;Spot;4;false;0;Enheter;C;ECB concertation tidspunkt 14:15 CET;2022-02-28;11,9048
B;Virkedag;GBP;Britiske pund;NOK;Norske kroner;SP;Spot;4;false;0;Enheter;C;ECB concertation tidspunkt 14:15 CET;2022-03-01;11,8379
B;Virkedag;GBP;Britiske pund;NOK;Norske kroner;SP;Spot;4;false;0;Enheter;C;ECB concertation tidspunkt 14:15 CET;2022-03-02;11,8616
B;Virkedag;GBP;Britiske pund;NOK;Norske kroner;SP;Spot;4;false;0;Enheter;C;ECB concertation tidspunkt 14:15 CET;2022-03-03;11,8901
B;Virkedag;GBP;Britiske pund;NOK;Norske kroner;SP;Spot;4;false;0;Enheter;C;ECB concertation tidspunkt 14:15 CET;2022-03-04;11,9384
B;Virkedag;GBP;Britiske pund;NOK;Norske kroner;SP;Spot;4;false;0;Enheter;C;ECB concertation tidspunkt 14:15 CET;2022-03-07;11,9002
B;Virkedag;GBP;Britiske pund;NOK;Norske kroner;SP;Spot;4;false;0;Enheter;C;ECB concertation tidspunkt 14:15 CET;2022-03-08;11,772
B;Virkedag;GBP;Britiske pund;NOK;Norske kroner;SP;Spot;4;false;0;Enheter;C;ECB concertation tidspunkt 14:15 CET;2022-03-09;11,7243
B;Virkedag;GBP;Britiske pund;NOK;Norske kroner;SP;Spot;4;false;0;Enheter;C;ECB concertation tidspunkt 14:15 CET;2022-03-10;11,7838
B;Virkedag;GBP;Britiske pund;NOK;Norske kroner;SP;Spot;4;false;0;Enheter;C;ECB concertation tidspunkt 14:15 CET;2022-03-11;11,6748
B;Virkedag;GBP;Britiske pund;NOK;Norske kroner;SP;Spot;4;false;0;Enheter;C;ECB concertation tidspunkt 14:15 CET;2022-03-14;11,7486
B;Virkedag;GBP;Britiske pund;NOK;Norske kroner;SP;Spot;4;false;0;Enheter;C;ECB concertation tidspunkt 14:15 CET;2022-03-15;11,7176
B;Virkedag;GBP;Britiske pund;NOK;Norske kroner;SP;Spot;4;false;0;Enheter;C;ECB concertation tidspunkt 14:15 CET;2022-03-16;11,6669
B;Virkedag;GBP;Britiske pund;NOK;Norske kroner;SP;Spot;4;false;0;Enheter;C;ECB concertation tidspunkt 14:15 CET;2022-03-17;11,5994
B;Virkedag;GBP;Britiske pund;NOK;Norske kroner;SP;Spot;4;false;0;Enheter;C;ECB concertation tidspunkt 14:15 CET;2022-03-18;11,5508
B;Virkedag;GBP;Britiske pund;NOK;Norske kroner;SP;Spot;4;false;0;Enheter;C;ECB concertation tidspunkt 14:15 CET;2022-03-21;11,5279
B;Virkedag;GBP;Britiske pund;NOK;Norske kroner;SP;Spot;4;false;0;Enheter;C;ECB concertation tidspunkt 14:15 CET;2022-03-22;11,5626
B;Virkedag;GBP;Britiske pund;NOK;Norske kroner;SP;Spot;4;false;0;Enheter;C;ECB concertation tidspunkt 14:15 CET;2022-03-23;11,5784
B;Virkedag;GBP;Britiske pund;NOK;Norske kroner;SP;Spot;4;false;0;Enheter;C;ECB concertation tidspunkt 14:15 CET;2022-03-24;11,397
B;Virkedag;GBP;Britiske pund;NOK;Norske kroner;SP;Spot;4;false;0;Enheter;C;ECB concertation tidspunkt 14:15 CET;2022-03-25;11,4182
B;Virkedag;GBP;Britiske pund;NOK;Norske kroner;SP;Spot;4;false;0;Enheter;C;ECB concertation tidspunkt 14:15 CET;2022-03-28;11,3725
B;Virkedag;GBP;Britiske pund;NOK;Norske kroner;SP;Spot;4;false;0;Enheter;C;ECB concertation tidspunkt 14:15 CET;2022-03-29;11,3684
B;Virkedag;GBP;Britiske pund;NOK;Norske kroner;SP;Spot;4;false;0;Enheter;C;ECB concertation tidspunkt 14:15 CET;2022-03-30;11,3995
B;Virkedag;GBP;Britiske pund;NOK;Norske kroner;SP;Spot;4;false;0;Enheter;C;ECB concertation tidspunkt 14:15 CET;2022-03-31;11,4794
B;Virkedag;GBP;Britiske pund;NOK;Norske kroner;SP;Spot;4;false;0;Enheter;C;ECB concertation tidspunkt 14:15 CET;2022-04-01;11,4835
B;Virkedag;GBP;Britiske pund;NOK;Norske kroner;SP;Spot;4;false;0;Enheter;C;ECB concertation tidspunkt 14:15 CET;2022-04-04;11,3826
B;Virkedag;GBP;Britiske pund;NOK;Norske kroner;SP;Spot;4;false;0;Enheter;C;ECB concertation tidspunkt 14:15 CET;2022-04-05;11,4263
B;Virkedag;GBP;Britiske pund;NOK;Norske kroner;SP;Spot;4;false;0;Enheter;C;ECB concertation tidspunkt 14:15 CET;2022-04-06;11,4436
B;Virkedag;GBP;Britiske pund;NOK;Norske kroner;SP;Spot;4;false;0;Enheter;C;ECB concertation tidspunkt 14:15 CET;2022-04-07;11,4554
B;Virkedag;GBP;Britiske pund;NOK;Norske kroner;SP;Spot;4;false;0;Enheter;C;ECB concertation tidspunkt 14:15 CET;2022-04-08;11,4066
B;Virkedag;GBP;Britiske pund;NOK;Norske kroner;SP;Spot;4;false;0;Enheter;C;ECB concertation tidspunkt 14:15 CET;2022-04-11;11,4081
B;Virkedag;GBP;Britiske pund;NOK;Norske kroner;SP;Spot;4;false;0;Enheter;C;ECB concertation tidspunkt 14:15 CET;2022-04-12;11,4307
B;Virkedag;GBP;Britiske pund;NOK;Norske kroner;SP;Spot;4;false;0;Enheter;C;ECB concertation tidspunkt 14:15 CET;2022-04-13;11,4905
B;Virkedag;GBP;Britiske pund;NOK;Norske kroner;SP;Spot;4;false;0;Enheter;C;ECB concertation tidspunkt 14:15 CET;2022-04-19;11,4795
B;Virkedag;GBP;Britiske pund;NOK;Norske kroner;SP;Spot;4;false;0;Enheter;C;ECB concertation tidspunkt 14:15 CET;2022-04-20;11,504
B;Virkedag;GBP;Britiske pund;NOK;Norske kroner;SP;Spot;4;false;0;Enheter;C;ECB concertation tidspunkt 14:15 CET;2022-04-21;11,4685
B;Virkedag;GBP;Britiske pund;NOK;Norske kroner;SP;Spot;4;false;0;Enheter;C;ECB concertation tidspunkt 14:15 CET;2022-04-22;11,4692
B;Virkedag;GBP;Britiske pund;NOK;Norske kroner;SP;Spot;4;false;0;Enheter;C;ECB concertation tidspunkt 14:15 CET;2022-04-25;11,5046
B;Virkedag;GBP;Britiske pund;NOK;Norske kroner;SP;Spot;4;false;0;Enheter;C;ECB concertation tidspunkt 14:15 CET;2022-04-26;11,6412
B;Virkedag;GBP;Britiske pund;NOK;Norske kroner;SP;Spot;4;false;0;Enheter;C;ECB concertation tidspunkt 14:15 CET;2022-04-27;11,6176
B;Virkedag;GBP;Britiske pund;NOK;Norske kroner;SP;Spot;4;false;0;Enheter;C;ECB concertation tidspunkt 14:15 CET;2022-04-28;11,7356
B;Virkedag;GBP;Britiske pund;NOK;Norske kroner;SP;Spot;4;false;0;Enheter;C;ECB concertation tidspunkt 14:15 CET;2022-04-29;11,6228
B;Virkedag;GBP;Britiske pund;NOK;Norske kroner;SP;Spot;4;false;0;Enheter;C;ECB concertation tidspunkt 14:15 CET;2022-05-02;11,842
B;Virkedag;GBP;Britiske pund;NOK;Norske kroner;SP;Spot;4;false;0;Enheter;C;ECB concertation tidspunkt 14:15 CET;2022-05-03;11,7782
B;Virkedag;GBP;Britiske pund;NOK;Norske kroner;SP;Spot;4;false;0;Enheter;C;ECB concertation tidspunkt 14:15 CET;2022-05-04;11,7635
B;Virkedag;GBP;Britiske pund;NOK;Norske kroner;SP;Spot;4;false;0;Enheter;C;ECB concertation tidspunkt 14:15 CET;2022-05-05;11,558
B;Virkedag;GBP;Britiske pund;NOK;Norske kroner;SP;Spot;4;false;0;Enheter;C;ECB concertation tidspunkt 14:15 CET;2022-05-06;11,6564
B;Virkedag;GBP;Britiske pund;NOK;Norske kroner;SP;Spot;4;false;0;Enheter;C;ECB concertation tidspunkt 14:15 CET;2022-05-09;11,8007
B;Virkedag;GBP;Britiske pund;NOK;Norske kroner;SP;Spot;4;false;0;Enheter;C;ECB concertation tidspunkt 14:15 CET;2022-05-10;11,9534
B;Virkedag;GBP;Britiske pund;NOK;Norske kroner;SP;Spot;4;false;0;Enheter;C;ECB concertation tidspunkt 14:15 CET;2022-05-11;11,9205
B;Virkedag;GBP;Britiske pund;NOK;Norske kroner;SP;Spot;4;false;0;Enheter;C;ECB concertation tidspunkt 14:15 CET;2022-05-12;12,0641
B;Virkedag;GBP;Britiske pund;NOK;Norske kroner;SP;Spot;4;false;0;Enheter;C;ECB concertation tidspunkt 14:15 CET;2022-05-13;11,9888
B;Virkedag;GBP;Britiske pund;NOK;Norske kroner;SP;Spot;4;false;0;Enheter;C;ECB concertation tidspunkt 14:15 CET;2022-05-16;12,0158
B;Virkedag;GBP;Britiske pund;NOK;Norske kroner;SP;Spot;4;false;0;Enheter;C;ECB concertation tidspunkt 14:15 CET;2022-05-18;12,0615
B;Virkedag;GBP;Britiske pund;NOK;Norske kroner;SP;Spot;4;false;0;Enheter;C;ECB concertation tidspunkt 14:15 CET;2022-05-19;12,1686
B;Virkedag;GBP;Britiske pund;NOK;Norske kroner;SP;Spot;4;false;0;Enheter;C;ECB concertation tidspunkt 14:15 CET;2022-05-20;12,0986
B;Virkedag;GBP;Britiske pund;NOK;Norske kroner;SP;Spot;4;false;0;Enheter;C;ECB concertation tidspunkt 14:15 CET;2022-05-23;12,092
B;Virkedag;GBP;Britiske pund;NOK;Norske kroner;SP;Spot;4;false;0;Enheter;C;ECB concertation tidspunkt 14:15 CET;2022-05-24;11,9988
B;Virkedag;GBP;Britiske pund;NOK;Norske kroner;SP;Spot;4;false;0;Enheter;C;ECB concertation tidspunkt 14:15 CET;2022-05-25;12,041
B;Virkedag;GBP;Britiske pund;NOK;Norske kroner;SP;Spot;4;false;0;Enheter;C;ECB concertation tidspunkt 14:15 CET;2022-05-27;11,9929
B;Virkedag;GBP;Britiske pund;NOK;Norske kroner;SP;Spot;4;false;0;Enheter;C;ECB concertation tidspunkt 14:15 CET;2022-05-30;11,8915
B;Virkedag;GBP;Britiske pund;NOK;Norske kroner;SP;Spot;4;false;0;Enheter;C;ECB concertation tidspunkt 14:15 CET;2022-05-31;11,8611
B;Virkedag;GBP;Britiske pund;NOK;Norske kroner;SP;Spot;4;false;0;Enheter;C;ECB concertation tidspunkt 14:15 CET;2022-06-01;11,7943
B;Virkedag;GBP;Britiske pund;NOK;Norske kroner;SP;Spot;4;false;0;Enheter;C;ECB concertation tidspunkt 14:15 CET;2022-06-02;11,837
B;Virkedag;GBP;Britiske pund;NOK;Norske kroner;SP;Spot;4;false;0;Enheter;C;ECB concertation tidspunkt 14:15 CET;2022-06-03;11,8274
B;Virkedag;GBP;Britiske pund;NOK;Norske kroner;SP;Spot;4;false;0;Enheter;C;ECB concertation tidspunkt 14:15 CET;2022-06-07;11,9303
B;Virkedag;GBP;Britiske pund;NOK;Norske kroner;SP;Spot;4;false;0;Enheter;C;ECB concertation tidspunkt 14:15 CET;2022-06-08;11,8487
B;Virkedag;GBP;Britiske pund;NOK;Norske kroner;SP;Spot;4;false;0;Enheter;C;ECB concertation tidspunkt 14:15 CET;2022-06-09;11,8873
B;Virkedag;GBP;Britiske pund;NOK;Norske kroner;SP;Spot;4;false;0;Enheter;C;ECB concertation tidspunkt 14:15 CET;2022-06-10;11,9338
B;Virkedag;GBP;Britiske pund;NOK;Norske kroner;SP;Spot;4;false;0;Enheter;C;ECB concertation tidspunkt 14:15 CET;2022-06-13;12,0235
B;Virkedag;GBP;Britiske pund;NOK;Norske kroner;SP;Spot;4;false;0;Enheter;C;ECB concertation tidspunkt 14:15 CET;2022-06-14;12,0059
B;Virkedag;GBP;Britiske pund;NOK;Norske kroner;SP;Spot;4;false;0;Enheter;C;ECB concertation tidspunkt 14:15 CET;2022-06-15;12,0318
B;Virkedag;GBP;Britiske pund;NOK;Norske kroner;SP;Spot;4;false;0;Enheter;C;ECB concertation tidspunkt 14:15 CET;2022-06-16;12,2254
B;Virkedag;GBP;Britiske pund;NOK;Norske kroner;SP;Spot;4;false;0;Enheter;C;ECB concertation tidspunkt 14:15 CET;2022-06-17;12,2251
B;Virkedag;GBP;Britiske pund;NOK;Norske kroner;SP;Spot;4;false;0;Enheter;C;ECB concertation tidspunkt 14:15 CET;2022-06-20;12,1385
B;Virkedag;GBP;Britiske pund;NOK;Norske kroner;SP;Spot;4;false;0;Enheter;C;ECB concertation tidspunkt 14:15 CET;2022-06-21;12,0083
B;Virkedag;GBP;Britiske pund;NOK;Norske kroner;SP;Spot;4;false;0;Enheter;C;ECB concertation tidspunkt 14:15 CET;2022-06-22;12,2309
B;Virkedag;GBP;Britiske pund;NOK;Norske kroner;SP;Spot;4;false;0;Enheter;C;ECB concertation tidspunkt 14:15 CET;2022-06-23;12,2061
B;Virkedag;GBP;Britiske pund;NOK;Norske kroner;SP;Spot;4;false;0;Enheter;C;ECB concertation tidspunkt 14:15 CET;2022-06-24;12,1653
B;Virkedag;GBP;Britiske pund;NOK;Norske kroner;SP;Spot;4;false;0;Enheter;C;ECB concertation tidspunkt 14:15 CET;2022-06-27;12,0742
B;Virkedag;GBP;Britiske pund;NOK;Norske kroner;SP;Spot;4;false;0;Enheter;C;ECB concertation tidspunkt 14:15 CET;2022-06-28;11,971
B;Virkedag;GBP;Britiske pund;NOK;Norske kroner;SP;Spot;4;false;0;Enheter;C;ECB concertation tidspunkt 14:15 CET;2022-06-29;11,9204
B;Virkedag;GBP;Britiske pund;NOK;Norske kroner;SP;Spot;4;false;0;Enheter;C;ECB concertation tidspunkt 14:15 CET;2022-06-30;12,0584
B;Virkedag;GBP;Britiske pund;NOK;Norske kroner;SP;Spot;4;false;0;Enheter;C;ECB concertation tidspunkt 14:15 CET;2022-07-01;11,9623
B;Virkedag;GBP;Britiske pund;NOK;Norske kroner;SP;Spot;4;false;0;Enheter;C;ECB concertation tidspunkt 14:15 CET;2022-07-04;11,9774
B;Virkedag;GBP;Britiske pund;NOK;Norske kroner;SP;Spot;4;false;0;Enheter;C;ECB concertation tidspunkt 14:15 CET;2022-07-05;11,9809
B;Virkedag;GBP;Britiske pund;NOK;Norske kroner;SP;Spot;4;false;0;Enheter;C;ECB concertation tidspunkt 14:15 CET;2022-07-06;11,999
B;Virkedag;GBP;Britiske pund;NOK;Norske kroner;SP;Spot;4;false;0;Enheter;C;ECB concertation tidspunkt 14:15 CET;2022-07-07;12,0921
B;Virkedag;GBP;Britiske pund;NOK;Norske kroner;SP;Spot;4;false;0;Enheter;C;ECB concertation tidspunkt 14:15 CET;2022-07-08;12,1334
B;Virkedag;GBP;Britiske pund;NOK;Norske kroner;SP;Spot;4;false;0;Enheter;C;ECB concertation tidspunkt 14:15 CET;2022-07-11;12,1824
B;Virkedag;GBP;Britiske pund;NOK;Norske kroner;SP;Spot;4;false;0;Enheter;C;ECB concertation tidspunkt 14:15 CET;2022-07-12;12,1139
B;Virkedag;GBP;Britiske pund;NOK;Norske kroner;SP;Spot;4;false;0;Enheter;C;ECB concertation tidspunkt 14:15 CET;2022-07-13;12,1402
B;Virkedag;GBP;Britiske pund;NOK;Norske kroner;SP;Spot;4;false;0;Enheter;C;ECB concertation tidspunkt 14:15 CET;2022-07-14;12,1258
B;Virkedag;GBP;Britiske pund;NOK;Norske kroner;SP;Spot;4;false;0;Enheter;C;ECB concertation tidspunkt 14:15 CET;2022-07-15;12,0915
B;Virkedag;GBP;Britiske pund;NOK;Norske kroner;SP;Spot;4;false;0;Enheter;C;ECB concertation tidspunkt 14:15 CET;2022-07-18;12,1066
B;Virkedag;GBP;Britiske pund;NOK;Norske kroner;SP;Spot;4;false;0;Enheter;C;ECB concertation tidspunkt 14:15 CET;2022-07-19;11,9292
B;Virkedag;GBP;Britiske pund;NOK;Norske kroner;SP;Spot;4;false;0;Enheter;C;ECB concertation tidspunkt 14:15 CET;2022-07-20;11,8954
B;Virkedag;GBP;Britiske pund;NOK;Norske kroner;SP;Spot;4;false;0;Enheter;C;ECB concertation tidspunkt 14:15 CET;2022-07-21;11,8943
B;Virkedag;GBP;Britiske pund;NOK;Norske kroner;SP;Spot;4;false;0;Enheter;C;ECB concertation tidspunkt 14:15 CET;2022-07-22;11,9212
B;Virkedag;GBP;Britiske pund;NOK;Norske kroner;SP;Spot;4;false;0;Enheter;C;ECB concertation tidspunkt 14:15 CET;2022-07-25;11,8737
B;Virkedag;GBP;Britiske pund;NOK;Norske kroner;SP;Spot;4;false;0;Enheter;C;ECB concertation tidspunkt 14:15 CET;2022-07-26;11,8386
B;Virkedag;GBP;Britiske pund;NOK;Norske kroner;SP;Spot;4;false;0;Enheter;C;ECB concertation tidspunkt 14:15 CET;2022-07-27;11,8327
B;Virkedag;GBP;Britiske pund;NOK;Norske kroner;SP;Spot;4;false;0;Enheter;C;ECB concertation tidspunkt 14:15 CET;2022-07-28;11,8421
B;Virkedag;GBP;Britiske pund;NOK;Norske kroner;SP;Spot;4;false;0;Enheter;C;ECB concertation tidspunkt 14:15 CET;2022-07-29;11,7601
B;Virkedag;GBP;Britiske pund;NOK;Norske kroner;SP;Spot;4;false;0;Enheter;C;ECB concertation tidspunkt 14:15 CET;2022-08-01;11,7847
B;Virkedag;GBP;Britiske pund;NOK;Norske kroner;SP;Spot;4;false;0;Enheter;C;ECB concertation tidspunkt 14:15 CET;2022-08-02;11,8694
B;Virkedag;GBP;Britiske pund;NOK;Norske kroner;SP;Spot;4;false;0;Enheter;C;ECB concertation tidspunkt 14:15 CET;2022-08-03;11,8073
B;Virkedag;GBP;Britiske pund;NOK;Norske kroner;SP;Spot;4;false;0;Enheter;C;ECB concertation tidspunkt 14:15 CET;2022-08-04;11,7611
B;Virkedag;GBP;Britiske pund;NOK;Norske kroner;SP;Spot;4;false;0;Enheter;C;ECB concertation tidspunkt 14:15 CET;2022-08-05;11,8455
B;Virkedag;GBP;Britiske pund;NOK;Norske kroner;SP;Spot;4;false;0;Enheter;C;ECB concertation tidspunkt 14:15 CET;2022-08-08;11,8107
B;Virkedag;GBP;Britiske pund;NOK;Norske kroner;SP;Spot;4;false;0;Enheter;C;ECB concertation tidspunkt 14:15 CET;2022-08-09;11,7564
B;Virkedag;GBP;Britiske pund;NOK;Norske kroner;SP;Spot;4;false;0;Enheter;C;ECB concertation tidspunkt 14:15 CET;2022-08-10;11,715
B;Virkedag;GBP;Britiske pund;NOK;Norske kroner;SP;Spot;4;false;0;Enheter;C;ECB concertation tidspunkt 14:15 CET;2022-08-11;11,5921
B;Virkedag;GBP;Britiske pund;NOK;Norske kroner;SP;Spot;4;false;0;Enheter;C;ECB concertation tidspunkt 14:15 CET;2022-08-12;11,5835
B;Virkedag;GBP;Britiske pund;NOK;Norske kroner;SP;Spot;4;false;0;Enheter;C;ECB concertation tidspunkt 14:15 CET;2022-08-15;11,699
B;Virkedag;GBP;Britiske pund;NOK;Norske kroner;SP;Spot;4;false;0;Enheter;C;ECB concertation tidspunkt 14:15 CET;2022-08-16;11,6873
B;Virkedag;GBP;Britiske pund;NOK;Norske kroner;SP;Spot;4;false;0;Enheter;C;ECB concertation tidspunkt 14:15 CET;2022-08-17;11,6887
B;Virkedag;GBP;Britiske pund;NOK;Norske kroner;SP;Spot;4;false;0;Enheter;C;ECB concertation tidspunkt 14:15 CET;2022-08-18;11,6461
B;Virkedag;GBP;Britiske pund;NOK;Norske kroner;SP;Spot;4;false;0;Enheter;C;ECB concertation tidspunkt 14:15 CET;2022-08-19;11,587
B;Virkedag;GBP;Britiske pund;NOK;Norske kroner;SP;Spot;4;false;0;Enheter;C;ECB concertation tidspunkt 14:15 CET;2022-08-22;11,5428
B;Virkedag;GBP;Britiske pund;NOK;Norske kroner;SP;Spot;4;false;0;Enheter;C;ECB concertation tidspunkt 14:15 CET;2022-08-23;11,5526
B;Virkedag;GBP;Britiske pund;NOK;Norske kroner;SP;Spot;4;false;0;Enheter;C;ECB concertation tidspunkt 14:15 CET;2022-08-24;11,4329
B;Virkedag;GBP;Britiske pund;NOK;Norske kroner;SP;Spot;4;false;0;Enheter;C;ECB concertation tidspunkt 14:15 CET;2022-08-25;11,4363
B;Virkedag;GBP;Britiske pund;NOK;Norske kroner;SP;Spot;4;false;0;Enheter;C;ECB concertation tidspunkt 14:15 CET;2022-08-26;11,4281
B;Virkedag;GBP;Britiske pund;NOK;Norske kroner;SP;Spot;4;false;0;Enheter;C;ECB concertation tidspunkt 14:15 CET;2022-08-29;11,4347
B;Virkedag;GBP;Britiske pund;NOK;Norske kroner;SP;Spot;4;false;0;Enheter;C;ECB concertation tidspunkt 14:15 CET;2022-08-30;11,3904
B;Virkedag;GBP;Britiske pund;NOK;Norske kroner;SP;Spot;4;false;0;Enheter;C;ECB concertation tidspunkt 14:15 CET;2022-08-31;11,552
B;Virkedag;GBP;Britiske pund;NOK;Norske kroner;SP;Spot;4;false;0;Enheter;C;ECB concertation tidspunkt 14:15 CET;2022-09-01;11,5793
B;Virkedag;GBP;Britiske pund;NOK;Norske kroner;SP;Spot;4;false;0;Enheter;C;ECB concertation tidspunkt 14:15 CET;2022-09-02;11,5677
B;Virkedag;GBP;Britiske pund;NOK;Norske kroner;SP;Spot;4;false;0;Enheter;C;ECB concertation tidspunkt 14:15 CET;2022-09-05;11,4857
B;Virkedag;GBP;Britiske pund;NOK;Norske kroner;SP;Spot;4;false;0;Enheter;C;ECB concertation tidspunkt 14:15 CET;2022-09-06;11,5397
B;Virkedag;GBP;Britiske pund;NOK;Norske kroner;SP;Spot;4;false;0;Enheter;C;ECB concertation tidspunkt 14:15 CET;2022-09-07;11,4996
B;Virkedag;GBP;Britiske pund;NOK;Norske kroner;SP;Spot;4;false;0;Enheter;C;ECB concertation tidspunkt 14:15 CET;2022-09-08;11,6109
B;Virkedag;GBP;Britiske pund;NOK;Norske kroner;SP;Spot;4;false;0;Enheter;C;ECB concertation tidspunkt 14:15 CET;2022-09-09;11,4939
B;Virkedag;GBP;Britiske pund;NOK;Norske kroner;SP;Spot;4;false;0;Enheter;C;ECB concertation tidspunkt 14:15 CET;2022-09-12;11,4912
B;Virkedag;GBP;Britiske pund;NOK;Norske kroner;SP;Spot;4;false;0;Enheter;C;ECB concertation tidspunkt 14:15 CET;2022-09-13;11,5203
B;Virkedag;GBP;Britiske pund;NOK;Norske kroner;SP;Spot;4;false;0;Enheter;C;ECB concertation tidspunkt 14:15 CET;2022-09-14;11,691
B;Virkedag;GBP;Britiske pund;NOK;Norske kroner;SP;Spot;4;false;0;Enheter;C;ECB concertation tidspunkt 14:15 CET;2022-09-15;11,6414
B;Virkedag;GBP;Britiske pund;NOK;Norske kroner;SP;Spot;4;false;0;Enheter;C;ECB concertation tidspunkt 14:15 CET;2022-09-16;11,6688
B;Virkedag;GBP;Britiske pund;NOK;Norske kroner;SP;Spot;4;false;0;Enheter;C;ECB concertation tidspunkt 14:15 CET;2022-09-19;11,7134
B;Virkedag;GBP;Britiske pund;NOK;Norske kroner;SP;Spot;4;false;0;Enheter;C;ECB concertation tidspunkt 14:15 CET;2022-09-20;11,7547
B;Virkedag;GBP;Britiske pund;NOK;Norske kroner;SP;Spot;4;false;0;Enheter;C;ECB concertation tidspunkt 14:15 CET;2022-09-21;11,7774
B;Virkedag;GBP;Britiske pund;NOK;Norske kroner;SP;Spot;4;false;0;Enheter;C;ECB concertation tidspunkt 14:15 CET;2022-09-22;11,7299
B;Virkedag;GBP;Britiske pund;NOK;Norske kroner;SP;Spot;4;false;0;Enheter;C;ECB concertation tidspunkt 14:15 CET;2022-09-23;11,6025
B;Virkedag;GBP;Britiske pund;NOK;Norske kroner;SP;Spot;4;false;0;Enheter;C;ECB concertation tidspunkt 14:15 CET;2022-09-26;11,5862
B;Virkedag;GBP;Britiske pund;NOK;Norske kroner;SP;Spot;4;false;0;Enheter;C;ECB concertation tidspunkt 14:15 CET;2022-09-27;11,5904
B;Virkedag;GBP;Britiske pund;NOK;Norske kroner;SP;Spot;4;false;0;Enheter;C;ECB concertation tidspunkt 14:15 CET;2022-09-28;11,5851
B;Virkedag;GBP;Britiske pund;NOK;Norske kroner;SP;Spot;4;false;0;Enheter;C;ECB concertation tidspunkt 14:15 CET;2022-09-29;11,6799
B;Virkedag;GBP;Britiske pund;NOK;Norske kroner;SP;Spot;4;false;0;Enheter;C;ECB concertation tidspunkt 14:15 CET;2022-09-30;11,9862
B;Virkedag;GBP;Britiske pund;NOK;Norske kroner;SP;Spot;4;false;0;Enheter;C;ECB concertation tidspunkt 14:15 CET;2022-10-03;12,1345
B;Virkedag;GBP;Britiske pund;NOK;Norske kroner;SP;Spot;4;false;0;Enheter;C;ECB concertation tidspunkt 14:15 CET;2022-10-04;12,0215
B;Virkedag;GBP;Britiske pund;NOK;Norske kroner;SP;Spot;4;false;0;Enheter;C;ECB concertation tidspunkt 14:15 CET;2022-10-05;12,0057
B;Virkedag;GBP;Britiske pund;NOK;Norske kroner;SP;Spot;4;false;0;Enheter;C;ECB concertation tidspunkt 14:15 CET;2022-10-06;11,9062
B;Virkedag;GBP;Britiske pund;NOK;Norske kroner;SP;Spot;4;false;0;Enheter;C;ECB concertation tidspunkt 14:15 CET;2022-10-07;11,9586
B;Virkedag;GBP;Britiske pund;NOK;Norske kroner;SP;Spot;4;false;0;Enheter;C;ECB concertation tidspunkt 14:15 CET;2022-10-10;11,7837
B;Virkedag;GBP;Britiske pund;NOK;Norske kroner;SP;Spot;4;false;0;Enheter;C;ECB concertation tidspunkt 14:15 CET;2022-10-11;11,885
B;Virkedag;GBP;Britiske pund;NOK;Norske kroner;SP;Spot;4;false;0;Enheter;C;ECB concertation tidspunkt 14:15 CET;2022-10-12;11,8562
B;Virkedag;GBP;Britiske pund;NOK;Norske kroner;SP;Spot;4;false;0;Enheter;C;ECB concertation tidspunkt 14:15 CET;2022-10-13;11,9664
B;Virkedag;GBP;Britiske pund;NOK;Norske kroner;SP;Spot;4;false;0;Enheter;C;ECB concertation tidspunkt 14:15 CET;2022-10-14;11,9004
B;Virkedag;GBP;Britiske pund;NOK;Norske kroner;SP;Spot;4;false;0;Enheter;C;ECB concertation tidspunkt 14:15 CET;2022-10-17;11,9907
B;Virkedag;GBP;Britiske pund;NOK;Norske kroner;SP;Spot;4;false;0;Enheter;C;ECB concertation tidspunkt 14:15 CET;2022-10-18;11,9096
B;Virkedag;GBP;Britiske pund;NOK;Norske kroner;SP;Spot;4;false;0;Enheter;C;ECB concertation tidspunkt 14:15 CET;2022-10-19;11,9346
B;Virkedag;GBP;Britiske pund;NOK;Norske kroner;SP;Spot;4;false;0;Enheter;C;ECB concertation tidspunkt 14:15 CET;2022-10-20;11,921
B;Virkedag;GBP;Britiske pund;NOK;Norske kroner;SP;Spot;4;false;0;Enheter;C;ECB concertation tidspunkt 14:15 CET;2022-10-21;11,8907
B;Virkedag;GBP;Britiske pund;NOK;Norske kroner;SP;Spot;4;false;0;Enheter;C;ECB concertation tidspunkt 14:15 CET;2022-10-24;11,9352
B;Virkedag;GBP;Britiske pund;NOK;Norske kroner;SP;Spot;4;false;0;Enheter;C;ECB concertation tidspunkt 14:15 CET;2022-10-25;11,9241
B;Virkedag;GBP;Britiske pund;NOK;Norske kroner;SP;Spot;4;false;0;Enheter;C;ECB concertation tidspunkt 14:15 CET;2022-10-26;11,9405
B;Virkedag;GBP;Britiske pund;NOK;Norske kroner;SP;Spot;4;false;0;Enheter;C;ECB concertation tidspunkt 14:15 CET;2022-10-27;11,9223
B;Virkedag;GBP;Britiske pund;NOK;Norske kroner;SP;Spot;4;false;0;Enheter;C;ECB concertation tidspunkt 14:15 CET;2022-10-28;11,9246
B;Virkedag;GBP;Britiske pund;NOK;Norske kroner;SP;Spot;4;false;0;Enheter;C;ECB concertation tidspunkt 14:15 CET;2022-10-31;11,964
B;Virkedag;GBP;Britiske pund;NOK;Norske kroner;SP;Spot;4;false;0;Enheter;C;ECB concertation tidspunkt 14:15 CET;2022-11-01;11,8333
B;Virkedag;GBP;Britiske pund;NOK;Norske kroner;SP;Spot;4;false;0;Enheter;C;ECB concertation tidspunkt 14:15 CET;2022-11-02;11,8918
B;Virkedag;GBP;Britiske pund;NOK;Norske kroner;SP;Spot;4;false;0;Enheter;C;ECB concertation tidspunkt 14:15 CET;2022-11-03;11,8704
B;Virkedag;GBP;Britiske pund;NOK;Norske kroner;SP;Spot;4;false;0;Enheter;C;ECB concertation tidspunkt 14:15 CET;2022-11-04;11,6622
B;Virkedag;GBP;Britiske pund;NOK;Norske kroner;SP;Spot;4;false;0;Enheter;C;ECB concertation tidspunkt 14:15 CET;2022-11-07;11,7697
B;Virkedag;GBP;Britiske pund;NOK;Norske kroner;SP;Spot;4;false;0;Enheter;C;ECB concertation tidspunkt 14:15 CET;2022-11-08;11,7644
B;Virkedag;GBP;Britiske pund;NOK;Norske kroner;SP;Spot;4;false;0;Enheter;C;ECB concertation tidspunkt 14:15 CET;2022-11-09;11,7597
B;Virkedag;GBP;Britiske pund;NOK;Norske kroner;SP;Spot;4;false;0;Enheter;C;ECB concertation tidspunkt 14:15 CET;2022-11-10;11,8691
B;Virkedag;GBP;Britiske pund;NOK;Norske kroner;SP;Spot;4;false;0;Enheter;C;ECB concertation tidspunkt 14:15 CET;2022-11-11;11,7246
B;Virkedag;GBP;Britiske pund;NOK;Norske kroner;SP;Spot;4;false;0;Enheter;C;ECB concertation tidspunkt 14:15 CET;2022-11-14;11,786
B;Virkedag;GBP;Britiske pund;NOK;Norske kroner;SP;Spot;4;false;0;Enheter;C;ECB concertation tidspunkt 14:15 CET;2022-11-15;11,8427
B;Virkedag;GBP;Britiske pund;NOK;Norske kroner;SP;Spot;4;false;0;Enheter;C;ECB concertation tidspunkt 14:15 CET;2022-11-16;11,8509
B;Virkedag;GBP;Britiske pund;NOK;Norske kroner;SP;Spot;4;false;0;Enheter;C;ECB concertation tidspunkt 14:15 CET;2022-11-17;12,0011
B;Virkedag;GBP;Britiske pund;NOK;Norske kroner;SP;Spot;4;false;0;Enheter;C;ECB concertation tidspunkt 14:15 CET;2022-11-18;12,0442
B;Virkedag;GBP;Britiske pund;NOK;Norske kroner;SP;Spot;4;false;0;Enheter;C;ECB concertation tidspunkt 14:15 CET;2022-11-21;12,086
B;Virkedag;GBP;Britiske pund;NOK;Norske kroner;SP;Spot;4;false;0;Enheter;C;ECB concertation tidspunkt 14:15 CET;2022-11-22;12,0944
B;Virkedag;GBP;Britiske pund;NOK;Norske kroner;SP;Spot;4;false;0;Enheter;C;ECB concertation tidspunkt 14:15 CET;2022-11-23;12,0019
B;Virkedag;GBP;Britiske pund;NOK;Norske kroner;SP;Spot;4;false;0;Enheter;C;ECB concertation tidspunkt 14:15 CET;2022-11-24;12,0367
B;Virkedag;GBP;Britiske pund;NOK;Norske kroner;SP;Spot;4;false;0;Enheter;C;ECB concertation tidspunkt 14:15 CET;2022-11-25;11,991
B;Virkedag;GBP;Britiske pund;NOK;Norske kroner;SP;Spot;4;false;0;Enheter;C;ECB concertation tidspunkt 14:15 CET;2022-11-28;11,9668
B;Virkedag;GBP;Britiske pund;NOK;Norske kroner;SP;Spot;4;false;0;Enheter;C;ECB concertation tidspunkt 14:15 CET;2022-11-29;11,9828
B;Virkedag;GBP;Britiske pund;NOK;Norske kroner;SP;Spot;4;false;0;Enheter;C;ECB concertation tidspunkt 14:15 CET;2022-11-30;11,8685
B;Virkedag;GBP;Britiske pund;NOK;Norske kroner;SP;Spot;4;false;0;Enheter;C;ECB concertation tidspunkt 14:15 CET;2022-12-01;11,9577
B;Virkedag;GBP;Britiske pund;NOK;Norske kroner;SP;Spot;4;false;0;Enheter;C;ECB concertation tidspunkt 14:15 CET;2022-12-02;11,9521
B;Virkedag;GBP;Britiske pund;NOK;Norske kroner;SP;Spot;4;false;0;Enheter;C;ECB concertation tidspunkt 14:15 CET;2022-12-05;12,0074
B;Virkedag;GBP;Britiske pund;NOK;Norske kroner;SP;Spot;4;false;0;Enheter;C;ECB concertation tidspunkt 14:15 CET;2022-12-06;12,1165
B;Virkedag;GBP;Britiske pund;NOK;Norske kroner;SP;Spot;4;false;0;Enheter;C;ECB concertation tidspunkt 14:15 CET;2022-12-07;12,1812
B;Virkedag;GBP;Britiske pund;NOK;Norske kroner;SP;Spot;4;false;0;Enheter;C;ECB concertation tidspunkt 14:15 CET;2022-12-08;12,1589
B;Virkedag;GBP;Britiske pund;NOK;Norske kroner;SP;Spot;4;false;0;Enheter;C;ECB concertation tidspunkt 14:15 CET;2022-12-09;12,2565
B;Virkedag;GBP;Britiske pund;NOK;Norske kroner;SP;Spot;4;false;0;Enheter;C;ECB concertation tidspunkt 14:15 CET;2022-12-12;12,2722
B;Virkedag;GBP;Britiske pund;NOK;Norske kroner;SP;Spot;4;false;0;Enheter;C;ECB concertation tidspunkt 14:15 CET;2022-12-13;12,207
B;Virkedag;GBP;Britiske pund;NOK;Norske kroner;SP;Spot;4;false;0;Enheter;C;ECB concertation tidspunkt 14:15 CET;2022-12-14;12,0323
B;Virkedag;GBP;Britiske pund;NOK;Norske kroner;SP;Spot;4;false;0;Enheter;C;ECB concertation tidspunkt 14:15 CET;2022-12-15;12,0673
B;Virkedag;GBP;Britiske pund;NOK;Norske kroner;SP;Spot;4;false;0;Enheter;C;ECB concertation tidspunkt 14:15 CET;2022-12-16;12,0176
B;Virkedag;GBP;Britiske pund;NOK;Norske kroner;SP;Spot;4;false;0;Enheter;C;ECB concertation tidspunkt 14:15 CET;2022-12-19;12,0555
B;Virkedag;GBP;Britiske pund;NOK;Norske kroner;SP;Spot;4;false;0;Enheter;C;ECB concertation tidspunkt 14:15 CET;2022-12-20;12,0071
B;Virkedag;GBP;Britiske pund;NOK;Norske kroner;SP;Spot;4;false;0;Enheter;C;ECB concertation tidspunkt 14:15 CET;2022-12-21;11,9005
B;Virkedag;GBP;Britiske pund;NOK;Norske kroner;SP;Spot;4;false;0;Enheter;C;ECB concertation tidspunkt 14:15 CET;2022-12-22;11,7996
B;Virkedag;GBP;Britiske pund;NOK;Norske kroner;SP;Spot;4;false;0;Enheter;C;ECB concertation tidspunkt 14:15 CET;2022-12-23;11,865
B;Virkedag;GBP;Britiske pund;NOK;Norske kroner;SP;Spot;4;false;0;Enheter;C;ECB concertation tidspunkt 14:15 CET;2022-12-27;11,875
B;Virkedag;GBP;Britiske pund;NOK;Norske kroner;SP;Spot;4;false;0;Enheter;C;ECB concertation tidspunkt 14:15 CET;2022-12-28;11,8666
B;Virkedag;GBP;Britiske pund;NOK;Norske kroner;SP;Spot;4;false;0;Enheter;C;ECB concertation tidspunkt 14:15 CET;2022-12-29;11,9143
B;Virkedag;GBP;Britiske pund;NOK;Norske kroner;SP;Spot;4;false;0;Enheter;C;ECB concertation tidspunkt 14:15 CET;2022-12-30;11,8541
B;Virkedag;GBP;Britiske pund;NOK;Norske kroner;SP;Spot;4;false;0;Enheter;C;ECB concertation tidspunkt 14:15 CET;2023-01-02;11,8622
B;Virkedag;GBP;Britiske pund;NOK;Norske kroner;SP;Spot;4;false;0;Enheter;C;ECB concertation tidspunkt 14:15 CET;2023-01-03;11,9571
B;Virkedag;GBP;Britiske pund;NOK;Norske kroner;SP;Spot;4;false;0;Enheter;C;ECB concertation tidspunkt 14:15 CET;2023-01-04;12,1917
B;Virkedag;GBP;Britiske pund;NOK;Norske kroner;SP;Spot;4;false;0;Enheter;C;ECB concertation tidspunkt 14:15 CET;2023-01-05;12,1455
B;Virkedag;GBP;Britiske pund;NOK;Norske kroner;SP;Spot;4;false;0;Enheter;C;ECB concertation tidspunkt 14:15 CET;2023-01-06;12,2147
B;Virkedag;GBP;Britiske pund;NOK;Norske kroner;SP;Spot;4;false;0;Enheter;C;ECB concertation tidspunkt 14:15 CET;2023-01-09;12,0512
B;Virkedag;GBP;Britiske pund;NOK;Norske kroner;SP;Spot;4;false;0;Enheter;C;ECB concertation tidspunkt 14:15 CET;2023-01-10;12,0893
B;Virkedag;GBP;Britiske pund;NOK;Norske kroner;SP;Spot;4;false;0;Enheter;C;ECB concertation tidspunkt 14:15 CET;2023-01-11;12,1097
B;Virkedag;GBP;Britiske pund;NOK;Norske kroner;SP;Spot;4;false;0;Enheter;C;ECB concertation tidspunkt 14:15 CET;2023-01-12;12,0902
B;Virkedag;GBP;Britiske pund;NOK;Norske kroner;SP;Spot;4;false;0;Enheter;C;ECB concertation tidspunkt 14:15 CET;2023-01-13;12,0434
B;Virkedag;GBP;Britiske pund;NOK;Norske kroner;SP;Spot;4;false;0;Enheter;C;ECB concertation tidspunkt 14:15 CET;2023-01-16;12,0491
B;Virkedag;GBP;Britiske pund;NOK;Norske kroner;SP;Spot;4;false;0;Enheter;C;ECB concertation tidspunkt 14:15 CET;2023-01-17;12,1297
B;Virkedag;GBP;Britiske pund;NOK;Norske kroner;SP;Spot;4;false;0;Enheter;C;ECB concertation tidspunkt 14:15 CET;2023-01-18;12,1733
B;Virkedag;GBP;Britiske pund;NOK;Norske kroner;SP;Spot;4;false;0;Enheter;C;ECB concertation tidspunkt 14:15 CET;2023-01-19;12,2604
B;Virkedag;GBP;Britiske pund;NOK;Norske kroner;SP;Spot;4;false;0;Enheter;C;ECB concertation tidspunkt 14:15 CET;2023-01-20;12,23
B;Virkedag;GBP;Britiske pund;NOK;Norske kroner;SP;Spot;4;false;0;Enheter;C;ECB concertation tidspunkt 14:15 CET;2023-01-23;12,1445
B;Virkedag;GBP;Britiske pund;NOK;Norske kroner;SP;Spot;4;false;0;Enheter;C;ECB concertation tidspunkt 14:15 CET;2023-01-24;12,1303
B;Virkedag;GBP;Britiske pund;NOK;Norske kroner;SP;Spot;4;false;0;Enheter;C;ECB concertation tidspunkt 14:15 CET;2023-01-25;12,2265
B;Virkedag;GBP;Britiske pund;NOK;Norske kroner;SP;Spot;4;false;0;Enheter;C;ECB concertation tidspunkt 14:15 CET;2023-01-26;12,2372
B;Virkedag;GBP;Britiske pund;NOK;Norske kroner;SP;Spot;4;false;0;Enheter;C;ECB concertation tidspunkt 14:15 CET;2023-01-27;12,2433
B;Virkedag;GBP;Britiske pund;NOK;Norske kroner;SP;Spot;4;false;0;Enheter;C;ECB concertation tidspunkt 14:15 CET;2023-01-30;12,2673
B;Virkedag;GBP;Britiske pund;NOK;Norske kroner;SP;Spot;4;false;0;Enheter;C;ECB concertation tidspunkt 14:15 CET;2023-01-31;12,3855
B;Virkedag;GBP;Britiske pund;NOK;Norske kroner;SP;Spot;4;false;0;Enheter;C;ECB concertation tidspunkt 14:15 CET;2023-02-01;12,2798
B;Virkedag;GBP;Britiske pund;NOK;Norske kroner;SP;Spot;4;false;0;Enheter;C;ECB concertation tidspunkt 14:15 CET;2023-02-02;12,2675
B;Virkedag;GBP;Britiske pund;NOK;Norske kroner;SP;Spot;4;false;0;Enheter;C;ECB concertation tidspunkt 14:15 CET;2023-02-03;12,3006
B;Virkedag;GBP;Britiske pund;NOK;Norske kroner;SP;Spot;4;false;0;Enheter;C;ECB concertation tidspunkt 14:15 CET;2023-02-06;12,369
B;Virkedag;GBP;Britiske pund;NOK;Norske kroner;SP;Spot;4;false;0;Enheter;C;ECB concertation tidspunkt 14:15 CET;2023-02-07;12,453
B;Virkedag;GBP;Britiske pund;NOK;Norske kroner;SP;Spot;4;false;0;Enheter;C;ECB concertation tidspunkt 14:15 CET;2023-02-08;12,4167
B;Virkedag;GBP;Britiske pund;NOK;Norske kroner;SP;Spot;4;false;0;Enheter;C;ECB concertation tidspunkt 14:15 CET;2023-02-09;12,3282
B;Virkedag;GBP;Britiske pund;NOK;Norske kroner;SP;Spot;4;false;0;Enheter;C;ECB concertation tidspunkt 14:15 CET;2023-02-10;12,3047
B;Virkedag;GBP;Britiske pund;NOK;Norske kroner;SP;Spot;4;false;0;Enheter;C;ECB concertation tidspunkt 14:15 CET;2023-02-13;12,2578
B;Virkedag;GBP;Britiske pund;NOK;Norske kroner;SP;Spot;4;false;0;Enheter;C;ECB concertation tidspunkt 14:15 CET;2023-02-14;12,3436
B;Virkedag;GBP;Britiske pund;NOK;Norske kroner;SP;Spot;4;false;0;Enheter;C;ECB concertation tidspunkt 14:15 CET;2023-02-15;12,293
B;Virkedag;GBP;Britiske pund;NOK;Norske kroner;SP;Spot;4;false;0;Enheter;C;ECB concertation tidspunkt 14:15 CET;2023-02-16;12,321
B;Virkedag;GBP;Britiske pund;NOK;Norske kroner;SP;Spot;4;false;0;Enheter;C;ECB concertation tidspunkt 14:15 CET;2023-02-17;12,392
B;Virkedag;GBP;Britiske pund;NOK;Norske kroner;SP;Spot;4;false;0;Enheter;C;ECB concertation tidspunkt 14:15 CET;2023-02-20;12,3603
B;Virkedag;GBP;Britiske pund;NOK;Norske kroner;SP;Spot;4;false;0;Enheter;C;ECB concertation tidspunkt 14:15 CET;2023-02-21;12,4502
B;Virkedag;GBP;Britiske pund;NOK;Norske kroner;SP;Spot;4;false;0;Enheter;C;ECB concertation tidspunkt 14:15 CET;2023-02-22;12,4697
B;Virkedag;GBP;Britiske pund;NOK;Norske kroner;SP;Spot;4;false;0;Enheter;C;ECB concertation tidspunkt 14:15 CET;2023-02-23;12,4285
B;Virkedag;GBP;Britiske pund;NOK;Norske kroner;SP;Spot;4;false;0;Enheter;C;ECB concertation tidspunkt 14:15 CET;2023-02-24;12,3939
B;Virkedag;GBP;Britiske pund;NOK;Norske kroner;SP;Spot;4;false;0;Enheter;C;ECB concertation tidspunkt 14:15 CET;2023-02-27;12,4482
B;Virkedag;GBP;Britiske pund;NOK;Norske kroner;SP;Spot;4;false;0;Enheter;C;ECB concertation tidspunkt 14:15 CET;2023-02-28;12,5099
B;Virkedag;GBP;Britiske pund;NOK;Norske kroner;SP;Spot;4;false;0;Enheter;C;ECB concertation tidspunkt 14:15 CET;2023-03-01;12,4602
B;Virkedag;GBP;Britiske pund;NOK;Norske kroner;SP;Spot;4;false;0;Enheter;C;ECB concertation tidspunkt 14:15 CET;2023-03-02;12,4852
B;Virkedag;GBP;Britiske pund;NOK;Norske kroner;SP;Spot;4;false;0;Enheter;C;ECB concertation tidspunkt 14:15 CET;2023-03-03;12,4941
B;Virkedag;GBP;Britiske pund;NOK;Norske kroner;SP;Spot;4;false;0;Enheter;C;ECB concertation tidspunkt 14:15 CET;2023-03-06;12,5363
B;Virkedag;GBP;Britiske pund;NOK;Norske kroner;SP;Spot;4;false;0;Enheter;C;ECB concertation tidspunkt 14:15 CET;2023-03-07;12,5815
B;Virkedag;GBP;Britiske pund;NOK;Norske kroner;SP;Spot;4;false;0;Enheter;C;ECB concertation tidspunkt 14:15 CET;2023-03-08;12,5968
B;Virkedag;GBP;Britiske pund;NOK;Norske kroner;SP;Spot;4;false;0;Enheter;C;ECB concertation tidspunkt 14:15 CET;2023-03-09;12,6911
B;Virkedag;GBP;Britiske pund;NOK;Norske kroner;SP;Spot;4;false;0;Enheter;C;ECB concertation tidspunkt 14:15 CET;2023-03-10;12,792
B;Virkedag;GBP;Britiske pund;NOK;Norske kroner;SP;Spot;4;false;0;Enheter;C;ECB concertation tidspunkt 14:15 CET;2023-03-13;12,8882
B;Virkedag;GBP;Britiske pund;NOK;Norske kroner;SP;Spot;4;false;0;Enheter;C;ECB concertation tidspunkt 14:15 CET;2023-03-14;12,8728
B;Virkedag;GBP;Britiske pund;NOK;Norske kroner;SP;Spot;4;false;0;Enheter;C;ECB concertation tidspunkt 14:15 CET;2023-03-15;12,9982
B;Virkedag;GBP;Britiske pund;NOK;Norske kroner;SP;Spot;4;false;0;Enheter;C;ECB concertation tidspunkt 14:15 CET;2023-03-16;13,0366
B;Virkedag;GBP;Britiske pund;NOK;Norske kroner;SP;Spot;4;false;0;Enheter;C;ECB concertation tidspunkt 14:15 CET;2023-03-17;13,0553
B;Virkedag;GBP;Britiske pund;NOK;Norske kroner;SP;Spot;4;false;0;Enheter;C;ECB concertation tidspunkt 14:15 CET;2023-03-20;13,0436
B;Virkedag;GBP;Britiske pund;NOK;Norske kroner;SP;Spot;4;false;0;Enheter;C;ECB concertation tidspunkt 14:15 CET;2023-03-21;12,8503
B;Virkedag;GBP;Britiske pund;NOK;Norske kroner;SP;Spot;4;false;0;Enheter;C;ECB concertation tidspunkt 14:15 CET;2023-03-22;12,8883
B;Virkedag;GBP;Britiske pund;NOK;Norske kroner;SP;Spot;4;false;0;Enheter;C;ECB concertation tidspunkt 14:15 CET;2023-03-23;12,747
B;Virkedag;GBP;Britiske pund;NOK;Norske kroner;SP;Spot;4;false;0;Enheter;C;ECB concertation tidspunkt 14:15 CET;2023-03-24;12,8571
B;Virkedag;GBP;Britiske pund;NOK;Norske kroner;SP;Spot;4;false;0;Enheter;C;ECB concertation tidspunkt 14:15 CET;2023-03-27;12,9108
B;Virkedag;GBP;Britiske pund;NOK;Norske kroner;SP;Spot;4;false;0;Enheter;C;ECB concertation tidspunkt 14:15 CET;2023-03-28;12,8773
B;Virkedag;GBP;Britiske pund;NOK;Norske kroner;SP;Spot;4;false;0;Enheter;C;ECB concertation tidspunkt 14:15 CET;2023-03-29;12,8432
B;Virkedag;GBP;Britiske pund;NOK;Norske kroner;SP;Spot;4;false;0;Enheter;C;ECB concertation tidspunkt 14:15 CET;2023-03-30;12,8817
B;Virkedag;GBP;Britiske pund;NOK;Norske kroner;SP;Spot;4;false;0;Enheter;C;ECB concertation tidspunkt 14:15 CET;2023-03-31;12,9595
B;Virkedag;GBP;Britiske pund;NOK;Norske kroner;SP;Spot;4;false;0;Enheter;C;ECB concertation tidspunkt 14:15 CET;2023-04-03;12,8164
B;Virkedag;GBP;Britiske pund;NOK;Norske kroner;SP;Spot;4;false;0;Enheter;C;ECB concertation tidspunkt 14:15 CET;2023-04-04;12,864
B;Virkedag;GBP;Britiske pund;NOK;Norske kroner;SP;Spot;4;false;0;Enheter;C;ECB concertation tidspunkt 14:15 CET;2023-04-05;12,9999
B;Virkedag;GBP;Britiske pund;NOK;Norske kroner;SP;Spot;4;false;0;Enheter;C;ECB concertation tidspunkt 14:15 CET;2023-04-11;13,1568
B;Virkedag;GBP;Britiske pund;NOK;Norske kroner;SP;Spot;4;false;0;Enheter;C;ECB concertation tidspunkt 14:15 CET;2023-04-12;13,0336
B;Virkedag;GBP;Britiske pund;NOK;Norske kroner;SP;Spot;4;false;0;Enheter;C;ECB concertation tidspunkt 14:15 CET;2023-04-13;13,0107
B;Virkedag;GBP;Britiske pund;NOK;Norske kroner;SP;Spot;4;false;0;Enheter;C;ECB concertation tidspunkt 14:15 CET;2023-04-14;12,8924
B;Virkedag;GBP;Britiske pund;NOK;Norske kroner;SP;Spot;4;false;0;Enheter;C;ECB concertation tidspunkt 14:15 CET;2023-04-17;12,8591
B;Virkedag;GBP;Britiske pund;NOK;Norske kroner;SP;Spot;4;false;0;Enheter;C;ECB concertation tidspunkt 14:15 CET;2023-04-18;13,0101
B;Virkedag;GBP;Britiske pund;NOK;Norske kroner;SP;Spot;4;false;0;Enheter;C;ECB concertation tidspunkt 14:15 CET;2023-04-19;13,0902
B;Virkedag;GBP;Britiske pund;NOK;Norske kroner;SP;Spot;4;false;0;Enheter;C;ECB concertation tidspunkt 14:15 CET;2023-04-20;13,1635
B;Virkedag;GBP;Britiske pund;NOK;Norske kroner;SP;Spot;4;false;0;Enheter;C;ECB concertation tidspunkt 14:15 CET;2023-04-21;13,154
B;Virkedag;GBP;Britiske pund;NOK;Norske kroner;SP;Spot;4;false;0;Enheter;C;ECB concertation tidspunkt 14:15 CET;2023-04-24;13,166
B;Virkedag;GBP;Britiske pund;NOK;Norske kroner;SP;Spot;4;false;0;Enheter;C;ECB concertation tidspunkt 14:15 CET;2023-04-25;13,1931
B;Virkedag;GBP;Britiske pund;NOK;Norske kroner;SP;Spot;4;false;0;Enheter;C;ECB concertation tidspunkt 14:15 CET;2023-04-26;13,2362
B;Virkedag;GBP;Britiske pund;NOK;Norske kroner;SP;Spot;4;false;0;Enheter;C;ECB concertation tidspunkt 14:15 CET;2023-04-27;13,2469
B;Virkedag;GBP;Britiske pund;NOK;Norske kroner;SP;Spot;4;false;0;Enheter;C;ECB concertation tidspunkt 14:15 CET;2023-04-28;13,3913
B;Virkedag;GBP;Britiske pund;NOK;Norske kroner;SP;Spot;4;false;0;Enheter;C;ECB concertation tidspunkt 14:15 CET;2023-05-02;13,386
B;Virkedag;GBP;Britiske pund;NOK;Norske kroner;SP;Spot;4;false;0;Enheter;C;ECB concertation tidspunkt 14:15 CET;2023-05-03;13,4663
B;Virkedag;GBP;Britiske pund;NOK;Norske kroner;SP;Spot;4;false;0;Enheter;C;ECB concertation tidspunkt 14:15 CET;2023-05-04;13,4388
B;Virkedag;GBP;Britiske pund;NOK;Norske kroner;SP;Spot;4;false;0;Enheter;C;ECB concertation tidspunkt 14:15 CET;2023-05-05;13,3781
B;Virkedag;GBP;Britiske pund;NOK;Norske kroner;SP;Spot;4;false;0;Enheter;C;ECB concertation tidspunkt 14:15 CET;2023-05-08;13,2417
B;Virkedag;GBP;Britiske pund;NOK;Norske kroner;SP;Spot;4;false;0;Enheter;C;ECB concertation tidspunkt 14:15 CET;2023-05-09;13,3061
B;Virkedag;GBP;Britiske pund;NOK;Norske kroner;SP;Spot;4;false;0;Enheter;C;ECB concertation tidspunkt 14:15 CET;2023-05-10;13,3027
B;Virkedag;GBP;Britiske pund;NOK;Norske kroner;SP;Spot;4;false;0;Enheter;C;ECB concertation tidspunkt 14:15 CET;2023-05-11;13,2703
B;Virkedag;GBP;Britiske pund;NOK;Norske kroner;SP;Spot;4;false;0;Enheter;C;ECB concertation tidspunkt 14:15 CET;2023-05-12;13,3659
B;Virkedag;GBP;Britiske pund;NOK;Norske kroner;SP;Spot;4;false;0;Enheter;C;ECB concertation tidspunkt 14:15 CET;2023-05-15;13,3225
B;Virkedag;GBP;Britiske pund;NOK;Norske kroner;SP;Spot;4;false;0;Enheter;C;ECB concertation tidspunkt 14:15 CET;2023-05-16;13,3578
B;Virkedag;GBP;Britiske pund;NOK;Norske kroner;SP;Spot;4;false;0;Enheter;C;ECB concertation tidspunkt 14:15 CET;2023-05-19;13,4742
B;Virkedag;GBP;Britiske pund;NOK;Norske kroner;SP;Spot;4;false;0;Enheter;C;ECB concertation tidspunkt 14:15 CET;2023-05-22;13,5602
B;Virkedag;GBP;Britiske pund;NOK;Norske kroner;SP;Spot;4;false;0;Enheter;C;ECB concertation tidspunkt 14:15 CET;2023-05-23;13,5551
B;Virkedag;GBP;Britiske pund;NOK;Norske kroner;SP;Spot;4;false;0;Enheter;C;ECB concertation tidspunkt 14:15 CET;2023-05-24;13,5844
B;Virkedag;GBP;Britiske pund;NOK;Norske kroner;SP;Spot;4;false;0;Enheter;C;ECB concertation tidspunkt 14:15 CET;2023-05-25;13,5604
B;Virkedag;GBP;Britiske pund;NOK;Norske kroner;SP;Spot;4;false;0;Enheter;C;ECB concertation tidspunkt 14:15 CET;2023-05-26;13,6175
B;Virkedag;GBP;Britiske pund;NOK;Norske kroner;SP;Spot;4;false;0;Enheter;C;ECB concertation tidspunkt 14:15 CET;2023-05-30;13,7492
B;Virkedag;GBP;Britiske pund;NOK;Norske kroner;SP;Spot;4;false;0;Enheter;C;ECB concertation tidspunkt 14:15 CET;2023-05-31;13,8933
B;Virkedag;GBP;Britiske pund;NOK;Norske kroner;SP;Spot;4;false;0;Enheter;C;ECB concertation tidspunkt 14:15 CET;2023-06-01;13,9438
B;Virkedag;GBP;Britiske pund;NOK;Norske kroner;SP;Spot;4;false;0;Enheter;C;ECB concertation tidspunkt 14:15 CET;2023-06-02;13,7845
B;Virkedag;GBP;Britiske pund;NOK;Norske kroner;SP;Spot;4;false;0;Enheter;C;ECB concertation tidspunkt 14:15 CET;2023-06-05;13,7014
B;Virkedag;GBP;Britiske pund;NOK;Norske kroner;SP;Spot;4;false;0;Enheter;C;ECB concertation tidspunkt 14:15 CET;2023-06-06;13,7945
B;Virkedag;GBP;Britiske pund;NOK;Norske kroner;SP;Spot;4;false;0;Enheter;C;ECB concertation tidspunkt 14:15 CET;2023-06-07;13,7228
B;Virkedag;GBP;Britiske pund;NOK;Norske kroner;SP;Spot;4;false;0;Enheter;C;ECB concertation tidspunkt 14:15 CET;2023-06-08;13,6542
B;Virkedag;GBP;Britiske pund;NOK;Norske kroner;SP;Spot;4;false;0;Enheter;C;ECB concertation tidspunkt 14:15 CET;2023-06-09;13,5346
B;Virkedag;GBP;Britiske pund;NOK;Norske kroner;SP;Spot;4;false;0;Enheter;C;ECB concertation tidspunkt 14:15 CET;2023-06-12;13,5787
B;Virkedag;GBP;Britiske pund;NOK;Norske kroner;SP;Spot;4;false;0;Enheter;C;ECB concertation tidspunkt 14:15 CET;2023-06-13;13,5393
B;Virkedag;GBP;Britiske pund;NOK;Norske kroner;SP;Spot;4;false;0;Enheter;C;ECB concertation tidspunkt 14:15 CET;2023-06-14;13,4293
B;Virkedag;GBP;Britiske pund;NOK;Norske kroner;SP;Spot;4;false;0;Enheter;C;ECB concertation tidspunkt 14:15 CET;2023-06-15;13,4446
B;Virkedag;GBP;Britiske pund;NOK;Norske kroner;SP;Spot;4;false;0;Enheter;C;ECB concertation tidspunkt 14:15 CET;2023-06-16;13,4815
B;Virkedag;GBP;Britiske pund;NOK;Norske kroner;SP;Spot;4;false;0;Enheter;C;ECB concertation tidspunkt 14:15 CET;2023-06-19;13,6435
B;Virkedag;GBP;Britiske pund;NOK;Norske kroner;SP;Spot;4;false;0;Enheter;C;ECB concertation tidspunkt 14:15 CET;2023-06-20;13,6696
B;Virkedag;GBP;Britiske pund;NOK;Norske kroner;SP;Spot;4;false;0;Enheter;C;ECB concertation tidspunkt 14:15 CET;2023-06-21;13,6867
B;Virkedag;GBP;Britiske pund;NOK;Norske kroner;SP;Spot;4;false;0;Enheter;C;ECB concertation tidspunkt 14:15 CET;2023-06-22;13,4692
B;Virkedag;GBP;Britiske pund;NOK;Norske kroner;SP;Spot;4;false;0;Enheter;C;ECB concertation tidspunkt 14:15 CET;2023-06-23;13,8707
B;Virkedag;GBP;Britiske pund;NOK;Norske kroner;SP;Spot;4;false;0;Enheter;C;ECB concertation tidspunkt 14:15 CET;2023-06-26;13,6333
B;Virkedag;GBP;Britiske pund;NOK;Norske kroner;SP;Spot;4;false;0;Enheter;C;ECB concertation tidspunkt 14:15 CET;2023-06-27;13,6717
B;Virkedag;GBP;Britiske pund;NOK;Norske kroner;SP;Spot;4;false;0;Enheter;C;ECB concertation tidspunkt 14:15 CET;2023-06-28;13,7
B;Virkedag;GBP;Britiske pund;NOK;Norske kroner;SP;Spot;4;false;0;Enheter;C;ECB concertation tidspunkt 14:15 CET;2023-06-29;13,6163
B;Virkedag;GBP;Britiske pund;NOK;Norske kroner;SP;Spot;4;false;0;Enheter;C;ECB concertation tidspunkt 14:15 CET;2023-06-30;13,6366
B;Virkedag;GBP;Britiske pund;NOK;Norske kroner;SP;Spot;4;false;0;Enheter;C;ECB concertation tidspunkt 14:15 CET;2023-07-03;13,6014
B;Virkedag;GBP;Britiske pund;NOK;Norske kroner;SP;Spot;4;false;0;Enheter;C;ECB concertation tidspunkt 14:15 CET;2023-07-04;13,535
B;Virkedag;GBP;Britiske pund;NOK;Norske kroner;SP;Spot;4;false;0;Enheter;C;ECB concertation tidspunkt 14:15 CET;2023-07-05;13,5911
B;Virkedag;GBP;Britiske pund;NOK;Norske kroner;SP;Spot;4;false;0;Enheter;C;ECB concertation tidspunkt 14:15 CET;2023-07-06;13,6408
B;Virkedag;GBP;Britiske pund;NOK;Norske kroner;SP;Spot;4;false;0;Enheter;C;ECB concertation tidspunkt 14:15 CET;2023-07-07;13,7266
B;Virkedag;GBP;Britiske pund;NOK;Norske kroner;SP;Spot;4;false;0;Enheter;C;ECB concertation tidspunkt 14:15 CET;2023-07-10;13,4878
B;Virkedag;GBP;Britiske pund;NOK;Norske kroner;SP;Spot;4;false;0;Enheter;C;ECB concertation tidspunkt 14:15 CET;2023-07-11;13,4555
B;Virkedag;GBP;Britiske pund;NOK;Norske kroner;SP;Spot;4;false;0;Enheter;C;ECB concertation tidspunkt 14:15 CET;2023-07-12;13,2716
B;Virkedag;GBP;Britiske pund;NOK;Norske kroner;SP;Spot;4;false;0;Enheter;C;ECB concertation tidspunkt 14:15 CET;2023-07-13;13,1474
B;Virkedag;GBP;Britiske pund;NOK;Norske kroner;SP;Spot;4;false;0;Enheter;C;ECB concertation tidspunkt 14:15 CET;2023-07-14;13,0979
B;Virkedag;GBP;Britiske pund;NOK;Norske kroner;SP;Spot;4;false;0;Enheter;C;ECB concertation tidspunkt 14:15 CET;2023-07-17;13,0914
B;Virkedag;GBP;Britiske pund;NOK;Norske kroner;SP;Spot;4;false;0;Enheter;C;ECB concertation tidspunkt 14:15 CET;2023-07-18;13,2103
B;Virkedag;GBP;Britiske pund;NOK;Norske kroner;SP;Spot;4;false;0;Enheter;C;ECB concertation tidspunkt 14:15 CET;2023-07-19;12,9616
B;Virkedag;GBP;Britiske pund;NOK;Norske kroner;SP;Spot;4;false;0;Enheter;C;ECB concertation tidspunkt 14:15 CET;2023-07-20;12,8342
B;Virkedag;GBP;Britiske pund;NOK;Norske kroner;SP;Spot;4;false;0;Enheter;C;ECB concertation tidspunkt 14:15 CET;2023-07-21;12,8913
B;Virkedag;GBP;Britiske pund;NOK;Norske kroner;SP;Spot;4;false;0;Enheter;C;ECB concertation tidspunkt 14:15 CET;2023-07-24;12,9618
B;Virkedag;GBP;Britiske pund;NOK;Norske kroner;SP;Spot;4;false;0;Enheter;C;ECB concertation tidspunkt 14:15 CET;2023-07-25;12,955
B;Virkedag;GBP;Britiske pund;NOK;Norske kroner;SP;Spot;4;false;0;Enheter;C;ECB concertation tidspunkt 14:15 CET;2023-07-26;13,0696
B;Virkedag;GBP;Britiske pund;NOK;Norske kroner;SP;Spot;4;false;0;Enheter;C;ECB concertation tidspunkt 14:15 CET;2023-07-27;12,9563
B;Virkedag;GBP;Britiske pund;NOK;Norske kroner;SP;Spot;4;false;0;Enheter;C;ECB concertation tidspunkt 14:15 CET;2023-07-28;13,0528
B;Virkedag;GBP;Britiske pund;NOK;Norske kroner;SP;Spot;4;false;0;Enheter;C;ECB concertation tidspunkt 14:15 CET;2023-07-31;13,0362
B;Virkedag;GBP;Britiske pund;NOK;Norske kroner;SP;Spot;4;false;0;Enheter;C;ECB concertation tidspunkt 14:15 CET;2023-08-01;13,0565
B;Virkedag;GBP;Britiske pund;NOK;Norske kroner;SP;Spot;4;false;0;Enheter;C;ECB concertation tidspunkt 14:15 CET;2023-08-02;12,9728
B;Virkedag;GBP;Britiske pund;NOK;Norske kroner;SP;Spot;4;false;0;Enheter;C;ECB concertation tidspunkt 14:15 CET;2023-08-03;13,0412
B;Virkedag;GBP;Britiske pund;NOK;Norske kroner;SP;Spot;4;false;0;Enheter;C;ECB concertation tidspunkt 14:15 CET;2023-08-04;12,9776
B;Virkedag;GBP;Britiske pund;NOK;Norske kroner;SP;Spot;4;false;0;Enheter;C;ECB concertation tidspunkt 14:15 CET;2023-08-07;12,9388
B;Virkedag;GBP;Britiske pund;NOK;Norske kroner;SP;Spot;4;false;0;Enheter;C;ECB concertation tidspunkt 14:15 CET;2023-08-08;13,1096
B;Virkedag;GBP;Britiske pund;NOK;Norske kroner;SP;Spot;4;false;0;Enheter;C;ECB concertation tidspunkt 14:15 CET;2023-08-09;13,0034
B;Virkedag;GBP;Britiske pund;NOK;Norske kroner;SP;Spot;4;false;0;Enheter;C;ECB concertation tidspunkt 14:15 CET;2023-08-10;12,9511
B;Virkedag;GBP;Britiske pund;NOK;Norske kroner;SP;Spot;4;false;0;Enheter;C;ECB concertation tidspunkt 14:15 CET;2023-08-11;13,2182
B;Virkedag;GBP;Britiske pund;NOK;Norske kroner;SP;Spot;4;false;0;Enheter;C;ECB concertation tidspunkt 14:15 CET;2023-08-14;13,2622
B;Virkedag;GBP;Britiske pund;NOK;Norske kroner;SP;Spot;4;false;0;Enheter;C;ECB concertation tidspunkt 14:15 CET;2023-08-15;13,3448
B;Virkedag;GBP;Britiske pund;NOK;Norske kroner;SP;Spot;4;false;0;Enheter;C;ECB concertation tidspunkt 14:15 CET;2023-08-16;13,3726
B;Virkedag;GBP;Britiske pund;NOK;Norske kroner;SP;Spot;4;false;0;Enheter;C;ECB concertation tidspunkt 14:15 CET;2023-08-17;13,4651
B;Virkedag;GBP;Britiske pund;NOK;Norske kroner;SP;Spot;4;false;0;Enheter;C;ECB concertation tidspunkt 14:15 CET;2023-08-18;13,545
B;Virkedag;GBP;Britiske pund;NOK;Norske kroner;SP;Spot;4;false;0;Enheter;C;ECB concertation tidspunkt 14:15 CET;2023-08-21;13,4782
B;Virkedag;GBP;Britiske pund;NOK;Norske kroner;SP;Spot;4;false;0;Enheter;C;ECB concertation tidspunkt 14:15 CET;2023-08-22;13,5066
B;Virkedag;GBP;Britiske pund;NOK;Norske kroner;SP;Spot;4;false;0;Enheter;C;ECB concertation tidspunkt 14:15 CET;2023-08-23;13,5115
B;Virkedag;GBP;Britiske pund;NOK;Norske kroner;SP;Spot;4;false;0;Enheter;C;ECB concertation tidspunkt 14:15 CET;2023-08-24;13,5172
B;Virkedag;GBP;Britiske pund;NOK;Norske kroner;SP;Spot;4;false;0;Enheter;C;ECB concertation tidspunkt 14:15 CET;2023-08-25;13,4489
B;Virkedag;GBP;Britiske pund;NOK;Norske kroner;SP;Spot;4;false;0;Enheter;C;ECB concertation tidspunkt 14:15 CET;2023-08-28;13,4831
B;Virkedag;GBP;Britiske pund;NOK;Norske kroner;SP;Spot;4;false;0;Enheter;C;ECB concertation tidspunkt 14:15 CET;2023-08-29;13,469
B;Virkedag;GBP;Britiske pund;NOK;Norske kroner;SP;Spot;4;false;0;Enheter;C;ECB concertation tidspunkt 14:15 CET;2023-08-30;13,4381
B;Virkedag;GBP;Britiske pund;NOK;Norske kroner;SP;Spot;4;false;0;Enheter;C;ECB concertation tidspunkt 14:15 CET;2023-08-31;13,5094
B;Virkedag;GBP;Britiske pund;NOK;Norske kroner;SP;Spot;4;false;0;Enheter;C;ECB concertation tidspunkt 14:15 CET;2023-09-01;13,428
B;Virkedag;GBP;Britiske pund;NOK;Norske kroner;SP;Spot;4;false;0;Enheter;C;ECB concertation tidspunkt 14:15 CET;2023-09-04;13,443
B;Virkedag;GBP;Britiske pund;NOK;Norske kroner;SP;Spot;4;false;0;Enheter;C;ECB concertation tidspunkt 14:15 CET;2023-09-05;13,4956
B;Virkedag;GBP;Britiske pund;NOK;Norske kroner;SP;Spot;4;false;0;Enheter;C;ECB concertation tidspunkt 14:15 CET;2023-09-06;13,4405
B;Virkedag;GBP;Britiske pund;NOK;Norske kroner;SP;Spot;4;false;0;Enheter;C;ECB concertation tidspunkt 14:15 CET;2023-09-07;13,365
B;Virkedag;GBP;Britiske pund;NOK;Norske kroner;SP;Spot;4;false;0;Enheter;C;ECB concertation tidspunkt 14:15 CET;2023-09-08;13,3224
B;Virkedag;GBP;Britiske pund;NOK;Norske kroner;SP;Spot;4;false;0;Enheter;C;ECB concertation tidspunkt 14:15 CET;2023-09-11;13,338
B;Virkedag;GBP;Britiske pund;NOK;Norske kroner;SP;Spot;4;false;0;Enheter;C;ECB concertation tidspunkt 14:15 CET;2023-09-12;13,3302
B;Virkedag;GBP;Britiske pund;NOK;Norske kroner;SP;Spot;4;false;0;Enheter;C;ECB concertation tidspunkt 14:15 CET;2023-09-13;13,3326
B;Virkedag;GBP;Britiske pund;NOK;Norske kroner;SP;Spot;4;false;0;Enheter;C;ECB concertation tidspunkt 14:15 CET;2023-09-14;13,3773
B;Virkedag;GBP;Britiske pund;NOK;Norske kroner;SP;Spot;4;false;0;Enheter;C;ECB concertation tidspunkt 14:15 CET;2023-09-15;13,3003
B;Virkedag;GBP;Britiske pund;NOK;Norske kroner;SP;Spot;4;false;0;Enheter;C;ECB concertation tidspunkt 14:15 CET;2023-09-18;13,4301
B;Virkedag;GBP;Britiske pund;NOK;Norske kroner;SP;Spot;4;false;0;Enheter;C;ECB concertation tidspunkt 14:15 CET;2023-09-19;13,3203
B;Virkedag;GBP;Britiske pund;NOK;Norske kroner;SP;Spot;4;false;0;Enheter;C;ECB concertation tidspunkt 14:15 CET;2023-09-20;13,2694
B;Virkedag;GBP;Britiske pund;NOK;Norske kroner;SP;Spot;4;false;0;Enheter;C;ECB concertation tidspunkt 14:15 CET;2023-09-21;13,2933
B;Virkedag;GBP;Britiske pund;NOK;Norske kroner;SP;Spot;4;false;0;Enheter;C;ECB concertation tidspunkt 14:15 CET;2023-09-22;13,1655
B;Virkedag;GBP;Britiske pund;NOK;Norske kroner;SP;Spot;4;false;0;Enheter;C;ECB concertation tidspunkt 14:15 CET;2023-09-25;13,1432
B;Virkedag;GBP;Britiske pund;NOK;Norske kroner;SP;Spot;4;false;0;Enheter;C;ECB concertation tidspunkt 14:15 CET;2023-09-26;13,1464
B;Virkedag;GBP;Britiske pund;NOK;Norske kroner;SP;Spot;4;false;0;Enheter;C;ECB concertation tidspunkt 14:15 CET;2023-09-27;13,0872
B;Virkedag;GBP;Britiske pund;NOK;Norske kroner;SP;Spot;4;false;0;Enheter;C;ECB concertation tidspunkt 14:15 CET;2023-09-28;13,1074
B;Virkedag;GBP;Britiske pund;NOK;Norske kroner;SP;Spot;4;false;0;Enheter;C;ECB concertation tidspunkt 14:15 CET;2023-09-29;13,0161
B;Virkedag;GBP;Britiske pund;NOK;Norske kroner;SP;Spot;4;false;0;Enheter;C;ECB concertation tidspunkt 14:15 CET;2023-10-02;13,0703
B;Virkedag;GBP;Britiske pund;NOK;Norske kroner;SP;Spot;4;false;0;Enheter;C;ECB concertation tidspunkt 14:15 CET;2023-10-03;13,1672
B;Virkedag;GBP;Britiske pund;NOK;Norske kroner;SP;Spot;4;false;0;Enheter;C;ECB concertation tidspunkt 14:15 CET;2023-10-04;13,2969
B;Virkedag;GBP;Britiske pund;NOK;Norske kroner;SP;Spot;4;false;0;Enheter;C;ECB concertation tidspunkt 14:15 CET;2023-10-05;13,3599
B;Virkedag;GBP;Britiske pund;NOK;Norske kroner;SP;Spot;4;false;0;Enheter;C;ECB concertation tidspunkt 14:15 CET;2023-10-06;13,4193
B;Virkedag;GBP;Britiske pund;NOK;Norske kroner;SP;Spot;4;false;0;Enheter;C;ECB concertation tidspunkt 14:15 CET;2023-10-09;13,2718
B;Virkedag;GBP;Britiske pund;NOK;Norske kroner;SP;Spot;4;false;0;Enheter;C;ECB concertation tidspunkt 14:15 CET;2023-10-10;13,3077
B;Virkedag;GBP;Britiske pund;NOK;Norske kroner;SP;Spot;4;false;0;Enheter;C;ECB concertation tidspunkt 14:15 CET;2023-10-11;13,3256
B;Virkedag;GBP;Britiske pund;NOK;Norske kroner;SP;Spot;4;false;0;Enheter;C;ECB concertation tidspunkt 14:15 CET;2023-10-12;13,3509
B;Virkedag;GBP;Britiske pund;NOK;Norske kroner;SP;Spot;4;false;0;Enheter;C;ECB concertation tidspunkt 14:15 CET;2023-10-13;13,3264
B;Virkedag;GBP;Britiske pund;NOK;Norske kroner;SP;Spot;4;false;0;Enheter;C;ECB concertation tidspunkt 14:15 CET;2023-10-16;13,3075
B;Virkedag;GBP;Britiske pund;NOK;Norske kroner;SP;Spot;4;false;0;Enheter;C;ECB concertation tidspunkt 14:15 CET;2023-10-17;13,3333
B;Virkedag;GBP;Britiske pund;NOK;Norske kroner;SP;Spot;4;false;0;Enheter;C;ECB concertation tidspunkt 14:15 CET;2023-10-18;13,3876
B;Virkedag;GBP;Britiske pund;NOK;Norske kroner;SP;Spot;4;false;0;Enheter;C;ECB concertation tidspunkt 14:15 CET;2023-10-19;13,43
B;Virkedag;GBP;Britiske pund;NOK;Norske kroner;SP;Spot;4;false;0;Enheter;C;ECB concertation tidspunkt 14:15 CET;2023-10-20;13,3934
B;Virkedag;GBP;Britiske pund;NOK;Norske kroner;SP;Spot;4;false;0;Enheter;C;ECB concertation tidspunkt 14:15 CET;2023-10-23;13,5377
B;Virkedag;GBP;Britiske pund;NOK;Norske kroner;SP;Spot;4;false;0;Enheter;C;ECB concertation tidspunkt 14:15 CET;2023-10-24;13,5886
B;Virkedag;GBP;Britiske pund;NOK;Norske kroner;SP;Spot;4;false;0;Enheter;C;ECB concertation tidspunkt 14:15 CET;2023-10-25;13,5695
B;Virkedag;GBP;Britiske pund;NOK;Norske kroner;SP;Spot;4;false;0;Enheter;C;ECB concertation tidspunkt 14:15 CET;2023-10-26;13,5999
B;Virkedag;GBP;Britiske pund;NOK;Norske kroner;SP;Spot;4;false;0;Enheter;C;ECB concertation tidspunkt 14:15 CET;2023-10-27;13,5924
B;Virkedag;GBP;Britiske pund;NOK;Norske kroner;SP;Spot;4;false;0;Enheter;C;ECB concertation tidspunkt 14:15 CET;2023-10-30;13,4988
B;Virkedag;GBP;Britiske pund;NOK;Norske kroner;SP;Spot;4;false;0;Enheter;C;ECB concertation tidspunkt 14:15 CET;2023-10-31;13,5905
B;Virkedag;GBP;Britiske pund;NOK;Norske kroner;SP;Spot;4;false;0;Enheter;C;ECB concertation tidspunkt 14:15 CET;2023-11-01;13,5672
B;Virkedag;GBP;Britiske pund;NOK;Norske kroner;SP;Spot;4;false;0;Enheter;C;ECB concertation tidspunkt 14:15 CET;2023-11-02;13,6009
B;Virkedag;GBP;Britiske pund;NOK;Norske kroner;SP;Spot;4;false;0;Enheter;C;ECB concertation tidspunkt 14:15 CET;2023-11-03;13,6274
B;Virkedag;GBP;Britiske pund;NOK;Norske kroner;SP;Spot;4;false;0;Enheter;C;ECB concertation tidspunkt 14:15 CET;2023-11-06;13,6467
B;Virkedag;GBP;Britiske pund;NOK;Norske kroner;SP;Spot;4;false;0;Enheter;C;ECB concertation tidspunkt 14:15 CET;2023-11-07;13,7263
B;Virkedag;GBP;Britiske pund;NOK;Norske kroner;SP;Spot;4;false;0;Enheter;C;ECB concertation tidspunkt 14:15 CET;2023-11-08;13,7109
B;Virkedag;GBP;Britiske pund;NOK;Norske kroner;SP;Spot;4;false;0;Enheter;C;ECB concertation tidspunkt 14:15 CET;2023-11-09;13,6844
B;Virkedag;GBP;Britiske pund;NOK;Norske kroner;SP;Spot;4;false;0;Enheter;C;ECB concertation tidspunkt 14:15 CET;2023-11-10;13,5787
B;Virkedag;GBP;Britiske pund;NOK;Norske kroner;SP;Spot;4;false;0;Enheter;C;ECB concertation tidspunkt 14:15 CET;2023-11-13;13,6274
B;Virkedag;GBP;Britiske pund;NOK;Norske kroner;SP;Spot;4;false;0;Enheter;C;ECB concertation tidspunkt 14:15 CET;2023-11-14;13,6937
B;Virkedag;GBP;Britiske pund;NOK;Norske kroner;SP;Spot;4;false;0;Enheter;C;ECB concertation tidspunkt 14:15 CET;2023-11-15;13,472
B;Virkedag;GBP;Britiske pund;NOK;Norske kroner;SP;Spot;4;false;0;Enheter;C;ECB concertation tidspunkt 14:15 CET;2023-11-16;13,4455
B;Virkedag;GBP;Britiske pund;NOK;Norske kroner;SP;Spot;4;false;0;Enheter;C;ECB concertation tidspunkt 14:15 CET;2023-11-17;13,5145
B;Virkedag;GBP;Britiske pund;NOK;Norske kroner;SP;Spot;4;false;0;Enheter;C;ECB concertation tidspunkt 14:15 CET;2023-11-20;13,3744
B;Virkedag;GBP;Britiske pund;NOK;Norske kroner;SP;Spot;4;false;0;Enheter;C;ECB concertation tidspunkt 14:15 CET;2023-11-21;13,3637
B;Virkedag;GBP;Britiske pund;NOK;Norske kroner;SP;Spot;4;false;0;Enheter;C;ECB concertation tidspunkt 14:15 CET;2023-11-22;13,4459
B;Virkedag;GBP;Britiske pund;NOK;Norske kroner;SP;Spot;4;false;0;Enheter;C;ECB concertation tidspunkt 14:15 CET;2023-11-23;13,4702
B;Virkedag;GBP;Britiske pund;NOK;Norske kroner;SP;Spot;4;false;0;Enheter;C;ECB concertation tidspunkt 14:15 CET;2023-11-24;13,5162
B;Virkedag;GBP;Britiske pund;NOK;Norske kroner;SP;Spot;4;false;0;Enheter;C;ECB concertation tidspunkt 14:15 CET;2023-11-27;13,4809
B;Virkedag;GBP;Britiske pund;NOK;Norske kroner;SP;Spot;4;false;0;Enheter;C;ECB concertation tidspunkt 14:15 CET;2023-11-28;13,4952
B;Virkedag;GBP;Britiske pund;NOK;Norske kroner;SP;Spot;4;false;0;Enheter;C;ECB concertation tidspunkt 14:15 CET;2023-11-29;13,5181
B;Virkedag;GBP;Britiske pund;NOK;Norske kroner;SP;Spot;4;false;0;Enheter;C;ECB concertation tidspunkt 14:15 CET;2023-11-30;13,5698
B;Virkedag;GBP;Britiske pund;NOK;Norske kroner;SP;Spot;4;false;0;Enheter;C;ECB concertation tidspunkt 14:15 CET;2023-12-01;13,5952
B;Virkedag;GBP;Britiske pund;NOK;Norske kroner;SP;Spot;4;false;0;Enheter;C;ECB concertation tidspunkt 14:15 CET;2023-12-04;13,6123
B;Virkedag;GBP;Britiske pund;NOK;Norske kroner;SP;Spot;4;false;0;Enheter;C;ECB concertation tidspunkt 14:15 CET;2023-12-05;13,7495
B;Virkedag;GBP;Britiske pund;NOK;Norske kroner;SP;Spot;4;false;0;Enheter;C;ECB concertation tidspunkt 14:15 CET;2023-12-06;13,7788
B;Virkedag;GBP;Britiske pund;NOK;Norske kroner;SP;Spot;4;false;0;Enheter;C;ECB concertation tidspunkt 14:15 CET;2023-12-07;13,7067
B;Virkedag;GBP;Britiske pund;NOK;Norske kroner;SP;Spot;4;false;0;Enheter;C;ECB concertation tidspunkt 14:15 CET;2023-12-08;13,6854
B;Virkedag;GBP;Britiske pund;NOK;Norske kroner;SP;Spot;4;false;0;Enheter;C;ECB concertation tidspunkt 14:15 CET;2023-12-11;13,7824
B;Virkedag;GBP;Britiske pund;NOK;Norske kroner;SP;Spot;4;false;0;Enheter;C;ECB concertation tidspunkt 14:15 CET;2023-12-12;13,7068
B;Virkedag;GBP;Britiske pund;NOK;Norske kroner;SP;Spot;4;false;0;Enheter;C;ECB concertation tidspunkt 14:15 CET;2023-12-13;13,7308
B;Virkedag;GBP;Britiske pund;NOK;Norske kroner;SP;Spot;4;false;0;Enheter;C;ECB concertation tidspunkt 14:15 CET;2023-12-14;13,4
B;Virkedag;GBP;Britiske pund;NOK;Norske kroner;SP;Spot;4;false;0;Enheter;C;ECB concertation tidspunkt 14:15 CET;2023-12-15;13,3393
B;Virkedag;GBP;Britiske pund;NOK;Norske kroner;SP;Spot;4;false;0;Enheter;C;ECB concertation tidspunkt 14:15 CET;2023-12-18;13,1557
B;Virkedag;GBP;Britiske pund;NOK;Norske kroner;SP;Spot;4;false;0;Enheter;C;ECB concertation tidspunkt 14:15 CET;2023-12-19;13,2011
B;Virkedag;GBP;Britiske pund;NOK;Norske kroner;SP;Spot;4;false;0;Enheter;C;ECB concertation tidspunkt 14:15 CET;2023-12-20;13,0432
B;Virkedag;GBP;Britiske pund;NOK;Norske kroner;SP;Spot;4;false;0;Enheter;C;ECB concertation tidspunkt 14:15 CET;2023-12-21;13,035
B;Virkedag;GBP;Britiske pund;NOK;Norske kroner;SP;Spot;4;false;0;Enheter;C;ECB concertation tidspunkt 14:15 CET;2023-12-22;13,0054
B;Virkedag;GBP;Britiske pund;NOK;Norske kroner;SP;Spot;4;false;0;Enheter;C;ECB concertation tidspunkt 14:15 CET;2023-12-27;12,9397
B;Virkedag;GBP;Britiske pund;NOK;Norske kroner;SP;Spot;4;false;0;Enheter;C;ECB concertation tidspunkt 14:15 CET;2023-12-28;12,9365
B;Virkedag;GBP;Britiske pund;NOK;Norske kroner;SP;Spot;4;false;0;Enheter;C;ECB concertation tidspunkt 14:15 CET;2023-12-29;12,9342
B;Virkedag;GBP;Britiske pund;NOK;Norske kroner;SP;Spot;4;false;0;Enheter;C;ECB concertation tidspunkt 14:15 CET;2024-01-02;13,0204
B;Virkedag;GBP;Britiske pund;NOK;Norske kroner;SP;Spot;4;false;0;Enheter;C;ECB concertation tidspunkt 14:15 CET;2024-01-03;13,0912
B;Virkedag;GBP;Britiske pund;NOK;Norske kroner;SP;Spot;4;false;0;Enheter;C;ECB concertation tidspunkt 14:15 CET;2024-01-04;13,0792
B;Virkedag;GBP;Britiske pund;NOK;Norske kroner;SP;Spot;4;false;0;Enheter;C;ECB concertation tidspunkt 14:15 CET;2024-01-05;13,118
B;Virkedag;GBP;Britiske pund;NOK;Norske kroner;SP;Spot;4;false;0;Enheter;C;ECB concertation tidspunkt 14:15 CET;2024-01-08;13,1886
B;Virkedag;GBP;Britiske pund;NOK;Norske kroner;SP;Spot;4;false;0;Enheter;C;ECB concertation tidspunkt 14:15 CET;2024-01-09;13,1583
B;Virkedag;GBP;Britiske pund;NOK;Norske kroner;SP;Spot;4;false;0;Enheter;C;ECB concertation tidspunkt 14:15 CET;2024-01-10;13,1261
B;Virkedag;GBP;Britiske pund;NOK;Norske kroner;SP;Spot;4;false;0;Enheter;C;ECB concertation tidspunkt 14:15 CET;2024-01-11;13,1503
B;Virkedag;GBP;Britiske pund;NOK;Norske kroner;SP;Spot;4;false;0;Enheter;C;ECB concertation tidspunkt 14:15 CET;2024-01-12;13,1198
B;Virkedag;GBP;Britiske pund;NOK;Norske kroner;SP;Spot;4;false;0;Enheter;C;ECB concertation tidspunkt 14:15 CET;2024-01-15;13,1444
B;Virkedag;GBP;Britiske pund;NOK;Norske kroner;SP;Spot;4;false;0;Enheter;C;ECB concertation tidspunkt 14:15 CET;2024-01-16;13,1665
B;Virkedag;GBP;Britiske pund;NOK;Norske kroner;SP;Spot;4;false;0;Enheter;C;ECB concertation tidspunkt 14:15 CET;2024-01-17;13,323
B;Virkedag;GBP;Britiske pund;NOK;Norske kroner;SP;Spot;4;false;0;Enheter;C;ECB concertation tidspunkt 14:15 CET;2024-01-18;13,3445
B;Virkedag;GBP;Britiske pund;NOK;Norske kroner;SP;Spot;4;false;0;Enheter;C;ECB concertation tidspunkt 14:15 CET;2024-01-19;13,2945
B;Virkedag;GBP;Britiske pund;NOK;Norske kroner;SP;Spot;4;false;0;Enheter;C;ECB concertation tidspunkt 14:15 CET;2024-01-22;13,3696
B;Virkedag;GBP;Britiske pund;NOK;Norske kroner;SP;Spot;4;false;0;Enheter;C;ECB concertation tidspunkt 14:15 CET;2024-01-23;13,3693
B;Virkedag;GBP;Britiske pund;NOK;Norske kroner;SP;Spot;4;false;0;Enheter;C;ECB concertation tidspunkt 14:15 CET;2024-01-24;13,3448
B;Virkedag;GBP;Britiske pund;NOK;Norske kroner;SP;Spot;4;false;0;Enheter;C;ECB concertation tidspunkt 14:15 CET;2024-01-25;13,3163
B;Virkedag;GBP;Britiske pund;NOK;Norske kroner;SP;Spot;4;false;0;Enheter;C;ECB concertation tidspunkt 14:15 CET;2024-01-26;13,2749
B;Virkedag;GBP;Britiske pund;NOK;Norske kroner;SP;Spot;4;false;0;Enheter;C;ECB concertation tidspunkt 14:15 CET;2024-01-29;13,261
B;Virkedag;GBP;Britiske pund;NOK;Norske kroner;SP;Spot;4;false;0;Enheter;C;ECB concertation tidspunkt 14:15 CET;2024-01-30;13,2413
B;Virkedag;GBP;Britiske pund;NOK;Norske kroner;SP;Spot;4;false;0;Enheter;C;ECB concertation tidspunkt 14:15 CET;2024-01-31;13,2861
B;Virkedag;GBP;Britiske pund;NOK;Norske kroner;SP;Spot;4;false;0;Enheter;C;ECB concertation tidspunkt 14:15 CET;2024-02-01;13,317
B;Virkedag;GBP;Britiske pund;NOK;Norske kroner;SP;Spot;4;false;0;Enheter;C;ECB concertation tidspunkt 14:15 CET;2024-02-02;13,3551
B;Virkedag;GBP;Britiske pund;NOK;Norske kroner;SP;Spot;4;false;0;Enheter;C;ECB concertation tidspunkt 14:15 CET;2024-02-05;13,3945
B;Virkedag;GBP;Britiske pund;NOK;Norske kroner;SP;Spot;4;false;0;Enheter;C;ECB concertation tidspunkt 14:15 CET;2024-02-06;13,4074
B;Virkedag;GBP;Britiske pund;NOK;Norske kroner;SP;Spot;4;false;0;Enheter;C;ECB concertation tidspunkt 14:15 CET;2024-02-07;13,3357
B;Virkedag;GBP;Britiske pund;NOK;Norske kroner;SP;Spot;4;false;0;Enheter;C;ECB concertation tidspunkt 14:15 CET;2024-02-08;13,3664
B;Virkedag;GBP;Britiske pund;NOK;Norske kroner;SP;Spot;4;false;0;Enheter;C;ECB concertation tidspunkt 14:15 CET;2024-02-09;13,3415
B;Virkedag;GBP;Britiske pund;NOK;Norske kroner;SP;Spot;4;false;0;Enheter;C;ECB concertation tidspunkt 14:15 CET;2024-02-12;13,2567
B;Virkedag;GBP;Britiske pund;NOK;Norske kroner;SP;Spot;4;false;0;Enheter;C;ECB concertation tidspunkt 14:15 CET;2024-02-13;13,2812
B;Virkedag;GBP;Britiske pund;NOK;Norske kroner;SP;Spot;4;false;0;Enheter;C;ECB concertation tidspunkt 14:15 CET;2024-02-14;13,2979
B;Virkedag;GBP;Britiske pund;NOK;Norske kroner;SP;Spot;4;false;0;Enheter;C;ECB concertation tidspunkt 14:15 CET;2024-02-15;13,2668
B;Virkedag;GBP;Britiske pund;NOK;Norske kroner;SP;Spot;4;false;0;Enheter;C;ECB concertation tidspunkt 14:15 CET;2024-02-16;13,265
B;Virkedag;GBP;Britiske pund;NOK;Norske kroner;SP;Spot;4;false;0;Enheter;C;ECB concertation tidspunkt 14:15 CET;2024-02-19;13,2297
B;Virkedag;GBP;Britiske pund;NOK;Norske kroner;SP;Spot;4;false;0;Enheter;C;ECB concertation tidspunkt 14:15 CET;2024-02-20;13,2238
B;Virkedag;GBP;Britiske pund;NOK;Norske kroner;SP;Spot;4;false;0;Enheter;C;ECB concertation tidspunkt 14:15 CET;2024-02-21;13,2383
B;Virkedag;GBP;Britiske pund;NOK;Norske kroner;SP;Spot;4;false;0;Enheter;C;ECB concertation tidspunkt 14:15 CET;2024-02-22;13,2625
B;Virkedag;GBP;Britiske pund;NOK;Norske kroner;SP;Spot;4;false;0;Enheter;C;ECB concertation tidspunkt 14:15 CET;2024-02-23;13,3454
B;Virkedag;GBP;Britiske pund;NOK;Norske kroner;SP;Spot;4;false;0;Enheter;C;ECB concertation tidspunkt 14:15 CET;2024-02-26;13,3674
B;Virkedag;GBP;Britiske pund;NOK;Norske kroner;SP;Spot;4;false;0;Enheter;C;ECB concertation tidspunkt 14:15 CET;2024-02-27;13,3509
B;Virkedag;GBP;Britiske pund;NOK;Norske kroner;SP;Spot;4;false;0;Enheter;C;ECB concertation tidspunkt 14:15 CET;2024-02-28;13,4048
B;Virkedag;GBP;Britiske pund;NOK;Norske kroner;SP;Spot;4;false;0;Enheter;C;ECB concertation tidspunkt 14:15 CET;2024-02-29;13,4166
B;Virkedag;GBP;Britiske pund;NOK;Norske kroner;SP;Spot;4;false;0;Enheter;C;ECB concertation tidspunkt 14:15 CET;2024-03-01;13,3699
B;Virkedag;GBP;Britiske pund;NOK;Norske kroner;SP;Spot;4;false;0;Enheter;C;ECB concertation tidspunkt 14:15 CET;2024-03-04;13,3584
B;Virkedag;GBP;Britiske pund;NOK;Norske kroner;SP;Spot;4;false;0;Enheter;C;ECB concertation tidspunkt 14:15 CET;2024-03-05;13,4143
B;Virkedag;GBP;Britiske pund;NOK;Norske kroner;SP;Spot;4;false;0;Enheter;C;ECB concertation tidspunkt 14:15 CET;2024-03-06;13,4132
B;Virkedag;GBP;Britiske pund;NOK;Norske kroner;SP;Spot;4;false;0;Enheter;C;ECB concertation tidspunkt 14:15 CET;2024-03-07;13,3349
B;Virkedag;GBP;Britiske pund;NOK;Norske kroner;SP;Spot;4;false;0;Enheter;C;ECB concertation tidspunkt 14:15 CET;2024-03-08;13,3143
B;Virkedag;GBP;Britiske pund;NOK;Norske kroner;SP;Spot;4;false;0;Enheter;C;ECB concertation tidspunkt 14:15 CET;2024-03-11;13,4266
B;Virkedag;GBP;Britiske pund;NOK;Norske kroner;SP;Spot;4;false;0;Enheter;C;ECB concertation tidspunkt 14:15 CET;2024-03-12;13,4186
B;Virkedag;GBP;Britiske pund;NOK;Norske kroner;SP;Spot;4;false;0;Enheter;C;ECB concertation tidspunkt 14:15 CET;2024-03-13;13,4352
B;Virkedag;GBP;Britiske pund;NOK;Norske kroner;SP;Spot;4;false;0;Enheter;C;ECB concertation tidspunkt 14:15 CET;2024-03-14;13,4243
B;Virkedag;GBP;Britiske pund;NOK;Norske kroner;SP;Spot;4;false;0;Enheter;C;ECB concertation tidspunkt 14:15 CET;2024-03-15;13,4885
B;Virkedag;GBP;Britiske pund;NOK;Norske kroner;SP;Spot;4;false;0;Enheter;C;ECB concertation tidspunkt 14:15 CET;2024-03-18;13,5124
B;Virkedag;GBP;Britiske pund;NOK;Norske kroner;SP;Spot;4;false;0;Enheter;C;ECB concertation tidspunkt 14:15 CET;2024-03-19;13,5742
B;Virkedag;GBP;Britiske pund;NOK;Norske kroner;SP;Spot;4;false;0;Enheter;C;ECB concertation tidspunkt 14:15 CET;2024-03-20;13,5449
B;Virkedag;GBP;Britiske pund;NOK;Norske kroner;SP;Spot;4;false;0;Enheter;C;ECB concertation tidspunkt 14:15 CET;2024-03-21;13,4725
B;Virkedag;GBP;Britiske pund;NOK;Norske kroner;SP;Spot;4;false;0;Enheter;C;ECB concertation tidspunkt 14:15 CET;2024-03-22;13,5404
B;Virkedag;GBP;Britiske pund;NOK;Norske kroner;SP;Spot;4;false;0;Enheter;C;ECB concertation tidspunkt 14:15 CET;2024-03-25;13,5417
B;Virkedag;GBP;Britiske pund;NOK;Norske kroner;SP;Spot;4;false;0;Enheter;C;ECB concertation tidspunkt 14:15 CET;2024-03-26;13,5429
B;Virkedag;GBP;Britiske pund;NOK;Norske kroner;SP;Spot;4;false;0;Enheter;C;ECB concertation tidspunkt 14:15 CET;2024-03-27;13,621
B;Virkedag;GBP;Britiske pund;NOK;Norske kroner;SP;Spot;4;false;0;Enheter;C;ECB concertation tidspunkt 14:15 CET;2024-04-02;13,692
B;Virkedag;GBP;Britiske pund;NOK;Norske kroner;SP;Spot;4;false;0;Enheter;C;ECB concertation tidspunkt 14:15 CET;2024-04-03;13,6012
B;Virkedag;GBP;Britiske pund;NOK;Norske kroner;SP;Spot;4;false;0;Enheter;C;ECB concertation tidspunkt 14:15 CET;2024-04-04;13,5363
B;Virkedag;GBP;Britiske pund;NOK;Norske kroner;SP;Spot;4;false;0;Enheter;C;ECB concertation tidspunkt 14:15 CET;2024-04-05;13,5378
B;Virkedag;GBP;Britiske pund;NOK;Norske kroner;SP;Spot;4;false;0;Enheter;C;ECB concertation tidspunkt 14:15 CET;2024-04-08;13,5095
B;Virkedag;GBP;Britiske pund;NOK;Norske kroner;SP;Spot;4;false;0;Enheter;C;ECB concertation tidspunkt 14:15 CET;2024-04-09;13,5333
B;Virkedag;GBP;Britiske pund;NOK;Norske kroner;SP;Spot;4;false;0;Enheter;C;ECB concertation tidspunkt 14:15 CET;2024-04-10;13,5257
B;Virkedag;GBP;Britiske pund;NOK;Norske kroner;SP;Spot;4;false;0;Enheter;C;ECB concertation tidspunkt 14:15 CET;2024-04-11;13,5843
B;Virkedag;GBP;Britiske pund;NOK;Norske kroner;SP;Spot;4;false;0;Enheter;C;ECB concertation tidspunkt 14:15 CET;2024-04-12;13,5641
B;Virkedag;GBP;Britiske pund;NOK;Norske kroner;SP;Spot;4;false;0;Enheter;C;ECB concertation tidspunkt 14:15 CET;2024-04-15;13,6128
B;Virkedag;GBP;Britiske pund;NOK;Norske kroner;SP;Spot;4;false;0;Enheter;C;ECB concertation tidspunkt 14:15 CET;2024-04-16;13,664
B;Virkedag;GBP;Britiske pund;NOK;Norske kroner;SP;Spot;4;false;0;Enheter;C;ECB concertation tidspunkt 14:15 CET;2024-04-17;13,6956
B;Virkedag;GBP;Britiske pund;NOK;Norske kroner;SP;Spot;4;false;0;Enheter;C;ECB concertation tidspunkt 14:15 CET;2024-04-18;13,7075
B;Virkedag;GBP;Britiske pund;NOK;Norske kroner;SP;Spot;4;false;0;Enheter;C;ECB concertation tidspunkt 14:15 CET;2024-04-19;13,7409
B;Virkedag;GBP;Britiske pund;NOK;Norske kroner;SP;Spot;4;false;0;Enheter;C;ECB concertation tidspunkt 14:15 CET;2024-04-22;13,5744
B;Virkedag;GBP;Britiske pund;NOK;Norske kroner;SP;Spot;4;false;0;Enheter;C;ECB concertation tidspunkt 14:15 CET;2024-04-23;13,6328
B;Virkedag;GBP;Britiske pund;NOK;Norske kroner;SP;Spot;4;false;0;Enheter;C;ECB concertation tidspunkt 14:15 CET;2024-04-24;13,6518
B;Virkedag;GBP;Britiske pund;NOK;Norske kroner;SP;Spot;4;false;0;Enheter;C;ECB concertation tidspunkt 14:15 CET;2024-04-25;13,6726
B;Virkedag;GBP;Britiske pund;NOK;Norske kroner;SP;Spot;4;false;0;Enheter;C;ECB concertation tidspunkt 14:15 CET;2024-04-26;13,7775
B;Virkedag;GBP;Britiske pund;NOK;Norske kroner;SP;Spot;4;false;0;Enheter;C;ECB concertation tidspunkt 14:15 CET;2024-04-29;13,783
B;Virkedag;GBP;Britiske pund;NOK;Norske kroner;SP;Spot;4;false;0;Enheter;C;ECB concertation tidspunkt 14:15 CET;2024-04-30;13,8223
B;Virkedag;GBP;Britiske pund;NOK;Norske kroner;SP;Spot;4;false;0;Enheter;C;ECB concertation tidspunkt 14:15 CET;2024-05-02;13,8453
B;Virkedag;GBP;Britiske pund;NOK;Norske kroner;SP;Spot;4;false;0;Enheter;C;ECB concertation tidspunkt 14:15 CET;2024-05-03;13,6819
B;Virkedag;GBP;Britiske pund;NOK;Norske kroner;SP;Spot;4;false;0;Enheter;C;ECB concertation tidspunkt 14:15 CET;2024-05-06;13,6193
B;Virkedag;GBP;Britiske pund;NOK;Norske kroner;SP;Spot;4;false;0;Enheter;C;ECB concertation tidspunkt 14:15 CET;2024-05-07;13,6332
B;Virkedag;GBP;Britiske pund;NOK;Norske kroner;SP;Spot;4;false;0;Enheter;C;ECB concertation tidspunkt 14:15 CET;2024-05-08;13,6577
B;Virkedag;GBP;Britiske pund;NOK;Norske kroner;SP;Spot;4;false;0;Enheter;C;ECB concertation tidspunkt 14:15 CET;2024-05-10;13,5652
B;Virkedag;GBP;Britiske pund;NOK;Norske kroner;SP;Spot;4;false;0;Enheter;C;ECB concertation tidspunkt 14:15 CET;2024-05-13;13,5778
B;Virkedag;GBP;Britiske pund;NOK;Norske kroner;SP;Spot;4;false;0;Enheter;C;ECB concertation tidspunkt 14:15 CET;2024-05-14;13,5858
B;Virkedag;GBP;Britiske pund;NOK;Norske kroner;SP;Spot;4;false;0;Enheter;C;ECB concertation tidspunkt 14:15 CET;2024-05-15;13,5706
B;Virkedag;GBP;Britiske pund;NOK;Norske kroner;SP;Spot;4;false;0;Enheter;C;ECB concertation tidspunkt 14:15 CET;2024-05-16;13,5609
B;Virkedag;GBP;Britiske pund;NOK;Norske kroner;SP;Spot;4;false;0;Enheter;C;ECB concertation tidspunkt 14:15 CET;2024-05-21;13,5569
B;Virkedag;GBP;Britiske pund;NOK;Norske kroner;SP;Spot;4;false;0;Enheter;C;ECB concertation tidspunkt 14:15 CET;2024-05-22;13,603
B;Virkedag;GBP;Britiske pund;NOK;Norske kroner;SP;Spot;4;false;0;Enheter;C;ECB concertation tidspunkt 14:15 CET;2024-05-23;13,521
B;Virkedag;GBP;Britiske pund;NOK;Norske kroner;SP;Spot;4;false;0;Enheter;C;ECB concertation tidspunkt 14:15 CET;2024-05-24;13,4856
B;Virkedag;GBP;Britiske pund;NOK;Norske kroner;SP;Spot;4;false;0;Enheter;C;ECB concertation tidspunkt 14:15 CET;2024-05-27;13,4184
B;Virkedag;GBP;Britiske pund;NOK;Norske kroner;SP;Spot;4;false;0;Enheter;C;ECB concertation tidspunkt 14:15 CET;2024-05-28;13,4074
B;Virkedag;GBP;Britiske pund;NOK;Norske kroner;SP;Spot;4;false;0;Enheter;C;ECB concertation tidspunkt 14:15 CET;2024-05-29;13,4113
B;Virkedag;GBP;Britiske pund;NOK;Norske kroner;SP;Spot;4;false;0;Enheter;C;ECB concertation tidspunkt 14:15 CET;2024-05-30;13,4029
B;Virkedag;GBP;Britiske pund;NOK;Norske kroner;SP;Spot;4;false;0;Enheter;C;ECB concertation tidspunkt 14:15 CET;2024-05-31;13,3345
B;Virkedag;GBP;Britiske pund;NOK;Norske kroner;SP;Spot;4;false;0;Enheter;C;ECB concertation tidspunkt 14:15 CET;2024-06-03;13,3707
B;Virkedag;GBP;Britiske pund;NOK;Norske kroner;SP;Spot;4;false;0;Enheter;C;ECB concertation tidspunkt 14:15 CET;2024-06-04;13,4938
B;Virkedag;GBP;Britiske pund;NOK;Norske kroner;SP;Spot;4;false;0;Enheter;C;ECB concertation tidspunkt 14:15 CET;2024-06-05;13,4924
B;Virkedag;GBP;Britiske pund;NOK;Norske kroner;SP;Spot;4;false;0;Enheter;C;ECB concertation tidspunkt 14:15 CET;2024-06-06;13,5154
B;Virkedag;GBP;Britiske pund;NOK;Norske kroner;SP;Spot;4;false;0;Enheter;C;ECB concertation tidspunkt 14:15 CET;2024-06-07;13,4945
B;Virkedag;GBP;Britiske pund;NOK;Norske kroner;SP;Spot;4;false;0;Enheter;C;ECB concertation tidspunkt 14:15 CET;2024-06-10;13,6132
B;Virkedag;GBP;Britiske pund;NOK;Norske kroner;SP;Spot;4;false;0;Enheter;C;ECB concertation tidspunkt 14:15 CET;2024-06-11;13,6476
B;Virkedag;GBP;Britiske pund;NOK;Norske kroner;SP;Spot;4;false;0;Enheter;C;ECB concertation tidspunkt 14:15 CET;2024-06-12;13,5927
B;Virkedag;GBP;Britiske pund;NOK;Norske kroner;SP;Spot;4;false;0;Enheter;C;ECB concertation tidspunkt 14:15 CET;2024-06-13;13,5335
B;Virkedag;GBP;Britiske pund;NOK;Norske kroner;SP;Spot;4;false;0;Enheter;C;ECB concertation tidspunkt 14:15 CET;2024-06-14;13,5414
B;Virkedag;GBP;Britiske pund;NOK;Norske kroner;SP;Spot;4;false;0;Enheter;C;ECB concertation tidspunkt 14:15 CET;2024-06-17;13,5812
B;Virkedag;GBP;Britiske pund;NOK;Norske kroner;SP;Spot;4;false;0;Enheter;C;ECB concertation tidspunkt 14:15 CET;2024-06-18;13,5415
B;Virkedag;GBP;Britiske pund;NOK;Norske kroner;SP;Spot;4;false;0;Enheter;C;ECB concertation tidspunkt 14:15 CET;2024-06-19;13,4438
B;Virkedag;GBP;Britiske pund;NOK;Norske kroner;SP;Spot;4;false;0;Enheter;C;ECB concertation tidspunkt 14:15 CET;2024-06-20;13,3607
B;Virkedag;GBP;Britiske pund;NOK;Norske kroner;SP;Spot;4;false;0;Enheter;C;ECB concertation tidspunkt 14:15 CET;2024-06-21;13,3306
B;Virkedag;GBP;Britiske pund;NOK;Norske kroner;SP;Spot;4;false;0;Enheter;C;ECB concertation tidspunkt 14:15 CET;2024-06-24;13,3943
B;Virkedag;GBP;Britiske pund;NOK;Norske kroner;SP;Spot;4;false;0;Enheter;C;ECB concertation tidspunkt 14:15 CET;2024-06-25;13,4097
B;Virkedag;GBP;Britiske pund;NOK;Norske kroner;SP;Spot;4;false;0;Enheter;C;ECB concertation tidspunkt 14:15 CET;2024-06-26;13,4921
B;Virkedag;GBP;Britiske pund;NOK;Norske kroner;SP;Spot;4;false;0;Enheter;C;ECB concertation tidspunkt 14:15 CET;2024-06-27;13,4744
B;Virkedag;GBP;Britiske pund;NOK;Norske kroner;SP;Spot;4;false;0;Enheter;C;ECB concertation tidspunkt 14:15 CET;2024-06-28;13,465
B;Virkedag;GBP;Britiske pund;NOK;Norske kroner;SP;Spot;4;false;0;Enheter;C;ECB concertation tidspunkt 14:15 CET;2024-07-01;13,4821
B;Virkedag;GBP;Britiske pund;NOK;Norske kroner;SP;Spot;4;false;0;Enheter;C;ECB concertation tidspunkt 14:15 CET;2024-07-02;13,5443
B;Virkedag;GBP;Britiske pund;NOK;Norske kroner;SP;Spot;4;false;0;Enheter;C;ECB concertation tidspunkt 14:15 CET;2024-07-03;13,5313
B;Virkedag;GBP;Britiske pund;NOK;Norske kroner;SP;Spot;4;false;0;Enheter;C;ECB concertation tidspunkt 14:15 CET;2024-07-04;13,4669
B;Virkedag;GBP;Britiske pund;NOK;Norske kroner;SP;Spot;4;false;0;Enheter;C;ECB concertation tidspunkt 14:15 CET;2024-07-05;13,5298
B;Virkedag;GBP;Britiske pund;NOK;Norske kroner;SP;Spot;4;false;0;Enheter;C;ECB concertation tidspunkt 14:15 CET;2024-07-08;13,5736
B;Virkedag;GBP;Britiske pund;NOK;Norske kroner;SP;Spot;4;false;0;Enheter;C;ECB concertation tidspunkt 14:15 CET;2024-07-09;13,5979
B;Virkedag;GBP;Britiske pund;NOK;Norske kroner;SP;Spot;4;false;0;Enheter;C;ECB concertation tidspunkt 14:15 CET;2024-07-10;13,7332
B;Virkedag;GBP;Britiske pund;NOK;Norske kroner;SP;Spot;4;false;0;Enheter;C;ECB concertation tidspunkt 14:15 CET;2024-07-11;13,8456
B;Virkedag;GBP;Britiske pund;NOK;Norske kroner;SP;Spot;4;false;0;Enheter;C;ECB concertation tidspunkt 14:15 CET;2024-07-12;13,9267
B;Virkedag;GBP;Britiske pund;NOK;Norske kroner;SP;Spot;4;false;0;Enheter;C;ECB concertation tidspunkt 14:15 CET;2024-07-15;13,9758
B;Virkedag;GBP;Britiske pund;NOK;Norske kroner;SP;Spot;4;false;0;Enheter;C;ECB concertation tidspunkt 14:15 CET;2024-07-16;14,0159
B;Virkedag;GBP;Britiske pund;NOK;Norske kroner;SP;Spot;4;false;0;Enheter;C;ECB concertation tidspunkt 14:15 CET;2024-07-17;14,0112
B;Virkedag;GBP;Britiske pund;NOK;Norske kroner;SP;Spot;4;false;0;Enheter;C;ECB concertation tidspunkt 14:15 CET;2024-07-18;13,9566
B;Virkedag;GBP;Britiske pund;NOK;Norske kroner;SP;Spot;4;false;0;Enheter;C;ECB concertation tidspunkt 14:15 CET;2024-07-19;14,0312
B;Virkedag;GBP;Britiske pund;NOK;Norske kroner;SP;Spot;4;false;0;Enheter;C;ECB concertation tidspunkt 14:15 CET;2024-07-22;14,1501
B;Virkedag;GBP;Britiske pund;NOK;Norske kroner;SP;Spot;4;false;0;Enheter;C;ECB concertation tidspunkt 14:15 CET;2024-07-23;14,2299
B;Virkedag;GBP;Britiske pund;NOK;Norske kroner;SP;Spot;4;false;0;Enheter;C;ECB concertation tidspunkt 14:15 CET;2024-07-24;14,2212
B;Virkedag;GBP;Britiske pund;NOK;Norske kroner;SP;Spot;4;false;0;Enheter;C;ECB concertation tidspunkt 14:15 CET;2024-07-25;14,3361
B;Virkedag;GBP;Britiske pund;NOK;Norske kroner;SP;Spot;4;false;0;Enheter;C;ECB concertation tidspunkt 14:15 CET;2024-07-26;14,1471
B;Virkedag;GBP;Britiske pund;NOK;Norske kroner;SP;Spot;4;false;0;Enheter;C;ECB concertation tidspunkt 14:15 CET;2024-07-29;14,1271
B;Virkedag;GBP;Britiske pund;NOK;Norske kroner;SP;Spot;4;false;0;Enheter;C;ECB concertation tidspunkt 14:15 CET;2024-07-30;14,1093
B;Virkedag;GBP;Britiske pund;NOK;Norske kroner;SP;Spot;4;false;0;Enheter;C;ECB concertation tidspunkt 14:15 CET;2024-07-31;14,0051
B;Virkedag;GBP;Britiske pund;NOK;Norske kroner;SP;Spot;4;false;0;Enheter;C;ECB concertation tidspunkt 14:15 CET;2024-08-01;13,9295
B;Virkedag;GBP;Britiske pund;NOK;Norske kroner;SP;Spot;4;false;0;Enheter;C;ECB concertation tidspunkt 14:15 CET;2024-08-02;14,0341
B;Virkedag;GBP;Britiske pund;NOK;Norske kroner;SP;Spot;4;false;0;Enheter;C;ECB concertation tidspunkt 14:15 CET;2024-08-05;14,1023
B;Virkedag;GBP;Britiske pund;NOK;Norske kroner;SP;Spot;4;false;0;Enheter;C;ECB concertation tidspunkt 14:15 CET;2024-08-06;13,9544
B;Virkedag;GBP;Britiske pund;NOK;Norske kroner;SP;Spot;4;false;0;Enheter;C;ECB concertation tidspunkt 14:15 CET;2024-08-07;13,7295
B;Virkedag;GBP;Britiske pund;NOK;Norske kroner;SP;Spot;4;false;0;Enheter;C;ECB concertation tidspunkt 14:15 CET;2024-08-08;13,8019
B;Virkedag;GBP;Britiske pund;NOK;Norske kroner;SP;Spot;4;false;0;Enheter;C;ECB concertation tidspunkt 14:15 CET;2024-08-09;13,8021
B;Virkedag;GBP;Britiske pund;NOK;Norske kroner;SP;Spot;4;false;0;Enheter;C;ECB concertation tidspunkt 14:15 CET;2024-08-12;13,7627
B;Virkedag;GBP;Britiske pund;NOK;Norske kroner;SP;Spot;4;false;0;Enheter;C;ECB concertation tidspunkt 14:15 CET;2024-08-13;13,8044
B;Virkedag;GBP;Britiske pund;NOK;Norske kroner;SP;Spot;4;false;0;Enheter;C;ECB concertation tidspunkt 14:15 CET;2024-08-14;13,7166
B;Virkedag;GBP;Britiske pund;NOK;Norske kroner;SP;Spot;4;false;0;Enheter;C;ECB concertation tidspunkt 14:15 CET;2024-08-15;13,719
B;Virkedag;GBP;Britiske pund;NOK;Norske kroner;SP;Spot;4;false;0;Enheter;C;ECB concertation tidspunkt 14:15 CET;2024-08-16;13,8832
B;Virkedag;GBP;Britiske pund;NOK;Norske kroner;SP;Spot;4;false;0;Enheter;C;ECB concertation tidspunkt 14:15 CET;2024-08-19;13,7659
B;Virkedag;GBP;Britiske pund;NOK;Norske kroner;SP;Spot;4;false;0;Enheter;C;ECB concertation tidspunkt 14:15 CET;2024-08-20;13,7128
B;Virkedag;GBP;Britiske pund;NOK;Norske kroner;SP;Spot;4;false;0;Enheter;C;ECB concertation tidspunkt 14:15 CET;2024-08-21;13,6959
B;Virkedag;GBP;Britiske pund;NOK;Norske kroner;SP;Spot;4;false;0;Enheter;C;ECB concertation tidspunkt 14:15 CET;2024-08-22;13,8546
B;Virkedag;GBP;Britiske pund;NOK;Norske kroner;SP;Spot;4;false;0;Enheter;C;ECB concertation tidspunkt 14:15 CET;2024-08-23;13,9285
B;Virkedag;GBP;Britiske pund;NOK;Norske kroner;SP;Spot;4;false;0;Enheter;C;ECB concertation tidspunkt 14:15 CET;2024-08-26;13,9152
B;Virkedag;GBP;Britiske pund;NOK;Norske kroner;SP;Spot;4;false;0;Enheter;C;ECB concertation tidspunkt 14:15 CET;2024-08-27;13,8836
B;Virkedag;GBP;Britiske pund;NOK;Norske kroner;SP;Spot;4;false;0;Enheter;C;ECB concertation tidspunkt 14:15 CET;2024-08-28;13,9159
B;Virkedag;GBP;Britiske pund;NOK;Norske kroner;SP;Spot;4;false;0;Enheter;C;ECB concertation tidspunkt 14:15 CET;2024-08-29;13,8295
B;Virkedag;GBP;Britiske pund;NOK;Norske kroner;SP;Spot;4;false;0;Enheter;C;ECB concertation tidspunkt 14:15 CET;2024-08-30;13,8635
B;Virkedag;GBP;Britiske pund;NOK;Norske kroner;SP;Spot;4;false;0;Enheter;C;ECB concertation tidspunkt 14:15 CET;2024-09-02;13,9281
B;Virkedag;GBP;Britiske pund;NOK;Norske kroner;SP;Spot;4;false;0;Enheter;C;ECB concertation tidspunkt 14:15 CET;2024-09-03;13,993
B;Virkedag;GBP;Britiske pund;NOK;Norske kroner;SP;Spot;4;false;0;Enheter;C;ECB concertation tidspunkt 14:15 CET;2024-09-04;14,0122
B;Virkedag;GBP;Britiske pund;NOK;Norske kroner;SP;Spot;4;false;0;Enheter;C;ECB concertation tidspunkt 14:15 CET;2024-09-05;13,9822
B;Virkedag;GBP;Britiske pund;NOK;Norske kroner;SP;Spot;4;false;0;Enheter;C;ECB concertation tidspunkt 14:15 CET;2024-09-06;14,0006
B;Virkedag;GBP;Britiske pund;NOK;Norske kroner;SP;Spot;4;false;0;Enheter;C;ECB concertation tidspunkt 14:15 CET;2024-09-09;14,1534
B;Virkedag;GBP;Britiske pund;NOK;Norske kroner;SP;Spot;4;false;0;Enheter;C;ECB concertation tidspunkt 14:15 CET;2024-09-10;14,1245
B;Virkedag;GBP;Britiske pund;NOK;Norske kroner;SP;Spot;4;false;0;Enheter;C;ECB concertation tidspunkt 14:15 CET;2024-09-11;14,1476
B;Virkedag;GBP;Britiske pund;NOK;Norske kroner;SP;Spot;4;false;0;Enheter;C;ECB concertation tidspunkt 14:15 CET;2024-09-12;14,1298
B;Virkedag;GBP;Britiske pund;NOK;Norske kroner;SP;Spot;4;false;0;Enheter;C;ECB concertation tidspunkt 14:15 CET;2024-09-13;14,0272
B;Virkedag;GBP;Britiske pund;NOK;Norske kroner;SP;Spot;4;false;0;Enheter;C;ECB concertation tidspunkt 14:15 CET;2024-09-16;13,9776
B;Virkedag;GBP;Britiske pund;NOK;Norske kroner;SP;Spot;4;false;0;Enheter;C;ECB concertation tidspunkt 14:15 CET;2024-09-17;13,9876
B;Virkedag;GBP;Britiske pund;NOK;Norske kroner;SP;Spot;4;false;0;Enheter;C;ECB concertation tidspunkt 14:15 CET;2024-09-18;13,9808
B;Virkedag;GBP;Britiske pund;NOK;Norske kroner;SP;Spot;4;false;0;Enheter;C;ECB concertation tidspunkt 14:15 CET;2024-09-19;13,898
B;Virkedag;GBP;Britiske pund;NOK;Norske kroner;SP;Spot;4;false;0;Enheter;C;ECB concertation tidspunkt 14:15 CET;2024-09-20;13,9828
B;Virkedag;GBP;Britiske pund;NOK;Norske kroner;SP;Spot;4;false;0;Enheter;C;ECB concertation tidspunkt 14:15 CET;2024-09-23;13,9922
B;Virkedag;GBP;Britiske pund;NOK;Norske kroner;SP;Spot;4;false;0;Enheter;C;ECB concertation tidspunkt 14:15 CET;2024-09-24;13,9534
B;Virkedag;GBP;Britiske pund;NOK;Norske kroner;SP;Spot;4;false;0;Enheter;C;ECB concertation tidspunkt 14:15 CET;2024-09-25;13,9672
B;Virkedag;GBP;Britiske pund;NOK;Norske kroner;SP;Spot;4;false;0;Enheter;C;ECB concertation tidspunkt 14:15 CET;2024-09-26;14,1278
B;Virkedag;GBP;Britiske pund;NOK;Norske kroner;SP;Spot;4;false;0;Enheter;C;ECB concertation tidspunkt 14:15 CET;2024-09-27;14,1082
B;Virkedag;GBP;Britiske pund;NOK;Norske kroner;SP;Spot;4;false;0;Enheter;C;ECB concertation tidspunkt 14:15 CET;2024-09-30;14,082
B;Virkedag;GBP;Britiske pund;NOK;Norske kroner;SP;Spot;4;false;0;Enheter;C;ECB concertation tidspunkt 14:15 CET;2024-10-01;14,1003
B;Virkedag;GBP;Britiske pund;NOK;Norske kroner;SP;Spot;4;false;0;Enheter;C;ECB concertation tidspunkt 14:15 CET;2024-10-02;14,0158
B;Virkedag;GBP;Britiske pund;NOK;Norske kroner;SP;Spot;4;false;0;Enheter;C;ECB concertation tidspunkt 14:15 CET;2024-10-03;13,9091
B;Virkedag;GBP;Britiske pund;NOK;Norske kroner;SP;Spot;4;false;0;Enheter;C;ECB concertation tidspunkt 14:15 CET;2024-10-04;13,9541
B;Virkedag;GBP;Britiske pund;NOK;Norske kroner;SP;Spot;4;false;0;Enheter;C;ECB concertation tidspunkt 14:15 CET;2024-10-07;13,8897
B;Virkedag;GBP;Britiske pund;NOK;Norske kroner;SP;Spot;4;false;0;Enheter;C;ECB concertation tidspunkt 14:15 CET;2024-10-08;13,95
B;Virkedag;GBP;Britiske pund;NOK;Norske kroner;SP;Spot;4;false;0;Enheter;C;ECB concertation tidspunkt 14:15 CET;2024-10-09;14,0745
B;Virkedag;GBP;Britiske pund;NOK;Norske kroner;SP;Spot;4;false;0;Enheter;C;ECB concertation tidspunkt 14:15 CET;2024-10-10;14,0908
B;Virkedag;GBP;Britiske pund;NOK;Norske kroner;SP;Spot;4;false;0;Enheter;C;ECB concertation tidspunkt 14:15 CET;2024-10-11;14,0246
B;Virkedag;GBP;Britiske pund;NOK;Norske kroner;SP;Spot;4;false;0;Enheter;C;ECB concertation tidspunkt 14:15 CET;2024-10-14;14,0399
B;Virkedag;GBP;Britiske pund;NOK;Norske kroner;SP;Spot;4;false;0;Enheter;C;ECB concertation tidspunkt 14:15 CET;2024-10-15;14,1155
B;Virkedag;GBP;Britiske pund;NOK;Norske kroner;SP;Spot;4;false;0;Enheter;C;ECB concertation tidspunkt 14:15 CET;2024-10-16;14,1158
B;Virkedag;GBP;Britiske pund;NOK;Norske kroner;SP;Spot;4;false;0;Enheter;C;ECB concertation tidspunkt 14:15 CET;2024-10-17;14,2274
B;Virkedag;GBP;Britiske pund;NOK;Norske kroner;SP;Spot;4;false;0;Enheter;C;ECB concertation tidspunkt 14:15 CET;2024-10-18;14,2025
B;Virkedag;GBP;Britiske pund;NOK;Norske kroner;SP;Spot;4;false;0;Enheter;C;ECB concertation tidspunkt 14:15 CET;2024-10-21;14,2087
B;Virkedag;GBP;Britiske pund;NOK;Norske kroner;SP;Spot;4;false;0;Enheter;C;ECB concertation tidspunkt 14:15 CET;2024-10-22;14,1865
B;Virkedag;GBP;Britiske pund;NOK;Norske kroner;SP;Spot;4;false;0;Enheter;C;ECB concertation tidspunkt 14:15 CET;2024-10-23;14,2547
B;Virkedag;GBP;Britiske pund;NOK;Norske kroner;SP;Spot;4;false;0;Enheter;C;ECB concertation tidspunkt 14:15 CET;2024-10-24;14,1996
B;Virkedag;GBP;Britiske pund;NOK;Norske kroner;SP;Spot;4;false;0;Enheter;C;ECB concertation tidspunkt 14:15 CET;2024-10-25;14,1792
B;Virkedag;GBP;Britiske pund;NOK;Norske kroner;SP;Spot;4;false;0;Enheter;C;ECB concertation tidspunkt 14:15 CET;2024-10-28;14,3018
B;Virkedag;GBP;Britiske pund;NOK;Norske kroner;SP;Spot;4;false;0;Enheter;C;ECB concertation tidspunkt 14:15 CET;2024-10-29;14,2634
B;Virkedag;GBP;Britiske pund;NOK;Norske kroner;SP;Spot;4;false;0;Enheter;C;ECB concertation tidspunkt 14:15 CET;2024-10-30;14,2385
B;Virkedag;GBP;Britiske pund;NOK;Norske kroner;SP;Spot;4;false;0;Enheter;C;ECB concertation tidspunkt 14:15 CET;2024-10-31;14,2544
B;Virkedag;GBP;Britiske pund;NOK;Norske kroner;SP;Spot;4;false;0;Enheter;C;ECB concertation tidspunkt 14:15 CET;2024-11-01;14,2384
B;Virkedag;GBP;Britiske pund;NOK;Norske kroner;SP;Spot;4;false;0;Enheter;C;ECB concertation tidspunkt 14:15 CET;2024-11-04;14,2114
B;Virkedag;GBP;Britiske pund;NOK;Norske kroner;SP;Spot;4;false;0;Enheter;C;ECB concertation tidspunkt 14:15 CET;2024-11-05;14,2517
B;Virkedag;GBP;Britiske pund;NOK;Norske kroner;SP;Spot;4;false;0;Enheter;C;ECB concertation tidspunkt 14:15 CET;2024-11-06;14,3097
B;Virkedag;GBP;Britiske pund;NOK;Norske kroner;SP;Spot;4;false;0;Enheter;C;ECB concertation tidspunkt 14:15 CET;2024-11-07;14,1233
B;Virkedag;GBP;Britiske pund;NOK;Norske kroner;SP;Spot;4;false;0;Enheter;C;ECB concertation tidspunkt 14:15 CET;2024-11-08;14,1529
B;Virkedag;GBP;Britiske pund;NOK;Norske kroner;SP;Spot;4;false;0;Enheter;C;ECB concertation tidspunkt 14:15 CET;2024-11-11;14,2556
B;Virkedag;GBP;Britiske pund;NOK;Norske kroner;SP;Spot;4;false;0;Enheter;C;ECB concertation tidspunkt 14:15 CET;2024-11-12;14,1709
B;Virkedag;GBP;Britiske pund;NOK;Norske kroner;SP;Spot;4;false;0;Enheter;C;ECB concertation tidspunkt 14:15 CET;2024-11-13;14,1039
B;Virkedag;GBP;Britiske pund;NOK;Norske kroner;SP;Spot;4;false;0;Enheter;C;ECB concertation tidspunkt 14:15 CET;2024-11-14;14,1406
B;Virkedag;GBP;Britiske pund;NOK;Norske kroner;SP;Spot;4;false;0;Enheter;C;ECB concertation tidspunkt 14:15 CET;2024-11-15;14,0183
B;Virkedag;GBP;Britiske pund;NOK;Norske kroner;SP;Spot;4;false;0;Enheter;C;ECB concertation tidspunkt 14:15 CET;2024-11-18;14,0223
B;Virkedag;GBP;Britiske pund;NOK;Norske kroner;SP;Spot;4;false;0;Enheter;C;ECB concertation tidspunkt 14:15 CET;2024-11-19;13,9404
B;Virkedag;GBP;Britiske pund;NOK;Norske kroner;SP;Spot;4;false;0;Enheter;C;ECB concertation tidspunkt 14:15 CET;2024-11-20;13,965
B;Virkedag;GBP;Britiske pund;NOK;Norske kroner;SP;Spot;4;false;0;Enheter;C;ECB concertation tidspunkt 14:15 CET;2024-11-21;13,9541
B;Virkedag;GBP;Britiske pund;NOK;Norske kroner;SP;Spot;4;false;0;Enheter;C;ECB concertation tidspunkt 14:15 CET;2024-11-22;13,903
B;Virkedag;GBP;Britiske pund;NOK;Norske kroner;SP;Spot;4;false;0;Enheter;C;ECB concertation tidspunkt 14:15 CET;2024-11-25;13,8819
B;Virkedag;GBP;Britiske pund;NOK;Norske kroner;SP;Spot;4;false;0;Enheter;C;ECB concertation tidspunkt 14:15 CET;2024-11-26;13,9932
B;Virkedag;GBP;Britiske pund;NOK;Norske kroner;SP;Spot;4;false;0;Enheter;C;ECB concertation tidspunkt 14:15 CET;2024-11-27;14,0168
B;Virkedag;GBP;Britiske pund;NOK;Norske kroner;SP;Spot;4;false;0;Enheter;C;ECB concertation tidspunkt 14:15 CET;2024-11-28;14,0142
B;Virkedag;GBP;Britiske pund;NOK;Norske kroner;SP;Spot;4;false;0;Enheter;C;ECB concertation tidspunkt 14:15 CET;2024-11-29;14,0382
B;Virkedag;GBP;Britiske pund;NOK;Norske kroner;SP;Spot;4;false;0;Enheter;C;ECB concertation tidspunkt 14:15 CET;2024-12-02;14,0643
B;Virkedag;GBP;Britiske pund;NOK;Norske kroner;SP;Spot;4;false;0;Enheter;C;ECB concertation tidspunkt 14:15 CET;2024-12-03;13,9901
B;Virkedag;GBP;Britiske pund;NOK;Norske kroner;SP;Spot;4;false;0;Enheter;C;ECB concertation tidspunkt 14:15 CET;2024-12-04;14,0293
B;Virkedag;GBP;Britiske pund;NOK;Norske kroner;SP;Spot;4;false;0;Enheter;C;ECB concertation tidspunkt 14:15 CET;2024-12-05;14,0821
B;Virkedag;GBP;Britiske pund;NOK;Norske kroner;SP;Spot;4;false;0;Enheter;C;ECB concertation tidspunkt 14:15 CET;2024-12-06;14,1748
B;Virkedag;GBP;Britiske pund;NOK;Norske kroner;SP;Spot;4;false;0;Enheter;C;ECB concertation tidspunkt 14:15 CET;2024-12-09;14,1821
B;Virkedag;GBP;Britiske pund;NOK;Norske kroner;SP;Spot;4;false;0;Enheter;C;ECB concertation tidspunkt 14:15 CET;2024-12-10;14,2105
B;Virkedag;GBP;Britiske pund;NOK;Norske kroner;SP;Spot;4;false;0;Enheter;C;ECB concertation tidspunkt 14:15 CET;2024-12-11;14,2036
B;Virkedag;GBP;Britiske pund;NOK;Norske kroner;SP;Spot;4;false;0;Enheter;C;ECB concertation tidspunkt 14:15 CET;2024-12-12;14,1384
B;Virkedag;GBP;Britiske pund;NOK;Norske kroner;SP;Spot;4;false;0;Enheter;C;ECB concertation tidspunkt 14:15 CET;2024-12-13;14,0599
B;Virkedag;GBP;Britiske pund;NOK;Norske kroner;SP;Spot;4;false;0;Enheter;C;ECB concertation tidspunkt 14:15 CET;2024-12-16;14,125
B;Virkedag;GBP;Britiske pund;NOK;Norske kroner;SP;Spot;4;false;0;Enheter;C;ECB concertation tidspunkt 14:15 CET;2024-12-17;14,2333
B;Virkedag;GBP;Britiske pund;NOK;Norske kroner;SP;Spot;4;false;0;Enheter;C;ECB concertation tidspunkt 14:15 CET;2024-12-18;14,2535
B;Virkedag;GBP;Britiske pund;NOK;Norske kroner;SP;Spot;4;false;0;Enheter;C;ECB concertation tidspunkt 14:15 CET;2024-12-19;14,3299
B;Virkedag;GBP;Britiske pund;NOK;Norske kroner;SP;Spot;4;false;0;Enheter;C;ECB concertation tidspunkt 14:15 CET;2024-12-20;14,3054
B;Virkedag;GBP;Britiske pund;NOK;Norske kroner;SP;Spot;4;false;0;Enheter;C;ECB concertation tidspunkt 14:15 CET;2024-12-23;14,2262
B;Virkedag;GBP;Britiske pund;NOK;Norske kroner;SP;Spot;4;false;0;Enheter;C;ECB concertation tidspunkt 14:15 CET;2024-12-27;14,2524
B;Virkedag;GBP;Britiske pund;NOK;Norske kroner;SP;Spot;4;false;0;Enheter;C;ECB concertation tidspunkt 14:15 CET;2024-12-30;14,2803
B;Virkedag;GBP;Britiske pund;NOK;Norske kroner;SP;Spot;4;false;0;Enheter;C;ECB concertation tidspunkt 14:15 CET;2024-12-31;14,2249
B;Virkedag;GBP;Britiske pund;NOK;Norske kroner;SP;Spot;4;false;0;Enheter;C;ECB concertation tidspunkt 14:15 CET;2025-01-02;14,0972
B;Virkedag;GBP;Britiske pund;NOK;Norske kroner;SP;Spot;4;false;0;Enheter;C;ECB concertation tidspunkt 14:15 CET;2025-01-03;14,1132
B;Virkedag;GBP;Britiske pund;NOK;Norske kroner;SP;Spot;4;false;0;Enheter;C;ECB concertation tidspunkt 14:15 CET;2025-01-06;14,0912
B;Virkedag;GBP;Britiske pund;NOK;Norske kroner;SP;Spot;4;false;0;Enheter;C;ECB concertation tidspunkt 14:15 CET;2025-01-07;14,1573
B;Virkedag;GBP;Britiske pund;NOK;Norske kroner;SP;Spot;4;false;0;Enheter;C;ECB concertation tidspunkt 14:15 CET;2025-01-08;14,0738
B;Virkedag;GBP;Britiske pund;NOK;Norske kroner;SP;Spot;4;false;0;Enheter;C;ECB concertation tidspunkt 14:15 CET;2025-01-09;14,0327
B;Virkedag;GBP;Britiske pund;NOK;Norske kroner;SP;Spot;4;false;0;Enheter;C;ECB concertation tidspunkt 14:15 CET;2025-01-10;14,0478
B;Virkedag;GBP;Britiske pund;NOK;Norske kroner;SP;Spot;4;false;0;Enheter;C;ECB concertation tidspunkt 14:15 CET;2025-01-13;13,9128
B;Virkedag;GBP;Britiske pund;NOK;Norske kroner;SP;Spot;4;false;0;Enheter;C;ECB concertation tidspunkt 14:15 CET;2025-01-14;13,9041
B;Virkedag;GBP;Britiske pund;NOK;Norske kroner;SP;Spot;4;false;0;Enheter;C;ECB concertation tidspunkt 14:15 CET;2025-01-15;13,881
B;Virkedag;GBP;Britiske pund;NOK;Norske kroner;SP;Spot;4;false;0;Enheter;C;ECB concertation tidspunkt 14:15 CET;2025-01-16;13,8818
B;Virkedag;GBP;Britiske pund;NOK;Norske kroner;SP;Spot;4;false;0;Enheter;C;ECB concertation tidspunkt 14:15 CET;2025-01-17;13,9237
B;Virkedag;GBP;Britiske pund;NOK;Norske kroner;SP;Spot;4;false;0;Enheter;C;ECB concertation tidspunkt 14:15 CET;2025-01-20;13,9104
B;Virkedag;GBP;Britiske pund;NOK;Norske kroner;SP;Spot;4;false;0;Enheter;C;ECB concertation tidspunkt 14:15 CET;2025-01-21;13,9758
B;Virkedag;GBP;Britiske pund;NOK;Norske kroner;SP;Spot;4;false;0;Enheter;C;ECB concertation tidspunkt 14:15 CET;2025-01-22;13,9139
B;Virkedag;GBP;Britiske pund;NOK;Norske kroner;SP;Spot;4;false;0;Enheter;C;ECB concertation tidspunkt 14:15 CET;2025-01-23;13,8875
B;Virkedag;GBP;Britiske pund;NOK;Norske kroner;SP;Spot;4;false;0;Enheter;C;ECB concertation tidspunkt 14:15 CET;2025-01-24;13,9191
B;Virkedag;GBP;Britiske pund;NOK;Norske kroner;SP;Spot;4;false;0;Enheter;C;ECB concertation tidspunkt 14:15 CET;2025-01-27;14,0412
B;Virkedag;GBP;Britiske pund;NOK;Norske kroner;SP;Spot;4;false;0;Enheter;C;ECB concertation tidspunkt 14:15 CET;2025-01-28;14,0441
B;Virkedag;GBP;Britiske pund;NOK;Norske kroner;SP;Spot;4;false;0;Enheter;C;ECB concertation tidspunkt 14:15 CET;2025-01-29;14,0684
B;Virkedag;GBP;Britiske pund;NOK;Norske kroner;SP;Spot;4;false;0;Enheter;C;ECB concertation tidspunkt 14:15 CET;2025-01-30;14,0545
B;Virkedag;GBP;Britiske pund;NOK;Norske kroner;SP;Spot;4;false;0;Enheter;C;ECB concertation tidspunkt 14:15 CET;2025-01-31;14,0385
B;Virkedag;GBP;Britiske pund;NOK;Norske kroner;SP;Spot;4;false;0;Enheter;C;ECB concertation tidspunkt 14:15 CET;2025-02-03;14,0899
B;Virkedag;GBP;Britiske pund;NOK;Norske kroner;SP;Spot;4;false;0;Enheter;C;ECB concertation tidspunkt 14:15 CET;2025-02-04;14,0898
B;Virkedag;GBP;Britiske pund;NOK;Norske kroner;SP;Spot;4;false;0;Enheter;C;ECB concertation tidspunkt 14:15 CET;2025-02-05;14,045
B;Virkedag;GBP;Britiske pund;NOK;Norske kroner;SP;Spot;4;false;0;Enheter;C;ECB concertation tidspunkt 14:15 CET;2025-02-06;13,9309
B;Virkedag;GBP;Britiske pund;NOK;Norske kroner;SP;Spot;4;false;0;Enheter;C;ECB concertation tidspunkt 14:15 CET;2025-02-07;13,9467
B;Virkedag;GBP;Britiske pund;NOK;Norske kroner;SP;Spot;4;false;0;Enheter;C;ECB concertation tidspunkt 14:15 CET;2025-02-10;13,8978
B;Virkedag;GBP;Britiske pund;NOK;Norske kroner;SP;Spot;4;false;0;Enheter;C;ECB concertation tidspunkt 14:15 CET;2025-02-11;13,887
B;Virkedag;GBP;Britiske pund;NOK;Norske kroner;SP;Spot;4;false;0;Enheter;C;ECB concertation tidspunkt 14:15 CET;2025-02-12;13,9936
B;Virkedag;GBP;Britiske pund;NOK;Norske kroner;SP;Spot;4;false;0;Enheter;C;ECB concertation tidspunkt 14:15 CET;2025-02-13;14,0608
B;Virkedag;GBP;Britiske pund;NOK;Norske kroner;SP;Spot;4;false;0;Enheter;C;ECB concertation tidspunkt 14:15 CET;2025-02-14;14,0017
B;Virkedag;GBP;Britiske pund;NOK;Norske kroner;SP;Spot;4;false;0;Enheter;C;ECB concertation tidspunkt 14:15 CET;2025-02-17;14,0035
B;Virkedag;GBP;Britiske pund;NOK;Norske kroner;SP;Spot;4;false;0;Enheter;C;ECB concertation tidspunkt 14:15 CET;2025-02-18;14,0428
B;Virkedag;GBP;Britiske pund;NOK;Norske kroner;SP;Spot;4;false;0;Enheter;C;ECB concertation tidspunkt 14:15 CET;2025-02-19;14,0382
B;Virkedag;GBP;Britiske pund;NOK;Norske kroner;SP;Spot;4;false;0;Enheter;C;ECB concertation tidspunkt 14:15 CET;2025-02-20;14,0166
B;Virkedag;GBP;Britiske pund;NOK;Norske kroner;SP;Spot;4;false;0;Enheter;C;ECB concertation tidspunkt 14:15 CET;2025-02-21;14,0515
B;Virkedag;GBP;Britiske pund;NOK;Norske kroner;SP;Spot;4;false;0;Enheter;C;ECB concertation tidspunkt 14:15 CET;2025-02-24;14,0474
B;Virkedag;GBP;Britiske pund;NOK;Norske kroner;SP;Spot;4;false;0;Enheter;C;ECB concertation tidspunkt 14:15 CET;2025-02-25;14,0684
B;Virkedag;GBP;Britiske pund;NOK;Norske kroner;SP;Spot;4;false;0;Enheter;C;ECB concertation tidspunkt 14:15 CET;2025-02-26;14,1062
B;Virkedag;GBP;Britiske pund;NOK;Norske kroner;SP;Spot;4;false;0;Enheter;C;ECB concertation tidspunkt 14:15 CET;2025-02-27;14,154
B;Virkedag;GBP;Britiske pund;NOK;Norske kroner;SP;Spot;4;false;0;Enheter;C;ECB concertation tidspunkt 14:15 CET;2025-02-28;14,1929
B;Virkedag;GBP;Britiske pund;NOK;Norske kroner;SP;Spot;4;false;0;Enheter;C;ECB concertation tidspunkt 14:15 CET;2025-03-03;14,1706
B;Virkedag;GBP;Britiske pund;NOK;Norske kroner;SP;Spot;4;false;0;Enheter;C;ECB concertation tidspunkt 14:15 CET;2025-03-04;14,2629
B;Virkedag;GBP;Britiske pund;NOK;Norske kroner;SP;Spot;4;false;0;Enheter;C;ECB concertation tidspunkt 14:15 CET;2025-03-05;14,1557
B;Virkedag;GBP;Britiske pund;NOK;Norske kroner;SP;Spot;4;false;0;Enheter;C;ECB concertation tidspunkt 14:15 CET;2025-03-06;13,9826
B;Virkedag;GBP;Britiske pund;NOK;Norske kroner;SP;Spot;4;false;0;Enheter;C;ECB concertation tidspunkt 14:15 CET;2025-03-07;13,9842
B;Virkedag;GBP;Britiske pund;NOK;Norske kroner;SP;Spot;4;false;0;Enheter;C;ECB concertation tidspunkt 14:15 CET;2025-03-10;13,9185
B;Virkedag;GBP;Britiske pund;NOK;Norske kroner;SP;Spot;4;false;0;Enheter;C;ECB concertation tidspunkt 14:15 CET;2025-03-11;13,7886
B;Virkedag;GBP;Britiske pund;NOK;Norske kroner;SP;Spot;4;false;0;Enheter;C;ECB concertation tidspunkt 14:15 CET;2025-03-12;13,8068
B;Virkedag;GBP;Britiske pund;NOK;Norske kroner;SP;Spot;4;false;0;Enheter;C;ECB concertation tidspunkt 14:15 CET;2025-03-13;13,8431
B;Virkedag;GBP;Britiske pund;NOK;Norske kroner;SP;Spot;4;false;0;Enheter;C;ECB concertation tidspunkt 14:15 CET;2025-03-14;13,8033
B;Virkedag;GBP;Britiske pund;NOK;Norske kroner;SP;Spot;4;false;0;Enheter;C;ECB concertation tidspunkt 14:15 CET;2025-03-17;13,7199
B;Virkedag;GBP;Britiske pund;NOK;Norske kroner;SP;Spot;4;false;0;Enheter;C;ECB concertation tidspunkt 14:15 CET;2025-03-18;13,6956
B;Virkedag;GBP;Britiske pund;NOK;Norske kroner;SP;Spot;4;false;0;Enheter;C;ECB concertation tidspunkt 14:15 CET;2025-03-19;13,6837
B;Virkedag;GBP;Britiske pund;NOK;Norske kroner;SP;Spot;4;false;0;Enheter;C;ECB concertation tidspunkt 14:15 CET;2025-03-20;13,7442
B;Virkedag;GBP;Britiske pund;NOK;Norske kroner;SP;Spot;4;false;0;Enheter;C;ECB concertation tidspunkt 14:15 CET;2025-03-21;13,6107
B;Virkedag;GBP;Britiske pund;NOK;Norske kroner;SP;Spot;4;false;0;Enheter;C;ECB concertation tidspunkt 14:15 CET;2025-03-24;13,6016
B;Virkedag;GBP;Britiske pund;NOK;Norske kroner;SP;Spot;4;false;0;Enheter;C;ECB concertation tidspunkt 14:15 CET;2025-03-25;13,5332
B;Virkedag;GBP;Britiske pund;NOK;Norske kroner;SP;Spot;4;false;0;Enheter;C;ECB concertation tidspunkt 14:15 CET;2025-03-26;13,583
B;Virkedag;GBP;Britiske pund;NOK;Norske kroner;SP;Spot;4;false;0;Enheter;C;ECB concertation tidspunkt 14:15 CET;2025-03-27;13,6147
B;Virkedag;GBP;Britiske pund;NOK;Norske kroner;SP;Spot;4;false;0;Enheter;C;ECB concertation tidspunkt 14:15 CET;2025-03-28;13,5488
B;Virkedag;GBP;Britiske pund;NOK;Norske kroner;SP;Spot;4;false;0;Enheter;C;ECB concertation tidspunkt 14:15 CET;2025-03-31;13,6624
B;Virkedag;EUR;Euro;NOK;Norske kroner;SP;Spot;4;false;0;Enheter;C;ECB concertation tidspunkt 14:15 CET;2020-04-01;11,2685
B;Virkedag;EUR;Euro;NOK;Norske kroner;SP;Spot;4;false;0;Enheter;C;ECB concertation tidspunkt 14:15 CET;2020-04-02;11,2345
B;Virkedag;EUR;Euro;NOK;Norske kroner;SP;Spot;4;false;0;Enheter;C;ECB concertation tidspunkt 14:15 CET;2020-04-03;11,2628
B;Virkedag;EUR;Euro;NOK;Norske kroner;SP;Spot;4;false;0;Enheter;C;ECB concertation tidspunkt 14:15 CET;2020-04-06;11,3875
B;Virkedag;EUR;Euro;NOK;Norske kroner;SP;Spot;4;false;0;Enheter;C;ECB concertation tidspunkt 14:15 CET;2020-04-07;11,0945
B;Virkedag;EUR;Euro;NOK;Norske kroner;SP;Spot;4;false;0;Enheter;C;ECB concertation tidspunkt 14:15 CET;2020-04-08;11,194
B;Virkedag;EUR;Euro;NOK;Norske kroner;SP;Spot;4;false;0;Enheter;C;ECB concertation tidspunkt 14:15 CET;2020-04-14;11,3118
B;Virkedag;EUR;Euro;NOK;Norske kroner;SP;Spot;4;false;0;Enheter;C;ECB concertation tidspunkt 14:15 CET;2020-04-15;11,4503
B;Virkedag;EUR;Euro;NOK;Norske kroner;SP;Spot;4;false;0;Enheter;C;ECB concertation tidspunkt 14:15 CET;2020-04-16;11,4145
B;Virkedag;EUR;Euro;NOK;Norske kroner;SP;Spot;4;false;0;Enheter;C;ECB concertation tidspunkt 14:15 CET;2020-04-17;11,2845
B;Virkedag;EUR;Euro;NOK;Norske kroner;SP;Spot;4;false;0;Enheter;C;ECB concertation tidspunkt 14:15 CET;2020-04-20;11,2698
B;Virkedag;EUR;Euro;NOK;Norske kroner;SP;Spot;4;false;0;Enheter;C;ECB concertation tidspunkt 14:15 CET;2020-04-21;11,4843
B;Virkedag;EUR;Euro;NOK;Norske kroner;SP;Spot;4;false;0;Enheter;C;ECB concertation tidspunkt 14:15 CET;2020-04-22;11,6775
B;Virkedag;EUR;Euro;NOK;Norske kroner;SP;Spot;4;false;0;Enheter;C;ECB concertation tidspunkt 14:15 CET;2020-04-23;11,5165
B;Virkedag;EUR;Euro;NOK;Norske kroner;SP;Spot;4;false;0;Enheter;C;ECB concertation tidspunkt 14:15 CET;2020-04-24;11,4785
B;Virkedag;EUR;Euro;NOK;Norske kroner;SP;Spot;4;false;0;Enheter;C;ECB concertation tidspunkt 14:15 CET;2020-04-27;11,4513
B;Virkedag;EUR;Euro;NOK;Norske kroner;SP;Spot;4;false;0;Enheter;C;ECB concertation tidspunkt 14:15 CET;2020-04-28;11,2783
B;Virkedag;EUR;Euro;NOK;Norske kroner;SP;Spot;4;false;0;Enheter;C;ECB concertation tidspunkt 14:15 CET;2020-04-29;11,2728
B;Virkedag;EUR;Euro;NOK;Norske kroner;SP;Spot;4;false;0;Enheter;C;ECB concertation tidspunkt 14:15 CET;2020-04-30;11,184
B;Virkedag;EUR;Euro;NOK;Norske kroner;SP;Spot;4;false;0;Enheter;C;ECB concertation tidspunkt 14:15 CET;2020-05-04;11,328
B;Virkedag;EUR;Euro;NOK;Norske kroner;SP;Spot;4;false;0;Enheter;C;ECB concertation tidspunkt 14:15 CET;2020-05-05;11,173
B;Virkedag;EUR;Euro;NOK;Norske kroner;SP;Spot;4;false;0;Enheter;C;ECB concertation tidspunkt 14:15 CET;2020-05-06;11,09
B;Virkedag;EUR;Euro;NOK;Norske kroner;SP;Spot;4;false;0;Enheter;C;ECB concertation tidspunkt 14:15 CET;2020-05-07;11,0405
B;Virkedag;EUR;Euro;NOK;Norske kroner;SP;Spot;4;false;0;Enheter;C;ECB concertation tidspunkt 14:15 CET;2020-05-08;11,0695
B;Virkedag;EUR;Euro;NOK;Norske kroner;SP;Spot;4;false;0;Enheter;C;ECB concertation tidspunkt 14:15 CET;2020-05-11;11,046
B;Virkedag;EUR;Euro;NOK;Norske kroner;SP;Spot;4;false;0;Enheter;C;ECB concertation tidspunkt 14:15 CET;2020-05-12;11,0518
B;Virkedag;EUR;Euro;NOK;Norske kroner;SP;Spot;4;false;0;Enheter;C;ECB concertation tidspunkt 14:15 CET;2020-05-13;10,938
B;Virkedag;EUR;Euro;NOK;Norske kroner;SP;Spot;4;false;0;Enheter;C;ECB concertation tidspunkt 14:15 CET;2020-05-14;11,0598
B;Virkedag;EUR;Euro;NOK;Norske kroner;SP;Spot;4;false;0;Enheter;C;ECB concertation tidspunkt 14:15 CET;2020-05-15;11,0568
B;Virkedag;EUR;Euro;NOK;Norske kroner;SP;Spot;4;false;0;Enheter;C;ECB concertation tidspunkt 14:15 CET;2020-05-18;10,9663
B;Virkedag;EUR;Euro;NOK;Norske kroner;SP;Spot;4;false;0;Enheter;C;ECB concertation tidspunkt 14:15 CET;2020-05-19;10,9153
B;Virkedag;EUR;Euro;NOK;Norske kroner;SP;Spot;4;false;0;Enheter;C;ECB concertation tidspunkt 14:15 CET;2020-05-20;10,8765
B;Virkedag;EUR;Euro;NOK;Norske kroner;SP;Spot;4;false;0;Enheter;C;ECB concertation tidspunkt 14:15 CET;2020-05-22;10,9078
B;Virkedag;EUR;Euro;NOK;Norske kroner;SP;Spot;4;false;0;Enheter;C;ECB concertation tidspunkt 14:15 CET;2020-05-25;10,9358
B;Virkedag;EUR;Euro;NOK;Norske kroner;SP;Spot;4;false;0;Enheter;C;ECB concertation tidspunkt 14:15 CET;2020-05-26;10,8943
B;Virkedag;EUR;Euro;NOK;Norske kroner;SP;Spot;4;false;0;Enheter;C;ECB concertation tidspunkt 14:15 CET;2020-05-27;10,8283
B;Virkedag;EUR;Euro;NOK;Norske kroner;SP;Spot;4;false;0;Enheter;C;ECB concertation tidspunkt 14:15 CET;2020-05-28;10,8553
B;Virkedag;EUR;Euro;NOK;Norske kroner;SP;Spot;4;false;0;Enheter;C;ECB concertation tidspunkt 14:15 CET;2020-05-29;10,788
B;Virkedag;EUR;Euro;NOK;Norske kroner;SP;Spot;4;false;0;Enheter;C;ECB concertation tidspunkt 14:15 CET;2020-06-02;10,6798
B;Virkedag;EUR;Euro;NOK;Norske kroner;SP;Spot;4;false;0;Enheter;C;ECB concertation tidspunkt 14:15 CET;2020-06-03;10,6777
B;Virkedag;EUR;Euro;NOK;Norske kroner;SP;Spot;4;false;0;Enheter;C;ECB concertation tidspunkt 14:15 CET;2020-06-04;10,6048
B;Virkedag;EUR;Euro;NOK;Norske kroner;SP;Spot;4;false;0;Enheter;C;ECB concertation tidspunkt 14:15 CET;2020-06-05;10,5403
B;Virkedag;EUR;Euro;NOK;Norske kroner;SP;Spot;4;false;0;Enheter;C;ECB concertation tidspunkt 14:15 CET;2020-06-08;10,4603
B;Virkedag;EUR;Euro;NOK;Norske kroner;SP;Spot;4;false;0;Enheter;C;ECB concertation tidspunkt 14:15 CET;2020-06-09;10,5418
B;Virkedag;EUR;Euro;NOK;Norske kroner;SP;Spot;4;false;0;Enheter;C;ECB concertation tidspunkt 14:15 CET;2020-06-10;10,5383
B;Virkedag;EUR;Euro;NOK;Norske kroner;SP;Spot;4;false;0;Enheter;C;ECB concertation tidspunkt 14:15 CET;2020-06-11;10,72
B;Virkedag;EUR;Euro;NOK;Norske kroner;SP;Spot;4;false;0;Enheter;C;ECB concertation tidspunkt 14:15 CET;2020-06-12;10,8475
B;Virkedag;EUR;Euro;NOK;Norske kroner;SP;Spot;4;false;0;Enheter;C;ECB concertation tidspunkt 14:15 CET;2020-06-15;10,8894
B;Virkedag;EUR;Euro;NOK;Norske kroner;SP;Spot;4;false;0;Enheter;C;ECB concertation tidspunkt 14:15 CET;2020-06-16;10,7389
B;Virkedag;EUR;Euro;NOK;Norske kroner;SP;Spot;4;false;0;Enheter;C;ECB concertation tidspunkt 14:15 CET;2020-06-17;10,705
B;Virkedag;EUR;Euro;NOK;Norske kroner;SP;Spot;4;false;0;Enheter;C;ECB concertation tidspunkt 14:15 CET;2020-06-18;10,7083
B;Virkedag;EUR;Euro;NOK;Norske kroner;SP;Spot;4;false;0;Enheter;C;ECB concertation tidspunkt 14:15 CET;2020-06-19;10,7135
B;Virkedag;EUR;Euro;NOK;Norske kroner;SP;Spot;4;false;0;Enheter;C;ECB concertation tidspunkt 14:15 CET;2020-06-22;10,7985
B;Virkedag;EUR;Euro;NOK;Norske kroner;SP;Spot;4;false;0;Enheter;C;ECB concertation tidspunkt 14:15 CET;2020-06-23;10,7345
B;Virkedag;EUR;Euro;NOK;Norske kroner;SP;Spot;4;false;0;Enheter;C;ECB concertation tidspunkt 14:15 CET;2020-06-24;10,7958
B;Virkedag;EUR;Euro;NOK;Norske kroner;SP;Spot;4;false;0;Enheter;C;ECB concertation tidspunkt 14:15 CET;2020-06-25;10,8748
B;Virkedag;EUR;Euro;NOK;Norske kroner;SP;Spot;4;false;0;Enheter;C;ECB concertation tidspunkt 14:15 CET;2020-06-26;10,885
B;Virkedag;EUR;Euro;NOK;Norske kroner;SP;Spot;4;false;0;Enheter;C;ECB concertation tidspunkt 14:15 CET;2020-06-29;10,9013
B;Virkedag;EUR;Euro;NOK;Norske kroner;SP;Spot;4;false;0;Enheter;C;ECB concertation tidspunkt 14:15 CET;2020-06-30;10,912
B;Virkedag;EUR;Euro;NOK;Norske kroner;SP;Spot;4;false;0;Enheter;C;ECB concertation tidspunkt 14:15 CET;2020-07-01;10,7736
B;Virkedag;EUR;Euro;NOK;Norske kroner;SP;Spot;4;false;0;Enheter;C;ECB concertation tidspunkt 14:15 CET;2020-07-02;10,6873
B;Virkedag;EUR;Euro;NOK;Norske kroner;SP;Spot;4;false;0;Enheter;C;ECB concertation tidspunkt 14:15 CET;2020-07-03;10,6775
B;Virkedag;EUR;Euro;NOK;Norske kroner;SP;Spot;4;false;0;Enheter;C;ECB concertation tidspunkt 14:15 CET;2020-07-06;10,6218
B;Virkedag;EUR;Euro;NOK;Norske kroner;SP;Spot;4;false;0;Enheter;C;ECB concertation tidspunkt 14:15 CET;2020-07-07;10,6428
B;Virkedag;EUR;Euro;NOK;Norske kroner;SP;Spot;4;false;0;Enheter;C;ECB concertation tidspunkt 14:15 CET;2020-07-08;10,6885
B;Virkedag;EUR;Euro;NOK;Norske kroner;SP;Spot;4;false;0;Enheter;C;ECB concertation tidspunkt 14:15 CET;2020-07-09;10,6173
B;Virkedag;EUR;Euro;NOK;Norske kroner;SP;Spot;4;false;0;Enheter;C;ECB concertation tidspunkt 14:15 CET;2020-07-10;10,7163
B;Virkedag;EUR;Euro;NOK;Norske kroner;SP;Spot;4;false;0;Enheter;C;ECB concertation tidspunkt 14:15 CET;2020-07-13;10,665
B;Virkedag;EUR;Euro;NOK;Norske kroner;SP;Spot;4;false;0;Enheter;C;ECB concertation tidspunkt 14:15 CET;2020-07-14;10,711
B;Virkedag;EUR;Euro;NOK;Norske kroner;SP;Spot;4;false;0;Enheter;C;ECB concertation tidspunkt 14:15 CET;2020-07-15;10,6275
B;Virkedag;EUR;Euro;NOK;Norske kroner;SP;Spot;4;false;0;Enheter;C;ECB concertation tidspunkt 14:15 CET;2020-07-16;10,6148
B;Virkedag;EUR;Euro;NOK;Norske kroner;SP;Spot;4;false;0;Enheter;C;ECB concertation tidspunkt 14:15 CET;2020-07-17;10,5995
B;Virkedag;EUR;Euro;NOK;Norske kroner;SP;Spot;4;false;0;Enheter;C;ECB concertation tidspunkt 14:15 CET;2020-07-20;10,606
B;Virkedag;EUR;Euro;NOK;Norske kroner;SP;Spot;4;false;0;Enheter;C;ECB concertation tidspunkt 14:15 CET;2020-07-21;10,4933
B;Virkedag;EUR;Euro;NOK;Norske kroner;SP;Spot;4;false;0;Enheter;C;ECB concertation tidspunkt 14:15 CET;2020-07-22;10,5343
B;Virkedag;EUR;Euro;NOK;Norske kroner;SP;Spot;4;false;0;Enheter;C;ECB concertation tidspunkt 14:15 CET;2020-07-23;10,6073
B;Virkedag;EUR;Euro;NOK;Norske kroner;SP;Spot;4;false;0;Enheter;C;ECB concertation tidspunkt 14:15 CET;2020-07-24;10,6953
B;Virkedag;EUR;Euro;NOK;Norske kroner;SP;Spot;4;false;0;Enheter;C;ECB concertation tidspunkt 14:15 CET;2020-07-27;10,6683
B;Virkedag;EUR;Euro;NOK;Norske kroner;SP;Spot;4;false;0;Enheter;C;ECB concertation tidspunkt 14:15 CET;2020-07-28;10,694
B;Virkedag;EUR;Euro;NOK;Norske kroner;SP;Spot;4;false;0;Enheter;C;ECB concertation tidspunkt 14:15 CET;2020-07-29;10,6573
B;Virkedag;EUR;Euro;NOK;Norske kroner;SP;Spot;4;false;0;Enheter;C;ECB concertation tidspunkt 14:15 CET;2020-07-30;10,7213
B;Virkedag;EUR;Euro;NOK;Norske kroner;SP;Spot;4;false;0;Enheter;C;ECB concertation tidspunkt 14:15 CET;2020-07-31;10,7323
B;Virkedag;EUR;Euro;NOK;Norske kroner;SP;Spot;4;false;0;Enheter;C;ECB concertation tidspunkt 14:15 CET;2020-08-03;10,7188
B;Virkedag;EUR;Euro;NOK;Norske kroner;SP;Spot;4;false;0;Enheter;C;ECB concertation tidspunkt 14:15 CET;2020-08-04;10,7568
B;Virkedag;EUR;Euro;NOK;Norske kroner;SP;Spot;4;false;0;Enheter;C;ECB concertation tidspunkt 14:15 CET;2020-08-05;10,6585
B;Virkedag;EUR;Euro;NOK;Norske kroner;SP;Spot;4;false;0;Enheter;C;ECB concertation tidspunkt 14:15 CET;2020-08-06;10,6538
B;Virkedag;EUR;Euro;NOK;Norske kroner;SP;Spot;4;false;0;Enheter;C;ECB concertation tidspunkt 14:15 CET;2020-08-07;10,6433
B;Virkedag;EUR;Euro;NOK;Norske kroner;SP;Spot;4;false;0;Enheter;C;ECB concertation tidspunkt 14:15 CET;2020-08-10;10,629
B;Virkedag;EUR;Euro;NOK;Norske kroner;SP;Spot;4;false;0;Enheter;C;ECB concertation tidspunkt 14:15 CET;2020-08-11;10,5658
B;Virkedag;EUR;Euro;NOK;Norske kroner;SP;Spot;4;false;0;Enheter;C;ECB concertation tidspunkt 14:15 CET;2020-08-12;10,5463
B;Virkedag;EUR;Euro;NOK;Norske kroner;SP;Spot;4;false;0;Enheter;C;ECB concertation tidspunkt 14:15 CET;2020-08-13;10,5148
B;Virkedag;EUR;Euro;NOK;Norske kroner;SP;Spot;4;false;0;Enheter;C;ECB concertation tidspunkt 14:15 CET;2020-08-14;10,5403
B;Virkedag;EUR;Euro;NOK;Norske kroner;SP;Spot;4;false;0;Enheter;C;ECB concertation tidspunkt 14:15 CET;2020-08-17;10,512
B;Virkedag;EUR;Euro;NOK;Norske kroner;SP;Spot;4;false;0;Enheter;C;ECB concertation tidspunkt 14:15 CET;2020-08-18;10,501
B;Virkedag;EUR;Euro;NOK;Norske kroner;SP;Spot;4;false;0;Enheter;C;ECB concertation tidspunkt 14:15 CET;2020-08-19;10,5455
B;Virkedag;EUR;Euro;NOK;Norske kroner;SP;Spot;4;false;0;Enheter;C;ECB concertation tidspunkt 14:15 CET;2020-08-20;10,6068
B;Virkedag;EUR;Euro;NOK;Norske kroner;SP;Spot;4;false;0;Enheter;C;ECB concertation tidspunkt 14:15 CET;2020-08-21;10,5913
B;Virkedag;EUR;Euro;NOK;Norske kroner;SP;Spot;4;false;0;Enheter;C;ECB concertation tidspunkt 14:15 CET;2020-08-24;10,6188
B;Virkedag;EUR;Euro;NOK;Norske kroner;SP;Spot;4;false;0;Enheter;C;ECB concertation tidspunkt 14:15 CET;2020-08-25;10,5688
B;Virkedag;EUR;Euro;NOK;Norske kroner;SP;Spot;4;false;0;Enheter;C;ECB concertation tidspunkt 14:15 CET;2020-08-26;10,5603
B;Virkedag;EUR;Euro;NOK;Norske kroner;SP;Spot;4;false;0;Enheter;C;ECB concertation tidspunkt 14:15 CET;2020-08-27;10,5178
B;Virkedag;EUR;Euro;NOK;Norske kroner;SP;Spot;4;false;0;Enheter;C;ECB concertation tidspunkt 14:15 CET;2020-08-28;10,47
B;Virkedag;EUR;Euro;NOK;Norske kroner;SP;Spot;4;false;0;Enheter;C;ECB concertation tidspunkt 14:15 CET;2020-08-31;10,455
B;Virkedag;EUR;Euro;NOK;Norske kroner;SP;Spot;4;false;0;Enheter;C;ECB concertation tidspunkt 14:15 CET;2020-09-01;10,4378
B;Virkedag;EUR;Euro;NOK;Norske kroner;SP;Spot;4;false;0;Enheter;C;ECB concertation tidspunkt 14:15 CET;2020-09-02;10,406
B;Virkedag;EUR;Euro;NOK;Norske kroner;SP;Spot;4;false;0;Enheter;C;ECB concertation tidspunkt 14:15 CET;2020-09-03;10,5315
B;Virkedag;EUR;Euro;NOK;Norske kroner;SP;Spot;4;false;0;Enheter;C;ECB concertation tidspunkt 14:15 CET;2020-09-04;10,5768
B;Virkedag;EUR;Euro;NOK;Norske kroner;SP;Spot;4;false;0;Enheter;C;ECB concertation tidspunkt 14:15 CET;2020-09-07;10,5453
B;Virkedag;EUR;Euro;NOK;Norske kroner;SP;Spot;4;false;0;Enheter;C;ECB concertation tidspunkt 14:15 CET;2020-09-08;10,6713
B;Virkedag;EUR;Euro;NOK;Norske kroner;SP;Spot;4;false;0;Enheter;C;ECB concertation tidspunkt 14:15 CET;2020-09-09;10,715
B;Virkedag;EUR;Euro;NOK;Norske kroner;SP;Spot;4;false;0;Enheter;C;ECB concertation tidspunkt 14:15 CET;2020-09-10;10,687
B;Virkedag;EUR;Euro;NOK;Norske kroner;SP;Spot;4;false;0;Enheter;C;ECB concertation tidspunkt 14:15 CET;2020-09-11;10,7028
B;Virkedag;EUR;Euro;NOK;Norske kroner;SP;Spot;4;false;0;Enheter;C;ECB concertation tidspunkt 14:15 CET;2020-09-14;10,6933
B;Virkedag;EUR;Euro;NOK;Norske kroner;SP;Spot;4;false;0;Enheter;C;ECB concertation tidspunkt 14:15 CET;2020-09-15;10,6963
B;Virkedag;EUR;Euro;NOK;Norske kroner;SP;Spot;4;false;0;Enheter;C;ECB concertation tidspunkt 14:15 CET;2020-09-16;10,6608
B;Virkedag;EUR;Euro;NOK;Norske kroner;SP;Spot;4;false;0;Enheter;C;ECB concertation tidspunkt 14:15 CET;2020-09-17;10,7238
B;Virkedag;EUR;Euro;NOK;Norske kroner;SP;Spot;4;false;0;Enheter;C;ECB concertation tidspunkt 14:15 CET;2020-09-18;10,7538
B;Virkedag;EUR;Euro;NOK;Norske kroner;SP;Spot;4;false;0;Enheter;C;ECB concertation tidspunkt 14:15 CET;2020-09-21;10,884
B;Virkedag;EUR;Euro;NOK;Norske kroner;SP;Spot;4;false;0;Enheter;C;ECB concertation tidspunkt 14:15 CET;2020-09-22;10,9528
B;Virkedag;EUR;Euro;NOK;Norske kroner;SP;Spot;4;false;0;Enheter;C;ECB concertation tidspunkt 14:15 CET;2020-09-23;10,9938
B;Virkedag;EUR;Euro;NOK;Norske kroner;SP;Spot;4;false;0;Enheter;C;ECB concertation tidspunkt 14:15 CET;2020-09-24;11,1023
B;Virkedag;EUR;Euro;NOK;Norske kroner;SP;Spot;4;false;0;Enheter;C;ECB concertation tidspunkt 14:15 CET;2020-09-25;11,1445
B;Virkedag;EUR;Euro;NOK;Norske kroner;SP;Spot;4;false;0;Enheter;C;ECB concertation tidspunkt 14:15 CET;2020-09-28;11,058
B;Virkedag;EUR;Euro;NOK;Norske kroner;SP;Spot;4;false;0;Enheter;C;ECB concertation tidspunkt 14:15 CET;2020-09-29;11,0543
B;Virkedag;EUR;Euro;NOK;Norske kroner;SP;Spot;4;false;0;Enheter;C;ECB concertation tidspunkt 14:15 CET;2020-09-30;11,1008
B;Virkedag;EUR;Euro;NOK;Norske kroner;SP;Spot;4;false;0;Enheter;C;ECB concertation tidspunkt 14:15 CET;2020-10-01;10,9073
B;Virkedag;EUR;Euro;NOK;Norske kroner;SP;Spot;4;false;0;Enheter;C;ECB concertation tidspunkt 14:15 CET;2020-10-02;10,904
B;Virkedag;EUR;Euro;NOK;Norske kroner;SP;Spot;4;false;0;Enheter;C;ECB concertation tidspunkt 14:15 CET;2020-10-05;10,8855
B;Virkedag;EUR;Euro;NOK;Norske kroner;SP;Spot;4;false;0;Enheter;C;ECB concertation tidspunkt 14:15 CET;2020-10-06;10,8603
B;Virkedag;EUR;Euro;NOK;Norske kroner;SP;Spot;4;false;0;Enheter;C;ECB concertation tidspunkt 14:15 CET;2020-10-07;10,9313
B;Virkedag;EUR;Euro;NOK;Norske kroner;SP;Spot;4;false;0;Enheter;C;ECB concertation tidspunkt 14:15 CET;2020-10-08;10,9038
B;Virkedag;EUR;Euro;NOK;Norske kroner;SP;Spot;4;false;0;Enheter;C;ECB concertation tidspunkt 14:15 CET;2020-10-09;10,8623
B;Virkedag;EUR;Euro;NOK;Norske kroner;SP;Spot;4;false;0;Enheter;C;ECB concertation tidspunkt 14:15 CET;2020-10-12;10,7925
B;Virkedag;EUR;Euro;NOK;Norske kroner;SP;Spot;4;false;0;Enheter;C;ECB concertation tidspunkt 14:15 CET;2020-10-13;10,7923
B;Virkedag;EUR;Euro;NOK;Norske kroner;SP;Spot;4;false;0;Enheter;C;ECB concertation tidspunkt 14:15 CET;2020-10-14;10,8218
B;Virkedag;EUR;Euro;NOK;Norske kroner;SP;Spot;4;false;0;Enheter;C;ECB concertation tidspunkt 14:15 CET;2020-10-15;10,9678
B;Virkedag;EUR;Euro;NOK;Norske kroner;SP;Spot;4;false;0;Enheter;C;ECB concertation tidspunkt 14:15 CET;2020-10-16;10,957
B;Virkedag;EUR;Euro;NOK;Norske kroner;SP;Spot;4;false;0;Enheter;C;ECB concertation tidspunkt 14:15 CET;2020-10-19;10,947
B;Virkedag;EUR;Euro;NOK;Norske kroner;SP;Spot;4;false;0;Enheter;C;ECB concertation tidspunkt 14:15 CET;2020-10-20;10,9698
B;Virkedag;EUR;Euro;NOK;Norske kroner;SP;Spot;4;false;0;Enheter;C;ECB concertation tidspunkt 14:15 CET;2020-10-21;10,9315
B;Virkedag;EUR;Euro;NOK;Norske kroner;SP;Spot;4;false;0;Enheter;C;ECB concertation tidspunkt 14:15 CET;2020-10-22;10,9325
B;Virkedag;EUR;Euro;NOK;Norske kroner;SP;Spot;4;false;0;Enheter;C;ECB concertation tidspunkt 14:15 CET;2020-10-23;10,9178
B;Virkedag;EUR;Euro;NOK;Norske kroner;SP;Spot;4;false;0;Enheter;C;ECB concertation tidspunkt 14:15 CET;2020-10-26;10,9465
B;Virkedag;EUR;Euro;NOK;Norske kroner;SP;Spot;4;false;0;Enheter;C;ECB concertation tidspunkt 14:15 CET;2020-10-27;10,8398
B;Virkedag;EUR;Euro;NOK;Norske kroner;SP;Spot;4;false;0;Enheter;C;ECB concertation tidspunkt 14:15 CET;2020-10-28;10,9693
B;Virkedag;EUR;Euro;NOK;Norske kroner;SP;Spot;4;false;0;Enheter;C;ECB concertation tidspunkt 14:15 CET;2020-10-29;11,1495
B;Virkedag;EUR;Euro;NOK;Norske kroner;SP;Spot;4;false;0;Enheter;C;ECB concertation tidspunkt 14:15 CET;2020-10-30;11,094
B;Virkedag;EUR;Euro;NOK;Norske kroner;SP;Spot;4;false;0;Enheter;C;ECB concertation tidspunkt 14:15 CET;2020-11-02;11,1128
B;Virkedag;EUR;Euro;NOK;Norske kroner;SP;Spot;4;false;0;Enheter;C;ECB concertation tidspunkt 14:15 CET;2020-11-03;11,0103
B;Virkedag;EUR;Euro;NOK;Norske kroner;SP;Spot;4;false;0;Enheter;C;ECB concertation tidspunkt 14:15 CET;2020-11-04;10,9583
B;Virkedag;EUR;Euro;NOK;Norske kroner;SP;Spot;4;false;0;Enheter;C;ECB concertation tidspunkt 14:15 CET;2020-11-05;10,85
B;Virkedag;EUR;Euro;NOK;Norske kroner;SP;Spot;4;false;0;Enheter;C;ECB concertation tidspunkt 14:15 CET;2020-11-06;10,9203
B;Virkedag;EUR;Euro;NOK;Norske kroner;SP;Spot;4;false;0;Enheter;C;ECB concertation tidspunkt 14:15 CET;2020-11-09;10,7101
B;Virkedag;EUR;Euro;NOK;Norske kroner;SP;Spot;4;false;0;Enheter;C;ECB concertation tidspunkt 14:15 CET;2020-11-10;10,6618
B;Virkedag;EUR;Euro;NOK;Norske kroner;SP;Spot;4;false;0;Enheter;C;ECB concertation tidspunkt 14:15 CET;2020-11-11;10,6773
B;Virkedag;EUR;Euro;NOK;Norske kroner;SP;Spot;4;false;0;Enheter;C;ECB concertation tidspunkt 14:15 CET;2020-11-12;10,7658
B;Virkedag;EUR;Euro;NOK;Norske kroner;SP;Spot;4;false;0;Enheter;C;ECB concertation tidspunkt 14:15 CET;2020-11-13;10,8123
B;Virkedag;EUR;Euro;NOK;Norske kroner;SP;Spot;4;false;0;Enheter;C;ECB concertation tidspunkt 14:15 CET;2020-11-16;10,731
B;Virkedag;EUR;Euro;NOK;Norske kroner;SP;Spot;4;false;0;Enheter;C;ECB concertation tidspunkt 14:15 CET;2020-11-17;10,7683
B;Virkedag;EUR;Euro;NOK;Norske kroner;SP;Spot;4;false;0;Enheter;C;ECB concertation tidspunkt 14:15 CET;2020-11-18;10,7115
B;Virkedag;EUR;Euro;NOK;Norske kroner;SP;Spot;4;false;0;Enheter;C;ECB concertation tidspunkt 14:15 CET;2020-11-19;10,69
B;Virkedag;EUR;Euro;NOK;Norske kroner;SP;Spot;4;false;0;Enheter;C;ECB concertation tidspunkt 14:15 CET;2020-11-20;10,6613
B;Virkedag;EUR;Euro;NOK;Norske kroner;SP;Spot;4;false;0;Enheter;C;ECB concertation tidspunkt 14:15 CET;2020-11-23;10,6903
B;Virkedag;EUR;Euro;NOK;Norske kroner;SP;Spot;4;false;0;Enheter;C;ECB concertation tidspunkt 14:15 CET;2020-11-24;10,6768
B;Virkedag;EUR;Euro;NOK;Norske kroner;SP;Spot;4;false;0;Enheter;C;ECB concertation tidspunkt 14:15 CET;2020-11-25;10,5488
B;Virkedag;EUR;Euro;NOK;Norske kroner;SP;Spot;4;false;0;Enheter;C;ECB concertation tidspunkt 14:15 CET;2020-11-26;10,5705
B;Virkedag;EUR;Euro;NOK;Norske kroner;SP;Spot;4;false;0;Enheter;C;ECB concertation tidspunkt 14:15 CET;2020-11-27;10,563
B;Virkedag;EUR;Euro;NOK;Norske kroner;SP;Spot;4;false;0;Enheter;C;ECB concertation tidspunkt 14:15 CET;2020-11-30;10,561
B;Virkedag;EUR;Euro;NOK;Norske kroner;SP;Spot;4;false;0;Enheter;C;ECB concertation tidspunkt 14:15 CET;2020-12-01;10,6028
B;Virkedag;EUR;Euro;NOK;Norske kroner;SP;Spot;4;false;0;Enheter;C;ECB concertation tidspunkt 14:15 CET;2020-12-02;10,7003
B;Virkedag;EUR;Euro;NOK;Norske kroner;SP;Spot;4;false;0;Enheter;C;ECB concertation tidspunkt 14:15 CET;2020-12-03;10,707
B;Virkedag;EUR;Euro;NOK;Norske kroner;SP;Spot;4;false;0;Enheter;C;ECB concertation tidspunkt 14:15 CET;2020-12-04;10,6598
B;Virkedag;EUR;Euro;NOK;Norske kroner;SP;Spot;4;false;0;Enheter;C;ECB concertation tidspunkt 14:15 CET;2020-12-07;10,6328
B;Virkedag;EUR;Euro;NOK;Norske kroner;SP;Spot;4;false;0;Enheter;C;ECB concertation tidspunkt 14:15 CET;2020-12-08;10,6283
B;Virkedag;EUR;Euro;NOK;Norske kroner;SP;Spot;4;false;0;Enheter;C;ECB concertation tidspunkt 14:15 CET;2020-12-09;10,5763
B;Virkedag;EUR;Euro;NOK;Norske kroner;SP;Spot;4;false;0;Enheter;C;ECB concertation tidspunkt 14:15 CET;2020-12-10;10,7
B;Virkedag;EUR;Euro;NOK;Norske kroner;SP;Spot;4;false;0;Enheter;C;ECB concertation tidspunkt 14:15 CET;2020-12-11;10,6968
B;Virkedag;EUR;Euro;NOK;Norske kroner;SP;Spot;4;false;0;Enheter;C;ECB concertation tidspunkt 14:15 CET;2020-12-14;10,5833
B;Virkedag;EUR;Euro;NOK;Norske kroner;SP;Spot;4;false;0;Enheter;C;ECB concertation tidspunkt 14:15 CET;2020-12-15;10,614
B;Virkedag;EUR;Euro;NOK;Norske kroner;SP;Spot;4;false;0;Enheter;C;ECB concertation tidspunkt 14:15 CET;2020-12-16;10,5788
B;Virkedag;EUR;Euro;NOK;Norske kroner;SP;Spot;4;false;0;Enheter;C;ECB concertation tidspunkt 14:15 CET;2020-12-17;10,5015
B;Virkedag;EUR;Euro;NOK;Norske kroner;SP;Spot;4;false;0;Enheter;C;ECB concertation tidspunkt 14:15 CET;2020-12-18;10,5163
B;Virkedag;EUR;Euro;NOK;Norske kroner;SP;Spot;4;false;0;Enheter;C;ECB concertation tidspunkt 14:15 CET;2020-12-21;10,6518
B;Virkedag;EUR;Euro;NOK;Norske kroner;SP;Spot;4;false;0;Enheter;C;ECB concertation tidspunkt 14:15 CET;2020-12-22;10,5938
B;Virkedag;EUR;Euro;NOK;Norske kroner;SP;Spot;4;false;0;Enheter;C;ECB concertation tidspunkt 14:15 CET;2020-12-23;10,6238
B;Virkedag;EUR;Euro;NOK;Norske kroner;SP;Spot;4;false;0;Enheter;C;ECB concertation tidspunkt 14:15 CET;2020-12-28;10,5713
B;Virkedag;EUR;Euro;NOK;Norske kroner;SP;Spot;4;false;0;Enheter;C;ECB concertation tidspunkt 14:15 CET;2020-12-29;10,55
B;Virkedag;EUR;Euro;NOK;Norske kroner;SP;Spot;4;false;0;Enheter;C;ECB concertation tidspunkt 14:15 CET;2020-12-30;10,547
B;Virkedag;EUR;Euro;NOK;Norske kroner;SP;Spot;4;false;0;Enheter;C;ECB concertation tidspunkt 14:15 CET;2020-12-31;10,4703
B;Virkedag;EUR;Euro;NOK;Norske kroner;SP;Spot;4;false;0;Enheter;C;ECB concertation tidspunkt 14:15 CET;2021-01-04;10,444
B;Virkedag;EUR;Euro;NOK;Norske kroner;SP;Spot;4;false;0;Enheter;C;ECB concertation tidspunkt 14:15 CET;2021-01-05;10,4713
B;Virkedag;EUR;Euro;NOK;Norske kroner;SP;Spot;4;false;0;Enheter;C;ECB concertation tidspunkt 14:15 CET;2021-01-06;10,381
B;Virkedag;EUR;Euro;NOK;Norske kroner;SP;Spot;4;false;0;Enheter;C;ECB concertation tidspunkt 14:15 CET;2021-01-07;10,3435
B;Virkedag;EUR;Euro;NOK;Norske kroner;SP;Spot;4;false;0;Enheter;C;ECB concertation tidspunkt 14:15 CET;2021-01-08;10,2863
B;Virkedag;EUR;Euro;NOK;Norske kroner;SP;Spot;4;false;0;Enheter;C;ECB concertation tidspunkt 14:15 CET;2021-01-11;10,368
B;Virkedag;EUR;Euro;NOK;Norske kroner;SP;Spot;4;false;0;Enheter;C;ECB concertation tidspunkt 14:15 CET;2021-01-12;10,3765
B;Virkedag;EUR;Euro;NOK;Norske kroner;SP;Spot;4;false;0;Enheter;C;ECB concertation tidspunkt 14:15 CET;2021-01-13;10,339
B;Virkedag;EUR;Euro;NOK;Norske kroner;SP;Spot;4;false;0;Enheter;C;ECB concertation tidspunkt 14:15 CET;2021-01-14;10,3108
B;Virkedag;EUR;Euro;NOK;Norske kroner;SP;Spot;4;false;0;Enheter;C;ECB concertation tidspunkt 14:15 CET;2021-01-15;10,3135
B;Virkedag;EUR;Euro;NOK;Norske kroner;SP;Spot;4;false;0;Enheter;C;ECB concertation tidspunkt 14:15 CET;2021-01-18;10,3858
B;Virkedag;EUR;Euro;NOK;Norske kroner;SP;Spot;4;false;0;Enheter;C;ECB concertation tidspunkt 14:15 CET;2021-01-19;10,3423
B;Virkedag;EUR;Euro;NOK;Norske kroner;SP;Spot;4;false;0;Enheter;C;ECB concertation tidspunkt 14:15 CET;2021-01-20;10,323
B;Virkedag;EUR;Euro;NOK;Norske kroner;SP;Spot;4;false;0;Enheter;C;ECB concertation tidspunkt 14:15 CET;2021-01-21;10,2513
B;Virkedag;EUR;Euro;NOK;Norske kroner;SP;Spot;4;false;0;Enheter;C;ECB concertation tidspunkt 14:15 CET;2021-01-22;10,3308
B;Virkedag;EUR;Euro;NOK;Norske kroner;SP;Spot;4;false;0;Enheter;C;ECB concertation tidspunkt 14:15 CET;2021-01-25;10,3478
B;Virkedag;EUR;Euro;NOK;Norske kroner;SP;Spot;4;false;0;Enheter;C;ECB concertation tidspunkt 14:15 CET;2021-01-26;10,3873
B;Virkedag;EUR;Euro;NOK;Norske kroner;SP;Spot;4;false;0;Enheter;C;ECB concertation tidspunkt 14:15 CET;2021-01-27;10,4555
B;Virkedag;EUR;Euro;NOK;Norske kroner;SP;Spot;4;false;0;Enheter;C;ECB concertation tidspunkt 14:15 CET;2021-01-28;10,5205
B;Virkedag;EUR;Euro;NOK;Norske kroner;SP;Spot;4;false;0;Enheter;C;ECB concertation tidspunkt 14:15 CET;2021-01-29;10,343
B;Virkedag;EUR;Euro;NOK;Norske kroner;SP;Spot;4;false;0;Enheter;C;ECB concertation tidspunkt 14:15 CET;2021-02-01;10,389
B;Virkedag;EUR;Euro;NOK;Norske kroner;SP;Spot;4;false;0;Enheter;C;ECB concertation tidspunkt 14:15 CET;2021-02-02;10,3463
B;Virkedag;EUR;Euro;NOK;Norske kroner;SP;Spot;4;false;0;Enheter;C;ECB concertation tidspunkt 14:15 CET;2021-02-03;10,354
B;Virkedag;EUR;Euro;NOK;Norske kroner;SP;Spot;4;false;0;Enheter;C;ECB concertation tidspunkt 14:15 CET;2021-02-04;10,338
B;Virkedag;EUR;Euro;NOK;Norske kroner;SP;Spot;4;false;0;Enheter;C;ECB concertation tidspunkt 14:15 CET;2021-02-05;10,3068
B;Virkedag;EUR;Euro;NOK;Norske kroner;SP;Spot;4;false;0;Enheter;C;ECB concertation tidspunkt 14:15 CET;2021-02-08;10,2725
B;Virkedag;EUR;Euro;NOK;Norske kroner;SP;Spot;4;false;0;Enheter;C;ECB concertation tidspunkt 14:15 CET;2021-02-09;10,2588
B;Virkedag;EUR;Euro;NOK;Norske kroner;SP;Spot;4;false;0;Enheter;C;ECB concertation tidspunkt 14:15 CET;2021-02-10;10,228
B;Virkedag;EUR;Euro;NOK;Norske kroner;SP;Spot;4;false;0;Enheter;C;ECB concertation tidspunkt 14:15 CET;2021-02-11;10,2595
B;Virkedag;EUR;Euro;NOK;Norske kroner;SP;Spot;4;false;0;Enheter;C;ECB concertation tidspunkt 14:15 CET;2021-02-12;10,285
B;Virkedag;EUR;Euro;NOK;Norske kroner;SP;Spot;4;false;0;Enheter;C;ECB concertation tidspunkt 14:15 CET;2021-02-15;10,1963
B;Virkedag;EUR;Euro;NOK;Norske kroner;SP;Spot;4;false;0;Enheter;C;ECB concertation tidspunkt 14:15 CET;2021-02-16;10,1938
B;Virkedag;EUR;Euro;NOK;Norske kroner;SP;Spot;4;false;0;Enheter;C;ECB concertation tidspunkt 14:15 CET;2021-02-17;10,2113
B;Virkedag;EUR;Euro;NOK;Norske kroner;SP;Spot;4;false;0;Enheter;C;ECB concertation tidspunkt 14:15 CET;2021-02-18;10,2178
B;Virkedag;EUR;Euro;NOK;Norske kroner;SP;Spot;4;false;0;Enheter;C;ECB concertation tidspunkt 14:15 CET;2021-02-19;10,2095
B;Virkedag;EUR;Euro;NOK;Norske kroner;SP;Spot;4;false;0;Enheter;C;ECB concertation tidspunkt 14:15 CET;2021-02-22;10,3185
B;Virkedag;EUR;Euro;NOK;Norske kroner;SP;Spot;4;false;0;Enheter;C;ECB concertation tidspunkt 14:15 CET;2021-02-23;10,319
B;Virkedag;EUR;Euro;NOK;Norske kroner;SP;Spot;4;false;0;Enheter;C;ECB concertation tidspunkt 14:15 CET;2021-02-24;10,2483
B;Virkedag;EUR;Euro;NOK;Norske kroner;SP;Spot;4;false;0;Enheter;C;ECB concertation tidspunkt 14:15 CET;2021-02-25;10,2275
B;Virkedag;EUR;Euro;NOK;Norske kroner;SP;Spot;4;false;0;Enheter;C;ECB concertation tidspunkt 14:15 CET;2021-02-26;10,4012
B;Virkedag;EUR;Euro;NOK;Norske kroner;SP;Spot;4;false;0;Enheter;C;ECB concertation tidspunkt 14:15 CET;2021-03-01;10,36
B;Virkedag;EUR;Euro;NOK;Norske kroner;SP;Spot;4;false;0;Enheter;C;ECB concertation tidspunkt 14:15 CET;2021-03-02;10,2555
B;Virkedag;EUR;Euro;NOK;Norske kroner;SP;Spot;4;false;0;Enheter;C;ECB concertation tidspunkt 14:15 CET;2021-03-03;10,2451
B;Virkedag;EUR;Euro;NOK;Norske kroner;SP;Spot;4;false;0;Enheter;C;ECB concertation tidspunkt 14:15 CET;2021-03-04;10,2595
B;Virkedag;EUR;Euro;NOK;Norske kroner;SP;Spot;4;false;0;Enheter;C;ECB concertation tidspunkt 14:15 CET;2021-03-05;10,211
B;Virkedag;EUR;Euro;NOK;Norske kroner;SP;Spot;4;false;0;Enheter;C;ECB concertation tidspunkt 14:15 CET;2021-03-08;10,1785
B;Virkedag;EUR;Euro;NOK;Norske kroner;SP;Spot;4;false;0;Enheter;C;ECB concertation tidspunkt 14:15 CET;2021-03-09;10,0838
B;Virkedag;EUR;Euro;NOK;Norske kroner;SP;Spot;4;false;0;Enheter;C;ECB concertation tidspunkt 14:15 CET;2021-03-10;10,0813
B;Virkedag;EUR;Euro;NOK;Norske kroner;SP;Spot;4;false;0;Enheter;C;ECB concertation tidspunkt 14:15 CET;2021-03-11;10,091
B;Virkedag;EUR;Euro;NOK;Norske kroner;SP;Spot;4;false;0;Enheter;C;ECB concertation tidspunkt 14:15 CET;2021-03-12;10,0863
B;Virkedag;EUR;Euro;NOK;Norske kroner;SP;Spot;4;false;0;Enheter;C;ECB concertation tidspunkt 14:15 CET;2021-03-15;10,0988
B;Virkedag;EUR;Euro;NOK;Norske kroner;SP;Spot;4;false;0;Enheter;C;ECB concertation tidspunkt 14:15 CET;2021-03-16;10,1028
B;Virkedag;EUR;Euro;NOK;Norske kroner;SP;Spot;4;false;0;Enheter;C;ECB concertation tidspunkt 14:15 CET;2021-03-17;10,1213
B;Virkedag;EUR;Euro;NOK;Norske kroner;SP;Spot;4;false;0;Enheter;C;ECB concertation tidspunkt 14:15 CET;2021-03-18;10,1058
B;Virkedag;EUR;Euro;NOK;Norske kroner;SP;Spot;4;false;0;Enheter;C;ECB concertation tidspunkt 14:15 CET;2021-03-19;10,2018
B;Virkedag;EUR;Euro;NOK;Norske kroner;SP;Spot;4;false;0;Enheter;C;ECB concertation tidspunkt 14:15 CET;2021-03-22;10,1393
B;Virkedag;EUR;Euro;NOK;Norske kroner;SP;Spot;4;false;0;Enheter;C;ECB concertation tidspunkt 14:15 CET;2021-03-23;10,1783
B;Virkedag;EUR;Euro;NOK;Norske kroner;SP;Spot;4;false;0;Enheter;C;ECB concertation tidspunkt 14:15 CET;2021-03-24;10,1563
B;Virkedag;EUR;Euro;NOK;Norske kroner;SP;Spot;4;false;0;Enheter;C;ECB concertation tidspunkt 14:15 CET;2021-03-25;10,1653
B;Virkedag;EUR;Euro;NOK;Norske kroner;SP;Spot;4;false;0;Enheter;C;ECB concertation tidspunkt 14:15 CET;2021-03-26;10,1258
B;Virkedag;EUR;Euro;NOK;Norske kroner;SP;Spot;4;false;0;Enheter;C;ECB concertation tidspunkt 14:15 CET;2021-03-29;10,0738
B;Virkedag;EUR;Euro;NOK;Norske kroner;SP;Spot;4;false;0;Enheter;C;ECB concertation tidspunkt 14:15 CET;2021-03-30;10,0613
B;Virkedag;EUR;Euro;NOK;Norske kroner;SP;Spot;4;false;0;Enheter;C;ECB concertation tidspunkt 14:15 CET;2021-03-31;9,9955
B;Virkedag;EUR;Euro;NOK;Norske kroner;SP;Spot;4;false;0;Enheter;C;ECB concertation tidspunkt 14:15 CET;2021-04-06;10,0768
B;Virkedag;EUR;Euro;NOK;Norske kroner;SP;Spot;4;false;0;Enheter;C;ECB concertation tidspunkt 14:15 CET;2021-04-07;10,0535
B;Virkedag;EUR;Euro;NOK;Norske kroner;SP;Spot;4;false;0;Enheter;C;ECB concertation tidspunkt 14:15 CET;2021-04-08;10,078
B;Virkedag;EUR;Euro;NOK;Norske kroner;SP;Spot;4;false;0;Enheter;C;ECB concertation tidspunkt 14:15 CET;2021-04-09;10,113
B;Virkedag;EUR;Euro;NOK;Norske kroner;SP;Spot;4;false;0;Enheter;C;ECB concertation tidspunkt 14:15 CET;2021-04-12;10,094
B;Virkedag;EUR;Euro;NOK;Norske kroner;SP;Spot;4;false;0;Enheter;C;ECB concertation tidspunkt 14:15 CET;2021-04-13;10,1675
B;Virkedag;EUR;Euro;NOK;Norske kroner;SP;Spot;4;false;0;Enheter;C;ECB concertation tidspunkt 14:15 CET;2021-04-14;10,0745
B;Virkedag;EUR;Euro;NOK;Norske kroner;SP;Spot;4;false;0;Enheter;C;ECB concertation tidspunkt 14:15 CET;2021-04-15;10,0433
B;Virkedag;EUR;Euro;NOK;Norske kroner;SP;Spot;4;false;0;Enheter;C;ECB concertation tidspunkt 14:15 CET;2021-04-16;10,018
B;Virkedag;EUR;Euro;NOK;Norske kroner;SP;Spot;4;false;0;Enheter;C;ECB concertation tidspunkt 14:15 CET;2021-04-19;9,9733
B;Virkedag;EUR;Euro;NOK;Norske kroner;SP;Spot;4;false;0;Enheter;C;ECB concertation tidspunkt 14:15 CET;2021-04-20;9,9965
B;Virkedag;EUR;Euro;NOK;Norske kroner;SP;Spot;4;false;0;Enheter;C;ECB concertation tidspunkt 14:15 CET;2021-04-21;10,0423
B;Virkedag;EUR;Euro;NOK;Norske kroner;SP;Spot;4;false;0;Enheter;C;ECB concertation tidspunkt 14:15 CET;2021-04-22;10,0475
B;Virkedag;EUR;Euro;NOK;Norske kroner;SP;Spot;4;false;0;Enheter;C;ECB concertation tidspunkt 14:15 CET;2021-04-23;10,043
B;Virkedag;EUR;Euro;NOK;Norske kroner;SP;Spot;4;false;0;Enheter;C;ECB concertation tidspunkt 14:15 CET;2021-04-26;10,0358
B;Virkedag;EUR;Euro;NOK;Norske kroner;SP;Spot;4;false;0;Enheter;C;ECB concertation tidspunkt 14:15 CET;2021-04-27;10,0073
B;Virkedag;EUR;Euro;NOK;Norske kroner;SP;Spot;4;false;0;Enheter;C;ECB concertation tidspunkt 14:15 CET;2021-04-28;9,9795
B;Virkedag;EUR;Euro;NOK;Norske kroner;SP;Spot;4;false;0;Enheter;C;ECB concertation tidspunkt 14:15 CET;2021-04-29;9,9145
B;Virkedag;EUR;Euro;NOK;Norske kroner;SP;Spot;4;false;0;Enheter;C;ECB concertation tidspunkt 14:15 CET;2021-04-30;9,9533
B;Virkedag;EUR;Euro;NOK;Norske kroner;SP;Spot;4;false;0;Enheter;C;ECB concertation tidspunkt 14:15 CET;2021-05-03;10,016
B;Virkedag;EUR;Euro;NOK;Norske kroner;SP;Spot;4;false;0;Enheter;C;ECB concertation tidspunkt 14:15 CET;2021-05-04;10,0123
B;Virkedag;EUR;Euro;NOK;Norske kroner;SP;Spot;4;false;0;Enheter;C;ECB concertation tidspunkt 14:15 CET;2021-05-05;9,9848
B;Virkedag;EUR;Euro;NOK;Norske kroner;SP;Spot;4;false;0;Enheter;C;ECB concertation tidspunkt 14:15 CET;2021-05-06;10,0558
B;Virkedag;EUR;Euro;NOK;Norske kroner;SP;Spot;4;false;0;Enheter;C;ECB concertation tidspunkt 14:15 CET;2021-05-07;10,0125
B;Virkedag;EUR;Euro;NOK;Norske kroner;SP;Spot;4;false;0;Enheter;C;ECB concertation tidspunkt 14:15 CET;2021-05-10;10,0008
B;Virkedag;EUR;Euro;NOK;Norske kroner;SP;Spot;4;false;0;Enheter;C;ECB concertation tidspunkt 14:15 CET;2021-05-11;10,032
B;Virkedag;EUR;Euro;NOK;Norske kroner;SP;Spot;4;false;0;Enheter;C;ECB concertation tidspunkt 14:15 CET;2021-05-12;10,0263
B;Virkedag;EUR;Euro;NOK;Norske kroner;SP;Spot;4;false;0;Enheter;C;ECB concertation tidspunkt 14:15 CET;2021-05-14;10,0074
B;Virkedag;EUR;Euro;NOK;Norske kroner;SP;Spot;4;false;0;Enheter;C;ECB concertation tidspunkt 14:15 CET;2021-05-18;10,0125
B;Virkedag;EUR;Euro;NOK;Norske kroner;SP;Spot;4;false;0;Enheter;C;ECB concertation tidspunkt 14:15 CET;2021-05-19;10,1058
B;Virkedag;EUR;Euro;NOK;Norske kroner;SP;Spot;4;false;0;Enheter;C;ECB concertation tidspunkt 14:15 CET;2021-05-20;10,1775
B;Virkedag;EUR;Euro;NOK;Norske kroner;SP;Spot;4;false;0;Enheter;C;ECB concertation tidspunkt 14:15 CET;2021-05-21;10,142
B;Virkedag;EUR;Euro;NOK;Norske kroner;SP;Spot;4;false;0;Enheter;C;ECB concertation tidspunkt 14:15 CET;2021-05-25;10,1965
B;Virkedag;EUR;Euro;NOK;Norske kroner;SP;Spot;4;false;0;Enheter;C;ECB concertation tidspunkt 14:15 CET;2021-05-26;10,178
B;Virkedag;EUR;Euro;NOK;Norske kroner;SP;Spot;4;false;0;Enheter;C;ECB concertation tidspunkt 14:15 CET;2021-05-27;10,1953
B;Virkedag;EUR;Euro;NOK;Norske kroner;SP;Spot;4;false;0;Enheter;C;ECB concertation tidspunkt 14:15 CET;2021-05-28;10,179
B;Virkedag;EUR;Euro;NOK;Norske kroner;SP;Spot;4;false;0;Enheter;C;ECB concertation tidspunkt 14:15 CET;2021-05-31;10,2183
B;Virkedag;EUR;Euro;NOK;Norske kroner;SP;Spot;4;false;0;Enheter;C;ECB concertation tidspunkt 14:15 CET;2021-06-01;10,1113
B;Virkedag;EUR;Euro;NOK;Norske kroner;SP;Spot;4;false;0;Enheter;C;ECB concertation tidspunkt 14:15 CET;2021-06-02;10,1393
B;Virkedag;EUR;Euro;NOK;Norske kroner;SP;Spot;4;false;0;Enheter;C;ECB concertation tidspunkt 14:15 CET;2021-06-03;10,1501
B;Virkedag;EUR;Euro;NOK;Norske kroner;SP;Spot;4;false;0;Enheter;C;ECB concertation tidspunkt 14:15 CET;2021-06-04;10,156
B;Virkedag;EUR;Euro;NOK;Norske kroner;SP;Spot;4;false;0;Enheter;C;ECB concertation tidspunkt 14:15 CET;2021-06-07;10,0483
B;Virkedag;EUR;Euro;NOK;Norske kroner;SP;Spot;4;false;0;Enheter;C;ECB concertation tidspunkt 14:15 CET;2021-06-08;10,048
B;Virkedag;EUR;Euro;NOK;Norske kroner;SP;Spot;4;false;0;Enheter;C;ECB concertation tidspunkt 14:15 CET;2021-06-09;10,0518
B;Virkedag;EUR;Euro;NOK;Norske kroner;SP;Spot;4;false;0;Enheter;C;ECB concertation tidspunkt 14:15 CET;2021-06-10;10,1118
B;Virkedag;EUR;Euro;NOK;Norske kroner;SP;Spot;4;false;0;Enheter;C;ECB concertation tidspunkt 14:15 CET;2021-06-11;10,0828
B;Virkedag;EUR;Euro;NOK;Norske kroner;SP;Spot;4;false;0;Enheter;C;ECB concertation tidspunkt 14:15 CET;2021-06-14;10,0828
B;Virkedag;EUR;Euro;NOK;Norske kroner;SP;Spot;4;false;0;Enheter;C;ECB concertation tidspunkt 14:15 CET;2021-06-15;10,0823
B;Virkedag;EUR;Euro;NOK;Norske kroner;SP;Spot;4;false;0;Enheter;C;ECB concertation tidspunkt 14:15 CET;2021-06-16;10,1208
B;Virkedag;EUR;Euro;NOK;Norske kroner;SP;Spot;4;false;0;Enheter;C;ECB concertation tidspunkt 14:15 CET;2021-06-17;10,1973
B;Virkedag;EUR;Euro;NOK;Norske kroner;SP;Spot;4;false;0;Enheter;C;ECB concertation tidspunkt 14:15 CET;2021-06-18;10,2868
B;Virkedag;EUR;Euro;NOK;Norske kroner;SP;Spot;4;false;0;Enheter;C;ECB concertation tidspunkt 14:15 CET;2021-06-21;10,2673
B;Virkedag;EUR;Euro;NOK;Norske kroner;SP;Spot;4;false;0;Enheter;C;ECB concertation tidspunkt 14:15 CET;2021-06-22;10,2198
B;Virkedag;EUR;Euro;NOK;Norske kroner;SP;Spot;4;false;0;Enheter;C;ECB concertation tidspunkt 14:15 CET;2021-06-23;10,1725
B;Virkedag;EUR;Euro;NOK;Norske kroner;SP;Spot;4;false;0;Enheter;C;ECB concertation tidspunkt 14:15 CET;2021-06-24;10,174
B;Virkedag;EUR;Euro;NOK;Norske kroner;SP;Spot;4;false;0;Enheter;C;ECB concertation tidspunkt 14:15 CET;2021-06-25;10,136
B;Virkedag;EUR;Euro;NOK;Norske kroner;SP;Spot;4;false;0;Enheter;C;ECB concertation tidspunkt 14:15 CET;2021-06-28;10,1763
B;Virkedag;EUR;Euro;NOK;Norske kroner;SP;Spot;4;false;0;Enheter;C;ECB concertation tidspunkt 14:15 CET;2021-06-29;10,1893
B;Virkedag;EUR;Euro;NOK;Norske kroner;SP;Spot;4;false;0;Enheter;C;ECB concertation tidspunkt 14:15 CET;2021-06-30;10,1717
B;Virkedag;EUR;Euro;NOK;Norske kroner;SP;Spot;4;false;0;Enheter;C;ECB concertation tidspunkt 14:15 CET;2021-07-01;10,2105
B;Virkedag;EUR;Euro;NOK;Norske kroner;SP;Spot;4;false;0;Enheter;C;ECB concertation tidspunkt 14:15 CET;2021-07-02;10,2375
B;Virkedag;EUR;Euro;NOK;Norske kroner;SP;Spot;4;false;0;Enheter;C;ECB concertation tidspunkt 14:15 CET;2021-07-05;10,1778
B;Virkedag;EUR;Euro;NOK;Norske kroner;SP;Spot;4;false;0;Enheter;C;ECB concertation tidspunkt 14:15 CET;2021-07-06;10,215
B;Virkedag;EUR;Euro;NOK;Norske kroner;SP;Spot;4;false;0;Enheter;C;ECB concertation tidspunkt 14:15 CET;2021-07-07;10,2475
B;Virkedag;EUR;Euro;NOK;Norske kroner;SP;Spot;4;false;0;Enheter;C;ECB concertation tidspunkt 14:15 CET;2021-07-08;10,4138
B;Virkedag;EUR;Euro;NOK;Norske kroner;SP;Spot;4;false;0;Enheter;C;ECB concertation tidspunkt 14:15 CET;2021-07-09;10,3355
B;Virkedag;EUR;Euro;NOK;Norske kroner;SP;Spot;4;false;0;Enheter;C;ECB concertation tidspunkt 14:15 CET;2021-07-12;10,328
B;Virkedag;EUR;Euro;NOK;Norske kroner;SP;Spot;4;false;0;Enheter;C;ECB concertation tidspunkt 14:15 CET;2021-07-13;10,3085
B;Virkedag;EUR;Euro;NOK;Norske kroner;SP;Spot;4;false;0;Enheter;C;ECB concertation tidspunkt 14:15 CET;2021-07-14;10,332
B;Virkedag;EUR;Euro;NOK;Norske kroner;SP;Spot;4;false;0;Enheter;C;ECB concertation tidspunkt 14:15 CET;2021-07-15;10,3803
B;Virkedag;EUR;Euro;NOK;Norske kroner;SP;Spot;4;false;0;Enheter;C;ECB concertation tidspunkt 14:15 CET;2021-07-16;10,3878
B;Virkedag;EUR;Euro;NOK;Norske kroner;SP;Spot;4;false;0;Enheter;C;ECB concertation tidspunkt 14:15 CET;2021-07-19;10,538
B;Virkedag;EUR;Euro;NOK;Norske kroner;SP;Spot;4;false;0;Enheter;C;ECB concertation tidspunkt 14:15 CET;2021-07-20;10,617
B;Virkedag;EUR;Euro;NOK;Norske kroner;SP;Spot;4;false;0;Enheter;C;ECB concertation tidspunkt 14:15 CET;2021-07-21;10,5808
B;Virkedag;EUR;Euro;NOK;Norske kroner;SP;Spot;4;false;0;Enheter;C;ECB concertation tidspunkt 14:15 CET;2021-07-22;10,3795
B;Virkedag;EUR;Euro;NOK;Norske kroner;SP;Spot;4;false;0;Enheter;C;ECB concertation tidspunkt 14:15 CET;2021-07-23;10,4065
B;Virkedag;EUR;Euro;NOK;Norske kroner;SP;Spot;4;false;0;Enheter;C;ECB concertation tidspunkt 14:15 CET;2021-07-26;10,427
B;Virkedag;EUR;Euro;NOK;Norske kroner;SP;Spot;4;false;0;Enheter;C;ECB concertation tidspunkt 14:15 CET;2021-07-27;10,4423
B;Virkedag;EUR;Euro;NOK;Norske kroner;SP;Spot;4;false;0;Enheter;C;ECB concertation tidspunkt 14:15 CET;2021-07-28;10,4828
B;Virkedag;EUR;Euro;NOK;Norske kroner;SP;Spot;4;false;0;Enheter;C;ECB concertation tidspunkt 14:15 CET;2021-07-29;10,3993
B;Virkedag;EUR;Euro;NOK;Norske kroner;SP;Spot;4;false;0;Enheter;C;ECB concertation tidspunkt 14:15 CET;2021-07-30;10,4405
B;Virkedag;EUR;Euro;NOK;Norske kroner;SP;Spot;4;false;0;Enheter;C;ECB concertation tidspunkt 14:15 CET;2021-08-02;10,4515
B;Virkedag;EUR;Euro;NOK;Norske kroner;SP;Spot;4;false;0;Enheter;C;ECB concertation tidspunkt 14:15 CET;2021-08-03;10,4343
B;Virkedag;EUR;Euro;NOK;Norske kroner;SP;Spot;4;false;0;Enheter;C;ECB concertation tidspunkt 14:15 CET;2021-08-04;10,455
B;Virkedag;EUR;Euro;NOK;Norske kroner;SP;Spot;4;false;0;Enheter;C;ECB concertation tidspunkt 14:15 CET;2021-08-05;10,441
B;Virkedag;EUR;Euro;NOK;Norske kroner;SP;Spot;4;false;0;Enheter;C;ECB concertation tidspunkt 14:15 CET;2021-08-06;10,423
B;Virkedag;EUR;Euro;NOK;Norske kroner;SP;Spot;4;false;0;Enheter;C;ECB concertation tidspunkt 14:15 CET;2021-08-09;10,4885
B;Virkedag;EUR;Euro;NOK;Norske kroner;SP;Spot;4;false;0;Enheter;C;ECB concertation tidspunkt 14:15 CET;2021-08-10;10,468
B;Virkedag;EUR;Euro;NOK;Norske kroner;SP;Spot;4;false;0;Enheter;C;ECB concertation tidspunkt 14:15 CET;2021-08-11;10,4548
B;Virkedag;EUR;Euro;NOK;Norske kroner;SP;Spot;4;false;0;Enheter;C;ECB concertation tidspunkt 14:15 CET;2021-08-12;10,3755
B;Virkedag;EUR;Euro;NOK;Norske kroner;SP;Spot;4;false;0;Enheter;C;ECB concertation tidspunkt 14:15 CET;2021-08-13;10,3753
B;Virkedag;EUR;Euro;NOK;Norske kroner;SP;Spot;4;false;0;Enheter;C;ECB concertation tidspunkt 14:15 CET;2021-08-16;10,4048
B;Virkedag;EUR;Euro;NOK;Norske kroner;SP;Spot;4;false;0;Enheter;C;ECB concertation tidspunkt 14:15 CET;2021-08-17;10,3983
B;Virkedag;EUR;Euro;NOK;Norske kroner;SP;Spot;4;false;0;Enheter;C;ECB concertation tidspunkt 14:15 CET;2021-08-18;10,422
B;Virkedag;EUR;Euro;NOK;Norske kroner;SP;Spot;4;false;0;Enheter;C;ECB concertation tidspunkt 14:15 CET;2021-08-19;10,545
B;Virkedag;EUR;Euro;NOK;Norske kroner;SP;Spot;4;false;0;Enheter;C;ECB concertation tidspunkt 14:15 CET;2021-08-20;10,6
B;Virkedag;EUR;Euro;NOK;Norske kroner;SP;Spot;4;false;0;Enheter;C;ECB concertation tidspunkt 14:15 CET;2021-08-23;10,487
B;Virkedag;EUR;Euro;NOK;Norske kroner;SP;Spot;4;false;0;Enheter;C;ECB concertation tidspunkt 14:15 CET;2021-08-24;10,4003
B;Virkedag;EUR;Euro;NOK;Norske kroner;SP;Spot;4;false;0;Enheter;C;ECB concertation tidspunkt 14:15 CET;2021-08-25;10,3863
B;Virkedag;EUR;Euro;NOK;Norske kroner;SP;Spot;4;false;0;Enheter;C;ECB concertation tidspunkt 14:15 CET;2021-08-26;10,3615
B;Virkedag;EUR;Euro;NOK;Norske kroner;SP;Spot;4;false;0;Enheter;C;ECB concertation tidspunkt 14:15 CET;2021-08-27;10,3575
B;Virkedag;EUR;Euro;NOK;Norske kroner;SP;Spot;4;false;0;Enheter;C;ECB concertation tidspunkt 14:15 CET;2021-08-30;10,2395
B;Virkedag;EUR;Euro;NOK;Norske kroner;SP;Spot;4;false;0;Enheter;C;ECB concertation tidspunkt 14:15 CET;2021-08-31;10,26
B;Virkedag;EUR;Euro;NOK;Norske kroner;SP;Spot;4;false;0;Enheter;C;ECB concertation tidspunkt 14:15 CET;2021-09-01;10,2633
B;Virkedag;EUR;Euro;NOK;Norske kroner;SP;Spot;4;false;0;Enheter;C;ECB concertation tidspunkt 14:15 CET;2021-09-02;10,2938
B;Virkedag;EUR;Euro;NOK;Norske kroner;SP;Spot;4;false;0;Enheter;C;ECB concertation tidspunkt 14:15 CET;2021-09-03;10,2738
B;Virkedag;EUR;Euro;NOK;Norske kroner;SP;Spot;4;false;0;Enheter;C;ECB concertation tidspunkt 14:15 CET;2021-09-06;10,2728
B;Virkedag;EUR;Euro;NOK;Norske kroner;SP;Spot;4;false;0;Enheter;C;ECB concertation tidspunkt 14:15 CET;2021-09-07;10,299
B;Virkedag;EUR;Euro;NOK;Norske kroner;SP;Spot;4;false;0;Enheter;C;ECB concertation tidspunkt 14:15 CET;2021-09-08;10,265
B;Virkedag;EUR;Euro;NOK;Norske kroner;SP;Spot;4;false;0;Enheter;C;ECB concertation tidspunkt 14:15 CET;2021-09-09;10,2648
B;Virkedag;EUR;Euro;NOK;Norske kroner;SP;Spot;4;false;0;Enheter;C;ECB concertation tidspunkt 14:15 CET;2021-09-10;10,2028
B;Virkedag;EUR;Euro;NOK;Norske kroner;SP;Spot;4;false;0;Enheter;C;ECB concertation tidspunkt 14:15 CET;2021-09-13;10,1885
B;Virkedag;EUR;Euro;NOK;Norske kroner;SP;Spot;4;false;0;Enheter;C;ECB concertation tidspunkt 14:15 CET;2021-09-14;10,1745
B;Virkedag;EUR;Euro;NOK;Norske kroner;SP;Spot;4;false;0;Enheter;C;ECB concertation tidspunkt 14:15 CET;2021-09-15;10,1418
B;Virkedag;EUR;Euro;NOK;Norske kroner;SP;Spot;4;false;0;Enheter;C;ECB concertation tidspunkt 14:15 CET;2021-09-16;10,1293
B;Virkedag;EUR;Euro;NOK;Norske kroner;SP;Spot;4;false;0;Enheter;C;ECB concertation tidspunkt 14:15 CET;2021-09-17;10,1208
B;Virkedag;EUR;Euro;NOK;Norske kroner;SP;Spot;4;false;0;Enheter;C;ECB concertation tidspunkt 14:15 CET;2021-09-20;10,243
B;Virkedag;EUR;Euro;NOK;Norske kroner;SP;Spot;4;false;0;Enheter;C;ECB concertation tidspunkt 14:15 CET;2021-09-21;10,1828
B;Virkedag;EUR;Euro;NOK;Norske kroner;SP;Spot;4;false;0;Enheter;C;ECB concertation tidspunkt 14:15 CET;2021-09-22;10,1268
B;Virkedag;EUR;Euro;NOK;Norske kroner;SP;Spot;4;false;0;Enheter;C;ECB concertation tidspunkt 14:15 CET;2021-09-23;10,086
B;Virkedag;EUR;Euro;NOK;Norske kroner;SP;Spot;4;false;0;Enheter;C;ECB concertation tidspunkt 14:15 CET;2021-09-24;10,089
B;Virkedag;EUR;Euro;NOK;Norske kroner;SP;Spot;4;false;0;Enheter;C;ECB concertation tidspunkt 14:15 CET;2021-09-27;10,0655
B;Virkedag;EUR;Euro;NOK;Norske kroner;SP;Spot;4;false;0;Enheter;C;ECB concertation tidspunkt 14:15 CET;2021-09-28;10,102
B;Virkedag;EUR;Euro;NOK;Norske kroner;SP;Spot;4;false;0;Enheter;C;ECB concertation tidspunkt 14:15 CET;2021-09-29;10,143
B;Virkedag;EUR;Euro;NOK;Norske kroner;SP;Spot;4;false;0;Enheter;C;ECB concertation tidspunkt 14:15 CET;2021-09-30;10,165
B;Virkedag;EUR;Euro;NOK;Norske kroner;SP;Spot;4;false;0;Enheter;C;ECB concertation tidspunkt 14:15 CET;2021-10-01;10,0204
B;Virkedag;EUR;Euro;NOK;Norske kroner;SP;Spot;4;false;0;Enheter;C;ECB concertation tidspunkt 14:15 CET;2021-10-04;9,977
B;Virkedag;EUR;Euro;NOK;Norske kroner;SP;Spot;4;false;0;Enheter;C;ECB concertation tidspunkt 14:15 CET;2021-10-05;9,9155
B;Virkedag;EUR;Euro;NOK;Norske kroner;SP;Spot;4;false;0;Enheter;C;ECB concertation tidspunkt 14:15 CET;2021-10-06;9,923
B;Virkedag;EUR;Euro;NOK;Norske kroner;SP;Spot;4;false;0;Enheter;C;ECB concertation tidspunkt 14:15 CET;2021-10-07;9,9388
B;Virkedag;EUR;Euro;NOK;Norske kroner;SP;Spot;4;false;0;Enheter;C;ECB concertation tidspunkt 14:15 CET;2021-10-08;9,8855
B;Virkedag;EUR;Euro;NOK;Norske kroner;SP;Spot;4;false;0;Enheter;C;ECB concertation tidspunkt 14:15 CET;2021-10-11;9,888
B;Virkedag;EUR;Euro;NOK;Norske kroner;SP;Spot;4;false;0;Enheter;C;ECB concertation tidspunkt 14:15 CET;2021-10-12;9,8608
B;Virkedag;EUR;Euro;NOK;Norske kroner;SP;Spot;4;false;0;Enheter;C;ECB concertation tidspunkt 14:15 CET;2021-10-13;9,8555
B;Virkedag;EUR;Euro;NOK;Norske kroner;SP;Spot;4;false;0;Enheter;C;ECB concertation tidspunkt 14:15 CET;2021-10-14;9,7928
B;Virkedag;EUR;Euro;NOK;Norske kroner;SP;Spot;4;false;0;Enheter;C;ECB concertation tidspunkt 14:15 CET;2021-10-15;9,7625
B;Virkedag;EUR;Euro;NOK;Norske kroner;SP;Spot;4;false;0;Enheter;C;ECB concertation tidspunkt 14:15 CET;2021-10-18;9,7643
B;Virkedag;EUR;Euro;NOK;Norske kroner;SP;Spot;4;false;0;Enheter;C;ECB concertation tidspunkt 14:15 CET;2021-10-19;9,734
B;Virkedag;EUR;Euro;NOK;Norske kroner;SP;Spot;4;false;0;Enheter;C;ECB concertation tidspunkt 14:15 CET;2021-10-20;9,7435
B;Virkedag;EUR;Euro;NOK;Norske kroner;SP;Spot;4;false;0;Enheter;C;ECB concertation tidspunkt 14:15 CET;2021-10-21;9,7065
B;Virkedag;EUR;Euro;NOK;Norske kroner;SP;Spot;4;false;0;Enheter;C;ECB concertation tidspunkt 14:15 CET;2021-10-22;9,7075
B;Virkedag;EUR;Euro;NOK;Norske kroner;SP;Spot;4;false;0;Enheter;C;ECB concertation tidspunkt 14:15 CET;2021-10-25;9,7098
B;Virkedag;EUR;Euro;NOK;Norske kroner;SP;Spot;4;false;0;Enheter;C;ECB concertation tidspunkt 14:15 CET;2021-10-26;9,6828
B;Virkedag;EUR;Euro;NOK;Norske kroner;SP;Spot;4;false;0;Enheter;C;ECB concertation tidspunkt 14:15 CET;2021-10-27;9,7368
B;Virkedag;EUR;Euro;NOK;Norske kroner;SP;Spot;4;false;0;Enheter;C;ECB concertation tidspunkt 14:15 CET;2021-10-28;9,7468
B;Virkedag;EUR;Euro;NOK;Norske kroner;SP;Spot;4;false;0;Enheter;C;ECB concertation tidspunkt 14:15 CET;2021-10-29;9,7495
B;Virkedag;EUR;Euro;NOK;Norske kroner;SP;Spot;4;false;0;Enheter;C;ECB concertation tidspunkt 14:15 CET;2021-11-01;9,7368
B;Virkedag;EUR;Euro;NOK;Norske kroner;SP;Spot;4;false;0;Enheter;C;ECB concertation tidspunkt 14:15 CET;2021-11-02;9,792
B;Virkedag;EUR;Euro;NOK;Norske kroner;SP;Spot;4;false;0;Enheter;C;ECB concertation tidspunkt 14:15 CET;2021-11-03;9,861
B;Virkedag;EUR;Euro;NOK;Norske kroner;SP;Spot;4;false;0;Enheter;C;ECB concertation tidspunkt 14:15 CET;2021-11-04;9,859
B;Virkedag;EUR;Euro;NOK;Norske kroner;SP;Spot;4;false;0;Enheter;C;ECB concertation tidspunkt 14:15 CET;2021-11-05;9,8878
B;Virkedag;EUR;Euro;NOK;Norske kroner;SP;Spot;4;false;0;Enheter;C;ECB concertation tidspunkt 14:15 CET;2021-11-08;9,8745
B;Virkedag;EUR;Euro;NOK;Norske kroner;SP;Spot;4;false;0;Enheter;C;ECB concertation tidspunkt 14:15 CET;2021-11-09;9,8555
B;Virkedag;EUR;Euro;NOK;Norske kroner;SP;Spot;4;false;0;Enheter;C;ECB concertation tidspunkt 14:15 CET;2021-11-10;9,8848
B;Virkedag;EUR;Euro;NOK;Norske kroner;SP;Spot;4;false;0;Enheter;C;ECB concertation tidspunkt 14:15 CET;2021-11-11;9,9695
B;Virkedag;EUR;Euro;NOK;Norske kroner;SP;Spot;4;false;0;Enheter;C;ECB concertation tidspunkt 14:15 CET;2021-11-12;9,9508
B;Virkedag;EUR;Euro;NOK;Norske kroner;SP;Spot;4;false;0;Enheter;C;ECB concertation tidspunkt 14:15 CET;2021-11-15;9,9173
B;Virkedag;EUR;Euro;NOK;Norske kroner;SP;Spot;4;false;0;Enheter;C;ECB concertation tidspunkt 14:15 CET;2021-11-16;9,8863
B;Virkedag;EUR;Euro;NOK;Norske kroner;SP;Spot;4;false;0;Enheter;C;ECB concertation tidspunkt 14:15 CET;2021-11-17;9,8895
B;Virkedag;EUR;Euro;NOK;Norske kroner;SP;Spot;4;false;0;Enheter;C;ECB concertation tidspunkt 14:15 CET;2021-11-18;9,9523
B;Virkedag;EUR;Euro;NOK;Norske kroner;SP;Spot;4;false;0;Enheter;C;ECB concertation tidspunkt 14:15 CET;2021-11-19;10,0483
B;Virkedag;EUR;Euro;NOK;Norske kroner;SP;Spot;4;false;0;Enheter;C;ECB concertation tidspunkt 14:15 CET;2021-11-22;10,0715
B;Virkedag;EUR;Euro;NOK;Norske kroner;SP;Spot;4;false;0;Enheter;C;ECB concertation tidspunkt 14:15 CET;2021-11-23;10,071
B;Virkedag;EUR;Euro;NOK;Norske kroner;SP;Spot;4;false;0;Enheter;C;ECB concertation tidspunkt 14:15 CET;2021-11-24;10,026
B;Virkedag;EUR;Euro;NOK;Norske kroner;SP;Spot;4;false;0;Enheter;C;ECB concertation tidspunkt 14:15 CET;2021-11-25;10,0655
B;Virkedag;EUR;Euro;NOK;Norske kroner;SP;Spot;4;false;0;Enheter;C;ECB concertation tidspunkt 14:15 CET;2021-11-26;10,1613
B;Virkedag;EUR;Euro;NOK;Norske kroner;SP;Spot;4;false;0;Enheter;C;ECB concertation tidspunkt 14:15 CET;2021-11-29;10,214
B;Virkedag;EUR;Euro;NOK;Norske kroner;SP;Spot;4;false;0;Enheter;C;ECB concertation tidspunkt 14:15 CET;2021-11-30;10,2795
B;Virkedag;EUR;Euro;NOK;Norske kroner;SP;Spot;4;false;0;Enheter;C;ECB concertation tidspunkt 14:15 CET;2021-12-01;10,2195
B;Virkedag;EUR;Euro;NOK;Norske kroner;SP;Spot;4;false;0;Enheter;C;ECB concertation tidspunkt 14:15 CET;2021-12-02;10,2962
B;Virkedag;EUR;Euro;NOK;Norske kroner;SP;Spot;4;false;0;Enheter;C;ECB concertation tidspunkt 14:15 CET;2021-12-03;10,2875
B;Virkedag;EUR;Euro;NOK;Norske kroner;SP;Spot;4;false;0;Enheter;C;ECB concertation tidspunkt 14:15 CET;2021-12-06;10,2943
B;Virkedag;EUR;Euro;NOK;Norske kroner;SP;Spot;4;false;0;Enheter;C;ECB concertation tidspunkt 14:15 CET;2021-12-07;10,19
B;Virkedag;EUR;Euro;NOK;Norske kroner;SP;Spot;4;false;0;Enheter;C;ECB concertation tidspunkt 14:15 CET;2021-12-08;10,096
B;Virkedag;EUR;Euro;NOK;Norske kroner;SP;Spot;4;false;0;Enheter;C;ECB concertation tidspunkt 14:15 CET;2021-12-09;10,155
B;Virkedag;EUR;Euro;NOK;Norske kroner;SP;Spot;4;false;0;Enheter;C;ECB concertation tidspunkt 14:15 CET;2021-12-10;10,1335
B;Virkedag;EUR;Euro;NOK;Norske kroner;SP;Spot;4;false;0;Enheter;C;ECB concertation tidspunkt 14:15 CET;2021-12-13;10,1598
B;Virkedag;EUR;Euro;NOK;Norske kroner;SP;Spot;4;false;0;Enheter;C;ECB concertation tidspunkt 14:15 CET;2021-12-14;10,2475
B;Virkedag;EUR;Euro;NOK;Norske kroner;SP;Spot;4;false;0;Enheter;C;ECB concertation tidspunkt 14:15 CET;2021-12-15;10,2278
B;Virkedag;EUR;Euro;NOK;Norske kroner;SP;Spot;4;false;0;Enheter;C;ECB concertation tidspunkt 14:15 CET;2021-12-16;10,1458
B;Virkedag;EUR;Euro;NOK;Norske kroner;SP;Spot;4;false;0;Enheter;C;ECB concertation tidspunkt 14:15 CET;2021-12-17;10,1783
B;Virkedag;EUR;Euro;NOK;Norske kroner;SP;Spot;4;false;0;Enheter;C;ECB concertation tidspunkt 14:15 CET;2021-12-20;10,1915
B;Virkedag;EUR;Euro;NOK;Norske kroner;SP;Spot;4;false;0;Enheter;C;ECB concertation tidspunkt 14:15 CET;2021-12-21;10,1488
B;Virkedag;EUR;Euro;NOK;Norske kroner;SP;Spot;4;false;0;Enheter;C;ECB concertation tidspunkt 14:15 CET;2021-12-22;10,0613
B;Virkedag;EUR;Euro;NOK;Norske kroner;SP;Spot;4;false;0;Enheter;C;ECB concertation tidspunkt 14:15 CET;2021-12-23;10,0113
B;Virkedag;EUR;Euro;NOK;Norske kroner;SP;Spot;4;false;0;Enheter;C;ECB concertation tidspunkt 14:15 CET;2021-12-27;10,0405
B;Virkedag;EUR;Euro;NOK;Norske kroner;SP;Spot;4;false;0;Enheter;C;ECB concertation tidspunkt 14:15 CET;2021-12-28;9,9728
B;Virkedag;EUR;Euro;NOK;Norske kroner;SP;Spot;4;false;0;Enheter;C;ECB concertation tidspunkt 14:15 CET;2021-12-29;9,9883
B;Virkedag;EUR;Euro;NOK;Norske kroner;SP;Spot;4;false;0;Enheter;C;ECB concertation tidspunkt 14:15 CET;2021-12-30;9,9703
B;Virkedag;EUR;Euro;NOK;Norske kroner;SP;Spot;4;false;0;Enheter;C;ECB concertation tidspunkt 14:15 CET;2021-12-31;9,9888
B;Virkedag;EUR;Euro;NOK;Norske kroner;SP;Spot;4;false;0;Enheter;C;ECB concertation tidspunkt 14:15 CET;2022-01-03;10,0013
B;Virkedag;EUR;Euro;NOK;Norske kroner;SP;Spot;4;false;0;Enheter;C;ECB concertation tidspunkt 14:15 CET;2022-01-04;10,0138
B;Virkedag;EUR;Euro;NOK;Norske kroner;SP;Spot;4;false;0;Enheter;C;ECB concertation tidspunkt 14:15 CET;2022-01-05;9,9672
B;Virkedag;EUR;Euro;NOK;Norske kroner;SP;Spot;4;false;0;Enheter;C;ECB concertation tidspunkt 14:15 CET;2022-01-06;10,035
B;Virkedag;EUR;Euro;NOK;Norske kroner;SP;Spot;4;false;0;Enheter;C;ECB concertation tidspunkt 14:15 CET;2022-01-07;10,0288
B;Virkedag;EUR;Euro;NOK;Norske kroner;SP;Spot;4;false;0;Enheter;C;ECB concertation tidspunkt 14:15 CET;2022-01-10;10,0253
B;Virkedag;EUR;Euro;NOK;Norske kroner;SP;Spot;4;false;0;Enheter;C;ECB concertation tidspunkt 14:15 CET;2022-01-11;10,0165
B;Virkedag;EUR;Euro;NOK;Norske kroner;SP;Spot;4;false;0;Enheter;C;ECB concertation tidspunkt 14:15 CET;2022-01-12;9,927
B;Virkedag;EUR;Euro;NOK;Norske kroner;SP;Spot;4;false;0;Enheter;C;ECB concertation tidspunkt 14:15 CET;2022-01-13;9,9333
B;Virkedag;EUR;Euro;NOK;Norske kroner;SP;Spot;4;false;0;Enheter;C;ECB concertation tidspunkt 14:15 CET;2022-01-14;9,9863
B;Virkedag;EUR;Euro;NOK;Norske kroner;SP;Spot;4;false;0;Enheter;C;ECB concertation tidspunkt 14:15 CET;2022-01-17;9,9623
B;Virkedag;EUR;Euro;NOK;Norske kroner;SP;Spot;4;false;0;Enheter;C;ECB concertation tidspunkt 14:15 CET;2022-01-18;9,9638
B;Virkedag;EUR;Euro;NOK;Norske kroner;SP;Spot;4;false;0;Enheter;C;ECB concertation tidspunkt 14:15 CET;2022-01-19;9,9368
B;Virkedag;EUR;Euro;NOK;Norske kroner;SP;Spot;4;false;0;Enheter;C;ECB concertation tidspunkt 14:15 CET;2022-01-20;9,9578
B;Virkedag;EUR;Euro;NOK;Norske kroner;SP;Spot;4;false;0;Enheter;C;ECB concertation tidspunkt 14:15 CET;2022-01-21;10,0523
B;Virkedag;EUR;Euro;NOK;Norske kroner;SP;Spot;4;false;0;Enheter;C;ECB concertation tidspunkt 14:15 CET;2022-01-24;10,1638
B;Virkedag;EUR;Euro;NOK;Norske kroner;SP;Spot;4;false;0;Enheter;C;ECB concertation tidspunkt 14:15 CET;2022-01-25;10,1385
B;Virkedag;EUR;Euro;NOK;Norske kroner;SP;Spot;4;false;0;Enheter;C;ECB concertation tidspunkt 14:15 CET;2022-01-26;10,0115
B;Virkedag;EUR;Euro;NOK;Norske kroner;SP;Spot;4;false;0;Enheter;C;ECB concertation tidspunkt 14:15 CET;2022-01-27;9,9903
B;Virkedag;EUR;Euro;NOK;Norske kroner;SP;Spot;4;false;0;Enheter;C;ECB concertation tidspunkt 14:15 CET;2022-01-28;10,026
B;Virkedag;EUR;Euro;NOK;Norske kroner;SP;Spot;4;false;0;Enheter;C;ECB concertation tidspunkt 14:15 CET;2022-01-31;10,0085
B;Virkedag;EUR;Euro;NOK;Norske kroner;SP;Spot;4;false;0;Enheter;C;ECB concertation tidspunkt 14:15 CET;2022-02-01;9,9638
B;Virkedag;EUR;Euro;NOK;Norske kroner;SP;Spot;4;false;0;Enheter;C;ECB concertation tidspunkt 14:15 CET;2022-02-02;9,9228
B;Virkedag;EUR;Euro;NOK;Norske kroner;SP;Spot;4;false;0;Enheter;C;ECB concertation tidspunkt 14:15 CET;2022-02-03;9,9545
B;Virkedag;EUR;Euro;NOK;Norske kroner;SP;Spot;4;false;0;Enheter;C;ECB concertation tidspunkt 14:15 CET;2022-02-04;10,0483
B;Virkedag;EUR;Euro;NOK;Norske kroner;SP;Spot;4;false;0;Enheter;C;ECB concertation tidspunkt 14:15 CET;2022-02-07;10,0658
B;Virkedag;EUR;Euro;NOK;Norske kroner;SP;Spot;4;false;0;Enheter;C;ECB concertation tidspunkt 14:15 CET;2022-02-08;10,0758
B;Virkedag;EUR;Euro;NOK;Norske kroner;SP;Spot;4;false;0;Enheter;C;ECB concertation tidspunkt 14:15 CET;2022-02-09;10,0585
B;Virkedag;EUR;Euro;NOK;Norske kroner;SP;Spot;4;false;0;Enheter;C;ECB concertation tidspunkt 14:15 CET;2022-02-10;10,0693
B;Virkedag;EUR;Euro;NOK;Norske kroner;SP;Spot;4;false;0;Enheter;C;ECB concertation tidspunkt 14:15 CET;2022-02-11;10,0732
B;Virkedag;EUR;Euro;NOK;Norske kroner;SP;Spot;4;false;0;Enheter;C;ECB concertation tidspunkt 14:15 CET;2022-02-14;10,0693
B;Virkedag;EUR;Euro;NOK;Norske kroner;SP;Spot;4;false;0;Enheter;C;ECB concertation tidspunkt 14:15 CET;2022-02-15;10,0893
B;Virkedag;EUR;Euro;NOK;Norske kroner;SP;Spot;4;false;0;Enheter;C;ECB concertation tidspunkt 14:15 CET;2022-02-16;10,1095
B;Virkedag;EUR;Euro;NOK;Norske kroner;SP;Spot;4;false;0;Enheter;C;ECB concertation tidspunkt 14:15 CET;2022-02-17;10,1225
B;Virkedag;EUR;Euro;NOK;Norske kroner;SP;Spot;4;false;0;Enheter;C;ECB concertation tidspunkt 14:15 CET;2022-02-18;10,1465
B;Virkedag;EUR;Euro;NOK;Norske kroner;SP;Spot;4;false;0;Enheter;C;ECB concertation tidspunkt 14:15 CET;2022-02-21;10,1738
B;Virkedag;EUR;Euro;NOK;Norske kroner;SP;Spot;4;false;0;Enheter;C;ECB concertation tidspunkt 14:15 CET;2022-02-22;10,1018
B;Virkedag;EUR;Euro;NOK;Norske kroner;SP;Spot;4;false;0;Enheter;C;ECB concertation tidspunkt 14:15 CET;2022-02-23;10,0335
B;Virkedag;EUR;Euro;NOK;Norske kroner;SP;Spot;4;false;0;Enheter;C;ECB concertation tidspunkt 14:15 CET;2022-02-24;10,0878
B;Virkedag;EUR;Euro;NOK;Norske kroner;SP;Spot;4;false;0;Enheter;C;ECB concertation tidspunkt 14:15 CET;2022-02-25;9,9756
B;Virkedag;EUR;Euro;NOK;Norske kroner;SP;Spot;4;false;0;Enheter;C;ECB concertation tidspunkt 14:15 CET;2022-02-28;9,9465
B;Virkedag;EUR;Euro;NOK;Norske kroner;SP;Spot;4;false;0;Enheter;C;ECB concertation tidspunkt 14:15 CET;2022-03-01;9,8598
B;Virkedag;EUR;Euro;NOK;Norske kroner;SP;Spot;4;false;0;Enheter;C;ECB concertation tidspunkt 14:15 CET;2022-03-02;9,8826
B;Virkedag;EUR;Euro;NOK;Norske kroner;SP;Spot;4;false;0;Enheter;C;ECB concertation tidspunkt 14:15 CET;2022-03-03;9,8418
B;Virkedag;EUR;Euro;NOK;Norske kroner;SP;Spot;4;false;0;Enheter;C;ECB concertation tidspunkt 14:15 CET;2022-03-04;9,8358
B;Virkedag;EUR;Euro;NOK;Norske kroner;SP;Spot;4;false;0;Enheter;C;ECB concertation tidspunkt 14:15 CET;2022-03-07;9,8325
B;Virkedag;EUR;Euro;NOK;Norske kroner;SP;Spot;4;false;0;Enheter;C;ECB concertation tidspunkt 14:15 CET;2022-03-08;9,7925
B;Virkedag;EUR;Euro;NOK;Norske kroner;SP;Spot;4;false;0;Enheter;C;ECB concertation tidspunkt 14:15 CET;2022-03-09;9,798
B;Virkedag;EUR;Euro;NOK;Norske kroner;SP;Spot;4;false;0;Enheter;C;ECB concertation tidspunkt 14:15 CET;2022-03-10;9,919
B;Virkedag;EUR;Euro;NOK;Norske kroner;SP;Spot;4;false;0;Enheter;C;ECB concertation tidspunkt 14:15 CET;2022-03-11;9,8033
B;Virkedag;EUR;Euro;NOK;Norske kroner;SP;Spot;4;false;0;Enheter;C;ECB concertation tidspunkt 14:15 CET;2022-03-14;9,8588
B;Virkedag;EUR;Euro;NOK;Norske kroner;SP;Spot;4;false;0;Enheter;C;ECB concertation tidspunkt 14:15 CET;2022-03-15;9,849
B;Virkedag;EUR;Euro;NOK;Norske kroner;SP;Spot;4;false;0;Enheter;C;ECB concertation tidspunkt 14:15 CET;2022-03-16;9,7988
B;Virkedag;EUR;Euro;NOK;Norske kroner;SP;Spot;4;false;0;Enheter;C;ECB concertation tidspunkt 14:15 CET;2022-03-17;9,78
B;Virkedag;EUR;Euro;NOK;Norske kroner;SP;Spot;4;false;0;Enheter;C;ECB concertation tidspunkt 14:15 CET;2022-03-18;9,694
B;Virkedag;EUR;Euro;NOK;Norske kroner;SP;Spot;4;false;0;Enheter;C;ECB concertation tidspunkt 14:15 CET;2022-03-21;9,6575
B;Virkedag;EUR;Euro;NOK;Norske kroner;SP;Spot;4;false;0;Enheter;C;ECB concertation tidspunkt 14:15 CET;2022-03-22;9,6233
B;Virkedag;EUR;Euro;NOK;Norske kroner;SP;Spot;4;false;0;Enheter;C;ECB concertation tidspunkt 14:15 CET;2022-03-23;9,6425
B;Virkedag;EUR;Euro;NOK;Norske kroner;SP;Spot;4;false;0;Enheter;C;ECB concertation tidspunkt 14:15 CET;2022-03-24;9,4923
B;Virkedag;EUR;Euro;NOK;Norske kroner;SP;Spot;4;false;0;Enheter;C;ECB concertation tidspunkt 14:15 CET;2022-03-25;9,5205
B;Virkedag;EUR;Euro;NOK;Norske kroner;SP;Spot;4;false;0;Enheter;C;ECB concertation tidspunkt 14:15 CET;2022-03-28;9,5123
B;Virkedag;EUR;Euro;NOK;Norske kroner;SP;Spot;4;false;0;Enheter;C;ECB concertation tidspunkt 14:15 CET;2022-03-29;9,5995
B;Virkedag;EUR;Euro;NOK;Norske kroner;SP;Spot;4;false;0;Enheter;C;ECB concertation tidspunkt 14:15 CET;2022-03-30;9,6398
B;Virkedag;EUR;Euro;NOK;Norske kroner;SP;Spot;4;false;0;Enheter;C;ECB concertation tidspunkt 14:15 CET;2022-03-31;9,711
B;Virkedag;EUR;Euro;NOK;Norske kroner;SP;Spot;4;false;0;Enheter;C;ECB concertation tidspunkt 14:15 CET;2022-04-01;9,6628
B;Virkedag;EUR;Euro;NOK;Norske kroner;SP;Spot;4;false;0;Enheter;C;ECB concertation tidspunkt 14:15 CET;2022-04-04;9,5489
B;Virkedag;EUR;Euro;NOK;Norske kroner;SP;Spot;4;false;0;Enheter;C;ECB concertation tidspunkt 14:15 CET;2022-04-05;9,5398
B;Virkedag;EUR;Euro;NOK;Norske kroner;SP;Spot;4;false;0;Enheter;C;ECB concertation tidspunkt 14:15 CET;2022-04-06;9,5523
B;Virkedag;EUR;Euro;NOK;Norske kroner;SP;Spot;4;false;0;Enheter;C;ECB concertation tidspunkt 14:15 CET;2022-04-07;9,5595
B;Virkedag;EUR;Euro;NOK;Norske kroner;SP;Spot;4;false;0;Enheter;C;ECB concertation tidspunkt 14:15 CET;2022-04-08;9,508
B;Virkedag;EUR;Euro;NOK;Norske kroner;SP;Spot;4;false;0;Enheter;C;ECB concertation tidspunkt 14:15 CET;2022-04-11;9,5478
B;Virkedag;EUR;Euro;NOK;Norske kroner;SP;Spot;4;false;0;Enheter;C;ECB concertation tidspunkt 14:15 CET;2022-04-12;9,5395
B;Virkedag;EUR;Euro;NOK;Norske kroner;SP;Spot;4;false;0;Enheter;C;ECB concertation tidspunkt 14:15 CET;2022-04-13;9,5693
B;Virkedag;EUR;Euro;NOK;Norske kroner;SP;Spot;4;false;0;Enheter;C;ECB concertation tidspunkt 14:15 CET;2022-04-19;9,5228
B;Virkedag;EUR;Euro;NOK;Norske kroner;SP;Spot;4;false;0;Enheter;C;ECB concertation tidspunkt 14:15 CET;2022-04-20;9,5443
B;Virkedag;EUR;Euro;NOK;Norske kroner;SP;Spot;4;false;0;Enheter;C;ECB concertation tidspunkt 14:15 CET;2022-04-21;9,5788
B;Virkedag;EUR;Euro;NOK;Norske kroner;SP;Spot;4;false;0;Enheter;C;ECB concertation tidspunkt 14:15 CET;2022-04-22;9,6255
B;Virkedag;EUR;Euro;NOK;Norske kroner;SP;Spot;4;false;0;Enheter;C;ECB concertation tidspunkt 14:15 CET;2022-04-25;9,7018
B;Virkedag;EUR;Euro;NOK;Norske kroner;SP;Spot;4;false;0;Enheter;C;ECB concertation tidspunkt 14:15 CET;2022-04-26;9,7943
B;Virkedag;EUR;Euro;NOK;Norske kroner;SP;Spot;4;false;0;Enheter;C;ECB concertation tidspunkt 14:15 CET;2022-04-27;9,7838
B;Virkedag;EUR;Euro;NOK;Norske kroner;SP;Spot;4;false;0;Enheter;C;ECB concertation tidspunkt 14:15 CET;2022-04-28;9,899
B;Virkedag;EUR;Euro;NOK;Norske kroner;SP;Spot;4;false;0;Enheter;C;ECB concertation tidspunkt 14:15 CET;2022-04-29;9,7525
B;Virkedag;EUR;Euro;NOK;Norske kroner;SP;Spot;4;false;0;Enheter;C;ECB concertation tidspunkt 14:15 CET;2022-05-02;9,9248
B;Virkedag;EUR;Euro;NOK;Norske kroner;SP;Spot;4;false;0;Enheter;C;ECB concertation tidspunkt 14:15 CET;2022-05-03;9,909
B;Virkedag;EUR;Euro;NOK;Norske kroner;SP;Spot;4;false;0;Enheter;C;ECB concertation tidspunkt 14:15 CET;2022-05-04;9,9042
B;Virkedag;EUR;Euro;NOK;Norske kroner;SP;Spot;4;false;0;Enheter;C;ECB concertation tidspunkt 14:15 CET;2022-05-05;9,8463
B;Virkedag;EUR;Euro;NOK;Norske kroner;SP;Spot;4;false;0;Enheter;C;ECB concertation tidspunkt 14:15 CET;2022-05-06;9,9808
B;Virkedag;EUR;Euro;NOK;Norske kroner;SP;Spot;4;false;0;Enheter;C;ECB concertation tidspunkt 14:15 CET;2022-05-09;10,0583
B;Virkedag;EUR;Euro;NOK;Norske kroner;SP;Spot;4;false;0;Enheter;C;ECB concertation tidspunkt 14:15 CET;2022-05-10;10,2315
B;Virkedag;EUR;Euro;NOK;Norske kroner;SP;Spot;4;false;0;Enheter;C;ECB concertation tidspunkt 14:15 CET;2022-05-11;10,1793
B;Virkedag;EUR;Euro;NOK;Norske kroner;SP;Spot;4;false;0;Enheter;C;ECB concertation tidspunkt 14:15 CET;2022-05-12;10,2898
B;Virkedag;EUR;Euro;NOK;Norske kroner;SP;Spot;4;false;0;Enheter;C;ECB concertation tidspunkt 14:15 CET;2022-05-13;10,2043
B;Virkedag;EUR;Euro;NOK;Norske kroner;SP;Spot;4;false;0;Enheter;C;ECB concertation tidspunkt 14:15 CET;2022-05-16;10,2188
B;Virkedag;EUR;Euro;NOK;Norske kroner;SP;Spot;4;false;0;Enheter;C;ECB concertation tidspunkt 14:15 CET;2022-05-18;10,2125
B;Virkedag;EUR;Euro;NOK;Norske kroner;SP;Spot;4;false;0;Enheter;C;ECB concertation tidspunkt 14:15 CET;2022-05-19;10,3102
B;Virkedag;EUR;Euro;NOK;Norske kroner;SP;Spot;4;false;0;Enheter;C;ECB concertation tidspunkt 14:15 CET;2022-05-20;10,262
B;Virkedag;EUR;Euro;NOK;Norske kroner;SP;Spot;4;false;0;Enheter;C;ECB concertation tidspunkt 14:15 CET;2022-05-23;10,252
B;Virkedag;EUR;Euro;NOK;Norske kroner;SP;Spot;4;false;0;Enheter;C;ECB concertation tidspunkt 14:15 CET;2022-05-24;10,289
B;Virkedag;EUR;Euro;NOK;Norske kroner;SP;Spot;4;false;0;Enheter;C;ECB concertation tidspunkt 14:15 CET;2022-05-25;10,2704
B;Virkedag;EUR;Euro;NOK;Norske kroner;SP;Spot;4;false;0;Enheter;C;ECB concertation tidspunkt 14:15 CET;2022-05-27;10,179
B;Virkedag;EUR;Euro;NOK;Norske kroner;SP;Spot;4;false;0;Enheter;C;ECB concertation tidspunkt 14:15 CET;2022-05-30;10,1256
B;Virkedag;EUR;Euro;NOK;Norske kroner;SP;Spot;4;false;0;Enheter;C;ECB concertation tidspunkt 14:15 CET;2022-05-31;10,0983
B;Virkedag;EUR;Euro;NOK;Norske kroner;SP;Spot;4;false;0;Enheter;C;ECB concertation tidspunkt 14:15 CET;2022-06-01;10,0438
B;Virkedag;EUR;Euro;NOK;Norske kroner;SP;Spot;4;false;0;Enheter;C;ECB concertation tidspunkt 14:15 CET;2022-06-02;10,0845
B;Virkedag;EUR;Euro;NOK;Norske kroner;SP;Spot;4;false;0;Enheter;C;ECB concertation tidspunkt 14:15 CET;2022-06-03;10,103
B;Virkedag;EUR;Euro;NOK;Norske kroner;SP;Spot;4;false;0;Enheter;C;ECB concertation tidspunkt 14:15 CET;2022-06-07;10,1843
B;Virkedag;EUR;Euro;NOK;Norske kroner;SP;Spot;4;false;0;Enheter;C;ECB concertation tidspunkt 14:15 CET;2022-06-08;10,1395
B;Virkedag;EUR;Euro;NOK;Norske kroner;SP;Spot;4;false;0;Enheter;C;ECB concertation tidspunkt 14:15 CET;2022-06-09;10,1818
B;Virkedag;EUR;Euro;NOK;Norske kroner;SP;Spot;4;false;0;Enheter;C;ECB concertation tidspunkt 14:15 CET;2022-06-10;10,1495
B;Virkedag;EUR;Euro;NOK;Norske kroner;SP;Spot;4;false;0;Enheter;C;ECB concertation tidspunkt 14:15 CET;2022-06-13;10,3222
B;Virkedag;EUR;Euro;NOK;Norske kroner;SP;Spot;4;false;0;Enheter;C;ECB concertation tidspunkt 14:15 CET;2022-06-14;10,3945
B;Virkedag;EUR;Euro;NOK;Norske kroner;SP;Spot;4;false;0;Enheter;C;ECB concertation tidspunkt 14:15 CET;2022-06-15;10,3868
B;Virkedag;EUR;Euro;NOK;Norske kroner;SP;Spot;4;false;0;Enheter;C;ECB concertation tidspunkt 14:15 CET;2022-06-16;10,4588
B;Virkedag;EUR;Euro;NOK;Norske kroner;SP;Spot;4;false;0;Enheter;C;ECB concertation tidspunkt 14:15 CET;2022-06-17;10,4525
B;Virkedag;EUR;Euro;NOK;Norske kroner;SP;Spot;4;false;0;Enheter;C;ECB concertation tidspunkt 14:15 CET;2022-06-20;10,4085
B;Virkedag;EUR;Euro;NOK;Norske kroner;SP;Spot;4;false;0;Enheter;C;ECB concertation tidspunkt 14:15 CET;2022-06-21;10,3283
B;Virkedag;EUR;Euro;NOK;Norske kroner;SP;Spot;4;false;0;Enheter;C;ECB concertation tidspunkt 14:15 CET;2022-06-22;10,5045
B;Virkedag;EUR;Euro;NOK;Norske kroner;SP;Spot;4;false;0;Enheter;C;ECB concertation tidspunkt 14:15 CET;2022-06-23;10,475
B;Virkedag;EUR;Euro;NOK;Norske kroner;SP;Spot;4;false;0;Enheter;C;ECB concertation tidspunkt 14:15 CET;2022-06-24;10,4345
B;Virkedag;EUR;Euro;NOK;Norske kroner;SP;Spot;4;false;0;Enheter;C;ECB concertation tidspunkt 14:15 CET;2022-06-27;10,408
B;Virkedag;EUR;Euro;NOK;Norske kroner;SP;Spot;4;false;0;Enheter;C;ECB concertation tidspunkt 14:15 CET;2022-06-28;10,337
B;Virkedag;EUR;Euro;NOK;Norske kroner;SP;Spot;4;false;0;Enheter;C;ECB concertation tidspunkt 14:15 CET;2022-06-29;10,3065
B;Virkedag;EUR;Euro;NOK;Norske kroner;SP;Spot;4;false;0;Enheter;C;ECB concertation tidspunkt 14:15 CET;2022-06-30;10,3485
B;Virkedag;EUR;Euro;NOK;Norske kroner;SP;Spot;4;false;0;Enheter;C;ECB concertation tidspunkt 14:15 CET;2022-07-01;10,3651
B;Virkedag;EUR;Euro;NOK;Norske kroner;SP;Spot;4;false;0;Enheter;C;ECB concertation tidspunkt 14:15 CET;2022-07-04;10,2958
B;Virkedag;EUR;Euro;NOK;Norske kroner;SP;Spot;4;false;0;Enheter;C;ECB concertation tidspunkt 14:15 CET;2022-07-05;10,285
B;Virkedag;EUR;Euro;NOK;Norske kroner;SP;Spot;4;false;0;Enheter;C;ECB concertation tidspunkt 14:15 CET;2022-07-06;10,2803
B;Virkedag;EUR;Euro;NOK;Norske kroner;SP;Spot;4;false;0;Enheter;C;ECB concertation tidspunkt 14:15 CET;2022-07-07;10,291
B;Virkedag;EUR;Euro;NOK;Norske kroner;SP;Spot;4;false;0;Enheter;C;ECB concertation tidspunkt 14:15 CET;2022-07-08;10,263
B;Virkedag;EUR;Euro;NOK;Norske kroner;SP;Spot;4;false;0;Enheter;C;ECB concertation tidspunkt 14:15 CET;2022-07-11;10,299
B;Virkedag;EUR;Euro;NOK;Norske kroner;SP;Spot;4;false;0;Enheter;C;ECB concertation tidspunkt 14:15 CET;2022-07-12;10,2754
B;Virkedag;EUR;Euro;NOK;Norske kroner;SP;Spot;4;false;0;Enheter;C;ECB concertation tidspunkt 14:15 CET;2022-07-13;10,2428
B;Virkedag;EUR;Euro;NOK;Norske kroner;SP;Spot;4;false;0;Enheter;C;ECB concertation tidspunkt 14:15 CET;2022-07-14;10,2536
B;Virkedag;EUR;Euro;NOK;Norske kroner;SP;Spot;4;false;0;Enheter;C;ECB concertation tidspunkt 14:15 CET;2022-07-15;10,2763
B;Virkedag;EUR;Euro;NOK;Norske kroner;SP;Spot;4;false;0;Enheter;C;ECB concertation tidspunkt 14:15 CET;2022-07-18;10,2553
B;Virkedag;EUR;Euro;NOK;Norske kroner;SP;Spot;4;false;0;Enheter;C;ECB concertation tidspunkt 14:15 CET;2022-07-19;10,176
B;Virkedag;EUR;Euro;NOK;Norske kroner;SP;Spot;4;false;0;Enheter;C;ECB concertation tidspunkt 14:15 CET;2022-07-20;10,1323
B;Virkedag;EUR;Euro;NOK;Norske kroner;SP;Spot;4;false;0;Enheter;C;ECB concertation tidspunkt 14:15 CET;2022-07-21;10,175
B;Virkedag;EUR;Euro;NOK;Norske kroner;SP;Spot;4;false;0;Enheter;C;ECB concertation tidspunkt 14:15 CET;2022-07-22;10,1498
B;Virkedag;EUR;Euro;NOK;Norske kroner;SP;Spot;4;false;0;Enheter;C;ECB concertation tidspunkt 14:15 CET;2022-07-25;10,0704
B;Virkedag;EUR;Euro;NOK;Norske kroner;SP;Spot;4;false;0;Enheter;C;ECB concertation tidspunkt 14:15 CET;2022-07-26;10,0105
B;Virkedag;EUR;Euro;NOK;Norske kroner;SP;Spot;4;false;0;Enheter;C;ECB concertation tidspunkt 14:15 CET;2022-07-27;9,9558
B;Virkedag;EUR;Euro;NOK;Norske kroner;SP;Spot;4;false;0;Enheter;C;ECB concertation tidspunkt 14:15 CET;2022-07-28;9,8983
B;Virkedag;EUR;Euro;NOK;Norske kroner;SP;Spot;4;false;0;Enheter;C;ECB concertation tidspunkt 14:15 CET;2022-07-29;9,8773
B;Virkedag;EUR;Euro;NOK;Norske kroner;SP;Spot;4;false;0;Enheter;C;ECB concertation tidspunkt 14:15 CET;2022-08-01;9,8638
B;Virkedag;EUR;Euro;NOK;Norske kroner;SP;Spot;4;false;0;Enheter;C;ECB concertation tidspunkt 14:15 CET;2022-08-02;9,9305
B;Virkedag;EUR;Euro;NOK;Norske kroner;SP;Spot;4;false;0;Enheter;C;ECB concertation tidspunkt 14:15 CET;2022-08-03;9,8743
B;Virkedag;EUR;Euro;NOK;Norske kroner;SP;Spot;4;false;0;Enheter;C;ECB concertation tidspunkt 14:15 CET;2022-08-04;9,9065
B;Virkedag;EUR;Euro;NOK;Norske kroner;SP;Spot;4;false;0;Enheter;C;ECB concertation tidspunkt 14:15 CET;2022-08-05;9,982
B;Virkedag;EUR;Euro;NOK;Norske kroner;SP;Spot;4;false;0;Enheter;C;ECB concertation tidspunkt 14:15 CET;2022-08-08;9,9405
B;Virkedag;EUR;Euro;NOK;Norske kroner;SP;Spot;4;false;0;Enheter;C;ECB concertation tidspunkt 14:15 CET;2022-08-09;9,9365
B;Virkedag;EUR;Euro;NOK;Norske kroner;SP;Spot;4;false;0;Enheter;C;ECB concertation tidspunkt 14:15 CET;2022-08-10;9,9118
B;Virkedag;EUR;Euro;NOK;Norske kroner;SP;Spot;4;false;0;Enheter;C;ECB concertation tidspunkt 14:15 CET;2022-08-11;9,804
B;Virkedag;EUR;Euro;NOK;Norske kroner;SP;Spot;4;false;0;Enheter;C;ECB concertation tidspunkt 14:15 CET;2022-08-12;9,813
B;Virkedag;EUR;Euro;NOK;Norske kroner;SP;Spot;4;false;0;Enheter;C;ECB concertation tidspunkt 14:15 CET;2022-08-15;9,871
B;Virkedag;EUR;Euro;NOK;Norske kroner;SP;Spot;4;false;0;Enheter;C;ECB concertation tidspunkt 14:15 CET;2022-08-16;9,8428
B;Virkedag;EUR;Euro;NOK;Norske kroner;SP;Spot;4;false;0;Enheter;C;ECB concertation tidspunkt 14:15 CET;2022-08-17;9,8428
B;Virkedag;EUR;Euro;NOK;Norske kroner;SP;Spot;4;false;0;Enheter;C;ECB concertation tidspunkt 14:15 CET;2022-08-18;9,8283
B;Virkedag;EUR;Euro;NOK;Norske kroner;SP;Spot;4;false;0;Enheter;C;ECB concertation tidspunkt 14:15 CET;2022-08-19;9,8418
B;Virkedag;EUR;Euro;NOK;Norske kroner;SP;Spot;4;false;0;Enheter;C;ECB concertation tidspunkt 14:15 CET;2022-08-22;9,7719
B;Virkedag;EUR;Euro;NOK;Norske kroner;SP;Spot;4;false;0;Enheter;C;ECB concertation tidspunkt 14:15 CET;2022-08-23;9,7438
B;Virkedag;EUR;Euro;NOK;Norske kroner;SP;Spot;4;false;0;Enheter;C;ECB concertation tidspunkt 14:15 CET;2022-08-24;9,636
B;Virkedag;EUR;Euro;NOK;Norske kroner;SP;Spot;4;false;0;Enheter;C;ECB concertation tidspunkt 14:15 CET;2022-08-25;9,64
B;Virkedag;EUR;Euro;NOK;Norske kroner;SP;Spot;4;false;0;Enheter;C;ECB concertation tidspunkt 14:15 CET;2022-08-26;9,667
B;Virkedag;EUR;Euro;NOK;Norske kroner;SP;Spot;4;false;0;Enheter;C;ECB concertation tidspunkt 14:15 CET;2022-08-29;9,7675
B;Virkedag;EUR;Euro;NOK;Norske kroner;SP;Spot;4;false;0;Enheter;C;ECB concertation tidspunkt 14:15 CET;2022-08-30;9,7553
B;Virkedag;EUR;Euro;NOK;Norske kroner;SP;Spot;4;false;0;Enheter;C;ECB concertation tidspunkt 14:15 CET;2022-08-31;9,9388
B;Virkedag;EUR;Euro;NOK;Norske kroner;SP;Spot;4;false;0;Enheter;C;ECB concertation tidspunkt 14:15 CET;2022-09-01;10,013
B;Virkedag;EUR;Euro;NOK;Norske kroner;SP;Spot;4;false;0;Enheter;C;ECB concertation tidspunkt 14:15 CET;2022-09-02;10,0035
B;Virkedag;EUR;Euro;NOK;Norske kroner;SP;Spot;4;false;0;Enheter;C;ECB concertation tidspunkt 14:15 CET;2022-09-05;9,9188
B;Virkedag;EUR;Euro;NOK;Norske kroner;SP;Spot;4;false;0;Enheter;C;ECB concertation tidspunkt 14:15 CET;2022-09-06;9,8945
B;Virkedag;EUR;Euro;NOK;Norske kroner;SP;Spot;4;false;0;Enheter;C;ECB concertation tidspunkt 14:15 CET;2022-09-07;9,9483
B;Virkedag;EUR;Euro;NOK;Norske kroner;SP;Spot;4;false;0;Enheter;C;ECB concertation tidspunkt 14:15 CET;2022-09-08;10,0615
B;Virkedag;EUR;Euro;NOK;Norske kroner;SP;Spot;4;false;0;Enheter;C;ECB concertation tidspunkt 14:15 CET;2022-09-09;9,9836
B;Virkedag;EUR;Euro;NOK;Norske kroner;SP;Spot;4;false;0;Enheter;C;ECB concertation tidspunkt 14:15 CET;2022-09-12;9,9718
B;Virkedag;EUR;Euro;NOK;Norske kroner;SP;Spot;4;false;0;Enheter;C;ECB concertation tidspunkt 14:15 CET;2022-09-13;9,9988
B;Virkedag;EUR;Euro;NOK;Norske kroner;SP;Spot;4;false;0;Enheter;C;ECB concertation tidspunkt 14:15 CET;2022-09-14;10,1125
B;Virkedag;EUR;Euro;NOK;Norske kroner;SP;Spot;4;false;0;Enheter;C;ECB concertation tidspunkt 14:15 CET;2022-09-15;10,1203
B;Virkedag;EUR;Euro;NOK;Norske kroner;SP;Spot;4;false;0;Enheter;C;ECB concertation tidspunkt 14:15 CET;2022-09-16;10,1985
B;Virkedag;EUR;Euro;NOK;Norske kroner;SP;Spot;4;false;0;Enheter;C;ECB concertation tidspunkt 14:15 CET;2022-09-19;10,2826
B;Virkedag;EUR;Euro;NOK;Norske kroner;SP;Spot;4;false;0;Enheter;C;ECB concertation tidspunkt 14:15 CET;2022-09-20;10,273
B;Virkedag;EUR;Euro;NOK;Norske kroner;SP;Spot;4;false;0;Enheter;C;ECB concertation tidspunkt 14:15 CET;2022-09-21;10,2858
B;Virkedag;EUR;Euro;NOK;Norske kroner;SP;Spot;4;false;0;Enheter;C;ECB concertation tidspunkt 14:15 CET;2022-09-22;10,235
B;Virkedag;EUR;Euro;NOK;Norske kroner;SP;Spot;4;false;0;Enheter;C;ECB concertation tidspunkt 14:15 CET;2022-09-23;10,2335
B;Virkedag;EUR;Euro;NOK;Norske kroner;SP;Spot;4;false;0;Enheter;C;ECB concertation tidspunkt 14:15 CET;2022-09-26;10,3585
B;Virkedag;EUR;Euro;NOK;Norske kroner;SP;Spot;4;false;0;Enheter;C;ECB concertation tidspunkt 14:15 CET;2022-09-27;10,3473
B;Virkedag;EUR;Euro;NOK;Norske kroner;SP;Spot;4;false;0;Enheter;C;ECB concertation tidspunkt 14:15 CET;2022-09-28;10,4576
B;Virkedag;EUR;Euro;NOK;Norske kroner;SP;Spot;4;false;0;Enheter;C;ECB concertation tidspunkt 14:15 CET;2022-09-29;10,4518
B;Virkedag;EUR;Euro;NOK;Norske kroner;SP;Spot;4;false;0;Enheter;C;ECB concertation tidspunkt 14:15 CET;2022-09-30;10,5838
B;Virkedag;EUR;Euro;NOK;Norske kroner;SP;Spot;4;false;0;Enheter;C;ECB concertation tidspunkt 14:15 CET;2022-10-03;10,5655
B;Virkedag;EUR;Euro;NOK;Norske kroner;SP;Spot;4;false;0;Enheter;C;ECB concertation tidspunkt 14:15 CET;2022-10-04;10,4915
B;Virkedag;EUR;Euro;NOK;Norske kroner;SP;Spot;4;false;0;Enheter;C;ECB concertation tidspunkt 14:15 CET;2022-10-05;10,4858
B;Virkedag;EUR;Euro;NOK;Norske kroner;SP;Spot;4;false;0;Enheter;C;ECB concertation tidspunkt 14:15 CET;2022-10-06;10,4278
B;Virkedag;EUR;Euro;NOK;Norske kroner;SP;Spot;4;false;0;Enheter;C;ECB concertation tidspunkt 14:15 CET;2022-10-07;10,4498
B;Virkedag;EUR;Euro;NOK;Norske kroner;SP;Spot;4;false;0;Enheter;C;ECB concertation tidspunkt 14:15 CET;2022-10-10;10,3378
B;Virkedag;EUR;Euro;NOK;Norske kroner;SP;Spot;4;false;0;Enheter;C;ECB concertation tidspunkt 14:15 CET;2022-10-11;10,4235
B;Virkedag;EUR;Euro;NOK;Norske kroner;SP;Spot;4;false;0;Enheter;C;ECB concertation tidspunkt 14:15 CET;2022-10-12;10,4145
B;Virkedag;EUR;Euro;NOK;Norske kroner;SP;Spot;4;false;0;Enheter;C;ECB concertation tidspunkt 14:15 CET;2022-10-13;10,3525
B;Virkedag;EUR;Euro;NOK;Norske kroner;SP;Spot;4;false;0;Enheter;C;ECB concertation tidspunkt 14:15 CET;2022-10-14;10,3323
B;Virkedag;EUR;Euro;NOK;Norske kroner;SP;Spot;4;false;0;Enheter;C;ECB concertation tidspunkt 14:15 CET;2022-10-17;10,342
B;Virkedag;EUR;Euro;NOK;Norske kroner;SP;Spot;4;false;0;Enheter;C;ECB concertation tidspunkt 14:15 CET;2022-10-18;10,3528
B;Virkedag;EUR;Euro;NOK;Norske kroner;SP;Spot;4;false;0;Enheter;C;ECB concertation tidspunkt 14:15 CET;2022-10-19;10,3823
B;Virkedag;EUR;Euro;NOK;Norske kroner;SP;Spot;4;false;0;Enheter;C;ECB concertation tidspunkt 14:15 CET;2022-10-20;10,402
B;Virkedag;EUR;Euro;NOK;Norske kroner;SP;Spot;4;false;0;Enheter;C;ECB concertation tidspunkt 14:15 CET;2022-10-21;10,4315
B;Virkedag;EUR;Euro;NOK;Norske kroner;SP;Spot;4;false;0;Enheter;C;ECB concertation tidspunkt 14:15 CET;2022-10-24;10,392
B;Virkedag;EUR;Euro;NOK;Norske kroner;SP;Spot;4;false;0;Enheter;C;ECB concertation tidspunkt 14:15 CET;2022-10-25;10,391
B;Virkedag;EUR;Euro;NOK;Norske kroner;SP;Spot;4;false;0;Enheter;C;ECB concertation tidspunkt 14:15 CET;2022-10-26;10,3408
B;Virkedag;EUR;Euro;NOK;Norske kroner;SP;Spot;4;false;0;Enheter;C;ECB concertation tidspunkt 14:15 CET;2022-10-27;10,342
B;Virkedag;EUR;Euro;NOK;Norske kroner;SP;Spot;4;false;0;Enheter;C;ECB concertation tidspunkt 14:15 CET;2022-10-28;10,2695
B;Virkedag;EUR;Euro;NOK;Norske kroner;SP;Spot;4;false;0;Enheter;C;ECB concertation tidspunkt 14:15 CET;2022-10-31;10,3028
B;Virkedag;EUR;Euro;NOK;Norske kroner;SP;Spot;4;false;0;Enheter;C;ECB concertation tidspunkt 14:15 CET;2022-11-01;10,1835
B;Virkedag;EUR;Euro;NOK;Norske kroner;SP;Spot;4;false;0;Enheter;C;ECB concertation tidspunkt 14:15 CET;2022-11-02;10,2388
B;Virkedag;EUR;Euro;NOK;Norske kroner;SP;Spot;4;false;0;Enheter;C;ECB concertation tidspunkt 14:15 CET;2022-11-03;10,3543
B;Virkedag;EUR;Euro;NOK;Norske kroner;SP;Spot;4;false;0;Enheter;C;ECB concertation tidspunkt 14:15 CET;2022-11-04;10,2019
B;Virkedag;EUR;Euro;NOK;Norske kroner;SP;Spot;4;false;0;Enheter;C;ECB concertation tidspunkt 14:15 CET;2022-11-07;10,2555
B;Virkedag;EUR;Euro;NOK;Norske kroner;SP;Spot;4;false;0;Enheter;C;ECB concertation tidspunkt 14:15 CET;2022-11-08;10,2795
B;Virkedag;EUR;Euro;NOK;Norske kroner;SP;Spot;4;false;0;Enheter;C;ECB concertation tidspunkt 14:15 CET;2022-11-09;10,322
B;Virkedag;EUR;Euro;NOK;Norske kroner;SP;Spot;4;false;0;Enheter;C;ECB concertation tidspunkt 14:15 CET;2022-11-10;10,3615
B;Virkedag;EUR;Euro;NOK;Norske kroner;SP;Spot;4;false;0;Enheter;C;ECB concertation tidspunkt 14:15 CET;2022-11-11;10,2635
B;Virkedag;EUR;Euro;NOK;Norske kroner;SP;Spot;4;false;0;Enheter;C;ECB concertation tidspunkt 14:15 CET;2022-11-14;10,3143
B;Virkedag;EUR;Euro;NOK;Norske kroner;SP;Spot;4;false;0;Enheter;C;ECB concertation tidspunkt 14:15 CET;2022-11-15;10,357
B;Virkedag;EUR;Euro;NOK;Norske kroner;SP;Spot;4;false;0;Enheter;C;ECB concertation tidspunkt 14:15 CET;2022-11-16;10,3675
B;Virkedag;EUR;Euro;NOK;Norske kroner;SP;Spot;4;false;0;Enheter;C;ECB concertation tidspunkt 14:15 CET;2022-11-17;10,498
B;Virkedag;EUR;Euro;NOK;Norske kroner;SP;Spot;4;false;0;Enheter;C;ECB concertation tidspunkt 14:15 CET;2022-11-18;10,486
B;Virkedag;EUR;Euro;NOK;Norske kroner;SP;Spot;4;false;0;Enheter;C;ECB concertation tidspunkt 14:15 CET;2022-11-21;10,4898
B;Virkedag;EUR;Euro;NOK;Norske kroner;SP;Spot;4;false;0;Enheter;C;ECB concertation tidspunkt 14:15 CET;2022-11-22;10,4445
B;Virkedag;EUR;Euro;NOK;Norske kroner;SP;Spot;4;false;0;Enheter;C;ECB concertation tidspunkt 14:15 CET;2022-11-23;10,3659
B;Virkedag;EUR;Euro;NOK;Norske kroner;SP;Spot;4;false;0;Enheter;C;ECB concertation tidspunkt 14:15 CET;2022-11-24;10,3435
B;Virkedag;EUR;Euro;NOK;Norske kroner;SP;Spot;4;false;0;Enheter;C;ECB concertation tidspunkt 14:15 CET;2022-11-25;10,2985
B;Virkedag;EUR;Euro;NOK;Norske kroner;SP;Spot;4;false;0;Enheter;C;ECB concertation tidspunkt 14:15 CET;2022-11-28;10,364
B;Virkedag;EUR;Euro;NOK;Norske kroner;SP;Spot;4;false;0;Enheter;C;ECB concertation tidspunkt 14:15 CET;2022-11-29;10,3313
B;Virkedag;EUR;Euro;NOK;Norske kroner;SP;Spot;4;false;0;Enheter;C;ECB concertation tidspunkt 14:15 CET;2022-11-30;10,2648
B;Virkedag;EUR;Euro;NOK;Norske kroner;SP;Spot;4;false;0;Enheter;C;ECB concertation tidspunkt 14:15 CET;2022-12-01;10,2495
B;Virkedag;EUR;Euro;NOK;Norske kroner;SP;Spot;4;false;0;Enheter;C;ECB concertation tidspunkt 14:15 CET;2022-12-02;10,2615
B;Virkedag;EUR;Euro;NOK;Norske kroner;SP;Spot;4;false;0;Enheter;C;ECB concertation tidspunkt 14:15 CET;2022-12-05;10,3366
B;Virkedag;EUR;Euro;NOK;Norske kroner;SP;Spot;4;false;0;Enheter;C;ECB concertation tidspunkt 14:15 CET;2022-12-06;10,4408
B;Virkedag;EUR;Euro;NOK;Norske kroner;SP;Spot;4;false;0;Enheter;C;ECB concertation tidspunkt 14:15 CET;2022-12-07;10,5255
B;Virkedag;EUR;Euro;NOK;Norske kroner;SP;Spot;4;false;0;Enheter;C;ECB concertation tidspunkt 14:15 CET;2022-12-08;10,488
B;Virkedag;EUR;Euro;NOK;Norske kroner;SP;Spot;4;false;0;Enheter;C;ECB concertation tidspunkt 14:15 CET;2022-12-09;10,5345
B;Virkedag;EUR;Euro;NOK;Norske kroner;SP;Spot;4;false;0;Enheter;C;ECB concertation tidspunkt 14:15 CET;2022-12-12;10,5548
B;Virkedag;EUR;Euro;NOK;Norske kroner;SP;Spot;4;false;0;Enheter;C;ECB concertation tidspunkt 14:15 CET;2022-12-13;10,4679
B;Virkedag;EUR;Euro;NOK;Norske kroner;SP;Spot;4;false;0;Enheter;C;ECB concertation tidspunkt 14:15 CET;2022-12-14;10,362
B;Virkedag;EUR;Euro;NOK;Norske kroner;SP;Spot;4;false;0;Enheter;C;ECB concertation tidspunkt 14:15 CET;2022-12-15;10,4013
B;Virkedag;EUR;Euro;NOK;Norske kroner;SP;Spot;4;false;0;Enheter;C;ECB concertation tidspunkt 14:15 CET;2022-12-16;10,4833
B;Virkedag;EUR;Euro;NOK;Norske kroner;SP;Spot;4;false;0;Enheter;C;ECB concertation tidspunkt 14:15 CET;2022-12-19;10,5025
B;Virkedag;EUR;Euro;NOK;Norske kroner;SP;Spot;4;false;0;Enheter;C;ECB concertation tidspunkt 14:15 CET;2022-12-20;10,5098
B;Virkedag;EUR;Euro;NOK;Norske kroner;SP;Spot;4;false;0;Enheter;C;ECB concertation tidspunkt 14:15 CET;2022-12-21;10,4309
B;Virkedag;EUR;Euro;NOK;Norske kroner;SP;Spot;4;false;0;Enheter;C;ECB concertation tidspunkt 14:15 CET;2022-12-22;10,4123
B;Virkedag;EUR;Euro;NOK;Norske kroner;SP;Spot;4;false;0;Enheter;C;ECB concertation tidspunkt 14:15 CET;2022-12-23;10,4448
B;Virkedag;EUR;Euro;NOK;Norske kroner;SP;Spot;4;false;0;Enheter;C;ECB concertation tidspunkt 14:15 CET;2022-12-27;10,4895
B;Virkedag;EUR;Euro;NOK;Norske kroner;SP;Spot;4;false;0;Enheter;C;ECB concertation tidspunkt 14:15 CET;2022-12-28;10,4495
B;Virkedag;EUR;Euro;NOK;Norske kroner;SP;Spot;4;false;0;Enheter;C;ECB concertation tidspunkt 14:15 CET;2022-12-29;10,55
B;Virkedag;EUR;Euro;NOK;Norske kroner;SP;Spot;4;false;0;Enheter;C;ECB concertation tidspunkt 14:15 CET;2022-12-30;10,5138
B;Virkedag;EUR;Euro;NOK;Norske kroner;SP;Spot;4;false;0;Enheter;C;ECB concertation tidspunkt 14:15 CET;2023-01-02;10,5135
B;Virkedag;EUR;Euro;NOK;Norske kroner;SP;Spot;4;false;0;Enheter;C;ECB concertation tidspunkt 14:15 CET;2023-01-03;10,528
B;Virkedag;EUR;Euro;NOK;Norske kroner;SP;Spot;4;false;0;Enheter;C;ECB concertation tidspunkt 14:15 CET;2023-01-04;10,738
B;Virkedag;EUR;Euro;NOK;Norske kroner;SP;Spot;4;false;0;Enheter;C;ECB concertation tidspunkt 14:15 CET;2023-01-05;10,7248
B;Virkedag;EUR;Euro;NOK;Norske kroner;SP;Spot;4;false;0;Enheter;C;ECB concertation tidspunkt 14:15 CET;2023-01-06;10,807
B;Virkedag;EUR;Euro;NOK;Norske kroner;SP;Spot;4;false;0;Enheter;C;ECB concertation tidspunkt 14:15 CET;2023-01-09;10,6108
B;Virkedag;EUR;Euro;NOK;Norske kroner;SP;Spot;4;false;0;Enheter;C;ECB concertation tidspunkt 14:15 CET;2023-01-10;10,6785
B;Virkedag;EUR;Euro;NOK;Norske kroner;SP;Spot;4;false;0;Enheter;C;ECB concertation tidspunkt 14:15 CET;2023-01-11;10,738
B;Virkedag;EUR;Euro;NOK;Norske kroner;SP;Spot;4;false;0;Enheter;C;ECB concertation tidspunkt 14:15 CET;2023-01-12;10,7228
B;Virkedag;EUR;Euro;NOK;Norske kroner;SP;Spot;4;false;0;Enheter;C;ECB concertation tidspunkt 14:15 CET;2023-01-13;10,6945
B;Virkedag;EUR;Euro;NOK;Norske kroner;SP;Spot;4;false;0;Enheter;C;ECB concertation tidspunkt 14:15 CET;2023-01-16;10,6945
B;Virkedag;EUR;Euro;NOK;Norske kroner;SP;Spot;4;false;0;Enheter;C;ECB concertation tidspunkt 14:15 CET;2023-01-17;10,7463
B;Virkedag;EUR;Euro;NOK;Norske kroner;SP;Spot;4;false;0;Enheter;C;ECB concertation tidspunkt 14:15 CET;2023-01-18;10,6553
B;Virkedag;EUR;Euro;NOK;Norske kroner;SP;Spot;4;false;0;Enheter;C;ECB concertation tidspunkt 14:15 CET;2023-01-19;10,746
B;Virkedag;EUR;Euro;NOK;Norske kroner;SP;Spot;4;false;0;Enheter;C;ECB concertation tidspunkt 14:15 CET;2023-01-20;10,7135
B;Virkedag;EUR;Euro;NOK;Norske kroner;SP;Spot;4;false;0;Enheter;C;ECB concertation tidspunkt 14:15 CET;2023-01-23;10,6835
B;Virkedag;EUR;Euro;NOK;Norske kroner;SP;Spot;4;false;0;Enheter;C;ECB concertation tidspunkt 14:15 CET;2023-01-24;10,7193
B;Virkedag;EUR;Euro;NOK;Norske kroner;SP;Spot;4;false;0;Enheter;C;ECB concertation tidspunkt 14:15 CET;2023-01-25;10,7896
B;Virkedag;EUR;Euro;NOK;Norske kroner;SP;Spot;4;false;0;Enheter;C;ECB concertation tidspunkt 14:15 CET;2023-01-26;10,762
B;Virkedag;EUR;Euro;NOK;Norske kroner;SP;Spot;4;false;0;Enheter;C;ECB concertation tidspunkt 14:15 CET;2023-01-27;10,76
B;Virkedag;EUR;Euro;NOK;Norske kroner;SP;Spot;4;false;0;Enheter;C;ECB concertation tidspunkt 14:15 CET;2023-01-30;10,7925
B;Virkedag;EUR;Euro;NOK;Norske kroner;SP;Spot;4;false;0;Enheter;C;ECB concertation tidspunkt 14:15 CET;2023-01-31;10,9083
B;Virkedag;EUR;Euro;NOK;Norske kroner;SP;Spot;4;false;0;Enheter;C;ECB concertation tidspunkt 14:15 CET;2023-02-01;10,8569
B;Virkedag;EUR;Euro;NOK;Norske kroner;SP;Spot;4;false;0;Enheter;C;ECB concertation tidspunkt 14:15 CET;2023-02-02;10,9535
B;Virkedag;EUR;Euro;NOK;Norske kroner;SP;Spot;4;false;0;Enheter;C;ECB concertation tidspunkt 14:15 CET;2023-02-03;10,9783
B;Virkedag;EUR;Euro;NOK;Norske kroner;SP;Spot;4;false;0;Enheter;C;ECB concertation tidspunkt 14:15 CET;2023-02-06;11,0428
B;Virkedag;EUR;Euro;NOK;Norske kroner;SP;Spot;4;false;0;Enheter;C;ECB concertation tidspunkt 14:15 CET;2023-02-07;11,1253
B;Virkedag;EUR;Euro;NOK;Norske kroner;SP;Spot;4;false;0;Enheter;C;ECB concertation tidspunkt 14:15 CET;2023-02-08;11,026
B;Virkedag;EUR;Euro;NOK;Norske kroner;SP;Spot;4;false;0;Enheter;C;ECB concertation tidspunkt 14:15 CET;2023-02-09;10,9123
B;Virkedag;EUR;Euro;NOK;Norske kroner;SP;Spot;4;false;0;Enheter;C;ECB concertation tidspunkt 14:15 CET;2023-02-10;10,871
B;Virkedag;EUR;Euro;NOK;Norske kroner;SP;Spot;4;false;0;Enheter;C;ECB concertation tidspunkt 14:15 CET;2023-02-13;10,8213
B;Virkedag;EUR;Euro;NOK;Norske kroner;SP;Spot;4;false;0;Enheter;C;ECB concertation tidspunkt 14:15 CET;2023-02-14;10,8778
B;Virkedag;EUR;Euro;NOK;Norske kroner;SP;Spot;4;false;0;Enheter;C;ECB concertation tidspunkt 14:15 CET;2023-02-15;10,9193
B;Virkedag;EUR;Euro;NOK;Norske kroner;SP;Spot;4;false;0;Enheter;C;ECB concertation tidspunkt 14:15 CET;2023-02-16;10,9513
B;Virkedag;EUR;Euro;NOK;Norske kroner;SP;Spot;4;false;0;Enheter;C;ECB concertation tidspunkt 14:15 CET;2023-02-17;11,015
B;Virkedag;EUR;Euro;NOK;Norske kroner;SP;Spot;4;false;0;Enheter;C;ECB concertation tidspunkt 14:15 CET;2023-02-20;10,9683
B;Virkedag;EUR;Euro;NOK;Norske kroner;SP;Spot;4;false;0;Enheter;C;ECB concertation tidspunkt 14:15 CET;2023-02-21;10,9468
B;Virkedag;EUR;Euro;NOK;Norske kroner;SP;Spot;4;false;0;Enheter;C;ECB concertation tidspunkt 14:15 CET;2023-02-22;10,9665
B;Virkedag;EUR;Euro;NOK;Norske kroner;SP;Spot;4;false;0;Enheter;C;ECB concertation tidspunkt 14:15 CET;2023-02-23;10,9545
B;Virkedag;EUR;Euro;NOK;Norske kroner;SP;Spot;4;false;0;Enheter;C;ECB concertation tidspunkt 14:15 CET;2023-02-24;10,937
B;Virkedag;EUR;Euro;NOK;Norske kroner;SP;Spot;4;false;0;Enheter;C;ECB concertation tidspunkt 14:15 CET;2023-02-27;10,9635
B;Virkedag;EUR;Euro;NOK;Norske kroner;SP;Spot;4;false;0;Enheter;C;ECB concertation tidspunkt 14:15 CET;2023-02-28;10,9713
B;Virkedag;EUR;Euro;NOK;Norske kroner;SP;Spot;4;false;0;Enheter;C;ECB concertation tidspunkt 14:15 CET;2023-03-01;11,0365
B;Virkedag;EUR;Euro;NOK;Norske kroner;SP;Spot;4;false;0;Enheter;C;ECB concertation tidspunkt 14:15 CET;2023-03-02;11,085
B;Virkedag;EUR;Euro;NOK;Norske kroner;SP;Spot;4;false;0;Enheter;C;ECB concertation tidspunkt 14:15 CET;2023-03-03;11,061
B;Virkedag;EUR;Euro;NOK;Norske kroner;SP;Spot;4;false;0;Enheter;C;ECB concertation tidspunkt 14:15 CET;2023-03-06;11,1109
B;Virkedag;EUR;Euro;NOK;Norske kroner;SP;Spot;4;false;0;Enheter;C;ECB concertation tidspunkt 14:15 CET;2023-03-07;11,1935
B;Virkedag;EUR;Euro;NOK;Norske kroner;SP;Spot;4;false;0;Enheter;C;ECB concertation tidspunkt 14:15 CET;2023-03-08;11,2205
B;Virkedag;EUR;Euro;NOK;Norske kroner;SP;Spot;4;false;0;Enheter;C;ECB concertation tidspunkt 14:15 CET;2023-03-09;11,2715
B;Virkedag;EUR;Euro;NOK;Norske kroner;SP;Spot;4;false;0;Enheter;C;ECB concertation tidspunkt 14:15 CET;2023-03-10;11,29
B;Virkedag;EUR;Euro;NOK;Norske kroner;SP;Spot;4;false;0;Enheter;C;ECB concertation tidspunkt 14:15 CET;2023-03-13;11,3893
B;Virkedag;EUR;Euro;NOK;Norske kroner;SP;Spot;4;false;0;Enheter;C;ECB concertation tidspunkt 14:15 CET;2023-03-14;11,335
B;Virkedag;EUR;Euro;NOK;Norske kroner;SP;Spot;4;false;0;Enheter;C;ECB concertation tidspunkt 14:15 CET;2023-03-15;11,34
B;Virkedag;EUR;Euro;NOK;Norske kroner;SP;Spot;4;false;0;Enheter;C;ECB concertation tidspunkt 14:15 CET;2023-03-16;11,4487
B;Virkedag;EUR;Euro;NOK;Norske kroner;SP;Spot;4;false;0;Enheter;C;ECB concertation tidspunkt 14:15 CET;2023-03-17;11,4218
B;Virkedag;EUR;Euro;NOK;Norske kroner;SP;Spot;4;false;0;Enheter;C;ECB concertation tidspunkt 14:15 CET;2023-03-20;11,421
B;Virkedag;EUR;Euro;NOK;Norske kroner;SP;Spot;4;false;0;Enheter;C;ECB concertation tidspunkt 14:15 CET;2023-03-21;11,3125
B;Virkedag;EUR;Euro;NOK;Norske kroner;SP;Spot;4;false;0;Enheter;C;ECB concertation tidspunkt 14:15 CET;2023-03-22;11,332
B;Virkedag;EUR;Euro;NOK;Norske kroner;SP;Spot;4;false;0;Enheter;C;ECB concertation tidspunkt 14:15 CET;2023-03-23;11,284
B;Virkedag;EUR;Euro;NOK;Norske kroner;SP;Spot;4;false;0;Enheter;C;ECB concertation tidspunkt 14:15 CET;2023-03-24;11,3065
B;Virkedag;EUR;Euro;NOK;Norske kroner;SP;Spot;4;false;0;Enheter;C;ECB concertation tidspunkt 14:15 CET;2023-03-27;11,338
B;Virkedag;EUR;Euro;NOK;Norske kroner;SP;Spot;4;false;0;Enheter;C;ECB concertation tidspunkt 14:15 CET;2023-03-28;11,324
B;Virkedag;EUR;Euro;NOK;Norske kroner;SP;Spot;4;false;0;Enheter;C;ECB concertation tidspunkt 14:15 CET;2023-03-29;11,3005
B;Virkedag;EUR;Euro;NOK;Norske kroner;SP;Spot;4;false;0;Enheter;C;ECB concertation tidspunkt 14:15 CET;2023-03-30;11,357
B;Virkedag;EUR;Euro;NOK;Norske kroner;SP;Spot;4;false;0;Enheter;C;ECB concertation tidspunkt 14:15 CET;2023-03-31;11,394
B;Virkedag;EUR;Euro;NOK;Norske kroner;SP;Spot;4;false;0;Enheter;C;ECB concertation tidspunkt 14:15 CET;2023-04-03;11,2515
B;Virkedag;EUR;Euro;NOK;Norske kroner;SP;Spot;4;false;0;Enheter;C;ECB concertation tidspunkt 14:15 CET;2023-04-04;11,2345
B;Virkedag;EUR;Euro;NOK;Norske kroner;SP;Spot;4;false;0;Enheter;C;ECB concertation tidspunkt 14:15 CET;2023-04-05;11,399
B;Virkedag;EUR;Euro;NOK;Norske kroner;SP;Spot;4;false;0;Enheter;C;ECB concertation tidspunkt 14:15 CET;2023-04-11;11,5435
B;Virkedag;EUR;Euro;NOK;Norske kroner;SP;Spot;4;false;0;Enheter;C;ECB concertation tidspunkt 14:15 CET;2023-04-12;11,4745
B;Virkedag;EUR;Euro;NOK;Norske kroner;SP;Spot;4;false;0;Enheter;C;ECB concertation tidspunkt 14:15 CET;2023-04-13;11,457
B;Virkedag;EUR;Euro;NOK;Norske kroner;SP;Spot;4;false;0;Enheter;C;ECB concertation tidspunkt 14:15 CET;2023-04-14;11,402
B;Virkedag;EUR;Euro;NOK;Norske kroner;SP;Spot;4;false;0;Enheter;C;ECB concertation tidspunkt 14:15 CET;2023-04-17;11,364
B;Virkedag;EUR;Euro;NOK;Norske kroner;SP;Spot;4;false;0;Enheter;C;ECB concertation tidspunkt 14:15 CET;2023-04-18;11,4675
B;Virkedag;EUR;Euro;NOK;Norske kroner;SP;Spot;4;false;0;Enheter;C;ECB concertation tidspunkt 14:15 CET;2023-04-19;11,5335
B;Virkedag;EUR;Euro;NOK;Norske kroner;SP;Spot;4;false;0;Enheter;C;ECB concertation tidspunkt 14:15 CET;2023-04-20;11,604
B;Virkedag;EUR;Euro;NOK;Norske kroner;SP;Spot;4;false;0;Enheter;C;ECB concertation tidspunkt 14:15 CET;2023-04-21;11,6505
B;Virkedag;EUR;Euro;NOK;Norske kroner;SP;Spot;4;false;0;Enheter;C;ECB concertation tidspunkt 14:15 CET;2023-04-24;11,647
B;Virkedag;EUR;Euro;NOK;Norske kroner;SP;Spot;4;false;0;Enheter;C;ECB concertation tidspunkt 14:15 CET;2023-04-25;11,695
B;Virkedag;EUR;Euro;NOK;Norske kroner;SP;Spot;4;false;0;Enheter;C;ECB concertation tidspunkt 14:15 CET;2023-04-26;11,722
B;Virkedag;EUR;Euro;NOK;Norske kroner;SP;Spot;4;false;0;Enheter;C;ECB concertation tidspunkt 14:15 CET;2023-04-27;11,714
B;Virkedag;EUR;Euro;NOK;Norske kroner;SP;Spot;4;false;0;Enheter;C;ECB concertation tidspunkt 14:15 CET;2023-04-28;11,791
B;Virkedag;EUR;Euro;NOK;Norske kroner;SP;Spot;4;false;0;Enheter;C;ECB concertation tidspunkt 14:15 CET;2023-05-02;11,762
B;Virkedag;EUR;Euro;NOK;Norske kroner;SP;Spot;4;false;0;Enheter;C;ECB concertation tidspunkt 14:15 CET;2023-05-03;11,886
B;Virkedag;EUR;Euro;NOK;Norske kroner;SP;Spot;4;false;0;Enheter;C;ECB concertation tidspunkt 14:15 CET;2023-05-04;11,8282
B;Virkedag;EUR;Euro;NOK;Norske kroner;SP;Spot;4;false;0;Enheter;C;ECB concertation tidspunkt 14:15 CET;2023-05-05;11,6895
B;Virkedag;EUR;Euro;NOK;Norske kroner;SP;Spot;4;false;0;Enheter;C;ECB concertation tidspunkt 14:15 CET;2023-05-08;11,5505
B;Virkedag;EUR;Euro;NOK;Norske kroner;SP;Spot;4;false;0;Enheter;C;ECB concertation tidspunkt 14:15 CET;2023-05-09;11,575
B;Virkedag;EUR;Euro;NOK;Norske kroner;SP;Spot;4;false;0;Enheter;C;ECB concertation tidspunkt 14:15 CET;2023-05-10;11,5485
B;Virkedag;EUR;Euro;NOK;Norske kroner;SP;Spot;4;false;0;Enheter;C;ECB concertation tidspunkt 14:15 CET;2023-05-11;11,518
B;Virkedag;EUR;Euro;NOK;Norske kroner;SP;Spot;4;false;0;Enheter;C;ECB concertation tidspunkt 14:15 CET;2023-05-12;11,631
B;Virkedag;EUR;Euro;NOK;Norske kroner;SP;Spot;4;false;0;Enheter;C;ECB concertation tidspunkt 14:15 CET;2023-05-15;11,583
B;Virkedag;EUR;Euro;NOK;Norske kroner;SP;Spot;4;false;0;Enheter;C;ECB concertation tidspunkt 14:15 CET;2023-05-16;11,613
B;Virkedag;EUR;Euro;NOK;Norske kroner;SP;Spot;4;false;0;Enheter;C;ECB concertation tidspunkt 14:15 CET;2023-05-19;11,701
B;Virkedag;EUR;Euro;NOK;Norske kroner;SP;Spot;4;false;0;Enheter;C;ECB concertation tidspunkt 14:15 CET;2023-05-22;11,7765
B;Virkedag;EUR;Euro;NOK;Norske kroner;SP;Spot;4;false;0;Enheter;C;ECB concertation tidspunkt 14:15 CET;2023-05-23;11,792
B;Virkedag;EUR;Euro;NOK;Norske kroner;SP;Spot;4;false;0;Enheter;C;ECB concertation tidspunkt 14:15 CET;2023-05-24;11,8175
B;Virkedag;EUR;Euro;NOK;Norske kroner;SP;Spot;4;false;0;Enheter;C;ECB concertation tidspunkt 14:15 CET;2023-05-25;11,7695
B;Virkedag;EUR;Euro;NOK;Norske kroner;SP;Spot;4;false;0;Enheter;C;ECB concertation tidspunkt 14:15 CET;2023-05-26;11,8218
B;Virkedag;EUR;Euro;NOK;Norske kroner;SP;Spot;4;false;0;Enheter;C;ECB concertation tidspunkt 14:15 CET;2023-05-30;11,8745
B;Virkedag;EUR;Euro;NOK;Norske kroner;SP;Spot;4;false;0;Enheter;C;ECB concertation tidspunkt 14:15 CET;2023-05-31;12,0045
B;Virkedag;EUR;Euro;NOK;Norske kroner;SP;Spot;4;false;0;Enheter;C;ECB concertation tidspunkt 14:15 CET;2023-06-01;11,967
B;Virkedag;EUR;Euro;NOK;Norske kroner;SP;Spot;4;false;0;Enheter;C;ECB concertation tidspunkt 14:15 CET;2023-06-02;11,845
B;Virkedag;EUR;Euro;NOK;Norske kroner;SP;Spot;4;false;0;Enheter;C;ECB concertation tidspunkt 14:15 CET;2023-06-05;11,8275
B;Virkedag;EUR;Euro;NOK;Norske kroner;SP;Spot;4;false;0;Enheter;C;ECB concertation tidspunkt 14:15 CET;2023-06-06;11,8775
B;Virkedag;EUR;Euro;NOK;Norske kroner;SP;Spot;4;false;0;Enheter;C;ECB concertation tidspunkt 14:15 CET;2023-06-07;11,7975
B;Virkedag;EUR;Euro;NOK;Norske kroner;SP;Spot;4;false;0;Enheter;C;ECB concertation tidspunkt 14:15 CET;2023-06-08;11,758
B;Virkedag;EUR;Euro;NOK;Norske kroner;SP;Spot;4;false;0;Enheter;C;ECB concertation tidspunkt 14:15 CET;2023-06-09;11,612
B;Virkedag;EUR;Euro;NOK;Norske kroner;SP;Spot;4;false;0;Enheter;C;ECB concertation tidspunkt 14:15 CET;2023-06-12;11,634
B;Virkedag;EUR;Euro;NOK;Norske kroner;SP;Spot;4;false;0;Enheter;C;ECB concertation tidspunkt 14:15 CET;2023-06-13;11,6235
B;Virkedag;EUR;Euro;NOK;Norske kroner;SP;Spot;4;false;0;Enheter;C;ECB concertation tidspunkt 14:15 CET;2023-06-14;11,476
B;Virkedag;EUR;Euro;NOK;Norske kroner;SP;Spot;4;false;0;Enheter;C;ECB concertation tidspunkt 14:15 CET;2023-06-15;11,5025
B;Virkedag;EUR;Euro;NOK;Norske kroner;SP;Spot;4;false;0;Enheter;C;ECB concertation tidspunkt 14:15 CET;2023-06-16;11,517
B;Virkedag;EUR;Euro;NOK;Norske kroner;SP;Spot;4;false;0;Enheter;C;ECB concertation tidspunkt 14:15 CET;2023-06-19;11,6335
B;Virkedag;EUR;Euro;NOK;Norske kroner;SP;Spot;4;false;0;Enheter;C;ECB concertation tidspunkt 14:15 CET;2023-06-20;11,7155
B;Virkedag;EUR;Euro;NOK;Norske kroner;SP;Spot;4;false;0;Enheter;C;ECB concertation tidspunkt 14:15 CET;2023-06-21;11,747
B;Virkedag;EUR;Euro;NOK;Norske kroner;SP;Spot;4;false;0;Enheter;C;ECB concertation tidspunkt 14:15 CET;2023-06-22;11,599
B;Virkedag;EUR;Euro;NOK;Norske kroner;SP;Spot;4;false;0;Enheter;C;ECB concertation tidspunkt 14:15 CET;2023-06-23;11,8565
B;Virkedag;EUR;Euro;NOK;Norske kroner;SP;Spot;4;false;0;Enheter;C;ECB concertation tidspunkt 14:15 CET;2023-06-26;11,708
B;Virkedag;EUR;Euro;NOK;Norske kroner;SP;Spot;4;false;0;Enheter;C;ECB concertation tidspunkt 14:15 CET;2023-06-27;11,7563
B;Virkedag;EUR;Euro;NOK;Norske kroner;SP;Spot;4;false;0;Enheter;C;ECB concertation tidspunkt 14:15 CET;2023-06-28;11,8395
B;Virkedag;EUR;Euro;NOK;Norske kroner;SP;Spot;4;false;0;Enheter;C;ECB concertation tidspunkt 14:15 CET;2023-06-29;11,7645
B;Virkedag;EUR;Euro;NOK;Norske kroner;SP;Spot;4;false;0;Enheter;C;ECB concertation tidspunkt 14:15 CET;2023-06-30;11,704
B;Virkedag;EUR;Euro;NOK;Norske kroner;SP;Spot;4;false;0;Enheter;C;ECB concertation tidspunkt 14:15 CET;2023-07-03;11,6945
B;Virkedag;EUR;Euro;NOK;Norske kroner;SP;Spot;4;false;0;Enheter;C;ECB concertation tidspunkt 14:15 CET;2023-07-04;11,5958
B;Virkedag;EUR;Euro;NOK;Norske kroner;SP;Spot;4;false;0;Enheter;C;ECB concertation tidspunkt 14:15 CET;2023-07-05;11,6455
B;Virkedag;EUR;Euro;NOK;Norske kroner;SP;Spot;4;false;0;Enheter;C;ECB concertation tidspunkt 14:15 CET;2023-07-06;11,637
B;Virkedag;EUR;Euro;NOK;Norske kroner;SP;Spot;4;false;0;Enheter;C;ECB concertation tidspunkt 14:15 CET;2023-07-07;11,7085
B;Virkedag;EUR;Euro;NOK;Norske kroner;SP;Spot;4;false;0;Enheter;C;ECB concertation tidspunkt 14:15 CET;2023-07-10;11,5635
B;Virkedag;EUR;Euro;NOK;Norske kroner;SP;Spot;4;false;0;Enheter;C;ECB concertation tidspunkt 14:15 CET;2023-07-11;11,452
B;Virkedag;EUR;Euro;NOK;Norske kroner;SP;Spot;4;false;0;Enheter;C;ECB concertation tidspunkt 14:15 CET;2023-07-12;11,331
B;Virkedag;EUR;Euro;NOK;Norske kroner;SP;Spot;4;false;0;Enheter;C;ECB concertation tidspunkt 14:15 CET;2023-07-13;11,248
B;Virkedag;EUR;Euro;NOK;Norske kroner;SP;Spot;4;false;0;Enheter;C;ECB concertation tidspunkt 14:15 CET;2023-07-14;11,2105
B;Virkedag;EUR;Euro;NOK;Norske kroner;SP;Spot;4;false;0;Enheter;C;ECB concertation tidspunkt 14:15 CET;2023-07-17;11,242
B;Virkedag;EUR;Euro;NOK;Norske kroner;SP;Spot;4;false;0;Enheter;C;ECB concertation tidspunkt 14:15 CET;2023-07-18;11,3395
B;Virkedag;EUR;Euro;NOK;Norske kroner;SP;Spot;4;false;0;Enheter;C;ECB concertation tidspunkt 14:15 CET;2023-07-19;11,266
B;Virkedag;EUR;Euro;NOK;Norske kroner;SP;Spot;4;false;0;Enheter;C;ECB concertation tidspunkt 14:15 CET;2023-07-20;11,1555
B;Virkedag;EUR;Euro;NOK;Norske kroner;SP;Spot;4;false;0;Enheter;C;ECB concertation tidspunkt 14:15 CET;2023-07-21;11,1775
B;Virkedag;EUR;Euro;NOK;Norske kroner;SP;Spot;4;false;0;Enheter;C;ECB concertation tidspunkt 14:15 CET;2023-07-24;11,1925
B;Virkedag;EUR;Euro;NOK;Norske kroner;SP;Spot;4;false;0;Enheter;C;ECB concertation tidspunkt 14:15 CET;2023-07-25;11,1605
B;Virkedag;EUR;Euro;NOK;Norske kroner;SP;Spot;4;false;0;Enheter;C;ECB concertation tidspunkt 14:15 CET;2023-07-26;11,2
B;Virkedag;EUR;Euro;NOK;Norske kroner;SP;Spot;4;false;0;Enheter;C;ECB concertation tidspunkt 14:15 CET;2023-07-27;11,1275
B;Virkedag;EUR;Euro;NOK;Norske kroner;SP;Spot;4;false;0;Enheter;C;ECB concertation tidspunkt 14:15 CET;2023-07-28;11,168
B;Virkedag;EUR;Euro;NOK;Norske kroner;SP;Spot;4;false;0;Enheter;C;ECB concertation tidspunkt 14:15 CET;2023-07-31;11,1805
B;Virkedag;EUR;Euro;NOK;Norske kroner;SP;Spot;4;false;0;Enheter;C;ECB concertation tidspunkt 14:15 CET;2023-08-01;11,211
B;Virkedag;EUR;Euro;NOK;Norske kroner;SP;Spot;4;false;0;Enheter;C;ECB concertation tidspunkt 14:15 CET;2023-08-02;11,1615
B;Virkedag;EUR;Euro;NOK;Norske kroner;SP;Spot;4;false;0;Enheter;C;ECB concertation tidspunkt 14:15 CET;2023-08-03;11,2765
B;Virkedag;EUR;Euro;NOK;Norske kroner;SP;Spot;4;false;0;Enheter;C;ECB concertation tidspunkt 14:15 CET;2023-08-04;11,1858
B;Virkedag;EUR;Euro;NOK;Norske kroner;SP;Spot;4;false;0;Enheter;C;ECB concertation tidspunkt 14:15 CET;2023-08-07;11,1485
B;Virkedag;EUR;Euro;NOK;Norske kroner;SP;Spot;4;false;0;Enheter;C;ECB concertation tidspunkt 14:15 CET;2023-08-08;11,295
B;Virkedag;EUR;Euro;NOK;Norske kroner;SP;Spot;4;false;0;Enheter;C;ECB concertation tidspunkt 14:15 CET;2023-08-09;11,2063
B;Virkedag;EUR;Euro;NOK;Norske kroner;SP;Spot;4;false;0;Enheter;C;ECB concertation tidspunkt 14:15 CET;2023-08-10;11,1785
B;Virkedag;EUR;Euro;NOK;Norske kroner;SP;Spot;4;false;0;Enheter;C;ECB concertation tidspunkt 14:15 CET;2023-08-11;11,4225
B;Virkedag;EUR;Euro;NOK;Norske kroner;SP;Spot;4;false;0;Enheter;C;ECB concertation tidspunkt 14:15 CET;2023-08-14;11,434
B;Virkedag;EUR;Euro;NOK;Norske kroner;SP;Spot;4;false;0;Enheter;C;ECB concertation tidspunkt 14:15 CET;2023-08-15;11,4705
B;Virkedag;EUR;Euro;NOK;Norske kroner;SP;Spot;4;false;0;Enheter;C;ECB concertation tidspunkt 14:15 CET;2023-08-16;11,453
B;Virkedag;EUR;Euro;NOK;Norske kroner;SP;Spot;4;false;0;Enheter;C;ECB concertation tidspunkt 14:15 CET;2023-08-17;11,4985
B;Virkedag;EUR;Euro;NOK;Norske kroner;SP;Spot;4;false;0;Enheter;C;ECB concertation tidspunkt 14:15 CET;2023-08-18;11,58
B;Virkedag;EUR;Euro;NOK;Norske kroner;SP;Spot;4;false;0;Enheter;C;ECB concertation tidspunkt 14:15 CET;2023-08-21;11,5205
B;Virkedag;EUR;Euro;NOK;Norske kroner;SP;Spot;4;false;0;Enheter;C;ECB concertation tidspunkt 14:15 CET;2023-08-22;11,5195
B;Virkedag;EUR;Euro;NOK;Norske kroner;SP;Spot;4;false;0;Enheter;C;ECB concertation tidspunkt 14:15 CET;2023-08-23;11,573
B;Virkedag;EUR;Euro;NOK;Norske kroner;SP;Spot;4;false;0;Enheter;C;ECB concertation tidspunkt 14:15 CET;2023-08-24;11,5775
B;Virkedag;EUR;Euro;NOK;Norske kroner;SP;Spot;4;false;0;Enheter;C;ECB concertation tidspunkt 14:15 CET;2023-08-25;11,518
B;Virkedag;EUR;Euro;NOK;Norske kroner;SP;Spot;4;false;0;Enheter;C;ECB concertation tidspunkt 14:15 CET;2023-08-28;11,5705
B;Virkedag;EUR;Euro;NOK;Norske kroner;SP;Spot;4;false;0;Enheter;C;ECB concertation tidspunkt 14:15 CET;2023-08-29;11,5645
B;Virkedag;EUR;Euro;NOK;Norske kroner;SP;Spot;4;false;0;Enheter;C;ECB concertation tidspunkt 14:15 CET;2023-08-30;11,546
B;Virkedag;EUR;Euro;NOK;Norske kroner;SP;Spot;4;false;0;Enheter;C;ECB concertation tidspunkt 14:15 CET;2023-08-31;11,58
B;Virkedag;EUR;Euro;NOK;Norske kroner;SP;Spot;4;false;0;Enheter;C;ECB concertation tidspunkt 14:15 CET;2023-09-01;11,486
B;Virkedag;EUR;Euro;NOK;Norske kroner;SP;Spot;4;false;0;Enheter;C;ECB concertation tidspunkt 14:15 CET;2023-09-04;11,5005
B;Virkedag;EUR;Euro;NOK;Norske kroner;SP;Spot;4;false;0;Enheter;C;ECB concertation tidspunkt 14:15 CET;2023-09-05;11,5435
B;Virkedag;EUR;Euro;NOK;Norske kroner;SP;Spot;4;false;0;Enheter;C;ECB concertation tidspunkt 14:15 CET;2023-09-06;11,492
B;Virkedag;EUR;Euro;NOK;Norske kroner;SP;Spot;4;false;0;Enheter;C;ECB concertation tidspunkt 14:15 CET;2023-09-07;11,4805
B;Virkedag;EUR;Euro;NOK;Norske kroner;SP;Spot;4;false;0;Enheter;C;ECB concertation tidspunkt 14:15 CET;2023-09-08;11,422
B;Virkedag;EUR;Euro;NOK;Norske kroner;SP;Spot;4;false;0;Enheter;C;ECB concertation tidspunkt 14:15 CET;2023-09-11;11,424
B;Virkedag;EUR;Euro;NOK;Norske kroner;SP;Spot;4;false;0;Enheter;C;ECB concertation tidspunkt 14:15 CET;2023-09-12;11,454
B;Virkedag;EUR;Euro;NOK;Norske kroner;SP;Spot;4;false;0;Enheter;C;ECB concertation tidspunkt 14:15 CET;2023-09-13;11,478
B;Virkedag;EUR;Euro;NOK;Norske kroner;SP;Spot;4;false;0;Enheter;C;ECB concertation tidspunkt 14:15 CET;2023-09-14;11,5038
B;Virkedag;EUR;Euro;NOK;Norske kroner;SP;Spot;4;false;0;Enheter;C;ECB concertation tidspunkt 14:15 CET;2023-09-15;11,422
B;Virkedag;EUR;Euro;NOK;Norske kroner;SP;Spot;4;false;0;Enheter;C;ECB concertation tidspunkt 14:15 CET;2023-09-18;11,5688
B;Virkedag;EUR;Euro;NOK;Norske kroner;SP;Spot;4;false;0;Enheter;C;ECB concertation tidspunkt 14:15 CET;2023-09-19;11,4905
B;Virkedag;EUR;Euro;NOK;Norske kroner;SP;Spot;4;false;0;Enheter;C;ECB concertation tidspunkt 14:15 CET;2023-09-20;11,482
B;Virkedag;EUR;Euro;NOK;Norske kroner;SP;Spot;4;false;0;Enheter;C;ECB concertation tidspunkt 14:15 CET;2023-09-21;11,527
B;Virkedag;EUR;Euro;NOK;Norske kroner;SP;Spot;4;false;0;Enheter;C;ECB concertation tidspunkt 14:15 CET;2023-09-22;11,427
B;Virkedag;EUR;Euro;NOK;Norske kroner;SP;Spot;4;false;0;Enheter;C;ECB concertation tidspunkt 14:15 CET;2023-09-25;11,43
B;Virkedag;EUR;Euro;NOK;Norske kroner;SP;Spot;4;false;0;Enheter;C;ECB concertation tidspunkt 14:15 CET;2023-09-26;11,44
B;Virkedag;EUR;Euro;NOK;Norske kroner;SP;Spot;4;false;0;Enheter;C;ECB concertation tidspunkt 14:15 CET;2023-09-27;11,361
B;Virkedag;EUR;Euro;NOK;Norske kroner;SP;Spot;4;false;0;Enheter;C;ECB concertation tidspunkt 14:15 CET;2023-09-28;11,316
B;Virkedag;EUR;Euro;NOK;Norske kroner;SP;Spot;4;false;0;Enheter;C;ECB concertation tidspunkt 14:15 CET;2023-09-29;11,2535
B;Virkedag;EUR;Euro;NOK;Norske kroner;SP;Spot;4;false;0;Enheter;C;ECB concertation tidspunkt 14:15 CET;2023-10-02;11,3225
B;Virkedag;EUR;Euro;NOK;Norske kroner;SP;Spot;4;false;0;Enheter;C;ECB concertation tidspunkt 14:15 CET;2023-10-03;11,4258
B;Virkedag;EUR;Euro;NOK;Norske kroner;SP;Spot;4;false;0;Enheter;C;ECB concertation tidspunkt 14:15 CET;2023-10-04;11,5135
B;Virkedag;EUR;Euro;NOK;Norske kroner;SP;Spot;4;false;0;Enheter;C;ECB concertation tidspunkt 14:15 CET;2023-10-05;11,5703
B;Virkedag;EUR;Euro;NOK;Norske kroner;SP;Spot;4;false;0;Enheter;C;ECB concertation tidspunkt 14:15 CET;2023-10-06;11,609
B;Virkedag;EUR;Euro;NOK;Norske kroner;SP;Spot;4;false;0;Enheter;C;ECB concertation tidspunkt 14:15 CET;2023-10-09;11,4828
B;Virkedag;EUR;Euro;NOK;Norske kroner;SP;Spot;4;false;0;Enheter;C;ECB concertation tidspunkt 14:15 CET;2023-10-10;11,4965
B;Virkedag;EUR;Euro;NOK;Norske kroner;SP;Spot;4;false;0;Enheter;C;ECB concertation tidspunkt 14:15 CET;2023-10-11;11,4953
B;Virkedag;EUR;Euro;NOK;Norske kroner;SP;Spot;4;false;0;Enheter;C;ECB concertation tidspunkt 14:15 CET;2023-10-12;11,5165
B;Virkedag;EUR;Euro;NOK;Norske kroner;SP;Spot;4;false;0;Enheter;C;ECB concertation tidspunkt 14:15 CET;2023-10-13;11,516
B;Virkedag;EUR;Euro;NOK;Norske kroner;SP;Spot;4;false;0;Enheter;C;ECB concertation tidspunkt 14:15 CET;2023-10-16;11,517
B;Virkedag;EUR;Euro;NOK;Norske kroner;SP;Spot;4;false;0;Enheter;C;ECB concertation tidspunkt 14:15 CET;2023-10-17;11,576
B;Virkedag;EUR;Euro;NOK;Norske kroner;SP;Spot;4;false;0;Enheter;C;ECB concertation tidspunkt 14:15 CET;2023-10-18;11,595
B;Virkedag;EUR;Euro;NOK;Norske kroner;SP;Spot;4;false;0;Enheter;C;ECB concertation tidspunkt 14:15 CET;2023-10-19;11,6973
B;Virkedag;EUR;Euro;NOK;Norske kroner;SP;Spot;4;false;0;Enheter;C;ECB concertation tidspunkt 14:15 CET;2023-10-20;11,6808
B;Virkedag;EUR;Euro;NOK;Norske kroner;SP;Spot;4;false;0;Enheter;C;ECB concertation tidspunkt 14:15 CET;2023-10-23;11,7985
B;Virkedag;EUR;Euro;NOK;Norske kroner;SP;Spot;4;false;0;Enheter;C;ECB concertation tidspunkt 14:15 CET;2023-10-24;11,8255
B;Virkedag;EUR;Euro;NOK;Norske kroner;SP;Spot;4;false;0;Enheter;C;ECB concertation tidspunkt 14:15 CET;2023-10-25;11,838
B;Virkedag;EUR;Euro;NOK;Norske kroner;SP;Spot;4;false;0;Enheter;C;ECB concertation tidspunkt 14:15 CET;2023-10-26;11,855
B;Virkedag;EUR;Euro;NOK;Norske kroner;SP;Spot;4;false;0;Enheter;C;ECB concertation tidspunkt 14:15 CET;2023-10-27;11,8285
B;Virkedag;EUR;Euro;NOK;Norske kroner;SP;Spot;4;false;0;Enheter;C;ECB concertation tidspunkt 14:15 CET;2023-10-30;11,7905
B;Virkedag;EUR;Euro;NOK;Norske kroner;SP;Spot;4;false;0;Enheter;C;ECB concertation tidspunkt 14:15 CET;2023-10-31;11,8735
B;Virkedag;EUR;Euro;NOK;Norske kroner;SP;Spot;4;false;0;Enheter;C;ECB concertation tidspunkt 14:15 CET;2023-11-01;11,796
B;Virkedag;EUR;Euro;NOK;Norske kroner;SP;Spot;4;false;0;Enheter;C;ECB concertation tidspunkt 14:15 CET;2023-11-02;11,8743
B;Virkedag;EUR;Euro;NOK;Norske kroner;SP;Spot;4;false;0;Enheter;C;ECB concertation tidspunkt 14:15 CET;2023-11-03;11,8535
B;Virkedag;EUR;Euro;NOK;Norske kroner;SP;Spot;4;false;0;Enheter;C;ECB concertation tidspunkt 14:15 CET;2023-11-06;11,8235
B;Virkedag;EUR;Euro;NOK;Norske kroner;SP;Spot;4;false;0;Enheter;C;ECB concertation tidspunkt 14:15 CET;2023-11-07;11,922
B;Virkedag;EUR;Euro;NOK;Norske kroner;SP;Spot;4;false;0;Enheter;C;ECB concertation tidspunkt 14:15 CET;2023-11-08;11,9305
B;Virkedag;EUR;Euro;NOK;Norske kroner;SP;Spot;4;false;0;Enheter;C;ECB concertation tidspunkt 14:15 CET;2023-11-09;11,9335
B;Virkedag;EUR;Euro;NOK;Norske kroner;SP;Spot;4;false;0;Enheter;C;ECB concertation tidspunkt 14:15 CET;2023-11-10;11,8725
B;Virkedag;EUR;Euro;NOK;Norske kroner;SP;Spot;4;false;0;Enheter;C;ECB concertation tidspunkt 14:15 CET;2023-11-13;11,877
B;Virkedag;EUR;Euro;NOK;Norske kroner;SP;Spot;4;false;0;Enheter;C;ECB concertation tidspunkt 14:15 CET;2023-11-14;11,945
B;Virkedag;EUR;Euro;NOK;Norske kroner;SP;Spot;4;false;0;Enheter;C;ECB concertation tidspunkt 14:15 CET;2023-11-15;11,746
B;Virkedag;EUR;Euro;NOK;Norske kroner;SP;Spot;4;false;0;Enheter;C;ECB concertation tidspunkt 14:15 CET;2023-11-16;11,7675
B;Virkedag;EUR;Euro;NOK;Norske kroner;SP;Spot;4;false;0;Enheter;C;ECB concertation tidspunkt 14:15 CET;2023-11-17;11,811
B;Virkedag;EUR;Euro;NOK;Norske kroner;SP;Spot;4;false;0;Enheter;C;ECB concertation tidspunkt 14:15 CET;2023-11-20;11,72
B;Virkedag;EUR;Euro;NOK;Norske kroner;SP;Spot;4;false;0;Enheter;C;ECB concertation tidspunkt 14:15 CET;2023-11-21;11,67
B;Virkedag;EUR;Euro;NOK;Norske kroner;SP;Spot;4;false;0;Enheter;C;ECB concertation tidspunkt 14:15 CET;2023-11-22;11,702
B;Virkedag;EUR;Euro;NOK;Norske kroner;SP;Spot;4;false;0;Enheter;C;ECB concertation tidspunkt 14:15 CET;2023-11-23;11,711
B;Virkedag;EUR;Euro;NOK;Norske kroner;SP;Spot;4;false;0;Enheter;C;ECB concertation tidspunkt 14:15 CET;2023-11-24;11,7345
B;Virkedag;EUR;Euro;NOK;Norske kroner;SP;Spot;4;false;0;Enheter;C;ECB concertation tidspunkt 14:15 CET;2023-11-27;11,684
B;Virkedag;EUR;Euro;NOK;Norske kroner;SP;Spot;4;false;0;Enheter;C;ECB concertation tidspunkt 14:15 CET;2023-11-28;11,7165
B;Virkedag;EUR;Euro;NOK;Norske kroner;SP;Spot;4;false;0;Enheter;C;ECB concertation tidspunkt 14:15 CET;2023-11-29;11,6965
B;Virkedag;EUR;Euro;NOK;Norske kroner;SP;Spot;4;false;0;Enheter;C;ECB concertation tidspunkt 14:15 CET;2023-11-30;11,72
B;Virkedag;EUR;Euro;NOK;Norske kroner;SP;Spot;4;false;0;Enheter;C;ECB concertation tidspunkt 14:15 CET;2023-12-01;11,698
B;Virkedag;EUR;Euro;NOK;Norske kroner;SP;Spot;4;false;0;Enheter;C;ECB concertation tidspunkt 14:15 CET;2023-12-04;11,678
B;Virkedag;EUR;Euro;NOK;Norske kroner;SP;Spot;4;false;0;Enheter;C;ECB concertation tidspunkt 14:15 CET;2023-12-05;11,7865
B;Virkedag;EUR;Euro;NOK;Norske kroner;SP;Spot;4;false;0;Enheter;C;ECB concertation tidspunkt 14:15 CET;2023-12-06;11,796
B;Virkedag;EUR;Euro;NOK;Norske kroner;SP;Spot;4;false;0;Enheter;C;ECB concertation tidspunkt 14:15 CET;2023-12-07;11,7535
B;Virkedag;EUR;Euro;NOK;Norske kroner;SP;Spot;4;false;0;Enheter;C;ECB concertation tidspunkt 14:15 CET;2023-12-08;11,727
B;Virkedag;EUR;Euro;NOK;Norske kroner;SP;Spot;4;false;0;Enheter;C;ECB concertation tidspunkt 14:15 CET;2023-12-11;11,795
B;Virkedag;EUR;Euro;NOK;Norske kroner;SP;Spot;4;false;0;Enheter;C;ECB concertation tidspunkt 14:15 CET;2023-12-12;11,778
B;Virkedag;EUR;Euro;NOK;Norske kroner;SP;Spot;4;false;0;Enheter;C;ECB concertation tidspunkt 14:15 CET;2023-12-13;11,825
B;Virkedag;EUR;Euro;NOK;Norske kroner;SP;Spot;4;false;0;Enheter;C;ECB concertation tidspunkt 14:15 CET;2023-12-14;11,518
B;Virkedag;EUR;Euro;NOK;Norske kroner;SP;Spot;4;false;0;Enheter;C;ECB concertation tidspunkt 14:15 CET;2023-12-15;11,4495
B;Virkedag;EUR;Euro;NOK;Norske kroner;SP;Spot;4;false;0;Enheter;C;ECB concertation tidspunkt 14:15 CET;2023-12-18;11,3485
B;Virkedag;EUR;Euro;NOK;Norske kroner;SP;Spot;4;false;0;Enheter;C;ECB concertation tidspunkt 14:15 CET;2023-12-19;11,3655
B;Virkedag;EUR;Euro;NOK;Norske kroner;SP;Spot;4;false;0;Enheter;C;ECB concertation tidspunkt 14:15 CET;2023-12-20;11,2895
B;Virkedag;EUR;Euro;NOK;Norske kroner;SP;Spot;4;false;0;Enheter;C;ECB concertation tidspunkt 14:15 CET;2023-12-21;11,315
B;Virkedag;EUR;Euro;NOK;Norske kroner;SP;Spot;4;false;0;Enheter;C;ECB concertation tidspunkt 14:15 CET;2023-12-22;11,2705
B;Virkedag;EUR;Euro;NOK;Norske kroner;SP;Spot;4;false;0;Enheter;C;ECB concertation tidspunkt 14:15 CET;2023-12-27;11,2355
B;Virkedag;EUR;Euro;NOK;Norske kroner;SP;Spot;4;false;0;Enheter;C;ECB concertation tidspunkt 14:15 CET;2023-12-28;11,2625
B;Virkedag;EUR;Euro;NOK;Norske kroner;SP;Spot;4;false;0;Enheter;C;ECB concertation tidspunkt 14:15 CET;2023-12-29;11,2405
B;Virkedag;EUR;Euro;NOK;Norske kroner;SP;Spot;4;false;0;Enheter;C;ECB concertation tidspunkt 14:15 CET;2024-01-02;11,2815
B;Virkedag;EUR;Euro;NOK;Norske kroner;SP;Spot;4;false;0;Enheter;C;ECB concertation tidspunkt 14:15 CET;2024-01-03;11,32
B;Virkedag;EUR;Euro;NOK;Norske kroner;SP;Spot;4;false;0;Enheter;C;ECB concertation tidspunkt 14:15 CET;2024-01-04;11,2845
B;Virkedag;EUR;Euro;NOK;Norske kroner;SP;Spot;4;false;0;Enheter;C;ECB concertation tidspunkt 14:15 CET;2024-01-05;11,309
B;Virkedag;EUR;Euro;NOK;Norske kroner;SP;Spot;4;false;0;Enheter;C;ECB concertation tidspunkt 14:15 CET;2024-01-08;11,362
B;Virkedag;EUR;Euro;NOK;Norske kroner;SP;Spot;4;false;0;Enheter;C;ECB concertation tidspunkt 14:15 CET;2024-01-09;11,308
B;Virkedag;EUR;Euro;NOK;Norske kroner;SP;Spot;4;false;0;Enheter;C;ECB concertation tidspunkt 14:15 CET;2024-01-10;11,2915
B;Virkedag;EUR;Euro;NOK;Norske kroner;SP;Spot;4;false;0;Enheter;C;ECB concertation tidspunkt 14:15 CET;2024-01-11;11,3283
B;Virkedag;EUR;Euro;NOK;Norske kroner;SP;Spot;4;false;0;Enheter;C;ECB concertation tidspunkt 14:15 CET;2024-01-12;11,2765
B;Virkedag;EUR;Euro;NOK;Norske kroner;SP;Spot;4;false;0;Enheter;C;ECB concertation tidspunkt 14:15 CET;2024-01-15;11,314
B;Virkedag;EUR;Euro;NOK;Norske kroner;SP;Spot;4;false;0;Enheter;C;ECB concertation tidspunkt 14:15 CET;2024-01-16;11,3335
B;Virkedag;EUR;Euro;NOK;Norske kroner;SP;Spot;4;false;0;Enheter;C;ECB concertation tidspunkt 14:15 CET;2024-01-17;11,4335
B;Virkedag;EUR;Euro;NOK;Norske kroner;SP;Spot;4;false;0;Enheter;C;ECB concertation tidspunkt 14:15 CET;2024-01-18;11,446
B;Virkedag;EUR;Euro;NOK;Norske kroner;SP;Spot;4;false;0;Enheter;C;ECB concertation tidspunkt 14:15 CET;2024-01-19;11,41
B;Virkedag;EUR;Euro;NOK;Norske kroner;SP;Spot;4;false;0;Enheter;C;ECB concertation tidspunkt 14:15 CET;2024-01-22;11,441
B;Virkedag;EUR;Euro;NOK;Norske kroner;SP;Spot;4;false;0;Enheter;C;ECB concertation tidspunkt 14:15 CET;2024-01-23;11,4298
B;Virkedag;EUR;Euro;NOK;Norske kroner;SP;Spot;4;false;0;Enheter;C;ECB concertation tidspunkt 14:15 CET;2024-01-24;11,4155
B;Virkedag;EUR;Euro;NOK;Norske kroner;SP;Spot;4;false;0;Enheter;C;ECB concertation tidspunkt 14:15 CET;2024-01-25;11,3905
B;Virkedag;EUR;Euro;NOK;Norske kroner;SP;Spot;4;false;0;Enheter;C;ECB concertation tidspunkt 14:15 CET;2024-01-26;11,3325
B;Virkedag;EUR;Euro;NOK;Norske kroner;SP;Spot;4;false;0;Enheter;C;ECB concertation tidspunkt 14:15 CET;2024-01-29;11,305
B;Virkedag;EUR;Euro;NOK;Norske kroner;SP;Spot;4;false;0;Enheter;C;ECB concertation tidspunkt 14:15 CET;2024-01-30;11,3383
B;Virkedag;EUR;Euro;NOK;Norske kroner;SP;Spot;4;false;0;Enheter;C;ECB concertation tidspunkt 14:15 CET;2024-01-31;11,351
B;Virkedag;EUR;Euro;NOK;Norske kroner;SP;Spot;4;false;0;Enheter;C;ECB concertation tidspunkt 14:15 CET;2024-02-01;11,3665
B;Virkedag;EUR;Euro;NOK;Norske kroner;SP;Spot;4;false;0;Enheter;C;ECB concertation tidspunkt 14:15 CET;2024-02-02;11,387
B;Virkedag;EUR;Euro;NOK;Norske kroner;SP;Spot;4;false;0;Enheter;C;ECB concertation tidspunkt 14:15 CET;2024-02-05;11,465
B;Virkedag;EUR;Euro;NOK;Norske kroner;SP;Spot;4;false;0;Enheter;C;ECB concertation tidspunkt 14:15 CET;2024-02-06;11,458
B;Virkedag;EUR;Euro;NOK;Norske kroner;SP;Spot;4;false;0;Enheter;C;ECB concertation tidspunkt 14:15 CET;2024-02-07;11,376
B;Virkedag;EUR;Euro;NOK;Norske kroner;SP;Spot;4;false;0;Enheter;C;ECB concertation tidspunkt 14:15 CET;2024-02-08;11,412
B;Virkedag;EUR;Euro;NOK;Norske kroner;SP;Spot;4;false;0;Enheter;C;ECB concertation tidspunkt 14:15 CET;2024-02-09;11,399
B;Virkedag;EUR;Euro;NOK;Norske kroner;SP;Spot;4;false;0;Enheter;C;ECB concertation tidspunkt 14:15 CET;2024-02-12;11,32
B;Virkedag;EUR;Euro;NOK;Norske kroner;SP;Spot;4;false;0;Enheter;C;ECB concertation tidspunkt 14:15 CET;2024-02-13;11,302
B;Virkedag;EUR;Euro;NOK;Norske kroner;SP;Spot;4;false;0;Enheter;C;ECB concertation tidspunkt 14:15 CET;2024-02-14;11,3375
B;Virkedag;EUR;Euro;NOK;Norske kroner;SP;Spot;4;false;0;Enheter;C;ECB concertation tidspunkt 14:15 CET;2024-02-15;11,361
B;Virkedag;EUR;Euro;NOK;Norske kroner;SP;Spot;4;false;0;Enheter;C;ECB concertation tidspunkt 14:15 CET;2024-02-16;11,3555
B;Virkedag;EUR;Euro;NOK;Norske kroner;SP;Spot;4;false;0;Enheter;C;ECB concertation tidspunkt 14:15 CET;2024-02-19;11,3045
B;Virkedag;EUR;Euro;NOK;Norske kroner;SP;Spot;4;false;0;Enheter;C;ECB concertation tidspunkt 14:15 CET;2024-02-20;11,3275
B;Virkedag;EUR;Euro;NOK;Norske kroner;SP;Spot;4;false;0;Enheter;C;ECB concertation tidspunkt 14:15 CET;2024-02-21;11,3345
B;Virkedag;EUR;Euro;NOK;Norske kroner;SP;Spot;4;false;0;Enheter;C;ECB concertation tidspunkt 14:15 CET;2024-02-22;11,356
B;Virkedag;EUR;Euro;NOK;Norske kroner;SP;Spot;4;false;0;Enheter;C;ECB concertation tidspunkt 14:15 CET;2024-02-23;11,389
B;Virkedag;EUR;Euro;NOK;Norske kroner;SP;Spot;4;false;0;Enheter;C;ECB concertation tidspunkt 14:15 CET;2024-02-26;11,4285
B;Virkedag;EUR;Euro;NOK;Norske kroner;SP;Spot;4;false;0;Enheter;C;ECB concertation tidspunkt 14:15 CET;2024-02-27;11,431
B;Virkedag;EUR;Euro;NOK;Norske kroner;SP;Spot;4;false;0;Enheter;C;ECB concertation tidspunkt 14:15 CET;2024-02-28;11,4675
B;Virkedag;EUR;Euro;NOK;Norske kroner;SP;Spot;4;false;0;Enheter;C;ECB concertation tidspunkt 14:15 CET;2024-02-29;11,492
B;Virkedag;EUR;Euro;NOK;Norske kroner;SP;Spot;4;false;0;Enheter;C;ECB concertation tidspunkt 14:15 CET;2024-03-01;11,443
B;Virkedag;EUR;Euro;NOK;Norske kroner;SP;Spot;4;false;0;Enheter;C;ECB concertation tidspunkt 14:15 CET;2024-03-04;11,4325
B;Virkedag;EUR;Euro;NOK;Norske kroner;SP;Spot;4;false;0;Enheter;C;ECB concertation tidspunkt 14:15 CET;2024-03-05;11,475
B;Virkedag;EUR;Euro;NOK;Norske kroner;SP;Spot;4;false;0;Enheter;C;ECB concertation tidspunkt 14:15 CET;2024-03-06;11,468
B;Virkedag;EUR;Euro;NOK;Norske kroner;SP;Spot;4;false;0;Enheter;C;ECB concertation tidspunkt 14:15 CET;2024-03-07;11,394
B;Virkedag;EUR;Euro;NOK;Norske kroner;SP;Spot;4;false;0;Enheter;C;ECB concertation tidspunkt 14:15 CET;2024-03-08;11,3395
B;Virkedag;EUR;Euro;NOK;Norske kroner;SP;Spot;4;false;0;Enheter;C;ECB concertation tidspunkt 14:15 CET;2024-03-11;11,4405
B;Virkedag;EUR;Euro;NOK;Norske kroner;SP;Spot;4;false;0;Enheter;C;ECB concertation tidspunkt 14:15 CET;2024-03-12;11,4673
B;Virkedag;EUR;Euro;NOK;Norske kroner;SP;Spot;4;false;0;Enheter;C;ECB concertation tidspunkt 14:15 CET;2024-03-13;11,4805
B;Virkedag;EUR;Euro;NOK;Norske kroner;SP;Spot;4;false;0;Enheter;C;ECB concertation tidspunkt 14:15 CET;2024-03-14;11,467
B;Virkedag;EUR;Euro;NOK;Norske kroner;SP;Spot;4;false;0;Enheter;C;ECB concertation tidspunkt 14:15 CET;2024-03-15;11,5205
B;Virkedag;EUR;Euro;NOK;Norske kroner;SP;Spot;4;false;0;Enheter;C;ECB concertation tidspunkt 14:15 CET;2024-03-18;11,5565
B;Virkedag;EUR;Euro;NOK;Norske kroner;SP;Spot;4;false;0;Enheter;C;ECB concertation tidspunkt 14:15 CET;2024-03-19;11,5985
B;Virkedag;EUR;Euro;NOK;Norske kroner;SP;Spot;4;false;0;Enheter;C;ECB concertation tidspunkt 14:15 CET;2024-03-20;11,5725
B;Virkedag;EUR;Euro;NOK;Norske kroner;SP;Spot;4;false;0;Enheter;C;ECB concertation tidspunkt 14:15 CET;2024-03-21;11,543
B;Virkedag;EUR;Euro;NOK;Norske kroner;SP;Spot;4;false;0;Enheter;C;ECB concertation tidspunkt 14:15 CET;2024-03-22;11,617
B;Virkedag;EUR;Euro;NOK;Norske kroner;SP;Spot;4;false;0;Enheter;C;ECB concertation tidspunkt 14:15 CET;2024-03-25;11,605
B;Virkedag;EUR;Euro;NOK;Norske kroner;SP;Spot;4;false;0;Enheter;C;ECB concertation tidspunkt 14:15 CET;2024-03-26;11,626
B;Virkedag;EUR;Euro;NOK;Norske kroner;SP;Spot;4;false;0;Enheter;C;ECB concertation tidspunkt 14:15 CET;2024-03-27;11,6825
B;Virkedag;EUR;Euro;NOK;Norske kroner;SP;Spot;4;false;0;Enheter;C;ECB concertation tidspunkt 14:15 CET;2024-04-02;11,708
B;Virkedag;EUR;Euro;NOK;Norske kroner;SP;Spot;4;false;0;Enheter;C;ECB concertation tidspunkt 14:15 CET;2024-04-03;11,658
B;Virkedag;EUR;Euro;NOK;Norske kroner;SP;Spot;4;false;0;Enheter;C;ECB concertation tidspunkt 14:15 CET;2024-04-04;11,6125
B;Virkedag;EUR;Euro;NOK;Norske kroner;SP;Spot;4;false;0;Enheter;C;ECB concertation tidspunkt 14:15 CET;2024-04-05;11,6118
B;Virkedag;EUR;Euro;NOK;Norske kroner;SP;Spot;4;false;0;Enheter;C;ECB concertation tidspunkt 14:15 CET;2024-04-08;11,5905
B;Virkedag;EUR;Euro;NOK;Norske kroner;SP;Spot;4;false;0;Enheter;C;ECB concertation tidspunkt 14:15 CET;2024-04-09;11,593
B;Virkedag;EUR;Euro;NOK;Norske kroner;SP;Spot;4;false;0;Enheter;C;ECB concertation tidspunkt 14:15 CET;2024-04-10;11,5665
B;Virkedag;EUR;Euro;NOK;Norske kroner;SP;Spot;4;false;0;Enheter;C;ECB concertation tidspunkt 14:15 CET;2024-04-11;11,618
B;Virkedag;EUR;Euro;NOK;Norske kroner;SP;Spot;4;false;0;Enheter;C;ECB concertation tidspunkt 14:15 CET;2024-04-12;11,587
B;Virkedag;EUR;Euro;NOK;Norske kroner;SP;Spot;4;false;0;Enheter;C;ECB concertation tidspunkt 14:15 CET;2024-04-15;11,626
B;Virkedag;EUR;Euro;NOK;Norske kroner;SP;Spot;4;false;0;Enheter;C;ECB concertation tidspunkt 14:15 CET;2024-04-16;11,6745
B;Virkedag;EUR;Euro;NOK;Norske kroner;SP;Spot;4;false;0;Enheter;C;ECB concertation tidspunkt 14:15 CET;2024-04-17;11,696
B;Virkedag;EUR;Euro;NOK;Norske kroner;SP;Spot;4;false;0;Enheter;C;ECB concertation tidspunkt 14:15 CET;2024-04-18;11,7375
B;Virkedag;EUR;Euro;NOK;Norske kroner;SP;Spot;4;false;0;Enheter;C;ECB concertation tidspunkt 14:15 CET;2024-04-19;11,765
B;Virkedag;EUR;Euro;NOK;Norske kroner;SP;Spot;4;false;0;Enheter;C;ECB concertation tidspunkt 14:15 CET;2024-04-22;11,7185
B;Virkedag;EUR;Euro;NOK;Norske kroner;SP;Spot;4;false;0;Enheter;C;ECB concertation tidspunkt 14:15 CET;2024-04-23;11,731
B;Virkedag;EUR;Euro;NOK;Norske kroner;SP;Spot;4;false;0;Enheter;C;ECB concertation tidspunkt 14:15 CET;2024-04-24;11,733
B;Virkedag;EUR;Euro;NOK;Norske kroner;SP;Spot;4;false;0;Enheter;C;ECB concertation tidspunkt 14:15 CET;2024-04-25;11,714
B;Virkedag;EUR;Euro;NOK;Norske kroner;SP;Spot;4;false;0;Enheter;C;ECB concertation tidspunkt 14:15 CET;2024-04-26;11,7995
B;Virkedag;EUR;Euro;NOK;Norske kroner;SP;Spot;4;false;0;Enheter;C;ECB concertation tidspunkt 14:15 CET;2024-04-29;11,7835
B;Virkedag;EUR;Euro;NOK;Norske kroner;SP;Spot;4;false;0;Enheter;C;ECB concertation tidspunkt 14:15 CET;2024-04-30;11,815
B;Virkedag;EUR;Euro;NOK;Norske kroner;SP;Spot;4;false;0;Enheter;C;ECB concertation tidspunkt 14:15 CET;2024-05-02;11,843
B;Virkedag;EUR;Euro;NOK;Norske kroner;SP;Spot;4;false;0;Enheter;C;ECB concertation tidspunkt 14:15 CET;2024-05-03;11,708
B;Virkedag;EUR;Euro;NOK;Norske kroner;SP;Spot;4;false;0;Enheter;C;ECB concertation tidspunkt 14:15 CET;2024-05-06;11,6663
B;Virkedag;EUR;Euro;NOK;Norske kroner;SP;Spot;4;false;0;Enheter;C;ECB concertation tidspunkt 14:15 CET;2024-05-07;11,698
B;Virkedag;EUR;Euro;NOK;Norske kroner;SP;Spot;4;false;0;Enheter;C;ECB concertation tidspunkt 14:15 CET;2024-05-08;11,757
B;Virkedag;EUR;Euro;NOK;Norske kroner;SP;Spot;4;false;0;Enheter;C;ECB concertation tidspunkt 14:15 CET;2024-05-10;11,6735
B;Virkedag;EUR;Euro;NOK;Norske kroner;SP;Spot;4;false;0;Enheter;C;ECB concertation tidspunkt 14:15 CET;2024-05-13;11,68
B;Virkedag;EUR;Euro;NOK;Norske kroner;SP;Spot;4;false;0;Enheter;C;ECB concertation tidspunkt 14:15 CET;2024-05-14;11,6815
B;Virkedag;EUR;Euro;NOK;Norske kroner;SP;Spot;4;false;0;Enheter;C;ECB concertation tidspunkt 14:15 CET;2024-05-15;11,649
B;Virkedag;EUR;Euro;NOK;Norske kroner;SP;Spot;4;false;0;Enheter;C;ECB concertation tidspunkt 14:15 CET;2024-05-16;11,642
B;Virkedag;EUR;Euro;NOK;Norske kroner;SP;Spot;4;false;0;Enheter;C;ECB concertation tidspunkt 14:15 CET;2024-05-21;11,583
B;Virkedag;EUR;Euro;NOK;Norske kroner;SP;Spot;4;false;0;Enheter;C;ECB concertation tidspunkt 14:15 CET;2024-05-22;11,585
B;Virkedag;EUR;Euro;NOK;Norske kroner;SP;Spot;4;false;0;Enheter;C;ECB concertation tidspunkt 14:15 CET;2024-05-23;11,5165
B;Virkedag;EUR;Euro;NOK;Norske kroner;SP;Spot;4;false;0;Enheter;C;ECB concertation tidspunkt 14:15 CET;2024-05-24;11,4953
B;Virkedag;EUR;Euro;NOK;Norske kroner;SP;Spot;4;false;0;Enheter;C;ECB concertation tidspunkt 14:15 CET;2024-05-27;11,415
B;Virkedag;EUR;Euro;NOK;Norske kroner;SP;Spot;4;false;0;Enheter;C;ECB concertation tidspunkt 14:15 CET;2024-05-28;11,407
B;Virkedag;EUR;Euro;NOK;Norske kroner;SP;Spot;4;false;0;Enheter;C;ECB concertation tidspunkt 14:15 CET;2024-05-29;11,417
B;Virkedag;EUR;Euro;NOK;Norske kroner;SP;Spot;4;false;0;Enheter;C;ECB concertation tidspunkt 14:15 CET;2024-05-30;11,4065
B;Virkedag;EUR;Euro;NOK;Norske kroner;SP;Spot;4;false;0;Enheter;C;ECB concertation tidspunkt 14:15 CET;2024-05-31;11,383
B;Virkedag;EUR;Euro;NOK;Norske kroner;SP;Spot;4;false;0;Enheter;C;ECB concertation tidspunkt 14:15 CET;2024-06-03;11,3885
B;Virkedag;EUR;Euro;NOK;Norske kroner;SP;Spot;4;false;0;Enheter;C;ECB concertation tidspunkt 14:15 CET;2024-06-04;11,489
B;Virkedag;EUR;Euro;NOK;Norske kroner;SP;Spot;4;false;0;Enheter;C;ECB concertation tidspunkt 14:15 CET;2024-06-05;11,475
B;Virkedag;EUR;Euro;NOK;Norske kroner;SP;Spot;4;false;0;Enheter;C;ECB concertation tidspunkt 14:15 CET;2024-06-06;11,5
B;Virkedag;EUR;Euro;NOK;Norske kroner;SP;Spot;4;false;0;Enheter;C;ECB concertation tidspunkt 14:15 CET;2024-06-07;11,4865
B;Virkedag;EUR;Euro;NOK;Norske kroner;SP;Spot;4;false;0;Enheter;C;ECB concertation tidspunkt 14:15 CET;2024-06-10;11,512
B;Virkedag;EUR;Euro;NOK;Norske kroner;SP;Spot;4;false;0;Enheter;C;ECB concertation tidspunkt 14:15 CET;2024-06-11;11,491
B;Virkedag;EUR;Euro;NOK;Norske kroner;SP;Spot;4;false;0;Enheter;C;ECB concertation tidspunkt 14:15 CET;2024-06-12;11,4675
B;Virkedag;EUR;Euro;NOK;Norske kroner;SP;Spot;4;false;0;Enheter;C;ECB concertation tidspunkt 14:15 CET;2024-06-13;11,4315
B;Virkedag;EUR;Euro;NOK;Norske kroner;SP;Spot;4;false;0;Enheter;C;ECB concertation tidspunkt 14:15 CET;2024-06-14;11,4025
B;Virkedag;EUR;Euro;NOK;Norske kroner;SP;Spot;4;false;0;Enheter;C;ECB concertation tidspunkt 14:15 CET;2024-06-17;11,486
B;Virkedag;EUR;Euro;NOK;Norske kroner;SP;Spot;4;false;0;Enheter;C;ECB concertation tidspunkt 14:15 CET;2024-06-18;11,448
B;Virkedag;EUR;Euro;NOK;Norske kroner;SP;Spot;4;false;0;Enheter;C;ECB concertation tidspunkt 14:15 CET;2024-06-19;11,354
B;Virkedag;EUR;Euro;NOK;Norske kroner;SP;Spot;4;false;0;Enheter;C;ECB concertation tidspunkt 14:15 CET;2024-06-20;11,2915
B;Virkedag;EUR;Euro;NOK;Norske kroner;SP;Spot;4;false;0;Enheter;C;ECB concertation tidspunkt 14:15 CET;2024-06-21;11,2685
B;Virkedag;EUR;Euro;NOK;Norske kroner;SP;Spot;4;false;0;Enheter;C;ECB concertation tidspunkt 14:15 CET;2024-06-24;11,349
B;Virkedag;EUR;Euro;NOK;Norske kroner;SP;Spot;4;false;0;Enheter;C;ECB concertation tidspunkt 14:15 CET;2024-06-25;11,3265
B;Virkedag;EUR;Euro;NOK;Norske kroner;SP;Spot;4;false;0;Enheter;C;ECB concertation tidspunkt 14:15 CET;2024-06-26;11,3945
B;Virkedag;EUR;Euro;NOK;Norske kroner;SP;Spot;4;false;0;Enheter;C;ECB concertation tidspunkt 14:15 CET;2024-06-27;11,398
B;Virkedag;EUR;Euro;NOK;Norske kroner;SP;Spot;4;false;0;Enheter;C;ECB concertation tidspunkt 14:15 CET;2024-06-28;11,3965
B;Virkedag;EUR;Euro;NOK;Norske kroner;SP;Spot;4;false;0;Enheter;C;ECB concertation tidspunkt 14:15 CET;2024-07-01;11,4315
B;Virkedag;EUR;Euro;NOK;Norske kroner;SP;Spot;4;false;0;Enheter;C;ECB concertation tidspunkt 14:15 CET;2024-07-02;11,4795
B;Virkedag;EUR;Euro;NOK;Norske kroner;SP;Spot;4;false;0;Enheter;C;ECB concertation tidspunkt 14:15 CET;2024-07-03;11,4583
B;Virkedag;EUR;Euro;NOK;Norske kroner;SP;Spot;4;false;0;Enheter;C;ECB concertation tidspunkt 14:15 CET;2024-07-04;11,4015
B;Virkedag;EUR;Euro;NOK;Norske kroner;SP;Spot;4;false;0;Enheter;C;ECB concertation tidspunkt 14:15 CET;2024-07-05;11,448
B;Virkedag;EUR;Euro;NOK;Norske kroner;SP;Spot;4;false;0;Enheter;C;ECB concertation tidspunkt 14:15 CET;2024-07-08;11,4575
B;Virkedag;EUR;Euro;NOK;Norske kroner;SP;Spot;4;false;0;Enheter;C;ECB concertation tidspunkt 14:15 CET;2024-07-09;11,489
B;Virkedag;EUR;Euro;NOK;Norske kroner;SP;Spot;4;false;0;Enheter;C;ECB concertation tidspunkt 14:15 CET;2024-07-10;11,607
B;Virkedag;EUR;Euro;NOK;Norske kroner;SP;Spot;4;false;0;Enheter;C;ECB concertation tidspunkt 14:15 CET;2024-07-11;11,6725
B;Virkedag;EUR;Euro;NOK;Norske kroner;SP;Spot;4;false;0;Enheter;C;ECB concertation tidspunkt 14:15 CET;2024-07-12;11,7025
B;Virkedag;EUR;Euro;NOK;Norske kroner;SP;Spot;4;false;0;Enheter;C;ECB concertation tidspunkt 14:15 CET;2024-07-15;11,746
B;Virkedag;EUR;Euro;NOK;Norske kroner;SP;Spot;4;false;0;Enheter;C;ECB concertation tidspunkt 14:15 CET;2024-07-16;11,7815
B;Virkedag;EUR;Euro;NOK;Norske kroner;SP;Spot;4;false;0;Enheter;C;ECB concertation tidspunkt 14:15 CET;2024-07-17;11,7575
B;Virkedag;EUR;Euro;NOK;Norske kroner;SP;Spot;4;false;0;Enheter;C;ECB concertation tidspunkt 14:15 CET;2024-07-18;11,748
B;Virkedag;EUR;Euro;NOK;Norske kroner;SP;Spot;4;false;0;Enheter;C;ECB concertation tidspunkt 14:15 CET;2024-07-19;11,8255
B;Virkedag;EUR;Euro;NOK;Norske kroner;SP;Spot;4;false;0;Enheter;C;ECB concertation tidspunkt 14:15 CET;2024-07-22;11,9165
B;Virkedag;EUR;Euro;NOK;Norske kroner;SP;Spot;4;false;0;Enheter;C;ECB concertation tidspunkt 14:15 CET;2024-07-23;11,9635
B;Virkedag;EUR;Euro;NOK;Norske kroner;SP;Spot;4;false;0;Enheter;C;ECB concertation tidspunkt 14:15 CET;2024-07-24;11,942
B;Virkedag;EUR;Euro;NOK;Norske kroner;SP;Spot;4;false;0;Enheter;C;ECB concertation tidspunkt 14:15 CET;2024-07-25;12,0825
B;Virkedag;EUR;Euro;NOK;Norske kroner;SP;Spot;4;false;0;Enheter;C;ECB concertation tidspunkt 14:15 CET;2024-07-26;11,937
B;Virkedag;EUR;Euro;NOK;Norske kroner;SP;Spot;4;false;0;Enheter;C;ECB concertation tidspunkt 14:15 CET;2024-07-29;11,9155
B;Virkedag;EUR;Euro;NOK;Norske kroner;SP;Spot;4;false;0;Enheter;C;ECB concertation tidspunkt 14:15 CET;2024-07-30;11,8885
B;Virkedag;EUR;Euro;NOK;Norske kroner;SP;Spot;4;false;0;Enheter;C;ECB concertation tidspunkt 14:15 CET;2024-07-31;11,8175
B;Virkedag;EUR;Euro;NOK;Norske kroner;SP;Spot;4;false;0;Enheter;C;ECB concertation tidspunkt 14:15 CET;2024-08-01;11,7465
B;Virkedag;EUR;Euro;NOK;Norske kroner;SP;Spot;4;false;0;Enheter;C;ECB concertation tidspunkt 14:15 CET;2024-08-02;11,929
B;Virkedag;EUR;Euro;NOK;Norske kroner;SP;Spot;4;false;0;Enheter;C;ECB concertation tidspunkt 14:15 CET;2024-08-05;12,1108
B;Virkedag;EUR;Euro;NOK;Norske kroner;SP;Spot;4;false;0;Enheter;C;ECB concertation tidspunkt 14:15 CET;2024-08-06;12,0005
B;Virkedag;EUR;Euro;NOK;Norske kroner;SP;Spot;4;false;0;Enheter;C;ECB concertation tidspunkt 14:15 CET;2024-08-07;11,781
B;Virkedag;EUR;Euro;NOK;Norske kroner;SP;Spot;4;false;0;Enheter;C;ECB concertation tidspunkt 14:15 CET;2024-08-08;11,8825
B;Virkedag;EUR;Euro;NOK;Norske kroner;SP;Spot;4;false;0;Enheter;C;ECB concertation tidspunkt 14:15 CET;2024-08-09;11,8295
B;Virkedag;EUR;Euro;NOK;Norske kroner;SP;Spot;4;false;0;Enheter;C;ECB concertation tidspunkt 14:15 CET;2024-08-12;11,7745
B;Virkedag;EUR;Euro;NOK;Norske kroner;SP;Spot;4;false;0;Enheter;C;ECB concertation tidspunkt 14:15 CET;2024-08-13;11,797
B;Virkedag;EUR;Euro;NOK;Norske kroner;SP;Spot;4;false;0;Enheter;C;ECB concertation tidspunkt 14:15 CET;2024-08-14;11,7665
B;Virkedag;EUR;Euro;NOK;Norske kroner;SP;Spot;4;false;0;Enheter;C;ECB concertation tidspunkt 14:15 CET;2024-08-15;11,7455
B;Virkedag;EUR;Euro;NOK;Norske kroner;SP;Spot;4;false;0;Enheter;C;ECB concertation tidspunkt 14:15 CET;2024-08-16;11,8185
B;Virkedag;EUR;Euro;NOK;Norske kroner;SP;Spot;4;false;0;Enheter;C;ECB concertation tidspunkt 14:15 CET;2024-08-19;11,7345
B;Virkedag;EUR;Euro;NOK;Norske kroner;SP;Spot;4;false;0;Enheter;C;ECB concertation tidspunkt 14:15 CET;2024-08-20;11,6825
B;Virkedag;EUR;Euro;NOK;Norske kroner;SP;Spot;4;false;0;Enheter;C;ECB concertation tidspunkt 14:15 CET;2024-08-21;11,683
B;Virkedag;EUR;Euro;NOK;Norske kroner;SP;Spot;4;false;0;Enheter;C;ECB concertation tidspunkt 14:15 CET;2024-08-22;11,7685
B;Virkedag;EUR;Euro;NOK;Norske kroner;SP;Spot;4;false;0;Enheter;C;ECB concertation tidspunkt 14:15 CET;2024-08-23;11,802
B;Virkedag;EUR;Euro;NOK;Norske kroner;SP;Spot;4;false;0;Enheter;C;ECB concertation tidspunkt 14:15 CET;2024-08-26;11,7785
B;Virkedag;EUR;Euro;NOK;Norske kroner;SP;Spot;4;false;0;Enheter;C;ECB concertation tidspunkt 14:15 CET;2024-08-27;11,723
B;Virkedag;EUR;Euro;NOK;Norske kroner;SP;Spot;4;false;0;Enheter;C;ECB concertation tidspunkt 14:15 CET;2024-08-28;11,712
B;Virkedag;EUR;Euro;NOK;Norske kroner;SP;Spot;4;false;0;Enheter;C;ECB concertation tidspunkt 14:15 CET;2024-08-29;11,641
B;Virkedag;EUR;Euro;NOK;Norske kroner;SP;Spot;4;false;0;Enheter;C;ECB concertation tidspunkt 14:15 CET;2024-08-30;11,662
B;Virkedag;EUR;Euro;NOK;Norske kroner;SP;Spot;4;false;0;Enheter;C;ECB concertation tidspunkt 14:15 CET;2024-09-02;11,73
B;Virkedag;EUR;Euro;NOK;Norske kroner;SP;Spot;4;false;0;Enheter;C;ECB concertation tidspunkt 14:15 CET;2024-09-03;11,766
B;Virkedag;EUR;Euro;NOK;Norske kroner;SP;Spot;4;false;0;Enheter;C;ECB concertation tidspunkt 14:15 CET;2024-09-04;11,805
B;Virkedag;EUR;Euro;NOK;Norske kroner;SP;Spot;4;false;0;Enheter;C;ECB concertation tidspunkt 14:15 CET;2024-09-05;11,7895
B;Virkedag;EUR;Euro;NOK;Norske kroner;SP;Spot;4;false;0;Enheter;C;ECB concertation tidspunkt 14:15 CET;2024-09-06;11,8015
B;Virkedag;EUR;Euro;NOK;Norske kroner;SP;Spot;4;false;0;Enheter;C;ECB concertation tidspunkt 14:15 CET;2024-09-09;11,9405
B;Virkedag;EUR;Euro;NOK;Norske kroner;SP;Spot;4;false;0;Enheter;C;ECB concertation tidspunkt 14:15 CET;2024-09-10;11,902
B;Virkedag;EUR;Euro;NOK;Norske kroner;SP;Spot;4;false;0;Enheter;C;ECB concertation tidspunkt 14:15 CET;2024-09-11;11,937
B;Virkedag;EUR;Euro;NOK;Norske kroner;SP;Spot;4;false;0;Enheter;C;ECB concertation tidspunkt 14:15 CET;2024-09-12;11,934
B;Virkedag;EUR;Euro;NOK;Norske kroner;SP;Spot;4;false;0;Enheter;C;ECB concertation tidspunkt 14:15 CET;2024-09-13;11,8495
B;Virkedag;EUR;Euro;NOK;Norske kroner;SP;Spot;4;false;0;Enheter;C;ECB concertation tidspunkt 14:15 CET;2024-09-16;11,78
B;Virkedag;EUR;Euro;NOK;Norske kroner;SP;Spot;4;false;0;Enheter;C;ECB concertation tidspunkt 14:15 CET;2024-09-17;11,7885
B;Virkedag;EUR;Euro;NOK;Norske kroner;SP;Spot;4;false;0;Enheter;C;ECB concertation tidspunkt 14:15 CET;2024-09-18;11,7753
B;Virkedag;EUR;Euro;NOK;Norske kroner;SP;Spot;4;false;0;Enheter;C;ECB concertation tidspunkt 14:15 CET;2024-09-19;11,6678
B;Virkedag;EUR;Euro;NOK;Norske kroner;SP;Spot;4;false;0;Enheter;C;ECB concertation tidspunkt 14:15 CET;2024-09-20;11,733
B;Virkedag;EUR;Euro;NOK;Norske kroner;SP;Spot;4;false;0;Enheter;C;ECB concertation tidspunkt 14:15 CET;2024-09-23;11,686
B;Virkedag;EUR;Euro;NOK;Norske kroner;SP;Spot;4;false;0;Enheter;C;ECB concertation tidspunkt 14:15 CET;2024-09-24;11,612
B;Virkedag;EUR;Euro;NOK;Norske kroner;SP;Spot;4;false;0;Enheter;C;ECB concertation tidspunkt 14:15 CET;2024-09-25;11,684
B;Virkedag;EUR;Euro;NOK;Norske kroner;SP;Spot;4;false;0;Enheter;C;ECB concertation tidspunkt 14:15 CET;2024-09-26;11,7865
B;Virkedag;EUR;Euro;NOK;Norske kroner;SP;Spot;4;false;0;Enheter;C;ECB concertation tidspunkt 14:15 CET;2024-09-27;11,7575
B;Virkedag;EUR;Euro;NOK;Norske kroner;SP;Spot;4;false;0;Enheter;C;ECB concertation tidspunkt 14:15 CET;2024-09-30;11,7645
B;Virkedag;EUR;Euro;NOK;Norske kroner;SP;Spot;4;false;0;Enheter;C;ECB concertation tidspunkt 14:15 CET;2024-10-01;11,7305
B;Virkedag;EUR;Euro;NOK;Norske kroner;SP;Spot;4;false;0;Enheter;C;ECB concertation tidspunkt 14:15 CET;2024-10-02;11,6735
B;Virkedag;EUR;Euro;NOK;Norske kroner;SP;Spot;4;false;0;Enheter;C;ECB concertation tidspunkt 14:15 CET;2024-10-03;11,7195
B;Virkedag;EUR;Euro;NOK;Norske kroner;SP;Spot;4;false;0;Enheter;C;ECB concertation tidspunkt 14:15 CET;2024-10-04;11,6845
B;Virkedag;EUR;Euro;NOK;Norske kroner;SP;Spot;4;false;0;Enheter;C;ECB concertation tidspunkt 14:15 CET;2024-10-07;11,656
B;Virkedag;EUR;Euro;NOK;Norske kroner;SP;Spot;4;false;0;Enheter;C;ECB concertation tidspunkt 14:15 CET;2024-10-08;11,687
B;Virkedag;EUR;Euro;NOK;Norske kroner;SP;Spot;4;false;0;Enheter;C;ECB concertation tidspunkt 14:15 CET;2024-10-09;11,786
B;Virkedag;EUR;Euro;NOK;Norske kroner;SP;Spot;4;false;0;Enheter;C;ECB concertation tidspunkt 14:15 CET;2024-10-10;11,792
B;Virkedag;EUR;Euro;NOK;Norske kroner;SP;Spot;4;false;0;Enheter;C;ECB concertation tidspunkt 14:15 CET;2024-10-11;11,7393
B;Virkedag;EUR;Euro;NOK;Norske kroner;SP;Spot;4;false;0;Enheter;C;ECB concertation tidspunkt 14:15 CET;2024-10-14;11,7465
B;Virkedag;EUR;Euro;NOK;Norske kroner;SP;Spot;4;false;0;Enheter;C;ECB concertation tidspunkt 14:15 CET;2024-10-15;11,766
B;Virkedag;EUR;Euro;NOK;Norske kroner;SP;Spot;4;false;0;Enheter;C;ECB concertation tidspunkt 14:15 CET;2024-10-16;11,8015
B;Virkedag;EUR;Euro;NOK;Norske kroner;SP;Spot;4;false;0;Enheter;C;ECB concertation tidspunkt 14:15 CET;2024-10-17;11,8735
B;Virkedag;EUR;Euro;NOK;Norske kroner;SP;Spot;4;false;0;Enheter;C;ECB concertation tidspunkt 14:15 CET;2024-10-18;11,8115
B;Virkedag;EUR;Euro;NOK;Norske kroner;SP;Spot;4;false;0;Enheter;C;ECB concertation tidspunkt 14:15 CET;2024-10-21;11,838
B;Virkedag;EUR;Euro;NOK;Norske kroner;SP;Spot;4;false;0;Enheter;C;ECB concertation tidspunkt 14:15 CET;2024-10-22;11,823
B;Virkedag;EUR;Euro;NOK;Norske kroner;SP;Spot;4;false;0;Enheter;C;ECB concertation tidspunkt 14:15 CET;2024-10-23;11,8525
B;Virkedag;EUR;Euro;NOK;Norske kroner;SP;Spot;4;false;0;Enheter;C;ECB concertation tidspunkt 14:15 CET;2024-10-24;11,8155
B;Virkedag;EUR;Euro;NOK;Norske kroner;SP;Spot;4;false;0;Enheter;C;ECB concertation tidspunkt 14:15 CET;2024-10-25;11,8195
B;Virkedag;EUR;Euro;NOK;Norske kroner;SP;Spot;4;false;0;Enheter;C;ECB concertation tidspunkt 14:15 CET;2024-10-28;11,912
B;Virkedag;EUR;Euro;NOK;Norske kroner;SP;Spot;4;false;0;Enheter;C;ECB concertation tidspunkt 14:15 CET;2024-10-29;11,8415
B;Virkedag;EUR;Euro;NOK;Norske kroner;SP;Spot;4;false;0;Enheter;C;ECB concertation tidspunkt 14:15 CET;2024-10-30;11,8785
B;Virkedag;EUR;Euro;NOK;Norske kroner;SP;Spot;4;false;0;Enheter;C;ECB concertation tidspunkt 14:15 CET;2024-10-31;11,9385
B;Virkedag;EUR;Euro;NOK;Norske kroner;SP;Spot;4;false;0;Enheter;C;ECB concertation tidspunkt 14:15 CET;2024-11-01;11,96
B;Virkedag;EUR;Euro;NOK;Norske kroner;SP;Spot;4;false;0;Enheter;C;ECB concertation tidspunkt 14:15 CET;2024-11-04;11,9465
B;Virkedag;EUR;Euro;NOK;Norske kroner;SP;Spot;4;false;0;Enheter;C;ECB concertation tidspunkt 14:15 CET;2024-11-05;11,96
B;Virkedag;EUR;Euro;NOK;Norske kroner;SP;Spot;4;false;0;Enheter;C;ECB concertation tidspunkt 14:15 CET;2024-11-06;11,909
B;Virkedag;EUR;Euro;NOK;Norske kroner;SP;Spot;4;false;0;Enheter;C;ECB concertation tidspunkt 14:15 CET;2024-11-07;11,7485
B;Virkedag;EUR;Euro;NOK;Norske kroner;SP;Spot;4;false;0;Enheter;C;ECB concertation tidspunkt 14:15 CET;2024-11-08;11,7735
B;Virkedag;EUR;Euro;NOK;Norske kroner;SP;Spot;4;false;0;Enheter;C;ECB concertation tidspunkt 14:15 CET;2024-11-11;11,7865
B;Virkedag;EUR;Euro;NOK;Norske kroner;SP;Spot;4;false;0;Enheter;C;ECB concertation tidspunkt 14:15 CET;2024-11-12;11,7385
B;Virkedag;EUR;Euro;NOK;Norske kroner;SP;Spot;4;false;0;Enheter;C;ECB concertation tidspunkt 14:15 CET;2024-11-13;11,7645
B;Virkedag;EUR;Euro;NOK;Norske kroner;SP;Spot;4;false;0;Enheter;C;ECB concertation tidspunkt 14:15 CET;2024-11-14;11,759
B;Virkedag;EUR;Euro;NOK;Norske kroner;SP;Spot;4;false;0;Enheter;C;ECB concertation tidspunkt 14:15 CET;2024-11-15;11,699
B;Virkedag;EUR;Euro;NOK;Norske kroner;SP;Spot;4;false;0;Enheter;C;ECB concertation tidspunkt 14:15 CET;2024-11-18;11,717
B;Virkedag;EUR;Euro;NOK;Norske kroner;SP;Spot;4;false;0;Enheter;C;ECB concertation tidspunkt 14:15 CET;2024-11-19;11,6595
B;Virkedag;EUR;Euro;NOK;Norske kroner;SP;Spot;4;false;0;Enheter;C;ECB concertation tidspunkt 14:15 CET;2024-11-20;11,644
B;Virkedag;EUR;Euro;NOK;Norske kroner;SP;Spot;4;false;0;Enheter;C;ECB concertation tidspunkt 14:15 CET;2024-11-21;11,62
B;Virkedag;EUR;Euro;NOK;Norske kroner;SP;Spot;4;false;0;Enheter;C;ECB concertation tidspunkt 14:15 CET;2024-11-22;11,568
B;Virkedag;EUR;Euro;NOK;Norske kroner;SP;Spot;4;false;0;Enheter;C;ECB concertation tidspunkt 14:15 CET;2024-11-25;11,5865
B;Virkedag;EUR;Euro;NOK;Norske kroner;SP;Spot;4;false;0;Enheter;C;ECB concertation tidspunkt 14:15 CET;2024-11-26;11,6815
B;Virkedag;EUR;Euro;NOK;Norske kroner;SP;Spot;4;false;0;Enheter;C;ECB concertation tidspunkt 14:15 CET;2024-11-27;11,69
B;Virkedag;EUR;Euro;NOK;Norske kroner;SP;Spot;4;false;0;Enheter;C;ECB concertation tidspunkt 14:15 CET;2024-11-28;11,664
B;Virkedag;EUR;Euro;NOK;Norske kroner;SP;Spot;4;false;0;Enheter;C;ECB concertation tidspunkt 14:15 CET;2024-11-29;11,6805
B;Virkedag;EUR;Euro;NOK;Norske kroner;SP;Spot;4;false;0;Enheter;C;ECB concertation tidspunkt 14:15 CET;2024-12-02;11,659
B;Virkedag;EUR;Euro;NOK;Norske kroner;SP;Spot;4;false;0;Enheter;C;ECB concertation tidspunkt 14:15 CET;2024-12-03;11,629
B;Virkedag;EUR;Euro;NOK;Norske kroner;SP;Spot;4;false;0;Enheter;C;ECB concertation tidspunkt 14:15 CET;2024-12-04;11,6205
B;Virkedag;EUR;Euro;NOK;Norske kroner;SP;Spot;4;false;0;Enheter;C;ECB concertation tidspunkt 14:15 CET;2024-12-05;11,66
B;Virkedag;EUR;Euro;NOK;Norske kroner;SP;Spot;4;false;0;Enheter;C;ECB concertation tidspunkt 14:15 CET;2024-12-06;11,7445
B;Virkedag;EUR;Euro;NOK;Norske kroner;SP;Spot;4;false;0;Enheter;C;ECB concertation tidspunkt 14:15 CET;2024-12-09;11,7435
B;Virkedag;EUR;Euro;NOK;Norske kroner;SP;Spot;4;false;0;Enheter;C;ECB concertation tidspunkt 14:15 CET;2024-12-10;11,7315
B;Virkedag;EUR;Euro;NOK;Norske kroner;SP;Spot;4;false;0;Enheter;C;ECB concertation tidspunkt 14:15 CET;2024-12-11;11,712
B;Virkedag;EUR;Euro;NOK;Norske kroner;SP;Spot;4;false;0;Enheter;C;ECB concertation tidspunkt 14:15 CET;2024-12-12;11,654
B;Virkedag;EUR;Euro;NOK;Norske kroner;SP;Spot;4;false;0;Enheter;C;ECB concertation tidspunkt 14:15 CET;2024-12-13;11,6758
B;Virkedag;EUR;Euro;NOK;Norske kroner;SP;Spot;4;false;0;Enheter;C;ECB concertation tidspunkt 14:15 CET;2024-12-16;11,716
B;Virkedag;EUR;Euro;NOK;Norske kroner;SP;Spot;4;false;0;Enheter;C;ECB concertation tidspunkt 14:15 CET;2024-12-17;11,7635
B;Virkedag;EUR;Euro;NOK;Norske kroner;SP;Spot;4;false;0;Enheter;C;ECB concertation tidspunkt 14:15 CET;2024-12-18;11,762
B;Virkedag;EUR;Euro;NOK;Norske kroner;SP;Spot;4;false;0;Enheter;C;ECB concertation tidspunkt 14:15 CET;2024-12-19;11,8143
B;Virkedag;EUR;Euro;NOK;Norske kroner;SP;Spot;4;false;0;Enheter;C;ECB concertation tidspunkt 14:15 CET;2024-12-20;11,8685
B;Virkedag;EUR;Euro;NOK;Norske kroner;SP;Spot;4;false;0;Enheter;C;ECB concertation tidspunkt 14:15 CET;2024-12-23;11,807
B;Virkedag;EUR;Euro;NOK;Norske kroner;SP;Spot;4;false;0;Enheter;C;ECB concertation tidspunkt 14:15 CET;2024-12-27;11,8435
B;Virkedag;EUR;Euro;NOK;Norske kroner;SP;Spot;4;false;0;Enheter;C;ECB concertation tidspunkt 14:15 CET;2024-12-30;11,8455
B;Virkedag;EUR;Euro;NOK;Norske kroner;SP;Spot;4;false;0;Enheter;C;ECB concertation tidspunkt 14:15 CET;2024-12-31;11,795
B;Virkedag;EUR;Euro;NOK;Norske kroner;SP;Spot;4;false;0;Enheter;C;ECB concertation tidspunkt 14:15 CET;2025-01-02;11,7173
B;Virkedag;EUR;Euro;NOK;Norske kroner;SP;Spot;4;false;0;Enheter;C;ECB concertation tidspunkt 14:15 CET;2025-01-03;11,713
B;Virkedag;EUR;Euro;NOK;Norske kroner;SP;Spot;4;false;0;Enheter;C;ECB concertation tidspunkt 14:15 CET;2025-01-06;11,7095
B;Virkedag;EUR;Euro;NOK;Norske kroner;SP;Spot;4;false;0;Enheter;C;ECB concertation tidspunkt 14:15 CET;2025-01-07;11,7385
B;Virkedag;EUR;Euro;NOK;Norske kroner;SP;Spot;4;false;0;Enheter;C;ECB concertation tidspunkt 14:15 CET;2025-01-08;11,738
B;Virkedag;EUR;Euro;NOK;Norske kroner;SP;Spot;4;false;0;Enheter;C;ECB concertation tidspunkt 14:15 CET;2025-01-09;11,7605
B;Virkedag;EUR;Euro;NOK;Norske kroner;SP;Spot;4;false;0;Enheter;C;ECB concertation tidspunkt 14:15 CET;2025-01-10;11,757
B;Virkedag;EUR;Euro;NOK;Norske kroner;SP;Spot;4;false;0;Enheter;C;ECB concertation tidspunkt 14:15 CET;2025-01-13;11,709
B;Virkedag;EUR;Euro;NOK;Norske kroner;SP;Spot;4;false;0;Enheter;C;ECB concertation tidspunkt 14:15 CET;2025-01-14;11,7195
B;Virkedag;EUR;Euro;NOK;Norske kroner;SP;Spot;4;false;0;Enheter;C;ECB concertation tidspunkt 14:15 CET;2025-01-15;11,7035
B;Virkedag;EUR;Euro;NOK;Norske kroner;SP;Spot;4;false;0;Enheter;C;ECB concertation tidspunkt 14:15 CET;2025-01-16;11,6965
B;Virkedag;EUR;Euro;NOK;Norske kroner;SP;Spot;4;false;0;Enheter;C;ECB concertation tidspunkt 14:15 CET;2025-01-17;11,759
B;Virkedag;EUR;Euro;NOK;Norske kroner;SP;Spot;4;false;0;Enheter;C;ECB concertation tidspunkt 14:15 CET;2025-01-20;11,7665
B;Virkedag;EUR;Euro;NOK;Norske kroner;SP;Spot;4;false;0;Enheter;C;ECB concertation tidspunkt 14:15 CET;2025-01-21;11,817
B;Virkedag;EUR;Euro;NOK;Norske kroner;SP;Spot;4;false;0;Enheter;C;ECB concertation tidspunkt 14:15 CET;2025-01-22;11,7525
B;Virkedag;EUR;Euro;NOK;Norske kroner;SP;Spot;4;false;0;Enheter;C;ECB concertation tidspunkt 14:15 CET;2025-01-23;11,7305
B;Virkedag;EUR;Euro;NOK;Norske kroner;SP;Spot;4;false;0;Enheter;C;ECB concertation tidspunkt 14:15 CET;2025-01-24;11,7495
B;Virkedag;EUR;Euro;NOK;Norske kroner;SP;Spot;4;false;0;Enheter;C;ECB concertation tidspunkt 14:15 CET;2025-01-27;11,8095
B;Virkedag;EUR;Euro;NOK;Norske kroner;SP;Spot;4;false;0;Enheter;C;ECB concertation tidspunkt 14:15 CET;2025-01-28;11,7785
B;Virkedag;EUR;Euro;NOK;Norske kroner;SP;Spot;4;false;0;Enheter;C;ECB concertation tidspunkt 14:15 CET;2025-01-29;11,7785
B;Virkedag;EUR;Euro;NOK;Norske kroner;SP;Spot;4;false;0;Enheter;C;ECB concertation tidspunkt 14:15 CET;2025-01-30;11,7615
B;Virkedag;EUR;Euro;NOK;Norske kroner;SP;Spot;4;false;0;Enheter;C;ECB concertation tidspunkt 14:15 CET;2025-01-31;11,7373
B;Virkedag;EUR;Euro;NOK;Norske kroner;SP;Spot;4;false;0;Enheter;C;ECB concertation tidspunkt 14:15 CET;2025-02-03;11,7138
B;Virkedag;EUR;Euro;NOK;Norske kroner;SP;Spot;4;false;0;Enheter;C;ECB concertation tidspunkt 14:15 CET;2025-02-04;11,721
B;Virkedag;EUR;Euro;NOK;Norske kroner;SP;Spot;4;false;0;Enheter;C;ECB concertation tidspunkt 14:15 CET;2025-02-05;11,6693
B;Virkedag;EUR;Euro;NOK;Norske kroner;SP;Spot;4;false;0;Enheter;C;ECB concertation tidspunkt 14:15 CET;2025-02-06;11,6585
B;Virkedag;EUR;Euro;NOK;Norske kroner;SP;Spot;4;false;0;Enheter;C;ECB concertation tidspunkt 14:15 CET;2025-02-07;11,625
B;Virkedag;EUR;Euro;NOK;Norske kroner;SP;Spot;4;false;0;Enheter;C;ECB concertation tidspunkt 14:15 CET;2025-02-10;11,5745
B;Virkedag;EUR;Euro;NOK;Norske kroner;SP;Spot;4;false;0;Enheter;C;ECB concertation tidspunkt 14:15 CET;2025-02-11;11,5755
B;Virkedag;EUR;Euro;NOK;Norske kroner;SP;Spot;4;false;0;Enheter;C;ECB concertation tidspunkt 14:15 CET;2025-02-12;11,662
B;Virkedag;EUR;Euro;NOK;Norske kroner;SP;Spot;4;false;0;Enheter;C;ECB concertation tidspunkt 14:15 CET;2025-02-13;11,7145
B;Virkedag;EUR;Euro;NOK;Norske kroner;SP;Spot;4;false;0;Enheter;C;ECB concertation tidspunkt 14:15 CET;2025-02-14;11,6515
B;Virkedag;EUR;Euro;NOK;Norske kroner;SP;Spot;4;false;0;Enheter;C;ECB concertation tidspunkt 14:15 CET;2025-02-17;11,6415
B;Virkedag;EUR;Euro;NOK;Norske kroner;SP;Spot;4;false;0;Enheter;C;ECB concertation tidspunkt 14:15 CET;2025-02-18;11,659
B;Virkedag;EUR;Euro;NOK;Norske kroner;SP;Spot;4;false;0;Enheter;C;ECB concertation tidspunkt 14:15 CET;2025-02-19;11,629
B;Virkedag;EUR;Euro;NOK;Norske kroner;SP;Spot;4;false;0;Enheter;C;ECB concertation tidspunkt 14:15 CET;2025-02-20;11,609
B;Virkedag;EUR;Euro;NOK;Norske kroner;SP;Spot;4;false;0;Enheter;C;ECB concertation tidspunkt 14:15 CET;2025-02-21;11,629
B;Virkedag;EUR;Euro;NOK;Norske kroner;SP;Spot;4;false;0;Enheter;C;ECB concertation tidspunkt 14:15 CET;2025-02-24;11,6355
B;Virkedag;EUR;Euro;NOK;Norske kroner;SP;Spot;4;false;0;Enheter;C;ECB concertation tidspunkt 14:15 CET;2025-02-25;11,6638
B;Virkedag;EUR;Euro;NOK;Norske kroner;SP;Spot;4;false;0;Enheter;C;ECB concertation tidspunkt 14:15 CET;2025-02-26;11,6895
B;Virkedag;EUR;Euro;NOK;Norske kroner;SP;Spot;4;false;0;Enheter;C;ECB concertation tidspunkt 14:15 CET;2025-02-27;11,7015
B;Virkedag;EUR;Euro;NOK;Norske kroner;SP;Spot;4;false;0;Enheter;C;ECB concertation tidspunkt 14:15 CET;2025-02-28;11,7245
B;Virkedag;EUR;Euro;NOK;Norske kroner;SP;Spot;4;false;0;Enheter;C;ECB concertation tidspunkt 14:15 CET;2025-03-03;11,695
B;Virkedag;EUR;Euro;NOK;Norske kroner;SP;Spot;4;false;0;Enheter;C;ECB concertation tidspunkt 14:15 CET;2025-03-04;11,808
B;Virkedag;EUR;Euro;NOK;Norske kroner;SP;Spot;4;false;0;Enheter;C;ECB concertation tidspunkt 14:15 CET;2025-03-05;11,82
B;Virkedag;EUR;Euro;NOK;Norske kroner;SP;Spot;4;false;0;Enheter;C;ECB concertation tidspunkt 14:15 CET;2025-03-06;11,716
B;Virkedag;EUR;Euro;NOK;Norske kroner;SP;Spot;4;false;0;Enheter;C;ECB concertation tidspunkt 14:15 CET;2025-03-07;11,759
B;Virkedag;EUR;Euro;NOK;Norske kroner;SP;Spot;4;false;0;Enheter;C;ECB concertation tidspunkt 14:15 CET;2025-03-10;11,6705
B;Virkedag;EUR;Euro;NOK;Norske kroner;SP;Spot;4;false;0;Enheter;C;ECB concertation tidspunkt 14:15 CET;2025-03-11;11,634
B;Virkedag;EUR;Euro;NOK;Norske kroner;SP;Spot;4;false;0;Enheter;C;ECB concertation tidspunkt 14:15 CET;2025-03-12;11,6085
B;Virkedag;EUR;Euro;NOK;Norske kroner;SP;Spot;4;false;0;Enheter;C;ECB concertation tidspunkt 14:15 CET;2025-03-13;11,5975
B;Virkedag;EUR;Euro;NOK;Norske kroner;SP;Spot;4;false;0;Enheter;C;ECB concertation tidspunkt 14:15 CET;2025-03-14;11,62
B;Virkedag;EUR;Euro;NOK;Norske kroner;SP;Spot;4;false;0;Enheter;C;ECB concertation tidspunkt 14:15 CET;2025-03-17;11,5283
B;Virkedag;EUR;Euro;NOK;Norske kroner;SP;Spot;4;false;0;Enheter;C;ECB concertation tidspunkt 14:15 CET;2025-03-18;11,528
B;Virkedag;EUR;Euro;NOK;Norske kroner;SP;Spot;4;false;0;Enheter;C;ECB concertation tidspunkt 14:15 CET;2025-03-19;11,505
B;Virkedag;EUR;Euro;NOK;Norske kroner;SP;Spot;4;false;0;Enheter;C;ECB concertation tidspunkt 14:15 CET;2025-03-20;11,5025
B;Virkedag;EUR;Euro;NOK;Norske kroner;SP;Spot;4;false;0;Enheter;C;ECB concertation tidspunkt 14:15 CET;2025-03-21;11,401
B;Virkedag;EUR;Euro;NOK;Norske kroner;SP;Spot;4;false;0;Enheter;C;ECB concertation tidspunkt 14:15 CET;2025-03-24;11,3795
B;Virkedag;EUR;Euro;NOK;Norske kroner;SP;Spot;4;false;0;Enheter;C;ECB concertation tidspunkt 14:15 CET;2025-03-25;11,309
B;Virkedag;EUR;Euro;NOK;Norske kroner;SP;Spot;4;false;0;Enheter;C;ECB concertation tidspunkt 14:15 CET;2025-03-26;11,3585
B;Virkedag;EUR;Euro;NOK;Norske kroner;SP;Spot;4;false;0;Enheter;C;ECB concertation tidspunkt 14:15 CET;2025-03-27;11,3435
B;Virkedag;EUR;Euro;NOK;Norske kroner;SP;Spot;4;false;0;Enheter;C;ECB concertation tidspunkt 14:15 CET;2025-03-28;11,294
B;Virkedag;EUR;Euro;NOK;Norske kroner;SP;Spot;4;false;0;Enheter;C;ECB concertation tidspunkt 14:15 CET;2025-03-31;11,413
B;Virkedag;SEK;Svenske kroner;NOK;Norske kroner;SP;Spot;2;false;2;Hundre;C;ECB concertation tidspunkt 14:15 CET;2020-04-01;103,03
B;Virkedag;SEK;Svenske kroner;NOK;Norske kroner;SP;Spot;2;false;2;Hundre;C;ECB concertation tidspunkt 14:15 CET;2020-04-02;102,82
B;Virkedag;SEK;Svenske kroner;NOK;Norske kroner;SP;Spot;2;false;2;Hundre;C;ECB concertation tidspunkt 14:15 CET;2020-04-03;102,84
B;Virkedag;SEK;Svenske kroner;NOK;Norske kroner;SP;Spot;2;false;2;Hundre;C;ECB concertation tidspunkt 14:15 CET;2020-04-06;103,72
B;Virkedag;SEK;Svenske kroner;NOK;Norske kroner;SP;Spot;2;false;2;Hundre;C;ECB concertation tidspunkt 14:15 CET;2020-04-07;101,98
B;Virkedag;SEK;Svenske kroner;NOK;Norske kroner;SP;Spot;2;false;2;Hundre;C;ECB concertation tidspunkt 14:15 CET;2020-04-08;102,34
B;Virkedag;SEK;Svenske kroner;NOK;Norske kroner;SP;Spot;2;false;2;Hundre;C;ECB concertation tidspunkt 14:15 CET;2020-04-14;103,63
B;Virkedag;SEK;Svenske kroner;NOK;Norske kroner;SP;Spot;2;false;2;Hundre;C;ECB concertation tidspunkt 14:15 CET;2020-04-15;104,74
B;Virkedag;SEK;Svenske kroner;NOK;Norske kroner;SP;Spot;2;false;2;Hundre;C;ECB concertation tidspunkt 14:15 CET;2020-04-16;104,82
B;Virkedag;SEK;Svenske kroner;NOK;Norske kroner;SP;Spot;2;false;2;Hundre;C;ECB concertation tidspunkt 14:15 CET;2020-04-17;103,96
B;Virkedag;SEK;Svenske kroner;NOK;Norske kroner;SP;Spot;2;false;2;Hundre;C;ECB concertation tidspunkt 14:15 CET;2020-04-20;103,75
B;Virkedag;SEK;Svenske kroner;NOK;Norske kroner;SP;Spot;2;false;2;Hundre;C;ECB concertation tidspunkt 14:15 CET;2020-04-21;104,84
B;Virkedag;SEK;Svenske kroner;NOK;Norske kroner;SP;Spot;2;false;2;Hundre;C;ECB concertation tidspunkt 14:15 CET;2020-04-22;106,72
B;Virkedag;SEK;Svenske kroner;NOK;Norske kroner;SP;Spot;2;false;2;Hundre;C;ECB concertation tidspunkt 14:15 CET;2020-04-23;105,77
B;Virkedag;SEK;Svenske kroner;NOK;Norske kroner;SP;Spot;2;false;2;Hundre;C;ECB concertation tidspunkt 14:15 CET;2020-04-24;105,58
B;Virkedag;SEK;Svenske kroner;NOK;Norske kroner;SP;Spot;2;false;2;Hundre;C;ECB concertation tidspunkt 14:15 CET;2020-04-27;105,3
B;Virkedag;SEK;Svenske kroner;NOK;Norske kroner;SP;Spot;2;false;2;Hundre;C;ECB concertation tidspunkt 14:15 CET;2020-04-28;104,93
B;Virkedag;SEK;Svenske kroner;NOK;Norske kroner;SP;Spot;2;false;2;Hundre;C;ECB concertation tidspunkt 14:15 CET;2020-04-29;105,02
B;Virkedag;SEK;Svenske kroner;NOK;Norske kroner;SP;Spot;2;false;2;Hundre;C;ECB concertation tidspunkt 14:15 CET;2020-04-30;104,88
B;Virkedag;SEK;Svenske kroner;NOK;Norske kroner;SP;Spot;2;false;2;Hundre;C;ECB concertation tidspunkt 14:15 CET;2020-05-04;104,78
B;Virkedag;SEK;Svenske kroner;NOK;Norske kroner;SP;Spot;2;false;2;Hundre;C;ECB concertation tidspunkt 14:15 CET;2020-05-05;104,44
B;Virkedag;SEK;Svenske kroner;NOK;Norske kroner;SP;Spot;2;false;2;Hundre;C;ECB concertation tidspunkt 14:15 CET;2020-05-06;104,35
B;Virkedag;SEK;Svenske kroner;NOK;Norske kroner;SP;Spot;2;false;2;Hundre;C;ECB concertation tidspunkt 14:15 CET;2020-05-07;103,96
B;Virkedag;SEK;Svenske kroner;NOK;Norske kroner;SP;Spot;2;false;2;Hundre;C;ECB concertation tidspunkt 14:15 CET;2020-05-08;104,55
B;Virkedag;SEK;Svenske kroner;NOK;Norske kroner;SP;Spot;2;false;2;Hundre;C;ECB concertation tidspunkt 14:15 CET;2020-05-11;104,21
B;Virkedag;SEK;Svenske kroner;NOK;Norske kroner;SP;Spot;2;false;2;Hundre;C;ECB concertation tidspunkt 14:15 CET;2020-05-12;104,29
B;Virkedag;SEK;Svenske kroner;NOK;Norske kroner;SP;Spot;2;false;2;Hundre;C;ECB concertation tidspunkt 14:15 CET;2020-05-13;103,34
B;Virkedag;SEK;Svenske kroner;NOK;Norske kroner;SP;Spot;2;false;2;Hundre;C;ECB concertation tidspunkt 14:15 CET;2020-05-14;103,93
B;Virkedag;SEK;Svenske kroner;NOK;Norske kroner;SP;Spot;2;false;2;Hundre;C;ECB concertation tidspunkt 14:15 CET;2020-05-15;103,63
B;Virkedag;SEK;Svenske kroner;NOK;Norske kroner;SP;Spot;2;false;2;Hundre;C;ECB concertation tidspunkt 14:15 CET;2020-05-18;103,36
B;Virkedag;SEK;Svenske kroner;NOK;Norske kroner;SP;Spot;2;false;2;Hundre;C;ECB concertation tidspunkt 14:15 CET;2020-05-19;103,28
B;Virkedag;SEK;Svenske kroner;NOK;Norske kroner;SP;Spot;2;false;2;Hundre;C;ECB concertation tidspunkt 14:15 CET;2020-05-20;103,03
B;Virkedag;SEK;Svenske kroner;NOK;Norske kroner;SP;Spot;2;false;2;Hundre;C;ECB concertation tidspunkt 14:15 CET;2020-05-22;103,52
B;Virkedag;SEK;Svenske kroner;NOK;Norske kroner;SP;Spot;2;false;2;Hundre;C;ECB concertation tidspunkt 14:15 CET;2020-05-25;103,67
B;Virkedag;SEK;Svenske kroner;NOK;Norske kroner;SP;Spot;2;false;2;Hundre;C;ECB concertation tidspunkt 14:15 CET;2020-05-26;103,2
B;Virkedag;SEK;Svenske kroner;NOK;Norske kroner;SP;Spot;2;false;2;Hundre;C;ECB concertation tidspunkt 14:15 CET;2020-05-27;102,53
B;Virkedag;SEK;Svenske kroner;NOK;Norske kroner;SP;Spot;2;false;2;Hundre;C;ECB concertation tidspunkt 14:15 CET;2020-05-28;102,91
B;Virkedag;SEK;Svenske kroner;NOK;Norske kroner;SP;Spot;2;false;2;Hundre;C;ECB concertation tidspunkt 14:15 CET;2020-05-29;102,87
B;Virkedag;SEK;Svenske kroner;NOK;Norske kroner;SP;Spot;2;false;2;Hundre;C;ECB concertation tidspunkt 14:15 CET;2020-06-02;102,18
B;Virkedag;SEK;Svenske kroner;NOK;Norske kroner;SP;Spot;2;false;2;Hundre;C;ECB concertation tidspunkt 14:15 CET;2020-06-03;102,09
B;Virkedag;SEK;Svenske kroner;NOK;Norske kroner;SP;Spot;2;false;2;Hundre;C;ECB concertation tidspunkt 14:15 CET;2020-06-04;101,8
B;Virkedag;SEK;Svenske kroner;NOK;Norske kroner;SP;Spot;2;false;2;Hundre;C;ECB concertation tidspunkt 14:15 CET;2020-06-05;101,11
B;Virkedag;SEK;Svenske kroner;NOK;Norske kroner;SP;Spot;2;false;2;Hundre;C;ECB concertation tidspunkt 14:15 CET;2020-06-08;100,6
B;Virkedag;SEK;Svenske kroner;NOK;Norske kroner;SP;Spot;2;false;2;Hundre;C;ECB concertation tidspunkt 14:15 CET;2020-06-09;101,18
B;Virkedag;SEK;Svenske kroner;NOK;Norske kroner;SP;Spot;2;false;2;Hundre;C;ECB concertation tidspunkt 14:15 CET;2020-06-10;100,74
B;Virkedag;SEK;Svenske kroner;NOK;Norske kroner;SP;Spot;2;false;2;Hundre;C;ECB concertation tidspunkt 14:15 CET;2020-06-11;102,08
B;Virkedag;SEK;Svenske kroner;NOK;Norske kroner;SP;Spot;2;false;2;Hundre;C;ECB concertation tidspunkt 14:15 CET;2020-06-12;103,21
B;Virkedag;SEK;Svenske kroner;NOK;Norske kroner;SP;Spot;2;false;2;Hundre;C;ECB concertation tidspunkt 14:15 CET;2020-06-15;103,32
B;Virkedag;SEK;Svenske kroner;NOK;Norske kroner;SP;Spot;2;false;2;Hundre;C;ECB concertation tidspunkt 14:15 CET;2020-06-16;102,14
B;Virkedag;SEK;Svenske kroner;NOK;Norske kroner;SP;Spot;2;false;2;Hundre;C;ECB concertation tidspunkt 14:15 CET;2020-06-17;101,83
B;Virkedag;SEK;Svenske kroner;NOK;Norske kroner;SP;Spot;2;false;2;Hundre;C;ECB concertation tidspunkt 14:15 CET;2020-06-18;101,48
B;Virkedag;SEK;Svenske kroner;NOK;Norske kroner;SP;Spot;2;false;2;Hundre;C;ECB concertation tidspunkt 14:15 CET;2020-06-19;101,39
B;Virkedag;SEK;Svenske kroner;NOK;Norske kroner;SP;Spot;2;false;2;Hundre;C;ECB concertation tidspunkt 14:15 CET;2020-06-22;102,33
B;Virkedag;SEK;Svenske kroner;NOK;Norske kroner;SP;Spot;2;false;2;Hundre;C;ECB concertation tidspunkt 14:15 CET;2020-06-23;102,06
B;Virkedag;SEK;Svenske kroner;NOK;Norske kroner;SP;Spot;2;false;2;Hundre;C;ECB concertation tidspunkt 14:15 CET;2020-06-24;102,68
B;Virkedag;SEK;Svenske kroner;NOK;Norske kroner;SP;Spot;2;false;2;Hundre;C;ECB concertation tidspunkt 14:15 CET;2020-06-25;103,7
B;Virkedag;SEK;Svenske kroner;NOK;Norske kroner;SP;Spot;2;false;2;Hundre;C;ECB concertation tidspunkt 14:15 CET;2020-06-26;103,89
B;Virkedag;SEK;Svenske kroner;NOK;Norske kroner;SP;Spot;2;false;2;Hundre;C;ECB concertation tidspunkt 14:15 CET;2020-06-29;104,04
B;Virkedag;SEK;Svenske kroner;NOK;Norske kroner;SP;Spot;2;false;2;Hundre;C;ECB concertation tidspunkt 14:15 CET;2020-06-30;103,98
B;Virkedag;SEK;Svenske kroner;NOK;Norske kroner;SP;Spot;2;false;2;Hundre;C;ECB concertation tidspunkt 14:15 CET;2020-07-01;102,64
B;Virkedag;SEK;Svenske kroner;NOK;Norske kroner;SP;Spot;2;false;2;Hundre;C;ECB concertation tidspunkt 14:15 CET;2020-07-02;102,14
B;Virkedag;SEK;Svenske kroner;NOK;Norske kroner;SP;Spot;2;false;2;Hundre;C;ECB concertation tidspunkt 14:15 CET;2020-07-03;101,97
B;Virkedag;SEK;Svenske kroner;NOK;Norske kroner;SP;Spot;2;false;2;Hundre;C;ECB concertation tidspunkt 14:15 CET;2020-07-06;101,31
B;Virkedag;SEK;Svenske kroner;NOK;Norske kroner;SP;Spot;2;false;2;Hundre;C;ECB concertation tidspunkt 14:15 CET;2020-07-07;101,79
B;Virkedag;SEK;Svenske kroner;NOK;Norske kroner;SP;Spot;2;false;2;Hundre;C;ECB concertation tidspunkt 14:15 CET;2020-07-08;102,47
B;Virkedag;SEK;Svenske kroner;NOK;Norske kroner;SP;Spot;2;false;2;Hundre;C;ECB concertation tidspunkt 14:15 CET;2020-07-09;102,12
B;Virkedag;SEK;Svenske kroner;NOK;Norske kroner;SP;Spot;2;false;2;Hundre;C;ECB concertation tidspunkt 14:15 CET;2020-07-10;103,06
B;Virkedag;SEK;Svenske kroner;NOK;Norske kroner;SP;Spot;2;false;2;Hundre;C;ECB concertation tidspunkt 14:15 CET;2020-07-13;102,71
B;Virkedag;SEK;Svenske kroner;NOK;Norske kroner;SP;Spot;2;false;2;Hundre;C;ECB concertation tidspunkt 14:15 CET;2020-07-14;103,13
B;Virkedag;SEK;Svenske kroner;NOK;Norske kroner;SP;Spot;2;false;2;Hundre;C;ECB concertation tidspunkt 14:15 CET;2020-07-15;102,71
B;Virkedag;SEK;Svenske kroner;NOK;Norske kroner;SP;Spot;2;false;2;Hundre;C;ECB concertation tidspunkt 14:15 CET;2020-07-16;102,56
B;Virkedag;SEK;Svenske kroner;NOK;Norske kroner;SP;Spot;2;false;2;Hundre;C;ECB concertation tidspunkt 14:15 CET;2020-07-17;102,58
B;Virkedag;SEK;Svenske kroner;NOK;Norske kroner;SP;Spot;2;false;2;Hundre;C;ECB concertation tidspunkt 14:15 CET;2020-07-20;102,96
B;Virkedag;SEK;Svenske kroner;NOK;Norske kroner;SP;Spot;2;false;2;Hundre;C;ECB concertation tidspunkt 14:15 CET;2020-07-21;102,48
B;Virkedag;SEK;Svenske kroner;NOK;Norske kroner;SP;Spot;2;false;2;Hundre;C;ECB concertation tidspunkt 14:15 CET;2020-07-22;102,86
B;Virkedag;SEK;Svenske kroner;NOK;Norske kroner;SP;Spot;2;false;2;Hundre;C;ECB concertation tidspunkt 14:15 CET;2020-07-23;103,34
B;Virkedag;SEK;Svenske kroner;NOK;Norske kroner;SP;Spot;2;false;2;Hundre;C;ECB concertation tidspunkt 14:15 CET;2020-07-24;104,15
B;Virkedag;SEK;Svenske kroner;NOK;Norske kroner;SP;Spot;2;false;2;Hundre;C;ECB concertation tidspunkt 14:15 CET;2020-07-27;103,9
B;Virkedag;SEK;Svenske kroner;NOK;Norske kroner;SP;Spot;2;false;2;Hundre;C;ECB concertation tidspunkt 14:15 CET;2020-07-28;104,01
B;Virkedag;SEK;Svenske kroner;NOK;Norske kroner;SP;Spot;2;false;2;Hundre;C;ECB concertation tidspunkt 14:15 CET;2020-07-29;103,6
B;Virkedag;SEK;Svenske kroner;NOK;Norske kroner;SP;Spot;2;false;2;Hundre;C;ECB concertation tidspunkt 14:15 CET;2020-07-30;104,02
B;Virkedag;SEK;Svenske kroner;NOK;Norske kroner;SP;Spot;2;false;2;Hundre;C;ECB concertation tidspunkt 14:15 CET;2020-07-31;104,36
B;Virkedag;SEK;Svenske kroner;NOK;Norske kroner;SP;Spot;2;false;2;Hundre;C;ECB concertation tidspunkt 14:15 CET;2020-08-03;104,11
B;Virkedag;SEK;Svenske kroner;NOK;Norske kroner;SP;Spot;2;false;2;Hundre;C;ECB concertation tidspunkt 14:15 CET;2020-08-04;104,41
B;Virkedag;SEK;Svenske kroner;NOK;Norske kroner;SP;Spot;2;false;2;Hundre;C;ECB concertation tidspunkt 14:15 CET;2020-08-05;103,62
B;Virkedag;SEK;Svenske kroner;NOK;Norske kroner;SP;Spot;2;false;2;Hundre;C;ECB concertation tidspunkt 14:15 CET;2020-08-06;103,27
B;Virkedag;SEK;Svenske kroner;NOK;Norske kroner;SP;Spot;2;false;2;Hundre;C;ECB concertation tidspunkt 14:15 CET;2020-08-07;103,17
B;Virkedag;SEK;Svenske kroner;NOK;Norske kroner;SP;Spot;2;false;2;Hundre;C;ECB concertation tidspunkt 14:15 CET;2020-08-10;103,39
B;Virkedag;SEK;Svenske kroner;NOK;Norske kroner;SP;Spot;2;false;2;Hundre;C;ECB concertation tidspunkt 14:15 CET;2020-08-11;102,75
B;Virkedag;SEK;Svenske kroner;NOK;Norske kroner;SP;Spot;2;false;2;Hundre;C;ECB concertation tidspunkt 14:15 CET;2020-08-12;102,88
B;Virkedag;SEK;Svenske kroner;NOK;Norske kroner;SP;Spot;2;false;2;Hundre;C;ECB concertation tidspunkt 14:15 CET;2020-08-13;102,34
B;Virkedag;SEK;Svenske kroner;NOK;Norske kroner;SP;Spot;2;false;2;Hundre;C;ECB concertation tidspunkt 14:15 CET;2020-08-14;102,4
B;Virkedag;SEK;Svenske kroner;NOK;Norske kroner;SP;Spot;2;false;2;Hundre;C;ECB concertation tidspunkt 14:15 CET;2020-08-17;101,95
B;Virkedag;SEK;Svenske kroner;NOK;Norske kroner;SP;Spot;2;false;2;Hundre;C;ECB concertation tidspunkt 14:15 CET;2020-08-18;101,75
B;Virkedag;SEK;Svenske kroner;NOK;Norske kroner;SP;Spot;2;false;2;Hundre;C;ECB concertation tidspunkt 14:15 CET;2020-08-19;102,24
B;Virkedag;SEK;Svenske kroner;NOK;Norske kroner;SP;Spot;2;false;2;Hundre;C;ECB concertation tidspunkt 14:15 CET;2020-08-20;102,43
B;Virkedag;SEK;Svenske kroner;NOK;Norske kroner;SP;Spot;2;false;2;Hundre;C;ECB concertation tidspunkt 14:15 CET;2020-08-21;102,2
B;Virkedag;SEK;Svenske kroner;NOK;Norske kroner;SP;Spot;2;false;2;Hundre;C;ECB concertation tidspunkt 14:15 CET;2020-08-24;102,41
B;Virkedag;SEK;Svenske kroner;NOK;Norske kroner;SP;Spot;2;false;2;Hundre;C;ECB concertation tidspunkt 14:15 CET;2020-08-25;102,09
B;Virkedag;SEK;Svenske kroner;NOK;Norske kroner;SP;Spot;2;false;2;Hundre;C;ECB concertation tidspunkt 14:15 CET;2020-08-26;102,18
B;Virkedag;SEK;Svenske kroner;NOK;Norske kroner;SP;Spot;2;false;2;Hundre;C;ECB concertation tidspunkt 14:15 CET;2020-08-27;101,98
B;Virkedag;SEK;Svenske kroner;NOK;Norske kroner;SP;Spot;2;false;2;Hundre;C;ECB concertation tidspunkt 14:15 CET;2020-08-28;102,04
B;Virkedag;SEK;Svenske kroner;NOK;Norske kroner;SP;Spot;2;false;2;Hundre;C;ECB concertation tidspunkt 14:15 CET;2020-08-31;101,62
B;Virkedag;SEK;Svenske kroner;NOK;Norske kroner;SP;Spot;2;false;2;Hundre;C;ECB concertation tidspunkt 14:15 CET;2020-09-01;100,75
B;Virkedag;SEK;Svenske kroner;NOK;Norske kroner;SP;Spot;2;false;2;Hundre;C;ECB concertation tidspunkt 14:15 CET;2020-09-02;100,97
B;Virkedag;SEK;Svenske kroner;NOK;Norske kroner;SP;Spot;2;false;2;Hundre;C;ECB concertation tidspunkt 14:15 CET;2020-09-03;101,86
B;Virkedag;SEK;Svenske kroner;NOK;Norske kroner;SP;Spot;2;false;2;Hundre;C;ECB concertation tidspunkt 14:15 CET;2020-09-04;102,01
B;Virkedag;SEK;Svenske kroner;NOK;Norske kroner;SP;Spot;2;false;2;Hundre;C;ECB concertation tidspunkt 14:15 CET;2020-09-07;101,7
B;Virkedag;SEK;Svenske kroner;NOK;Norske kroner;SP;Spot;2;false;2;Hundre;C;ECB concertation tidspunkt 14:15 CET;2020-09-08;102,87
B;Virkedag;SEK;Svenske kroner;NOK;Norske kroner;SP;Spot;2;false;2;Hundre;C;ECB concertation tidspunkt 14:15 CET;2020-09-09;103,41
B;Virkedag;SEK;Svenske kroner;NOK;Norske kroner;SP;Spot;2;false;2;Hundre;C;ECB concertation tidspunkt 14:15 CET;2020-09-10;103,05
B;Virkedag;SEK;Svenske kroner;NOK;Norske kroner;SP;Spot;2;false;2;Hundre;C;ECB concertation tidspunkt 14:15 CET;2020-09-11;103,2
B;Virkedag;SEK;Svenske kroner;NOK;Norske kroner;SP;Spot;2;false;2;Hundre;C;ECB concertation tidspunkt 14:15 CET;2020-09-14;102,64
B;Virkedag;SEK;Svenske kroner;NOK;Norske kroner;SP;Spot;2;false;2;Hundre;C;ECB concertation tidspunkt 14:15 CET;2020-09-15;102,81
B;Virkedag;SEK;Svenske kroner;NOK;Norske kroner;SP;Spot;2;false;2;Hundre;C;ECB concertation tidspunkt 14:15 CET;2020-09-16;102,39
B;Virkedag;SEK;Svenske kroner;NOK;Norske kroner;SP;Spot;2;false;2;Hundre;C;ECB concertation tidspunkt 14:15 CET;2020-09-17;103,03
B;Virkedag;SEK;Svenske kroner;NOK;Norske kroner;SP;Spot;2;false;2;Hundre;C;ECB concertation tidspunkt 14:15 CET;2020-09-18;103,41
B;Virkedag;SEK;Svenske kroner;NOK;Norske kroner;SP;Spot;2;false;2;Hundre;C;ECB concertation tidspunkt 14:15 CET;2020-09-21;104,6
B;Virkedag;SEK;Svenske kroner;NOK;Norske kroner;SP;Spot;2;false;2;Hundre;C;ECB concertation tidspunkt 14:15 CET;2020-09-22;105,24
B;Virkedag;SEK;Svenske kroner;NOK;Norske kroner;SP;Spot;2;false;2;Hundre;C;ECB concertation tidspunkt 14:15 CET;2020-09-23;105,32
B;Virkedag;SEK;Svenske kroner;NOK;Norske kroner;SP;Spot;2;false;2;Hundre;C;ECB concertation tidspunkt 14:15 CET;2020-09-24;104,94
B;Virkedag;SEK;Svenske kroner;NOK;Norske kroner;SP;Spot;2;false;2;Hundre;C;ECB concertation tidspunkt 14:15 CET;2020-09-25;104,85
B;Virkedag;SEK;Svenske kroner;NOK;Norske kroner;SP;Spot;2;false;2;Hundre;C;ECB concertation tidspunkt 14:15 CET;2020-09-28;104,46
B;Virkedag;SEK;Svenske kroner;NOK;Norske kroner;SP;Spot;2;false;2;Hundre;C;ECB concertation tidspunkt 14:15 CET;2020-09-29;104,94
B;Virkedag;SEK;Svenske kroner;NOK;Norske kroner;SP;Spot;2;false;2;Hundre;C;ECB concertation tidspunkt 14:15 CET;2020-09-30;105,01
B;Virkedag;SEK;Svenske kroner;NOK;Norske kroner;SP;Spot;2;false;2;Hundre;C;ECB concertation tidspunkt 14:15 CET;2020-10-01;104,02
B;Virkedag;SEK;Svenske kroner;NOK;Norske kroner;SP;Spot;2;false;2;Hundre;C;ECB concertation tidspunkt 14:15 CET;2020-10-02;104,59
B;Virkedag;SEK;Svenske kroner;NOK;Norske kroner;SP;Spot;2;false;2;Hundre;C;ECB concertation tidspunkt 14:15 CET;2020-10-05;104,02
B;Virkedag;SEK;Svenske kroner;NOK;Norske kroner;SP;Spot;2;false;2;Hundre;C;ECB concertation tidspunkt 14:15 CET;2020-10-06;103,3
B;Virkedag;SEK;Svenske kroner;NOK;Norske kroner;SP;Spot;2;false;2;Hundre;C;ECB concertation tidspunkt 14:15 CET;2020-10-07;104,28
B;Virkedag;SEK;Svenske kroner;NOK;Norske kroner;SP;Spot;2;false;2;Hundre;C;ECB concertation tidspunkt 14:15 CET;2020-10-08;104,37
B;Virkedag;SEK;Svenske kroner;NOK;Norske kroner;SP;Spot;2;false;2;Hundre;C;ECB concertation tidspunkt 14:15 CET;2020-10-09;104,24
B;Virkedag;SEK;Svenske kroner;NOK;Norske kroner;SP;Spot;2;false;2;Hundre;C;ECB concertation tidspunkt 14:15 CET;2020-10-12;103,84
B;Virkedag;SEK;Svenske kroner;NOK;Norske kroner;SP;Spot;2;false;2;Hundre;C;ECB concertation tidspunkt 14:15 CET;2020-10-13;104,34
B;Virkedag;SEK;Svenske kroner;NOK;Norske kroner;SP;Spot;2;false;2;Hundre;C;ECB concertation tidspunkt 14:15 CET;2020-10-14;104,4
B;Virkedag;SEK;Svenske kroner;NOK;Norske kroner;SP;Spot;2;false;2;Hundre;C;ECB concertation tidspunkt 14:15 CET;2020-10-15;105,68
B;Virkedag;SEK;Svenske kroner;NOK;Norske kroner;SP;Spot;2;false;2;Hundre;C;ECB concertation tidspunkt 14:15 CET;2020-10-16;105,77
B;Virkedag;SEK;Svenske kroner;NOK;Norske kroner;SP;Spot;2;false;2;Hundre;C;ECB concertation tidspunkt 14:15 CET;2020-10-19;105,69
B;Virkedag;SEK;Svenske kroner;NOK;Norske kroner;SP;Spot;2;false;2;Hundre;C;ECB concertation tidspunkt 14:15 CET;2020-10-20;105,68
B;Virkedag;SEK;Svenske kroner;NOK;Norske kroner;SP;Spot;2;false;2;Hundre;C;ECB concertation tidspunkt 14:15 CET;2020-10-21;105,47
B;Virkedag;SEK;Svenske kroner;NOK;Norske kroner;SP;Spot;2;false;2;Hundre;C;ECB concertation tidspunkt 14:15 CET;2020-10-22;105,38
B;Virkedag;SEK;Svenske kroner;NOK;Norske kroner;SP;Spot;2;false;2;Hundre;C;ECB concertation tidspunkt 14:15 CET;2020-10-23;105,37
B;Virkedag;SEK;Svenske kroner;NOK;Norske kroner;SP;Spot;2;false;2;Hundre;C;ECB concertation tidspunkt 14:15 CET;2020-10-26;105,79
B;Virkedag;SEK;Svenske kroner;NOK;Norske kroner;SP;Spot;2;false;2;Hundre;C;ECB concertation tidspunkt 14:15 CET;2020-10-27;105,18
B;Virkedag;SEK;Svenske kroner;NOK;Norske kroner;SP;Spot;2;false;2;Hundre;C;ECB concertation tidspunkt 14:15 CET;2020-10-28;105,77
B;Virkedag;SEK;Svenske kroner;NOK;Norske kroner;SP;Spot;2;false;2;Hundre;C;ECB concertation tidspunkt 14:15 CET;2020-10-29;106,98
B;Virkedag;SEK;Svenske kroner;NOK;Norske kroner;SP;Spot;2;false;2;Hundre;C;ECB concertation tidspunkt 14:15 CET;2020-10-30;107,03
B;Virkedag;SEK;Svenske kroner;NOK;Norske kroner;SP;Spot;2;false;2;Hundre;C;ECB concertation tidspunkt 14:15 CET;2020-11-02;107,24
B;Virkedag;SEK;Svenske kroner;NOK;Norske kroner;SP;Spot;2;false;2;Hundre;C;ECB concertation tidspunkt 14:15 CET;2020-11-03;106,04
B;Virkedag;SEK;Svenske kroner;NOK;Norske kroner;SP;Spot;2;false;2;Hundre;C;ECB concertation tidspunkt 14:15 CET;2020-11-04;105,86
B;Virkedag;SEK;Svenske kroner;NOK;Norske kroner;SP;Spot;2;false;2;Hundre;C;ECB concertation tidspunkt 14:15 CET;2020-11-05;105,58
B;Virkedag;SEK;Svenske kroner;NOK;Norske kroner;SP;Spot;2;false;2;Hundre;C;ECB concertation tidspunkt 14:15 CET;2020-11-06;106,22
B;Virkedag;SEK;Svenske kroner;NOK;Norske kroner;SP;Spot;2;false;2;Hundre;C;ECB concertation tidspunkt 14:15 CET;2020-11-09;105,03
B;Virkedag;SEK;Svenske kroner;NOK;Norske kroner;SP;Spot;2;false;2;Hundre;C;ECB concertation tidspunkt 14:15 CET;2020-11-10;104,53
B;Virkedag;SEK;Svenske kroner;NOK;Norske kroner;SP;Spot;2;false;2;Hundre;C;ECB concertation tidspunkt 14:15 CET;2020-11-11;104,94
B;Virkedag;SEK;Svenske kroner;NOK;Norske kroner;SP;Spot;2;false;2;Hundre;C;ECB concertation tidspunkt 14:15 CET;2020-11-12;105,73
B;Virkedag;SEK;Svenske kroner;NOK;Norske kroner;SP;Spot;2;false;2;Hundre;C;ECB concertation tidspunkt 14:15 CET;2020-11-13;105,45
B;Virkedag;SEK;Svenske kroner;NOK;Norske kroner;SP;Spot;2;false;2;Hundre;C;ECB concertation tidspunkt 14:15 CET;2020-11-16;104,65
B;Virkedag;SEK;Svenske kroner;NOK;Norske kroner;SP;Spot;2;false;2;Hundre;C;ECB concertation tidspunkt 14:15 CET;2020-11-17;105,18
B;Virkedag;SEK;Svenske kroner;NOK;Norske kroner;SP;Spot;2;false;2;Hundre;C;ECB concertation tidspunkt 14:15 CET;2020-11-18;104,88
B;Virkedag;SEK;Svenske kroner;NOK;Norske kroner;SP;Spot;2;false;2;Hundre;C;ECB concertation tidspunkt 14:15 CET;2020-11-19;104,74
B;Virkedag;SEK;Svenske kroner;NOK;Norske kroner;SP;Spot;2;false;2;Hundre;C;ECB concertation tidspunkt 14:15 CET;2020-11-20;104,35
B;Virkedag;SEK;Svenske kroner;NOK;Norske kroner;SP;Spot;2;false;2;Hundre;C;ECB concertation tidspunkt 14:15 CET;2020-11-23;104,66
B;Virkedag;SEK;Svenske kroner;NOK;Norske kroner;SP;Spot;2;false;2;Hundre;C;ECB concertation tidspunkt 14:15 CET;2020-11-24;104,63
B;Virkedag;SEK;Svenske kroner;NOK;Norske kroner;SP;Spot;2;false;2;Hundre;C;ECB concertation tidspunkt 14:15 CET;2020-11-25;104,07
B;Virkedag;SEK;Svenske kroner;NOK;Norske kroner;SP;Spot;2;false;2;Hundre;C;ECB concertation tidspunkt 14:15 CET;2020-11-26;104,07
B;Virkedag;SEK;Svenske kroner;NOK;Norske kroner;SP;Spot;2;false;2;Hundre;C;ECB concertation tidspunkt 14:15 CET;2020-11-27;103,84
B;Virkedag;SEK;Svenske kroner;NOK;Norske kroner;SP;Spot;2;false;2;Hundre;C;ECB concertation tidspunkt 14:15 CET;2020-11-30;103,77
B;Virkedag;SEK;Svenske kroner;NOK;Norske kroner;SP;Spot;2;false;2;Hundre;C;ECB concertation tidspunkt 14:15 CET;2020-12-01;103,81
B;Virkedag;SEK;Svenske kroner;NOK;Norske kroner;SP;Spot;2;false;2;Hundre;C;ECB concertation tidspunkt 14:15 CET;2020-12-02;104,08
B;Virkedag;SEK;Svenske kroner;NOK;Norske kroner;SP;Spot;2;false;2;Hundre;C;ECB concertation tidspunkt 14:15 CET;2020-12-03;103,93
B;Virkedag;SEK;Svenske kroner;NOK;Norske kroner;SP;Spot;2;false;2;Hundre;C;ECB concertation tidspunkt 14:15 CET;2020-12-04;103,92
B;Virkedag;SEK;Svenske kroner;NOK;Norske kroner;SP;Spot;2;false;2;Hundre;C;ECB concertation tidspunkt 14:15 CET;2020-12-07;104,22
B;Virkedag;SEK;Svenske kroner;NOK;Norske kroner;SP;Spot;2;false;2;Hundre;C;ECB concertation tidspunkt 14:15 CET;2020-12-08;103,83
B;Virkedag;SEK;Svenske kroner;NOK;Norske kroner;SP;Spot;2;false;2;Hundre;C;ECB concertation tidspunkt 14:15 CET;2020-12-09;102,94
B;Virkedag;SEK;Svenske kroner;NOK;Norske kroner;SP;Spot;2;false;2;Hundre;C;ECB concertation tidspunkt 14:15 CET;2020-12-10;104,5
B;Virkedag;SEK;Svenske kroner;NOK;Norske kroner;SP;Spot;2;false;2;Hundre;C;ECB concertation tidspunkt 14:15 CET;2020-12-11;104,3
B;Virkedag;SEK;Svenske kroner;NOK;Norske kroner;SP;Spot;2;false;2;Hundre;C;ECB concertation tidspunkt 14:15 CET;2020-12-14;103,83
B;Virkedag;SEK;Svenske kroner;NOK;Norske kroner;SP;Spot;2;false;2;Hundre;C;ECB concertation tidspunkt 14:15 CET;2020-12-15;104,13
B;Virkedag;SEK;Svenske kroner;NOK;Norske kroner;SP;Spot;2;false;2;Hundre;C;ECB concertation tidspunkt 14:15 CET;2020-12-16;103,93
B;Virkedag;SEK;Svenske kroner;NOK;Norske kroner;SP;Spot;2;false;2;Hundre;C;ECB concertation tidspunkt 14:15 CET;2020-12-17;103,63
B;Virkedag;SEK;Svenske kroner;NOK;Norske kroner;SP;Spot;2;false;2;Hundre;C;ECB concertation tidspunkt 14:15 CET;2020-12-18;103,78
B;Virkedag;SEK;Svenske kroner;NOK;Norske kroner;SP;Spot;2;false;2;Hundre;C;ECB concertation tidspunkt 14:15 CET;2020-12-21;105,14
B;Virkedag;SEK;Svenske kroner;NOK;Norske kroner;SP;Spot;2;false;2;Hundre;C;ECB concertation tidspunkt 14:15 CET;2020-12-22;104,74
B;Virkedag;SEK;Svenske kroner;NOK;Norske kroner;SP;Spot;2;false;2;Hundre;C;ECB concertation tidspunkt 14:15 CET;2020-12-23;104,96
B;Virkedag;SEK;Svenske kroner;NOK;Norske kroner;SP;Spot;2;false;2;Hundre;C;ECB concertation tidspunkt 14:15 CET;2020-12-28;104,59
B;Virkedag;SEK;Svenske kroner;NOK;Norske kroner;SP;Spot;2;false;2;Hundre;C;ECB concertation tidspunkt 14:15 CET;2020-12-29;104,62
B;Virkedag;SEK;Svenske kroner;NOK;Norske kroner;SP;Spot;2;false;2;Hundre;C;ECB concertation tidspunkt 14:15 CET;2020-12-30;104,87
B;Virkedag;SEK;Svenske kroner;NOK;Norske kroner;SP;Spot;2;false;2;Hundre;C;ECB concertation tidspunkt 14:15 CET;2020-12-31;104,35
B;Virkedag;SEK;Svenske kroner;NOK;Norske kroner;SP;Spot;2;false;2;Hundre;C;ECB concertation tidspunkt 14:15 CET;2021-01-04;103,51
B;Virkedag;SEK;Svenske kroner;NOK;Norske kroner;SP;Spot;2;false;2;Hundre;C;ECB concertation tidspunkt 14:15 CET;2021-01-05;104,12
B;Virkedag;SEK;Svenske kroner;NOK;Norske kroner;SP;Spot;2;false;2;Hundre;C;ECB concertation tidspunkt 14:15 CET;2021-01-06;103,14
B;Virkedag;SEK;Svenske kroner;NOK;Norske kroner;SP;Spot;2;false;2;Hundre;C;ECB concertation tidspunkt 14:15 CET;2021-01-07;102,84
B;Virkedag;SEK;Svenske kroner;NOK;Norske kroner;SP;Spot;2;false;2;Hundre;C;ECB concertation tidspunkt 14:15 CET;2021-01-08;102,34
B;Virkedag;SEK;Svenske kroner;NOK;Norske kroner;SP;Spot;2;false;2;Hundre;C;ECB concertation tidspunkt 14:15 CET;2021-01-11;102,9
B;Virkedag;SEK;Svenske kroner;NOK;Norske kroner;SP;Spot;2;false;2;Hundre;C;ECB concertation tidspunkt 14:15 CET;2021-01-12;102,86
B;Virkedag;SEK;Svenske kroner;NOK;Norske kroner;SP;Spot;2;false;2;Hundre;C;ECB concertation tidspunkt 14:15 CET;2021-01-13;101,98
B;Virkedag;SEK;Svenske kroner;NOK;Norske kroner;SP;Spot;2;false;2;Hundre;C;ECB concertation tidspunkt 14:15 CET;2021-01-14;102,03
B;Virkedag;SEK;Svenske kroner;NOK;Norske kroner;SP;Spot;2;false;2;Hundre;C;ECB concertation tidspunkt 14:15 CET;2021-01-15;101,81
B;Virkedag;SEK;Svenske kroner;NOK;Norske kroner;SP;Spot;2;false;2;Hundre;C;ECB concertation tidspunkt 14:15 CET;2021-01-18;102,28
B;Virkedag;SEK;Svenske kroner;NOK;Norske kroner;SP;Spot;2;false;2;Hundre;C;ECB concertation tidspunkt 14:15 CET;2021-01-19;102,45
B;Virkedag;SEK;Svenske kroner;NOK;Norske kroner;SP;Spot;2;false;2;Hundre;C;ECB concertation tidspunkt 14:15 CET;2021-01-20;101,82
B;Virkedag;SEK;Svenske kroner;NOK;Norske kroner;SP;Spot;2;false;2;Hundre;C;ECB concertation tidspunkt 14:15 CET;2021-01-21;101,67
B;Virkedag;SEK;Svenske kroner;NOK;Norske kroner;SP;Spot;2;false;2;Hundre;C;ECB concertation tidspunkt 14:15 CET;2021-01-22;102,47
B;Virkedag;SEK;Svenske kroner;NOK;Norske kroner;SP;Spot;2;false;2;Hundre;C;ECB concertation tidspunkt 14:15 CET;2021-01-25;102,84
B;Virkedag;SEK;Svenske kroner;NOK;Norske kroner;SP;Spot;2;false;2;Hundre;C;ECB concertation tidspunkt 14:15 CET;2021-01-26;103,14
B;Virkedag;SEK;Svenske kroner;NOK;Norske kroner;SP;Spot;2;false;2;Hundre;C;ECB concertation tidspunkt 14:15 CET;2021-01-27;103,38
B;Virkedag;SEK;Svenske kroner;NOK;Norske kroner;SP;Spot;2;false;2;Hundre;C;ECB concertation tidspunkt 14:15 CET;2021-01-28;103,8
B;Virkedag;SEK;Svenske kroner;NOK;Norske kroner;SP;Spot;2;false;2;Hundre;C;ECB concertation tidspunkt 14:15 CET;2021-01-29;102,29
B;Virkedag;SEK;Svenske kroner;NOK;Norske kroner;SP;Spot;2;false;2;Hundre;C;ECB concertation tidspunkt 14:15 CET;2021-02-01;102,23
B;Virkedag;SEK;Svenske kroner;NOK;Norske kroner;SP;Spot;2;false;2;Hundre;C;ECB concertation tidspunkt 14:15 CET;2021-02-02;101,84
B;Virkedag;SEK;Svenske kroner;NOK;Norske kroner;SP;Spot;2;false;2;Hundre;C;ECB concertation tidspunkt 14:15 CET;2021-02-03;102,21
B;Virkedag;SEK;Svenske kroner;NOK;Norske kroner;SP;Spot;2;false;2;Hundre;C;ECB concertation tidspunkt 14:15 CET;2021-02-04;101,99
B;Virkedag;SEK;Svenske kroner;NOK;Norske kroner;SP;Spot;2;false;2;Hundre;C;ECB concertation tidspunkt 14:15 CET;2021-02-05;101,82
B;Virkedag;SEK;Svenske kroner;NOK;Norske kroner;SP;Spot;2;false;2;Hundre;C;ECB concertation tidspunkt 14:15 CET;2021-02-08;101,56
B;Virkedag;SEK;Svenske kroner;NOK;Norske kroner;SP;Spot;2;false;2;Hundre;C;ECB concertation tidspunkt 14:15 CET;2021-02-09;101,51
B;Virkedag;SEK;Svenske kroner;NOK;Norske kroner;SP;Spot;2;false;2;Hundre;C;ECB concertation tidspunkt 14:15 CET;2021-02-10;101,47
B;Virkedag;SEK;Svenske kroner;NOK;Norske kroner;SP;Spot;2;false;2;Hundre;C;ECB concertation tidspunkt 14:15 CET;2021-02-11;101,71
B;Virkedag;SEK;Svenske kroner;NOK;Norske kroner;SP;Spot;2;false;2;Hundre;C;ECB concertation tidspunkt 14:15 CET;2021-02-12;102,02
B;Virkedag;SEK;Svenske kroner;NOK;Norske kroner;SP;Spot;2;false;2;Hundre;C;ECB concertation tidspunkt 14:15 CET;2021-02-15;101,52
B;Virkedag;SEK;Svenske kroner;NOK;Norske kroner;SP;Spot;2;false;2;Hundre;C;ECB concertation tidspunkt 14:15 CET;2021-02-16;101,52
B;Virkedag;SEK;Svenske kroner;NOK;Norske kroner;SP;Spot;2;false;2;Hundre;C;ECB concertation tidspunkt 14:15 CET;2021-02-17;101,69
B;Virkedag;SEK;Svenske kroner;NOK;Norske kroner;SP;Spot;2;false;2;Hundre;C;ECB concertation tidspunkt 14:15 CET;2021-02-18;101,84
B;Virkedag;SEK;Svenske kroner;NOK;Norske kroner;SP;Spot;2;false;2;Hundre;C;ECB concertation tidspunkt 14:15 CET;2021-02-19;101,76
B;Virkedag;SEK;Svenske kroner;NOK;Norske kroner;SP;Spot;2;false;2;Hundre;C;ECB concertation tidspunkt 14:15 CET;2021-02-22;102,86
B;Virkedag;SEK;Svenske kroner;NOK;Norske kroner;SP;Spot;2;false;2;Hundre;C;ECB concertation tidspunkt 14:15 CET;2021-02-23;102,42
B;Virkedag;SEK;Svenske kroner;NOK;Norske kroner;SP;Spot;2;false;2;Hundre;C;ECB concertation tidspunkt 14:15 CET;2021-02-24;101,58
B;Virkedag;SEK;Svenske kroner;NOK;Norske kroner;SP;Spot;2;false;2;Hundre;C;ECB concertation tidspunkt 14:15 CET;2021-02-25;101,6
B;Virkedag;SEK;Svenske kroner;NOK;Norske kroner;SP;Spot;2;false;2;Hundre;C;ECB concertation tidspunkt 14:15 CET;2021-02-26;102,59
B;Virkedag;SEK;Svenske kroner;NOK;Norske kroner;SP;Spot;2;false;2;Hundre;C;ECB concertation tidspunkt 14:15 CET;2021-03-01;101,74
B;Virkedag;SEK;Svenske kroner;NOK;Norske kroner;SP;Spot;2;false;2;Hundre;C;ECB concertation tidspunkt 14:15 CET;2021-03-02;101,14
B;Virkedag;SEK;Svenske kroner;NOK;Norske kroner;SP;Spot;2;false;2;Hundre;C;ECB concertation tidspunkt 14:15 CET;2021-03-03;101,19
B;Virkedag;SEK;Svenske kroner;NOK;Norske kroner;SP;Spot;2;false;2;Hundre;C;ECB concertation tidspunkt 14:15 CET;2021-03-04;100,98
B;Virkedag;SEK;Svenske kroner;NOK;Norske kroner;SP;Spot;2;false;2;Hundre;C;ECB concertation tidspunkt 14:15 CET;2021-03-05;100,24
B;Virkedag;SEK;Svenske kroner;NOK;Norske kroner;SP;Spot;2;false;2;Hundre;C;ECB concertation tidspunkt 14:15 CET;2021-03-08;99,98
B;Virkedag;SEK;Svenske kroner;NOK;Norske kroner;SP;Spot;2;false;2;Hundre;C;ECB concertation tidspunkt 14:15 CET;2021-03-09;99,49
B;Virkedag;SEK;Svenske kroner;NOK;Norske kroner;SP;Spot;2;false;2;Hundre;C;ECB concertation tidspunkt 14:15 CET;2021-03-10;99,51
B;Virkedag;SEK;Svenske kroner;NOK;Norske kroner;SP;Spot;2;false;2;Hundre;C;ECB concertation tidspunkt 14:15 CET;2021-03-11;99,62
B;Virkedag;SEK;Svenske kroner;NOK;Norske kroner;SP;Spot;2;false;2;Hundre;C;ECB concertation tidspunkt 14:15 CET;2021-03-12;99,48
B;Virkedag;SEK;Svenske kroner;NOK;Norske kroner;SP;Spot;2;false;2;Hundre;C;ECB concertation tidspunkt 14:15 CET;2021-03-15;99,15
B;Virkedag;SEK;Svenske kroner;NOK;Norske kroner;SP;Spot;2;false;2;Hundre;C;ECB concertation tidspunkt 14:15 CET;2021-03-16;99,64
B;Virkedag;SEK;Svenske kroner;NOK;Norske kroner;SP;Spot;2;false;2;Hundre;C;ECB concertation tidspunkt 14:15 CET;2021-03-17;99,86
B;Virkedag;SEK;Svenske kroner;NOK;Norske kroner;SP;Spot;2;false;2;Hundre;C;ECB concertation tidspunkt 14:15 CET;2021-03-18;99,5
B;Virkedag;SEK;Svenske kroner;NOK;Norske kroner;SP;Spot;2;false;2;Hundre;C;ECB concertation tidspunkt 14:15 CET;2021-03-19;100,27
B;Virkedag;SEK;Svenske kroner;NOK;Norske kroner;SP;Spot;2;false;2;Hundre;C;ECB concertation tidspunkt 14:15 CET;2021-03-22;99,82
B;Virkedag;SEK;Svenske kroner;NOK;Norske kroner;SP;Spot;2;false;2;Hundre;C;ECB concertation tidspunkt 14:15 CET;2021-03-23;99,97
B;Virkedag;SEK;Svenske kroner;NOK;Norske kroner;SP;Spot;2;false;2;Hundre;C;ECB concertation tidspunkt 14:15 CET;2021-03-24;99,93
B;Virkedag;SEK;Svenske kroner;NOK;Norske kroner;SP;Spot;2;false;2;Hundre;C;ECB concertation tidspunkt 14:15 CET;2021-03-25;99,72
B;Virkedag;SEK;Svenske kroner;NOK;Norske kroner;SP;Spot;2;false;2;Hundre;C;ECB concertation tidspunkt 14:15 CET;2021-03-26;99,37
B;Virkedag;SEK;Svenske kroner;NOK;Norske kroner;SP;Spot;2;false;2;Hundre;C;ECB concertation tidspunkt 14:15 CET;2021-03-29;98,56
B;Virkedag;SEK;Svenske kroner;NOK;Norske kroner;SP;Spot;2;false;2;Hundre;C;ECB concertation tidspunkt 14:15 CET;2021-03-30;98,18
B;Virkedag;SEK;Svenske kroner;NOK;Norske kroner;SP;Spot;2;false;2;Hundre;C;ECB concertation tidspunkt 14:15 CET;2021-03-31;97,63
B;Virkedag;SEK;Svenske kroner;NOK;Norske kroner;SP;Spot;2;false;2;Hundre;C;ECB concertation tidspunkt 14:15 CET;2021-04-06;98,2
B;Virkedag;SEK;Svenske kroner;NOK;Norske kroner;SP;Spot;2;false;2;Hundre;C;ECB concertation tidspunkt 14:15 CET;2021-04-07;98,22
B;Virkedag;SEK;Svenske kroner;NOK;Norske kroner;SP;Spot;2;false;2;Hundre;C;ECB concertation tidspunkt 14:15 CET;2021-04-08;98,73
B;Virkedag;SEK;Svenske kroner;NOK;Norske kroner;SP;Spot;2;false;2;Hundre;C;ECB concertation tidspunkt 14:15 CET;2021-04-09;99,42
B;Virkedag;SEK;Svenske kroner;NOK;Norske kroner;SP;Spot;2;false;2;Hundre;C;ECB concertation tidspunkt 14:15 CET;2021-04-12;98,99
B;Virkedag;SEK;Svenske kroner;NOK;Norske kroner;SP;Spot;2;false;2;Hundre;C;ECB concertation tidspunkt 14:15 CET;2021-04-13;99,57
B;Virkedag;SEK;Svenske kroner;NOK;Norske kroner;SP;Spot;2;false;2;Hundre;C;ECB concertation tidspunkt 14:15 CET;2021-04-14;99,32
B;Virkedag;SEK;Svenske kroner;NOK;Norske kroner;SP;Spot;2;false;2;Hundre;C;ECB concertation tidspunkt 14:15 CET;2021-04-15;99,15
B;Virkedag;SEK;Svenske kroner;NOK;Norske kroner;SP;Spot;2;false;2;Hundre;C;ECB concertation tidspunkt 14:15 CET;2021-04-16;99,13
B;Virkedag;SEK;Svenske kroner;NOK;Norske kroner;SP;Spot;2;false;2;Hundre;C;ECB concertation tidspunkt 14:15 CET;2021-04-19;98,76
B;Virkedag;SEK;Svenske kroner;NOK;Norske kroner;SP;Spot;2;false;2;Hundre;C;ECB concertation tidspunkt 14:15 CET;2021-04-20;98,69
B;Virkedag;SEK;Svenske kroner;NOK;Norske kroner;SP;Spot;2;false;2;Hundre;C;ECB concertation tidspunkt 14:15 CET;2021-04-21;98,93
B;Virkedag;SEK;Svenske kroner;NOK;Norske kroner;SP;Spot;2;false;2;Hundre;C;ECB concertation tidspunkt 14:15 CET;2021-04-22;99,25
B;Virkedag;SEK;Svenske kroner;NOK;Norske kroner;SP;Spot;2;false;2;Hundre;C;ECB concertation tidspunkt 14:15 CET;2021-04-23;99,04
B;Virkedag;SEK;Svenske kroner;NOK;Norske kroner;SP;Spot;2;false;2;Hundre;C;ECB concertation tidspunkt 14:15 CET;2021-04-26;99,06
B;Virkedag;SEK;Svenske kroner;NOK;Norske kroner;SP;Spot;2;false;2;Hundre;C;ECB concertation tidspunkt 14:15 CET;2021-04-27;98,69
B;Virkedag;SEK;Svenske kroner;NOK;Norske kroner;SP;Spot;2;false;2;Hundre;C;ECB concertation tidspunkt 14:15 CET;2021-04-28;98,7
B;Virkedag;SEK;Svenske kroner;NOK;Norske kroner;SP;Spot;2;false;2;Hundre;C;ECB concertation tidspunkt 14:15 CET;2021-04-29;98,04
B;Virkedag;SEK;Svenske kroner;NOK;Norske kroner;SP;Spot;2;false;2;Hundre;C;ECB concertation tidspunkt 14:15 CET;2021-04-30;97,93
B;Virkedag;SEK;Svenske kroner;NOK;Norske kroner;SP;Spot;2;false;2;Hundre;C;ECB concertation tidspunkt 14:15 CET;2021-05-03;98,39
B;Virkedag;SEK;Svenske kroner;NOK;Norske kroner;SP;Spot;2;false;2;Hundre;C;ECB concertation tidspunkt 14:15 CET;2021-05-04;98,48
B;Virkedag;SEK;Svenske kroner;NOK;Norske kroner;SP;Spot;2;false;2;Hundre;C;ECB concertation tidspunkt 14:15 CET;2021-05-05;97,94
B;Virkedag;SEK;Svenske kroner;NOK;Norske kroner;SP;Spot;2;false;2;Hundre;C;ECB concertation tidspunkt 14:15 CET;2021-05-06;98,64
B;Virkedag;SEK;Svenske kroner;NOK;Norske kroner;SP;Spot;2;false;2;Hundre;C;ECB concertation tidspunkt 14:15 CET;2021-05-07;98,88
B;Virkedag;SEK;Svenske kroner;NOK;Norske kroner;SP;Spot;2;false;2;Hundre;C;ECB concertation tidspunkt 14:15 CET;2021-05-10;98,79
B;Virkedag;SEK;Svenske kroner;NOK;Norske kroner;SP;Spot;2;false;2;Hundre;C;ECB concertation tidspunkt 14:15 CET;2021-05-11;99,2
B;Virkedag;SEK;Svenske kroner;NOK;Norske kroner;SP;Spot;2;false;2;Hundre;C;ECB concertation tidspunkt 14:15 CET;2021-05-12;99,21
B;Virkedag;SEK;Svenske kroner;NOK;Norske kroner;SP;Spot;2;false;2;Hundre;C;ECB concertation tidspunkt 14:15 CET;2021-05-14;98,82
B;Virkedag;SEK;Svenske kroner;NOK;Norske kroner;SP;Spot;2;false;2;Hundre;C;ECB concertation tidspunkt 14:15 CET;2021-05-18;98,78
B;Virkedag;SEK;Svenske kroner;NOK;Norske kroner;SP;Spot;2;false;2;Hundre;C;ECB concertation tidspunkt 14:15 CET;2021-05-19;99,43
B;Virkedag;SEK;Svenske kroner;NOK;Norske kroner;SP;Spot;2;false;2;Hundre;C;ECB concertation tidspunkt 14:15 CET;2021-05-20;99,96
B;Virkedag;SEK;Svenske kroner;NOK;Norske kroner;SP;Spot;2;false;2;Hundre;C;ECB concertation tidspunkt 14:15 CET;2021-05-21;100,2
B;Virkedag;SEK;Svenske kroner;NOK;Norske kroner;SP;Spot;2;false;2;Hundre;C;ECB concertation tidspunkt 14:15 CET;2021-05-25;100,62
B;Virkedag;SEK;Svenske kroner;NOK;Norske kroner;SP;Spot;2;false;2;Hundre;C;ECB concertation tidspunkt 14:15 CET;2021-05-26;100,27
B;Virkedag;SEK;Svenske kroner;NOK;Norske kroner;SP;Spot;2;false;2;Hundre;C;ECB concertation tidspunkt 14:15 CET;2021-05-27;100,65
B;Virkedag;SEK;Svenske kroner;NOK;Norske kroner;SP;Spot;2;false;2;Hundre;C;ECB concertation tidspunkt 14:15 CET;2021-05-28;100,53
B;Virkedag;SEK;Svenske kroner;NOK;Norske kroner;SP;Spot;2;false;2;Hundre;C;ECB concertation tidspunkt 14:15 CET;2021-05-31;100,96
B;Virkedag;SEK;Svenske kroner;NOK;Norske kroner;SP;Spot;2;false;2;Hundre;C;ECB concertation tidspunkt 14:15 CET;2021-06-01;100,16
B;Virkedag;SEK;Svenske kroner;NOK;Norske kroner;SP;Spot;2;false;2;Hundre;C;ECB concertation tidspunkt 14:15 CET;2021-06-02;100,49
B;Virkedag;SEK;Svenske kroner;NOK;Norske kroner;SP;Spot;2;false;2;Hundre;C;ECB concertation tidspunkt 14:15 CET;2021-06-03;100,35
B;Virkedag;SEK;Svenske kroner;NOK;Norske kroner;SP;Spot;2;false;2;Hundre;C;ECB concertation tidspunkt 14:15 CET;2021-06-04;100,5
B;Virkedag;SEK;Svenske kroner;NOK;Norske kroner;SP;Spot;2;false;2;Hundre;C;ECB concertation tidspunkt 14:15 CET;2021-06-07;99,93
B;Virkedag;SEK;Svenske kroner;NOK;Norske kroner;SP;Spot;2;false;2;Hundre;C;ECB concertation tidspunkt 14:15 CET;2021-06-08;99,73
B;Virkedag;SEK;Svenske kroner;NOK;Norske kroner;SP;Spot;2;false;2;Hundre;C;ECB concertation tidspunkt 14:15 CET;2021-06-09;99,92
B;Virkedag;SEK;Svenske kroner;NOK;Norske kroner;SP;Spot;2;false;2;Hundre;C;ECB concertation tidspunkt 14:15 CET;2021-06-10;100,4
B;Virkedag;SEK;Svenske kroner;NOK;Norske kroner;SP;Spot;2;false;2;Hundre;C;ECB concertation tidspunkt 14:15 CET;2021-06-11;100,18
B;Virkedag;SEK;Svenske kroner;NOK;Norske kroner;SP;Spot;2;false;2;Hundre;C;ECB concertation tidspunkt 14:15 CET;2021-06-14;99,89
B;Virkedag;SEK;Svenske kroner;NOK;Norske kroner;SP;Spot;2;false;2;Hundre;C;ECB concertation tidspunkt 14:15 CET;2021-06-15;99,97
B;Virkedag;SEK;Svenske kroner;NOK;Norske kroner;SP;Spot;2;false;2;Hundre;C;ECB concertation tidspunkt 14:15 CET;2021-06-16;99,93
B;Virkedag;SEK;Svenske kroner;NOK;Norske kroner;SP;Spot;2;false;2;Hundre;C;ECB concertation tidspunkt 14:15 CET;2021-06-17;100,07
B;Virkedag;SEK;Svenske kroner;NOK;Norske kroner;SP;Spot;2;false;2;Hundre;C;ECB concertation tidspunkt 14:15 CET;2021-06-18;100,53
B;Virkedag;SEK;Svenske kroner;NOK;Norske kroner;SP;Spot;2;false;2;Hundre;C;ECB concertation tidspunkt 14:15 CET;2021-06-21;100,5
B;Virkedag;SEK;Svenske kroner;NOK;Norske kroner;SP;Spot;2;false;2;Hundre;C;ECB concertation tidspunkt 14:15 CET;2021-06-22;100,62
B;Virkedag;SEK;Svenske kroner;NOK;Norske kroner;SP;Spot;2;false;2;Hundre;C;ECB concertation tidspunkt 14:15 CET;2021-06-23;100,43
B;Virkedag;SEK;Svenske kroner;NOK;Norske kroner;SP;Spot;2;false;2;Hundre;C;ECB concertation tidspunkt 14:15 CET;2021-06-24;100,6
B;Virkedag;SEK;Svenske kroner;NOK;Norske kroner;SP;Spot;2;false;2;Hundre;C;ECB concertation tidspunkt 14:15 CET;2021-06-25;100,25
B;Virkedag;SEK;Svenske kroner;NOK;Norske kroner;SP;Spot;2;false;2;Hundre;C;ECB concertation tidspunkt 14:15 CET;2021-06-28;100,49
B;Virkedag;SEK;Svenske kroner;NOK;Norske kroner;SP;Spot;2;false;2;Hundre;C;ECB concertation tidspunkt 14:15 CET;2021-06-29;100,38
B;Virkedag;SEK;Svenske kroner;NOK;Norske kroner;SP;Spot;2;false;2;Hundre;C;ECB concertation tidspunkt 14:15 CET;2021-06-30;100,6
B;Virkedag;SEK;Svenske kroner;NOK;Norske kroner;SP;Spot;2;false;2;Hundre;C;ECB concertation tidspunkt 14:15 CET;2021-07-01;100,36
B;Virkedag;SEK;Svenske kroner;NOK;Norske kroner;SP;Spot;2;false;2;Hundre;C;ECB concertation tidspunkt 14:15 CET;2021-07-02;100,78
B;Virkedag;SEK;Svenske kroner;NOK;Norske kroner;SP;Spot;2;false;2;Hundre;C;ECB concertation tidspunkt 14:15 CET;2021-07-05;100,34
B;Virkedag;SEK;Svenske kroner;NOK;Norske kroner;SP;Spot;2;false;2;Hundre;C;ECB concertation tidspunkt 14:15 CET;2021-07-06;100,65
B;Virkedag;SEK;Svenske kroner;NOK;Norske kroner;SP;Spot;2;false;2;Hundre;C;ECB concertation tidspunkt 14:15 CET;2021-07-07;100,65
B;Virkedag;SEK;Svenske kroner;NOK;Norske kroner;SP;Spot;2;false;2;Hundre;C;ECB concertation tidspunkt 14:15 CET;2021-07-08;102,19
B;Virkedag;SEK;Svenske kroner;NOK;Norske kroner;SP;Spot;2;false;2;Hundre;C;ECB concertation tidspunkt 14:15 CET;2021-07-09;101,47
B;Virkedag;SEK;Svenske kroner;NOK;Norske kroner;SP;Spot;2;false;2;Hundre;C;ECB concertation tidspunkt 14:15 CET;2021-07-12;101,25
B;Virkedag;SEK;Svenske kroner;NOK;Norske kroner;SP;Spot;2;false;2;Hundre;C;ECB concertation tidspunkt 14:15 CET;2021-07-13;101,24
B;Virkedag;SEK;Svenske kroner;NOK;Norske kroner;SP;Spot;2;false;2;Hundre;C;ECB concertation tidspunkt 14:15 CET;2021-07-14;101,24
B;Virkedag;SEK;Svenske kroner;NOK;Norske kroner;SP;Spot;2;false;2;Hundre;C;ECB concertation tidspunkt 14:15 CET;2021-07-15;101,43
B;Virkedag;SEK;Svenske kroner;NOK;Norske kroner;SP;Spot;2;false;2;Hundre;C;ECB concertation tidspunkt 14:15 CET;2021-07-16;101,42
B;Virkedag;SEK;Svenske kroner;NOK;Norske kroner;SP;Spot;2;false;2;Hundre;C;ECB concertation tidspunkt 14:15 CET;2021-07-19;102,78
B;Virkedag;SEK;Svenske kroner;NOK;Norske kroner;SP;Spot;2;false;2;Hundre;C;ECB concertation tidspunkt 14:15 CET;2021-07-20;103,55
B;Virkedag;SEK;Svenske kroner;NOK;Norske kroner;SP;Spot;2;false;2;Hundre;C;ECB concertation tidspunkt 14:15 CET;2021-07-21;103,28
B;Virkedag;SEK;Svenske kroner;NOK;Norske kroner;SP;Spot;2;false;2;Hundre;C;ECB concertation tidspunkt 14:15 CET;2021-07-22;101,52
B;Virkedag;SEK;Svenske kroner;NOK;Norske kroner;SP;Spot;2;false;2;Hundre;C;ECB concertation tidspunkt 14:15 CET;2021-07-23;101,92
B;Virkedag;SEK;Svenske kroner;NOK;Norske kroner;SP;Spot;2;false;2;Hundre;C;ECB concertation tidspunkt 14:15 CET;2021-07-26;102,18
B;Virkedag;SEK;Svenske kroner;NOK;Norske kroner;SP;Spot;2;false;2;Hundre;C;ECB concertation tidspunkt 14:15 CET;2021-07-27;102,73
B;Virkedag;SEK;Svenske kroner;NOK;Norske kroner;SP;Spot;2;false;2;Hundre;C;ECB concertation tidspunkt 14:15 CET;2021-07-28;102,81
B;Virkedag;SEK;Svenske kroner;NOK;Norske kroner;SP;Spot;2;false;2;Hundre;C;ECB concertation tidspunkt 14:15 CET;2021-07-29;102,28
B;Virkedag;SEK;Svenske kroner;NOK;Norske kroner;SP;Spot;2;false;2;Hundre;C;ECB concertation tidspunkt 14:15 CET;2021-07-30;102,49
B;Virkedag;SEK;Svenske kroner;NOK;Norske kroner;SP;Spot;2;false;2;Hundre;C;ECB concertation tidspunkt 14:15 CET;2021-08-02;102,56
B;Virkedag;SEK;Svenske kroner;NOK;Norske kroner;SP;Spot;2;false;2;Hundre;C;ECB concertation tidspunkt 14:15 CET;2021-08-03;102,25
B;Virkedag;SEK;Svenske kroner;NOK;Norske kroner;SP;Spot;2;false;2;Hundre;C;ECB concertation tidspunkt 14:15 CET;2021-08-04;102,53
B;Virkedag;SEK;Svenske kroner;NOK;Norske kroner;SP;Spot;2;false;2;Hundre;C;ECB concertation tidspunkt 14:15 CET;2021-08-05;102,38
B;Virkedag;SEK;Svenske kroner;NOK;Norske kroner;SP;Spot;2;false;2;Hundre;C;ECB concertation tidspunkt 14:15 CET;2021-08-06;102,5
B;Virkedag;SEK;Svenske kroner;NOK;Norske kroner;SP;Spot;2;false;2;Hundre;C;ECB concertation tidspunkt 14:15 CET;2021-08-09;102,65
B;Virkedag;SEK;Svenske kroner;NOK;Norske kroner;SP;Spot;2;false;2;Hundre;C;ECB concertation tidspunkt 14:15 CET;2021-08-10;102,48
B;Virkedag;SEK;Svenske kroner;NOK;Norske kroner;SP;Spot;2;false;2;Hundre;C;ECB concertation tidspunkt 14:15 CET;2021-08-11;102,19
B;Virkedag;SEK;Svenske kroner;NOK;Norske kroner;SP;Spot;2;false;2;Hundre;C;ECB concertation tidspunkt 14:15 CET;2021-08-12;101,84
B;Virkedag;SEK;Svenske kroner;NOK;Norske kroner;SP;Spot;2;false;2;Hundre;C;ECB concertation tidspunkt 14:15 CET;2021-08-13;101,73
B;Virkedag;SEK;Svenske kroner;NOK;Norske kroner;SP;Spot;2;false;2;Hundre;C;ECB concertation tidspunkt 14:15 CET;2021-08-16;102
B;Virkedag;SEK;Svenske kroner;NOK;Norske kroner;SP;Spot;2;false;2;Hundre;C;ECB concertation tidspunkt 14:15 CET;2021-08-17;102
B;Virkedag;SEK;Svenske kroner;NOK;Norske kroner;SP;Spot;2;false;2;Hundre;C;ECB concertation tidspunkt 14:15 CET;2021-08-18;101,94
B;Virkedag;SEK;Svenske kroner;NOK;Norske kroner;SP;Spot;2;false;2;Hundre;C;ECB concertation tidspunkt 14:15 CET;2021-08-19;102,58
B;Virkedag;SEK;Svenske kroner;NOK;Norske kroner;SP;Spot;2;false;2;Hundre;C;ECB concertation tidspunkt 14:15 CET;2021-08-20;102,65
B;Virkedag;SEK;Svenske kroner;NOK;Norske kroner;SP;Spot;2;false;2;Hundre;C;ECB concertation tidspunkt 14:15 CET;2021-08-23;102,24
B;Virkedag;SEK;Svenske kroner;NOK;Norske kroner;SP;Spot;2;false;2;Hundre;C;ECB concertation tidspunkt 14:15 CET;2021-08-24;101,87
B;Virkedag;SEK;Svenske kroner;NOK;Norske kroner;SP;Spot;2;false;2;Hundre;C;ECB concertation tidspunkt 14:15 CET;2021-08-25;101,58
B;Virkedag;SEK;Svenske kroner;NOK;Norske kroner;SP;Spot;2;false;2;Hundre;C;ECB concertation tidspunkt 14:15 CET;2021-08-26;101,17
B;Virkedag;SEK;Svenske kroner;NOK;Norske kroner;SP;Spot;2;false;2;Hundre;C;ECB concertation tidspunkt 14:15 CET;2021-08-27;101,2
B;Virkedag;SEK;Svenske kroner;NOK;Norske kroner;SP;Spot;2;false;2;Hundre;C;ECB concertation tidspunkt 14:15 CET;2021-08-30;100,57
B;Virkedag;SEK;Svenske kroner;NOK;Norske kroner;SP;Spot;2;false;2;Hundre;C;ECB concertation tidspunkt 14:15 CET;2021-08-31;100,96
B;Virkedag;SEK;Svenske kroner;NOK;Norske kroner;SP;Spot;2;false;2;Hundre;C;ECB concertation tidspunkt 14:15 CET;2021-09-01;100,66
B;Virkedag;SEK;Svenske kroner;NOK;Norske kroner;SP;Spot;2;false;2;Hundre;C;ECB concertation tidspunkt 14:15 CET;2021-09-02;100,98
B;Virkedag;SEK;Svenske kroner;NOK;Norske kroner;SP;Spot;2;false;2;Hundre;C;ECB concertation tidspunkt 14:15 CET;2021-09-03;101,01
B;Virkedag;SEK;Svenske kroner;NOK;Norske kroner;SP;Spot;2;false;2;Hundre;C;ECB concertation tidspunkt 14:15 CET;2021-09-06;101,05
B;Virkedag;SEK;Svenske kroner;NOK;Norske kroner;SP;Spot;2;false;2;Hundre;C;ECB concertation tidspunkt 14:15 CET;2021-09-07;101,45
B;Virkedag;SEK;Svenske kroner;NOK;Norske kroner;SP;Spot;2;false;2;Hundre;C;ECB concertation tidspunkt 14:15 CET;2021-09-08;100,89
B;Virkedag;SEK;Svenske kroner;NOK;Norske kroner;SP;Spot;2;false;2;Hundre;C;ECB concertation tidspunkt 14:15 CET;2021-09-09;100,77
B;Virkedag;SEK;Svenske kroner;NOK;Norske kroner;SP;Spot;2;false;2;Hundre;C;ECB concertation tidspunkt 14:15 CET;2021-09-10;100,18
B;Virkedag;SEK;Svenske kroner;NOK;Norske kroner;SP;Spot;2;false;2;Hundre;C;ECB concertation tidspunkt 14:15 CET;2021-09-13;100,03
B;Virkedag;SEK;Svenske kroner;NOK;Norske kroner;SP;Spot;2;false;2;Hundre;C;ECB concertation tidspunkt 14:15 CET;2021-09-14;100,29
B;Virkedag;SEK;Svenske kroner;NOK;Norske kroner;SP;Spot;2;false;2;Hundre;C;ECB concertation tidspunkt 14:15 CET;2021-09-15;100,06
B;Virkedag;SEK;Svenske kroner;NOK;Norske kroner;SP;Spot;2;false;2;Hundre;C;ECB concertation tidspunkt 14:15 CET;2021-09-16;99,78
B;Virkedag;SEK;Svenske kroner;NOK;Norske kroner;SP;Spot;2;false;2;Hundre;C;ECB concertation tidspunkt 14:15 CET;2021-09-17;99,66
B;Virkedag;SEK;Svenske kroner;NOK;Norske kroner;SP;Spot;2;false;2;Hundre;C;ECB concertation tidspunkt 14:15 CET;2021-09-20;100,25
B;Virkedag;SEK;Svenske kroner;NOK;Norske kroner;SP;Spot;2;false;2;Hundre;C;ECB concertation tidspunkt 14:15 CET;2021-09-21;100,06
B;Virkedag;SEK;Svenske kroner;NOK;Norske kroner;SP;Spot;2;false;2;Hundre;C;ECB concertation tidspunkt 14:15 CET;2021-09-22;99,52
B;Virkedag;SEK;Svenske kroner;NOK;Norske kroner;SP;Spot;2;false;2;Hundre;C;ECB concertation tidspunkt 14:15 CET;2021-09-23;99,47
B;Virkedag;SEK;Svenske kroner;NOK;Norske kroner;SP;Spot;2;false;2;Hundre;C;ECB concertation tidspunkt 14:15 CET;2021-09-24;99,52
B;Virkedag;SEK;Svenske kroner;NOK;Norske kroner;SP;Spot;2;false;2;Hundre;C;ECB concertation tidspunkt 14:15 CET;2021-09-27;98,94
B;Virkedag;SEK;Svenske kroner;NOK;Norske kroner;SP;Spot;2;false;2;Hundre;C;ECB concertation tidspunkt 14:15 CET;2021-09-28;99,1
B;Virkedag;SEK;Svenske kroner;NOK;Norske kroner;SP;Spot;2;false;2;Hundre;C;ECB concertation tidspunkt 14:15 CET;2021-09-29;99,61
B;Virkedag;SEK;Svenske kroner;NOK;Norske kroner;SP;Spot;2;false;2;Hundre;C;ECB concertation tidspunkt 14:15 CET;2021-09-30;99,97
B;Virkedag;SEK;Svenske kroner;NOK;Norske kroner;SP;Spot;2;false;2;Hundre;C;ECB concertation tidspunkt 14:15 CET;2021-10-01;98,69
B;Virkedag;SEK;Svenske kroner;NOK;Norske kroner;SP;Spot;2;false;2;Hundre;C;ECB concertation tidspunkt 14:15 CET;2021-10-04;98,36
B;Virkedag;SEK;Svenske kroner;NOK;Norske kroner;SP;Spot;2;false;2;Hundre;C;ECB concertation tidspunkt 14:15 CET;2021-10-05;97,87
B;Virkedag;SEK;Svenske kroner;NOK;Norske kroner;SP;Spot;2;false;2;Hundre;C;ECB concertation tidspunkt 14:15 CET;2021-10-06;97,64
B;Virkedag;SEK;Svenske kroner;NOK;Norske kroner;SP;Spot;2;false;2;Hundre;C;ECB concertation tidspunkt 14:15 CET;2021-10-07;97,96
B;Virkedag;SEK;Svenske kroner;NOK;Norske kroner;SP;Spot;2;false;2;Hundre;C;ECB concertation tidspunkt 14:15 CET;2021-10-08;97,74
B;Virkedag;SEK;Svenske kroner;NOK;Norske kroner;SP;Spot;2;false;2;Hundre;C;ECB concertation tidspunkt 14:15 CET;2021-10-11;97,74
B;Virkedag;SEK;Svenske kroner;NOK;Norske kroner;SP;Spot;2;false;2;Hundre;C;ECB concertation tidspunkt 14:15 CET;2021-10-12;97,56
B;Virkedag;SEK;Svenske kroner;NOK;Norske kroner;SP;Spot;2;false;2;Hundre;C;ECB concertation tidspunkt 14:15 CET;2021-10-13;97,39
B;Virkedag;SEK;Svenske kroner;NOK;Norske kroner;SP;Spot;2;false;2;Hundre;C;ECB concertation tidspunkt 14:15 CET;2021-10-14;97,79
B;Virkedag;SEK;Svenske kroner;NOK;Norske kroner;SP;Spot;2;false;2;Hundre;C;ECB concertation tidspunkt 14:15 CET;2021-10-15;97,34
B;Virkedag;SEK;Svenske kroner;NOK;Norske kroner;SP;Spot;2;false;2;Hundre;C;ECB concertation tidspunkt 14:15 CET;2021-10-18;97,28
B;Virkedag;SEK;Svenske kroner;NOK;Norske kroner;SP;Spot;2;false;2;Hundre;C;ECB concertation tidspunkt 14:15 CET;2021-10-19;97,05
B;Virkedag;SEK;Svenske kroner;NOK;Norske kroner;SP;Spot;2;false;2;Hundre;C;ECB concertation tidspunkt 14:15 CET;2021-10-20;97,29
B;Virkedag;SEK;Svenske kroner;NOK;Norske kroner;SP;Spot;2;false;2;Hundre;C;ECB concertation tidspunkt 14:15 CET;2021-10-21;96,92
B;Virkedag;SEK;Svenske kroner;NOK;Norske kroner;SP;Spot;2;false;2;Hundre;C;ECB concertation tidspunkt 14:15 CET;2021-10-22;97,32
B;Virkedag;SEK;Svenske kroner;NOK;Norske kroner;SP;Spot;2;false;2;Hundre;C;ECB concertation tidspunkt 14:15 CET;2021-10-25;97,1
B;Virkedag;SEK;Svenske kroner;NOK;Norske kroner;SP;Spot;2;false;2;Hundre;C;ECB concertation tidspunkt 14:15 CET;2021-10-26;96,98
B;Virkedag;SEK;Svenske kroner;NOK;Norske kroner;SP;Spot;2;false;2;Hundre;C;ECB concertation tidspunkt 14:15 CET;2021-10-27;97,65
B;Virkedag;SEK;Svenske kroner;NOK;Norske kroner;SP;Spot;2;false;2;Hundre;C;ECB concertation tidspunkt 14:15 CET;2021-10-28;97,77
B;Virkedag;SEK;Svenske kroner;NOK;Norske kroner;SP;Spot;2;false;2;Hundre;C;ECB concertation tidspunkt 14:15 CET;2021-10-29;98,12
B;Virkedag;SEK;Svenske kroner;NOK;Norske kroner;SP;Spot;2;false;2;Hundre;C;ECB concertation tidspunkt 14:15 CET;2021-11-01;98,22
B;Virkedag;SEK;Svenske kroner;NOK;Norske kroner;SP;Spot;2;false;2;Hundre;C;ECB concertation tidspunkt 14:15 CET;2021-11-02;98,94
B;Virkedag;SEK;Svenske kroner;NOK;Norske kroner;SP;Spot;2;false;2;Hundre;C;ECB concertation tidspunkt 14:15 CET;2021-11-03;99,49
B;Virkedag;SEK;Svenske kroner;NOK;Norske kroner;SP;Spot;2;false;2;Hundre;C;ECB concertation tidspunkt 14:15 CET;2021-11-04;99,53
B;Virkedag;SEK;Svenske kroner;NOK;Norske kroner;SP;Spot;2;false;2;Hundre;C;ECB concertation tidspunkt 14:15 CET;2021-11-05;99,84
B;Virkedag;SEK;Svenske kroner;NOK;Norske kroner;SP;Spot;2;false;2;Hundre;C;ECB concertation tidspunkt 14:15 CET;2021-11-08;99,15
B;Virkedag;SEK;Svenske kroner;NOK;Norske kroner;SP;Spot;2;false;2;Hundre;C;ECB concertation tidspunkt 14:15 CET;2021-11-09;99,56
B;Virkedag;SEK;Svenske kroner;NOK;Norske kroner;SP;Spot;2;false;2;Hundre;C;ECB concertation tidspunkt 14:15 CET;2021-11-10;99,2
B;Virkedag;SEK;Svenske kroner;NOK;Norske kroner;SP;Spot;2;false;2;Hundre;C;ECB concertation tidspunkt 14:15 CET;2021-11-11;100,05
B;Virkedag;SEK;Svenske kroner;NOK;Norske kroner;SP;Spot;2;false;2;Hundre;C;ECB concertation tidspunkt 14:15 CET;2021-11-12;99,42
B;Virkedag;SEK;Svenske kroner;NOK;Norske kroner;SP;Spot;2;false;2;Hundre;C;ECB concertation tidspunkt 14:15 CET;2021-11-15;99,1
B;Virkedag;SEK;Svenske kroner;NOK;Norske kroner;SP;Spot;2;false;2;Hundre;C;ECB concertation tidspunkt 14:15 CET;2021-11-16;98,57
B;Virkedag;SEK;Svenske kroner;NOK;Norske kroner;SP;Spot;2;false;2;Hundre;C;ECB concertation tidspunkt 14:15 CET;2021-11-17;98,6
B;Virkedag;SEK;Svenske kroner;NOK;Norske kroner;SP;Spot;2;false;2;Hundre;C;ECB concertation tidspunkt 14:15 CET;2021-11-18;98,97
B;Virkedag;SEK;Svenske kroner;NOK;Norske kroner;SP;Spot;2;false;2;Hundre;C;ECB concertation tidspunkt 14:15 CET;2021-11-19;99,53
B;Virkedag;SEK;Svenske kroner;NOK;Norske kroner;SP;Spot;2;false;2;Hundre;C;ECB concertation tidspunkt 14:15 CET;2021-11-22;99,44
B;Virkedag;SEK;Svenske kroner;NOK;Norske kroner;SP;Spot;2;false;2;Hundre;C;ECB concertation tidspunkt 14:15 CET;2021-11-23;99,39
B;Virkedag;SEK;Svenske kroner;NOK;Norske kroner;SP;Spot;2;false;2;Hundre;C;ECB concertation tidspunkt 14:15 CET;2021-11-24;98,39
B;Virkedag;SEK;Svenske kroner;NOK;Norske kroner;SP;Spot;2;false;2;Hundre;C;ECB concertation tidspunkt 14:15 CET;2021-11-25;98,91
B;Virkedag;SEK;Svenske kroner;NOK;Norske kroner;SP;Spot;2;false;2;Hundre;C;ECB concertation tidspunkt 14:15 CET;2021-11-26;99,04
B;Virkedag;SEK;Svenske kroner;NOK;Norske kroner;SP;Spot;2;false;2;Hundre;C;ECB concertation tidspunkt 14:15 CET;2021-11-29;99,26
B;Virkedag;SEK;Svenske kroner;NOK;Norske kroner;SP;Spot;2;false;2;Hundre;C;ECB concertation tidspunkt 14:15 CET;2021-11-30;99,94
B;Virkedag;SEK;Svenske kroner;NOK;Norske kroner;SP;Spot;2;false;2;Hundre;C;ECB concertation tidspunkt 14:15 CET;2021-12-01;99,94
B;Virkedag;SEK;Svenske kroner;NOK;Norske kroner;SP;Spot;2;false;2;Hundre;C;ECB concertation tidspunkt 14:15 CET;2021-12-02;100,3
B;Virkedag;SEK;Svenske kroner;NOK;Norske kroner;SP;Spot;2;false;2;Hundre;C;ECB concertation tidspunkt 14:15 CET;2021-12-03;99,7
B;Virkedag;SEK;Svenske kroner;NOK;Norske kroner;SP;Spot;2;false;2;Hundre;C;ECB concertation tidspunkt 14:15 CET;2021-12-06;100,25
B;Virkedag;SEK;Svenske kroner;NOK;Norske kroner;SP;Spot;2;false;2;Hundre;C;ECB concertation tidspunkt 14:15 CET;2021-12-07;99,34
B;Virkedag;SEK;Svenske kroner;NOK;Norske kroner;SP;Spot;2;false;2;Hundre;C;ECB concertation tidspunkt 14:15 CET;2021-12-08;98,49
B;Virkedag;SEK;Svenske kroner;NOK;Norske kroner;SP;Spot;2;false;2;Hundre;C;ECB concertation tidspunkt 14:15 CET;2021-12-09;99,01
B;Virkedag;SEK;Svenske kroner;NOK;Norske kroner;SP;Spot;2;false;2;Hundre;C;ECB concertation tidspunkt 14:15 CET;2021-12-10;98,9
B;Virkedag;SEK;Svenske kroner;NOK;Norske kroner;SP;Spot;2;false;2;Hundre;C;ECB concertation tidspunkt 14:15 CET;2021-12-13;99,3
B;Virkedag;SEK;Svenske kroner;NOK;Norske kroner;SP;Spot;2;false;2;Hundre;C;ECB concertation tidspunkt 14:15 CET;2021-12-14;99,67
B;Virkedag;SEK;Svenske kroner;NOK;Norske kroner;SP;Spot;2;false;2;Hundre;C;ECB concertation tidspunkt 14:15 CET;2021-12-15;99,72
B;Virkedag;SEK;Svenske kroner;NOK;Norske kroner;SP;Spot;2;false;2;Hundre;C;ECB concertation tidspunkt 14:15 CET;2021-12-16;99,02
B;Virkedag;SEK;Svenske kroner;NOK;Norske kroner;SP;Spot;2;false;2;Hundre;C;ECB concertation tidspunkt 14:15 CET;2021-12-17;99,06
B;Virkedag;SEK;Svenske kroner;NOK;Norske kroner;SP;Spot;2;false;2;Hundre;C;ECB concertation tidspunkt 14:15 CET;2021-12-20;98,94
B;Virkedag;SEK;Svenske kroner;NOK;Norske kroner;SP;Spot;2;false;2;Hundre;C;ECB concertation tidspunkt 14:15 CET;2021-12-21;98,23
B;Virkedag;SEK;Svenske kroner;NOK;Norske kroner;SP;Spot;2;false;2;Hundre;C;ECB concertation tidspunkt 14:15 CET;2021-12-22;97,77
B;Virkedag;SEK;Svenske kroner;NOK;Norske kroner;SP;Spot;2;false;2;Hundre;C;ECB concertation tidspunkt 14:15 CET;2021-12-23;97,16
B;Virkedag;SEK;Svenske kroner;NOK;Norske kroner;SP;Spot;2;false;2;Hundre;C;ECB concertation tidspunkt 14:15 CET;2021-12-27;97,24
B;Virkedag;SEK;Svenske kroner;NOK;Norske kroner;SP;Spot;2;false;2;Hundre;C;ECB concertation tidspunkt 14:15 CET;2021-12-28;97,27
B;Virkedag;SEK;Svenske kroner;NOK;Norske kroner;SP;Spot;2;false;2;Hundre;C;ECB concertation tidspunkt 14:15 CET;2021-12-29;97,34
B;Virkedag;SEK;Svenske kroner;NOK;Norske kroner;SP;Spot;2;false;2;Hundre;C;ECB concertation tidspunkt 14:15 CET;2021-12-30;97,33
B;Virkedag;SEK;Svenske kroner;NOK;Norske kroner;SP;Spot;2;false;2;Hundre;C;ECB concertation tidspunkt 14:15 CET;2021-12-31;97,45
B;Virkedag;SEK;Svenske kroner;NOK;Norske kroner;SP;Spot;2;false;2;Hundre;C;ECB concertation tidspunkt 14:15 CET;2022-01-03;97,14
B;Virkedag;SEK;Svenske kroner;NOK;Norske kroner;SP;Spot;2;false;2;Hundre;C;ECB concertation tidspunkt 14:15 CET;2022-01-04;97,4
B;Virkedag;SEK;Svenske kroner;NOK;Norske kroner;SP;Spot;2;false;2;Hundre;C;ECB concertation tidspunkt 14:15 CET;2022-01-05;97,2
B;Virkedag;SEK;Svenske kroner;NOK;Norske kroner;SP;Spot;2;false;2;Hundre;C;ECB concertation tidspunkt 14:15 CET;2022-01-06;97,18
B;Virkedag;SEK;Svenske kroner;NOK;Norske kroner;SP;Spot;2;false;2;Hundre;C;ECB concertation tidspunkt 14:15 CET;2022-01-07;97,52
B;Virkedag;SEK;Svenske kroner;NOK;Norske kroner;SP;Spot;2;false;2;Hundre;C;ECB concertation tidspunkt 14:15 CET;2022-01-10;97,3
B;Virkedag;SEK;Svenske kroner;NOK;Norske kroner;SP;Spot;2;false;2;Hundre;C;ECB concertation tidspunkt 14:15 CET;2022-01-11;97,18
B;Virkedag;SEK;Svenske kroner;NOK;Norske kroner;SP;Spot;2;false;2;Hundre;C;ECB concertation tidspunkt 14:15 CET;2022-01-12;96,72
B;Virkedag;SEK;Svenske kroner;NOK;Norske kroner;SP;Spot;2;false;2;Hundre;C;ECB concertation tidspunkt 14:15 CET;2022-01-13;97,02
B;Virkedag;SEK;Svenske kroner;NOK;Norske kroner;SP;Spot;2;false;2;Hundre;C;ECB concertation tidspunkt 14:15 CET;2022-01-14;97,25
B;Virkedag;SEK;Svenske kroner;NOK;Norske kroner;SP;Spot;2;false;2;Hundre;C;ECB concertation tidspunkt 14:15 CET;2022-01-17;96,67
B;Virkedag;SEK;Svenske kroner;NOK;Norske kroner;SP;Spot;2;false;2;Hundre;C;ECB concertation tidspunkt 14:15 CET;2022-01-18;96,56
B;Virkedag;SEK;Svenske kroner;NOK;Norske kroner;SP;Spot;2;false;2;Hundre;C;ECB concertation tidspunkt 14:15 CET;2022-01-19;96,07
B;Virkedag;SEK;Svenske kroner;NOK;Norske kroner;SP;Spot;2;false;2;Hundre;C;ECB concertation tidspunkt 14:15 CET;2022-01-20;96,02
B;Virkedag;SEK;Svenske kroner;NOK;Norske kroner;SP;Spot;2;false;2;Hundre;C;ECB concertation tidspunkt 14:15 CET;2022-01-21;96,53
B;Virkedag;SEK;Svenske kroner;NOK;Norske kroner;SP;Spot;2;false;2;Hundre;C;ECB concertation tidspunkt 14:15 CET;2022-01-24;96,76
B;Virkedag;SEK;Svenske kroner;NOK;Norske kroner;SP;Spot;2;false;2;Hundre;C;ECB concertation tidspunkt 14:15 CET;2022-01-25;96,54
B;Virkedag;SEK;Svenske kroner;NOK;Norske kroner;SP;Spot;2;false;2;Hundre;C;ECB concertation tidspunkt 14:15 CET;2022-01-26;95,81
B;Virkedag;SEK;Svenske kroner;NOK;Norske kroner;SP;Spot;2;false;2;Hundre;C;ECB concertation tidspunkt 14:15 CET;2022-01-27;95,65
B;Virkedag;SEK;Svenske kroner;NOK;Norske kroner;SP;Spot;2;false;2;Hundre;C;ECB concertation tidspunkt 14:15 CET;2022-01-28;95,02
B;Virkedag;SEK;Svenske kroner;NOK;Norske kroner;SP;Spot;2;false;2;Hundre;C;ECB concertation tidspunkt 14:15 CET;2022-01-31;95,42
B;Virkedag;SEK;Svenske kroner;NOK;Norske kroner;SP;Spot;2;false;2;Hundre;C;ECB concertation tidspunkt 14:15 CET;2022-02-01;95,4
B;Virkedag;SEK;Svenske kroner;NOK;Norske kroner;SP;Spot;2;false;2;Hundre;C;ECB concertation tidspunkt 14:15 CET;2022-02-02;95,55
B;Virkedag;SEK;Svenske kroner;NOK;Norske kroner;SP;Spot;2;false;2;Hundre;C;ECB concertation tidspunkt 14:15 CET;2022-02-03;95,84
B;Virkedag;SEK;Svenske kroner;NOK;Norske kroner;SP;Spot;2;false;2;Hundre;C;ECB concertation tidspunkt 14:15 CET;2022-02-04;96,19
B;Virkedag;SEK;Svenske kroner;NOK;Norske kroner;SP;Spot;2;false;2;Hundre;C;ECB concertation tidspunkt 14:15 CET;2022-02-07;96,34
B;Virkedag;SEK;Svenske kroner;NOK;Norske kroner;SP;Spot;2;false;2;Hundre;C;ECB concertation tidspunkt 14:15 CET;2022-02-08;96,48
B;Virkedag;SEK;Svenske kroner;NOK;Norske kroner;SP;Spot;2;false;2;Hundre;C;ECB concertation tidspunkt 14:15 CET;2022-02-09;96,65
B;Virkedag;SEK;Svenske kroner;NOK;Norske kroner;SP;Spot;2;false;2;Hundre;C;ECB concertation tidspunkt 14:15 CET;2022-02-10;95,65
B;Virkedag;SEK;Svenske kroner;NOK;Norske kroner;SP;Spot;2;false;2;Hundre;C;ECB concertation tidspunkt 14:15 CET;2022-02-11;95,45
B;Virkedag;SEK;Svenske kroner;NOK;Norske kroner;SP;Spot;2;false;2;Hundre;C;ECB concertation tidspunkt 14:15 CET;2022-02-14;94,85
B;Virkedag;SEK;Svenske kroner;NOK;Norske kroner;SP;Spot;2;false;2;Hundre;C;ECB concertation tidspunkt 14:15 CET;2022-02-15;95,42
B;Virkedag;SEK;Svenske kroner;NOK;Norske kroner;SP;Spot;2;false;2;Hundre;C;ECB concertation tidspunkt 14:15 CET;2022-02-16;95,95
B;Virkedag;SEK;Svenske kroner;NOK;Norske kroner;SP;Spot;2;false;2;Hundre;C;ECB concertation tidspunkt 14:15 CET;2022-02-17;95,56
B;Virkedag;SEK;Svenske kroner;NOK;Norske kroner;SP;Spot;2;false;2;Hundre;C;ECB concertation tidspunkt 14:15 CET;2022-02-18;95,91
B;Virkedag;SEK;Svenske kroner;NOK;Norske kroner;SP;Spot;2;false;2;Hundre;C;ECB concertation tidspunkt 14:15 CET;2022-02-21;95,5
B;Virkedag;SEK;Svenske kroner;NOK;Norske kroner;SP;Spot;2;false;2;Hundre;C;ECB concertation tidspunkt 14:15 CET;2022-02-22;95,3
B;Virkedag;SEK;Svenske kroner;NOK;Norske kroner;SP;Spot;2;false;2;Hundre;C;ECB concertation tidspunkt 14:15 CET;2022-02-23;94,96
B;Virkedag;SEK;Svenske kroner;NOK;Norske kroner;SP;Spot;2;false;2;Hundre;C;ECB concertation tidspunkt 14:15 CET;2022-02-24;93,98
B;Virkedag;SEK;Svenske kroner;NOK;Norske kroner;SP;Spot;2;false;2;Hundre;C;ECB concertation tidspunkt 14:15 CET;2022-02-25;94,24
B;Virkedag;SEK;Svenske kroner;NOK;Norske kroner;SP;Spot;2;false;2;Hundre;C;ECB concertation tidspunkt 14:15 CET;2022-02-28;93,79
B;Virkedag;SEK;Svenske kroner;NOK;Norske kroner;SP;Spot;2;false;2;Hundre;C;ECB concertation tidspunkt 14:15 CET;2022-03-01;92,24
B;Virkedag;SEK;Svenske kroner;NOK;Norske kroner;SP;Spot;2;false;2;Hundre;C;ECB concertation tidspunkt 14:15 CET;2022-03-02;91,61
B;Virkedag;SEK;Svenske kroner;NOK;Norske kroner;SP;Spot;2;false;2;Hundre;C;ECB concertation tidspunkt 14:15 CET;2022-03-03;91,39
B;Virkedag;SEK;Svenske kroner;NOK;Norske kroner;SP;Spot;2;false;2;Hundre;C;ECB concertation tidspunkt 14:15 CET;2022-03-04;91,13
B;Virkedag;SEK;Svenske kroner;NOK;Norske kroner;SP;Spot;2;false;2;Hundre;C;ECB concertation tidspunkt 14:15 CET;2022-03-07;90,56
B;Virkedag;SEK;Svenske kroner;NOK;Norske kroner;SP;Spot;2;false;2;Hundre;C;ECB concertation tidspunkt 14:15 CET;2022-03-08;90
B;Virkedag;SEK;Svenske kroner;NOK;Norske kroner;SP;Spot;2;false;2;Hundre;C;ECB concertation tidspunkt 14:15 CET;2022-03-09;91,28
B;Virkedag;SEK;Svenske kroner;NOK;Norske kroner;SP;Spot;2;false;2;Hundre;C;ECB concertation tidspunkt 14:15 CET;2022-03-10;92,64
B;Virkedag;SEK;Svenske kroner;NOK;Norske kroner;SP;Spot;2;false;2;Hundre;C;ECB concertation tidspunkt 14:15 CET;2022-03-11;92,08
B;Virkedag;SEK;Svenske kroner;NOK;Norske kroner;SP;Spot;2;false;2;Hundre;C;ECB concertation tidspunkt 14:15 CET;2022-03-14;93,57
B;Virkedag;SEK;Svenske kroner;NOK;Norske kroner;SP;Spot;2;false;2;Hundre;C;ECB concertation tidspunkt 14:15 CET;2022-03-15;93,57
B;Virkedag;SEK;Svenske kroner;NOK;Norske kroner;SP;Spot;2;false;2;Hundre;C;ECB concertation tidspunkt 14:15 CET;2022-03-16;94,03
B;Virkedag;SEK;Svenske kroner;NOK;Norske kroner;SP;Spot;2;false;2;Hundre;C;ECB concertation tidspunkt 14:15 CET;2022-03-17;93,59
B;Virkedag;SEK;Svenske kroner;NOK;Norske kroner;SP;Spot;2;false;2;Hundre;C;ECB concertation tidspunkt 14:15 CET;2022-03-18;92,94
B;Virkedag;SEK;Svenske kroner;NOK;Norske kroner;SP;Spot;2;false;2;Hundre;C;ECB concertation tidspunkt 14:15 CET;2022-03-21;92,78
B;Virkedag;SEK;Svenske kroner;NOK;Norske kroner;SP;Spot;2;false;2;Hundre;C;ECB concertation tidspunkt 14:15 CET;2022-03-22;92,69
B;Virkedag;SEK;Svenske kroner;NOK;Norske kroner;SP;Spot;2;false;2;Hundre;C;ECB concertation tidspunkt 14:15 CET;2022-03-23;92,71
B;Virkedag;SEK;Svenske kroner;NOK;Norske kroner;SP;Spot;2;false;2;Hundre;C;ECB concertation tidspunkt 14:15 CET;2022-03-24;91,66
B;Virkedag;SEK;Svenske kroner;NOK;Norske kroner;SP;Spot;2;false;2;Hundre;C;ECB concertation tidspunkt 14:15 CET;2022-03-25;91,98
B;Virkedag;SEK;Svenske kroner;NOK;Norske kroner;SP;Spot;2;false;2;Hundre;C;ECB concertation tidspunkt 14:15 CET;2022-03-28;91,27
B;Virkedag;SEK;Svenske kroner;NOK;Norske kroner;SP;Spot;2;false;2;Hundre;C;ECB concertation tidspunkt 14:15 CET;2022-03-29;92,94
B;Virkedag;SEK;Svenske kroner;NOK;Norske kroner;SP;Spot;2;false;2;Hundre;C;ECB concertation tidspunkt 14:15 CET;2022-03-30;93,14
B;Virkedag;SEK;Svenske kroner;NOK;Norske kroner;SP;Spot;2;false;2;Hundre;C;ECB concertation tidspunkt 14:15 CET;2022-03-31;93,94
B;Virkedag;SEK;Svenske kroner;NOK;Norske kroner;SP;Spot;2;false;2;Hundre;C;ECB concertation tidspunkt 14:15 CET;2022-04-01;93,52
B;Virkedag;SEK;Svenske kroner;NOK;Norske kroner;SP;Spot;2;false;2;Hundre;C;ECB concertation tidspunkt 14:15 CET;2022-04-04;91,95
B;Virkedag;SEK;Svenske kroner;NOK;Norske kroner;SP;Spot;2;false;2;Hundre;C;ECB concertation tidspunkt 14:15 CET;2022-04-05;92,99
B;Virkedag;SEK;Svenske kroner;NOK;Norske kroner;SP;Spot;2;false;2;Hundre;C;ECB concertation tidspunkt 14:15 CET;2022-04-06;92,87
B;Virkedag;SEK;Svenske kroner;NOK;Norske kroner;SP;Spot;2;false;2;Hundre;C;ECB concertation tidspunkt 14:15 CET;2022-04-07;92,69
B;Virkedag;SEK;Svenske kroner;NOK;Norske kroner;SP;Spot;2;false;2;Hundre;C;ECB concertation tidspunkt 14:15 CET;2022-04-08;92,52
B;Virkedag;SEK;Svenske kroner;NOK;Norske kroner;SP;Spot;2;false;2;Hundre;C;ECB concertation tidspunkt 14:15 CET;2022-04-11;92,58
B;Virkedag;SEK;Svenske kroner;NOK;Norske kroner;SP;Spot;2;false;2;Hundre;C;ECB concertation tidspunkt 14:15 CET;2022-04-12;92,33
B;Virkedag;SEK;Svenske kroner;NOK;Norske kroner;SP;Spot;2;false;2;Hundre;C;ECB concertation tidspunkt 14:15 CET;2022-04-13;92,62
B;Virkedag;SEK;Svenske kroner;NOK;Norske kroner;SP;Spot;2;false;2;Hundre;C;ECB concertation tidspunkt 14:15 CET;2022-04-19;92,09
B;Virkedag;SEK;Svenske kroner;NOK;Norske kroner;SP;Spot;2;false;2;Hundre;C;ECB concertation tidspunkt 14:15 CET;2022-04-20;93,3
B;Virkedag;SEK;Svenske kroner;NOK;Norske kroner;SP;Spot;2;false;2;Hundre;C;ECB concertation tidspunkt 14:15 CET;2022-04-21;93,4
B;Virkedag;SEK;Svenske kroner;NOK;Norske kroner;SP;Spot;2;false;2;Hundre;C;ECB concertation tidspunkt 14:15 CET;2022-04-22;93,65
B;Virkedag;SEK;Svenske kroner;NOK;Norske kroner;SP;Spot;2;false;2;Hundre;C;ECB concertation tidspunkt 14:15 CET;2022-04-25;93,76
B;Virkedag;SEK;Svenske kroner;NOK;Norske kroner;SP;Spot;2;false;2;Hundre;C;ECB concertation tidspunkt 14:15 CET;2022-04-26;94,23
B;Virkedag;SEK;Svenske kroner;NOK;Norske kroner;SP;Spot;2;false;2;Hundre;C;ECB concertation tidspunkt 14:15 CET;2022-04-27;94,04
B;Virkedag;SEK;Svenske kroner;NOK;Norske kroner;SP;Spot;2;false;2;Hundre;C;ECB concertation tidspunkt 14:15 CET;2022-04-28;95,56
B;Virkedag;SEK;Svenske kroner;NOK;Norske kroner;SP;Spot;2;false;2;Hundre;C;ECB concertation tidspunkt 14:15 CET;2022-04-29;94,72
B;Virkedag;SEK;Svenske kroner;NOK;Norske kroner;SP;Spot;2;false;2;Hundre;C;ECB concertation tidspunkt 14:15 CET;2022-05-02;95,4
B;Virkedag;SEK;Svenske kroner;NOK;Norske kroner;SP;Spot;2;false;2;Hundre;C;ECB concertation tidspunkt 14:15 CET;2022-05-03;95,3
B;Virkedag;SEK;Svenske kroner;NOK;Norske kroner;SP;Spot;2;false;2;Hundre;C;ECB concertation tidspunkt 14:15 CET;2022-05-04;95,26
B;Virkedag;SEK;Svenske kroner;NOK;Norske kroner;SP;Spot;2;false;2;Hundre;C;ECB concertation tidspunkt 14:15 CET;2022-05-05;94,91
B;Virkedag;SEK;Svenske kroner;NOK;Norske kroner;SP;Spot;2;false;2;Hundre;C;ECB concertation tidspunkt 14:15 CET;2022-05-06;95,34
B;Virkedag;SEK;Svenske kroner;NOK;Norske kroner;SP;Spot;2;false;2;Hundre;C;ECB concertation tidspunkt 14:15 CET;2022-05-09;95,05
B;Virkedag;SEK;Svenske kroner;NOK;Norske kroner;SP;Spot;2;false;2;Hundre;C;ECB concertation tidspunkt 14:15 CET;2022-05-10;96,46
B;Virkedag;SEK;Svenske kroner;NOK;Norske kroner;SP;Spot;2;false;2;Hundre;C;ECB concertation tidspunkt 14:15 CET;2022-05-11;96,71
B;Virkedag;SEK;Svenske kroner;NOK;Norske kroner;SP;Spot;2;false;2;Hundre;C;ECB concertation tidspunkt 14:15 CET;2022-05-12;97,4
B;Virkedag;SEK;Svenske kroner;NOK;Norske kroner;SP;Spot;2;false;2;Hundre;C;ECB concertation tidspunkt 14:15 CET;2022-05-13;97,27
B;Virkedag;SEK;Svenske kroner;NOK;Norske kroner;SP;Spot;2;false;2;Hundre;C;ECB concertation tidspunkt 14:15 CET;2022-05-16;97,34
B;Virkedag;SEK;Svenske kroner;NOK;Norske kroner;SP;Spot;2;false;2;Hundre;C;ECB concertation tidspunkt 14:15 CET;2022-05-18;97,56
B;Virkedag;SEK;Svenske kroner;NOK;Norske kroner;SP;Spot;2;false;2;Hundre;C;ECB concertation tidspunkt 14:15 CET;2022-05-19;98,1
B;Virkedag;SEK;Svenske kroner;NOK;Norske kroner;SP;Spot;2;false;2;Hundre;C;ECB concertation tidspunkt 14:15 CET;2022-05-20;97,81
B;Virkedag;SEK;Svenske kroner;NOK;Norske kroner;SP;Spot;2;false;2;Hundre;C;ECB concertation tidspunkt 14:15 CET;2022-05-23;97,71
B;Virkedag;SEK;Svenske kroner;NOK;Norske kroner;SP;Spot;2;false;2;Hundre;C;ECB concertation tidspunkt 14:15 CET;2022-05-24;97,98
B;Virkedag;SEK;Svenske kroner;NOK;Norske kroner;SP;Spot;2;false;2;Hundre;C;ECB concertation tidspunkt 14:15 CET;2022-05-25;97,42
B;Virkedag;SEK;Svenske kroner;NOK;Norske kroner;SP;Spot;2;false;2;Hundre;C;ECB concertation tidspunkt 14:15 CET;2022-05-27;96,67
B;Virkedag;SEK;Svenske kroner;NOK;Norske kroner;SP;Spot;2;false;2;Hundre;C;ECB concertation tidspunkt 14:15 CET;2022-05-30;96,27
B;Virkedag;SEK;Svenske kroner;NOK;Norske kroner;SP;Spot;2;false;2;Hundre;C;ECB concertation tidspunkt 14:15 CET;2022-05-31;96,13
B;Virkedag;SEK;Svenske kroner;NOK;Norske kroner;SP;Spot;2;false;2;Hundre;C;ECB concertation tidspunkt 14:15 CET;2022-06-01;95,88
B;Virkedag;SEK;Svenske kroner;NOK;Norske kroner;SP;Spot;2;false;2;Hundre;C;ECB concertation tidspunkt 14:15 CET;2022-06-02;96,31
B;Virkedag;SEK;Svenske kroner;NOK;Norske kroner;SP;Spot;2;false;2;Hundre;C;ECB concertation tidspunkt 14:15 CET;2022-06-03;96,6
B;Virkedag;SEK;Svenske kroner;NOK;Norske kroner;SP;Spot;2;false;2;Hundre;C;ECB concertation tidspunkt 14:15 CET;2022-06-07;96,96
B;Virkedag;SEK;Svenske kroner;NOK;Norske kroner;SP;Spot;2;false;2;Hundre;C;ECB concertation tidspunkt 14:15 CET;2022-06-08;96,62
B;Virkedag;SEK;Svenske kroner;NOK;Norske kroner;SP;Spot;2;false;2;Hundre;C;ECB concertation tidspunkt 14:15 CET;2022-06-09;96,93
B;Virkedag;SEK;Svenske kroner;NOK;Norske kroner;SP;Spot;2;false;2;Hundre;C;ECB concertation tidspunkt 14:15 CET;2022-06-10;96,43
B;Virkedag;SEK;Svenske kroner;NOK;Norske kroner;SP;Spot;2;false;2;Hundre;C;ECB concertation tidspunkt 14:15 CET;2022-06-13;97,23
B;Virkedag;SEK;Svenske kroner;NOK;Norske kroner;SP;Spot;2;false;2;Hundre;C;ECB concertation tidspunkt 14:15 CET;2022-06-14;97,86
B;Virkedag;SEK;Svenske kroner;NOK;Norske kroner;SP;Spot;2;false;2;Hundre;C;ECB concertation tidspunkt 14:15 CET;2022-06-15;97,73
B;Virkedag;SEK;Svenske kroner;NOK;Norske kroner;SP;Spot;2;false;2;Hundre;C;ECB concertation tidspunkt 14:15 CET;2022-06-16;97,8
B;Virkedag;SEK;Svenske kroner;NOK;Norske kroner;SP;Spot;2;false;2;Hundre;C;ECB concertation tidspunkt 14:15 CET;2022-06-17;97,92
B;Virkedag;SEK;Svenske kroner;NOK;Norske kroner;SP;Spot;2;false;2;Hundre;C;ECB concertation tidspunkt 14:15 CET;2022-06-20;97,85
B;Virkedag;SEK;Svenske kroner;NOK;Norske kroner;SP;Spot;2;false;2;Hundre;C;ECB concertation tidspunkt 14:15 CET;2022-06-21;97,02
B;Virkedag;SEK;Svenske kroner;NOK;Norske kroner;SP;Spot;2;false;2;Hundre;C;ECB concertation tidspunkt 14:15 CET;2022-06-22;98,46
B;Virkedag;SEK;Svenske kroner;NOK;Norske kroner;SP;Spot;2;false;2;Hundre;C;ECB concertation tidspunkt 14:15 CET;2022-06-23;97,85
B;Virkedag;SEK;Svenske kroner;NOK;Norske kroner;SP;Spot;2;false;2;Hundre;C;ECB concertation tidspunkt 14:15 CET;2022-06-24;97,57
B;Virkedag;SEK;Svenske kroner;NOK;Norske kroner;SP;Spot;2;false;2;Hundre;C;ECB concertation tidspunkt 14:15 CET;2022-06-27;97,53
B;Virkedag;SEK;Svenske kroner;NOK;Norske kroner;SP;Spot;2;false;2;Hundre;C;ECB concertation tidspunkt 14:15 CET;2022-06-28;97,02
B;Virkedag;SEK;Svenske kroner;NOK;Norske kroner;SP;Spot;2;false;2;Hundre;C;ECB concertation tidspunkt 14:15 CET;2022-06-29;96,46
B;Virkedag;SEK;Svenske kroner;NOK;Norske kroner;SP;Spot;2;false;2;Hundre;C;ECB concertation tidspunkt 14:15 CET;2022-06-30;96,44
B;Virkedag;SEK;Svenske kroner;NOK;Norske kroner;SP;Spot;2;false;2;Hundre;C;ECB concertation tidspunkt 14:15 CET;2022-07-01;96,17
B;Virkedag;SEK;Svenske kroner;NOK;Norske kroner;SP;Spot;2;false;2;Hundre;C;ECB concertation tidspunkt 14:15 CET;2022-07-04;95,63
B;Virkedag;SEK;Svenske kroner;NOK;Norske kroner;SP;Spot;2;false;2;Hundre;C;ECB concertation tidspunkt 14:15 CET;2022-07-05;95,2
B;Virkedag;SEK;Svenske kroner;NOK;Norske kroner;SP;Spot;2;false;2;Hundre;C;ECB concertation tidspunkt 14:15 CET;2022-07-06;95,68
B;Virkedag;SEK;Svenske kroner;NOK;Norske kroner;SP;Spot;2;false;2;Hundre;C;ECB concertation tidspunkt 14:15 CET;2022-07-07;95,97
B;Virkedag;SEK;Svenske kroner;NOK;Norske kroner;SP;Spot;2;false;2;Hundre;C;ECB concertation tidspunkt 14:15 CET;2022-07-08;96,22
B;Virkedag;SEK;Svenske kroner;NOK;Norske kroner;SP;Spot;2;false;2;Hundre;C;ECB concertation tidspunkt 14:15 CET;2022-07-11;96,3
B;Virkedag;SEK;Svenske kroner;NOK;Norske kroner;SP;Spot;2;false;2;Hundre;C;ECB concertation tidspunkt 14:15 CET;2022-07-12;96,67
B;Virkedag;SEK;Svenske kroner;NOK;Norske kroner;SP;Spot;2;false;2;Hundre;C;ECB concertation tidspunkt 14:15 CET;2022-07-13;96,61
B;Virkedag;SEK;Svenske kroner;NOK;Norske kroner;SP;Spot;2;false;2;Hundre;C;ECB concertation tidspunkt 14:15 CET;2022-07-14;96,71
B;Virkedag;SEK;Svenske kroner;NOK;Norske kroner;SP;Spot;2;false;2;Hundre;C;ECB concertation tidspunkt 14:15 CET;2022-07-15;97
B;Virkedag;SEK;Svenske kroner;NOK;Norske kroner;SP;Spot;2;false;2;Hundre;C;ECB concertation tidspunkt 14:15 CET;2022-07-18;97,42
B;Virkedag;SEK;Svenske kroner;NOK;Norske kroner;SP;Spot;2;false;2;Hundre;C;ECB concertation tidspunkt 14:15 CET;2022-07-19;96,95
B;Virkedag;SEK;Svenske kroner;NOK;Norske kroner;SP;Spot;2;false;2;Hundre;C;ECB concertation tidspunkt 14:15 CET;2022-07-20;96,86
B;Virkedag;SEK;Svenske kroner;NOK;Norske kroner;SP;Spot;2;false;2;Hundre;C;ECB concertation tidspunkt 14:15 CET;2022-07-21;97,59
B;Virkedag;SEK;Svenske kroner;NOK;Norske kroner;SP;Spot;2;false;2;Hundre;C;ECB concertation tidspunkt 14:15 CET;2022-07-22;97,29
B;Virkedag;SEK;Svenske kroner;NOK;Norske kroner;SP;Spot;2;false;2;Hundre;C;ECB concertation tidspunkt 14:15 CET;2022-07-25;96,86
B;Virkedag;SEK;Svenske kroner;NOK;Norske kroner;SP;Spot;2;false;2;Hundre;C;ECB concertation tidspunkt 14:15 CET;2022-07-26;95,84
B;Virkedag;SEK;Svenske kroner;NOK;Norske kroner;SP;Spot;2;false;2;Hundre;C;ECB concertation tidspunkt 14:15 CET;2022-07-27;95,23
B;Virkedag;SEK;Svenske kroner;NOK;Norske kroner;SP;Spot;2;false;2;Hundre;C;ECB concertation tidspunkt 14:15 CET;2022-07-28;94,73
B;Virkedag;SEK;Svenske kroner;NOK;Norske kroner;SP;Spot;2;false;2;Hundre;C;ECB concertation tidspunkt 14:15 CET;2022-07-29;95,09
B;Virkedag;SEK;Svenske kroner;NOK;Norske kroner;SP;Spot;2;false;2;Hundre;C;ECB concertation tidspunkt 14:15 CET;2022-08-01;95,15
B;Virkedag;SEK;Svenske kroner;NOK;Norske kroner;SP;Spot;2;false;2;Hundre;C;ECB concertation tidspunkt 14:15 CET;2022-08-02;95,49
B;Virkedag;SEK;Svenske kroner;NOK;Norske kroner;SP;Spot;2;false;2;Hundre;C;ECB concertation tidspunkt 14:15 CET;2022-08-03;95,02
B;Virkedag;SEK;Svenske kroner;NOK;Norske kroner;SP;Spot;2;false;2;Hundre;C;ECB concertation tidspunkt 14:15 CET;2022-08-04;95,49
B;Virkedag;SEK;Svenske kroner;NOK;Norske kroner;SP;Spot;2;false;2;Hundre;C;ECB concertation tidspunkt 14:15 CET;2022-08-05;96,38
B;Virkedag;SEK;Svenske kroner;NOK;Norske kroner;SP;Spot;2;false;2;Hundre;C;ECB concertation tidspunkt 14:15 CET;2022-08-08;95,9
B;Virkedag;SEK;Svenske kroner;NOK;Norske kroner;SP;Spot;2;false;2;Hundre;C;ECB concertation tidspunkt 14:15 CET;2022-08-09;95,66
B;Virkedag;SEK;Svenske kroner;NOK;Norske kroner;SP;Spot;2;false;2;Hundre;C;ECB concertation tidspunkt 14:15 CET;2022-08-10;95,51
B;Virkedag;SEK;Svenske kroner;NOK;Norske kroner;SP;Spot;2;false;2;Hundre;C;ECB concertation tidspunkt 14:15 CET;2022-08-11;94,63
B;Virkedag;SEK;Svenske kroner;NOK;Norske kroner;SP;Spot;2;false;2;Hundre;C;ECB concertation tidspunkt 14:15 CET;2022-08-12;93,89
B;Virkedag;SEK;Svenske kroner;NOK;Norske kroner;SP;Spot;2;false;2;Hundre;C;ECB concertation tidspunkt 14:15 CET;2022-08-15;94,03
B;Virkedag;SEK;Svenske kroner;NOK;Norske kroner;SP;Spot;2;false;2;Hundre;C;ECB concertation tidspunkt 14:15 CET;2022-08-16;93,42
B;Virkedag;SEK;Svenske kroner;NOK;Norske kroner;SP;Spot;2;false;2;Hundre;C;ECB concertation tidspunkt 14:15 CET;2022-08-17;93,19
B;Virkedag;SEK;Svenske kroner;NOK;Norske kroner;SP;Spot;2;false;2;Hundre;C;ECB concertation tidspunkt 14:15 CET;2022-08-18;92,8
B;Virkedag;SEK;Svenske kroner;NOK;Norske kroner;SP;Spot;2;false;2;Hundre;C;ECB concertation tidspunkt 14:15 CET;2022-08-19;92,76
B;Virkedag;SEK;Svenske kroner;NOK;Norske kroner;SP;Spot;2;false;2;Hundre;C;ECB concertation tidspunkt 14:15 CET;2022-08-22;91,75
B;Virkedag;SEK;Svenske kroner;NOK;Norske kroner;SP;Spot;2;false;2;Hundre;C;ECB concertation tidspunkt 14:15 CET;2022-08-23;91,87
B;Virkedag;SEK;Svenske kroner;NOK;Norske kroner;SP;Spot;2;false;2;Hundre;C;ECB concertation tidspunkt 14:15 CET;2022-08-24;91,03
B;Virkedag;SEK;Svenske kroner;NOK;Norske kroner;SP;Spot;2;false;2;Hundre;C;ECB concertation tidspunkt 14:15 CET;2022-08-25;91,35
B;Virkedag;SEK;Svenske kroner;NOK;Norske kroner;SP;Spot;2;false;2;Hundre;C;ECB concertation tidspunkt 14:15 CET;2022-08-26;91,45
B;Virkedag;SEK;Svenske kroner;NOK;Norske kroner;SP;Spot;2;false;2;Hundre;C;ECB concertation tidspunkt 14:15 CET;2022-08-29;91,9
B;Virkedag;SEK;Svenske kroner;NOK;Norske kroner;SP;Spot;2;false;2;Hundre;C;ECB concertation tidspunkt 14:15 CET;2022-08-30;91,6
B;Virkedag;SEK;Svenske kroner;NOK;Norske kroner;SP;Spot;2;false;2;Hundre;C;ECB concertation tidspunkt 14:15 CET;2022-08-31;93,07
B;Virkedag;SEK;Svenske kroner;NOK;Norske kroner;SP;Spot;2;false;2;Hundre;C;ECB concertation tidspunkt 14:15 CET;2022-09-01;93,22
B;Virkedag;SEK;Svenske kroner;NOK;Norske kroner;SP;Spot;2;false;2;Hundre;C;ECB concertation tidspunkt 14:15 CET;2022-09-02;93,06
B;Virkedag;SEK;Svenske kroner;NOK;Norske kroner;SP;Spot;2;false;2;Hundre;C;ECB concertation tidspunkt 14:15 CET;2022-09-05;92,45
B;Virkedag;SEK;Svenske kroner;NOK;Norske kroner;SP;Spot;2;false;2;Hundre;C;ECB concertation tidspunkt 14:15 CET;2022-09-06;92,62
B;Virkedag;SEK;Svenske kroner;NOK;Norske kroner;SP;Spot;2;false;2;Hundre;C;ECB concertation tidspunkt 14:15 CET;2022-09-07;93,07
B;Virkedag;SEK;Svenske kroner;NOK;Norske kroner;SP;Spot;2;false;2;Hundre;C;ECB concertation tidspunkt 14:15 CET;2022-09-08;93,97
B;Virkedag;SEK;Svenske kroner;NOK;Norske kroner;SP;Spot;2;false;2;Hundre;C;ECB concertation tidspunkt 14:15 CET;2022-09-09;93,62
B;Virkedag;SEK;Svenske kroner;NOK;Norske kroner;SP;Spot;2;false;2;Hundre;C;ECB concertation tidspunkt 14:15 CET;2022-09-12;93,75
B;Virkedag;SEK;Svenske kroner;NOK;Norske kroner;SP;Spot;2;false;2;Hundre;C;ECB concertation tidspunkt 14:15 CET;2022-09-13;94,23
B;Virkedag;SEK;Svenske kroner;NOK;Norske kroner;SP;Spot;2;false;2;Hundre;C;ECB concertation tidspunkt 14:15 CET;2022-09-14;94,73
B;Virkedag;SEK;Svenske kroner;NOK;Norske kroner;SP;Spot;2;false;2;Hundre;C;ECB concertation tidspunkt 14:15 CET;2022-09-15;94,67
B;Virkedag;SEK;Svenske kroner;NOK;Norske kroner;SP;Spot;2;false;2;Hundre;C;ECB concertation tidspunkt 14:15 CET;2022-09-16;94,83
B;Virkedag;SEK;Svenske kroner;NOK;Norske kroner;SP;Spot;2;false;2;Hundre;C;ECB concertation tidspunkt 14:15 CET;2022-09-19;95,22
B;Virkedag;SEK;Svenske kroner;NOK;Norske kroner;SP;Spot;2;false;2;Hundre;C;ECB concertation tidspunkt 14:15 CET;2022-09-20;94,82
B;Virkedag;SEK;Svenske kroner;NOK;Norske kroner;SP;Spot;2;false;2;Hundre;C;ECB concertation tidspunkt 14:15 CET;2022-09-21;94,18
B;Virkedag;SEK;Svenske kroner;NOK;Norske kroner;SP;Spot;2;false;2;Hundre;C;ECB concertation tidspunkt 14:15 CET;2022-09-22;94,14
B;Virkedag;SEK;Svenske kroner;NOK;Norske kroner;SP;Spot;2;false;2;Hundre;C;ECB concertation tidspunkt 14:15 CET;2022-09-23;93,6
B;Virkedag;SEK;Svenske kroner;NOK;Norske kroner;SP;Spot;2;false;2;Hundre;C;ECB concertation tidspunkt 14:15 CET;2022-09-26;94,79
B;Virkedag;SEK;Svenske kroner;NOK;Norske kroner;SP;Spot;2;false;2;Hundre;C;ECB concertation tidspunkt 14:15 CET;2022-09-27;95,34
B;Virkedag;SEK;Svenske kroner;NOK;Norske kroner;SP;Spot;2;false;2;Hundre;C;ECB concertation tidspunkt 14:15 CET;2022-09-28;95,77
B;Virkedag;SEK;Svenske kroner;NOK;Norske kroner;SP;Spot;2;false;2;Hundre;C;ECB concertation tidspunkt 14:15 CET;2022-09-29;95,38
B;Virkedag;SEK;Svenske kroner;NOK;Norske kroner;SP;Spot;2;false;2;Hundre;C;ECB concertation tidspunkt 14:15 CET;2022-09-30;97,11
B;Virkedag;SEK;Svenske kroner;NOK;Norske kroner;SP;Spot;2;false;2;Hundre;C;ECB concertation tidspunkt 14:15 CET;2022-10-03;97,16
B;Virkedag;SEK;Svenske kroner;NOK;Norske kroner;SP;Spot;2;false;2;Hundre;C;ECB concertation tidspunkt 14:15 CET;2022-10-04;96,99
B;Virkedag;SEK;Svenske kroner;NOK;Norske kroner;SP;Spot;2;false;2;Hundre;C;ECB concertation tidspunkt 14:15 CET;2022-10-05;96,75
B;Virkedag;SEK;Svenske kroner;NOK;Norske kroner;SP;Spot;2;false;2;Hundre;C;ECB concertation tidspunkt 14:15 CET;2022-10-06;95,91
B;Virkedag;SEK;Svenske kroner;NOK;Norske kroner;SP;Spot;2;false;2;Hundre;C;ECB concertation tidspunkt 14:15 CET;2022-10-07;96,26
B;Virkedag;SEK;Svenske kroner;NOK;Norske kroner;SP;Spot;2;false;2;Hundre;C;ECB concertation tidspunkt 14:15 CET;2022-10-10;94,41
B;Virkedag;SEK;Svenske kroner;NOK;Norske kroner;SP;Spot;2;false;2;Hundre;C;ECB concertation tidspunkt 14:15 CET;2022-10-11;94,75
B;Virkedag;SEK;Svenske kroner;NOK;Norske kroner;SP;Spot;2;false;2;Hundre;C;ECB concertation tidspunkt 14:15 CET;2022-10-12;94,51
B;Virkedag;SEK;Svenske kroner;NOK;Norske kroner;SP;Spot;2;false;2;Hundre;C;ECB concertation tidspunkt 14:15 CET;2022-10-13;94,03
B;Virkedag;SEK;Svenske kroner;NOK;Norske kroner;SP;Spot;2;false;2;Hundre;C;ECB concertation tidspunkt 14:15 CET;2022-10-14;93,9
B;Virkedag;SEK;Svenske kroner;NOK;Norske kroner;SP;Spot;2;false;2;Hundre;C;ECB concertation tidspunkt 14:15 CET;2022-10-17;94,11
B;Virkedag;SEK;Svenske kroner;NOK;Norske kroner;SP;Spot;2;false;2;Hundre;C;ECB concertation tidspunkt 14:15 CET;2022-10-18;94,93
B;Virkedag;SEK;Svenske kroner;NOK;Norske kroner;SP;Spot;2;false;2;Hundre;C;ECB concertation tidspunkt 14:15 CET;2022-10-19;94,86
B;Virkedag;SEK;Svenske kroner;NOK;Norske kroner;SP;Spot;2;false;2;Hundre;C;ECB concertation tidspunkt 14:15 CET;2022-10-20;94,72
B;Virkedag;SEK;Svenske kroner;NOK;Norske kroner;SP;Spot;2;false;2;Hundre;C;ECB concertation tidspunkt 14:15 CET;2022-10-21;94,09
B;Virkedag;SEK;Svenske kroner;NOK;Norske kroner;SP;Spot;2;false;2;Hundre;C;ECB concertation tidspunkt 14:15 CET;2022-10-24;93,79
B;Virkedag;SEK;Svenske kroner;NOK;Norske kroner;SP;Spot;2;false;2;Hundre;C;ECB concertation tidspunkt 14:15 CET;2022-10-25;94,7
B;Virkedag;SEK;Svenske kroner;NOK;Norske kroner;SP;Spot;2;false;2;Hundre;C;ECB concertation tidspunkt 14:15 CET;2022-10-26;94,41
B;Virkedag;SEK;Svenske kroner;NOK;Norske kroner;SP;Spot;2;false;2;Hundre;C;ECB concertation tidspunkt 14:15 CET;2022-10-27;94,38
B;Virkedag;SEK;Svenske kroner;NOK;Norske kroner;SP;Spot;2;false;2;Hundre;C;ECB concertation tidspunkt 14:15 CET;2022-10-28;93,87
B;Virkedag;SEK;Svenske kroner;NOK;Norske kroner;SP;Spot;2;false;2;Hundre;C;ECB concertation tidspunkt 14:15 CET;2022-10-31;94,51
B;Virkedag;SEK;Svenske kroner;NOK;Norske kroner;SP;Spot;2;false;2;Hundre;C;ECB concertation tidspunkt 14:15 CET;2022-11-01;93,65
B;Virkedag;SEK;Svenske kroner;NOK;Norske kroner;SP;Spot;2;false;2;Hundre;C;ECB concertation tidspunkt 14:15 CET;2022-11-02;93,88
B;Virkedag;SEK;Svenske kroner;NOK;Norske kroner;SP;Spot;2;false;2;Hundre;C;ECB concertation tidspunkt 14:15 CET;2022-11-03;94,72
B;Virkedag;SEK;Svenske kroner;NOK;Norske kroner;SP;Spot;2;false;2;Hundre;C;ECB concertation tidspunkt 14:15 CET;2022-11-04;93,99
B;Virkedag;SEK;Svenske kroner;NOK;Norske kroner;SP;Spot;2;false;2;Hundre;C;ECB concertation tidspunkt 14:15 CET;2022-11-07;94,68
B;Virkedag;SEK;Svenske kroner;NOK;Norske kroner;SP;Spot;2;false;2;Hundre;C;ECB concertation tidspunkt 14:15 CET;2022-11-08;94,85
B;Virkedag;SEK;Svenske kroner;NOK;Norske kroner;SP;Spot;2;false;2;Hundre;C;ECB concertation tidspunkt 14:15 CET;2022-11-09;95,18
B;Virkedag;SEK;Svenske kroner;NOK;Norske kroner;SP;Spot;2;false;2;Hundre;C;ECB concertation tidspunkt 14:15 CET;2022-11-10;95,28
B;Virkedag;SEK;Svenske kroner;NOK;Norske kroner;SP;Spot;2;false;2;Hundre;C;ECB concertation tidspunkt 14:15 CET;2022-11-11;95,71
B;Virkedag;SEK;Svenske kroner;NOK;Norske kroner;SP;Spot;2;false;2;Hundre;C;ECB concertation tidspunkt 14:15 CET;2022-11-14;95,76
B;Virkedag;SEK;Svenske kroner;NOK;Norske kroner;SP;Spot;2;false;2;Hundre;C;ECB concertation tidspunkt 14:15 CET;2022-11-15;95,83
B;Virkedag;SEK;Svenske kroner;NOK;Norske kroner;SP;Spot;2;false;2;Hundre;C;ECB concertation tidspunkt 14:15 CET;2022-11-16;95,33
B;Virkedag;SEK;Svenske kroner;NOK;Norske kroner;SP;Spot;2;false;2;Hundre;C;ECB concertation tidspunkt 14:15 CET;2022-11-17;95,55
B;Virkedag;SEK;Svenske kroner;NOK;Norske kroner;SP;Spot;2;false;2;Hundre;C;ECB concertation tidspunkt 14:15 CET;2022-11-18;95,5
B;Virkedag;SEK;Svenske kroner;NOK;Norske kroner;SP;Spot;2;false;2;Hundre;C;ECB concertation tidspunkt 14:15 CET;2022-11-21;95,47
B;Virkedag;SEK;Svenske kroner;NOK;Norske kroner;SP;Spot;2;false;2;Hundre;C;ECB concertation tidspunkt 14:15 CET;2022-11-22;95,25
B;Virkedag;SEK;Svenske kroner;NOK;Norske kroner;SP;Spot;2;false;2;Hundre;C;ECB concertation tidspunkt 14:15 CET;2022-11-23;95,16
B;Virkedag;SEK;Svenske kroner;NOK;Norske kroner;SP;Spot;2;false;2;Hundre;C;ECB concertation tidspunkt 14:15 CET;2022-11-24;95,27
B;Virkedag;SEK;Svenske kroner;NOK;Norske kroner;SP;Spot;2;false;2;Hundre;C;ECB concertation tidspunkt 14:15 CET;2022-11-25;95,2
B;Virkedag;SEK;Svenske kroner;NOK;Norske kroner;SP;Spot;2;false;2;Hundre;C;ECB concertation tidspunkt 14:15 CET;2022-11-28;95,11
B;Virkedag;SEK;Svenske kroner;NOK;Norske kroner;SP;Spot;2;false;2;Hundre;C;ECB concertation tidspunkt 14:15 CET;2022-11-29;94,77
B;Virkedag;SEK;Svenske kroner;NOK;Norske kroner;SP;Spot;2;false;2;Hundre;C;ECB concertation tidspunkt 14:15 CET;2022-11-30;93,88
B;Virkedag;SEK;Svenske kroner;NOK;Norske kroner;SP;Spot;2;false;2;Hundre;C;ECB concertation tidspunkt 14:15 CET;2022-12-01;94,05
B;Virkedag;SEK;Svenske kroner;NOK;Norske kroner;SP;Spot;2;false;2;Hundre;C;ECB concertation tidspunkt 14:15 CET;2022-12-02;94,12
B;Virkedag;SEK;Svenske kroner;NOK;Norske kroner;SP;Spot;2;false;2;Hundre;C;ECB concertation tidspunkt 14:15 CET;2022-12-05;94,89
B;Virkedag;SEK;Svenske kroner;NOK;Norske kroner;SP;Spot;2;false;2;Hundre;C;ECB concertation tidspunkt 14:15 CET;2022-12-06;95,88
B;Virkedag;SEK;Svenske kroner;NOK;Norske kroner;SP;Spot;2;false;2;Hundre;C;ECB concertation tidspunkt 14:15 CET;2022-12-07;96,4
B;Virkedag;SEK;Svenske kroner;NOK;Norske kroner;SP;Spot;2;false;2;Hundre;C;ECB concertation tidspunkt 14:15 CET;2022-12-08;96,17
B;Virkedag;SEK;Svenske kroner;NOK;Norske kroner;SP;Spot;2;false;2;Hundre;C;ECB concertation tidspunkt 14:15 CET;2022-12-09;96,48
B;Virkedag;SEK;Svenske kroner;NOK;Norske kroner;SP;Spot;2;false;2;Hundre;C;ECB concertation tidspunkt 14:15 CET;2022-12-12;96,77
B;Virkedag;SEK;Svenske kroner;NOK;Norske kroner;SP;Spot;2;false;2;Hundre;C;ECB concertation tidspunkt 14:15 CET;2022-12-13;96,07
B;Virkedag;SEK;Svenske kroner;NOK;Norske kroner;SP;Spot;2;false;2;Hundre;C;ECB concertation tidspunkt 14:15 CET;2022-12-14;95,38
B;Virkedag;SEK;Svenske kroner;NOK;Norske kroner;SP;Spot;2;false;2;Hundre;C;ECB concertation tidspunkt 14:15 CET;2022-12-15;95,44
B;Virkedag;SEK;Svenske kroner;NOK;Norske kroner;SP;Spot;2;false;2;Hundre;C;ECB concertation tidspunkt 14:15 CET;2022-12-16;95,17
B;Virkedag;SEK;Svenske kroner;NOK;Norske kroner;SP;Spot;2;false;2;Hundre;C;ECB concertation tidspunkt 14:15 CET;2022-12-19;95,42
B;Virkedag;SEK;Svenske kroner;NOK;Norske kroner;SP;Spot;2;false;2;Hundre;C;ECB concertation tidspunkt 14:15 CET;2022-12-20;95,01
B;Virkedag;SEK;Svenske kroner;NOK;Norske kroner;SP;Spot;2;false;2;Hundre;C;ECB concertation tidspunkt 14:15 CET;2022-12-21;94,29
B;Virkedag;SEK;Svenske kroner;NOK;Norske kroner;SP;Spot;2;false;2;Hundre;C;ECB concertation tidspunkt 14:15 CET;2022-12-22;94,23
B;Virkedag;SEK;Svenske kroner;NOK;Norske kroner;SP;Spot;2;false;2;Hundre;C;ECB concertation tidspunkt 14:15 CET;2022-12-23;94,06
B;Virkedag;SEK;Svenske kroner;NOK;Norske kroner;SP;Spot;2;false;2;Hundre;C;ECB concertation tidspunkt 14:15 CET;2022-12-27;94,26
B;Virkedag;SEK;Svenske kroner;NOK;Norske kroner;SP;Spot;2;false;2;Hundre;C;ECB concertation tidspunkt 14:15 CET;2022-12-28;94,11
B;Virkedag;SEK;Svenske kroner;NOK;Norske kroner;SP;Spot;2;false;2;Hundre;C;ECB concertation tidspunkt 14:15 CET;2022-12-29;94,55
B;Virkedag;SEK;Svenske kroner;NOK;Norske kroner;SP;Spot;2;false;2;Hundre;C;ECB concertation tidspunkt 14:15 CET;2022-12-30;94,53
B;Virkedag;SEK;Svenske kroner;NOK;Norske kroner;SP;Spot;2;false;2;Hundre;C;ECB concertation tidspunkt 14:15 CET;2023-01-02;94,15
B;Virkedag;SEK;Svenske kroner;NOK;Norske kroner;SP;Spot;2;false;2;Hundre;C;ECB concertation tidspunkt 14:15 CET;2023-01-03;94,48
B;Virkedag;SEK;Svenske kroner;NOK;Norske kroner;SP;Spot;2;false;2;Hundre;C;ECB concertation tidspunkt 14:15 CET;2023-01-04;96,17
B;Virkedag;SEK;Svenske kroner;NOK;Norske kroner;SP;Spot;2;false;2;Hundre;C;ECB concertation tidspunkt 14:15 CET;2023-01-05;95,89
B;Virkedag;SEK;Svenske kroner;NOK;Norske kroner;SP;Spot;2;false;2;Hundre;C;ECB concertation tidspunkt 14:15 CET;2023-01-06;95,99
B;Virkedag;SEK;Svenske kroner;NOK;Norske kroner;SP;Spot;2;false;2;Hundre;C;ECB concertation tidspunkt 14:15 CET;2023-01-09;94,77
B;Virkedag;SEK;Svenske kroner;NOK;Norske kroner;SP;Spot;2;false;2;Hundre;C;ECB concertation tidspunkt 14:15 CET;2023-01-10;95,38
B;Virkedag;SEK;Svenske kroner;NOK;Norske kroner;SP;Spot;2;false;2;Hundre;C;ECB concertation tidspunkt 14:15 CET;2023-01-11;95,21
B;Virkedag;SEK;Svenske kroner;NOK;Norske kroner;SP;Spot;2;false;2;Hundre;C;ECB concertation tidspunkt 14:15 CET;2023-01-12;95,12
B;Virkedag;SEK;Svenske kroner;NOK;Norske kroner;SP;Spot;2;false;2;Hundre;C;ECB concertation tidspunkt 14:15 CET;2023-01-13;95,04
B;Virkedag;SEK;Svenske kroner;NOK;Norske kroner;SP;Spot;2;false;2;Hundre;C;ECB concertation tidspunkt 14:15 CET;2023-01-16;94,87
B;Virkedag;SEK;Svenske kroner;NOK;Norske kroner;SP;Spot;2;false;2;Hundre;C;ECB concertation tidspunkt 14:15 CET;2023-01-17;95,23
B;Virkedag;SEK;Svenske kroner;NOK;Norske kroner;SP;Spot;2;false;2;Hundre;C;ECB concertation tidspunkt 14:15 CET;2023-01-18;95,36
B;Virkedag;SEK;Svenske kroner;NOK;Norske kroner;SP;Spot;2;false;2;Hundre;C;ECB concertation tidspunkt 14:15 CET;2023-01-19;96,35
B;Virkedag;SEK;Svenske kroner;NOK;Norske kroner;SP;Spot;2;false;2;Hundre;C;ECB concertation tidspunkt 14:15 CET;2023-01-20;95,95
B;Virkedag;SEK;Svenske kroner;NOK;Norske kroner;SP;Spot;2;false;2;Hundre;C;ECB concertation tidspunkt 14:15 CET;2023-01-23;96,09
B;Virkedag;SEK;Svenske kroner;NOK;Norske kroner;SP;Spot;2;false;2;Hundre;C;ECB concertation tidspunkt 14:15 CET;2023-01-24;96,57
B;Virkedag;SEK;Svenske kroner;NOK;Norske kroner;SP;Spot;2;false;2;Hundre;C;ECB concertation tidspunkt 14:15 CET;2023-01-25;96,91
B;Virkedag;SEK;Svenske kroner;NOK;Norske kroner;SP;Spot;2;false;2;Hundre;C;ECB concertation tidspunkt 14:15 CET;2023-01-26;96,29
B;Virkedag;SEK;Svenske kroner;NOK;Norske kroner;SP;Spot;2;false;2;Hundre;C;ECB concertation tidspunkt 14:15 CET;2023-01-27;95,98
B;Virkedag;SEK;Svenske kroner;NOK;Norske kroner;SP;Spot;2;false;2;Hundre;C;ECB concertation tidspunkt 14:15 CET;2023-01-30;95,83
B;Virkedag;SEK;Svenske kroner;NOK;Norske kroner;SP;Spot;2;false;2;Hundre;C;ECB concertation tidspunkt 14:15 CET;2023-01-31;96,13
B;Virkedag;SEK;Svenske kroner;NOK;Norske kroner;SP;Spot;2;false;2;Hundre;C;ECB concertation tidspunkt 14:15 CET;2023-02-01;95,69
B;Virkedag;SEK;Svenske kroner;NOK;Norske kroner;SP;Spot;2;false;2;Hundre;C;ECB concertation tidspunkt 14:15 CET;2023-02-02;96,43
B;Virkedag;SEK;Svenske kroner;NOK;Norske kroner;SP;Spot;2;false;2;Hundre;C;ECB concertation tidspunkt 14:15 CET;2023-02-03;96,88
B;Virkedag;SEK;Svenske kroner;NOK;Norske kroner;SP;Spot;2;false;2;Hundre;C;ECB concertation tidspunkt 14:15 CET;2023-02-06;97,16
B;Virkedag;SEK;Svenske kroner;NOK;Norske kroner;SP;Spot;2;false;2;Hundre;C;ECB concertation tidspunkt 14:15 CET;2023-02-07;97,76
B;Virkedag;SEK;Svenske kroner;NOK;Norske kroner;SP;Spot;2;false;2;Hundre;C;ECB concertation tidspunkt 14:15 CET;2023-02-08;97,21
B;Virkedag;SEK;Svenske kroner;NOK;Norske kroner;SP;Spot;2;false;2;Hundre;C;ECB concertation tidspunkt 14:15 CET;2023-02-09;97,96
B;Virkedag;SEK;Svenske kroner;NOK;Norske kroner;SP;Spot;2;false;2;Hundre;C;ECB concertation tidspunkt 14:15 CET;2023-02-10;97,38
B;Virkedag;SEK;Svenske kroner;NOK;Norske kroner;SP;Spot;2;false;2;Hundre;C;ECB concertation tidspunkt 14:15 CET;2023-02-13;97,01
B;Virkedag;SEK;Svenske kroner;NOK;Norske kroner;SP;Spot;2;false;2;Hundre;C;ECB concertation tidspunkt 14:15 CET;2023-02-14;97,99
B;Virkedag;SEK;Svenske kroner;NOK;Norske kroner;SP;Spot;2;false;2;Hundre;C;ECB concertation tidspunkt 14:15 CET;2023-02-15;98,02
B;Virkedag;SEK;Svenske kroner;NOK;Norske kroner;SP;Spot;2;false;2;Hundre;C;ECB concertation tidspunkt 14:15 CET;2023-02-16;98,29
B;Virkedag;SEK;Svenske kroner;NOK;Norske kroner;SP;Spot;2;false;2;Hundre;C;ECB concertation tidspunkt 14:15 CET;2023-02-17;98,36
B;Virkedag;SEK;Svenske kroner;NOK;Norske kroner;SP;Spot;2;false;2;Hundre;C;ECB concertation tidspunkt 14:15 CET;2023-02-20;99,15
B;Virkedag;SEK;Svenske kroner;NOK;Norske kroner;SP;Spot;2;false;2;Hundre;C;ECB concertation tidspunkt 14:15 CET;2023-02-21;99,43
B;Virkedag;SEK;Svenske kroner;NOK;Norske kroner;SP;Spot;2;false;2;Hundre;C;ECB concertation tidspunkt 14:15 CET;2023-02-22;99,55
B;Virkedag;SEK;Svenske kroner;NOK;Norske kroner;SP;Spot;2;false;2;Hundre;C;ECB concertation tidspunkt 14:15 CET;2023-02-23;99,06
B;Virkedag;SEK;Svenske kroner;NOK;Norske kroner;SP;Spot;2;false;2;Hundre;C;ECB concertation tidspunkt 14:15 CET;2023-02-24;99,4
B;Virkedag;SEK;Svenske kroner;NOK;Norske kroner;SP;Spot;2;false;2;Hundre;C;ECB concertation tidspunkt 14:15 CET;2023-02-27;99,13
B;Virkedag;SEK;Svenske kroner;NOK;Norske kroner;SP;Spot;2;false;2;Hundre;C;ECB concertation tidspunkt 14:15 CET;2023-02-28;99,04
B;Virkedag;SEK;Svenske kroner;NOK;Norske kroner;SP;Spot;2;false;2;Hundre;C;ECB concertation tidspunkt 14:15 CET;2023-03-01;99,43
B;Virkedag;SEK;Svenske kroner;NOK;Norske kroner;SP;Spot;2;false;2;Hundre;C;ECB concertation tidspunkt 14:15 CET;2023-03-02;99,55
B;Virkedag;SEK;Svenske kroner;NOK;Norske kroner;SP;Spot;2;false;2;Hundre;C;ECB concertation tidspunkt 14:15 CET;2023-03-03;99,26
B;Virkedag;SEK;Svenske kroner;NOK;Norske kroner;SP;Spot;2;false;2;Hundre;C;ECB concertation tidspunkt 14:15 CET;2023-03-06;99,57
B;Virkedag;SEK;Svenske kroner;NOK;Norske kroner;SP;Spot;2;false;2;Hundre;C;ECB concertation tidspunkt 14:15 CET;2023-03-07;99,69
B;Virkedag;SEK;Svenske kroner;NOK;Norske kroner;SP;Spot;2;false;2;Hundre;C;ECB concertation tidspunkt 14:15 CET;2023-03-08;99,44
B;Virkedag;SEK;Svenske kroner;NOK;Norske kroner;SP;Spot;2;false;2;Hundre;C;ECB concertation tidspunkt 14:15 CET;2023-03-09;99,43
B;Virkedag;SEK;Svenske kroner;NOK;Norske kroner;SP;Spot;2;false;2;Hundre;C;ECB concertation tidspunkt 14:15 CET;2023-03-10;99,11
B;Virkedag;SEK;Svenske kroner;NOK;Norske kroner;SP;Spot;2;false;2;Hundre;C;ECB concertation tidspunkt 14:15 CET;2023-03-13;99,57
B;Virkedag;SEK;Svenske kroner;NOK;Norske kroner;SP;Spot;2;false;2;Hundre;C;ECB concertation tidspunkt 14:15 CET;2023-03-14;100,42
B;Virkedag;SEK;Svenske kroner;NOK;Norske kroner;SP;Spot;2;false;2;Hundre;C;ECB concertation tidspunkt 14:15 CET;2023-03-15;101,23
B;Virkedag;SEK;Svenske kroner;NOK;Norske kroner;SP;Spot;2;false;2;Hundre;C;ECB concertation tidspunkt 14:15 CET;2023-03-16;102,42
B;Virkedag;SEK;Svenske kroner;NOK;Norske kroner;SP;Spot;2;false;2;Hundre;C;ECB concertation tidspunkt 14:15 CET;2023-03-17;101,98
B;Virkedag;SEK;Svenske kroner;NOK;Norske kroner;SP;Spot;2;false;2;Hundre;C;ECB concertation tidspunkt 14:15 CET;2023-03-20;102,37
B;Virkedag;SEK;Svenske kroner;NOK;Norske kroner;SP;Spot;2;false;2;Hundre;C;ECB concertation tidspunkt 14:15 CET;2023-03-21;101,92
B;Virkedag;SEK;Svenske kroner;NOK;Norske kroner;SP;Spot;2;false;2;Hundre;C;ECB concertation tidspunkt 14:15 CET;2023-03-22;101,6
B;Virkedag;SEK;Svenske kroner;NOK;Norske kroner;SP;Spot;2;false;2;Hundre;C;ECB concertation tidspunkt 14:15 CET;2023-03-23;100,55
B;Virkedag;SEK;Svenske kroner;NOK;Norske kroner;SP;Spot;2;false;2;Hundre;C;ECB concertation tidspunkt 14:15 CET;2023-03-24;100,88
B;Virkedag;SEK;Svenske kroner;NOK;Norske kroner;SP;Spot;2;false;2;Hundre;C;ECB concertation tidspunkt 14:15 CET;2023-03-27;101,12
B;Virkedag;SEK;Svenske kroner;NOK;Norske kroner;SP;Spot;2;false;2;Hundre;C;ECB concertation tidspunkt 14:15 CET;2023-03-28;100,93
B;Virkedag;SEK;Svenske kroner;NOK;Norske kroner;SP;Spot;2;false;2;Hundre;C;ECB concertation tidspunkt 14:15 CET;2023-03-29;100,04
B;Virkedag;SEK;Svenske kroner;NOK;Norske kroner;SP;Spot;2;false;2;Hundre;C;ECB concertation tidspunkt 14:15 CET;2023-03-30;100,47
B;Virkedag;SEK;Svenske kroner;NOK;Norske kroner;SP;Spot;2;false;2;Hundre;C;ECB concertation tidspunkt 14:15 CET;2023-03-31;101,01
B;Virkedag;SEK;Svenske kroner;NOK;Norske kroner;SP;Spot;2;false;2;Hundre;C;ECB concertation tidspunkt 14:15 CET;2023-04-03;99,72
B;Virkedag;SEK;Svenske kroner;NOK;Norske kroner;SP;Spot;2;false;2;Hundre;C;ECB concertation tidspunkt 14:15 CET;2023-04-04;99,84
B;Virkedag;SEK;Svenske kroner;NOK;Norske kroner;SP;Spot;2;false;2;Hundre;C;ECB concertation tidspunkt 14:15 CET;2023-04-05;100,64
B;Virkedag;SEK;Svenske kroner;NOK;Norske kroner;SP;Spot;2;false;2;Hundre;C;ECB concertation tidspunkt 14:15 CET;2023-04-11;101,03
B;Virkedag;SEK;Svenske kroner;NOK;Norske kroner;SP;Spot;2;false;2;Hundre;C;ECB concertation tidspunkt 14:15 CET;2023-04-12;101,11
B;Virkedag;SEK;Svenske kroner;NOK;Norske kroner;SP;Spot;2;false;2;Hundre;C;ECB concertation tidspunkt 14:15 CET;2023-04-13;100,6
B;Virkedag;SEK;Svenske kroner;NOK;Norske kroner;SP;Spot;2;false;2;Hundre;C;ECB concertation tidspunkt 14:15 CET;2023-04-14;100,5
B;Virkedag;SEK;Svenske kroner;NOK;Norske kroner;SP;Spot;2;false;2;Hundre;C;ECB concertation tidspunkt 14:15 CET;2023-04-17;100,42
B;Virkedag;SEK;Svenske kroner;NOK;Norske kroner;SP;Spot;2;false;2;Hundre;C;ECB concertation tidspunkt 14:15 CET;2023-04-18;101,52
B;Virkedag;SEK;Svenske kroner;NOK;Norske kroner;SP;Spot;2;false;2;Hundre;C;ECB concertation tidspunkt 14:15 CET;2023-04-19;102,01
B;Virkedag;SEK;Svenske kroner;NOK;Norske kroner;SP;Spot;2;false;2;Hundre;C;ECB concertation tidspunkt 14:15 CET;2023-04-20;102,44
B;Virkedag;SEK;Svenske kroner;NOK;Norske kroner;SP;Spot;2;false;2;Hundre;C;ECB concertation tidspunkt 14:15 CET;2023-04-21;102,82
B;Virkedag;SEK;Svenske kroner;NOK;Norske kroner;SP;Spot;2;false;2;Hundre;C;ECB concertation tidspunkt 14:15 CET;2023-04-24;102,99
B;Virkedag;SEK;Svenske kroner;NOK;Norske kroner;SP;Spot;2;false;2;Hundre;C;ECB concertation tidspunkt 14:15 CET;2023-04-25;103,45
B;Virkedag;SEK;Svenske kroner;NOK;Norske kroner;SP;Spot;2;false;2;Hundre;C;ECB concertation tidspunkt 14:15 CET;2023-04-26;102,96
B;Virkedag;SEK;Svenske kroner;NOK;Norske kroner;SP;Spot;2;false;2;Hundre;C;ECB concertation tidspunkt 14:15 CET;2023-04-27;102,93
B;Virkedag;SEK;Svenske kroner;NOK;Norske kroner;SP;Spot;2;false;2;Hundre;C;ECB concertation tidspunkt 14:15 CET;2023-04-28;103,87
B;Virkedag;SEK;Svenske kroner;NOK;Norske kroner;SP;Spot;2;false;2;Hundre;C;ECB concertation tidspunkt 14:15 CET;2023-05-02;104,17
B;Virkedag;SEK;Svenske kroner;NOK;Norske kroner;SP;Spot;2;false;2;Hundre;C;ECB concertation tidspunkt 14:15 CET;2023-05-03;104,94
B;Virkedag;SEK;Svenske kroner;NOK;Norske kroner;SP;Spot;2;false;2;Hundre;C;ECB concertation tidspunkt 14:15 CET;2023-05-04;104,3
B;Virkedag;SEK;Svenske kroner;NOK;Norske kroner;SP;Spot;2;false;2;Hundre;C;ECB concertation tidspunkt 14:15 CET;2023-05-05;104,03
B;Virkedag;SEK;Svenske kroner;NOK;Norske kroner;SP;Spot;2;false;2;Hundre;C;ECB concertation tidspunkt 14:15 CET;2023-05-08;103,12
B;Virkedag;SEK;Svenske kroner;NOK;Norske kroner;SP;Spot;2;false;2;Hundre;C;ECB concertation tidspunkt 14:15 CET;2023-05-09;103,45
B;Virkedag;SEK;Svenske kroner;NOK;Norske kroner;SP;Spot;2;false;2;Hundre;C;ECB concertation tidspunkt 14:15 CET;2023-05-10;103,17
B;Virkedag;SEK;Svenske kroner;NOK;Norske kroner;SP;Spot;2;false;2;Hundre;C;ECB concertation tidspunkt 14:15 CET;2023-05-11;102,67
B;Virkedag;SEK;Svenske kroner;NOK;Norske kroner;SP;Spot;2;false;2;Hundre;C;ECB concertation tidspunkt 14:15 CET;2023-05-12;103,46
B;Virkedag;SEK;Svenske kroner;NOK;Norske kroner;SP;Spot;2;false;2;Hundre;C;ECB concertation tidspunkt 14:15 CET;2023-05-15;102,59
B;Virkedag;SEK;Svenske kroner;NOK;Norske kroner;SP;Spot;2;false;2;Hundre;C;ECB concertation tidspunkt 14:15 CET;2023-05-16;102,98
B;Virkedag;SEK;Svenske kroner;NOK;Norske kroner;SP;Spot;2;false;2;Hundre;C;ECB concertation tidspunkt 14:15 CET;2023-05-19;102,92
B;Virkedag;SEK;Svenske kroner;NOK;Norske kroner;SP;Spot;2;false;2;Hundre;C;ECB concertation tidspunkt 14:15 CET;2023-05-22;103,52
B;Virkedag;SEK;Svenske kroner;NOK;Norske kroner;SP;Spot;2;false;2;Hundre;C;ECB concertation tidspunkt 14:15 CET;2023-05-23;102,99
B;Virkedag;SEK;Svenske kroner;NOK;Norske kroner;SP;Spot;2;false;2;Hundre;C;ECB concertation tidspunkt 14:15 CET;2023-05-24;102,67
B;Virkedag;SEK;Svenske kroner;NOK;Norske kroner;SP;Spot;2;false;2;Hundre;C;ECB concertation tidspunkt 14:15 CET;2023-05-25;101,91
B;Virkedag;SEK;Svenske kroner;NOK;Norske kroner;SP;Spot;2;false;2;Hundre;C;ECB concertation tidspunkt 14:15 CET;2023-05-26;102,55
B;Virkedag;SEK;Svenske kroner;NOK;Norske kroner;SP;Spot;2;false;2;Hundre;C;ECB concertation tidspunkt 14:15 CET;2023-05-30;102,07
B;Virkedag;SEK;Svenske kroner;NOK;Norske kroner;SP;Spot;2;false;2;Hundre;C;ECB concertation tidspunkt 14:15 CET;2023-05-31;103,24
B;Virkedag;SEK;Svenske kroner;NOK;Norske kroner;SP;Spot;2;false;2;Hundre;C;ECB concertation tidspunkt 14:15 CET;2023-06-01;102,76
B;Virkedag;SEK;Svenske kroner;NOK;Norske kroner;SP;Spot;2;false;2;Hundre;C;ECB concertation tidspunkt 14:15 CET;2023-06-02;102,55
B;Virkedag;SEK;Svenske kroner;NOK;Norske kroner;SP;Spot;2;false;2;Hundre;C;ECB concertation tidspunkt 14:15 CET;2023-06-05;101,59
B;Virkedag;SEK;Svenske kroner;NOK;Norske kroner;SP;Spot;2;false;2;Hundre;C;ECB concertation tidspunkt 14:15 CET;2023-06-06;102,2
B;Virkedag;SEK;Svenske kroner;NOK;Norske kroner;SP;Spot;2;false;2;Hundre;C;ECB concertation tidspunkt 14:15 CET;2023-06-07;101,48
B;Virkedag;SEK;Svenske kroner;NOK;Norske kroner;SP;Spot;2;false;2;Hundre;C;ECB concertation tidspunkt 14:15 CET;2023-06-08;100,94
B;Virkedag;SEK;Svenske kroner;NOK;Norske kroner;SP;Spot;2;false;2;Hundre;C;ECB concertation tidspunkt 14:15 CET;2023-06-09;99,48
B;Virkedag;SEK;Svenske kroner;NOK;Norske kroner;SP;Spot;2;false;2;Hundre;C;ECB concertation tidspunkt 14:15 CET;2023-06-12;100,13
B;Virkedag;SEK;Svenske kroner;NOK;Norske kroner;SP;Spot;2;false;2;Hundre;C;ECB concertation tidspunkt 14:15 CET;2023-06-13;99,86
B;Virkedag;SEK;Svenske kroner;NOK;Norske kroner;SP;Spot;2;false;2;Hundre;C;ECB concertation tidspunkt 14:15 CET;2023-06-14;99,27
B;Virkedag;SEK;Svenske kroner;NOK;Norske kroner;SP;Spot;2;false;2;Hundre;C;ECB concertation tidspunkt 14:15 CET;2023-06-15;98,98
B;Virkedag;SEK;Svenske kroner;NOK;Norske kroner;SP;Spot;2;false;2;Hundre;C;ECB concertation tidspunkt 14:15 CET;2023-06-16;99,35
B;Virkedag;SEK;Svenske kroner;NOK;Norske kroner;SP;Spot;2;false;2;Hundre;C;ECB concertation tidspunkt 14:15 CET;2023-06-19;99,48
B;Virkedag;SEK;Svenske kroner;NOK;Norske kroner;SP;Spot;2;false;2;Hundre;C;ECB concertation tidspunkt 14:15 CET;2023-06-20;99,64
B;Virkedag;SEK;Svenske kroner;NOK;Norske kroner;SP;Spot;2;false;2;Hundre;C;ECB concertation tidspunkt 14:15 CET;2023-06-21;99,92
B;Virkedag;SEK;Svenske kroner;NOK;Norske kroner;SP;Spot;2;false;2;Hundre;C;ECB concertation tidspunkt 14:15 CET;2023-06-22;98,95
B;Virkedag;SEK;Svenske kroner;NOK;Norske kroner;SP;Spot;2;false;2;Hundre;C;ECB concertation tidspunkt 14:15 CET;2023-06-23;101,55
B;Virkedag;SEK;Svenske kroner;NOK;Norske kroner;SP;Spot;2;false;2;Hundre;C;ECB concertation tidspunkt 14:15 CET;2023-06-26;100,22
B;Virkedag;SEK;Svenske kroner;NOK;Norske kroner;SP;Spot;2;false;2;Hundre;C;ECB concertation tidspunkt 14:15 CET;2023-06-27;100,13
B;Virkedag;SEK;Svenske kroner;NOK;Norske kroner;SP;Spot;2;false;2;Hundre;C;ECB concertation tidspunkt 14:15 CET;2023-06-28;100,38
B;Virkedag;SEK;Svenske kroner;NOK;Norske kroner;SP;Spot;2;false;2;Hundre;C;ECB concertation tidspunkt 14:15 CET;2023-06-29;99,55
B;Virkedag;SEK;Svenske kroner;NOK;Norske kroner;SP;Spot;2;false;2;Hundre;C;ECB concertation tidspunkt 14:15 CET;2023-06-30;99,14
B;Virkedag;SEK;Svenske kroner;NOK;Norske kroner;SP;Spot;2;false;2;Hundre;C;ECB concertation tidspunkt 14:15 CET;2023-07-03;98,83
B;Virkedag;SEK;Svenske kroner;NOK;Norske kroner;SP;Spot;2;false;2;Hundre;C;ECB concertation tidspunkt 14:15 CET;2023-07-04;98,17
B;Virkedag;SEK;Svenske kroner;NOK;Norske kroner;SP;Spot;2;false;2;Hundre;C;ECB concertation tidspunkt 14:15 CET;2023-07-05;98,44
B;Virkedag;SEK;Svenske kroner;NOK;Norske kroner;SP;Spot;2;false;2;Hundre;C;ECB concertation tidspunkt 14:15 CET;2023-07-06;97,75
B;Virkedag;SEK;Svenske kroner;NOK;Norske kroner;SP;Spot;2;false;2;Hundre;C;ECB concertation tidspunkt 14:15 CET;2023-07-07;98,33
B;Virkedag;SEK;Svenske kroner;NOK;Norske kroner;SP;Spot;2;false;2;Hundre;C;ECB concertation tidspunkt 14:15 CET;2023-07-10;97,38
B;Virkedag;SEK;Svenske kroner;NOK;Norske kroner;SP;Spot;2;false;2;Hundre;C;ECB concertation tidspunkt 14:15 CET;2023-07-11;97,38
B;Virkedag;SEK;Svenske kroner;NOK;Norske kroner;SP;Spot;2;false;2;Hundre;C;ECB concertation tidspunkt 14:15 CET;2023-07-12;97,01
B;Virkedag;SEK;Svenske kroner;NOK;Norske kroner;SP;Spot;2;false;2;Hundre;C;ECB concertation tidspunkt 14:15 CET;2023-07-13;97,72
B;Virkedag;SEK;Svenske kroner;NOK;Norske kroner;SP;Spot;2;false;2;Hundre;C;ECB concertation tidspunkt 14:15 CET;2023-07-14;97,54
B;Virkedag;SEK;Svenske kroner;NOK;Norske kroner;SP;Spot;2;false;2;Hundre;C;ECB concertation tidspunkt 14:15 CET;2023-07-17;97,86
B;Virkedag;SEK;Svenske kroner;NOK;Norske kroner;SP;Spot;2;false;2;Hundre;C;ECB concertation tidspunkt 14:15 CET;2023-07-18;98,57
B;Virkedag;SEK;Svenske kroner;NOK;Norske kroner;SP;Spot;2;false;2;Hundre;C;ECB concertation tidspunkt 14:15 CET;2023-07-19;98,17
B;Virkedag;SEK;Svenske kroner;NOK;Norske kroner;SP;Spot;2;false;2;Hundre;C;ECB concertation tidspunkt 14:15 CET;2023-07-20;97,18
B;Virkedag;SEK;Svenske kroner;NOK;Norske kroner;SP;Spot;2;false;2;Hundre;C;ECB concertation tidspunkt 14:15 CET;2023-07-21;96,76
B;Virkedag;SEK;Svenske kroner;NOK;Norske kroner;SP;Spot;2;false;2;Hundre;C;ECB concertation tidspunkt 14:15 CET;2023-07-24;96,91
B;Virkedag;SEK;Svenske kroner;NOK;Norske kroner;SP;Spot;2;false;2;Hundre;C;ECB concertation tidspunkt 14:15 CET;2023-07-25;97,09
B;Virkedag;SEK;Svenske kroner;NOK;Norske kroner;SP;Spot;2;false;2;Hundre;C;ECB concertation tidspunkt 14:15 CET;2023-07-26;97,13
B;Virkedag;SEK;Svenske kroner;NOK;Norske kroner;SP;Spot;2;false;2;Hundre;C;ECB concertation tidspunkt 14:15 CET;2023-07-27;96,77
B;Virkedag;SEK;Svenske kroner;NOK;Norske kroner;SP;Spot;2;false;2;Hundre;C;ECB concertation tidspunkt 14:15 CET;2023-07-28;96,65
B;Virkedag;SEK;Svenske kroner;NOK;Norske kroner;SP;Spot;2;false;2;Hundre;C;ECB concertation tidspunkt 14:15 CET;2023-07-31;96,47
B;Virkedag;SEK;Svenske kroner;NOK;Norske kroner;SP;Spot;2;false;2;Hundre;C;ECB concertation tidspunkt 14:15 CET;2023-08-01;96,24
B;Virkedag;SEK;Svenske kroner;NOK;Norske kroner;SP;Spot;2;false;2;Hundre;C;ECB concertation tidspunkt 14:15 CET;2023-08-02;95,55
B;Virkedag;SEK;Svenske kroner;NOK;Norske kroner;SP;Spot;2;false;2;Hundre;C;ECB concertation tidspunkt 14:15 CET;2023-08-03;96,04
B;Virkedag;SEK;Svenske kroner;NOK;Norske kroner;SP;Spot;2;false;2;Hundre;C;ECB concertation tidspunkt 14:15 CET;2023-08-04;95,61
B;Virkedag;SEK;Svenske kroner;NOK;Norske kroner;SP;Spot;2;false;2;Hundre;C;ECB concertation tidspunkt 14:15 CET;2023-08-07;95,59
B;Virkedag;SEK;Svenske kroner;NOK;Norske kroner;SP;Spot;2;false;2;Hundre;C;ECB concertation tidspunkt 14:15 CET;2023-08-08;96,18
B;Virkedag;SEK;Svenske kroner;NOK;Norske kroner;SP;Spot;2;false;2;Hundre;C;ECB concertation tidspunkt 14:15 CET;2023-08-09;95,62
B;Virkedag;SEK;Svenske kroner;NOK;Norske kroner;SP;Spot;2;false;2;Hundre;C;ECB concertation tidspunkt 14:15 CET;2023-08-10;95,59
B;Virkedag;SEK;Svenske kroner;NOK;Norske kroner;SP;Spot;2;false;2;Hundre;C;ECB concertation tidspunkt 14:15 CET;2023-08-11;96,74
B;Virkedag;SEK;Svenske kroner;NOK;Norske kroner;SP;Spot;2;false;2;Hundre;C;ECB concertation tidspunkt 14:15 CET;2023-08-14;96,57
B;Virkedag;SEK;Svenske kroner;NOK;Norske kroner;SP;Spot;2;false;2;Hundre;C;ECB concertation tidspunkt 14:15 CET;2023-08-15;96,89
B;Virkedag;SEK;Svenske kroner;NOK;Norske kroner;SP;Spot;2;false;2;Hundre;C;ECB concertation tidspunkt 14:15 CET;2023-08-16;96,83
B;Virkedag;SEK;Svenske kroner;NOK;Norske kroner;SP;Spot;2;false;2;Hundre;C;ECB concertation tidspunkt 14:15 CET;2023-08-17;96,9
B;Virkedag;SEK;Svenske kroner;NOK;Norske kroner;SP;Spot;2;false;2;Hundre;C;ECB concertation tidspunkt 14:15 CET;2023-08-18;97
B;Virkedag;SEK;Svenske kroner;NOK;Norske kroner;SP;Spot;2;false;2;Hundre;C;ECB concertation tidspunkt 14:15 CET;2023-08-21;96,73
B;Virkedag;SEK;Svenske kroner;NOK;Norske kroner;SP;Spot;2;false;2;Hundre;C;ECB concertation tidspunkt 14:15 CET;2023-08-22;97,1
B;Virkedag;SEK;Svenske kroner;NOK;Norske kroner;SP;Spot;2;false;2;Hundre;C;ECB concertation tidspunkt 14:15 CET;2023-08-23;97,2
B;Virkedag;SEK;Svenske kroner;NOK;Norske kroner;SP;Spot;2;false;2;Hundre;C;ECB concertation tidspunkt 14:15 CET;2023-08-24;97,15
B;Virkedag;SEK;Svenske kroner;NOK;Norske kroner;SP;Spot;2;false;2;Hundre;C;ECB concertation tidspunkt 14:15 CET;2023-08-25;96,83
B;Virkedag;SEK;Svenske kroner;NOK;Norske kroner;SP;Spot;2;false;2;Hundre;C;ECB concertation tidspunkt 14:15 CET;2023-08-28;97,23
B;Virkedag;SEK;Svenske kroner;NOK;Norske kroner;SP;Spot;2;false;2;Hundre;C;ECB concertation tidspunkt 14:15 CET;2023-08-29;97,33
B;Virkedag;SEK;Svenske kroner;NOK;Norske kroner;SP;Spot;2;false;2;Hundre;C;ECB concertation tidspunkt 14:15 CET;2023-08-30;97,51
B;Virkedag;SEK;Svenske kroner;NOK;Norske kroner;SP;Spot;2;false;2;Hundre;C;ECB concertation tidspunkt 14:15 CET;2023-08-31;97,78
B;Virkedag;SEK;Svenske kroner;NOK;Norske kroner;SP;Spot;2;false;2;Hundre;C;ECB concertation tidspunkt 14:15 CET;2023-09-01;96,55
B;Virkedag;SEK;Svenske kroner;NOK;Norske kroner;SP;Spot;2;false;2;Hundre;C;ECB concertation tidspunkt 14:15 CET;2023-09-04;96,63
B;Virkedag;SEK;Svenske kroner;NOK;Norske kroner;SP;Spot;2;false;2;Hundre;C;ECB concertation tidspunkt 14:15 CET;2023-09-05;96,89
B;Virkedag;SEK;Svenske kroner;NOK;Norske kroner;SP;Spot;2;false;2;Hundre;C;ECB concertation tidspunkt 14:15 CET;2023-09-06;96,49
B;Virkedag;SEK;Svenske kroner;NOK;Norske kroner;SP;Spot;2;false;2;Hundre;C;ECB concertation tidspunkt 14:15 CET;2023-09-07;96,4
B;Virkedag;SEK;Svenske kroner;NOK;Norske kroner;SP;Spot;2;false;2;Hundre;C;ECB concertation tidspunkt 14:15 CET;2023-09-08;95,95
B;Virkedag;SEK;Svenske kroner;NOK;Norske kroner;SP;Spot;2;false;2;Hundre;C;ECB concertation tidspunkt 14:15 CET;2023-09-11;96,17
B;Virkedag;SEK;Svenske kroner;NOK;Norske kroner;SP;Spot;2;false;2;Hundre;C;ECB concertation tidspunkt 14:15 CET;2023-09-12;96,35
B;Virkedag;SEK;Svenske kroner;NOK;Norske kroner;SP;Spot;2;false;2;Hundre;C;ECB concertation tidspunkt 14:15 CET;2023-09-13;96,07
B;Virkedag;SEK;Svenske kroner;NOK;Norske kroner;SP;Spot;2;false;2;Hundre;C;ECB concertation tidspunkt 14:15 CET;2023-09-14;96,27
B;Virkedag;SEK;Svenske kroner;NOK;Norske kroner;SP;Spot;2;false;2;Hundre;C;ECB concertation tidspunkt 14:15 CET;2023-09-15;96,2
B;Virkedag;SEK;Svenske kroner;NOK;Norske kroner;SP;Spot;2;false;2;Hundre;C;ECB concertation tidspunkt 14:15 CET;2023-09-18;96,51
B;Virkedag;SEK;Svenske kroner;NOK;Norske kroner;SP;Spot;2;false;2;Hundre;C;ECB concertation tidspunkt 14:15 CET;2023-09-19;96,68
B;Virkedag;SEK;Svenske kroner;NOK;Norske kroner;SP;Spot;2;false;2;Hundre;C;ECB concertation tidspunkt 14:15 CET;2023-09-20;96,65
B;Virkedag;SEK;Svenske kroner;NOK;Norske kroner;SP;Spot;2;false;2;Hundre;C;ECB concertation tidspunkt 14:15 CET;2023-09-21;96,65
B;Virkedag;SEK;Svenske kroner;NOK;Norske kroner;SP;Spot;2;false;2;Hundre;C;ECB concertation tidspunkt 14:15 CET;2023-09-22;96,19
B;Virkedag;SEK;Svenske kroner;NOK;Norske kroner;SP;Spot;2;false;2;Hundre;C;ECB concertation tidspunkt 14:15 CET;2023-09-25;97,46
B;Virkedag;SEK;Svenske kroner;NOK;Norske kroner;SP;Spot;2;false;2;Hundre;C;ECB concertation tidspunkt 14:15 CET;2023-09-26;98,16
B;Virkedag;SEK;Svenske kroner;NOK;Norske kroner;SP;Spot;2;false;2;Hundre;C;ECB concertation tidspunkt 14:15 CET;2023-09-27;97,72
B;Virkedag;SEK;Svenske kroner;NOK;Norske kroner;SP;Spot;2;false;2;Hundre;C;ECB concertation tidspunkt 14:15 CET;2023-09-28;97,5
B;Virkedag;SEK;Svenske kroner;NOK;Norske kroner;SP;Spot;2;false;2;Hundre;C;ECB concertation tidspunkt 14:15 CET;2023-09-29;97,58
B;Virkedag;SEK;Svenske kroner;NOK;Norske kroner;SP;Spot;2;false;2;Hundre;C;ECB concertation tidspunkt 14:15 CET;2023-10-02;97,75
B;Virkedag;SEK;Svenske kroner;NOK;Norske kroner;SP;Spot;2;false;2;Hundre;C;ECB concertation tidspunkt 14:15 CET;2023-10-03;98,18
B;Virkedag;SEK;Svenske kroner;NOK;Norske kroner;SP;Spot;2;false;2;Hundre;C;ECB concertation tidspunkt 14:15 CET;2023-10-04;99,38
B;Virkedag;SEK;Svenske kroner;NOK;Norske kroner;SP;Spot;2;false;2;Hundre;C;ECB concertation tidspunkt 14:15 CET;2023-10-05;99,77
B;Virkedag;SEK;Svenske kroner;NOK;Norske kroner;SP;Spot;2;false;2;Hundre;C;ECB concertation tidspunkt 14:15 CET;2023-10-06;100,04
B;Virkedag;SEK;Svenske kroner;NOK;Norske kroner;SP;Spot;2;false;2;Hundre;C;ECB concertation tidspunkt 14:15 CET;2023-10-09;98,92
B;Virkedag;SEK;Svenske kroner;NOK;Norske kroner;SP;Spot;2;false;2;Hundre;C;ECB concertation tidspunkt 14:15 CET;2023-10-10;99,1
B;Virkedag;SEK;Svenske kroner;NOK;Norske kroner;SP;Spot;2;false;2;Hundre;C;ECB concertation tidspunkt 14:15 CET;2023-10-11;99,39
B;Virkedag;SEK;Svenske kroner;NOK;Norske kroner;SP;Spot;2;false;2;Hundre;C;ECB concertation tidspunkt 14:15 CET;2023-10-12;99,77
B;Virkedag;SEK;Svenske kroner;NOK;Norske kroner;SP;Spot;2;false;2;Hundre;C;ECB concertation tidspunkt 14:15 CET;2023-10-13;99,71
B;Virkedag;SEK;Svenske kroner;NOK;Norske kroner;SP;Spot;2;false;2;Hundre;C;ECB concertation tidspunkt 14:15 CET;2023-10-16;99,82
B;Virkedag;SEK;Svenske kroner;NOK;Norske kroner;SP;Spot;2;false;2;Hundre;C;ECB concertation tidspunkt 14:15 CET;2023-10-17;100,4
B;Virkedag;SEK;Svenske kroner;NOK;Norske kroner;SP;Spot;2;false;2;Hundre;C;ECB concertation tidspunkt 14:15 CET;2023-10-18;100,27
B;Virkedag;SEK;Svenske kroner;NOK;Norske kroner;SP;Spot;2;false;2;Hundre;C;ECB concertation tidspunkt 14:15 CET;2023-10-19;100,7
B;Virkedag;SEK;Svenske kroner;NOK;Norske kroner;SP;Spot;2;false;2;Hundre;C;ECB concertation tidspunkt 14:15 CET;2023-10-20;100,4
B;Virkedag;SEK;Svenske kroner;NOK;Norske kroner;SP;Spot;2;false;2;Hundre;C;ECB concertation tidspunkt 14:15 CET;2023-10-23;100,78
B;Virkedag;SEK;Svenske kroner;NOK;Norske kroner;SP;Spot;2;false;2;Hundre;C;ECB concertation tidspunkt 14:15 CET;2023-10-24;100,68
B;Virkedag;SEK;Svenske kroner;NOK;Norske kroner;SP;Spot;2;false;2;Hundre;C;ECB concertation tidspunkt 14:15 CET;2023-10-25;100,56
B;Virkedag;SEK;Svenske kroner;NOK;Norske kroner;SP;Spot;2;false;2;Hundre;C;ECB concertation tidspunkt 14:15 CET;2023-10-26;100,46
B;Virkedag;SEK;Svenske kroner;NOK;Norske kroner;SP;Spot;2;false;2;Hundre;C;ECB concertation tidspunkt 14:15 CET;2023-10-27;100,04
B;Virkedag;SEK;Svenske kroner;NOK;Norske kroner;SP;Spot;2;false;2;Hundre;C;ECB concertation tidspunkt 14:15 CET;2023-10-30;99,87
B;Virkedag;SEK;Svenske kroner;NOK;Norske kroner;SP;Spot;2;false;2;Hundre;C;ECB concertation tidspunkt 14:15 CET;2023-10-31;100,39
B;Virkedag;SEK;Svenske kroner;NOK;Norske kroner;SP;Spot;2;false;2;Hundre;C;ECB concertation tidspunkt 14:15 CET;2023-11-01;99,92
B;Virkedag;SEK;Svenske kroner;NOK;Norske kroner;SP;Spot;2;false;2;Hundre;C;ECB concertation tidspunkt 14:15 CET;2023-11-02;100,47
B;Virkedag;SEK;Svenske kroner;NOK;Norske kroner;SP;Spot;2;false;2;Hundre;C;ECB concertation tidspunkt 14:15 CET;2023-11-03;100,97
B;Virkedag;SEK;Svenske kroner;NOK;Norske kroner;SP;Spot;2;false;2;Hundre;C;ECB concertation tidspunkt 14:15 CET;2023-11-06;101,42
B;Virkedag;SEK;Svenske kroner;NOK;Norske kroner;SP;Spot;2;false;2;Hundre;C;ECB concertation tidspunkt 14:15 CET;2023-11-07;102,16
B;Virkedag;SEK;Svenske kroner;NOK;Norske kroner;SP;Spot;2;false;2;Hundre;C;ECB concertation tidspunkt 14:15 CET;2023-11-08;102,36
B;Virkedag;SEK;Svenske kroner;NOK;Norske kroner;SP;Spot;2;false;2;Hundre;C;ECB concertation tidspunkt 14:15 CET;2023-11-09;102,57
B;Virkedag;SEK;Svenske kroner;NOK;Norske kroner;SP;Spot;2;false;2;Hundre;C;ECB concertation tidspunkt 14:15 CET;2023-11-10;102,09
B;Virkedag;SEK;Svenske kroner;NOK;Norske kroner;SP;Spot;2;false;2;Hundre;C;ECB concertation tidspunkt 14:15 CET;2023-11-13;102,3
B;Virkedag;SEK;Svenske kroner;NOK;Norske kroner;SP;Spot;2;false;2;Hundre;C;ECB concertation tidspunkt 14:15 CET;2023-11-14;102,5
B;Virkedag;SEK;Svenske kroner;NOK;Norske kroner;SP;Spot;2;false;2;Hundre;C;ECB concertation tidspunkt 14:15 CET;2023-11-15;102,58
B;Virkedag;SEK;Svenske kroner;NOK;Norske kroner;SP;Spot;2;false;2;Hundre;C;ECB concertation tidspunkt 14:15 CET;2023-11-16;102,42
B;Virkedag;SEK;Svenske kroner;NOK;Norske kroner;SP;Spot;2;false;2;Hundre;C;ECB concertation tidspunkt 14:15 CET;2023-11-17;102,87
B;Virkedag;SEK;Svenske kroner;NOK;Norske kroner;SP;Spot;2;false;2;Hundre;C;ECB concertation tidspunkt 14:15 CET;2023-11-20;102,56
B;Virkedag;SEK;Svenske kroner;NOK;Norske kroner;SP;Spot;2;false;2;Hundre;C;ECB concertation tidspunkt 14:15 CET;2023-11-21;102,33
B;Virkedag;SEK;Svenske kroner;NOK;Norske kroner;SP;Spot;2;false;2;Hundre;C;ECB concertation tidspunkt 14:15 CET;2023-11-22;102,74
B;Virkedag;SEK;Svenske kroner;NOK;Norske kroner;SP;Spot;2;false;2;Hundre;C;ECB concertation tidspunkt 14:15 CET;2023-11-23;102,38
B;Virkedag;SEK;Svenske kroner;NOK;Norske kroner;SP;Spot;2;false;2;Hundre;C;ECB concertation tidspunkt 14:15 CET;2023-11-24;102,58
B;Virkedag;SEK;Svenske kroner;NOK;Norske kroner;SP;Spot;2;false;2;Hundre;C;ECB concertation tidspunkt 14:15 CET;2023-11-27;102,3
B;Virkedag;SEK;Svenske kroner;NOK;Norske kroner;SP;Spot;2;false;2;Hundre;C;ECB concertation tidspunkt 14:15 CET;2023-11-28;102,48
B;Virkedag;SEK;Svenske kroner;NOK;Norske kroner;SP;Spot;2;false;2;Hundre;C;ECB concertation tidspunkt 14:15 CET;2023-11-29;102,91
B;Virkedag;SEK;Svenske kroner;NOK;Norske kroner;SP;Spot;2;false;2;Hundre;C;ECB concertation tidspunkt 14:15 CET;2023-11-30;102,53
B;Virkedag;SEK;Svenske kroner;NOK;Norske kroner;SP;Spot;2;false;2;Hundre;C;ECB concertation tidspunkt 14:15 CET;2023-12-01;102,87
B;Virkedag;SEK;Svenske kroner;NOK;Norske kroner;SP;Spot;2;false;2;Hundre;C;ECB concertation tidspunkt 14:15 CET;2023-12-04;103,15
B;Virkedag;SEK;Svenske kroner;NOK;Norske kroner;SP;Spot;2;false;2;Hundre;C;ECB concertation tidspunkt 14:15 CET;2023-12-05;104,22
B;Virkedag;SEK;Svenske kroner;NOK;Norske kroner;SP;Spot;2;false;2;Hundre;C;ECB concertation tidspunkt 14:15 CET;2023-12-06;104,33
B;Virkedag;SEK;Svenske kroner;NOK;Norske kroner;SP;Spot;2;false;2;Hundre;C;ECB concertation tidspunkt 14:15 CET;2023-12-07;104,42
B;Virkedag;SEK;Svenske kroner;NOK;Norske kroner;SP;Spot;2;false;2;Hundre;C;ECB concertation tidspunkt 14:15 CET;2023-12-08;104,35
B;Virkedag;SEK;Svenske kroner;NOK;Norske kroner;SP;Spot;2;false;2;Hundre;C;ECB concertation tidspunkt 14:15 CET;2023-12-11;104,41
B;Virkedag;SEK;Svenske kroner;NOK;Norske kroner;SP;Spot;2;false;2;Hundre;C;ECB concertation tidspunkt 14:15 CET;2023-12-12;104,4
B;Virkedag;SEK;Svenske kroner;NOK;Norske kroner;SP;Spot;2;false;2;Hundre;C;ECB concertation tidspunkt 14:15 CET;2023-12-13;104,86
B;Virkedag;SEK;Svenske kroner;NOK;Norske kroner;SP;Spot;2;false;2;Hundre;C;ECB concertation tidspunkt 14:15 CET;2023-12-14;103,02
B;Virkedag;SEK;Svenske kroner;NOK;Norske kroner;SP;Spot;2;false;2;Hundre;C;ECB concertation tidspunkt 14:15 CET;2023-12-15;102,11
B;Virkedag;SEK;Svenske kroner;NOK;Norske kroner;SP;Spot;2;false;2;Hundre;C;ECB concertation tidspunkt 14:15 CET;2023-12-18;101,83
B;Virkedag;SEK;Svenske kroner;NOK;Norske kroner;SP;Spot;2;false;2;Hundre;C;ECB concertation tidspunkt 14:15 CET;2023-12-19;101,7
B;Virkedag;SEK;Svenske kroner;NOK;Norske kroner;SP;Spot;2;false;2;Hundre;C;ECB concertation tidspunkt 14:15 CET;2023-12-20;101,44
B;Virkedag;SEK;Svenske kroner;NOK;Norske kroner;SP;Spot;2;false;2;Hundre;C;ECB concertation tidspunkt 14:15 CET;2023-12-21;101,95
B;Virkedag;SEK;Svenske kroner;NOK;Norske kroner;SP;Spot;2;false;2;Hundre;C;ECB concertation tidspunkt 14:15 CET;2023-12-22;101,94
B;Virkedag;SEK;Svenske kroner;NOK;Norske kroner;SP;Spot;2;false;2;Hundre;C;ECB concertation tidspunkt 14:15 CET;2023-12-27;101,53
B;Virkedag;SEK;Svenske kroner;NOK;Norske kroner;SP;Spot;2;false;2;Hundre;C;ECB concertation tidspunkt 14:15 CET;2023-12-28;102,03
B;Virkedag;SEK;Svenske kroner;NOK;Norske kroner;SP;Spot;2;false;2;Hundre;C;ECB concertation tidspunkt 14:15 CET;2023-12-29;101,3
B;Virkedag;SEK;Svenske kroner;NOK;Norske kroner;SP;Spot;2;false;2;Hundre;C;ECB concertation tidspunkt 14:15 CET;2024-01-02;101,14
B;Virkedag;SEK;Svenske kroner;NOK;Norske kroner;SP;Spot;2;false;2;Hundre;C;ECB concertation tidspunkt 14:15 CET;2024-01-03;101,15
B;Virkedag;SEK;Svenske kroner;NOK;Norske kroner;SP;Spot;2;false;2;Hundre;C;ECB concertation tidspunkt 14:15 CET;2024-01-04;100,84
B;Virkedag;SEK;Svenske kroner;NOK;Norske kroner;SP;Spot;2;false;2;Hundre;C;ECB concertation tidspunkt 14:15 CET;2024-01-05;100,66
B;Virkedag;SEK;Svenske kroner;NOK;Norske kroner;SP;Spot;2;false;2;Hundre;C;ECB concertation tidspunkt 14:15 CET;2024-01-08;101,36
B;Virkedag;SEK;Svenske kroner;NOK;Norske kroner;SP;Spot;2;false;2;Hundre;C;ECB concertation tidspunkt 14:15 CET;2024-01-09;100,86
B;Virkedag;SEK;Svenske kroner;NOK;Norske kroner;SP;Spot;2;false;2;Hundre;C;ECB concertation tidspunkt 14:15 CET;2024-01-10;100,84
B;Virkedag;SEK;Svenske kroner;NOK;Norske kroner;SP;Spot;2;false;2;Hundre;C;ECB concertation tidspunkt 14:15 CET;2024-01-11;101,17
B;Virkedag;SEK;Svenske kroner;NOK;Norske kroner;SP;Spot;2;false;2;Hundre;C;ECB concertation tidspunkt 14:15 CET;2024-01-12;100,15
B;Virkedag;SEK;Svenske kroner;NOK;Norske kroner;SP;Spot;2;false;2;Hundre;C;ECB concertation tidspunkt 14:15 CET;2024-01-15;100,32
B;Virkedag;SEK;Svenske kroner;NOK;Norske kroner;SP;Spot;2;false;2;Hundre;C;ECB concertation tidspunkt 14:15 CET;2024-01-16;100,11
B;Virkedag;SEK;Svenske kroner;NOK;Norske kroner;SP;Spot;2;false;2;Hundre;C;ECB concertation tidspunkt 14:15 CET;2024-01-17;100,36
B;Virkedag;SEK;Svenske kroner;NOK;Norske kroner;SP;Spot;2;false;2;Hundre;C;ECB concertation tidspunkt 14:15 CET;2024-01-18;100,72
B;Virkedag;SEK;Svenske kroner;NOK;Norske kroner;SP;Spot;2;false;2;Hundre;C;ECB concertation tidspunkt 14:15 CET;2024-01-19;100,26
B;Virkedag;SEK;Svenske kroner;NOK;Norske kroner;SP;Spot;2;false;2;Hundre;C;ECB concertation tidspunkt 14:15 CET;2024-01-22;100,76
B;Virkedag;SEK;Svenske kroner;NOK;Norske kroner;SP;Spot;2;false;2;Hundre;C;ECB concertation tidspunkt 14:15 CET;2024-01-23;100,73
B;Virkedag;SEK;Svenske kroner;NOK;Norske kroner;SP;Spot;2;false;2;Hundre;C;ECB concertation tidspunkt 14:15 CET;2024-01-24;100,5
B;Virkedag;SEK;Svenske kroner;NOK;Norske kroner;SP;Spot;2;false;2;Hundre;C;ECB concertation tidspunkt 14:15 CET;2024-01-25;100,36
B;Virkedag;SEK;Svenske kroner;NOK;Norske kroner;SP;Spot;2;false;2;Hundre;C;ECB concertation tidspunkt 14:15 CET;2024-01-26;100,11
B;Virkedag;SEK;Svenske kroner;NOK;Norske kroner;SP;Spot;2;false;2;Hundre;C;ECB concertation tidspunkt 14:15 CET;2024-01-29;99,55
B;Virkedag;SEK;Svenske kroner;NOK;Norske kroner;SP;Spot;2;false;2;Hundre;C;ECB concertation tidspunkt 14:15 CET;2024-01-30;100,36
B;Virkedag;SEK;Svenske kroner;NOK;Norske kroner;SP;Spot;2;false;2;Hundre;C;ECB concertation tidspunkt 14:15 CET;2024-01-31;100,73
B;Virkedag;SEK;Svenske kroner;NOK;Norske kroner;SP;Spot;2;false;2;Hundre;C;ECB concertation tidspunkt 14:15 CET;2024-02-01;100,27
B;Virkedag;SEK;Svenske kroner;NOK;Norske kroner;SP;Spot;2;false;2;Hundre;C;ECB concertation tidspunkt 14:15 CET;2024-02-02;101,06
B;Virkedag;SEK;Svenske kroner;NOK;Norske kroner;SP;Spot;2;false;2;Hundre;C;ECB concertation tidspunkt 14:15 CET;2024-02-05;100,8
B;Virkedag;SEK;Svenske kroner;NOK;Norske kroner;SP;Spot;2;false;2;Hundre;C;ECB concertation tidspunkt 14:15 CET;2024-02-06;100,66
B;Virkedag;SEK;Svenske kroner;NOK;Norske kroner;SP;Spot;2;false;2;Hundre;C;ECB concertation tidspunkt 14:15 CET;2024-02-07;100,92
B;Virkedag;SEK;Svenske kroner;NOK;Norske kroner;SP;Spot;2;false;2;Hundre;C;ECB concertation tidspunkt 14:15 CET;2024-02-08;101,26
B;Virkedag;SEK;Svenske kroner;NOK;Norske kroner;SP;Spot;2;false;2;Hundre;C;ECB concertation tidspunkt 14:15 CET;2024-02-09;101,04
B;Virkedag;SEK;Svenske kroner;NOK;Norske kroner;SP;Spot;2;false;2;Hundre;C;ECB concertation tidspunkt 14:15 CET;2024-02-12;100,78
B;Virkedag;SEK;Svenske kroner;NOK;Norske kroner;SP;Spot;2;false;2;Hundre;C;ECB concertation tidspunkt 14:15 CET;2024-02-13;100,45
B;Virkedag;SEK;Svenske kroner;NOK;Norske kroner;SP;Spot;2;false;2;Hundre;C;ECB concertation tidspunkt 14:15 CET;2024-02-14;100,22
B;Virkedag;SEK;Svenske kroner;NOK;Norske kroner;SP;Spot;2;false;2;Hundre;C;ECB concertation tidspunkt 14:15 CET;2024-02-15;100,92
B;Virkedag;SEK;Svenske kroner;NOK;Norske kroner;SP;Spot;2;false;2;Hundre;C;ECB concertation tidspunkt 14:15 CET;2024-02-16;100,8
B;Virkedag;SEK;Svenske kroner;NOK;Norske kroner;SP;Spot;2;false;2;Hundre;C;ECB concertation tidspunkt 14:15 CET;2024-02-19;100,6
B;Virkedag;SEK;Svenske kroner;NOK;Norske kroner;SP;Spot;2;false;2;Hundre;C;ECB concertation tidspunkt 14:15 CET;2024-02-20;100,97
B;Virkedag;SEK;Svenske kroner;NOK;Norske kroner;SP;Spot;2;false;2;Hundre;C;ECB concertation tidspunkt 14:15 CET;2024-02-21;101,13
B;Virkedag;SEK;Svenske kroner;NOK;Norske kroner;SP;Spot;2;false;2;Hundre;C;ECB concertation tidspunkt 14:15 CET;2024-02-22;101,63
B;Virkedag;SEK;Svenske kroner;NOK;Norske kroner;SP;Spot;2;false;2;Hundre;C;ECB concertation tidspunkt 14:15 CET;2024-02-23;102,1
B;Virkedag;SEK;Svenske kroner;NOK;Norske kroner;SP;Spot;2;false;2;Hundre;C;ECB concertation tidspunkt 14:15 CET;2024-02-26;102,34
B;Virkedag;SEK;Svenske kroner;NOK;Norske kroner;SP;Spot;2;false;2;Hundre;C;ECB concertation tidspunkt 14:15 CET;2024-02-27;102,24
B;Virkedag;SEK;Svenske kroner;NOK;Norske kroner;SP;Spot;2;false;2;Hundre;C;ECB concertation tidspunkt 14:15 CET;2024-02-28;102,46
B;Virkedag;SEK;Svenske kroner;NOK;Norske kroner;SP;Spot;2;false;2;Hundre;C;ECB concertation tidspunkt 14:15 CET;2024-02-29;102,47
B;Virkedag;SEK;Svenske kroner;NOK;Norske kroner;SP;Spot;2;false;2;Hundre;C;ECB concertation tidspunkt 14:15 CET;2024-03-01;102,22
B;Virkedag;SEK;Svenske kroner;NOK;Norske kroner;SP;Spot;2;false;2;Hundre;C;ECB concertation tidspunkt 14:15 CET;2024-03-04;101,69
B;Virkedag;SEK;Svenske kroner;NOK;Norske kroner;SP;Spot;2;false;2;Hundre;C;ECB concertation tidspunkt 14:15 CET;2024-03-05;101,73
B;Virkedag;SEK;Svenske kroner;NOK;Norske kroner;SP;Spot;2;false;2;Hundre;C;ECB concertation tidspunkt 14:15 CET;2024-03-06;101,89
B;Virkedag;SEK;Svenske kroner;NOK;Norske kroner;SP;Spot;2;false;2;Hundre;C;ECB concertation tidspunkt 14:15 CET;2024-03-07;101,78
B;Virkedag;SEK;Svenske kroner;NOK;Norske kroner;SP;Spot;2;false;2;Hundre;C;ECB concertation tidspunkt 14:15 CET;2024-03-08;101,57
B;Virkedag;SEK;Svenske kroner;NOK;Norske kroner;SP;Spot;2;false;2;Hundre;C;ECB concertation tidspunkt 14:15 CET;2024-03-11;102,27
B;Virkedag;SEK;Svenske kroner;NOK;Norske kroner;SP;Spot;2;false;2;Hundre;C;ECB concertation tidspunkt 14:15 CET;2024-03-12;102,63
B;Virkedag;SEK;Svenske kroner;NOK;Norske kroner;SP;Spot;2;false;2;Hundre;C;ECB concertation tidspunkt 14:15 CET;2024-03-13;102,57
B;Virkedag;SEK;Svenske kroner;NOK;Norske kroner;SP;Spot;2;false;2;Hundre;C;ECB concertation tidspunkt 14:15 CET;2024-03-14;102,16
B;Virkedag;SEK;Svenske kroner;NOK;Norske kroner;SP;Spot;2;false;2;Hundre;C;ECB concertation tidspunkt 14:15 CET;2024-03-15;102,25
B;Virkedag;SEK;Svenske kroner;NOK;Norske kroner;SP;Spot;2;false;2;Hundre;C;ECB concertation tidspunkt 14:15 CET;2024-03-18;102,11
B;Virkedag;SEK;Svenske kroner;NOK;Norske kroner;SP;Spot;2;false;2;Hundre;C;ECB concertation tidspunkt 14:15 CET;2024-03-19;102,22
B;Virkedag;SEK;Svenske kroner;NOK;Norske kroner;SP;Spot;2;false;2;Hundre;C;ECB concertation tidspunkt 14:15 CET;2024-03-20;101,88
B;Virkedag;SEK;Svenske kroner;NOK;Norske kroner;SP;Spot;2;false;2;Hundre;C;ECB concertation tidspunkt 14:15 CET;2024-03-21;101,57
B;Virkedag;SEK;Svenske kroner;NOK;Norske kroner;SP;Spot;2;false;2;Hundre;C;ECB concertation tidspunkt 14:15 CET;2024-03-22;101,88
B;Virkedag;SEK;Svenske kroner;NOK;Norske kroner;SP;Spot;2;false;2;Hundre;C;ECB concertation tidspunkt 14:15 CET;2024-03-25;101,29
B;Virkedag;SEK;Svenske kroner;NOK;Norske kroner;SP;Spot;2;false;2;Hundre;C;ECB concertation tidspunkt 14:15 CET;2024-03-26;101,51
B;Virkedag;SEK;Svenske kroner;NOK;Norske kroner;SP;Spot;2;false;2;Hundre;C;ECB concertation tidspunkt 14:15 CET;2024-03-27;101,53
B;Virkedag;SEK;Svenske kroner;NOK;Norske kroner;SP;Spot;2;false;2;Hundre;C;ECB concertation tidspunkt 14:15 CET;2024-04-02;101,3
B;Virkedag;SEK;Svenske kroner;NOK;Norske kroner;SP;Spot;2;false;2;Hundre;C;ECB concertation tidspunkt 14:15 CET;2024-04-03;100,72
B;Virkedag;SEK;Svenske kroner;NOK;Norske kroner;SP;Spot;2;false;2;Hundre;C;ECB concertation tidspunkt 14:15 CET;2024-04-04;100,89
B;Virkedag;SEK;Svenske kroner;NOK;Norske kroner;SP;Spot;2;false;2;Hundre;C;ECB concertation tidspunkt 14:15 CET;2024-04-05;100,74
B;Virkedag;SEK;Svenske kroner;NOK;Norske kroner;SP;Spot;2;false;2;Hundre;C;ECB concertation tidspunkt 14:15 CET;2024-04-08;101,07
B;Virkedag;SEK;Svenske kroner;NOK;Norske kroner;SP;Spot;2;false;2;Hundre;C;ECB concertation tidspunkt 14:15 CET;2024-04-09;101,2
B;Virkedag;SEK;Svenske kroner;NOK;Norske kroner;SP;Spot;2;false;2;Hundre;C;ECB concertation tidspunkt 14:15 CET;2024-04-10;101,15
B;Virkedag;SEK;Svenske kroner;NOK;Norske kroner;SP;Spot;2;false;2;Hundre;C;ECB concertation tidspunkt 14:15 CET;2024-04-11;100,75
B;Virkedag;SEK;Svenske kroner;NOK;Norske kroner;SP;Spot;2;false;2;Hundre;C;ECB concertation tidspunkt 14:15 CET;2024-04-12;100,15
B;Virkedag;SEK;Svenske kroner;NOK;Norske kroner;SP;Spot;2;false;2;Hundre;C;ECB concertation tidspunkt 14:15 CET;2024-04-15;100,59
B;Virkedag;SEK;Svenske kroner;NOK;Norske kroner;SP;Spot;2;false;2;Hundre;C;ECB concertation tidspunkt 14:15 CET;2024-04-16;100,34
B;Virkedag;SEK;Svenske kroner;NOK;Norske kroner;SP;Spot;2;false;2;Hundre;C;ECB concertation tidspunkt 14:15 CET;2024-04-17;100,14
B;Virkedag;SEK;Svenske kroner;NOK;Norske kroner;SP;Spot;2;false;2;Hundre;C;ECB concertation tidspunkt 14:15 CET;2024-04-18;100,86
B;Virkedag;SEK;Svenske kroner;NOK;Norske kroner;SP;Spot;2;false;2;Hundre;C;ECB concertation tidspunkt 14:15 CET;2024-04-19;100,87
B;Virkedag;SEK;Svenske kroner;NOK;Norske kroner;SP;Spot;2;false;2;Hundre;C;ECB concertation tidspunkt 14:15 CET;2024-04-22;101,01
B;Virkedag;SEK;Svenske kroner;NOK;Norske kroner;SP;Spot;2;false;2;Hundre;C;ECB concertation tidspunkt 14:15 CET;2024-04-23;101,1
B;Virkedag;SEK;Svenske kroner;NOK;Norske kroner;SP;Spot;2;false;2;Hundre;C;ECB concertation tidspunkt 14:15 CET;2024-04-24;100,95
B;Virkedag;SEK;Svenske kroner;NOK;Norske kroner;SP;Spot;2;false;2;Hundre;C;ECB concertation tidspunkt 14:15 CET;2024-04-25;100,64
B;Virkedag;SEK;Svenske kroner;NOK;Norske kroner;SP;Spot;2;false;2;Hundre;C;ECB concertation tidspunkt 14:15 CET;2024-04-26;100,81
B;Virkedag;SEK;Svenske kroner;NOK;Norske kroner;SP;Spot;2;false;2;Hundre;C;ECB concertation tidspunkt 14:15 CET;2024-04-29;100,84
B;Virkedag;SEK;Svenske kroner;NOK;Norske kroner;SP;Spot;2;false;2;Hundre;C;ECB concertation tidspunkt 14:15 CET;2024-04-30;100,53
B;Virkedag;SEK;Svenske kroner;NOK;Norske kroner;SP;Spot;2;false;2;Hundre;C;ECB concertation tidspunkt 14:15 CET;2024-05-02;101,38
B;Virkedag;SEK;Svenske kroner;NOK;Norske kroner;SP;Spot;2;false;2;Hundre;C;ECB concertation tidspunkt 14:15 CET;2024-05-03;100,59
B;Virkedag;SEK;Svenske kroner;NOK;Norske kroner;SP;Spot;2;false;2;Hundre;C;ECB concertation tidspunkt 14:15 CET;2024-05-06;100,36
B;Virkedag;SEK;Svenske kroner;NOK;Norske kroner;SP;Spot;2;false;2;Hundre;C;ECB concertation tidspunkt 14:15 CET;2024-05-07;100,15
B;Virkedag;SEK;Svenske kroner;NOK;Norske kroner;SP;Spot;2;false;2;Hundre;C;ECB concertation tidspunkt 14:15 CET;2024-05-08;100,2
B;Virkedag;SEK;Svenske kroner;NOK;Norske kroner;SP;Spot;2;false;2;Hundre;C;ECB concertation tidspunkt 14:15 CET;2024-05-10;99,89
B;Virkedag;SEK;Svenske kroner;NOK;Norske kroner;SP;Spot;2;false;2;Hundre;C;ECB concertation tidspunkt 14:15 CET;2024-05-13;99,83
B;Virkedag;SEK;Svenske kroner;NOK;Norske kroner;SP;Spot;2;false;2;Hundre;C;ECB concertation tidspunkt 14:15 CET;2024-05-14;99,6
B;Virkedag;SEK;Svenske kroner;NOK;Norske kroner;SP;Spot;2;false;2;Hundre;C;ECB concertation tidspunkt 14:15 CET;2024-05-15;99,78
B;Virkedag;SEK;Svenske kroner;NOK;Norske kroner;SP;Spot;2;false;2;Hundre;C;ECB concertation tidspunkt 14:15 CET;2024-05-16;100,21
B;Virkedag;SEK;Svenske kroner;NOK;Norske kroner;SP;Spot;2;false;2;Hundre;C;ECB concertation tidspunkt 14:15 CET;2024-05-21;100,02
B;Virkedag;SEK;Svenske kroner;NOK;Norske kroner;SP;Spot;2;false;2;Hundre;C;ECB concertation tidspunkt 14:15 CET;2024-05-22;99,59
B;Virkedag;SEK;Svenske kroner;NOK;Norske kroner;SP;Spot;2;false;2;Hundre;C;ECB concertation tidspunkt 14:15 CET;2024-05-23;99,34
B;Virkedag;SEK;Svenske kroner;NOK;Norske kroner;SP;Spot;2;false;2;Hundre;C;ECB concertation tidspunkt 14:15 CET;2024-05-24;99,11
B;Virkedag;SEK;Svenske kroner;NOK;Norske kroner;SP;Spot;2;false;2;Hundre;C;ECB concertation tidspunkt 14:15 CET;2024-05-27;98,92
B;Virkedag;SEK;Svenske kroner;NOK;Norske kroner;SP;Spot;2;false;2;Hundre;C;ECB concertation tidspunkt 14:15 CET;2024-05-28;99,49
B;Virkedag;SEK;Svenske kroner;NOK;Norske kroner;SP;Spot;2;false;2;Hundre;C;ECB concertation tidspunkt 14:15 CET;2024-05-29;99,09
B;Virkedag;SEK;Svenske kroner;NOK;Norske kroner;SP;Spot;2;false;2;Hundre;C;ECB concertation tidspunkt 14:15 CET;2024-05-30;99,19
B;Virkedag;SEK;Svenske kroner;NOK;Norske kroner;SP;Spot;2;false;2;Hundre;C;ECB concertation tidspunkt 14:15 CET;2024-05-31;99,67
B;Virkedag;SEK;Svenske kroner;NOK;Norske kroner;SP;Spot;2;false;2;Hundre;C;ECB concertation tidspunkt 14:15 CET;2024-06-03;99,87
B;Virkedag;SEK;Svenske kroner;NOK;Norske kroner;SP;Spot;2;false;2;Hundre;C;ECB concertation tidspunkt 14:15 CET;2024-06-04;101
B;Virkedag;SEK;Svenske kroner;NOK;Norske kroner;SP;Spot;2;false;2;Hundre;C;ECB concertation tidspunkt 14:15 CET;2024-06-05;101,3
B;Virkedag;SEK;Svenske kroner;NOK;Norske kroner;SP;Spot;2;false;2;Hundre;C;ECB concertation tidspunkt 14:15 CET;2024-06-06;101,83
B;Virkedag;SEK;Svenske kroner;NOK;Norske kroner;SP;Spot;2;false;2;Hundre;C;ECB concertation tidspunkt 14:15 CET;2024-06-07;101,58
B;Virkedag;SEK;Svenske kroner;NOK;Norske kroner;SP;Spot;2;false;2;Hundre;C;ECB concertation tidspunkt 14:15 CET;2024-06-10;101,58
B;Virkedag;SEK;Svenske kroner;NOK;Norske kroner;SP;Spot;2;false;2;Hundre;C;ECB concertation tidspunkt 14:15 CET;2024-06-11;102,17
B;Virkedag;SEK;Svenske kroner;NOK;Norske kroner;SP;Spot;2;false;2;Hundre;C;ECB concertation tidspunkt 14:15 CET;2024-06-12;102,07
B;Virkedag;SEK;Svenske kroner;NOK;Norske kroner;SP;Spot;2;false;2;Hundre;C;ECB concertation tidspunkt 14:15 CET;2024-06-13;101,88
B;Virkedag;SEK;Svenske kroner;NOK;Norske kroner;SP;Spot;2;false;2;Hundre;C;ECB concertation tidspunkt 14:15 CET;2024-06-14;101,15
B;Virkedag;SEK;Svenske kroner;NOK;Norske kroner;SP;Spot;2;false;2;Hundre;C;ECB concertation tidspunkt 14:15 CET;2024-06-17;101,71
B;Virkedag;SEK;Svenske kroner;NOK;Norske kroner;SP;Spot;2;false;2;Hundre;C;ECB concertation tidspunkt 14:15 CET;2024-06-18;101,71
B;Virkedag;SEK;Svenske kroner;NOK;Norske kroner;SP;Spot;2;false;2;Hundre;C;ECB concertation tidspunkt 14:15 CET;2024-06-19;101,25
B;Virkedag;SEK;Svenske kroner;NOK;Norske kroner;SP;Spot;2;false;2;Hundre;C;ECB concertation tidspunkt 14:15 CET;2024-06-20;100,83
B;Virkedag;SEK;Svenske kroner;NOK;Norske kroner;SP;Spot;2;false;2;Hundre;C;ECB concertation tidspunkt 14:15 CET;2024-06-21;100,21
B;Virkedag;SEK;Svenske kroner;NOK;Norske kroner;SP;Spot;2;false;2;Hundre;C;ECB concertation tidspunkt 14:15 CET;2024-06-24;100,83
B;Virkedag;SEK;Svenske kroner;NOK;Norske kroner;SP;Spot;2;false;2;Hundre;C;ECB concertation tidspunkt 14:15 CET;2024-06-25;100,9
B;Virkedag;SEK;Svenske kroner;NOK;Norske kroner;SP;Spot;2;false;2;Hundre;C;ECB concertation tidspunkt 14:15 CET;2024-06-26;100,8
B;Virkedag;SEK;Svenske kroner;NOK;Norske kroner;SP;Spot;2;false;2;Hundre;C;ECB concertation tidspunkt 14:15 CET;2024-06-27;100,53
B;Virkedag;SEK;Svenske kroner;NOK;Norske kroner;SP;Spot;2;false;2;Hundre;C;ECB concertation tidspunkt 14:15 CET;2024-06-28;100,33
B;Virkedag;SEK;Svenske kroner;NOK;Norske kroner;SP;Spot;2;false;2;Hundre;C;ECB concertation tidspunkt 14:15 CET;2024-07-01;100,56
B;Virkedag;SEK;Svenske kroner;NOK;Norske kroner;SP;Spot;2;false;2;Hundre;C;ECB concertation tidspunkt 14:15 CET;2024-07-02;100,55
B;Virkedag;SEK;Svenske kroner;NOK;Norske kroner;SP;Spot;2;false;2;Hundre;C;ECB concertation tidspunkt 14:15 CET;2024-07-03;100,77
B;Virkedag;SEK;Svenske kroner;NOK;Norske kroner;SP;Spot;2;false;2;Hundre;C;ECB concertation tidspunkt 14:15 CET;2024-07-04;100,56
B;Virkedag;SEK;Svenske kroner;NOK;Norske kroner;SP;Spot;2;false;2;Hundre;C;ECB concertation tidspunkt 14:15 CET;2024-07-05;100,77
B;Virkedag;SEK;Svenske kroner;NOK;Norske kroner;SP;Spot;2;false;2;Hundre;C;ECB concertation tidspunkt 14:15 CET;2024-07-08;100,68
B;Virkedag;SEK;Svenske kroner;NOK;Norske kroner;SP;Spot;2;false;2;Hundre;C;ECB concertation tidspunkt 14:15 CET;2024-07-09;100,59
B;Virkedag;SEK;Svenske kroner;NOK;Norske kroner;SP;Spot;2;false;2;Hundre;C;ECB concertation tidspunkt 14:15 CET;2024-07-10;101,75
B;Virkedag;SEK;Svenske kroner;NOK;Norske kroner;SP;Spot;2;false;2;Hundre;C;ECB concertation tidspunkt 14:15 CET;2024-07-11;102,22
B;Virkedag;SEK;Svenske kroner;NOK;Norske kroner;SP;Spot;2;false;2;Hundre;C;ECB concertation tidspunkt 14:15 CET;2024-07-12;101,79
B;Virkedag;SEK;Svenske kroner;NOK;Norske kroner;SP;Spot;2;false;2;Hundre;C;ECB concertation tidspunkt 14:15 CET;2024-07-15;101,81
B;Virkedag;SEK;Svenske kroner;NOK;Norske kroner;SP;Spot;2;false;2;Hundre;C;ECB concertation tidspunkt 14:15 CET;2024-07-16;101,96
B;Virkedag;SEK;Svenske kroner;NOK;Norske kroner;SP;Spot;2;false;2;Hundre;C;ECB concertation tidspunkt 14:15 CET;2024-07-17;102,16
B;Virkedag;SEK;Svenske kroner;NOK;Norske kroner;SP;Spot;2;false;2;Hundre;C;ECB concertation tidspunkt 14:15 CET;2024-07-18;101,86
B;Virkedag;SEK;Svenske kroner;NOK;Norske kroner;SP;Spot;2;false;2;Hundre;C;ECB concertation tidspunkt 14:15 CET;2024-07-19;101,86
B;Virkedag;SEK;Svenske kroner;NOK;Norske kroner;SP;Spot;2;false;2;Hundre;C;ECB concertation tidspunkt 14:15 CET;2024-07-22;102,47
B;Virkedag;SEK;Svenske kroner;NOK;Norske kroner;SP;Spot;2;false;2;Hundre;C;ECB concertation tidspunkt 14:15 CET;2024-07-23;102,48
B;Virkedag;SEK;Svenske kroner;NOK;Norske kroner;SP;Spot;2;false;2;Hundre;C;ECB concertation tidspunkt 14:15 CET;2024-07-24;102,18
B;Virkedag;SEK;Svenske kroner;NOK;Norske kroner;SP;Spot;2;false;2;Hundre;C;ECB concertation tidspunkt 14:15 CET;2024-07-25;102,62
B;Virkedag;SEK;Svenske kroner;NOK;Norske kroner;SP;Spot;2;false;2;Hundre;C;ECB concertation tidspunkt 14:15 CET;2024-07-26;101,74
B;Virkedag;SEK;Svenske kroner;NOK;Norske kroner;SP;Spot;2;false;2;Hundre;C;ECB concertation tidspunkt 14:15 CET;2024-07-29;101,61
B;Virkedag;SEK;Svenske kroner;NOK;Norske kroner;SP;Spot;2;false;2;Hundre;C;ECB concertation tidspunkt 14:15 CET;2024-07-30;101,73
B;Virkedag;SEK;Svenske kroner;NOK;Norske kroner;SP;Spot;2;false;2;Hundre;C;ECB concertation tidspunkt 14:15 CET;2024-07-31;101,77
B;Virkedag;SEK;Svenske kroner;NOK;Norske kroner;SP;Spot;2;false;2;Hundre;C;ECB concertation tidspunkt 14:15 CET;2024-08-01;101,95
B;Virkedag;SEK;Svenske kroner;NOK;Norske kroner;SP;Spot;2;false;2;Hundre;C;ECB concertation tidspunkt 14:15 CET;2024-08-02;102,98
B;Virkedag;SEK;Svenske kroner;NOK;Norske kroner;SP;Spot;2;false;2;Hundre;C;ECB concertation tidspunkt 14:15 CET;2024-08-05;105
B;Virkedag;SEK;Svenske kroner;NOK;Norske kroner;SP;Spot;2;false;2;Hundre;C;ECB concertation tidspunkt 14:15 CET;2024-08-06;103,82
B;Virkedag;SEK;Svenske kroner;NOK;Norske kroner;SP;Spot;2;false;2;Hundre;C;ECB concertation tidspunkt 14:15 CET;2024-08-07;103,13
B;Virkedag;SEK;Svenske kroner;NOK;Norske kroner;SP;Spot;2;false;2;Hundre;C;ECB concertation tidspunkt 14:15 CET;2024-08-08;103,37
B;Virkedag;SEK;Svenske kroner;NOK;Norske kroner;SP;Spot;2;false;2;Hundre;C;ECB concertation tidspunkt 14:15 CET;2024-08-09;102,91
B;Virkedag;SEK;Svenske kroner;NOK;Norske kroner;SP;Spot;2;false;2;Hundre;C;ECB concertation tidspunkt 14:15 CET;2024-08-12;102,44
B;Virkedag;SEK;Svenske kroner;NOK;Norske kroner;SP;Spot;2;false;2;Hundre;C;ECB concertation tidspunkt 14:15 CET;2024-08-13;102,53
B;Virkedag;SEK;Svenske kroner;NOK;Norske kroner;SP;Spot;2;false;2;Hundre;C;ECB concertation tidspunkt 14:15 CET;2024-08-14;102,46
B;Virkedag;SEK;Svenske kroner;NOK;Norske kroner;SP;Spot;2;false;2;Hundre;C;ECB concertation tidspunkt 14:15 CET;2024-08-15;102,02
B;Virkedag;SEK;Svenske kroner;NOK;Norske kroner;SP;Spot;2;false;2;Hundre;C;ECB concertation tidspunkt 14:15 CET;2024-08-16;102,38
B;Virkedag;SEK;Svenske kroner;NOK;Norske kroner;SP;Spot;2;false;2;Hundre;C;ECB concertation tidspunkt 14:15 CET;2024-08-19;102,15
B;Virkedag;SEK;Svenske kroner;NOK;Norske kroner;SP;Spot;2;false;2;Hundre;C;ECB concertation tidspunkt 14:15 CET;2024-08-20;102,64
B;Virkedag;SEK;Svenske kroner;NOK;Norske kroner;SP;Spot;2;false;2;Hundre;C;ECB concertation tidspunkt 14:15 CET;2024-08-21;102,68
B;Virkedag;SEK;Svenske kroner;NOK;Norske kroner;SP;Spot;2;false;2;Hundre;C;ECB concertation tidspunkt 14:15 CET;2024-08-22;103,3
B;Virkedag;SEK;Svenske kroner;NOK;Norske kroner;SP;Spot;2;false;2;Hundre;C;ECB concertation tidspunkt 14:15 CET;2024-08-23;103,2
B;Virkedag;SEK;Svenske kroner;NOK;Norske kroner;SP;Spot;2;false;2;Hundre;C;ECB concertation tidspunkt 14:15 CET;2024-08-26;103,29
B;Virkedag;SEK;Svenske kroner;NOK;Norske kroner;SP;Spot;2;false;2;Hundre;C;ECB concertation tidspunkt 14:15 CET;2024-08-27;103,05
B;Virkedag;SEK;Svenske kroner;NOK;Norske kroner;SP;Spot;2;false;2;Hundre;C;ECB concertation tidspunkt 14:15 CET;2024-08-28;103,33
B;Virkedag;SEK;Svenske kroner;NOK;Norske kroner;SP;Spot;2;false;2;Hundre;C;ECB concertation tidspunkt 14:15 CET;2024-08-29;102,6
B;Virkedag;SEK;Svenske kroner;NOK;Norske kroner;SP;Spot;2;false;2;Hundre;C;ECB concertation tidspunkt 14:15 CET;2024-08-30;102,88
B;Virkedag;SEK;Svenske kroner;NOK;Norske kroner;SP;Spot;2;false;2;Hundre;C;ECB concertation tidspunkt 14:15 CET;2024-09-02;103,34
B;Virkedag;SEK;Svenske kroner;NOK;Norske kroner;SP;Spot;2;false;2;Hundre;C;ECB concertation tidspunkt 14:15 CET;2024-09-03;103,46
B;Virkedag;SEK;Svenske kroner;NOK;Norske kroner;SP;Spot;2;false;2;Hundre;C;ECB concertation tidspunkt 14:15 CET;2024-09-04;103,45
B;Virkedag;SEK;Svenske kroner;NOK;Norske kroner;SP;Spot;2;false;2;Hundre;C;ECB concertation tidspunkt 14:15 CET;2024-09-05;103,42
B;Virkedag;SEK;Svenske kroner;NOK;Norske kroner;SP;Spot;2;false;2;Hundre;C;ECB concertation tidspunkt 14:15 CET;2024-09-06;103,8
B;Virkedag;SEK;Svenske kroner;NOK;Norske kroner;SP;Spot;2;false;2;Hundre;C;ECB concertation tidspunkt 14:15 CET;2024-09-09;104,24
B;Virkedag;SEK;Svenske kroner;NOK;Norske kroner;SP;Spot;2;false;2;Hundre;C;ECB concertation tidspunkt 14:15 CET;2024-09-10;104,08
B;Virkedag;SEK;Svenske kroner;NOK;Norske kroner;SP;Spot;2;false;2;Hundre;C;ECB concertation tidspunkt 14:15 CET;2024-09-11;104,39
B;Virkedag;SEK;Svenske kroner;NOK;Norske kroner;SP;Spot;2;false;2;Hundre;C;ECB concertation tidspunkt 14:15 CET;2024-09-12;104,56
B;Virkedag;SEK;Svenske kroner;NOK;Norske kroner;SP;Spot;2;false;2;Hundre;C;ECB concertation tidspunkt 14:15 CET;2024-09-13;104,28
B;Virkedag;SEK;Svenske kroner;NOK;Norske kroner;SP;Spot;2;false;2;Hundre;C;ECB concertation tidspunkt 14:15 CET;2024-09-16;104,07
B;Virkedag;SEK;Svenske kroner;NOK;Norske kroner;SP;Spot;2;false;2;Hundre;C;ECB concertation tidspunkt 14:15 CET;2024-09-17;104,1
B;Virkedag;SEK;Svenske kroner;NOK;Norske kroner;SP;Spot;2;false;2;Hundre;C;ECB concertation tidspunkt 14:15 CET;2024-09-18;103,99
B;Virkedag;SEK;Svenske kroner;NOK;Norske kroner;SP;Spot;2;false;2;Hundre;C;ECB concertation tidspunkt 14:15 CET;2024-09-19;103,1
B;Virkedag;SEK;Svenske kroner;NOK;Norske kroner;SP;Spot;2;false;2;Hundre;C;ECB concertation tidspunkt 14:15 CET;2024-09-20;103,09
B;Virkedag;SEK;Svenske kroner;NOK;Norske kroner;SP;Spot;2;false;2;Hundre;C;ECB concertation tidspunkt 14:15 CET;2024-09-23;102,85
B;Virkedag;SEK;Svenske kroner;NOK;Norske kroner;SP;Spot;2;false;2;Hundre;C;ECB concertation tidspunkt 14:15 CET;2024-09-24;102,82
B;Virkedag;SEK;Svenske kroner;NOK;Norske kroner;SP;Spot;2;false;2;Hundre;C;ECB concertation tidspunkt 14:15 CET;2024-09-25;103,3
B;Virkedag;SEK;Svenske kroner;NOK;Norske kroner;SP;Spot;2;false;2;Hundre;C;ECB concertation tidspunkt 14:15 CET;2024-09-26;104,31
B;Virkedag;SEK;Svenske kroner;NOK;Norske kroner;SP;Spot;2;false;2;Hundre;C;ECB concertation tidspunkt 14:15 CET;2024-09-27;104,3
B;Virkedag;SEK;Svenske kroner;NOK;Norske kroner;SP;Spot;2;false;2;Hundre;C;ECB concertation tidspunkt 14:15 CET;2024-09-30;104,11
B;Virkedag;SEK;Svenske kroner;NOK;Norske kroner;SP;Spot;2;false;2;Hundre;C;ECB concertation tidspunkt 14:15 CET;2024-10-01;103,68
B;Virkedag;SEK;Svenske kroner;NOK;Norske kroner;SP;Spot;2;false;2;Hundre;C;ECB concertation tidspunkt 14:15 CET;2024-10-02;102,85
B;Virkedag;SEK;Svenske kroner;NOK;Norske kroner;SP;Spot;2;false;2;Hundre;C;ECB concertation tidspunkt 14:15 CET;2024-10-03;103,16
B;Virkedag;SEK;Svenske kroner;NOK;Norske kroner;SP;Spot;2;false;2;Hundre;C;ECB concertation tidspunkt 14:15 CET;2024-10-04;103,06
B;Virkedag;SEK;Svenske kroner;NOK;Norske kroner;SP;Spot;2;false;2;Hundre;C;ECB concertation tidspunkt 14:15 CET;2024-10-07;102,55
B;Virkedag;SEK;Svenske kroner;NOK;Norske kroner;SP;Spot;2;false;2;Hundre;C;ECB concertation tidspunkt 14:15 CET;2024-10-08;102,98
B;Virkedag;SEK;Svenske kroner;NOK;Norske kroner;SP;Spot;2;false;2;Hundre;C;ECB concertation tidspunkt 14:15 CET;2024-10-09;103,73
B;Virkedag;SEK;Svenske kroner;NOK;Norske kroner;SP;Spot;2;false;2;Hundre;C;ECB concertation tidspunkt 14:15 CET;2024-10-10;103,75
B;Virkedag;SEK;Svenske kroner;NOK;Norske kroner;SP;Spot;2;false;2;Hundre;C;ECB concertation tidspunkt 14:15 CET;2024-10-11;103,39
B;Virkedag;SEK;Svenske kroner;NOK;Norske kroner;SP;Spot;2;false;2;Hundre;C;ECB concertation tidspunkt 14:15 CET;2024-10-14;103,28
B;Virkedag;SEK;Svenske kroner;NOK;Norske kroner;SP;Spot;2;false;2;Hundre;C;ECB concertation tidspunkt 14:15 CET;2024-10-15;104,11
B;Virkedag;SEK;Svenske kroner;NOK;Norske kroner;SP;Spot;2;false;2;Hundre;C;ECB concertation tidspunkt 14:15 CET;2024-10-16;104,01
B;Virkedag;SEK;Svenske kroner;NOK;Norske kroner;SP;Spot;2;false;2;Hundre;C;ECB concertation tidspunkt 14:15 CET;2024-10-17;103,99
B;Virkedag;SEK;Svenske kroner;NOK;Norske kroner;SP;Spot;2;false;2;Hundre;C;ECB concertation tidspunkt 14:15 CET;2024-10-18;103,42
B;Virkedag;SEK;Svenske kroner;NOK;Norske kroner;SP;Spot;2;false;2;Hundre;C;ECB concertation tidspunkt 14:15 CET;2024-10-21;103,59
B;Virkedag;SEK;Svenske kroner;NOK;Norske kroner;SP;Spot;2;false;2;Hundre;C;ECB concertation tidspunkt 14:15 CET;2024-10-22;103,71
B;Virkedag;SEK;Svenske kroner;NOK;Norske kroner;SP;Spot;2;false;2;Hundre;C;ECB concertation tidspunkt 14:15 CET;2024-10-23;103,86
B;Virkedag;SEK;Svenske kroner;NOK;Norske kroner;SP;Spot;2;false;2;Hundre;C;ECB concertation tidspunkt 14:15 CET;2024-10-24;103,47
B;Virkedag;SEK;Svenske kroner;NOK;Norske kroner;SP;Spot;2;false;2;Hundre;C;ECB concertation tidspunkt 14:15 CET;2024-10-25;103,25
B;Virkedag;SEK;Svenske kroner;NOK;Norske kroner;SP;Spot;2;false;2;Hundre;C;ECB concertation tidspunkt 14:15 CET;2024-10-28;103,84
B;Virkedag;SEK;Svenske kroner;NOK;Norske kroner;SP;Spot;2;false;2;Hundre;C;ECB concertation tidspunkt 14:15 CET;2024-10-29;102,82
B;Virkedag;SEK;Svenske kroner;NOK;Norske kroner;SP;Spot;2;false;2;Hundre;C;ECB concertation tidspunkt 14:15 CET;2024-10-30;102,7
B;Virkedag;SEK;Svenske kroner;NOK;Norske kroner;SP;Spot;2;false;2;Hundre;C;ECB concertation tidspunkt 14:15 CET;2024-10-31;102,65
B;Virkedag;SEK;Svenske kroner;NOK;Norske kroner;SP;Spot;2;false;2;Hundre;C;ECB concertation tidspunkt 14:15 CET;2024-11-01;103
B;Virkedag;SEK;Svenske kroner;NOK;Norske kroner;SP;Spot;2;false;2;Hundre;C;ECB concertation tidspunkt 14:15 CET;2024-11-04;102,59
B;Virkedag;SEK;Svenske kroner;NOK;Norske kroner;SP;Spot;2;false;2;Hundre;C;ECB concertation tidspunkt 14:15 CET;2024-11-05;102,52
B;Virkedag;SEK;Svenske kroner;NOK;Norske kroner;SP;Spot;2;false;2;Hundre;C;ECB concertation tidspunkt 14:15 CET;2024-11-06;102,21
B;Virkedag;SEK;Svenske kroner;NOK;Norske kroner;SP;Spot;2;false;2;Hundre;C;ECB concertation tidspunkt 14:15 CET;2024-11-07;101,29
B;Virkedag;SEK;Svenske kroner;NOK;Norske kroner;SP;Spot;2;false;2;Hundre;C;ECB concertation tidspunkt 14:15 CET;2024-11-08;101,58
B;Virkedag;SEK;Svenske kroner;NOK;Norske kroner;SP;Spot;2;false;2;Hundre;C;ECB concertation tidspunkt 14:15 CET;2024-11-11;101,68
B;Virkedag;SEK;Svenske kroner;NOK;Norske kroner;SP;Spot;2;false;2;Hundre;C;ECB concertation tidspunkt 14:15 CET;2024-11-12;101,7
B;Virkedag;SEK;Svenske kroner;NOK;Norske kroner;SP;Spot;2;false;2;Hundre;C;ECB concertation tidspunkt 14:15 CET;2024-11-13;101,51
B;Virkedag;SEK;Svenske kroner;NOK;Norske kroner;SP;Spot;2;false;2;Hundre;C;ECB concertation tidspunkt 14:15 CET;2024-11-14;101,34
B;Virkedag;SEK;Svenske kroner;NOK;Norske kroner;SP;Spot;2;false;2;Hundre;C;ECB concertation tidspunkt 14:15 CET;2024-11-15;100,94
B;Virkedag;SEK;Svenske kroner;NOK;Norske kroner;SP;Spot;2;false;2;Hundre;C;ECB concertation tidspunkt 14:15 CET;2024-11-18;101,01
B;Virkedag;SEK;Svenske kroner;NOK;Norske kroner;SP;Spot;2;false;2;Hundre;C;ECB concertation tidspunkt 14:15 CET;2024-11-19;100,65
B;Virkedag;SEK;Svenske kroner;NOK;Norske kroner;SP;Spot;2;false;2;Hundre;C;ECB concertation tidspunkt 14:15 CET;2024-11-20;100,34
B;Virkedag;SEK;Svenske kroner;NOK;Norske kroner;SP;Spot;2;false;2;Hundre;C;ECB concertation tidspunkt 14:15 CET;2024-11-21;100,11
B;Virkedag;SEK;Svenske kroner;NOK;Norske kroner;SP;Spot;2;false;2;Hundre;C;ECB concertation tidspunkt 14:15 CET;2024-11-22;100,13
B;Virkedag;SEK;Svenske kroner;NOK;Norske kroner;SP;Spot;2;false;2;Hundre;C;ECB concertation tidspunkt 14:15 CET;2024-11-25;100,73
B;Virkedag;SEK;Svenske kroner;NOK;Norske kroner;SP;Spot;2;false;2;Hundre;C;ECB concertation tidspunkt 14:15 CET;2024-11-26;101,38
B;Virkedag;SEK;Svenske kroner;NOK;Norske kroner;SP;Spot;2;false;2;Hundre;C;ECB concertation tidspunkt 14:15 CET;2024-11-27;101,4
B;Virkedag;SEK;Svenske kroner;NOK;Norske kroner;SP;Spot;2;false;2;Hundre;C;ECB concertation tidspunkt 14:15 CET;2024-11-28;101,1
B;Virkedag;SEK;Svenske kroner;NOK;Norske kroner;SP;Spot;2;false;2;Hundre;C;ECB concertation tidspunkt 14:15 CET;2024-11-29;101,41
B;Virkedag;SEK;Svenske kroner;NOK;Norske kroner;SP;Spot;2;false;2;Hundre;C;ECB concertation tidspunkt 14:15 CET;2024-12-02;101,15
B;Virkedag;SEK;Svenske kroner;NOK;Norske kroner;SP;Spot;2;false;2;Hundre;C;ECB concertation tidspunkt 14:15 CET;2024-12-03;100,46
B;Virkedag;SEK;Svenske kroner;NOK;Norske kroner;SP;Spot;2;false;2;Hundre;C;ECB concertation tidspunkt 14:15 CET;2024-12-04;100,63
B;Virkedag;SEK;Svenske kroner;NOK;Norske kroner;SP;Spot;2;false;2;Hundre;C;ECB concertation tidspunkt 14:15 CET;2024-12-05;101,31
B;Virkedag;SEK;Svenske kroner;NOK;Norske kroner;SP;Spot;2;false;2;Hundre;C;ECB concertation tidspunkt 14:15 CET;2024-12-06;101,92
B;Virkedag;SEK;Svenske kroner;NOK;Norske kroner;SP;Spot;2;false;2;Hundre;C;ECB concertation tidspunkt 14:15 CET;2024-12-09;101,8
B;Virkedag;SEK;Svenske kroner;NOK;Norske kroner;SP;Spot;2;false;2;Hundre;C;ECB concertation tidspunkt 14:15 CET;2024-12-10;101,72
B;Virkedag;SEK;Svenske kroner;NOK;Norske kroner;SP;Spot;2;false;2;Hundre;C;ECB concertation tidspunkt 14:15 CET;2024-12-11;101,7
B;Virkedag;SEK;Svenske kroner;NOK;Norske kroner;SP;Spot;2;false;2;Hundre;C;ECB concertation tidspunkt 14:15 CET;2024-12-12;101,34
B;Virkedag;SEK;Svenske kroner;NOK;Norske kroner;SP;Spot;2;false;2;Hundre;C;ECB concertation tidspunkt 14:15 CET;2024-12-13;101,4
B;Virkedag;SEK;Svenske kroner;NOK;Norske kroner;SP;Spot;2;false;2;Hundre;C;ECB concertation tidspunkt 14:15 CET;2024-12-16;102,29
B;Virkedag;SEK;Svenske kroner;NOK;Norske kroner;SP;Spot;2;false;2;Hundre;C;ECB concertation tidspunkt 14:15 CET;2024-12-17;102,54
B;Virkedag;SEK;Svenske kroner;NOK;Norske kroner;SP;Spot;2;false;2;Hundre;C;ECB concertation tidspunkt 14:15 CET;2024-12-18;102,37
B;Virkedag;SEK;Svenske kroner;NOK;Norske kroner;SP;Spot;2;false;2;Hundre;C;ECB concertation tidspunkt 14:15 CET;2024-12-19;103,07
B;Virkedag;SEK;Svenske kroner;NOK;Norske kroner;SP;Spot;2;false;2;Hundre;C;ECB concertation tidspunkt 14:15 CET;2024-12-20;103,42
B;Virkedag;SEK;Svenske kroner;NOK;Norske kroner;SP;Spot;2;false;2;Hundre;C;ECB concertation tidspunkt 14:15 CET;2024-12-23;102,81
B;Virkedag;SEK;Svenske kroner;NOK;Norske kroner;SP;Spot;2;false;2;Hundre;C;ECB concertation tidspunkt 14:15 CET;2024-12-27;103,17
B;Virkedag;SEK;Svenske kroner;NOK;Norske kroner;SP;Spot;2;false;2;Hundre;C;ECB concertation tidspunkt 14:15 CET;2024-12-30;103,13
B;Virkedag;SEK;Svenske kroner;NOK;Norske kroner;SP;Spot;2;false;2;Hundre;C;ECB concertation tidspunkt 14:15 CET;2024-12-31;102,93
B;Virkedag;SEK;Svenske kroner;NOK;Norske kroner;SP;Spot;2;false;2;Hundre;C;ECB concertation tidspunkt 14:15 CET;2025-01-02;102,58
B;Virkedag;SEK;Svenske kroner;NOK;Norske kroner;SP;Spot;2;false;2;Hundre;C;ECB concertation tidspunkt 14:15 CET;2025-01-03;102,39
B;Virkedag;SEK;Svenske kroner;NOK;Norske kroner;SP;Spot;2;false;2;Hundre;C;ECB concertation tidspunkt 14:15 CET;2025-01-06;102,14
B;Virkedag;SEK;Svenske kroner;NOK;Norske kroner;SP;Spot;2;false;2;Hundre;C;ECB concertation tidspunkt 14:15 CET;2025-01-07;102,3
B;Virkedag;SEK;Svenske kroner;NOK;Norske kroner;SP;Spot;2;false;2;Hundre;C;ECB concertation tidspunkt 14:15 CET;2025-01-08;101,96
B;Virkedag;SEK;Svenske kroner;NOK;Norske kroner;SP;Spot;2;false;2;Hundre;C;ECB concertation tidspunkt 14:15 CET;2025-01-09;102,31
B;Virkedag;SEK;Svenske kroner;NOK;Norske kroner;SP;Spot;2;false;2;Hundre;C;ECB concertation tidspunkt 14:15 CET;2025-01-10;102,26
B;Virkedag;SEK;Svenske kroner;NOK;Norske kroner;SP;Spot;2;false;2;Hundre;C;ECB concertation tidspunkt 14:15 CET;2025-01-13;101,77
B;Virkedag;SEK;Svenske kroner;NOK;Norske kroner;SP;Spot;2;false;2;Hundre;C;ECB concertation tidspunkt 14:15 CET;2025-01-14;101,8
B;Virkedag;SEK;Svenske kroner;NOK;Norske kroner;SP;Spot;2;false;2;Hundre;C;ECB concertation tidspunkt 14:15 CET;2025-01-15;101,76
B;Virkedag;SEK;Svenske kroner;NOK;Norske kroner;SP;Spot;2;false;2;Hundre;C;ECB concertation tidspunkt 14:15 CET;2025-01-16;101,84
B;Virkedag;SEK;Svenske kroner;NOK;Norske kroner;SP;Spot;2;false;2;Hundre;C;ECB concertation tidspunkt 14:15 CET;2025-01-17;102,2
B;Virkedag;SEK;Svenske kroner;NOK;Norske kroner;SP;Spot;2;false;2;Hundre;C;ECB concertation tidspunkt 14:15 CET;2025-01-20;102,37
B;Virkedag;SEK;Svenske kroner;NOK;Norske kroner;SP;Spot;2;false;2;Hundre;C;ECB concertation tidspunkt 14:15 CET;2025-01-21;102,98
B;Virkedag;SEK;Svenske kroner;NOK;Norske kroner;SP;Spot;2;false;2;Hundre;C;ECB concertation tidspunkt 14:15 CET;2025-01-22;102,49
B;Virkedag;SEK;Svenske kroner;NOK;Norske kroner;SP;Spot;2;false;2;Hundre;C;ECB concertation tidspunkt 14:15 CET;2025-01-23;102,28
B;Virkedag;SEK;Svenske kroner;NOK;Norske kroner;SP;Spot;2;false;2;Hundre;C;ECB concertation tidspunkt 14:15 CET;2025-01-24;102,54
B;Virkedag;SEK;Svenske kroner;NOK;Norske kroner;SP;Spot;2;false;2;Hundre;C;ECB concertation tidspunkt 14:15 CET;2025-01-27;102,73
B;Virkedag;SEK;Svenske kroner;NOK;Norske kroner;SP;Spot;2;false;2;Hundre;C;ECB concertation tidspunkt 14:15 CET;2025-01-28;102,62
B;Virkedag;SEK;Svenske kroner;NOK;Norske kroner;SP;Spot;2;false;2;Hundre;C;ECB concertation tidspunkt 14:15 CET;2025-01-29;102,82
B;Virkedag;SEK;Svenske kroner;NOK;Norske kroner;SP;Spot;2;false;2;Hundre;C;ECB concertation tidspunkt 14:15 CET;2025-01-30;102,54
B;Virkedag;SEK;Svenske kroner;NOK;Norske kroner;SP;Spot;2;false;2;Hundre;C;ECB concertation tidspunkt 14:15 CET;2025-01-31;102,29
B;Virkedag;SEK;Svenske kroner;NOK;Norske kroner;SP;Spot;2;false;2;Hundre;C;ECB concertation tidspunkt 14:15 CET;2025-02-03;102,03
B;Virkedag;SEK;Svenske kroner;NOK;Norske kroner;SP;Spot;2;false;2;Hundre;C;ECB concertation tidspunkt 14:15 CET;2025-02-04;102,65
B;Virkedag;SEK;Svenske kroner;NOK;Norske kroner;SP;Spot;2;false;2;Hundre;C;ECB concertation tidspunkt 14:15 CET;2025-02-05;102,74
B;Virkedag;SEK;Svenske kroner;NOK;Norske kroner;SP;Spot;2;false;2;Hundre;C;ECB concertation tidspunkt 14:15 CET;2025-02-06;102,98
B;Virkedag;SEK;Svenske kroner;NOK;Norske kroner;SP;Spot;2;false;2;Hundre;C;ECB concertation tidspunkt 14:15 CET;2025-02-07;103
B;Virkedag;SEK;Svenske kroner;NOK;Norske kroner;SP;Spot;2;false;2;Hundre;C;ECB concertation tidspunkt 14:15 CET;2025-02-10;102,64
B;Virkedag;SEK;Svenske kroner;NOK;Norske kroner;SP;Spot;2;false;2;Hundre;C;ECB concertation tidspunkt 14:15 CET;2025-02-11;102,87
B;Virkedag;SEK;Svenske kroner;NOK;Norske kroner;SP;Spot;2;false;2;Hundre;C;ECB concertation tidspunkt 14:15 CET;2025-02-12;103,3
B;Virkedag;SEK;Svenske kroner;NOK;Norske kroner;SP;Spot;2;false;2;Hundre;C;ECB concertation tidspunkt 14:15 CET;2025-02-13;103,84
B;Virkedag;SEK;Svenske kroner;NOK;Norske kroner;SP;Spot;2;false;2;Hundre;C;ECB concertation tidspunkt 14:15 CET;2025-02-14;103,62
B;Virkedag;SEK;Svenske kroner;NOK;Norske kroner;SP;Spot;2;false;2;Hundre;C;ECB concertation tidspunkt 14:15 CET;2025-02-17;103,79
B;Virkedag;SEK;Svenske kroner;NOK;Norske kroner;SP;Spot;2;false;2;Hundre;C;ECB concertation tidspunkt 14:15 CET;2025-02-18;103,99
B;Virkedag;SEK;Svenske kroner;NOK;Norske kroner;SP;Spot;2;false;2;Hundre;C;ECB concertation tidspunkt 14:15 CET;2025-02-19;103,7
B;Virkedag;SEK;Svenske kroner;NOK;Norske kroner;SP;Spot;2;false;2;Hundre;C;ECB concertation tidspunkt 14:15 CET;2025-02-20;103,97
B;Virkedag;SEK;Svenske kroner;NOK;Norske kroner;SP;Spot;2;false;2;Hundre;C;ECB concertation tidspunkt 14:15 CET;2025-02-21;104,37
B;Virkedag;SEK;Svenske kroner;NOK;Norske kroner;SP;Spot;2;false;2;Hundre;C;ECB concertation tidspunkt 14:15 CET;2025-02-24;104,33
B;Virkedag;SEK;Svenske kroner;NOK;Norske kroner;SP;Spot;2;false;2;Hundre;C;ECB concertation tidspunkt 14:15 CET;2025-02-25;104,65
B;Virkedag;SEK;Svenske kroner;NOK;Norske kroner;SP;Spot;2;false;2;Hundre;C;ECB concertation tidspunkt 14:15 CET;2025-02-26;104,9
B;Virkedag;SEK;Svenske kroner;NOK;Norske kroner;SP;Spot;2;false;2;Hundre;C;ECB concertation tidspunkt 14:15 CET;2025-02-27;104,86
B;Virkedag;SEK;Svenske kroner;NOK;Norske kroner;SP;Spot;2;false;2;Hundre;C;ECB concertation tidspunkt 14:15 CET;2025-02-28;104,8
B;Virkedag;SEK;Svenske kroner;NOK;Norske kroner;SP;Spot;2;false;2;Hundre;C;ECB concertation tidspunkt 14:15 CET;2025-03-03;104,89
B;Virkedag;SEK;Svenske kroner;NOK;Norske kroner;SP;Spot;2;false;2;Hundre;C;ECB concertation tidspunkt 14:15 CET;2025-03-04;106,38
B;Virkedag;SEK;Svenske kroner;NOK;Norske kroner;SP;Spot;2;false;2;Hundre;C;ECB concertation tidspunkt 14:15 CET;2025-03-05;107,33
B;Virkedag;SEK;Svenske kroner;NOK;Norske kroner;SP;Spot;2;false;2;Hundre;C;ECB concertation tidspunkt 14:15 CET;2025-03-06;106,88
B;Virkedag;SEK;Svenske kroner;NOK;Norske kroner;SP;Spot;2;false;2;Hundre;C;ECB concertation tidspunkt 14:15 CET;2025-03-07;107,18
B;Virkedag;SEK;Svenske kroner;NOK;Norske kroner;SP;Spot;2;false;2;Hundre;C;ECB concertation tidspunkt 14:15 CET;2025-03-10;106,39
B;Virkedag;SEK;Svenske kroner;NOK;Norske kroner;SP;Spot;2;false;2;Hundre;C;ECB concertation tidspunkt 14:15 CET;2025-03-11;105,94
B;Virkedag;SEK;Svenske kroner;NOK;Norske kroner;SP;Spot;2;false;2;Hundre;C;ECB concertation tidspunkt 14:15 CET;2025-03-12;105,76
B;Virkedag;SEK;Svenske kroner;NOK;Norske kroner;SP;Spot;2;false;2;Hundre;C;ECB concertation tidspunkt 14:15 CET;2025-03-13;104,77
B;Virkedag;SEK;Svenske kroner;NOK;Norske kroner;SP;Spot;2;false;2;Hundre;C;ECB concertation tidspunkt 14:15 CET;2025-03-14;105,12
B;Virkedag;SEK;Svenske kroner;NOK;Norske kroner;SP;Spot;2;false;2;Hundre;C;ECB concertation tidspunkt 14:15 CET;2025-03-17;104,59
B;Virkedag;SEK;Svenske kroner;NOK;Norske kroner;SP;Spot;2;false;2;Hundre;C;ECB concertation tidspunkt 14:15 CET;2025-03-18;104,83
B;Virkedag;SEK;Svenske kroner;NOK;Norske kroner;SP;Spot;2;false;2;Hundre;C;ECB concertation tidspunkt 14:15 CET;2025-03-19;104,57
B;Virkedag;SEK;Svenske kroner;NOK;Norske kroner;SP;Spot;2;false;2;Hundre;C;ECB concertation tidspunkt 14:15 CET;2025-03-20;104,29
B;Virkedag;SEK;Svenske kroner;NOK;Norske kroner;SP;Spot;2;false;2;Hundre;C;ECB concertation tidspunkt 14:15 CET;2025-03-21;104,28
B;Virkedag;SEK;Svenske kroner;NOK;Norske kroner;SP;Spot;2;false;2;Hundre;C;ECB concertation tidspunkt 14:15 CET;2025-03-24;103,86
B;Virkedag;SEK;Svenske kroner;NOK;Norske kroner;SP;Spot;2;false;2;Hundre;C;ECB concertation tidspunkt 14:15 CET;2025-03-25;104,74
B;Virkedag;SEK;Svenske kroner;NOK;Norske kroner;SP;Spot;2;false;2;Hundre;C;ECB concertation tidspunkt 14:15 CET;2025-03-26;104,79
B;Virkedag;SEK;Svenske kroner;NOK;Norske kroner;SP;Spot;2;false;2;Hundre;C;ECB concertation tidspunkt 14:15 CET;2025-03-27;104,8
B;Virkedag;SEK;Svenske kroner;NOK;Norske kroner;SP;Spot;2;false;2;Hundre;C;ECB concertation tidspunkt 14:15 CET;2025-03-28;104,38
B;Virkedag;SEK;Svenske kroner;NOK;Norske kroner;SP;Spot;2;false;2;Hundre;C;ECB concertation tidspunkt 14:15 CET;2025-03-31;105,2
