DATAFLOW,LAST UPDATE,freq,unit,s_adj,na_item,geo,TIME_PERIOD,OBS_VALUE,OBS_FLAG
ESTAT:NAMQ_10_GDP(1.0),24/10/24 23:00:00,Q,CP_MEUR,NSA,B1GQ,AL,2008-Q1,1924.3,
ESTAT:NAMQ_10_GDP(1.0),24/10/24 23:00:00,Q,CP_MEUR,NSA,B1GQ,AL,2008-Q2,2281.3,
ESTAT:NAMQ_10_GDP(1.0),24/10/24 23:00:00,Q,CP_MEUR,NSA,B1GQ,AL,2008-Q3,2257.7,
ESTAT:NAMQ_10_GDP(1.0),24/10/24 23:00:00,Q,CP_MEUR,NSA,B1GQ,AL,2008-Q4,2338.9,
ESTAT:NAMQ_10_GDP(1.0),24/10/24 23:00:00,Q,CP_MEUR,NSA,B1GQ,AL,2009-Q1,1992.2,
ESTAT:NAMQ_10_GDP(1.0),24/10/24 23:00:00,Q,CP_MEUR,NSA,B1GQ,AL,2009-Q2,2352.2,
ESTAT:NAMQ_10_GDP(1.0),24/10/24 23:00:00,Q,CP_MEUR,NSA,B1GQ,AL,2009-Q3,2201.3,
ESTAT:NAMQ_10_GDP(1.0),24/10/24 23:00:00,Q,CP_MEUR,NSA,B1GQ,AL,2009-Q4,2114.9,
ESTAT:NAMQ_10_GDP(1.0),24/10/24 23:00:00,Q,CP_MEUR,NSA,B1GQ,AL,2010-Q1,1955.4,
ESTAT:NAMQ_10_GDP(1.0),24/10/24 23:00:00,Q,CP_MEUR,NSA,B1GQ,AL,2010-Q2,2377.0,
ESTAT:NAMQ_10_GDP(1.0),24/10/24 23:00:00,Q,CP_MEUR,NSA,B1GQ,AL,2010-Q3,2297.0,
ESTAT:NAMQ_10_GDP(1.0),24/10/24 23:00:00,Q,CP_MEUR,NSA,B1GQ,AL,2010-Q4,2369.8,
ESTAT:NAMQ_10_GDP(1.0),24/10/24 23:00:00,Q,CP_MEUR,NSA,B1GQ,AL,2011-Q1,2126.6,
ESTAT:NAMQ_10_GDP(1.0),24/10/24 23:00:00,Q,CP_MEUR,NSA,B1GQ,AL,2011-Q2,2308.1,
ESTAT:NAMQ_10_GDP(1.0),24/10/24 23:00:00,Q,CP_MEUR,NSA,B1GQ,AL,2011-Q3,2313.2,
ESTAT:NAMQ_10_GDP(1.0),24/10/24 23:00:00,Q,CP_MEUR,NSA,B1GQ,AL,2011-Q4,2519.6,
ESTAT:NAMQ_10_GDP(1.0),24/10/24 23:00:00,Q,CP_MEUR,NSA,B1GQ,AL,2012-Q1,2145.6,
ESTAT:NAMQ_10_GDP(1.0),24/10/24 23:00:00,Q,CP_MEUR,NSA,B1GQ,AL,2012-Q2,2489.6,
ESTAT:NAMQ_10_GDP(1.0),24/10/24 23:00:00,Q,CP_MEUR,NSA,B1GQ,AL,2012-Q3,2432.0,
ESTAT:NAMQ_10_GDP(1.0),24/10/24 23:00:00,Q,CP_MEUR,NSA,B1GQ,AL,2012-Q4,2518.4,
ESTAT:NAMQ_10_GDP(1.0),24/10/24 23:00:00,Q,CP_MEUR,NSA,B1GQ,AL,2013-Q1,2229.0,
ESTAT:NAMQ_10_GDP(1.0),24/10/24 23:00:00,Q,CP_MEUR,NSA,B1GQ,AL,2013-Q2,2551.5,
ESTAT:NAMQ_10_GDP(1.0),24/10/24 23:00:00,Q,CP_MEUR,NSA,B1GQ,AL,2013-Q3,2322.8,
ESTAT:NAMQ_10_GDP(1.0),24/10/24 23:00:00,Q,CP_MEUR,NSA,B1GQ,AL,2013-Q4,2520.5,
ESTAT:NAMQ_10_GDP(1.0),24/10/24 23:00:00,Q,CP_MEUR,NSA,B1GQ,AL,2014-Q1,2244.9,
ESTAT:NAMQ_10_GDP(1.0),24/10/24 23:00:00,Q,CP_MEUR,NSA,B1GQ,AL,2014-Q2,2645.8,
ESTAT:NAMQ_10_GDP(1.0),24/10/24 23:00:00,Q,CP_MEUR,NSA,B1GQ,AL,2014-Q3,2495.0,
ESTAT:NAMQ_10_GDP(1.0),24/10/24 23:00:00,Q,CP_MEUR,NSA,B1GQ,AL,2014-Q4,2583.5,
ESTAT:NAMQ_10_GDP(1.0),24/10/24 23:00:00,Q,CP_MEUR,NSA,B1GQ,AL,2015-Q1,2273.1,
ESTAT:NAMQ_10_GDP(1.0),24/10/24 23:00:00,Q,CP_MEUR,NSA,B1GQ,AL,2015-Q2,2728.3,
ESTAT:NAMQ_10_GDP(1.0),24/10/24 23:00:00,Q,CP_MEUR,NSA,B1GQ,AL,2015-Q3,2579.3,
ESTAT:NAMQ_10_GDP(1.0),24/10/24 23:00:00,Q,CP_MEUR,NSA,B1GQ,AL,2015-Q4,2684.6,
ESTAT:NAMQ_10_GDP(1.0),24/10/24 23:00:00,Q,CP_MEUR,NSA,B1GQ,AL,2016-Q1,2407.8,
ESTAT:NAMQ_10_GDP(1.0),24/10/24 23:00:00,Q,CP_MEUR,NSA,B1GQ,AL,2016-Q2,2787.2,
ESTAT:NAMQ_10_GDP(1.0),24/10/24 23:00:00,Q,CP_MEUR,NSA,B1GQ,AL,2016-Q3,2675.3,
ESTAT:NAMQ_10_GDP(1.0),24/10/24 23:00:00,Q,CP_MEUR,NSA,B1GQ,AL,2016-Q4,2851.9,
ESTAT:NAMQ_10_GDP(1.0),24/10/24 23:00:00,Q,CP_MEUR,NSA,B1GQ,AL,2017-Q1,2586.2,
ESTAT:NAMQ_10_GDP(1.0),24/10/24 23:00:00,Q,CP_MEUR,NSA,B1GQ,AL,2017-Q2,3051.8,
ESTAT:NAMQ_10_GDP(1.0),24/10/24 23:00:00,Q,CP_MEUR,NSA,B1GQ,AL,2017-Q3,2898.9,
ESTAT:NAMQ_10_GDP(1.0),24/10/24 23:00:00,Q,CP_MEUR,NSA,B1GQ,AL,2017-Q4,3026.2,
ESTAT:NAMQ_10_GDP(1.0),24/10/24 23:00:00,Q,CP_MEUR,NSA,B1GQ,AL,2018-Q1,2827.2,
ESTAT:NAMQ_10_GDP(1.0),24/10/24 23:00:00,Q,CP_MEUR,NSA,B1GQ,AL,2018-Q2,3391.8,
ESTAT:NAMQ_10_GDP(1.0),24/10/24 23:00:00,Q,CP_MEUR,NSA,B1GQ,AL,2018-Q3,3248.0,
ESTAT:NAMQ_10_GDP(1.0),24/10/24 23:00:00,Q,CP_MEUR,NSA,B1GQ,AL,2018-Q4,3381.1,
ESTAT:NAMQ_10_GDP(1.0),24/10/24 23:00:00,Q,CP_MEUR,NSA,B1GQ,AL,2019-Q1,3084.9,
ESTAT:NAMQ_10_GDP(1.0),24/10/24 23:00:00,Q,CP_MEUR,NSA,B1GQ,AL,2019-Q2,3634.3,
ESTAT:NAMQ_10_GDP(1.0),24/10/24 23:00:00,Q,CP_MEUR,NSA,B1GQ,AL,2019-Q3,3542.1,
ESTAT:NAMQ_10_GDP(1.0),24/10/24 23:00:00,Q,CP_MEUR,NSA,B1GQ,AL,2019-Q4,3498.2,
ESTAT:NAMQ_10_GDP(1.0),24/10/24 23:00:00,Q,CP_MEUR,NSA,B1GQ,AL,2020-Q1,3118.1,
ESTAT:NAMQ_10_GDP(1.0),24/10/24 23:00:00,Q,CP_MEUR,NSA,B1GQ,AL,2020-Q2,3173.9,
ESTAT:NAMQ_10_GDP(1.0),24/10/24 23:00:00,Q,CP_MEUR,NSA,B1GQ,AL,2020-Q3,3421.2,
ESTAT:NAMQ_10_GDP(1.0),24/10/24 23:00:00,Q,CP_MEUR,NSA,B1GQ,AL,2020-Q4,3596.7,
ESTAT:NAMQ_10_GDP(1.0),24/10/24 23:00:00,Q,CP_MEUR,NSA,B1GQ,AL,2021-Q1,3301.3,p
ESTAT:NAMQ_10_GDP(1.0),24/10/24 23:00:00,Q,CP_MEUR,NSA,B1GQ,AL,2021-Q2,4009.4,p
ESTAT:NAMQ_10_GDP(1.0),24/10/24 23:00:00,Q,CP_MEUR,NSA,B1GQ,AL,2021-Q3,3834.1,p
ESTAT:NAMQ_10_GDP(1.0),24/10/24 23:00:00,Q,CP_MEUR,NSA,B1GQ,AL,2021-Q4,4017.6,p
ESTAT:NAMQ_10_GDP(1.0),24/10/24 23:00:00,Q,CP_MEUR,NSA,B1GQ,AL,2022-Q1,3888.8,p
ESTAT:NAMQ_10_GDP(1.0),24/10/24 23:00:00,Q,CP_MEUR,NSA,B1GQ,AL,2022-Q2,4639.9,p
ESTAT:NAMQ_10_GDP(1.0),24/10/24 23:00:00,Q,CP_MEUR,NSA,B1GQ,AL,2022-Q3,4633.8,p
ESTAT:NAMQ_10_GDP(1.0),24/10/24 23:00:00,Q,CP_MEUR,NSA,B1GQ,AL,2022-Q4,4832.7,p
ESTAT:NAMQ_10_GDP(1.0),24/10/24 23:00:00,Q,CP_MEUR,NSA,B1GQ,AL,2023-Q1,4401.2,p
ESTAT:NAMQ_10_GDP(1.0),24/10/24 23:00:00,Q,CP_MEUR,NSA,B1GQ,AL,2023-Q2,5453.3,p
ESTAT:NAMQ_10_GDP(1.0),24/10/24 23:00:00,Q,CP_MEUR,NSA,B1GQ,AL,2023-Q3,5567.5,p
ESTAT:NAMQ_10_GDP(1.0),24/10/24 23:00:00,Q,CP_MEUR,NSA,B1GQ,AL,2023-Q4,5921.5,p
ESTAT:NAMQ_10_GDP(1.0),24/10/24 23:00:00,Q,CP_MEUR,NSA,B1GQ,AL,2024-Q1,5278.1,p
ESTAT:NAMQ_10_GDP(1.0),24/10/24 23:00:00,Q,CP_MEUR,NSA,B1GQ,AT,1995-Q1,43355.4,
ESTAT:NAMQ_10_GDP(1.0),24/10/24 23:00:00,Q,CP_MEUR,NSA,B1GQ,AT,1995-Q2,46745.5,
ESTAT:NAMQ_10_GDP(1.0),24/10/24 23:00:00,Q,CP_MEUR,NSA,B1GQ,AT,1995-Q3,46268.0,
ESTAT:NAMQ_10_GDP(1.0),24/10/24 23:00:00,Q,CP_MEUR,NSA,B1GQ,AT,1995-Q4,48023.0,
ESTAT:NAMQ_10_GDP(1.0),24/10/24 23:00:00,Q,CP_MEUR,NSA,B1GQ,AT,1996-Q1,44622.4,
ESTAT:NAMQ_10_GDP(1.0),24/10/24 23:00:00,Q,CP_MEUR,NSA,B1GQ,AT,1996-Q2,47046.9,
ESTAT:NAMQ_10_GDP(1.0),24/10/24 23:00:00,Q,CP_MEUR,NSA,B1GQ,AT,1996-Q3,47057.3,
ESTAT:NAMQ_10_GDP(1.0),24/10/24 23:00:00,Q,CP_MEUR,NSA,B1GQ,AT,1996-Q4,48202.1,
ESTAT:NAMQ_10_GDP(1.0),24/10/24 23:00:00,Q,CP_MEUR,NSA,B1GQ,AT,1997-Q1,44514.6,
ESTAT:NAMQ_10_GDP(1.0),24/10/24 23:00:00,Q,CP_MEUR,NSA,B1GQ,AT,1997-Q2,47095.1,
ESTAT:NAMQ_10_GDP(1.0),24/10/24 23:00:00,Q,CP_MEUR,NSA,B1GQ,AT,1997-Q3,47133.4,
ESTAT:NAMQ_10_GDP(1.0),24/10/24 23:00:00,Q,CP_MEUR,NSA,B1GQ,AT,1997-Q4,49106.6,
ESTAT:NAMQ_10_GDP(1.0),24/10/24 23:00:00,Q,CP_MEUR,NSA,B1GQ,AT,1998-Q1,45916.5,
ESTAT:NAMQ_10_GDP(1.0),24/10/24 23:00:00,Q,CP_MEUR,NSA,B1GQ,AT,1998-Q2,48850.0,
ESTAT:NAMQ_10_GDP(1.0),24/10/24 23:00:00,Q,CP_MEUR,NSA,B1GQ,AT,1998-Q3,49222.5,
ESTAT:NAMQ_10_GDP(1.0),24/10/24 23:00:00,Q,CP_MEUR,NSA,B1GQ,AT,1998-Q4,51032.8,
ESTAT:NAMQ_10_GDP(1.0),24/10/24 23:00:00,Q,CP_MEUR,NSA,B1GQ,AT,1999-Q1,48099.4,
ESTAT:NAMQ_10_GDP(1.0),24/10/24 23:00:00,Q,CP_MEUR,NSA,B1GQ,AT,1999-Q2,50867.2,
ESTAT:NAMQ_10_GDP(1.0),24/10/24 23:00:00,Q,CP_MEUR,NSA,B1GQ,AT,1999-Q3,51625.1,
ESTAT:NAMQ_10_GDP(1.0),24/10/24 23:00:00,Q,CP_MEUR,NSA,B1GQ,AT,1999-Q4,53258.9,
ESTAT:NAMQ_10_GDP(1.0),24/10/24 23:00:00,Q,CP_MEUR,NSA,B1GQ,AT,2000-Q1,50660.1,
ESTAT:NAMQ_10_GDP(1.0),24/10/24 23:00:00,Q,CP_MEUR,NSA,B1GQ,AT,2000-Q2,53226.0,
ESTAT:NAMQ_10_GDP(1.0),24/10/24 23:00:00,Q,CP_MEUR,NSA,B1GQ,AT,2000-Q3,53588.7,
ESTAT:NAMQ_10_GDP(1.0),24/10/24 23:00:00,Q,CP_MEUR,NSA,B1GQ,AT,2000-Q4,56131.6,
ESTAT:NAMQ_10_GDP(1.0),24/10/24 23:00:00,Q,CP_MEUR,NSA,B1GQ,AT,2001-Q1,52479.4,
ESTAT:NAMQ_10_GDP(1.0),24/10/24 23:00:00,Q,CP_MEUR,NSA,B1GQ,AT,2001-Q2,55282.0,
ESTAT:NAMQ_10_GDP(1.0),24/10/24 23:00:00,Q,CP_MEUR,NSA,B1GQ,AT,2001-Q3,55193.8,
ESTAT:NAMQ_10_GDP(1.0),24/10/24 23:00:00,Q,CP_MEUR,NSA,B1GQ,AT,2001-Q4,57569.8,
ESTAT:NAMQ_10_GDP(1.0),24/10/24 23:00:00,Q,CP_MEUR,NSA,B1GQ,AT,2002-Q1,53691.9,
ESTAT:NAMQ_10_GDP(1.0),24/10/24 23:00:00,Q,CP_MEUR,NSA,B1GQ,AT,2002-Q2,56905.2,
ESTAT:NAMQ_10_GDP(1.0),24/10/24 23:00:00,Q,CP_MEUR,NSA,B1GQ,AT,2002-Q3,57213.8,
ESTAT:NAMQ_10_GDP(1.0),24/10/24 23:00:00,Q,CP_MEUR,NSA,B1GQ,AT,2002-Q4,58924.4,
ESTAT:NAMQ_10_GDP(1.0),24/10/24 23:00:00,Q,CP_MEUR,NSA,B1GQ,AT,2003-Q1,55391.2,
ESTAT:NAMQ_10_GDP(1.0),24/10/24 23:00:00,Q,CP_MEUR,NSA,B1GQ,AT,2003-Q2,58012.4,
ESTAT:NAMQ_10_GDP(1.0),24/10/24 23:00:00,Q,CP_MEUR,NSA,B1GQ,AT,2003-Q3,58254.0,
ESTAT:NAMQ_10_GDP(1.0),24/10/24 23:00:00,Q,CP_MEUR,NSA,B1GQ,AT,2003-Q4,60204.9,
ESTAT:NAMQ_10_GDP(1.0),24/10/24 23:00:00,Q,CP_MEUR,NSA,B1GQ,AT,2004-Q1,57007.9,
ESTAT:NAMQ_10_GDP(1.0),24/10/24 23:00:00,Q,CP_MEUR,NSA,B1GQ,AT,2004-Q2,60126.4,
ESTAT:NAMQ_10_GDP(1.0),24/10/24 23:00:00,Q,CP_MEUR,NSA,B1GQ,AT,2004-Q3,61252.9,
ESTAT:NAMQ_10_GDP(1.0),24/10/24 23:00:00,Q,CP_MEUR,NSA,B1GQ,AT,2004-Q4,63961.1,
ESTAT:NAMQ_10_GDP(1.0),24/10/24 23:00:00,Q,CP_MEUR,NSA,B1GQ,AT,2005-Q1,59436.9,
ESTAT:NAMQ_10_GDP(1.0),24/10/24 23:00:00,Q,CP_MEUR,NSA,B1GQ,AT,2005-Q2,63511.0,
ESTAT:NAMQ_10_GDP(1.0),24/10/24 23:00:00,Q,CP_MEUR,NSA,B1GQ,AT,2005-Q3,64068.8,
ESTAT:NAMQ_10_GDP(1.0),24/10/24 23:00:00,Q,CP_MEUR,NSA,B1GQ,AT,2005-Q4,67058.3,
ESTAT:NAMQ_10_GDP(1.0),24/10/24 23:00:00,Q,CP_MEUR,NSA,B1GQ,AT,2006-Q1,63094.8,
ESTAT:NAMQ_10_GDP(1.0),24/10/24 23:00:00,Q,CP_MEUR,NSA,B1GQ,AT,2006-Q2,66380.6,
ESTAT:NAMQ_10_GDP(1.0),24/10/24 23:00:00,Q,CP_MEUR,NSA,B1GQ,AT,2006-Q3,67499.3,
ESTAT:NAMQ_10_GDP(1.0),24/10/24 23:00:00,Q,CP_MEUR,NSA,B1GQ,AT,2006-Q4,70849.7,
ESTAT:NAMQ_10_GDP(1.0),24/10/24 23:00:00,Q,CP_MEUR,NSA,B1GQ,AT,2007-Q1,66697.9,
ESTAT:NAMQ_10_GDP(1.0),24/10/24 23:00:00,Q,CP_MEUR,NSA,B1GQ,AT,2007-Q2,70832.7,
ESTAT:NAMQ_10_GDP(1.0),24/10/24 23:00:00,Q,CP_MEUR,NSA,B1GQ,AT,2007-Q3,71132.2,
ESTAT:NAMQ_10_GDP(1.0),24/10/24 23:00:00,Q,CP_MEUR,NSA,B1GQ,AT,2007-Q4,75315.2,
ESTAT:NAMQ_10_GDP(1.0),24/10/24 23:00:00,Q,CP_MEUR,NSA,B1GQ,AT,2008-Q1,69990.9,
ESTAT:NAMQ_10_GDP(1.0),24/10/24 23:00:00,Q,CP_MEUR,NSA,B1GQ,AT,2008-Q2,74452.1,
ESTAT:NAMQ_10_GDP(1.0),24/10/24 23:00:00,Q,CP_MEUR,NSA,B1GQ,AT,2008-Q3,73807.7,
ESTAT:NAMQ_10_GDP(1.0),24/10/24 23:00:00,Q,CP_MEUR,NSA,B1GQ,AT,2008-Q4,75511.2,
ESTAT:NAMQ_10_GDP(1.0),24/10/24 23:00:00,Q,CP_MEUR,NSA,B1GQ,AT,2009-Q1,68570.7,
ESTAT:NAMQ_10_GDP(1.0),24/10/24 23:00:00,Q,CP_MEUR,NSA,B1GQ,AT,2009-Q2,71443.6,
ESTAT:NAMQ_10_GDP(1.0),24/10/24 23:00:00,Q,CP_MEUR,NSA,B1GQ,AT,2009-Q3,72195.7,
ESTAT:NAMQ_10_GDP(1.0),24/10/24 23:00:00,Q,CP_MEUR,NSA,B1GQ,AT,2009-Q4,75834.1,
ESTAT:NAMQ_10_GDP(1.0),24/10/24 23:00:00,Q,CP_MEUR,NSA,B1GQ,AT,2010-Q1,69190.2,
ESTAT:NAMQ_10_GDP(1.0),24/10/24 23:00:00,Q,CP_MEUR,NSA,B1GQ,AT,2010-Q2,73490.4,
ESTAT:NAMQ_10_GDP(1.0),24/10/24 23:00:00,Q,CP_MEUR,NSA,B1GQ,AT,2010-Q3,74453.4,
ESTAT:NAMQ_10_GDP(1.0),24/10/24 23:00:00,Q,CP_MEUR,NSA,B1GQ,AT,2010-Q4,78762.6,
ESTAT:NAMQ_10_GDP(1.0),24/10/24 23:00:00,Q,CP_MEUR,NSA,B1GQ,AT,2011-Q1,73518.3,
ESTAT:NAMQ_10_GDP(1.0),24/10/24 23:00:00,Q,CP_MEUR,NSA,B1GQ,AT,2011-Q2,77337.5,
ESTAT:NAMQ_10_GDP(1.0),24/10/24 23:00:00,Q,CP_MEUR,NSA,B1GQ,AT,2011-Q3,78092.6,
ESTAT:NAMQ_10_GDP(1.0),24/10/24 23:00:00,Q,CP_MEUR,NSA,B1GQ,AT,2011-Q4,81180.2,
ESTAT:NAMQ_10_GDP(1.0),24/10/24 23:00:00,Q,CP_MEUR,NSA,B1GQ,AT,2012-Q1,76233.6,
ESTAT:NAMQ_10_GDP(1.0),24/10/24 23:00:00,Q,CP_MEUR,NSA,B1GQ,AT,2012-Q2,79368.4,
ESTAT:NAMQ_10_GDP(1.0),24/10/24 23:00:00,Q,CP_MEUR,NSA,B1GQ,AT,2012-Q3,79558.2,
ESTAT:NAMQ_10_GDP(1.0),24/10/24 23:00:00,Q,CP_MEUR,NSA,B1GQ,AT,2012-Q4,83492.9,
ESTAT:NAMQ_10_GDP(1.0),24/10/24 23:00:00,Q,CP_MEUR,NSA,B1GQ,AT,2013-Q1,77118.6,
ESTAT:NAMQ_10_GDP(1.0),24/10/24 23:00:00,Q,CP_MEUR,NSA,B1GQ,AT,2013-Q2,80679.3,
ESTAT:NAMQ_10_GDP(1.0),24/10/24 23:00:00,Q,CP_MEUR,NSA,B1GQ,AT,2013-Q3,81143.6,
ESTAT:NAMQ_10_GDP(1.0),24/10/24 23:00:00,Q,CP_MEUR,NSA,B1GQ,AT,2013-Q4,84968.7,
ESTAT:NAMQ_10_GDP(1.0),24/10/24 23:00:00,Q,CP_MEUR,NSA,B1GQ,AT,2014-Q1,78975.3,
ESTAT:NAMQ_10_GDP(1.0),24/10/24 23:00:00,Q,CP_MEUR,NSA,B1GQ,AT,2014-Q2,83235.7,
ESTAT:NAMQ_10_GDP(1.0),24/10/24 23:00:00,Q,CP_MEUR,NSA,B1GQ,AT,2014-Q3,83365.8,
ESTAT:NAMQ_10_GDP(1.0),24/10/24 23:00:00,Q,CP_MEUR,NSA,B1GQ,AT,2014-Q4,87569.3,
ESTAT:NAMQ_10_GDP(1.0),24/10/24 23:00:00,Q,CP_MEUR,NSA,B1GQ,AT,2015-Q1,81812.4,
ESTAT:NAMQ_10_GDP(1.0),24/10/24 23:00:00,Q,CP_MEUR,NSA,B1GQ,AT,2015-Q2,85599.7,
ESTAT:NAMQ_10_GDP(1.0),24/10/24 23:00:00,Q,CP_MEUR,NSA,B1GQ,AT,2015-Q3,86296.7,
ESTAT:NAMQ_10_GDP(1.0),24/10/24 23:00:00,Q,CP_MEUR,NSA,B1GQ,AT,2015-Q4,90560.5,
ESTAT:NAMQ_10_GDP(1.0),24/10/24 23:00:00,Q,CP_MEUR,NSA,B1GQ,AT,2016-Q1,86018.2,
ESTAT:NAMQ_10_GDP(1.0),24/10/24 23:00:00,Q,CP_MEUR,NSA,B1GQ,AT,2016-Q2,89349.8,
ESTAT:NAMQ_10_GDP(1.0),24/10/24 23:00:00,Q,CP_MEUR,NSA,B1GQ,AT,2016-Q3,88843.8,
ESTAT:NAMQ_10_GDP(1.0),24/10/24 23:00:00,Q,CP_MEUR,NSA,B1GQ,AT,2016-Q4,93396.2,
ESTAT:NAMQ_10_GDP(1.0),24/10/24 23:00:00,Q,CP_MEUR,NSA,B1GQ,AT,2017-Q1,88273.6,
ESTAT:NAMQ_10_GDP(1.0),24/10/24 23:00:00,Q,CP_MEUR,NSA,B1GQ,AT,2017-Q2,91933.2,
ESTAT:NAMQ_10_GDP(1.0),24/10/24 23:00:00,Q,CP_MEUR,NSA,B1GQ,AT,2017-Q3,92062.3,
ESTAT:NAMQ_10_GDP(1.0),24/10/24 23:00:00,Q,CP_MEUR,NSA,B1GQ,AT,2017-Q4,97092.7,
ESTAT:NAMQ_10_GDP(1.0),24/10/24 23:00:00,Q,CP_MEUR,NSA,B1GQ,AT,2018-Q1,92929.1,
ESTAT:NAMQ_10_GDP(1.0),24/10/24 23:00:00,Q,CP_MEUR,NSA,B1GQ,AT,2018-Q2,95423.4,
ESTAT:NAMQ_10_GDP(1.0),24/10/24 23:00:00,Q,CP_MEUR,NSA,B1GQ,AT,2018-Q3,95349.5,
ESTAT:NAMQ_10_GDP(1.0),24/10/24 23:00:00,Q,CP_MEUR,NSA,B1GQ,AT,2018-Q4,101572.1,
ESTAT:NAMQ_10_GDP(1.0),24/10/24 23:00:00,Q,CP_MEUR,NSA,B1GQ,AT,2019-Q1,96263.2,
ESTAT:NAMQ_10_GDP(1.0),24/10/24 23:00:00,Q,CP_MEUR,NSA,B1GQ,AT,2019-Q2,98751.8,
ESTAT:NAMQ_10_GDP(1.0),24/10/24 23:00:00,Q,CP_MEUR,NSA,B1GQ,AT,2019-Q3,98826.1,
ESTAT:NAMQ_10_GDP(1.0),24/10/24 23:00:00,Q,CP_MEUR,NSA,B1GQ,AT,2019-Q4,103306.1,
ESTAT:NAMQ_10_GDP(1.0),24/10/24 23:00:00,Q,CP_MEUR,NSA,B1GQ,AT,2020-Q1,95161.0,
ESTAT:NAMQ_10_GDP(1.0),24/10/24 23:00:00,Q,CP_MEUR,NSA,B1GQ,AT,2020-Q2,88988.0,
ESTAT:NAMQ_10_GDP(1.0),24/10/24 23:00:00,Q,CP_MEUR,NSA,B1GQ,AT,2020-Q3,96909.9,
ESTAT:NAMQ_10_GDP(1.0),24/10/24 23:00:00,Q,CP_MEUR,NSA,B1GQ,AT,2020-Q4,99829.7,
ESTAT:NAMQ_10_GDP(1.0),24/10/24 23:00:00,Q,CP_MEUR,NSA,B1GQ,AT,2021-Q1,91628.3,
ESTAT:NAMQ_10_GDP(1.0),24/10/24 23:00:00,Q,CP_MEUR,NSA,B1GQ,AT,2021-Q2,100916.7,
ESTAT:NAMQ_10_GDP(1.0),24/10/24 23:00:00,Q,CP_MEUR,NSA,B1GQ,AT,2021-Q3,103864.1,
ESTAT:NAMQ_10_GDP(1.0),24/10/24 23:00:00,Q,CP_MEUR,NSA,B1GQ,AT,2021-Q4,108832.3,
ESTAT:NAMQ_10_GDP(1.0),24/10/24 23:00:00,Q,CP_MEUR,NSA,B1GQ,AT,2022-Q1,104411.1,
ESTAT:NAMQ_10_GDP(1.0),24/10/24 23:00:00,Q,CP_MEUR,NSA,B1GQ,AT,2022-Q2,112534.1,
ESTAT:NAMQ_10_GDP(1.0),24/10/24 23:00:00,Q,CP_MEUR,NSA,B1GQ,AT,2022-Q3,112097.0,
ESTAT:NAMQ_10_GDP(1.0),24/10/24 23:00:00,Q,CP_MEUR,NSA,B1GQ,AT,2022-Q4,118175.4,
ESTAT:NAMQ_10_GDP(1.0),24/10/24 23:00:00,Q,CP_MEUR,NSA,B1GQ,AT,2023-Q1,116653.7,
ESTAT:NAMQ_10_GDP(1.0),24/10/24 23:00:00,Q,CP_MEUR,NSA,B1GQ,AT,2023-Q2,120020.2,
ESTAT:NAMQ_10_GDP(1.0),24/10/24 23:00:00,Q,CP_MEUR,NSA,B1GQ,AT,2023-Q3,117781.7,
ESTAT:NAMQ_10_GDP(1.0),24/10/24 23:00:00,Q,CP_MEUR,NSA,B1GQ,AT,2023-Q4,123734.6,
ESTAT:NAMQ_10_GDP(1.0),24/10/24 23:00:00,Q,CP_MEUR,NSA,B1GQ,AT,2024-Q1,119338.8,
ESTAT:NAMQ_10_GDP(1.0),24/10/24 23:00:00,Q,CP_MEUR,NSA,B1GQ,AT,2024-Q2,123209.8,
ESTAT:NAMQ_10_GDP(1.0),24/10/24 23:00:00,Q,CP_MEUR,NSA,B1GQ,BA,2000-Q1,1263.0,
ESTAT:NAMQ_10_GDP(1.0),24/10/24 23:00:00,Q,CP_MEUR,NSA,B1GQ,BA,2000-Q2,1449.3,
ESTAT:NAMQ_10_GDP(1.0),24/10/24 23:00:00,Q,CP_MEUR,NSA,B1GQ,BA,2000-Q3,1692.1,
ESTAT:NAMQ_10_GDP(1.0),24/10/24 23:00:00,Q,CP_MEUR,NSA,B1GQ,BA,2000-Q4,1638.9,
ESTAT:NAMQ_10_GDP(1.0),24/10/24 23:00:00,Q,CP_MEUR,NSA,B1GQ,BA,2001-Q1,1331.0,
ESTAT:NAMQ_10_GDP(1.0),24/10/24 23:00:00,Q,CP_MEUR,NSA,B1GQ,BA,2001-Q2,1542.2,
ESTAT:NAMQ_10_GDP(1.0),24/10/24 23:00:00,Q,CP_MEUR,NSA,B1GQ,BA,2001-Q3,1821.3,
ESTAT:NAMQ_10_GDP(1.0),24/10/24 23:00:00,Q,CP_MEUR,NSA,B1GQ,BA,2001-Q4,1787.7,
ESTAT:NAMQ_10_GDP(1.0),24/10/24 23:00:00,Q,CP_MEUR,NSA,B1GQ,BA,2002-Q1,1475.1,
ESTAT:NAMQ_10_GDP(1.0),24/10/24 23:00:00,Q,CP_MEUR,NSA,B1GQ,BA,2002-Q2,1713.9,
ESTAT:NAMQ_10_GDP(1.0),24/10/24 23:00:00,Q,CP_MEUR,NSA,B1GQ,BA,2002-Q3,2001.8,
ESTAT:NAMQ_10_GDP(1.0),24/10/24 23:00:00,Q,CP_MEUR,NSA,B1GQ,BA,2002-Q4,1958.3,
ESTAT:NAMQ_10_GDP(1.0),24/10/24 23:00:00,Q,CP_MEUR,NSA,B1GQ,BA,2003-Q1,1567.3,
ESTAT:NAMQ_10_GDP(1.0),24/10/24 23:00:00,Q,CP_MEUR,NSA,B1GQ,BA,2003-Q2,1799.2,
ESTAT:NAMQ_10_GDP(1.0),24/10/24 23:00:00,Q,CP_MEUR,NSA,B1GQ,BA,2003-Q3,2097.2,
ESTAT:NAMQ_10_GDP(1.0),24/10/24 23:00:00,Q,CP_MEUR,NSA,B1GQ,BA,2003-Q4,2066.5,
ESTAT:NAMQ_10_GDP(1.0),24/10/24 23:00:00,Q,CP_MEUR,NSA,B1GQ,BA,2004-Q1,1658.5,
ESTAT:NAMQ_10_GDP(1.0),24/10/24 23:00:00,Q,CP_MEUR,NSA,B1GQ,BA,2004-Q2,1928.3,
ESTAT:NAMQ_10_GDP(1.0),24/10/24 23:00:00,Q,CP_MEUR,NSA,B1GQ,BA,2004-Q3,2293.8,
ESTAT:NAMQ_10_GDP(1.0),24/10/24 23:00:00,Q,CP_MEUR,NSA,B1GQ,BA,2004-Q4,2299.1,
ESTAT:NAMQ_10_GDP(1.0),24/10/24 23:00:00,Q,CP_MEUR,NSA,B1GQ,BA,2005-Q1,1839.4,
ESTAT:NAMQ_10_GDP(1.0),24/10/24 23:00:00,Q,CP_MEUR,NSA,B1GQ,BA,2005-Q2,2159.3,
ESTAT:NAMQ_10_GDP(1.0),24/10/24 23:00:00,Q,CP_MEUR,NSA,B1GQ,BA,2005-Q3,2538.4,
ESTAT:NAMQ_10_GDP(1.0),24/10/24 23:00:00,Q,CP_MEUR,NSA,B1GQ,BA,2005-Q4,2487.4,
ESTAT:NAMQ_10_GDP(1.0),24/10/24 23:00:00,Q,CP_MEUR,NSA,B1GQ,BA,2006-Q1,2152.1,
ESTAT:NAMQ_10_GDP(1.0),24/10/24 23:00:00,Q,CP_MEUR,NSA,B1GQ,BA,2006-Q2,2464.9,
ESTAT:NAMQ_10_GDP(1.0),24/10/24 23:00:00,Q,CP_MEUR,NSA,B1GQ,BA,2006-Q3,2854.5,
ESTAT:NAMQ_10_GDP(1.0),24/10/24 23:00:00,Q,CP_MEUR,NSA,B1GQ,BA,2006-Q4,2783.6,
ESTAT:NAMQ_10_GDP(1.0),24/10/24 23:00:00,Q,CP_MEUR,NSA,B1GQ,BA,2007-Q1,2473.2,
ESTAT:NAMQ_10_GDP(1.0),24/10/24 23:00:00,Q,CP_MEUR,NSA,B1GQ,BA,2007-Q2,2771.8,
ESTAT:NAMQ_10_GDP(1.0),24/10/24 23:00:00,Q,CP_MEUR,NSA,B1GQ,BA,2007-Q3,3199.5,
ESTAT:NAMQ_10_GDP(1.0),24/10/24 23:00:00,Q,CP_MEUR,NSA,B1GQ,BA,2007-Q4,3084.0,
ESTAT:NAMQ_10_GDP(1.0),24/10/24 23:00:00,Q,CP_MEUR,NSA,B1GQ,BA,2008-Q1,2865.7,
ESTAT:NAMQ_10_GDP(1.0),24/10/24 23:00:00,Q,CP_MEUR,NSA,B1GQ,BA,2008-Q2,3177.3,
ESTAT:NAMQ_10_GDP(1.0),24/10/24 23:00:00,Q,CP_MEUR,NSA,B1GQ,BA,2008-Q3,3629.2,
ESTAT:NAMQ_10_GDP(1.0),24/10/24 23:00:00,Q,CP_MEUR,NSA,B1GQ,BA,2008-Q4,3375.7,
ESTAT:NAMQ_10_GDP(1.0),24/10/24 23:00:00,Q,CP_MEUR,NSA,B1GQ,BA,2009-Q1,2901.8,
ESTAT:NAMQ_10_GDP(1.0),24/10/24 23:00:00,Q,CP_MEUR,NSA,B1GQ,BA,2009-Q2,3151.7,
ESTAT:NAMQ_10_GDP(1.0),24/10/24 23:00:00,Q,CP_MEUR,NSA,B1GQ,BA,2009-Q3,3433.5,
ESTAT:NAMQ_10_GDP(1.0),24/10/24 23:00:00,Q,CP_MEUR,NSA,B1GQ,BA,2009-Q4,3192.3,
ESTAT:NAMQ_10_GDP(1.0),24/10/24 23:00:00,Q,CP_MEUR,NSA,B1GQ,BA,2010-Q1,2940.6,
ESTAT:NAMQ_10_GDP(1.0),24/10/24 23:00:00,Q,CP_MEUR,NSA,B1GQ,BA,2010-Q2,3239.9,
ESTAT:NAMQ_10_GDP(1.0),24/10/24 23:00:00,Q,CP_MEUR,NSA,B1GQ,BA,2010-Q3,3452.3,
ESTAT:NAMQ_10_GDP(1.0),24/10/24 23:00:00,Q,CP_MEUR,NSA,B1GQ,BA,2010-Q4,3336.0,
ESTAT:NAMQ_10_GDP(1.0),24/10/24 23:00:00,Q,CP_MEUR,NSA,B1GQ,BA,2011-Q1,3094.5,
ESTAT:NAMQ_10_GDP(1.0),24/10/24 23:00:00,Q,CP_MEUR,NSA,B1GQ,BA,2011-Q2,3322.0,
ESTAT:NAMQ_10_GDP(1.0),24/10/24 23:00:00,Q,CP_MEUR,NSA,B1GQ,BA,2011-Q3,3616.8,
ESTAT:NAMQ_10_GDP(1.0),24/10/24 23:00:00,Q,CP_MEUR,NSA,B1GQ,BA,2011-Q4,3378.6,
ESTAT:NAMQ_10_GDP(1.0),24/10/24 23:00:00,Q,CP_MEUR,NSA,B1GQ,BA,2012-Q1,2970.4,
ESTAT:NAMQ_10_GDP(1.0),24/10/24 23:00:00,Q,CP_MEUR,NSA,B1GQ,BA,2012-Q2,3294.5,
ESTAT:NAMQ_10_GDP(1.0),24/10/24 23:00:00,Q,CP_MEUR,NSA,B1GQ,BA,2012-Q3,3692.3,
ESTAT:NAMQ_10_GDP(1.0),24/10/24 23:00:00,Q,CP_MEUR,NSA,B1GQ,BA,2012-Q4,3450.2,
ESTAT:NAMQ_10_GDP(1.0),24/10/24 23:00:00,Q,CP_MEUR,NSA,B1GQ,BA,2013-Q1,3128.9,
ESTAT:NAMQ_10_GDP(1.0),24/10/24 23:00:00,Q,CP_MEUR,NSA,B1GQ,BA,2013-Q2,3389.3,
ESTAT:NAMQ_10_GDP(1.0),24/10/24 23:00:00,Q,CP_MEUR,NSA,B1GQ,BA,2013-Q3,3719.3,
ESTAT:NAMQ_10_GDP(1.0),24/10/24 23:00:00,Q,CP_MEUR,NSA,B1GQ,BA,2013-Q4,3454.3,
ESTAT:NAMQ_10_GDP(1.0),24/10/24 23:00:00,Q,CP_MEUR,NSA,B1GQ,BA,2014-Q1,3224.3,
ESTAT:NAMQ_10_GDP(1.0),24/10/24 23:00:00,Q,CP_MEUR,NSA,B1GQ,BA,2014-Q2,3376.5,
ESTAT:NAMQ_10_GDP(1.0),24/10/24 23:00:00,Q,CP_MEUR,NSA,B1GQ,BA,2014-Q3,3729.7,
ESTAT:NAMQ_10_GDP(1.0),24/10/24 23:00:00,Q,CP_MEUR,NSA,B1GQ,BA,2014-Q4,3657.8,
ESTAT:NAMQ_10_GDP(1.0),24/10/24 23:00:00,Q,CP_MEUR,NSA,B1GQ,BA,2015-Q1,3318.7,b
ESTAT:NAMQ_10_GDP(1.0),24/10/24 23:00:00,Q,CP_MEUR,NSA,B1GQ,BA,2015-Q2,3633.3,
ESTAT:NAMQ_10_GDP(1.0),24/10/24 23:00:00,Q,CP_MEUR,NSA,B1GQ,BA,2015-Q3,4001.6,
ESTAT:NAMQ_10_GDP(1.0),24/10/24 23:00:00,Q,CP_MEUR,NSA,B1GQ,BA,2015-Q4,3837.6,
ESTAT:NAMQ_10_GDP(1.0),24/10/24 23:00:00,Q,CP_MEUR,NSA,B1GQ,BA,2016-Q1,3507.5,
ESTAT:NAMQ_10_GDP(1.0),24/10/24 23:00:00,Q,CP_MEUR,NSA,B1GQ,BA,2016-Q2,3768.8,
ESTAT:NAMQ_10_GDP(1.0),24/10/24 23:00:00,Q,CP_MEUR,NSA,B1GQ,BA,2016-Q3,4190.7,
ESTAT:NAMQ_10_GDP(1.0),24/10/24 23:00:00,Q,CP_MEUR,NSA,B1GQ,BA,2016-Q4,4007.3,
ESTAT:NAMQ_10_GDP(1.0),24/10/24 23:00:00,Q,CP_MEUR,NSA,B1GQ,BA,2017-Q1,3653.5,
ESTAT:NAMQ_10_GDP(1.0),24/10/24 23:00:00,Q,CP_MEUR,NSA,B1GQ,BA,2017-Q2,3955.2,
ESTAT:NAMQ_10_GDP(1.0),24/10/24 23:00:00,Q,CP_MEUR,NSA,B1GQ,BA,2017-Q3,4433.4,
ESTAT:NAMQ_10_GDP(1.0),24/10/24 23:00:00,Q,CP_MEUR,NSA,B1GQ,BA,2017-Q4,4218.5,
ESTAT:NAMQ_10_GDP(1.0),24/10/24 23:00:00,Q,CP_MEUR,NSA,B1GQ,BA,2018-Q1,3958.1,
ESTAT:NAMQ_10_GDP(1.0),24/10/24 23:00:00,Q,CP_MEUR,NSA,B1GQ,BA,2018-Q2,4275.3,
ESTAT:NAMQ_10_GDP(1.0),24/10/24 23:00:00,Q,CP_MEUR,NSA,B1GQ,BA,2018-Q3,4635.1,
ESTAT:NAMQ_10_GDP(1.0),24/10/24 23:00:00,Q,CP_MEUR,NSA,B1GQ,BA,2018-Q4,4485.7,
ESTAT:NAMQ_10_GDP(1.0),24/10/24 23:00:00,Q,CP_MEUR,NSA,B1GQ,BA,2019-Q1,4180.3,
ESTAT:NAMQ_10_GDP(1.0),24/10/24 23:00:00,Q,CP_MEUR,NSA,B1GQ,BA,2019-Q2,4518.5,
ESTAT:NAMQ_10_GDP(1.0),24/10/24 23:00:00,Q,CP_MEUR,NSA,B1GQ,BA,2019-Q3,4897.1,
ESTAT:NAMQ_10_GDP(1.0),24/10/24 23:00:00,Q,CP_MEUR,NSA,B1GQ,BA,2019-Q4,4700.6,
ESTAT:NAMQ_10_GDP(1.0),24/10/24 23:00:00,Q,CP_MEUR,NSA,B1GQ,BA,2020-Q1,4314.5,
ESTAT:NAMQ_10_GDP(1.0),24/10/24 23:00:00,Q,CP_MEUR,NSA,B1GQ,BA,2020-Q2,4171.9,
ESTAT:NAMQ_10_GDP(1.0),24/10/24 23:00:00,Q,CP_MEUR,NSA,B1GQ,BA,2020-Q3,4659.4,
ESTAT:NAMQ_10_GDP(1.0),24/10/24 23:00:00,Q,CP_MEUR,NSA,B1GQ,BA,2020-Q4,4610.1,
ESTAT:NAMQ_10_GDP(1.0),24/10/24 23:00:00,Q,CP_MEUR,NSA,B1GQ,BA,2021-Q1,4541.5,
ESTAT:NAMQ_10_GDP(1.0),24/10/24 23:00:00,Q,CP_MEUR,NSA,B1GQ,BA,2021-Q2,4841.7,
ESTAT:NAMQ_10_GDP(1.0),24/10/24 23:00:00,Q,CP_MEUR,NSA,B1GQ,BA,2021-Q3,5317.0,
ESTAT:NAMQ_10_GDP(1.0),24/10/24 23:00:00,Q,CP_MEUR,NSA,B1GQ,BA,2021-Q4,5314.5,
ESTAT:NAMQ_10_GDP(1.0),24/10/24 23:00:00,Q,CP_MEUR,NSA,B1GQ,BA,2022-Q1,5196.6,
ESTAT:NAMQ_10_GDP(1.0),24/10/24 23:00:00,Q,CP_MEUR,NSA,B1GQ,BA,2022-Q2,5780.2,
ESTAT:NAMQ_10_GDP(1.0),24/10/24 23:00:00,Q,CP_MEUR,NSA,B1GQ,BA,2022-Q3,6148.1,
ESTAT:NAMQ_10_GDP(1.0),24/10/24 23:00:00,Q,CP_MEUR,NSA,B1GQ,BA,2022-Q4,6199.2,
ESTAT:NAMQ_10_GDP(1.0),24/10/24 23:00:00,Q,CP_MEUR,NSA,B1GQ,BA,2023-Q1,5922.0,
ESTAT:NAMQ_10_GDP(1.0),24/10/24 23:00:00,Q,CP_MEUR,NSA,B1GQ,BA,2023-Q2,6199.3,
ESTAT:NAMQ_10_GDP(1.0),24/10/24 23:00:00,Q,CP_MEUR,NSA,B1GQ,BA,2023-Q3,6453.9,
ESTAT:NAMQ_10_GDP(1.0),24/10/24 23:00:00,Q,CP_MEUR,NSA,B1GQ,BA,2023-Q4,6451.4,
ESTAT:NAMQ_10_GDP(1.0),24/10/24 23:00:00,Q,CP_MEUR,NSA,B1GQ,BA,2024-Q1,6145.1,
ESTAT:NAMQ_10_GDP(1.0),24/10/24 23:00:00,Q,CP_MEUR,NSA,B1GQ,BE,1995-Q1,53331.2,
ESTAT:NAMQ_10_GDP(1.0),24/10/24 23:00:00,Q,CP_MEUR,NSA,B1GQ,BE,1995-Q2,56118.8,
ESTAT:NAMQ_10_GDP(1.0),24/10/24 23:00:00,Q,CP_MEUR,NSA,B1GQ,BE,1995-Q3,53742.0,
ESTAT:NAMQ_10_GDP(1.0),24/10/24 23:00:00,Q,CP_MEUR,NSA,B1GQ,BE,1995-Q4,57115.6,
ESTAT:NAMQ_10_GDP(1.0),24/10/24 23:00:00,Q,CP_MEUR,NSA,B1GQ,BE,1996-Q1,54239.9,
ESTAT:NAMQ_10_GDP(1.0),24/10/24 23:00:00,Q,CP_MEUR,NSA,B1GQ,BE,1996-Q2,55590.8,
ESTAT:NAMQ_10_GDP(1.0),24/10/24 23:00:00,Q,CP_MEUR,NSA,B1GQ,BE,1996-Q3,53541.5,
ESTAT:NAMQ_10_GDP(1.0),24/10/24 23:00:00,Q,CP_MEUR,NSA,B1GQ,BE,1996-Q4,56570.9,
ESTAT:NAMQ_10_GDP(1.0),24/10/24 23:00:00,Q,CP_MEUR,NSA,B1GQ,BE,1997-Q1,53906.6,
ESTAT:NAMQ_10_GDP(1.0),24/10/24 23:00:00,Q,CP_MEUR,NSA,B1GQ,BE,1997-Q2,56389.6,
ESTAT:NAMQ_10_GDP(1.0),24/10/24 23:00:00,Q,CP_MEUR,NSA,B1GQ,BE,1997-Q3,54425.2,
ESTAT:NAMQ_10_GDP(1.0),24/10/24 23:00:00,Q,CP_MEUR,NSA,B1GQ,BE,1997-Q4,58323.8,
ESTAT:NAMQ_10_GDP(1.0),24/10/24 23:00:00,Q,CP_MEUR,NSA,B1GQ,BE,1998-Q1,56059.6,
ESTAT:NAMQ_10_GDP(1.0),24/10/24 23:00:00,Q,CP_MEUR,NSA,B1GQ,BE,1998-Q2,58253.5,
ESTAT:NAMQ_10_GDP(1.0),24/10/24 23:00:00,Q,CP_MEUR,NSA,B1GQ,BE,1998-Q3,56445.5,
ESTAT:NAMQ_10_GDP(1.0),24/10/24 23:00:00,Q,CP_MEUR,NSA,B1GQ,BE,1998-Q4,60259.4,
ESTAT:NAMQ_10_GDP(1.0),24/10/24 23:00:00,Q,CP_MEUR,NSA,B1GQ,BE,1999-Q1,58150.0,
ESTAT:NAMQ_10_GDP(1.0),24/10/24 23:00:00,Q,CP_MEUR,NSA,B1GQ,BE,1999-Q2,60722.0,
ESTAT:NAMQ_10_GDP(1.0),24/10/24 23:00:00,Q,CP_MEUR,NSA,B1GQ,BE,1999-Q3,59219.0,
ESTAT:NAMQ_10_GDP(1.0),24/10/24 23:00:00,Q,CP_MEUR,NSA,B1GQ,BE,1999-Q4,64215.0,
ESTAT:NAMQ_10_GDP(1.0),24/10/24 23:00:00,Q,CP_MEUR,NSA,B1GQ,BE,2000-Q1,61774.0,
ESTAT:NAMQ_10_GDP(1.0),24/10/24 23:00:00,Q,CP_MEUR,NSA,B1GQ,BE,2000-Q2,64522.0,
ESTAT:NAMQ_10_GDP(1.0),24/10/24 23:00:00,Q,CP_MEUR,NSA,B1GQ,BE,2000-Q3,62471.0,
ESTAT:NAMQ_10_GDP(1.0),24/10/24 23:00:00,Q,CP_MEUR,NSA,B1GQ,BE,2000-Q4,67609.0,
ESTAT:NAMQ_10_GDP(1.0),24/10/24 23:00:00,Q,CP_MEUR,NSA,B1GQ,BE,2001-Q1,63929.0,
ESTAT:NAMQ_10_GDP(1.0),24/10/24 23:00:00,Q,CP_MEUR,NSA,B1GQ,BE,2001-Q2,67113.0,
ESTAT:NAMQ_10_GDP(1.0),24/10/24 23:00:00,Q,CP_MEUR,NSA,B1GQ,BE,2001-Q3,64389.0,
ESTAT:NAMQ_10_GDP(1.0),24/10/24 23:00:00,Q,CP_MEUR,NSA,B1GQ,BE,2001-Q4,68904.0,
ESTAT:NAMQ_10_GDP(1.0),24/10/24 23:00:00,Q,CP_MEUR,NSA,B1GQ,BE,2002-Q1,65846.0,
ESTAT:NAMQ_10_GDP(1.0),24/10/24 23:00:00,Q,CP_MEUR,NSA,B1GQ,BE,2002-Q2,69024.0,
ESTAT:NAMQ_10_GDP(1.0),24/10/24 23:00:00,Q,CP_MEUR,NSA,B1GQ,BE,2002-Q3,66615.0,
ESTAT:NAMQ_10_GDP(1.0),24/10/24 23:00:00,Q,CP_MEUR,NSA,B1GQ,BE,2002-Q4,71770.0,
ESTAT:NAMQ_10_GDP(1.0),24/10/24 23:00:00,Q,CP_MEUR,NSA,B1GQ,BE,2003-Q1,67859.0,
ESTAT:NAMQ_10_GDP(1.0),24/10/24 23:00:00,Q,CP_MEUR,NSA,B1GQ,BE,2003-Q2,70879.0,
ESTAT:NAMQ_10_GDP(1.0),24/10/24 23:00:00,Q,CP_MEUR,NSA,B1GQ,BE,2003-Q3,68400.0,
ESTAT:NAMQ_10_GDP(1.0),24/10/24 23:00:00,Q,CP_MEUR,NSA,B1GQ,BE,2003-Q4,74063.0,
ESTAT:NAMQ_10_GDP(1.0),24/10/24 23:00:00,Q,CP_MEUR,NSA,B1GQ,BE,2004-Q1,71340.0,
ESTAT:NAMQ_10_GDP(1.0),24/10/24 23:00:00,Q,CP_MEUR,NSA,B1GQ,BE,2004-Q2,74658.0,
ESTAT:NAMQ_10_GDP(1.0),24/10/24 23:00:00,Q,CP_MEUR,NSA,B1GQ,BE,2004-Q3,72502.0,
ESTAT:NAMQ_10_GDP(1.0),24/10/24 23:00:00,Q,CP_MEUR,NSA,B1GQ,BE,2004-Q4,78320.0,
ESTAT:NAMQ_10_GDP(1.0),24/10/24 23:00:00,Q,CP_MEUR,NSA,B1GQ,BE,2005-Q1,74301.0,
ESTAT:NAMQ_10_GDP(1.0),24/10/24 23:00:00,Q,CP_MEUR,NSA,B1GQ,BE,2005-Q2,78056.0,
ESTAT:NAMQ_10_GDP(1.0),24/10/24 23:00:00,Q,CP_MEUR,NSA,B1GQ,BE,2005-Q3,75474.0,
ESTAT:NAMQ_10_GDP(1.0),24/10/24 23:00:00,Q,CP_MEUR,NSA,B1GQ,BE,2005-Q4,82206.0,
ESTAT:NAMQ_10_GDP(1.0),24/10/24 23:00:00,Q,CP_MEUR,NSA,B1GQ,BE,2006-Q1,78167.0,
ESTAT:NAMQ_10_GDP(1.0),24/10/24 23:00:00,Q,CP_MEUR,NSA,B1GQ,BE,2006-Q2,81604.0,
ESTAT:NAMQ_10_GDP(1.0),24/10/24 23:00:00,Q,CP_MEUR,NSA,B1GQ,BE,2006-Q3,79178.0,
ESTAT:NAMQ_10_GDP(1.0),24/10/24 23:00:00,Q,CP_MEUR,NSA,B1GQ,BE,2006-Q4,86202.0,
ESTAT:NAMQ_10_GDP(1.0),24/10/24 23:00:00,Q,CP_MEUR,NSA,B1GQ,BE,2007-Q1,82909.0,
ESTAT:NAMQ_10_GDP(1.0),24/10/24 23:00:00,Q,CP_MEUR,NSA,B1GQ,BE,2007-Q2,86740.0,
ESTAT:NAMQ_10_GDP(1.0),24/10/24 23:00:00,Q,CP_MEUR,NSA,B1GQ,BE,2007-Q3,83630.0,
ESTAT:NAMQ_10_GDP(1.0),24/10/24 23:00:00,Q,CP_MEUR,NSA,B1GQ,BE,2007-Q4,90340.0,
ESTAT:NAMQ_10_GDP(1.0),24/10/24 23:00:00,Q,CP_MEUR,NSA,B1GQ,BE,2008-Q1,85776.0,
ESTAT:NAMQ_10_GDP(1.0),24/10/24 23:00:00,Q,CP_MEUR,NSA,B1GQ,BE,2008-Q2,89999.0,
ESTAT:NAMQ_10_GDP(1.0),24/10/24 23:00:00,Q,CP_MEUR,NSA,B1GQ,BE,2008-Q3,85932.0,
ESTAT:NAMQ_10_GDP(1.0),24/10/24 23:00:00,Q,CP_MEUR,NSA,B1GQ,BE,2008-Q4,90035.0,
ESTAT:NAMQ_10_GDP(1.0),24/10/24 23:00:00,Q,CP_MEUR,NSA,B1GQ,BE,2009-Q1,83524.0,
ESTAT:NAMQ_10_GDP(1.0),24/10/24 23:00:00,Q,CP_MEUR,NSA,B1GQ,BE,2009-Q2,86426.0,
ESTAT:NAMQ_10_GDP(1.0),24/10/24 23:00:00,Q,CP_MEUR,NSA,B1GQ,BE,2009-Q3,84648.0,
ESTAT:NAMQ_10_GDP(1.0),24/10/24 23:00:00,Q,CP_MEUR,NSA,B1GQ,BE,2009-Q4,91875.0,
ESTAT:NAMQ_10_GDP(1.0),24/10/24 23:00:00,Q,CP_MEUR,NSA,B1GQ,BE,2010-Q1,86559.0,
ESTAT:NAMQ_10_GDP(1.0),24/10/24 23:00:00,Q,CP_MEUR,NSA,B1GQ,BE,2010-Q2,91498.0,
ESTAT:NAMQ_10_GDP(1.0),24/10/24 23:00:00,Q,CP_MEUR,NSA,B1GQ,BE,2010-Q3,88635.0,
ESTAT:NAMQ_10_GDP(1.0),24/10/24 23:00:00,Q,CP_MEUR,NSA,B1GQ,BE,2010-Q4,96448.0,
ESTAT:NAMQ_10_GDP(1.0),24/10/24 23:00:00,Q,CP_MEUR,NSA,B1GQ,BE,2011-Q1,90847.0,
ESTAT:NAMQ_10_GDP(1.0),24/10/24 23:00:00,Q,CP_MEUR,NSA,B1GQ,BE,2011-Q2,94533.0,
ESTAT:NAMQ_10_GDP(1.0),24/10/24 23:00:00,Q,CP_MEUR,NSA,B1GQ,BE,2011-Q3,91288.0,
ESTAT:NAMQ_10_GDP(1.0),24/10/24 23:00:00,Q,CP_MEUR,NSA,B1GQ,BE,2011-Q4,99300.0,
ESTAT:NAMQ_10_GDP(1.0),24/10/24 23:00:00,Q,CP_MEUR,NSA,B1GQ,BE,2012-Q1,93770.0,
ESTAT:NAMQ_10_GDP(1.0),24/10/24 23:00:00,Q,CP_MEUR,NSA,B1GQ,BE,2012-Q2,97361.0,
ESTAT:NAMQ_10_GDP(1.0),24/10/24 23:00:00,Q,CP_MEUR,NSA,B1GQ,BE,2012-Q3,93638.0,
ESTAT:NAMQ_10_GDP(1.0),24/10/24 23:00:00,Q,CP_MEUR,NSA,B1GQ,BE,2012-Q4,101406.0,
ESTAT:NAMQ_10_GDP(1.0),24/10/24 23:00:00,Q,CP_MEUR,NSA,B1GQ,BE,2013-Q1,94778.0,
ESTAT:NAMQ_10_GDP(1.0),24/10/24 23:00:00,Q,CP_MEUR,NSA,B1GQ,BE,2013-Q2,99134.0,
ESTAT:NAMQ_10_GDP(1.0),24/10/24 23:00:00,Q,CP_MEUR,NSA,B1GQ,BE,2013-Q3,95256.0,
ESTAT:NAMQ_10_GDP(1.0),24/10/24 23:00:00,Q,CP_MEUR,NSA,B1GQ,BE,2013-Q4,103712.0,
ESTAT:NAMQ_10_GDP(1.0),24/10/24 23:00:00,Q,CP_MEUR,NSA,B1GQ,BE,2014-Q1,97159.0,
ESTAT:NAMQ_10_GDP(1.0),24/10/24 23:00:00,Q,CP_MEUR,NSA,B1GQ,BE,2014-Q2,100995.0,
ESTAT:NAMQ_10_GDP(1.0),24/10/24 23:00:00,Q,CP_MEUR,NSA,B1GQ,BE,2014-Q3,98215.0,
ESTAT:NAMQ_10_GDP(1.0),24/10/24 23:00:00,Q,CP_MEUR,NSA,B1GQ,BE,2014-Q4,106635.0,
ESTAT:NAMQ_10_GDP(1.0),24/10/24 23:00:00,Q,CP_MEUR,NSA,B1GQ,BE,2015-Q1,100109.0,
ESTAT:NAMQ_10_GDP(1.0),24/10/24 23:00:00,Q,CP_MEUR,NSA,B1GQ,BE,2015-Q2,104882.0,
ESTAT:NAMQ_10_GDP(1.0),24/10/24 23:00:00,Q,CP_MEUR,NSA,B1GQ,BE,2015-Q3,101419.0,
ESTAT:NAMQ_10_GDP(1.0),24/10/24 23:00:00,Q,CP_MEUR,NSA,B1GQ,BE,2015-Q4,110292.0,
ESTAT:NAMQ_10_GDP(1.0),24/10/24 23:00:00,Q,CP_MEUR,NSA,B1GQ,BE,2016-Q1,102431.0,
ESTAT:NAMQ_10_GDP(1.0),24/10/24 23:00:00,Q,CP_MEUR,NSA,B1GQ,BE,2016-Q2,108919.0,
ESTAT:NAMQ_10_GDP(1.0),24/10/24 23:00:00,Q,CP_MEUR,NSA,B1GQ,BE,2016-Q3,104750.0,
ESTAT:NAMQ_10_GDP(1.0),24/10/24 23:00:00,Q,CP_MEUR,NSA,B1GQ,BE,2016-Q4,113985.0,
ESTAT:NAMQ_10_GDP(1.0),24/10/24 23:00:00,Q,CP_MEUR,NSA,B1GQ,BE,2017-Q1,107700.0,
ESTAT:NAMQ_10_GDP(1.0),24/10/24 23:00:00,Q,CP_MEUR,NSA,B1GQ,BE,2017-Q2,112517.0,
ESTAT:NAMQ_10_GDP(1.0),24/10/24 23:00:00,Q,CP_MEUR,NSA,B1GQ,BE,2017-Q3,107476.0,
ESTAT:NAMQ_10_GDP(1.0),24/10/24 23:00:00,Q,CP_MEUR,NSA,B1GQ,BE,2017-Q4,117357.0,
ESTAT:NAMQ_10_GDP(1.0),24/10/24 23:00:00,Q,CP_MEUR,NSA,B1GQ,BE,2018-Q1,110299.0,
ESTAT:NAMQ_10_GDP(1.0),24/10/24 23:00:00,Q,CP_MEUR,NSA,B1GQ,BE,2018-Q2,115958.0,
ESTAT:NAMQ_10_GDP(1.0),24/10/24 23:00:00,Q,CP_MEUR,NSA,B1GQ,BE,2018-Q3,111067.0,
ESTAT:NAMQ_10_GDP(1.0),24/10/24 23:00:00,Q,CP_MEUR,NSA,B1GQ,BE,2018-Q4,122727.0,
ESTAT:NAMQ_10_GDP(1.0),24/10/24 23:00:00,Q,CP_MEUR,NSA,B1GQ,BE,2019-Q1,114695.0,
ESTAT:NAMQ_10_GDP(1.0),24/10/24 23:00:00,Q,CP_MEUR,NSA,B1GQ,BE,2019-Q2,119907.0,
ESTAT:NAMQ_10_GDP(1.0),24/10/24 23:00:00,Q,CP_MEUR,NSA,B1GQ,BE,2019-Q3,116432.0,
ESTAT:NAMQ_10_GDP(1.0),24/10/24 23:00:00,Q,CP_MEUR,NSA,B1GQ,BE,2019-Q4,127642.0,
ESTAT:NAMQ_10_GDP(1.0),24/10/24 23:00:00,Q,CP_MEUR,NSA,B1GQ,BE,2020-Q1,116266.0,
ESTAT:NAMQ_10_GDP(1.0),24/10/24 23:00:00,Q,CP_MEUR,NSA,B1GQ,BE,2020-Q2,105706.0,
ESTAT:NAMQ_10_GDP(1.0),24/10/24 23:00:00,Q,CP_MEUR,NSA,B1GQ,BE,2020-Q3,114160.0,
ESTAT:NAMQ_10_GDP(1.0),24/10/24 23:00:00,Q,CP_MEUR,NSA,B1GQ,BE,2020-Q4,124403.0,
ESTAT:NAMQ_10_GDP(1.0),24/10/24 23:00:00,Q,CP_MEUR,NSA,B1GQ,BE,2021-Q1,119303.0,
ESTAT:NAMQ_10_GDP(1.0),24/10/24 23:00:00,Q,CP_MEUR,NSA,B1GQ,BE,2021-Q2,126028.0,
ESTAT:NAMQ_10_GDP(1.0),24/10/24 23:00:00,Q,CP_MEUR,NSA,B1GQ,BE,2021-Q3,124606.0,
ESTAT:NAMQ_10_GDP(1.0),24/10/24 23:00:00,Q,CP_MEUR,NSA,B1GQ,BE,2021-Q4,138125.0,
ESTAT:NAMQ_10_GDP(1.0),24/10/24 23:00:00,Q,CP_MEUR,NSA,B1GQ,BE,2022-Q1,131964.0,p
ESTAT:NAMQ_10_GDP(1.0),24/10/24 23:00:00,Q,CP_MEUR,NSA,B1GQ,BE,2022-Q2,138681.0,p
ESTAT:NAMQ_10_GDP(1.0),24/10/24 23:00:00,Q,CP_MEUR,NSA,B1GQ,BE,2022-Q3,135441.0,p
ESTAT:NAMQ_10_GDP(1.0),24/10/24 23:00:00,Q,CP_MEUR,NSA,B1GQ,BE,2022-Q4,148128.0,p
ESTAT:NAMQ_10_GDP(1.0),24/10/24 23:00:00,Q,CP_MEUR,NSA,B1GQ,BE,2023-Q1,142047.0,p
ESTAT:NAMQ_10_GDP(1.0),24/10/24 23:00:00,Q,CP_MEUR,NSA,B1GQ,BE,2023-Q2,146288.0,p
ESTAT:NAMQ_10_GDP(1.0),24/10/24 23:00:00,Q,CP_MEUR,NSA,B1GQ,BE,2023-Q3,142284.0,p
ESTAT:NAMQ_10_GDP(1.0),24/10/24 23:00:00,Q,CP_MEUR,NSA,B1GQ,BE,2023-Q4,154080.0,p
ESTAT:NAMQ_10_GDP(1.0),24/10/24 23:00:00,Q,CP_MEUR,NSA,B1GQ,BE,2024-Q1,146803.0,p
ESTAT:NAMQ_10_GDP(1.0),24/10/24 23:00:00,Q,CP_MEUR,NSA,B1GQ,BE,2024-Q2,152363.0,p
ESTAT:NAMQ_10_GDP(1.0),24/10/24 23:00:00,Q,CP_MEUR,NSA,B1GQ,BG,1995-Q1,3175.8,
ESTAT:NAMQ_10_GDP(1.0),24/10/24 23:00:00,Q,CP_MEUR,NSA,B1GQ,BG,1995-Q2,3162.8,
ESTAT:NAMQ_10_GDP(1.0),24/10/24 23:00:00,Q,CP_MEUR,NSA,B1GQ,BG,1995-Q3,3796.9,
ESTAT:NAMQ_10_GDP(1.0),24/10/24 23:00:00,Q,CP_MEUR,NSA,B1GQ,BG,1995-Q4,4339.3,
ESTAT:NAMQ_10_GDP(1.0),24/10/24 23:00:00,Q,CP_MEUR,NSA,B1GQ,BG,1996-Q1,3757.2,
ESTAT:NAMQ_10_GDP(1.0),24/10/24 23:00:00,Q,CP_MEUR,NSA,B1GQ,BG,1996-Q2,2561.8,
ESTAT:NAMQ_10_GDP(1.0),24/10/24 23:00:00,Q,CP_MEUR,NSA,B1GQ,BG,1996-Q3,2300.0,
ESTAT:NAMQ_10_GDP(1.0),24/10/24 23:00:00,Q,CP_MEUR,NSA,B1GQ,BG,1996-Q4,2244.4,
ESTAT:NAMQ_10_GDP(1.0),24/10/24 23:00:00,Q,CP_MEUR,NSA,B1GQ,BG,1997-Q1,1189.0,
ESTAT:NAMQ_10_GDP(1.0),24/10/24 23:00:00,Q,CP_MEUR,NSA,B1GQ,BG,1997-Q2,2194.9,
ESTAT:NAMQ_10_GDP(1.0),24/10/24 23:00:00,Q,CP_MEUR,NSA,B1GQ,BG,1997-Q3,3321.2,
ESTAT:NAMQ_10_GDP(1.0),24/10/24 23:00:00,Q,CP_MEUR,NSA,B1GQ,BG,1997-Q4,3230.1,
ESTAT:NAMQ_10_GDP(1.0),24/10/24 23:00:00,Q,CP_MEUR,NSA,B1GQ,BG,1998-Q1,2814.1,
ESTAT:NAMQ_10_GDP(1.0),24/10/24 23:00:00,Q,CP_MEUR,NSA,B1GQ,BG,1998-Q2,2982.0,
ESTAT:NAMQ_10_GDP(1.0),24/10/24 23:00:00,Q,CP_MEUR,NSA,B1GQ,BG,1998-Q3,3750.9,
ESTAT:NAMQ_10_GDP(1.0),24/10/24 23:00:00,Q,CP_MEUR,NSA,B1GQ,BG,1998-Q4,3895.9,
ESTAT:NAMQ_10_GDP(1.0),24/10/24 23:00:00,Q,CP_MEUR,NSA,B1GQ,BG,1999-Q1,2591.2,
ESTAT:NAMQ_10_GDP(1.0),24/10/24 23:00:00,Q,CP_MEUR,NSA,B1GQ,BG,1999-Q2,2840.6,
ESTAT:NAMQ_10_GDP(1.0),24/10/24 23:00:00,Q,CP_MEUR,NSA,B1GQ,BG,1999-Q3,3658.4,
ESTAT:NAMQ_10_GDP(1.0),24/10/24 23:00:00,Q,CP_MEUR,NSA,B1GQ,BG,1999-Q4,3714.3,
ESTAT:NAMQ_10_GDP(1.0),24/10/24 23:00:00,Q,CP_MEUR,NSA,B1GQ,BG,2000-Q1,2948.6,
ESTAT:NAMQ_10_GDP(1.0),24/10/24 23:00:00,Q,CP_MEUR,NSA,B1GQ,BG,2000-Q2,3276.9,
ESTAT:NAMQ_10_GDP(1.0),24/10/24 23:00:00,Q,CP_MEUR,NSA,B1GQ,BG,2000-Q3,4032.7,
ESTAT:NAMQ_10_GDP(1.0),24/10/24 23:00:00,Q,CP_MEUR,NSA,B1GQ,BG,2000-Q4,4156.3,
ESTAT:NAMQ_10_GDP(1.0),24/10/24 23:00:00,Q,CP_MEUR,NSA,B1GQ,BG,2001-Q1,3294.0,
ESTAT:NAMQ_10_GDP(1.0),24/10/24 23:00:00,Q,CP_MEUR,NSA,B1GQ,BG,2001-Q2,3678.6,
ESTAT:NAMQ_10_GDP(1.0),24/10/24 23:00:00,Q,CP_MEUR,NSA,B1GQ,BG,2001-Q3,4453.2,
ESTAT:NAMQ_10_GDP(1.0),24/10/24 23:00:00,Q,CP_MEUR,NSA,B1GQ,BG,2001-Q4,4481.4,
ESTAT:NAMQ_10_GDP(1.0),24/10/24 23:00:00,Q,CP_MEUR,NSA,B1GQ,BG,2002-Q1,3657.6,
ESTAT:NAMQ_10_GDP(1.0),24/10/24 23:00:00,Q,CP_MEUR,NSA,B1GQ,BG,2002-Q2,4086.0,
ESTAT:NAMQ_10_GDP(1.0),24/10/24 23:00:00,Q,CP_MEUR,NSA,B1GQ,BG,2002-Q3,4845.5,
ESTAT:NAMQ_10_GDP(1.0),24/10/24 23:00:00,Q,CP_MEUR,NSA,B1GQ,BG,2002-Q4,4889.6,
ESTAT:NAMQ_10_GDP(1.0),24/10/24 23:00:00,Q,CP_MEUR,NSA,B1GQ,BG,2003-Q1,3889.3,
ESTAT:NAMQ_10_GDP(1.0),24/10/24 23:00:00,Q,CP_MEUR,NSA,B1GQ,BG,2003-Q2,4377.0,
ESTAT:NAMQ_10_GDP(1.0),24/10/24 23:00:00,Q,CP_MEUR,NSA,B1GQ,BG,2003-Q3,5235.1,
ESTAT:NAMQ_10_GDP(1.0),24/10/24 23:00:00,Q,CP_MEUR,NSA,B1GQ,BG,2003-Q4,5298.5,
ESTAT:NAMQ_10_GDP(1.0),24/10/24 23:00:00,Q,CP_MEUR,NSA,B1GQ,BG,2004-Q1,4382.7,
ESTAT:NAMQ_10_GDP(1.0),24/10/24 23:00:00,Q,CP_MEUR,NSA,B1GQ,BG,2004-Q2,4948.1,
ESTAT:NAMQ_10_GDP(1.0),24/10/24 23:00:00,Q,CP_MEUR,NSA,B1GQ,BG,2004-Q3,5873.1,
ESTAT:NAMQ_10_GDP(1.0),24/10/24 23:00:00,Q,CP_MEUR,NSA,B1GQ,BG,2004-Q4,5887.3,
ESTAT:NAMQ_10_GDP(1.0),24/10/24 23:00:00,Q,CP_MEUR,NSA,B1GQ,BG,2005-Q1,4940.7,
ESTAT:NAMQ_10_GDP(1.0),24/10/24 23:00:00,Q,CP_MEUR,NSA,B1GQ,BG,2005-Q2,5662.4,
ESTAT:NAMQ_10_GDP(1.0),24/10/24 23:00:00,Q,CP_MEUR,NSA,B1GQ,BG,2005-Q3,6644.6,
ESTAT:NAMQ_10_GDP(1.0),24/10/24 23:00:00,Q,CP_MEUR,NSA,B1GQ,BG,2005-Q4,6791.9,
ESTAT:NAMQ_10_GDP(1.0),24/10/24 23:00:00,Q,CP_MEUR,NSA,B1GQ,BG,2006-Q1,5475.7,
ESTAT:NAMQ_10_GDP(1.0),24/10/24 23:00:00,Q,CP_MEUR,NSA,B1GQ,BG,2006-Q2,6419.7,
ESTAT:NAMQ_10_GDP(1.0),24/10/24 23:00:00,Q,CP_MEUR,NSA,B1GQ,BG,2006-Q3,7663.9,
ESTAT:NAMQ_10_GDP(1.0),24/10/24 23:00:00,Q,CP_MEUR,NSA,B1GQ,BG,2006-Q4,7850.7,
ESTAT:NAMQ_10_GDP(1.0),24/10/24 23:00:00,Q,CP_MEUR,NSA,B1GQ,BG,2007-Q1,6669.2,
ESTAT:NAMQ_10_GDP(1.0),24/10/24 23:00:00,Q,CP_MEUR,NSA,B1GQ,BG,2007-Q2,7551.4,
ESTAT:NAMQ_10_GDP(1.0),24/10/24 23:00:00,Q,CP_MEUR,NSA,B1GQ,BG,2007-Q3,8970.4,
ESTAT:NAMQ_10_GDP(1.0),24/10/24 23:00:00,Q,CP_MEUR,NSA,B1GQ,BG,2007-Q4,9273.7,
ESTAT:NAMQ_10_GDP(1.0),24/10/24 23:00:00,Q,CP_MEUR,NSA,B1GQ,BG,2008-Q1,7616.4,
ESTAT:NAMQ_10_GDP(1.0),24/10/24 23:00:00,Q,CP_MEUR,NSA,B1GQ,BG,2008-Q2,8952.1,
ESTAT:NAMQ_10_GDP(1.0),24/10/24 23:00:00,Q,CP_MEUR,NSA,B1GQ,BG,2008-Q3,10367.3,
ESTAT:NAMQ_10_GDP(1.0),24/10/24 23:00:00,Q,CP_MEUR,NSA,B1GQ,BG,2008-Q4,10310.8,
ESTAT:NAMQ_10_GDP(1.0),24/10/24 23:00:00,Q,CP_MEUR,NSA,B1GQ,BG,2009-Q1,7911.1,
ESTAT:NAMQ_10_GDP(1.0),24/10/24 23:00:00,Q,CP_MEUR,NSA,B1GQ,BG,2009-Q2,9304.0,
ESTAT:NAMQ_10_GDP(1.0),24/10/24 23:00:00,Q,CP_MEUR,NSA,B1GQ,BG,2009-Q3,10017.7,
ESTAT:NAMQ_10_GDP(1.0),24/10/24 23:00:00,Q,CP_MEUR,NSA,B1GQ,BG,2009-Q4,10184.8,
ESTAT:NAMQ_10_GDP(1.0),24/10/24 23:00:00,Q,CP_MEUR,NSA,B1GQ,BG,2010-Q1,7633.5,
ESTAT:NAMQ_10_GDP(1.0),24/10/24 23:00:00,Q,CP_MEUR,NSA,B1GQ,BG,2010-Q2,9249.3,
ESTAT:NAMQ_10_GDP(1.0),24/10/24 23:00:00,Q,CP_MEUR,NSA,B1GQ,BG,2010-Q3,10398.7,
ESTAT:NAMQ_10_GDP(1.0),24/10/24 23:00:00,Q,CP_MEUR,NSA,B1GQ,BG,2010-Q4,11008.4,
ESTAT:NAMQ_10_GDP(1.0),24/10/24 23:00:00,Q,CP_MEUR,NSA,B1GQ,BG,2011-Q1,8861.8,
ESTAT:NAMQ_10_GDP(1.0),24/10/24 23:00:00,Q,CP_MEUR,NSA,B1GQ,BG,2011-Q2,10405.1,
ESTAT:NAMQ_10_GDP(1.0),24/10/24 23:00:00,Q,CP_MEUR,NSA,B1GQ,BG,2011-Q3,11365.9,
ESTAT:NAMQ_10_GDP(1.0),24/10/24 23:00:00,Q,CP_MEUR,NSA,B1GQ,BG,2011-Q4,10847.1,
ESTAT:NAMQ_10_GDP(1.0),24/10/24 23:00:00,Q,CP_MEUR,NSA,B1GQ,BG,2012-Q1,8703.1,
ESTAT:NAMQ_10_GDP(1.0),24/10/24 23:00:00,Q,CP_MEUR,NSA,B1GQ,BG,2012-Q2,10504.3,
ESTAT:NAMQ_10_GDP(1.0),24/10/24 23:00:00,Q,CP_MEUR,NSA,B1GQ,BG,2012-Q3,11530.3,
ESTAT:NAMQ_10_GDP(1.0),24/10/24 23:00:00,Q,CP_MEUR,NSA,B1GQ,BG,2012-Q4,11517.6,
ESTAT:NAMQ_10_GDP(1.0),24/10/24 23:00:00,Q,CP_MEUR,NSA,B1GQ,BG,2013-Q1,8881.3,
ESTAT:NAMQ_10_GDP(1.0),24/10/24 23:00:00,Q,CP_MEUR,NSA,B1GQ,BG,2013-Q2,10258.6,
ESTAT:NAMQ_10_GDP(1.0),24/10/24 23:00:00,Q,CP_MEUR,NSA,B1GQ,BG,2013-Q3,11255.6,
ESTAT:NAMQ_10_GDP(1.0),24/10/24 23:00:00,Q,CP_MEUR,NSA,B1GQ,BG,2013-Q4,11660.7,
ESTAT:NAMQ_10_GDP(1.0),24/10/24 23:00:00,Q,CP_MEUR,NSA,B1GQ,BG,2014-Q1,8654.0,
ESTAT:NAMQ_10_GDP(1.0),24/10/24 23:00:00,Q,CP_MEUR,NSA,B1GQ,BG,2014-Q2,10356.6,
ESTAT:NAMQ_10_GDP(1.0),24/10/24 23:00:00,Q,CP_MEUR,NSA,B1GQ,BG,2014-Q3,11945.9,
ESTAT:NAMQ_10_GDP(1.0),24/10/24 23:00:00,Q,CP_MEUR,NSA,B1GQ,BG,2014-Q4,12068.2,
ESTAT:NAMQ_10_GDP(1.0),24/10/24 23:00:00,Q,CP_MEUR,NSA,B1GQ,BG,2015-Q1,9346.8,
ESTAT:NAMQ_10_GDP(1.0),24/10/24 23:00:00,Q,CP_MEUR,NSA,B1GQ,BG,2015-Q2,11392.3,
ESTAT:NAMQ_10_GDP(1.0),24/10/24 23:00:00,Q,CP_MEUR,NSA,B1GQ,BG,2015-Q3,12359.5,
ESTAT:NAMQ_10_GDP(1.0),24/10/24 23:00:00,Q,CP_MEUR,NSA,B1GQ,BG,2015-Q4,12699.2,
ESTAT:NAMQ_10_GDP(1.0),24/10/24 23:00:00,Q,CP_MEUR,NSA,B1GQ,BG,2016-Q1,10072.8,
ESTAT:NAMQ_10_GDP(1.0),24/10/24 23:00:00,Q,CP_MEUR,NSA,B1GQ,BG,2016-Q2,11770.3,
ESTAT:NAMQ_10_GDP(1.0),24/10/24 23:00:00,Q,CP_MEUR,NSA,B1GQ,BG,2016-Q3,13261.4,
ESTAT:NAMQ_10_GDP(1.0),24/10/24 23:00:00,Q,CP_MEUR,NSA,B1GQ,BG,2016-Q4,13647.6,
ESTAT:NAMQ_10_GDP(1.0),24/10/24 23:00:00,Q,CP_MEUR,NSA,B1GQ,BG,2017-Q1,10724.7,
ESTAT:NAMQ_10_GDP(1.0),24/10/24 23:00:00,Q,CP_MEUR,NSA,B1GQ,BG,2017-Q2,12741.9,
ESTAT:NAMQ_10_GDP(1.0),24/10/24 23:00:00,Q,CP_MEUR,NSA,B1GQ,BG,2017-Q3,14302.0,
ESTAT:NAMQ_10_GDP(1.0),24/10/24 23:00:00,Q,CP_MEUR,NSA,B1GQ,BG,2017-Q4,14733.2,
ESTAT:NAMQ_10_GDP(1.0),24/10/24 23:00:00,Q,CP_MEUR,NSA,B1GQ,BG,2018-Q1,11325.8,
ESTAT:NAMQ_10_GDP(1.0),24/10/24 23:00:00,Q,CP_MEUR,NSA,B1GQ,BG,2018-Q2,13727.8,
ESTAT:NAMQ_10_GDP(1.0),24/10/24 23:00:00,Q,CP_MEUR,NSA,B1GQ,BG,2018-Q3,15556.0,
ESTAT:NAMQ_10_GDP(1.0),24/10/24 23:00:00,Q,CP_MEUR,NSA,B1GQ,BG,2018-Q4,15521.7,
ESTAT:NAMQ_10_GDP(1.0),24/10/24 23:00:00,Q,CP_MEUR,NSA,B1GQ,BG,2019-Q1,12893.9,
ESTAT:NAMQ_10_GDP(1.0),24/10/24 23:00:00,Q,CP_MEUR,NSA,B1GQ,BG,2019-Q2,15207.1,
ESTAT:NAMQ_10_GDP(1.0),24/10/24 23:00:00,Q,CP_MEUR,NSA,B1GQ,BG,2019-Q3,16260.5,
ESTAT:NAMQ_10_GDP(1.0),24/10/24 23:00:00,Q,CP_MEUR,NSA,B1GQ,BG,2019-Q4,16946.7,
ESTAT:NAMQ_10_GDP(1.0),24/10/24 23:00:00,Q,CP_MEUR,NSA,B1GQ,BG,2020-Q1,13220.5,
ESTAT:NAMQ_10_GDP(1.0),24/10/24 23:00:00,Q,CP_MEUR,NSA,B1GQ,BG,2020-Q2,14378.1,
ESTAT:NAMQ_10_GDP(1.0),24/10/24 23:00:00,Q,CP_MEUR,NSA,B1GQ,BG,2020-Q3,16872.8,
ESTAT:NAMQ_10_GDP(1.0),24/10/24 23:00:00,Q,CP_MEUR,NSA,B1GQ,BG,2020-Q4,17441.1,
ESTAT:NAMQ_10_GDP(1.0),24/10/24 23:00:00,Q,CP_MEUR,NSA,B1GQ,BG,2021-Q1,14572.6,
ESTAT:NAMQ_10_GDP(1.0),24/10/24 23:00:00,Q,CP_MEUR,NSA,B1GQ,BG,2021-Q2,16606.1,
ESTAT:NAMQ_10_GDP(1.0),24/10/24 23:00:00,Q,CP_MEUR,NSA,B1GQ,BG,2021-Q3,19611.4,
ESTAT:NAMQ_10_GDP(1.0),24/10/24 23:00:00,Q,CP_MEUR,NSA,B1GQ,BG,2021-Q4,20588.3,
ESTAT:NAMQ_10_GDP(1.0),24/10/24 23:00:00,Q,CP_MEUR,NSA,B1GQ,BG,2022-Q1,17300.3,
ESTAT:NAMQ_10_GDP(1.0),24/10/24 23:00:00,Q,CP_MEUR,NSA,B1GQ,BG,2022-Q2,19999.3,
ESTAT:NAMQ_10_GDP(1.0),24/10/24 23:00:00,Q,CP_MEUR,NSA,B1GQ,BG,2022-Q3,23369.4,
ESTAT:NAMQ_10_GDP(1.0),24/10/24 23:00:00,Q,CP_MEUR,NSA,B1GQ,BG,2022-Q4,25413.4,
ESTAT:NAMQ_10_GDP(1.0),24/10/24 23:00:00,Q,CP_MEUR,NSA,B1GQ,BG,2023-Q1,20449.0,
ESTAT:NAMQ_10_GDP(1.0),24/10/24 23:00:00,Q,CP_MEUR,NSA,B1GQ,BG,2023-Q2,22188.0,
ESTAT:NAMQ_10_GDP(1.0),24/10/24 23:00:00,Q,CP_MEUR,NSA,B1GQ,BG,2023-Q3,24881.4,
ESTAT:NAMQ_10_GDP(1.0),24/10/24 23:00:00,Q,CP_MEUR,NSA,B1GQ,BG,2023-Q4,27190.9,
ESTAT:NAMQ_10_GDP(1.0),24/10/24 23:00:00,Q,CP_MEUR,NSA,B1GQ,BG,2024-Q1,22171.0,p
ESTAT:NAMQ_10_GDP(1.0),24/10/24 23:00:00,Q,CP_MEUR,NSA,B1GQ,BG,2024-Q2,24615.2,p
ESTAT:NAMQ_10_GDP(1.0),24/10/24 23:00:00,Q,CP_MEUR,NSA,B1GQ,CH,1980-Q1,20975.2,
ESTAT:NAMQ_10_GDP(1.0),24/10/24 23:00:00,Q,CP_MEUR,NSA,B1GQ,CH,1980-Q2,21827.8,
ESTAT:NAMQ_10_GDP(1.0),24/10/24 23:00:00,Q,CP_MEUR,NSA,B1GQ,CH,1980-Q3,22124.8,
ESTAT:NAMQ_10_GDP(1.0),24/10/24 23:00:00,Q,CP_MEUR,NSA,B1GQ,CH,1980-Q4,23312.7,
ESTAT:NAMQ_10_GDP(1.0),24/10/24 23:00:00,Q,CP_MEUR,NSA,B1GQ,CH,1981-Q1,22244.9,
ESTAT:NAMQ_10_GDP(1.0),24/10/24 23:00:00,Q,CP_MEUR,NSA,B1GQ,CH,1981-Q2,24143.3,
ESTAT:NAMQ_10_GDP(1.0),24/10/24 23:00:00,Q,CP_MEUR,NSA,B1GQ,CH,1981-Q3,25663.1,
ESTAT:NAMQ_10_GDP(1.0),24/10/24 23:00:00,Q,CP_MEUR,NSA,B1GQ,CH,1981-Q4,29266.6,
ESTAT:NAMQ_10_GDP(1.0),24/10/24 23:00:00,Q,CP_MEUR,NSA,B1GQ,CH,1982-Q1,28919.2,
ESTAT:NAMQ_10_GDP(1.0),24/10/24 23:00:00,Q,CP_MEUR,NSA,B1GQ,CH,1982-Q2,29191.0,
ESTAT:NAMQ_10_GDP(1.0),24/10/24 23:00:00,Q,CP_MEUR,NSA,B1GQ,CH,1982-Q3,29130.0,
ESTAT:NAMQ_10_GDP(1.0),24/10/24 23:00:00,Q,CP_MEUR,NSA,B1GQ,CH,1982-Q4,30352.6,
ESTAT:NAMQ_10_GDP(1.0),24/10/24 23:00:00,Q,CP_MEUR,NSA,B1GQ,CH,1983-Q1,30492.0,
ESTAT:NAMQ_10_GDP(1.0),24/10/24 23:00:00,Q,CP_MEUR,NSA,B1GQ,CH,1983-Q2,31619.5,
ESTAT:NAMQ_10_GDP(1.0),24/10/24 23:00:00,Q,CP_MEUR,NSA,B1GQ,CH,1983-Q3,32426.4,
ESTAT:NAMQ_10_GDP(1.0),24/10/24 23:00:00,Q,CP_MEUR,NSA,B1GQ,CH,1983-Q4,34373.3,
ESTAT:NAMQ_10_GDP(1.0),24/10/24 23:00:00,Q,CP_MEUR,NSA,B1GQ,CH,1984-Q1,33702.9,
ESTAT:NAMQ_10_GDP(1.0),24/10/24 23:00:00,Q,CP_MEUR,NSA,B1GQ,CH,1984-Q2,34451.4,
ESTAT:NAMQ_10_GDP(1.0),24/10/24 23:00:00,Q,CP_MEUR,NSA,B1GQ,CH,1984-Q3,34422.1,
ESTAT:NAMQ_10_GDP(1.0),24/10/24 23:00:00,Q,CP_MEUR,NSA,B1GQ,CH,1984-Q4,36630.1,
ESTAT:NAMQ_10_GDP(1.0),24/10/24 23:00:00,Q,CP_MEUR,NSA,B1GQ,CH,1985-Q1,34829.0,
ESTAT:NAMQ_10_GDP(1.0),24/10/24 23:00:00,Q,CP_MEUR,NSA,B1GQ,CH,1985-Q2,36161.3,
ESTAT:NAMQ_10_GDP(1.0),24/10/24 23:00:00,Q,CP_MEUR,NSA,B1GQ,CH,1985-Q3,36869.0,
ESTAT:NAMQ_10_GDP(1.0),24/10/24 23:00:00,Q,CP_MEUR,NSA,B1GQ,CH,1985-Q4,39120.1,
ESTAT:NAMQ_10_GDP(1.0),24/10/24 23:00:00,Q,CP_MEUR,NSA,B1GQ,CH,1986-Q1,37678.4,
ESTAT:NAMQ_10_GDP(1.0),24/10/24 23:00:00,Q,CP_MEUR,NSA,B1GQ,CH,1986-Q2,40346.9,
ESTAT:NAMQ_10_GDP(1.0),24/10/24 23:00:00,Q,CP_MEUR,NSA,B1GQ,CH,1986-Q3,41893.1,
ESTAT:NAMQ_10_GDP(1.0),24/10/24 23:00:00,Q,CP_MEUR,NSA,B1GQ,CH,1986-Q4,42675.8,
ESTAT:NAMQ_10_GDP(1.0),24/10/24 23:00:00,Q,CP_MEUR,NSA,B1GQ,CH,1987-Q1,40905.2,
ESTAT:NAMQ_10_GDP(1.0),24/10/24 23:00:00,Q,CP_MEUR,NSA,B1GQ,CH,1987-Q2,42987.1,
ESTAT:NAMQ_10_GDP(1.0),24/10/24 23:00:00,Q,CP_MEUR,NSA,B1GQ,CH,1987-Q3,43308.0,
ESTAT:NAMQ_10_GDP(1.0),24/10/24 23:00:00,Q,CP_MEUR,NSA,B1GQ,CH,1987-Q4,45801.5,
ESTAT:NAMQ_10_GDP(1.0),24/10/24 23:00:00,Q,CP_MEUR,NSA,B1GQ,CH,1988-Q1,44484.1,
ESTAT:NAMQ_10_GDP(1.0),24/10/24 23:00:00,Q,CP_MEUR,NSA,B1GQ,CH,1988-Q2,45122.3,
ESTAT:NAMQ_10_GDP(1.0),24/10/24 23:00:00,Q,CP_MEUR,NSA,B1GQ,CH,1988-Q3,45327.3,
ESTAT:NAMQ_10_GDP(1.0),24/10/24 23:00:00,Q,CP_MEUR,NSA,B1GQ,CH,1988-Q4,47535.2,
ESTAT:NAMQ_10_GDP(1.0),24/10/24 23:00:00,Q,CP_MEUR,NSA,B1GQ,CH,1989-Q1,45549.3,
ESTAT:NAMQ_10_GDP(1.0),24/10/24 23:00:00,Q,CP_MEUR,NSA,B1GQ,CH,1989-Q2,46695.2,
ESTAT:NAMQ_10_GDP(1.0),24/10/24 23:00:00,Q,CP_MEUR,NSA,B1GQ,CH,1989-Q3,47688.5,
ESTAT:NAMQ_10_GDP(1.0),24/10/24 23:00:00,Q,CP_MEUR,NSA,B1GQ,CH,1989-Q4,49138.0,
ESTAT:NAMQ_10_GDP(1.0),24/10/24 23:00:00,Q,CP_MEUR,NSA,B1GQ,CH,1990-Q1,49165.0,
ESTAT:NAMQ_10_GDP(1.0),24/10/24 23:00:00,Q,CP_MEUR,NSA,B1GQ,CH,1990-Q2,52322.5,
ESTAT:NAMQ_10_GDP(1.0),24/10/24 23:00:00,Q,CP_MEUR,NSA,B1GQ,CH,1990-Q3,53316.8,
ESTAT:NAMQ_10_GDP(1.0),24/10/24 23:00:00,Q,CP_MEUR,NSA,B1GQ,CH,1990-Q4,54855.8,
ESTAT:NAMQ_10_GDP(1.0),24/10/24 23:00:00,Q,CP_MEUR,NSA,B1GQ,CH,1991-Q1,53702.4,
ESTAT:NAMQ_10_GDP(1.0),24/10/24 23:00:00,Q,CP_MEUR,NSA,B1GQ,CH,1991-Q2,54960.4,
ESTAT:NAMQ_10_GDP(1.0),24/10/24 23:00:00,Q,CP_MEUR,NSA,B1GQ,CH,1991-Q3,53941.3,
ESTAT:NAMQ_10_GDP(1.0),24/10/24 23:00:00,Q,CP_MEUR,NSA,B1GQ,CH,1991-Q4,55001.5,
ESTAT:NAMQ_10_GDP(1.0),24/10/24 23:00:00,Q,CP_MEUR,NSA,B1GQ,CH,1992-Q1,53054.5,
ESTAT:NAMQ_10_GDP(1.0),24/10/24 23:00:00,Q,CP_MEUR,NSA,B1GQ,CH,1992-Q2,52718.6,
ESTAT:NAMQ_10_GDP(1.0),24/10/24 23:00:00,Q,CP_MEUR,NSA,B1GQ,CH,1992-Q3,54138.0,
ESTAT:NAMQ_10_GDP(1.0),24/10/24 23:00:00,Q,CP_MEUR,NSA,B1GQ,CH,1992-Q4,56623.6,
ESTAT:NAMQ_10_GDP(1.0),24/10/24 23:00:00,Q,CP_MEUR,NSA,B1GQ,CH,1993-Q1,54121.8,
ESTAT:NAMQ_10_GDP(1.0),24/10/24 23:00:00,Q,CP_MEUR,NSA,B1GQ,CH,1993-Q2,56843.3,
ESTAT:NAMQ_10_GDP(1.0),24/10/24 23:00:00,Q,CP_MEUR,NSA,B1GQ,CH,1993-Q3,59535.9,
ESTAT:NAMQ_10_GDP(1.0),24/10/24 23:00:00,Q,CP_MEUR,NSA,B1GQ,CH,1993-Q4,62141.8,
ESTAT:NAMQ_10_GDP(1.0),24/10/24 23:00:00,Q,CP_MEUR,NSA,B1GQ,CH,1994-Q1,62337.7,
ESTAT:NAMQ_10_GDP(1.0),24/10/24 23:00:00,Q,CP_MEUR,NSA,B1GQ,CH,1994-Q2,62299.0,
ESTAT:NAMQ_10_GDP(1.0),24/10/24 23:00:00,Q,CP_MEUR,NSA,B1GQ,CH,1994-Q3,63905.7,
ESTAT:NAMQ_10_GDP(1.0),24/10/24 23:00:00,Q,CP_MEUR,NSA,B1GQ,CH,1994-Q4,65695.6,
ESTAT:NAMQ_10_GDP(1.0),24/10/24 23:00:00,Q,CP_MEUR,NSA,B1GQ,CH,1995-Q1,64546.7,
ESTAT:NAMQ_10_GDP(1.0),24/10/24 23:00:00,Q,CP_MEUR,NSA,B1GQ,CH,1995-Q2,67655.1,
ESTAT:NAMQ_10_GDP(1.0),24/10/24 23:00:00,Q,CP_MEUR,NSA,B1GQ,CH,1995-Q3,67566.8,
ESTAT:NAMQ_10_GDP(1.0),24/10/24 23:00:00,Q,CP_MEUR,NSA,B1GQ,CH,1995-Q4,70342.0,
ESTAT:NAMQ_10_GDP(1.0),24/10/24 23:00:00,Q,CP_MEUR,NSA,B1GQ,CH,1996-Q1,67670.1,
ESTAT:NAMQ_10_GDP(1.0),24/10/24 23:00:00,Q,CP_MEUR,NSA,B1GQ,CH,1996-Q2,67654.2,
ESTAT:NAMQ_10_GDP(1.0),24/10/24 23:00:00,Q,CP_MEUR,NSA,B1GQ,CH,1996-Q3,67027.2,
ESTAT:NAMQ_10_GDP(1.0),24/10/24 23:00:00,Q,CP_MEUR,NSA,B1GQ,CH,1996-Q4,65833.5,
ESTAT:NAMQ_10_GDP(1.0),24/10/24 23:00:00,Q,CP_MEUR,NSA,B1GQ,CH,1997-Q1,61471.8,
ESTAT:NAMQ_10_GDP(1.0),24/10/24 23:00:00,Q,CP_MEUR,NSA,B1GQ,CH,1997-Q2,64510.2,
ESTAT:NAMQ_10_GDP(1.0),24/10/24 23:00:00,Q,CP_MEUR,NSA,B1GQ,CH,1997-Q3,65894.9,
ESTAT:NAMQ_10_GDP(1.0),24/10/24 23:00:00,Q,CP_MEUR,NSA,B1GQ,CH,1997-Q4,68437.6,
ESTAT:NAMQ_10_GDP(1.0),24/10/24 23:00:00,Q,CP_MEUR,NSA,B1GQ,CH,1998-Q1,66963.0,
ESTAT:NAMQ_10_GDP(1.0),24/10/24 23:00:00,Q,CP_MEUR,NSA,B1GQ,CH,1998-Q2,67285.3,
ESTAT:NAMQ_10_GDP(1.0),24/10/24 23:00:00,Q,CP_MEUR,NSA,B1GQ,CH,1998-Q3,67112.6,
ESTAT:NAMQ_10_GDP(1.0),24/10/24 23:00:00,Q,CP_MEUR,NSA,B1GQ,CH,1998-Q4,69881.2,
ESTAT:NAMQ_10_GDP(1.0),24/10/24 23:00:00,Q,CP_MEUR,NSA,B1GQ,CH,1999-Q1,67756.7,
ESTAT:NAMQ_10_GDP(1.0),24/10/24 23:00:00,Q,CP_MEUR,NSA,B1GQ,CH,1999-Q2,69083.4,
ESTAT:NAMQ_10_GDP(1.0),24/10/24 23:00:00,Q,CP_MEUR,NSA,B1GQ,CH,1999-Q3,69707.0,
ESTAT:NAMQ_10_GDP(1.0),24/10/24 23:00:00,Q,CP_MEUR,NSA,B1GQ,CH,1999-Q4,73056.5,
ESTAT:NAMQ_10_GDP(1.0),24/10/24 23:00:00,Q,CP_MEUR,NSA,B1GQ,CH,2000-Q1,71214.3,
ESTAT:NAMQ_10_GDP(1.0),24/10/24 23:00:00,Q,CP_MEUR,NSA,B1GQ,CH,2000-Q2,74620.5,
ESTAT:NAMQ_10_GDP(1.0),24/10/24 23:00:00,Q,CP_MEUR,NSA,B1GQ,CH,2000-Q3,76482.2,
ESTAT:NAMQ_10_GDP(1.0),24/10/24 23:00:00,Q,CP_MEUR,NSA,B1GQ,CH,2000-Q4,80708.8,
ESTAT:NAMQ_10_GDP(1.0),24/10/24 23:00:00,Q,CP_MEUR,NSA,B1GQ,CH,2001-Q1,77567.7,
ESTAT:NAMQ_10_GDP(1.0),24/10/24 23:00:00,Q,CP_MEUR,NSA,B1GQ,CH,2001-Q2,79180.7,
ESTAT:NAMQ_10_GDP(1.0),24/10/24 23:00:00,Q,CP_MEUR,NSA,B1GQ,CH,2001-Q3,80173.8,
ESTAT:NAMQ_10_GDP(1.0),24/10/24 23:00:00,Q,CP_MEUR,NSA,B1GQ,CH,2001-Q4,83380.2,
ESTAT:NAMQ_10_GDP(1.0),24/10/24 23:00:00,Q,CP_MEUR,NSA,B1GQ,CH,2002-Q1,80223.8,
ESTAT:NAMQ_10_GDP(1.0),24/10/24 23:00:00,Q,CP_MEUR,NSA,B1GQ,CH,2002-Q2,82332.8,
ESTAT:NAMQ_10_GDP(1.0),24/10/24 23:00:00,Q,CP_MEUR,NSA,B1GQ,CH,2002-Q3,82383.7,
ESTAT:NAMQ_10_GDP(1.0),24/10/24 23:00:00,Q,CP_MEUR,NSA,B1GQ,CH,2002-Q4,83661.0,
ESTAT:NAMQ_10_GDP(1.0),24/10/24 23:00:00,Q,CP_MEUR,NSA,B1GQ,CH,2003-Q1,80950.1,
ESTAT:NAMQ_10_GDP(1.0),24/10/24 23:00:00,Q,CP_MEUR,NSA,B1GQ,CH,2003-Q2,79708.5,
ESTAT:NAMQ_10_GDP(1.0),24/10/24 23:00:00,Q,CP_MEUR,NSA,B1GQ,CH,2003-Q3,78939.3,
ESTAT:NAMQ_10_GDP(1.0),24/10/24 23:00:00,Q,CP_MEUR,NSA,B1GQ,CH,2003-Q4,81065.1,
ESTAT:NAMQ_10_GDP(1.0),24/10/24 23:00:00,Q,CP_MEUR,NSA,B1GQ,CH,2004-Q1,78218.9,
ESTAT:NAMQ_10_GDP(1.0),24/10/24 23:00:00,Q,CP_MEUR,NSA,B1GQ,CH,2004-Q2,81810.0,
ESTAT:NAMQ_10_GDP(1.0),24/10/24 23:00:00,Q,CP_MEUR,NSA,B1GQ,CH,2004-Q3,81420.7,
ESTAT:NAMQ_10_GDP(1.0),24/10/24 23:00:00,Q,CP_MEUR,NSA,B1GQ,CH,2004-Q4,83937.8,
ESTAT:NAMQ_10_GDP(1.0),24/10/24 23:00:00,Q,CP_MEUR,NSA,B1GQ,CH,2005-Q1,80911.7,
ESTAT:NAMQ_10_GDP(1.0),24/10/24 23:00:00,Q,CP_MEUR,NSA,B1GQ,CH,2005-Q2,84051.7,
ESTAT:NAMQ_10_GDP(1.0),24/10/24 23:00:00,Q,CP_MEUR,NSA,B1GQ,CH,2005-Q3,84141.4,
ESTAT:NAMQ_10_GDP(1.0),24/10/24 23:00:00,Q,CP_MEUR,NSA,B1GQ,CH,2005-Q4,87309.2,
ESTAT:NAMQ_10_GDP(1.0),24/10/24 23:00:00,Q,CP_MEUR,NSA,B1GQ,CH,2006-Q1,85774.5,
ESTAT:NAMQ_10_GDP(1.0),24/10/24 23:00:00,Q,CP_MEUR,NSA,B1GQ,CH,2006-Q2,88015.2,
ESTAT:NAMQ_10_GDP(1.0),24/10/24 23:00:00,Q,CP_MEUR,NSA,B1GQ,CH,2006-Q3,88135.9,
ESTAT:NAMQ_10_GDP(1.0),24/10/24 23:00:00,Q,CP_MEUR,NSA,B1GQ,CH,2006-Q4,90061.5,
ESTAT:NAMQ_10_GDP(1.0),24/10/24 23:00:00,Q,CP_MEUR,NSA,B1GQ,CH,2007-Q1,87719.5,
ESTAT:NAMQ_10_GDP(1.0),24/10/24 23:00:00,Q,CP_MEUR,NSA,B1GQ,CH,2007-Q2,89159.5,
ESTAT:NAMQ_10_GDP(1.0),24/10/24 23:00:00,Q,CP_MEUR,NSA,B1GQ,CH,2007-Q3,89962.8,
ESTAT:NAMQ_10_GDP(1.0),24/10/24 23:00:00,Q,CP_MEUR,NSA,B1GQ,CH,2007-Q4,91708.9,
ESTAT:NAMQ_10_GDP(1.0),24/10/24 23:00:00,Q,CP_MEUR,NSA,B1GQ,CH,2008-Q1,93332.5,
ESTAT:NAMQ_10_GDP(1.0),24/10/24 23:00:00,Q,CP_MEUR,NSA,B1GQ,CH,2008-Q2,96229.7,
ESTAT:NAMQ_10_GDP(1.0),24/10/24 23:00:00,Q,CP_MEUR,NSA,B1GQ,CH,2008-Q3,96496.8,
ESTAT:NAMQ_10_GDP(1.0),24/10/24 23:00:00,Q,CP_MEUR,NSA,B1GQ,CH,2008-Q4,101236.8,
ESTAT:NAMQ_10_GDP(1.0),24/10/24 23:00:00,Q,CP_MEUR,NSA,B1GQ,CH,2009-Q1,98015.5,
ESTAT:NAMQ_10_GDP(1.0),24/10/24 23:00:00,Q,CP_MEUR,NSA,B1GQ,CH,2009-Q2,98850.2,
ESTAT:NAMQ_10_GDP(1.0),24/10/24 23:00:00,Q,CP_MEUR,NSA,B1GQ,CH,2009-Q3,99883.1,
ESTAT:NAMQ_10_GDP(1.0),24/10/24 23:00:00,Q,CP_MEUR,NSA,B1GQ,CH,2009-Q4,102617.6,
ESTAT:NAMQ_10_GDP(1.0),24/10/24 23:00:00,Q,CP_MEUR,NSA,B1GQ,CH,2010-Q1,103746.1,
ESTAT:NAMQ_10_GDP(1.0),24/10/24 23:00:00,Q,CP_MEUR,NSA,B1GQ,CH,2010-Q2,110655.1,
ESTAT:NAMQ_10_GDP(1.0),24/10/24 23:00:00,Q,CP_MEUR,NSA,B1GQ,CH,2010-Q3,117518.7,
ESTAT:NAMQ_10_GDP(1.0),24/10/24 23:00:00,Q,CP_MEUR,NSA,B1GQ,CH,2010-Q4,121231.3,
ESTAT:NAMQ_10_GDP(1.0),24/10/24 23:00:00,Q,CP_MEUR,NSA,B1GQ,CH,2011-Q1,121252.1,
ESTAT:NAMQ_10_GDP(1.0),24/10/24 23:00:00,Q,CP_MEUR,NSA,B1GQ,CH,2011-Q2,127614.2,
ESTAT:NAMQ_10_GDP(1.0),24/10/24 23:00:00,Q,CP_MEUR,NSA,B1GQ,CH,2011-Q3,136158.6,
ESTAT:NAMQ_10_GDP(1.0),24/10/24 23:00:00,Q,CP_MEUR,NSA,B1GQ,CH,2011-Q4,131267.9,
ESTAT:NAMQ_10_GDP(1.0),24/10/24 23:00:00,Q,CP_MEUR,NSA,B1GQ,CH,2012-Q1,130679.8,
ESTAT:NAMQ_10_GDP(1.0),24/10/24 23:00:00,Q,CP_MEUR,NSA,B1GQ,CH,2012-Q2,133803.2,
ESTAT:NAMQ_10_GDP(1.0),24/10/24 23:00:00,Q,CP_MEUR,NSA,B1GQ,CH,2012-Q3,133632.5,
ESTAT:NAMQ_10_GDP(1.0),24/10/24 23:00:00,Q,CP_MEUR,NSA,B1GQ,CH,2012-Q4,135921.5,
ESTAT:NAMQ_10_GDP(1.0),24/10/24 23:00:00,Q,CP_MEUR,NSA,B1GQ,CH,2013-Q1,129465.9,
ESTAT:NAMQ_10_GDP(1.0),24/10/24 23:00:00,Q,CP_MEUR,NSA,B1GQ,CH,2013-Q2,133327.8,
ESTAT:NAMQ_10_GDP(1.0),24/10/24 23:00:00,Q,CP_MEUR,NSA,B1GQ,CH,2013-Q3,132943.5,
ESTAT:NAMQ_10_GDP(1.0),24/10/24 23:00:00,Q,CP_MEUR,NSA,B1GQ,CH,2013-Q4,136020.9,
ESTAT:NAMQ_10_GDP(1.0),24/10/24 23:00:00,Q,CP_MEUR,NSA,B1GQ,CH,2014-Q1,132782.8,
ESTAT:NAMQ_10_GDP(1.0),24/10/24 23:00:00,Q,CP_MEUR,NSA,B1GQ,CH,2014-Q2,136520.9,
ESTAT:NAMQ_10_GDP(1.0),24/10/24 23:00:00,Q,CP_MEUR,NSA,B1GQ,CH,2014-Q3,137567.5,
ESTAT:NAMQ_10_GDP(1.0),24/10/24 23:00:00,Q,CP_MEUR,NSA,B1GQ,CH,2014-Q4,141156.4,
ESTAT:NAMQ_10_GDP(1.0),24/10/24 23:00:00,Q,CP_MEUR,NSA,B1GQ,CH,2015-Q1,152759.7,
ESTAT:NAMQ_10_GDP(1.0),24/10/24 23:00:00,Q,CP_MEUR,NSA,B1GQ,CH,2015-Q2,160203.0,
ESTAT:NAMQ_10_GDP(1.0),24/10/24 23:00:00,Q,CP_MEUR,NSA,B1GQ,CH,2015-Q3,155856.0,
ESTAT:NAMQ_10_GDP(1.0),24/10/24 23:00:00,Q,CP_MEUR,NSA,B1GQ,CH,2015-Q4,157007.4,
ESTAT:NAMQ_10_GDP(1.0),24/10/24 23:00:00,Q,CP_MEUR,NSA,B1GQ,CH,2016-Q1,151229.5,
ESTAT:NAMQ_10_GDP(1.0),24/10/24 23:00:00,Q,CP_MEUR,NSA,B1GQ,CH,2016-Q2,155397.6,
ESTAT:NAMQ_10_GDP(1.0),24/10/24 23:00:00,Q,CP_MEUR,NSA,B1GQ,CH,2016-Q3,155966.1,
ESTAT:NAMQ_10_GDP(1.0),24/10/24 23:00:00,Q,CP_MEUR,NSA,B1GQ,CH,2016-Q4,159231.3,
ESTAT:NAMQ_10_GDP(1.0),24/10/24 23:00:00,Q,CP_MEUR,NSA,B1GQ,CH,2017-Q1,156600.3,
ESTAT:NAMQ_10_GDP(1.0),24/10/24 23:00:00,Q,CP_MEUR,NSA,B1GQ,CH,2017-Q2,156777.9,
ESTAT:NAMQ_10_GDP(1.0),24/10/24 23:00:00,Q,CP_MEUR,NSA,B1GQ,CH,2017-Q3,151424.9,
ESTAT:NAMQ_10_GDP(1.0),24/10/24 23:00:00,Q,CP_MEUR,NSA,B1GQ,CH,2017-Q4,151281.8,
ESTAT:NAMQ_10_GDP(1.0),24/10/24 23:00:00,Q,CP_MEUR,NSA,B1GQ,CH,2018-Q1,147964.0,
ESTAT:NAMQ_10_GDP(1.0),24/10/24 23:00:00,Q,CP_MEUR,NSA,B1GQ,CH,2018-Q2,152361.8,
ESTAT:NAMQ_10_GDP(1.0),24/10/24 23:00:00,Q,CP_MEUR,NSA,B1GQ,CH,2018-Q3,154804.7,
ESTAT:NAMQ_10_GDP(1.0),24/10/24 23:00:00,Q,CP_MEUR,NSA,B1GQ,CH,2018-Q4,159280.1,
ESTAT:NAMQ_10_GDP(1.0),24/10/24 23:00:00,Q,CP_MEUR,NSA,B1GQ,CH,2019-Q1,155332.1,
ESTAT:NAMQ_10_GDP(1.0),24/10/24 23:00:00,Q,CP_MEUR,NSA,B1GQ,CH,2019-Q2,159208.2,
ESTAT:NAMQ_10_GDP(1.0),24/10/24 23:00:00,Q,CP_MEUR,NSA,B1GQ,CH,2019-Q3,163372.5,
ESTAT:NAMQ_10_GDP(1.0),24/10/24 23:00:00,Q,CP_MEUR,NSA,B1GQ,CH,2019-Q4,166553.8,
ESTAT:NAMQ_10_GDP(1.0),24/10/24 23:00:00,Q,CP_MEUR,NSA,B1GQ,CH,2020-Q1,163962.8,
ESTAT:NAMQ_10_GDP(1.0),24/10/24 23:00:00,Q,CP_MEUR,NSA,B1GQ,CH,2020-Q2,155409.8,
ESTAT:NAMQ_10_GDP(1.0),24/10/24 23:00:00,Q,CP_MEUR,NSA,B1GQ,CH,2020-Q3,163986.8,
ESTAT:NAMQ_10_GDP(1.0),24/10/24 23:00:00,Q,CP_MEUR,NSA,B1GQ,CH,2020-Q4,167363.5,
ESTAT:NAMQ_10_GDP(1.0),24/10/24 23:00:00,Q,CP_MEUR,NSA,B1GQ,CH,2021-Q1,161995.2,
ESTAT:NAMQ_10_GDP(1.0),24/10/24 23:00:00,Q,CP_MEUR,NSA,B1GQ,CH,2021-Q2,168733.3,
ESTAT:NAMQ_10_GDP(1.0),24/10/24 23:00:00,Q,CP_MEUR,NSA,B1GQ,CH,2021-Q3,174524.3,
ESTAT:NAMQ_10_GDP(1.0),24/10/24 23:00:00,Q,CP_MEUR,NSA,B1GQ,CH,2021-Q4,184143.2,
ESTAT:NAMQ_10_GDP(1.0),24/10/24 23:00:00,Q,CP_MEUR,NSA,B1GQ,CH,2022-Q1,185179.1,
ESTAT:NAMQ_10_GDP(1.0),24/10/24 23:00:00,Q,CP_MEUR,NSA,B1GQ,CH,2022-Q2,193157.0,
ESTAT:NAMQ_10_GDP(1.0),24/10/24 23:00:00,Q,CP_MEUR,NSA,B1GQ,CH,2022-Q3,203363.8,
ESTAT:NAMQ_10_GDP(1.0),24/10/24 23:00:00,Q,CP_MEUR,NSA,B1GQ,CH,2022-Q4,206289.5,
ESTAT:NAMQ_10_GDP(1.0),24/10/24 23:00:00,Q,CP_MEUR,NSA,B1GQ,CH,2023-Q1,200651.5,
ESTAT:NAMQ_10_GDP(1.0),24/10/24 23:00:00,Q,CP_MEUR,NSA,B1GQ,CH,2023-Q2,204814.1,
ESTAT:NAMQ_10_GDP(1.0),24/10/24 23:00:00,Q,CP_MEUR,NSA,B1GQ,CH,2023-Q3,208020.5,
ESTAT:NAMQ_10_GDP(1.0),24/10/24 23:00:00,Q,CP_MEUR,NSA,B1GQ,CH,2023-Q4,213788.9,
ESTAT:NAMQ_10_GDP(1.0),24/10/24 23:00:00,Q,CP_MEUR,NSA,B1GQ,CH,2024-Q1,213362.6,
ESTAT:NAMQ_10_GDP(1.0),24/10/24 23:00:00,Q,CP_MEUR,NSA,B1GQ,CH,2024-Q2,212660.1,
ESTAT:NAMQ_10_GDP(1.0),24/10/24 23:00:00,Q,CP_MEUR,NSA,B1GQ,CY,1995-Q1,1730.6,
ESTAT:NAMQ_10_GDP(1.0),24/10/24 23:00:00,Q,CP_MEUR,NSA,B1GQ,CY,1995-Q2,1928.9,
ESTAT:NAMQ_10_GDP(1.0),24/10/24 23:00:00,Q,CP_MEUR,NSA,B1GQ,CY,1995-Q3,1984.4,
ESTAT:NAMQ_10_GDP(1.0),24/10/24 23:00:00,Q,CP_MEUR,NSA,B1GQ,CY,1995-Q4,1951.0,
ESTAT:NAMQ_10_GDP(1.0),24/10/24 23:00:00,Q,CP_MEUR,NSA,B1GQ,CY,1996-Q1,1806.6,
ESTAT:NAMQ_10_GDP(1.0),24/10/24 23:00:00,Q,CP_MEUR,NSA,B1GQ,CY,1996-Q2,1983.4,
ESTAT:NAMQ_10_GDP(1.0),24/10/24 23:00:00,Q,CP_MEUR,NSA,B1GQ,CY,1996-Q3,2048.2,
ESTAT:NAMQ_10_GDP(1.0),24/10/24 23:00:00,Q,CP_MEUR,NSA,B1GQ,CY,1996-Q4,2054.3,
ESTAT:NAMQ_10_GDP(1.0),24/10/24 23:00:00,Q,CP_MEUR,NSA,B1GQ,CY,1997-Q1,1919.1,
ESTAT:NAMQ_10_GDP(1.0),24/10/24 23:00:00,Q,CP_MEUR,NSA,B1GQ,CY,1997-Q2,2098.0,
ESTAT:NAMQ_10_GDP(1.0),24/10/24 23:00:00,Q,CP_MEUR,NSA,B1GQ,CY,1997-Q3,2218.6,
ESTAT:NAMQ_10_GDP(1.0),24/10/24 23:00:00,Q,CP_MEUR,NSA,B1GQ,CY,1997-Q4,2178.9,
ESTAT:NAMQ_10_GDP(1.0),24/10/24 23:00:00,Q,CP_MEUR,NSA,B1GQ,CY,1998-Q1,2069.9,
ESTAT:NAMQ_10_GDP(1.0),24/10/24 23:00:00,Q,CP_MEUR,NSA,B1GQ,CY,1998-Q2,2328.5,
ESTAT:NAMQ_10_GDP(1.0),24/10/24 23:00:00,Q,CP_MEUR,NSA,B1GQ,CY,1998-Q3,2413.7,
ESTAT:NAMQ_10_GDP(1.0),24/10/24 23:00:00,Q,CP_MEUR,NSA,B1GQ,CY,1998-Q4,2340.5,
ESTAT:NAMQ_10_GDP(1.0),24/10/24 23:00:00,Q,CP_MEUR,NSA,B1GQ,CY,1999-Q1,2243.7,
ESTAT:NAMQ_10_GDP(1.0),24/10/24 23:00:00,Q,CP_MEUR,NSA,B1GQ,CY,1999-Q2,2478.7,
ESTAT:NAMQ_10_GDP(1.0),24/10/24 23:00:00,Q,CP_MEUR,NSA,B1GQ,CY,1999-Q3,2580.4,
ESTAT:NAMQ_10_GDP(1.0),24/10/24 23:00:00,Q,CP_MEUR,NSA,B1GQ,CY,1999-Q4,2537.5,
ESTAT:NAMQ_10_GDP(1.0),24/10/24 23:00:00,Q,CP_MEUR,NSA,B1GQ,CY,2000-Q1,2500.0,
ESTAT:NAMQ_10_GDP(1.0),24/10/24 23:00:00,Q,CP_MEUR,NSA,B1GQ,CY,2000-Q2,2796.4,
ESTAT:NAMQ_10_GDP(1.0),24/10/24 23:00:00,Q,CP_MEUR,NSA,B1GQ,CY,2000-Q3,2788.5,
ESTAT:NAMQ_10_GDP(1.0),24/10/24 23:00:00,Q,CP_MEUR,NSA,B1GQ,CY,2000-Q4,2720.8,
ESTAT:NAMQ_10_GDP(1.0),24/10/24 23:00:00,Q,CP_MEUR,NSA,B1GQ,CY,2001-Q1,2643.4,
ESTAT:NAMQ_10_GDP(1.0),24/10/24 23:00:00,Q,CP_MEUR,NSA,B1GQ,CY,2001-Q2,2974.5,
ESTAT:NAMQ_10_GDP(1.0),24/10/24 23:00:00,Q,CP_MEUR,NSA,B1GQ,CY,2001-Q3,3047.3,
ESTAT:NAMQ_10_GDP(1.0),24/10/24 23:00:00,Q,CP_MEUR,NSA,B1GQ,CY,2001-Q4,2939.1,
ESTAT:NAMQ_10_GDP(1.0),24/10/24 23:00:00,Q,CP_MEUR,NSA,B1GQ,CY,2002-Q1,2793.7,
ESTAT:NAMQ_10_GDP(1.0),24/10/24 23:00:00,Q,CP_MEUR,NSA,B1GQ,CY,2002-Q2,3048.6,
ESTAT:NAMQ_10_GDP(1.0),24/10/24 23:00:00,Q,CP_MEUR,NSA,B1GQ,CY,2002-Q3,3089.5,
ESTAT:NAMQ_10_GDP(1.0),24/10/24 23:00:00,Q,CP_MEUR,NSA,B1GQ,CY,2002-Q4,3151.4,
ESTAT:NAMQ_10_GDP(1.0),24/10/24 23:00:00,Q,CP_MEUR,NSA,B1GQ,CY,2003-Q1,2999.8,
ESTAT:NAMQ_10_GDP(1.0),24/10/24 23:00:00,Q,CP_MEUR,NSA,B1GQ,CY,2003-Q2,3195.3,
ESTAT:NAMQ_10_GDP(1.0),24/10/24 23:00:00,Q,CP_MEUR,NSA,B1GQ,CY,2003-Q3,3257.3,
ESTAT:NAMQ_10_GDP(1.0),24/10/24 23:00:00,Q,CP_MEUR,NSA,B1GQ,CY,2003-Q4,3417.6,
ESTAT:NAMQ_10_GDP(1.0),24/10/24 23:00:00,Q,CP_MEUR,NSA,B1GQ,CY,2004-Q1,3238.9,
ESTAT:NAMQ_10_GDP(1.0),24/10/24 23:00:00,Q,CP_MEUR,NSA,B1GQ,CY,2004-Q2,3425.6,
ESTAT:NAMQ_10_GDP(1.0),24/10/24 23:00:00,Q,CP_MEUR,NSA,B1GQ,CY,2004-Q3,3622.8,
ESTAT:NAMQ_10_GDP(1.0),24/10/24 23:00:00,Q,CP_MEUR,NSA,B1GQ,CY,2004-Q4,3653.1,
ESTAT:NAMQ_10_GDP(1.0),24/10/24 23:00:00,Q,CP_MEUR,NSA,B1GQ,CY,2005-Q1,3494.0,
ESTAT:NAMQ_10_GDP(1.0),24/10/24 23:00:00,Q,CP_MEUR,NSA,B1GQ,CY,2005-Q2,3762.6,
ESTAT:NAMQ_10_GDP(1.0),24/10/24 23:00:00,Q,CP_MEUR,NSA,B1GQ,CY,2005-Q3,3915.2,
ESTAT:NAMQ_10_GDP(1.0),24/10/24 23:00:00,Q,CP_MEUR,NSA,B1GQ,CY,2005-Q4,3870.0,
ESTAT:NAMQ_10_GDP(1.0),24/10/24 23:00:00,Q,CP_MEUR,NSA,B1GQ,CY,2006-Q1,3790.8,
ESTAT:NAMQ_10_GDP(1.0),24/10/24 23:00:00,Q,CP_MEUR,NSA,B1GQ,CY,2006-Q2,4101.4,
ESTAT:NAMQ_10_GDP(1.0),24/10/24 23:00:00,Q,CP_MEUR,NSA,B1GQ,CY,2006-Q3,4218.4,
ESTAT:NAMQ_10_GDP(1.0),24/10/24 23:00:00,Q,CP_MEUR,NSA,B1GQ,CY,2006-Q4,4152.3,
ESTAT:NAMQ_10_GDP(1.0),24/10/24 23:00:00,Q,CP_MEUR,NSA,B1GQ,CY,2007-Q1,4111.0,
ESTAT:NAMQ_10_GDP(1.0),24/10/24 23:00:00,Q,CP_MEUR,NSA,B1GQ,CY,2007-Q2,4416.6,
ESTAT:NAMQ_10_GDP(1.0),24/10/24 23:00:00,Q,CP_MEUR,NSA,B1GQ,CY,2007-Q3,4551.5,
ESTAT:NAMQ_10_GDP(1.0),24/10/24 23:00:00,Q,CP_MEUR,NSA,B1GQ,CY,2007-Q4,4509.5,
ESTAT:NAMQ_10_GDP(1.0),24/10/24 23:00:00,Q,CP_MEUR,NSA,B1GQ,CY,2008-Q1,4476.3,
ESTAT:NAMQ_10_GDP(1.0),24/10/24 23:00:00,Q,CP_MEUR,NSA,B1GQ,CY,2008-Q2,4831.2,
ESTAT:NAMQ_10_GDP(1.0),24/10/24 23:00:00,Q,CP_MEUR,NSA,B1GQ,CY,2008-Q3,4955.0,
ESTAT:NAMQ_10_GDP(1.0),24/10/24 23:00:00,Q,CP_MEUR,NSA,B1GQ,CY,2008-Q4,4747.2,
ESTAT:NAMQ_10_GDP(1.0),24/10/24 23:00:00,Q,CP_MEUR,NSA,B1GQ,CY,2009-Q1,4441.3,
ESTAT:NAMQ_10_GDP(1.0),24/10/24 23:00:00,Q,CP_MEUR,NSA,B1GQ,CY,2009-Q2,4700.3,
ESTAT:NAMQ_10_GDP(1.0),24/10/24 23:00:00,Q,CP_MEUR,NSA,B1GQ,CY,2009-Q3,4764.7,
ESTAT:NAMQ_10_GDP(1.0),24/10/24 23:00:00,Q,CP_MEUR,NSA,B1GQ,CY,2009-Q4,4769.1,
ESTAT:NAMQ_10_GDP(1.0),24/10/24 23:00:00,Q,CP_MEUR,NSA,B1GQ,CY,2010-Q1,4598.2,
ESTAT:NAMQ_10_GDP(1.0),24/10/24 23:00:00,Q,CP_MEUR,NSA,B1GQ,CY,2010-Q2,4896.8,
ESTAT:NAMQ_10_GDP(1.0),24/10/24 23:00:00,Q,CP_MEUR,NSA,B1GQ,CY,2010-Q3,5000.4,
ESTAT:NAMQ_10_GDP(1.0),24/10/24 23:00:00,Q,CP_MEUR,NSA,B1GQ,CY,2010-Q4,4965.7,
ESTAT:NAMQ_10_GDP(1.0),24/10/24 23:00:00,Q,CP_MEUR,NSA,B1GQ,CY,2011-Q1,4710.0,
ESTAT:NAMQ_10_GDP(1.0),24/10/24 23:00:00,Q,CP_MEUR,NSA,B1GQ,CY,2011-Q2,5043.4,
ESTAT:NAMQ_10_GDP(1.0),24/10/24 23:00:00,Q,CP_MEUR,NSA,B1GQ,CY,2011-Q3,5054.4,
ESTAT:NAMQ_10_GDP(1.0),24/10/24 23:00:00,Q,CP_MEUR,NSA,B1GQ,CY,2011-Q4,5050.4,
ESTAT:NAMQ_10_GDP(1.0),24/10/24 23:00:00,Q,CP_MEUR,NSA,B1GQ,CY,2012-Q1,4674.3,
ESTAT:NAMQ_10_GDP(1.0),24/10/24 23:00:00,Q,CP_MEUR,NSA,B1GQ,CY,2012-Q2,4940.1,
ESTAT:NAMQ_10_GDP(1.0),24/10/24 23:00:00,Q,CP_MEUR,NSA,B1GQ,CY,2012-Q3,5000.6,
ESTAT:NAMQ_10_GDP(1.0),24/10/24 23:00:00,Q,CP_MEUR,NSA,B1GQ,CY,2012-Q4,4880.3,
ESTAT:NAMQ_10_GDP(1.0),24/10/24 23:00:00,Q,CP_MEUR,NSA,B1GQ,CY,2013-Q1,4268.0,
ESTAT:NAMQ_10_GDP(1.0),24/10/24 23:00:00,Q,CP_MEUR,NSA,B1GQ,CY,2013-Q2,4665.3,
ESTAT:NAMQ_10_GDP(1.0),24/10/24 23:00:00,Q,CP_MEUR,NSA,B1GQ,CY,2013-Q3,4654.8,
ESTAT:NAMQ_10_GDP(1.0),24/10/24 23:00:00,Q,CP_MEUR,NSA,B1GQ,CY,2013-Q4,4452.2,
ESTAT:NAMQ_10_GDP(1.0),24/10/24 23:00:00,Q,CP_MEUR,NSA,B1GQ,CY,2014-Q1,4123.4,
ESTAT:NAMQ_10_GDP(1.0),24/10/24 23:00:00,Q,CP_MEUR,NSA,B1GQ,CY,2014-Q2,4441.3,
ESTAT:NAMQ_10_GDP(1.0),24/10/24 23:00:00,Q,CP_MEUR,NSA,B1GQ,CY,2014-Q3,4570.6,
ESTAT:NAMQ_10_GDP(1.0),24/10/24 23:00:00,Q,CP_MEUR,NSA,B1GQ,CY,2014-Q4,4347.5,
ESTAT:NAMQ_10_GDP(1.0),24/10/24 23:00:00,Q,CP_MEUR,NSA,B1GQ,CY,2015-Q1,4155.6,
ESTAT:NAMQ_10_GDP(1.0),24/10/24 23:00:00,Q,CP_MEUR,NSA,B1GQ,CY,2015-Q2,4550.3,
ESTAT:NAMQ_10_GDP(1.0),24/10/24 23:00:00,Q,CP_MEUR,NSA,B1GQ,CY,2015-Q3,4670.8,
ESTAT:NAMQ_10_GDP(1.0),24/10/24 23:00:00,Q,CP_MEUR,NSA,B1GQ,CY,2015-Q4,4567.3,
ESTAT:NAMQ_10_GDP(1.0),24/10/24 23:00:00,Q,CP_MEUR,NSA,B1GQ,CY,2016-Q1,4346.6,
ESTAT:NAMQ_10_GDP(1.0),24/10/24 23:00:00,Q,CP_MEUR,NSA,B1GQ,CY,2016-Q2,4793.5,
ESTAT:NAMQ_10_GDP(1.0),24/10/24 23:00:00,Q,CP_MEUR,NSA,B1GQ,CY,2016-Q3,4959.5,
ESTAT:NAMQ_10_GDP(1.0),24/10/24 23:00:00,Q,CP_MEUR,NSA,B1GQ,CY,2016-Q4,4914.1,
ESTAT:NAMQ_10_GDP(1.0),24/10/24 23:00:00,Q,CP_MEUR,NSA,B1GQ,CY,2017-Q1,4714.5,
ESTAT:NAMQ_10_GDP(1.0),24/10/24 23:00:00,Q,CP_MEUR,NSA,B1GQ,CY,2017-Q2,5138.3,
ESTAT:NAMQ_10_GDP(1.0),24/10/24 23:00:00,Q,CP_MEUR,NSA,B1GQ,CY,2017-Q3,5283.9,
ESTAT:NAMQ_10_GDP(1.0),24/10/24 23:00:00,Q,CP_MEUR,NSA,B1GQ,CY,2017-Q4,5175.7,
ESTAT:NAMQ_10_GDP(1.0),24/10/24 23:00:00,Q,CP_MEUR,NSA,B1GQ,CY,2018-Q1,5064.5,
ESTAT:NAMQ_10_GDP(1.0),24/10/24 23:00:00,Q,CP_MEUR,NSA,B1GQ,CY,2018-Q2,5617.2,
ESTAT:NAMQ_10_GDP(1.0),24/10/24 23:00:00,Q,CP_MEUR,NSA,B1GQ,CY,2018-Q3,5604.5,
ESTAT:NAMQ_10_GDP(1.0),24/10/24 23:00:00,Q,CP_MEUR,NSA,B1GQ,CY,2018-Q4,5521.6,
ESTAT:NAMQ_10_GDP(1.0),24/10/24 23:00:00,Q,CP_MEUR,NSA,B1GQ,CY,2019-Q1,5394.3,
ESTAT:NAMQ_10_GDP(1.0),24/10/24 23:00:00,Q,CP_MEUR,NSA,B1GQ,CY,2019-Q2,5949.7,
ESTAT:NAMQ_10_GDP(1.0),24/10/24 23:00:00,Q,CP_MEUR,NSA,B1GQ,CY,2019-Q3,6143.3,
ESTAT:NAMQ_10_GDP(1.0),24/10/24 23:00:00,Q,CP_MEUR,NSA,B1GQ,CY,2019-Q4,5913.8,
ESTAT:NAMQ_10_GDP(1.0),24/10/24 23:00:00,Q,CP_MEUR,NSA,B1GQ,CY,2020-Q1,5618.6,
ESTAT:NAMQ_10_GDP(1.0),24/10/24 23:00:00,Q,CP_MEUR,NSA,B1GQ,CY,2020-Q2,5163.3,
ESTAT:NAMQ_10_GDP(1.0),24/10/24 23:00:00,Q,CP_MEUR,NSA,B1GQ,CY,2020-Q3,5800.5,
ESTAT:NAMQ_10_GDP(1.0),24/10/24 23:00:00,Q,CP_MEUR,NSA,B1GQ,CY,2020-Q4,5791.6,
ESTAT:NAMQ_10_GDP(1.0),24/10/24 23:00:00,Q,CP_MEUR,NSA,B1GQ,CY,2021-Q1,5868.5,
ESTAT:NAMQ_10_GDP(1.0),24/10/24 23:00:00,Q,CP_MEUR,NSA,B1GQ,CY,2021-Q2,6256.5,
ESTAT:NAMQ_10_GDP(1.0),24/10/24 23:00:00,Q,CP_MEUR,NSA,B1GQ,CY,2021-Q3,6731.7,
ESTAT:NAMQ_10_GDP(1.0),24/10/24 23:00:00,Q,CP_MEUR,NSA,B1GQ,CY,2021-Q4,6823.4,
ESTAT:NAMQ_10_GDP(1.0),24/10/24 23:00:00,Q,CP_MEUR,NSA,B1GQ,CY,2022-Q1,6848.2,
ESTAT:NAMQ_10_GDP(1.0),24/10/24 23:00:00,Q,CP_MEUR,NSA,B1GQ,CY,2022-Q2,7167.9,
ESTAT:NAMQ_10_GDP(1.0),24/10/24 23:00:00,Q,CP_MEUR,NSA,B1GQ,CY,2022-Q3,7857.8,
ESTAT:NAMQ_10_GDP(1.0),24/10/24 23:00:00,Q,CP_MEUR,NSA,B1GQ,CY,2022-Q4,7542.2,
ESTAT:NAMQ_10_GDP(1.0),24/10/24 23:00:00,Q,CP_MEUR,NSA,B1GQ,CY,2023-Q1,7402.0,
ESTAT:NAMQ_10_GDP(1.0),24/10/24 23:00:00,Q,CP_MEUR,NSA,B1GQ,CY,2023-Q2,7640.1,
ESTAT:NAMQ_10_GDP(1.0),24/10/24 23:00:00,Q,CP_MEUR,NSA,B1GQ,CY,2023-Q3,8279.6,
ESTAT:NAMQ_10_GDP(1.0),24/10/24 23:00:00,Q,CP_MEUR,NSA,B1GQ,CY,2023-Q4,8018.3,
ESTAT:NAMQ_10_GDP(1.0),24/10/24 23:00:00,Q,CP_MEUR,NSA,B1GQ,CY,2024-Q1,7847.3,
ESTAT:NAMQ_10_GDP(1.0),24/10/24 23:00:00,Q,CP_MEUR,NSA,B1GQ,CY,2024-Q2,8266.2,
ESTAT:NAMQ_10_GDP(1.0),24/10/24 23:00:00,Q,CP_MEUR,NSA,B1GQ,CZ,1995-Q1,10278.9,
ESTAT:NAMQ_10_GDP(1.0),24/10/24 23:00:00,Q,CP_MEUR,NSA,B1GQ,CZ,1995-Q2,11487.7,
ESTAT:NAMQ_10_GDP(1.0),24/10/24 23:00:00,Q,CP_MEUR,NSA,B1GQ,CZ,1995-Q3,12011.0,
ESTAT:NAMQ_10_GDP(1.0),24/10/24 23:00:00,Q,CP_MEUR,NSA,B1GQ,CZ,1995-Q4,12547.9,
ESTAT:NAMQ_10_GDP(1.0),24/10/24 23:00:00,Q,CP_MEUR,NSA,B1GQ,CZ,1996-Q1,11817.6,
ESTAT:NAMQ_10_GDP(1.0),24/10/24 23:00:00,Q,CP_MEUR,NSA,B1GQ,CZ,1996-Q2,13243.9,
ESTAT:NAMQ_10_GDP(1.0),24/10/24 23:00:00,Q,CP_MEUR,NSA,B1GQ,CZ,1996-Q3,13960.7,
ESTAT:NAMQ_10_GDP(1.0),24/10/24 23:00:00,Q,CP_MEUR,NSA,B1GQ,CZ,1996-Q4,14420.8,
ESTAT:NAMQ_10_GDP(1.0),24/10/24 23:00:00,Q,CP_MEUR,NSA,B1GQ,CZ,1997-Q1,13320.8,
ESTAT:NAMQ_10_GDP(1.0),24/10/24 23:00:00,Q,CP_MEUR,NSA,B1GQ,CZ,1997-Q2,13884.5,
ESTAT:NAMQ_10_GDP(1.0),24/10/24 23:00:00,Q,CP_MEUR,NSA,B1GQ,CZ,1997-Q3,13835.1,
ESTAT:NAMQ_10_GDP(1.0),24/10/24 23:00:00,Q,CP_MEUR,NSA,B1GQ,CZ,1997-Q4,14127.2,
ESTAT:NAMQ_10_GDP(1.0),24/10/24 23:00:00,Q,CP_MEUR,NSA,B1GQ,CZ,1998-Q1,12965.4,
ESTAT:NAMQ_10_GDP(1.0),24/10/24 23:00:00,Q,CP_MEUR,NSA,B1GQ,CZ,1998-Q2,15046.6,
ESTAT:NAMQ_10_GDP(1.0),24/10/24 23:00:00,Q,CP_MEUR,NSA,B1GQ,CZ,1998-Q3,15978.1,
ESTAT:NAMQ_10_GDP(1.0),24/10/24 23:00:00,Q,CP_MEUR,NSA,B1GQ,CZ,1998-Q4,16286.3,
ESTAT:NAMQ_10_GDP(1.0),24/10/24 23:00:00,Q,CP_MEUR,NSA,B1GQ,CZ,1999-Q1,13704.9,
ESTAT:NAMQ_10_GDP(1.0),24/10/24 23:00:00,Q,CP_MEUR,NSA,B1GQ,CZ,1999-Q2,15179.5,
ESTAT:NAMQ_10_GDP(1.0),24/10/24 23:00:00,Q,CP_MEUR,NSA,B1GQ,CZ,1999-Q3,15955.0,
ESTAT:NAMQ_10_GDP(1.0),24/10/24 23:00:00,Q,CP_MEUR,NSA,B1GQ,CZ,1999-Q4,16668.9,
ESTAT:NAMQ_10_GDP(1.0),24/10/24 23:00:00,Q,CP_MEUR,NSA,B1GQ,CZ,2000-Q1,15214.9,
ESTAT:NAMQ_10_GDP(1.0),24/10/24 23:00:00,Q,CP_MEUR,NSA,B1GQ,CZ,2000-Q2,16592.6,
ESTAT:NAMQ_10_GDP(1.0),24/10/24 23:00:00,Q,CP_MEUR,NSA,B1GQ,CZ,2000-Q3,17381.4,
ESTAT:NAMQ_10_GDP(1.0),24/10/24 23:00:00,Q,CP_MEUR,NSA,B1GQ,CZ,2000-Q4,18257.1,
ESTAT:NAMQ_10_GDP(1.0),24/10/24 23:00:00,Q,CP_MEUR,NSA,B1GQ,CZ,2001-Q1,16896.6,
ESTAT:NAMQ_10_GDP(1.0),24/10/24 23:00:00,Q,CP_MEUR,NSA,B1GQ,CZ,2001-Q2,18857.0,
ESTAT:NAMQ_10_GDP(1.0),24/10/24 23:00:00,Q,CP_MEUR,NSA,B1GQ,CZ,2001-Q3,19524.8,
ESTAT:NAMQ_10_GDP(1.0),24/10/24 23:00:00,Q,CP_MEUR,NSA,B1GQ,CZ,2001-Q4,20890.7,
ESTAT:NAMQ_10_GDP(1.0),24/10/24 23:00:00,Q,CP_MEUR,NSA,B1GQ,CZ,2002-Q1,19592.6,
ESTAT:NAMQ_10_GDP(1.0),24/10/24 23:00:00,Q,CP_MEUR,NSA,B1GQ,CZ,2002-Q2,22507.9,
ESTAT:NAMQ_10_GDP(1.0),24/10/24 23:00:00,Q,CP_MEUR,NSA,B1GQ,CZ,2002-Q3,22878.9,
ESTAT:NAMQ_10_GDP(1.0),24/10/24 23:00:00,Q,CP_MEUR,NSA,B1GQ,CZ,2002-Q4,22884.8,
ESTAT:NAMQ_10_GDP(1.0),24/10/24 23:00:00,Q,CP_MEUR,NSA,B1GQ,CZ,2003-Q1,20617.6,
ESTAT:NAMQ_10_GDP(1.0),24/10/24 23:00:00,Q,CP_MEUR,NSA,B1GQ,CZ,2003-Q2,22658.9,
ESTAT:NAMQ_10_GDP(1.0),24/10/24 23:00:00,Q,CP_MEUR,NSA,B1GQ,CZ,2003-Q3,22518.2,
ESTAT:NAMQ_10_GDP(1.0),24/10/24 23:00:00,Q,CP_MEUR,NSA,B1GQ,CZ,2003-Q4,23172.5,
ESTAT:NAMQ_10_GDP(1.0),24/10/24 23:00:00,Q,CP_MEUR,NSA,B1GQ,CZ,2004-Q1,21411.3,
ESTAT:NAMQ_10_GDP(1.0),24/10/24 23:00:00,Q,CP_MEUR,NSA,B1GQ,CZ,2004-Q2,23854.2,
ESTAT:NAMQ_10_GDP(1.0),24/10/24 23:00:00,Q,CP_MEUR,NSA,B1GQ,CZ,2004-Q3,24815.5,
ESTAT:NAMQ_10_GDP(1.0),24/10/24 23:00:00,Q,CP_MEUR,NSA,B1GQ,CZ,2004-Q4,26870.6,
ESTAT:NAMQ_10_GDP(1.0),24/10/24 23:00:00,Q,CP_MEUR,NSA,B1GQ,CZ,2005-Q1,25257.7,
ESTAT:NAMQ_10_GDP(1.0),24/10/24 23:00:00,Q,CP_MEUR,NSA,B1GQ,CZ,2005-Q2,27338.3,
ESTAT:NAMQ_10_GDP(1.0),24/10/24 23:00:00,Q,CP_MEUR,NSA,B1GQ,CZ,2005-Q3,27944.6,
ESTAT:NAMQ_10_GDP(1.0),24/10/24 23:00:00,Q,CP_MEUR,NSA,B1GQ,CZ,2005-Q4,29933.3,
ESTAT:NAMQ_10_GDP(1.0),24/10/24 23:00:00,Q,CP_MEUR,NSA,B1GQ,CZ,2006-Q1,28231.0,
ESTAT:NAMQ_10_GDP(1.0),24/10/24 23:00:00,Q,CP_MEUR,NSA,B1GQ,CZ,2006-Q2,30876.6,
ESTAT:NAMQ_10_GDP(1.0),24/10/24 23:00:00,Q,CP_MEUR,NSA,B1GQ,CZ,2006-Q3,31773.3,
ESTAT:NAMQ_10_GDP(1.0),24/10/24 23:00:00,Q,CP_MEUR,NSA,B1GQ,CZ,2006-Q4,33743.3,
ESTAT:NAMQ_10_GDP(1.0),24/10/24 23:00:00,Q,CP_MEUR,NSA,B1GQ,CZ,2007-Q1,31808.5,
ESTAT:NAMQ_10_GDP(1.0),24/10/24 23:00:00,Q,CP_MEUR,NSA,B1GQ,CZ,2007-Q2,33830.5,
ESTAT:NAMQ_10_GDP(1.0),24/10/24 23:00:00,Q,CP_MEUR,NSA,B1GQ,CZ,2007-Q3,35171.9,
ESTAT:NAMQ_10_GDP(1.0),24/10/24 23:00:00,Q,CP_MEUR,NSA,B1GQ,CZ,2007-Q4,38232.3,
ESTAT:NAMQ_10_GDP(1.0),24/10/24 23:00:00,Q,CP_MEUR,NSA,B1GQ,CZ,2008-Q1,36710.6,
ESTAT:NAMQ_10_GDP(1.0),24/10/24 23:00:00,Q,CP_MEUR,NSA,B1GQ,CZ,2008-Q2,41167.3,
ESTAT:NAMQ_10_GDP(1.0),24/10/24 23:00:00,Q,CP_MEUR,NSA,B1GQ,CZ,2008-Q3,43371.2,
ESTAT:NAMQ_10_GDP(1.0),24/10/24 23:00:00,Q,CP_MEUR,NSA,B1GQ,CZ,2008-Q4,40718.5,
ESTAT:NAMQ_10_GDP(1.0),24/10/24 23:00:00,Q,CP_MEUR,NSA,B1GQ,CZ,2009-Q1,33872.2,
ESTAT:NAMQ_10_GDP(1.0),24/10/24 23:00:00,Q,CP_MEUR,NSA,B1GQ,CZ,2009-Q2,37061.4,
ESTAT:NAMQ_10_GDP(1.0),24/10/24 23:00:00,Q,CP_MEUR,NSA,B1GQ,CZ,2009-Q3,38748.2,
ESTAT:NAMQ_10_GDP(1.0),24/10/24 23:00:00,Q,CP_MEUR,NSA,B1GQ,CZ,2009-Q4,39733.0,
ESTAT:NAMQ_10_GDP(1.0),24/10/24 23:00:00,Q,CP_MEUR,NSA,B1GQ,CZ,2010-Q1,35923.0,
ESTAT:NAMQ_10_GDP(1.0),24/10/24 23:00:00,Q,CP_MEUR,NSA,B1GQ,CZ,2010-Q2,39933.8,
ESTAT:NAMQ_10_GDP(1.0),24/10/24 23:00:00,Q,CP_MEUR,NSA,B1GQ,CZ,2010-Q3,41204.7,
ESTAT:NAMQ_10_GDP(1.0),24/10/24 23:00:00,Q,CP_MEUR,NSA,B1GQ,CZ,2010-Q4,42543.1,
ESTAT:NAMQ_10_GDP(1.0),24/10/24 23:00:00,Q,CP_MEUR,NSA,B1GQ,CZ,2011-Q1,39045.2,
ESTAT:NAMQ_10_GDP(1.0),24/10/24 23:00:00,Q,CP_MEUR,NSA,B1GQ,CZ,2011-Q2,42503.7,
ESTAT:NAMQ_10_GDP(1.0),24/10/24 23:00:00,Q,CP_MEUR,NSA,B1GQ,CZ,2011-Q3,42559.6,
ESTAT:NAMQ_10_GDP(1.0),24/10/24 23:00:00,Q,CP_MEUR,NSA,B1GQ,CZ,2011-Q4,42406.5,
ESTAT:NAMQ_10_GDP(1.0),24/10/24 23:00:00,Q,CP_MEUR,NSA,B1GQ,CZ,2012-Q1,38685.4,
ESTAT:NAMQ_10_GDP(1.0),24/10/24 23:00:00,Q,CP_MEUR,NSA,B1GQ,CZ,2012-Q2,41043.8,
ESTAT:NAMQ_10_GDP(1.0),24/10/24 23:00:00,Q,CP_MEUR,NSA,B1GQ,CZ,2012-Q3,41390.2,
ESTAT:NAMQ_10_GDP(1.0),24/10/24 23:00:00,Q,CP_MEUR,NSA,B1GQ,CZ,2012-Q4,42624.0,
ESTAT:NAMQ_10_GDP(1.0),24/10/24 23:00:00,Q,CP_MEUR,NSA,B1GQ,CZ,2013-Q1,37614.2,
ESTAT:NAMQ_10_GDP(1.0),24/10/24 23:00:00,Q,CP_MEUR,NSA,B1GQ,CZ,2013-Q2,40300.8,
ESTAT:NAMQ_10_GDP(1.0),24/10/24 23:00:00,Q,CP_MEUR,NSA,B1GQ,CZ,2013-Q3,40981.4,
ESTAT:NAMQ_10_GDP(1.0),24/10/24 23:00:00,Q,CP_MEUR,NSA,B1GQ,CZ,2013-Q4,41522.4,
ESTAT:NAMQ_10_GDP(1.0),24/10/24 23:00:00,Q,CP_MEUR,NSA,B1GQ,CZ,2014-Q1,36623.6,
ESTAT:NAMQ_10_GDP(1.0),24/10/24 23:00:00,Q,CP_MEUR,NSA,B1GQ,CZ,2014-Q2,39963.2,
ESTAT:NAMQ_10_GDP(1.0),24/10/24 23:00:00,Q,CP_MEUR,NSA,B1GQ,CZ,2014-Q3,40755.0,
ESTAT:NAMQ_10_GDP(1.0),24/10/24 23:00:00,Q,CP_MEUR,NSA,B1GQ,CZ,2014-Q4,41640.4,
ESTAT:NAMQ_10_GDP(1.0),24/10/24 23:00:00,Q,CP_MEUR,NSA,B1GQ,CZ,2015-Q1,38829.8,
ESTAT:NAMQ_10_GDP(1.0),24/10/24 23:00:00,Q,CP_MEUR,NSA,B1GQ,CZ,2015-Q2,42711.9,
ESTAT:NAMQ_10_GDP(1.0),24/10/24 23:00:00,Q,CP_MEUR,NSA,B1GQ,CZ,2015-Q3,44000.4,
ESTAT:NAMQ_10_GDP(1.0),24/10/24 23:00:00,Q,CP_MEUR,NSA,B1GQ,CZ,2015-Q4,45033.0,
ESTAT:NAMQ_10_GDP(1.0),24/10/24 23:00:00,Q,CP_MEUR,NSA,B1GQ,CZ,2016-Q1,41521.3,
ESTAT:NAMQ_10_GDP(1.0),24/10/24 23:00:00,Q,CP_MEUR,NSA,B1GQ,CZ,2016-Q2,45318.7,
ESTAT:NAMQ_10_GDP(1.0),24/10/24 23:00:00,Q,CP_MEUR,NSA,B1GQ,CZ,2016-Q3,45511.0,
ESTAT:NAMQ_10_GDP(1.0),24/10/24 23:00:00,Q,CP_MEUR,NSA,B1GQ,CZ,2016-Q4,46792.7,
ESTAT:NAMQ_10_GDP(1.0),24/10/24 23:00:00,Q,CP_MEUR,NSA,B1GQ,CZ,2017-Q1,43771.1,
ESTAT:NAMQ_10_GDP(1.0),24/10/24 23:00:00,Q,CP_MEUR,NSA,B1GQ,CZ,2017-Q2,49085.5,
ESTAT:NAMQ_10_GDP(1.0),24/10/24 23:00:00,Q,CP_MEUR,NSA,B1GQ,CZ,2017-Q3,50753.8,
ESTAT:NAMQ_10_GDP(1.0),24/10/24 23:00:00,Q,CP_MEUR,NSA,B1GQ,CZ,2017-Q4,53419.4,
ESTAT:NAMQ_10_GDP(1.0),24/10/24 23:00:00,Q,CP_MEUR,NSA,B1GQ,CZ,2018-Q1,49686.0,
ESTAT:NAMQ_10_GDP(1.0),24/10/24 23:00:00,Q,CP_MEUR,NSA,B1GQ,CZ,2018-Q2,53689.1,
ESTAT:NAMQ_10_GDP(1.0),24/10/24 23:00:00,Q,CP_MEUR,NSA,B1GQ,CZ,2018-Q3,54120.1,
ESTAT:NAMQ_10_GDP(1.0),24/10/24 23:00:00,Q,CP_MEUR,NSA,B1GQ,CZ,2018-Q4,55961.9,
ESTAT:NAMQ_10_GDP(1.0),24/10/24 23:00:00,Q,CP_MEUR,NSA,B1GQ,CZ,2019-Q1,52683.1,
ESTAT:NAMQ_10_GDP(1.0),24/10/24 23:00:00,Q,CP_MEUR,NSA,B1GQ,CZ,2019-Q2,57407.3,
ESTAT:NAMQ_10_GDP(1.0),24/10/24 23:00:00,Q,CP_MEUR,NSA,B1GQ,CZ,2019-Q3,58676.0,
ESTAT:NAMQ_10_GDP(1.0),24/10/24 23:00:00,Q,CP_MEUR,NSA,B1GQ,CZ,2019-Q4,60651.3,
ESTAT:NAMQ_10_GDP(1.0),24/10/24 23:00:00,Q,CP_MEUR,NSA,B1GQ,CZ,2020-Q1,54112.7,
ESTAT:NAMQ_10_GDP(1.0),24/10/24 23:00:00,Q,CP_MEUR,NSA,B1GQ,CZ,2020-Q2,50948.8,
ESTAT:NAMQ_10_GDP(1.0),24/10/24 23:00:00,Q,CP_MEUR,NSA,B1GQ,CZ,2020-Q3,56674.1,
ESTAT:NAMQ_10_GDP(1.0),24/10/24 23:00:00,Q,CP_MEUR,NSA,B1GQ,CZ,2020-Q4,58578.4,
ESTAT:NAMQ_10_GDP(1.0),24/10/24 23:00:00,Q,CP_MEUR,NSA,B1GQ,CZ,2021-Q1,54372.7,
ESTAT:NAMQ_10_GDP(1.0),24/10/24 23:00:00,Q,CP_MEUR,NSA,B1GQ,CZ,2021-Q2,61744.8,
ESTAT:NAMQ_10_GDP(1.0),24/10/24 23:00:00,Q,CP_MEUR,NSA,B1GQ,CZ,2021-Q3,63754.3,
ESTAT:NAMQ_10_GDP(1.0),24/10/24 23:00:00,Q,CP_MEUR,NSA,B1GQ,CZ,2021-Q4,66269.1,
ESTAT:NAMQ_10_GDP(1.0),24/10/24 23:00:00,Q,CP_MEUR,NSA,B1GQ,CZ,2022-Q1,64837.1,
ESTAT:NAMQ_10_GDP(1.0),24/10/24 23:00:00,Q,CP_MEUR,NSA,B1GQ,CZ,2022-Q2,71591.1,
ESTAT:NAMQ_10_GDP(1.0),24/10/24 23:00:00,Q,CP_MEUR,NSA,B1GQ,CZ,2022-Q3,73813.8,
ESTAT:NAMQ_10_GDP(1.0),24/10/24 23:00:00,Q,CP_MEUR,NSA,B1GQ,CZ,2022-Q4,76792.1,
ESTAT:NAMQ_10_GDP(1.0),24/10/24 23:00:00,Q,CP_MEUR,NSA,B1GQ,CZ,2023-Q1,74559.9,
ESTAT:NAMQ_10_GDP(1.0),24/10/24 23:00:00,Q,CP_MEUR,NSA,B1GQ,CZ,2023-Q2,81785.1,
ESTAT:NAMQ_10_GDP(1.0),24/10/24 23:00:00,Q,CP_MEUR,NSA,B1GQ,CZ,2023-Q3,80106.1,
ESTAT:NAMQ_10_GDP(1.0),24/10/24 23:00:00,Q,CP_MEUR,NSA,B1GQ,CZ,2023-Q4,80907.5,
ESTAT:NAMQ_10_GDP(1.0),24/10/24 23:00:00,Q,CP_MEUR,NSA,B1GQ,CZ,2024-Q1,73633.1,
ESTAT:NAMQ_10_GDP(1.0),24/10/24 23:00:00,Q,CP_MEUR,NSA,B1GQ,CZ,2024-Q2,81225.3,
ESTAT:NAMQ_10_GDP(1.0),24/10/24 23:00:00,Q,CP_MEUR,NSA,B1GQ,DE,1991-Q1,358976.1,
ESTAT:NAMQ_10_GDP(1.0),24/10/24 23:00:00,Q,CP_MEUR,NSA,B1GQ,DE,1991-Q2,372086.0,
ESTAT:NAMQ_10_GDP(1.0),24/10/24 23:00:00,Q,CP_MEUR,NSA,B1GQ,DE,1991-Q3,380739.0,
ESTAT:NAMQ_10_GDP(1.0),24/10/24 23:00:00,Q,CP_MEUR,NSA,B1GQ,DE,1991-Q4,406228.0,
ESTAT:NAMQ_10_GDP(1.0),24/10/24 23:00:00,Q,CP_MEUR,NSA,B1GQ,DE,1992-Q1,393668.8,
ESTAT:NAMQ_10_GDP(1.0),24/10/24 23:00:00,Q,CP_MEUR,NSA,B1GQ,DE,1992-Q2,399166.2,
ESTAT:NAMQ_10_GDP(1.0),24/10/24 23:00:00,Q,CP_MEUR,NSA,B1GQ,DE,1992-Q3,416107.4,
ESTAT:NAMQ_10_GDP(1.0),24/10/24 23:00:00,Q,CP_MEUR,NSA,B1GQ,DE,1992-Q4,447228.0,
ESTAT:NAMQ_10_GDP(1.0),24/10/24 23:00:00,Q,CP_MEUR,NSA,B1GQ,DE,1993-Q1,421112.2,
ESTAT:NAMQ_10_GDP(1.0),24/10/24 23:00:00,Q,CP_MEUR,NSA,B1GQ,DE,1993-Q2,433556.5,
ESTAT:NAMQ_10_GDP(1.0),24/10/24 23:00:00,Q,CP_MEUR,NSA,B1GQ,DE,1993-Q3,450248.8,
ESTAT:NAMQ_10_GDP(1.0),24/10/24 23:00:00,Q,CP_MEUR,NSA,B1GQ,DE,1993-Q4,470138.7,
ESTAT:NAMQ_10_GDP(1.0),24/10/24 23:00:00,Q,CP_MEUR,NSA,B1GQ,DE,1994-Q1,444976.2,
ESTAT:NAMQ_10_GDP(1.0),24/10/24 23:00:00,Q,CP_MEUR,NSA,B1GQ,DE,1994-Q2,456388.0,
ESTAT:NAMQ_10_GDP(1.0),24/10/24 23:00:00,Q,CP_MEUR,NSA,B1GQ,DE,1994-Q3,472836.9,
ESTAT:NAMQ_10_GDP(1.0),24/10/24 23:00:00,Q,CP_MEUR,NSA,B1GQ,DE,1994-Q4,493935.7,
ESTAT:NAMQ_10_GDP(1.0),24/10/24 23:00:00,Q,CP_MEUR,NSA,B1GQ,DE,1995-Q1,476161.9,
ESTAT:NAMQ_10_GDP(1.0),24/10/24 23:00:00,Q,CP_MEUR,NSA,B1GQ,DE,1995-Q2,491129.7,
ESTAT:NAMQ_10_GDP(1.0),24/10/24 23:00:00,Q,CP_MEUR,NSA,B1GQ,DE,1995-Q3,498991.2,
ESTAT:NAMQ_10_GDP(1.0),24/10/24 23:00:00,Q,CP_MEUR,NSA,B1GQ,DE,1995-Q4,517170.0,
ESTAT:NAMQ_10_GDP(1.0),24/10/24 23:00:00,Q,CP_MEUR,NSA,B1GQ,DE,1996-Q1,480003.1,
ESTAT:NAMQ_10_GDP(1.0),24/10/24 23:00:00,Q,CP_MEUR,NSA,B1GQ,DE,1996-Q2,484033.2,
ESTAT:NAMQ_10_GDP(1.0),24/10/24 23:00:00,Q,CP_MEUR,NSA,B1GQ,DE,1996-Q3,499788.3,
ESTAT:NAMQ_10_GDP(1.0),24/10/24 23:00:00,Q,CP_MEUR,NSA,B1GQ,DE,1996-Q4,511149.4,
ESTAT:NAMQ_10_GDP(1.0),24/10/24 23:00:00,Q,CP_MEUR,NSA,B1GQ,DE,1997-Q1,467793.8,
ESTAT:NAMQ_10_GDP(1.0),24/10/24 23:00:00,Q,CP_MEUR,NSA,B1GQ,DE,1997-Q2,485247.7,
ESTAT:NAMQ_10_GDP(1.0),24/10/24 23:00:00,Q,CP_MEUR,NSA,B1GQ,DE,1997-Q3,494692.7,
ESTAT:NAMQ_10_GDP(1.0),24/10/24 23:00:00,Q,CP_MEUR,NSA,B1GQ,DE,1997-Q4,510848.5,
ESTAT:NAMQ_10_GDP(1.0),24/10/24 23:00:00,Q,CP_MEUR,NSA,B1GQ,DE,1998-Q1,483006.1,
ESTAT:NAMQ_10_GDP(1.0),24/10/24 23:00:00,Q,CP_MEUR,NSA,B1GQ,DE,1998-Q2,490127.6,
ESTAT:NAMQ_10_GDP(1.0),24/10/24 23:00:00,Q,CP_MEUR,NSA,B1GQ,DE,1998-Q3,508349.9,
ESTAT:NAMQ_10_GDP(1.0),24/10/24 23:00:00,Q,CP_MEUR,NSA,B1GQ,DE,1998-Q4,527273.0,
ESTAT:NAMQ_10_GDP(1.0),24/10/24 23:00:00,Q,CP_MEUR,NSA,B1GQ,DE,1999-Q1,500310.0,
ESTAT:NAMQ_10_GDP(1.0),24/10/24 23:00:00,Q,CP_MEUR,NSA,B1GQ,DE,1999-Q2,508470.0,
ESTAT:NAMQ_10_GDP(1.0),24/10/24 23:00:00,Q,CP_MEUR,NSA,B1GQ,DE,1999-Q3,526500.0,
ESTAT:NAMQ_10_GDP(1.0),24/10/24 23:00:00,Q,CP_MEUR,NSA,B1GQ,DE,1999-Q4,541960.0,
ESTAT:NAMQ_10_GDP(1.0),24/10/24 23:00:00,Q,CP_MEUR,NSA,B1GQ,DE,2000-Q1,519980.0,
ESTAT:NAMQ_10_GDP(1.0),24/10/24 23:00:00,Q,CP_MEUR,NSA,B1GQ,DE,2000-Q2,524390.0,
ESTAT:NAMQ_10_GDP(1.0),24/10/24 23:00:00,Q,CP_MEUR,NSA,B1GQ,DE,2000-Q3,537700.0,
ESTAT:NAMQ_10_GDP(1.0),24/10/24 23:00:00,Q,CP_MEUR,NSA,B1GQ,DE,2000-Q4,547590.0,
ESTAT:NAMQ_10_GDP(1.0),24/10/24 23:00:00,Q,CP_MEUR,NSA,B1GQ,DE,2001-Q1,536830.0,
ESTAT:NAMQ_10_GDP(1.0),24/10/24 23:00:00,Q,CP_MEUR,NSA,B1GQ,DE,2001-Q2,538240.0,
ESTAT:NAMQ_10_GDP(1.0),24/10/24 23:00:00,Q,CP_MEUR,NSA,B1GQ,DE,2001-Q3,553540.0,
ESTAT:NAMQ_10_GDP(1.0),24/10/24 23:00:00,Q,CP_MEUR,NSA,B1GQ,DE,2001-Q4,566920.0,
ESTAT:NAMQ_10_GDP(1.0),24/10/24 23:00:00,Q,CP_MEUR,NSA,B1GQ,DE,2002-Q1,537180.0,
ESTAT:NAMQ_10_GDP(1.0),24/10/24 23:00:00,Q,CP_MEUR,NSA,B1GQ,DE,2002-Q2,546090.0,
ESTAT:NAMQ_10_GDP(1.0),24/10/24 23:00:00,Q,CP_MEUR,NSA,B1GQ,DE,2002-Q3,567130.0,
ESTAT:NAMQ_10_GDP(1.0),24/10/24 23:00:00,Q,CP_MEUR,NSA,B1GQ,DE,2002-Q4,572960.0,
ESTAT:NAMQ_10_GDP(1.0),24/10/24 23:00:00,Q,CP_MEUR,NSA,B1GQ,DE,2003-Q1,543460.0,
ESTAT:NAMQ_10_GDP(1.0),24/10/24 23:00:00,Q,CP_MEUR,NSA,B1GQ,DE,2003-Q2,547960.0,
ESTAT:NAMQ_10_GDP(1.0),24/10/24 23:00:00,Q,CP_MEUR,NSA,B1GQ,DE,2003-Q3,571480.0,
ESTAT:NAMQ_10_GDP(1.0),24/10/24 23:00:00,Q,CP_MEUR,NSA,B1GQ,DE,2003-Q4,577910.0,
ESTAT:NAMQ_10_GDP(1.0),24/10/24 23:00:00,Q,CP_MEUR,NSA,B1GQ,DE,2004-Q1,558360.0,
ESTAT:NAMQ_10_GDP(1.0),24/10/24 23:00:00,Q,CP_MEUR,NSA,B1GQ,DE,2004-Q2,566570.0,
ESTAT:NAMQ_10_GDP(1.0),24/10/24 23:00:00,Q,CP_MEUR,NSA,B1GQ,DE,2004-Q3,579230.0,
ESTAT:NAMQ_10_GDP(1.0),24/10/24 23:00:00,Q,CP_MEUR,NSA,B1GQ,DE,2004-Q4,588880.0,
ESTAT:NAMQ_10_GDP(1.0),24/10/24 23:00:00,Q,CP_MEUR,NSA,B1GQ,DE,2005-Q1,560710.0,
ESTAT:NAMQ_10_GDP(1.0),24/10/24 23:00:00,Q,CP_MEUR,NSA,B1GQ,DE,2005-Q2,576060.0,
ESTAT:NAMQ_10_GDP(1.0),24/10/24 23:00:00,Q,CP_MEUR,NSA,B1GQ,DE,2005-Q3,589030.0,
ESTAT:NAMQ_10_GDP(1.0),24/10/24 23:00:00,Q,CP_MEUR,NSA,B1GQ,DE,2005-Q4,599910.0,
ESTAT:NAMQ_10_GDP(1.0),24/10/24 23:00:00,Q,CP_MEUR,NSA,B1GQ,DE,2006-Q1,586210.0,
ESTAT:NAMQ_10_GDP(1.0),24/10/24 23:00:00,Q,CP_MEUR,NSA,B1GQ,DE,2006-Q2,594160.0,
ESTAT:NAMQ_10_GDP(1.0),24/10/24 23:00:00,Q,CP_MEUR,NSA,B1GQ,DE,2006-Q3,612830.0,
ESTAT:NAMQ_10_GDP(1.0),24/10/24 23:00:00,Q,CP_MEUR,NSA,B1GQ,DE,2006-Q4,632980.0,
ESTAT:NAMQ_10_GDP(1.0),24/10/24 23:00:00,Q,CP_MEUR,NSA,B1GQ,DE,2007-Q1,621550.0,
ESTAT:NAMQ_10_GDP(1.0),24/10/24 23:00:00,Q,CP_MEUR,NSA,B1GQ,DE,2007-Q2,622790.0,
ESTAT:NAMQ_10_GDP(1.0),24/10/24 23:00:00,Q,CP_MEUR,NSA,B1GQ,DE,2007-Q3,641640.0,
ESTAT:NAMQ_10_GDP(1.0),24/10/24 23:00:00,Q,CP_MEUR,NSA,B1GQ,DE,2007-Q4,656240.0,
ESTAT:NAMQ_10_GDP(1.0),24/10/24 23:00:00,Q,CP_MEUR,NSA,B1GQ,DE,2008-Q1,639610.0,
ESTAT:NAMQ_10_GDP(1.0),24/10/24 23:00:00,Q,CP_MEUR,NSA,B1GQ,DE,2008-Q2,646560.0,
ESTAT:NAMQ_10_GDP(1.0),24/10/24 23:00:00,Q,CP_MEUR,NSA,B1GQ,DE,2008-Q3,653190.0,
ESTAT:NAMQ_10_GDP(1.0),24/10/24 23:00:00,Q,CP_MEUR,NSA,B1GQ,DE,2008-Q4,650320.0,
ESTAT:NAMQ_10_GDP(1.0),24/10/24 23:00:00,Q,CP_MEUR,NSA,B1GQ,DE,2009-Q1,607620.0,
ESTAT:NAMQ_10_GDP(1.0),24/10/24 23:00:00,Q,CP_MEUR,NSA,B1GQ,DE,2009-Q2,608290.0,
ESTAT:NAMQ_10_GDP(1.0),24/10/24 23:00:00,Q,CP_MEUR,NSA,B1GQ,DE,2009-Q3,631060.0,
ESTAT:NAMQ_10_GDP(1.0),24/10/24 23:00:00,Q,CP_MEUR,NSA,B1GQ,DE,2009-Q4,647900.0,
ESTAT:NAMQ_10_GDP(1.0),24/10/24 23:00:00,Q,CP_MEUR,NSA,B1GQ,DE,2010-Q1,630080.0,
ESTAT:NAMQ_10_GDP(1.0),24/10/24 23:00:00,Q,CP_MEUR,NSA,B1GQ,DE,2010-Q2,639310.0,
ESTAT:NAMQ_10_GDP(1.0),24/10/24 23:00:00,Q,CP_MEUR,NSA,B1GQ,DE,2010-Q3,665210.0,
ESTAT:NAMQ_10_GDP(1.0),24/10/24 23:00:00,Q,CP_MEUR,NSA,B1GQ,DE,2010-Q4,681460.0,
ESTAT:NAMQ_10_GDP(1.0),24/10/24 23:00:00,Q,CP_MEUR,NSA,B1GQ,DE,2011-Q1,674480.0,
ESTAT:NAMQ_10_GDP(1.0),24/10/24 23:00:00,Q,CP_MEUR,NSA,B1GQ,DE,2011-Q2,673940.0,
ESTAT:NAMQ_10_GDP(1.0),24/10/24 23:00:00,Q,CP_MEUR,NSA,B1GQ,DE,2011-Q3,695280.0,
ESTAT:NAMQ_10_GDP(1.0),24/10/24 23:00:00,Q,CP_MEUR,NSA,B1GQ,DE,2011-Q4,704110.0,
ESTAT:NAMQ_10_GDP(1.0),24/10/24 23:00:00,Q,CP_MEUR,NSA,B1GQ,DE,2012-Q1,694720.0,
ESTAT:NAMQ_10_GDP(1.0),24/10/24 23:00:00,Q,CP_MEUR,NSA,B1GQ,DE,2012-Q2,685510.0,
ESTAT:NAMQ_10_GDP(1.0),24/10/24 23:00:00,Q,CP_MEUR,NSA,B1GQ,DE,2012-Q3,706280.0,
ESTAT:NAMQ_10_GDP(1.0),24/10/24 23:00:00,Q,CP_MEUR,NSA,B1GQ,DE,2012-Q4,713870.0,
ESTAT:NAMQ_10_GDP(1.0),24/10/24 23:00:00,Q,CP_MEUR,NSA,B1GQ,DE,2013-Q1,698160.0,
ESTAT:NAMQ_10_GDP(1.0),24/10/24 23:00:00,Q,CP_MEUR,NSA,B1GQ,DE,2013-Q2,706310.0,
ESTAT:NAMQ_10_GDP(1.0),24/10/24 23:00:00,Q,CP_MEUR,NSA,B1GQ,DE,2013-Q3,728230.0,
ESTAT:NAMQ_10_GDP(1.0),24/10/24 23:00:00,Q,CP_MEUR,NSA,B1GQ,DE,2013-Q4,734580.0,
ESTAT:NAMQ_10_GDP(1.0),24/10/24 23:00:00,Q,CP_MEUR,NSA,B1GQ,DE,2014-Q1,733120.0,
ESTAT:NAMQ_10_GDP(1.0),24/10/24 23:00:00,Q,CP_MEUR,NSA,B1GQ,DE,2014-Q2,731020.0,
ESTAT:NAMQ_10_GDP(1.0),24/10/24 23:00:00,Q,CP_MEUR,NSA,B1GQ,DE,2014-Q3,754310.0,
ESTAT:NAMQ_10_GDP(1.0),24/10/24 23:00:00,Q,CP_MEUR,NSA,B1GQ,DE,2014-Q4,766720.0,
ESTAT:NAMQ_10_GDP(1.0),24/10/24 23:00:00,Q,CP_MEUR,NSA,B1GQ,DE,2015-Q1,754180.0,
ESTAT:NAMQ_10_GDP(1.0),24/10/24 23:00:00,Q,CP_MEUR,NSA,B1GQ,DE,2015-Q2,755840.0,
ESTAT:NAMQ_10_GDP(1.0),24/10/24 23:00:00,Q,CP_MEUR,NSA,B1GQ,DE,2015-Q3,780070.0,
ESTAT:NAMQ_10_GDP(1.0),24/10/24 23:00:00,Q,CP_MEUR,NSA,B1GQ,DE,2015-Q4,795560.0,
ESTAT:NAMQ_10_GDP(1.0),24/10/24 23:00:00,Q,CP_MEUR,NSA,B1GQ,DE,2016-Q1,782080.0,
ESTAT:NAMQ_10_GDP(1.0),24/10/24 23:00:00,Q,CP_MEUR,NSA,B1GQ,DE,2016-Q2,792910.0,
ESTAT:NAMQ_10_GDP(1.0),24/10/24 23:00:00,Q,CP_MEUR,NSA,B1GQ,DE,2016-Q3,803380.0,
ESTAT:NAMQ_10_GDP(1.0),24/10/24 23:00:00,Q,CP_MEUR,NSA,B1GQ,DE,2016-Q4,817740.0,
ESTAT:NAMQ_10_GDP(1.0),24/10/24 23:00:00,Q,CP_MEUR,NSA,B1GQ,DE,2017-Q1,819420.0,
ESTAT:NAMQ_10_GDP(1.0),24/10/24 23:00:00,Q,CP_MEUR,NSA,B1GQ,DE,2017-Q2,815140.0,
ESTAT:NAMQ_10_GDP(1.0),24/10/24 23:00:00,Q,CP_MEUR,NSA,B1GQ,DE,2017-Q3,838760.0,
ESTAT:NAMQ_10_GDP(1.0),24/10/24 23:00:00,Q,CP_MEUR,NSA,B1GQ,DE,2017-Q4,857790.0,
ESTAT:NAMQ_10_GDP(1.0),24/10/24 23:00:00,Q,CP_MEUR,NSA,B1GQ,DE,2018-Q1,845440.0,
ESTAT:NAMQ_10_GDP(1.0),24/10/24 23:00:00,Q,CP_MEUR,NSA,B1GQ,DE,2018-Q2,847260.0,
ESTAT:NAMQ_10_GDP(1.0),24/10/24 23:00:00,Q,CP_MEUR,NSA,B1GQ,DE,2018-Q3,856910.0,
ESTAT:NAMQ_10_GDP(1.0),24/10/24 23:00:00,Q,CP_MEUR,NSA,B1GQ,DE,2018-Q4,881520.0,
ESTAT:NAMQ_10_GDP(1.0),24/10/24 23:00:00,Q,CP_MEUR,NSA,B1GQ,DE,2019-Q1,873090.0,
ESTAT:NAMQ_10_GDP(1.0),24/10/24 23:00:00,Q,CP_MEUR,NSA,B1GQ,DE,2019-Q2,865820.0,
ESTAT:NAMQ_10_GDP(1.0),24/10/24 23:00:00,Q,CP_MEUR,NSA,B1GQ,DE,2019-Q3,891830.0,
ESTAT:NAMQ_10_GDP(1.0),24/10/24 23:00:00,Q,CP_MEUR,NSA,B1GQ,DE,2019-Q4,904140.0,
ESTAT:NAMQ_10_GDP(1.0),24/10/24 23:00:00,Q,CP_MEUR,NSA,B1GQ,DE,2020-Q1,881220.0,p
ESTAT:NAMQ_10_GDP(1.0),24/10/24 23:00:00,Q,CP_MEUR,NSA,B1GQ,DE,2020-Q2,794870.0,p
ESTAT:NAMQ_10_GDP(1.0),24/10/24 23:00:00,Q,CP_MEUR,NSA,B1GQ,DE,2020-Q3,871240.0,p
ESTAT:NAMQ_10_GDP(1.0),24/10/24 23:00:00,Q,CP_MEUR,NSA,B1GQ,DE,2020-Q4,902290.0,p
ESTAT:NAMQ_10_GDP(1.0),24/10/24 23:00:00,Q,CP_MEUR,NSA,B1GQ,DE,2021-Q1,885320.0,p
ESTAT:NAMQ_10_GDP(1.0),24/10/24 23:00:00,Q,CP_MEUR,NSA,B1GQ,DE,2021-Q2,895500.0,p
ESTAT:NAMQ_10_GDP(1.0),24/10/24 23:00:00,Q,CP_MEUR,NSA,B1GQ,DE,2021-Q3,931310.0,p
ESTAT:NAMQ_10_GDP(1.0),24/10/24 23:00:00,Q,CP_MEUR,NSA,B1GQ,DE,2021-Q4,964330.0,p
ESTAT:NAMQ_10_GDP(1.0),24/10/24 23:00:00,Q,CP_MEUR,NSA,B1GQ,DE,2022-Q1,963760.0,p
ESTAT:NAMQ_10_GDP(1.0),24/10/24 23:00:00,Q,CP_MEUR,NSA,B1GQ,DE,2022-Q2,967070.0,p
ESTAT:NAMQ_10_GDP(1.0),24/10/24 23:00:00,Q,CP_MEUR,NSA,B1GQ,DE,2022-Q3,995320.0,p
ESTAT:NAMQ_10_GDP(1.0),24/10/24 23:00:00,Q,CP_MEUR,NSA,B1GQ,DE,2022-Q4,1027700.0,p
ESTAT:NAMQ_10_GDP(1.0),24/10/24 23:00:00,Q,CP_MEUR,NSA,B1GQ,DE,2023-Q1,1034140.0,p
ESTAT:NAMQ_10_GDP(1.0),24/10/24 23:00:00,Q,CP_MEUR,NSA,B1GQ,DE,2023-Q2,1024060.0,p
ESTAT:NAMQ_10_GDP(1.0),24/10/24 23:00:00,Q,CP_MEUR,NSA,B1GQ,DE,2023-Q3,1048710.0,p
ESTAT:NAMQ_10_GDP(1.0),24/10/24 23:00:00,Q,CP_MEUR,NSA,B1GQ,DE,2023-Q4,1078640.0,p
ESTAT:NAMQ_10_GDP(1.0),24/10/24 23:00:00,Q,CP_MEUR,NSA,B1GQ,DE,2024-Q1,1066580.0,p
ESTAT:NAMQ_10_GDP(1.0),24/10/24 23:00:00,Q,CP_MEUR,NSA,B1GQ,DE,2024-Q2,1065510.0,p
ESTAT:NAMQ_10_GDP(1.0),24/10/24 23:00:00,Q,CP_MEUR,NSA,B1GQ,DK,1991-Q1,27917.5,
ESTAT:NAMQ_10_GDP(1.0),24/10/24 23:00:00,Q,CP_MEUR,NSA,B1GQ,DK,1991-Q2,28622.2,
ESTAT:NAMQ_10_GDP(1.0),24/10/24 23:00:00,Q,CP_MEUR,NSA,B1GQ,DK,1991-Q3,27683.5,
ESTAT:NAMQ_10_GDP(1.0),24/10/24 23:00:00,Q,CP_MEUR,NSA,B1GQ,DK,1991-Q4,28354.2,
ESTAT:NAMQ_10_GDP(1.0),24/10/24 23:00:00,Q,CP_MEUR,NSA,B1GQ,DK,1992-Q1,28801.3,
ESTAT:NAMQ_10_GDP(1.0),24/10/24 23:00:00,Q,CP_MEUR,NSA,B1GQ,DK,1992-Q2,29178.5,
ESTAT:NAMQ_10_GDP(1.0),24/10/24 23:00:00,Q,CP_MEUR,NSA,B1GQ,DK,1992-Q3,29039.6,
ESTAT:NAMQ_10_GDP(1.0),24/10/24 23:00:00,Q,CP_MEUR,NSA,B1GQ,DK,1992-Q4,31243.7,
ESTAT:NAMQ_10_GDP(1.0),24/10/24 23:00:00,Q,CP_MEUR,NSA,B1GQ,DK,1993-Q1,30418.1,
ESTAT:NAMQ_10_GDP(1.0),24/10/24 23:00:00,Q,CP_MEUR,NSA,B1GQ,DK,1993-Q2,31025.3,
ESTAT:NAMQ_10_GDP(1.0),24/10/24 23:00:00,Q,CP_MEUR,NSA,B1GQ,DK,1993-Q3,29399.2,
ESTAT:NAMQ_10_GDP(1.0),24/10/24 23:00:00,Q,CP_MEUR,NSA,B1GQ,DK,1993-Q4,31426.4,
ESTAT:NAMQ_10_GDP(1.0),24/10/24 23:00:00,Q,CP_MEUR,NSA,B1GQ,DK,1994-Q1,31494.6,
ESTAT:NAMQ_10_GDP(1.0),24/10/24 23:00:00,Q,CP_MEUR,NSA,B1GQ,DK,1994-Q2,33322.4,
ESTAT:NAMQ_10_GDP(1.0),24/10/24 23:00:00,Q,CP_MEUR,NSA,B1GQ,DK,1994-Q3,32124.9,
ESTAT:NAMQ_10_GDP(1.0),24/10/24 23:00:00,Q,CP_MEUR,NSA,B1GQ,DK,1994-Q4,34624.0,
ESTAT:NAMQ_10_GDP(1.0),24/10/24 23:00:00,Q,CP_MEUR,NSA,B1GQ,DK,1995-Q1,34078.4,
ESTAT:NAMQ_10_GDP(1.0),24/10/24 23:00:00,Q,CP_MEUR,NSA,B1GQ,DK,1995-Q2,35871.0,
ESTAT:NAMQ_10_GDP(1.0),24/10/24 23:00:00,Q,CP_MEUR,NSA,B1GQ,DK,1995-Q3,34625.0,
ESTAT:NAMQ_10_GDP(1.0),24/10/24 23:00:00,Q,CP_MEUR,NSA,B1GQ,DK,1995-Q4,36803.0,
ESTAT:NAMQ_10_GDP(1.0),24/10/24 23:00:00,Q,CP_MEUR,NSA,B1GQ,DK,1996-Q1,35666.0,
ESTAT:NAMQ_10_GDP(1.0),24/10/24 23:00:00,Q,CP_MEUR,NSA,B1GQ,DK,1996-Q2,37325.6,
ESTAT:NAMQ_10_GDP(1.0),24/10/24 23:00:00,Q,CP_MEUR,NSA,B1GQ,DK,1996-Q3,36598.3,
ESTAT:NAMQ_10_GDP(1.0),24/10/24 23:00:00,Q,CP_MEUR,NSA,B1GQ,DK,1996-Q4,38114.5,
ESTAT:NAMQ_10_GDP(1.0),24/10/24 23:00:00,Q,CP_MEUR,NSA,B1GQ,DK,1997-Q1,36754.1,
ESTAT:NAMQ_10_GDP(1.0),24/10/24 23:00:00,Q,CP_MEUR,NSA,B1GQ,DK,1997-Q2,39022.5,
ESTAT:NAMQ_10_GDP(1.0),24/10/24 23:00:00,Q,CP_MEUR,NSA,B1GQ,DK,1997-Q3,37420.9,
ESTAT:NAMQ_10_GDP(1.0),24/10/24 23:00:00,Q,CP_MEUR,NSA,B1GQ,DK,1997-Q4,39701.2,
ESTAT:NAMQ_10_GDP(1.0),24/10/24 23:00:00,Q,CP_MEUR,NSA,B1GQ,DK,1998-Q1,38230.6,
ESTAT:NAMQ_10_GDP(1.0),24/10/24 23:00:00,Q,CP_MEUR,NSA,B1GQ,DK,1998-Q2,39096.4,
ESTAT:NAMQ_10_GDP(1.0),24/10/24 23:00:00,Q,CP_MEUR,NSA,B1GQ,DK,1998-Q3,39151.7,
ESTAT:NAMQ_10_GDP(1.0),24/10/24 23:00:00,Q,CP_MEUR,NSA,B1GQ,DK,1998-Q4,41572.6,
ESTAT:NAMQ_10_GDP(1.0),24/10/24 23:00:00,Q,CP_MEUR,NSA,B1GQ,DK,1999-Q1,39814.7,
ESTAT:NAMQ_10_GDP(1.0),24/10/24 23:00:00,Q,CP_MEUR,NSA,B1GQ,DK,1999-Q2,41728.8,
ESTAT:NAMQ_10_GDP(1.0),24/10/24 23:00:00,Q,CP_MEUR,NSA,B1GQ,DK,1999-Q3,41233.1,
ESTAT:NAMQ_10_GDP(1.0),24/10/24 23:00:00,Q,CP_MEUR,NSA,B1GQ,DK,1999-Q4,44122.5,
ESTAT:NAMQ_10_GDP(1.0),24/10/24 23:00:00,Q,CP_MEUR,NSA,B1GQ,DK,2000-Q1,42419.2,
ESTAT:NAMQ_10_GDP(1.0),24/10/24 23:00:00,Q,CP_MEUR,NSA,B1GQ,DK,2000-Q2,44287.4,
ESTAT:NAMQ_10_GDP(1.0),24/10/24 23:00:00,Q,CP_MEUR,NSA,B1GQ,DK,2000-Q3,43881.6,
ESTAT:NAMQ_10_GDP(1.0),24/10/24 23:00:00,Q,CP_MEUR,NSA,B1GQ,DK,2000-Q4,47302.4,
ESTAT:NAMQ_10_GDP(1.0),24/10/24 23:00:00,Q,CP_MEUR,NSA,B1GQ,DK,2001-Q1,44098.4,
ESTAT:NAMQ_10_GDP(1.0),24/10/24 23:00:00,Q,CP_MEUR,NSA,B1GQ,DK,2001-Q2,45866.8,
ESTAT:NAMQ_10_GDP(1.0),24/10/24 23:00:00,Q,CP_MEUR,NSA,B1GQ,DK,2001-Q3,45760.4,
ESTAT:NAMQ_10_GDP(1.0),24/10/24 23:00:00,Q,CP_MEUR,NSA,B1GQ,DK,2001-Q4,48426.3,
ESTAT:NAMQ_10_GDP(1.0),24/10/24 23:00:00,Q,CP_MEUR,NSA,B1GQ,DK,2002-Q1,45364.0,
ESTAT:NAMQ_10_GDP(1.0),24/10/24 23:00:00,Q,CP_MEUR,NSA,B1GQ,DK,2002-Q2,47793.7,
ESTAT:NAMQ_10_GDP(1.0),24/10/24 23:00:00,Q,CP_MEUR,NSA,B1GQ,DK,2002-Q3,47241.0,
ESTAT:NAMQ_10_GDP(1.0),24/10/24 23:00:00,Q,CP_MEUR,NSA,B1GQ,DK,2002-Q4,49558.3,
ESTAT:NAMQ_10_GDP(1.0),24/10/24 23:00:00,Q,CP_MEUR,NSA,B1GQ,DK,2003-Q1,46772.4,
ESTAT:NAMQ_10_GDP(1.0),24/10/24 23:00:00,Q,CP_MEUR,NSA,B1GQ,DK,2003-Q2,48132.2,
ESTAT:NAMQ_10_GDP(1.0),24/10/24 23:00:00,Q,CP_MEUR,NSA,B1GQ,DK,2003-Q3,47783.7,
ESTAT:NAMQ_10_GDP(1.0),24/10/24 23:00:00,Q,CP_MEUR,NSA,B1GQ,DK,2003-Q4,50953.3,
ESTAT:NAMQ_10_GDP(1.0),24/10/24 23:00:00,Q,CP_MEUR,NSA,B1GQ,DK,2004-Q1,48464.9,
ESTAT:NAMQ_10_GDP(1.0),24/10/24 23:00:00,Q,CP_MEUR,NSA,B1GQ,DK,2004-Q2,50593.2,
ESTAT:NAMQ_10_GDP(1.0),24/10/24 23:00:00,Q,CP_MEUR,NSA,B1GQ,DK,2004-Q3,50337.4,
ESTAT:NAMQ_10_GDP(1.0),24/10/24 23:00:00,Q,CP_MEUR,NSA,B1GQ,DK,2004-Q4,53523.9,
ESTAT:NAMQ_10_GDP(1.0),24/10/24 23:00:00,Q,CP_MEUR,NSA,B1GQ,DK,2005-Q1,50077.7,
ESTAT:NAMQ_10_GDP(1.0),24/10/24 23:00:00,Q,CP_MEUR,NSA,B1GQ,DK,2005-Q2,54083.3,
ESTAT:NAMQ_10_GDP(1.0),24/10/24 23:00:00,Q,CP_MEUR,NSA,B1GQ,DK,2005-Q3,53196.1,
ESTAT:NAMQ_10_GDP(1.0),24/10/24 23:00:00,Q,CP_MEUR,NSA,B1GQ,DK,2005-Q4,56020.7,
ESTAT:NAMQ_10_GDP(1.0),24/10/24 23:00:00,Q,CP_MEUR,NSA,B1GQ,DK,2006-Q1,53537.1,
ESTAT:NAMQ_10_GDP(1.0),24/10/24 23:00:00,Q,CP_MEUR,NSA,B1GQ,DK,2006-Q2,57497.0,
ESTAT:NAMQ_10_GDP(1.0),24/10/24 23:00:00,Q,CP_MEUR,NSA,B1GQ,DK,2006-Q3,56609.4,
ESTAT:NAMQ_10_GDP(1.0),24/10/24 23:00:00,Q,CP_MEUR,NSA,B1GQ,DK,2006-Q4,58290.3,
ESTAT:NAMQ_10_GDP(1.0),24/10/24 23:00:00,Q,CP_MEUR,NSA,B1GQ,DK,2007-Q1,55954.2,
ESTAT:NAMQ_10_GDP(1.0),24/10/24 23:00:00,Q,CP_MEUR,NSA,B1GQ,DK,2007-Q2,57860.9,
ESTAT:NAMQ_10_GDP(1.0),24/10/24 23:00:00,Q,CP_MEUR,NSA,B1GQ,DK,2007-Q3,58370.7,
ESTAT:NAMQ_10_GDP(1.0),24/10/24 23:00:00,Q,CP_MEUR,NSA,B1GQ,DK,2007-Q4,61770.3,
ESTAT:NAMQ_10_GDP(1.0),24/10/24 23:00:00,Q,CP_MEUR,NSA,B1GQ,DK,2008-Q1,58199.5,
ESTAT:NAMQ_10_GDP(1.0),24/10/24 23:00:00,Q,CP_MEUR,NSA,B1GQ,DK,2008-Q2,61499.2,
ESTAT:NAMQ_10_GDP(1.0),24/10/24 23:00:00,Q,CP_MEUR,NSA,B1GQ,DK,2008-Q3,61172.0,
ESTAT:NAMQ_10_GDP(1.0),24/10/24 23:00:00,Q,CP_MEUR,NSA,B1GQ,DK,2008-Q4,61851.0,
ESTAT:NAMQ_10_GDP(1.0),24/10/24 23:00:00,Q,CP_MEUR,NSA,B1GQ,DK,2009-Q1,56706.2,
ESTAT:NAMQ_10_GDP(1.0),24/10/24 23:00:00,Q,CP_MEUR,NSA,B1GQ,DK,2009-Q2,57625.8,
ESTAT:NAMQ_10_GDP(1.0),24/10/24 23:00:00,Q,CP_MEUR,NSA,B1GQ,DK,2009-Q3,57897.6,
ESTAT:NAMQ_10_GDP(1.0),24/10/24 23:00:00,Q,CP_MEUR,NSA,B1GQ,DK,2009-Q4,60040.0,
ESTAT:NAMQ_10_GDP(1.0),24/10/24 23:00:00,Q,CP_MEUR,NSA,B1GQ,DK,2010-Q1,58087.1,
ESTAT:NAMQ_10_GDP(1.0),24/10/24 23:00:00,Q,CP_MEUR,NSA,B1GQ,DK,2010-Q2,61246.7,
ESTAT:NAMQ_10_GDP(1.0),24/10/24 23:00:00,Q,CP_MEUR,NSA,B1GQ,DK,2010-Q3,61303.4,
ESTAT:NAMQ_10_GDP(1.0),24/10/24 23:00:00,Q,CP_MEUR,NSA,B1GQ,DK,2010-Q4,62793.3,
ESTAT:NAMQ_10_GDP(1.0),24/10/24 23:00:00,Q,CP_MEUR,NSA,B1GQ,DK,2011-Q1,60455.6,
ESTAT:NAMQ_10_GDP(1.0),24/10/24 23:00:00,Q,CP_MEUR,NSA,B1GQ,DK,2011-Q2,62620.0,
ESTAT:NAMQ_10_GDP(1.0),24/10/24 23:00:00,Q,CP_MEUR,NSA,B1GQ,DK,2011-Q3,61301.2,
ESTAT:NAMQ_10_GDP(1.0),24/10/24 23:00:00,Q,CP_MEUR,NSA,B1GQ,DK,2011-Q4,63728.6,
ESTAT:NAMQ_10_GDP(1.0),24/10/24 23:00:00,Q,CP_MEUR,NSA,B1GQ,DK,2012-Q1,61475.7,
ESTAT:NAMQ_10_GDP(1.0),24/10/24 23:00:00,Q,CP_MEUR,NSA,B1GQ,DK,2012-Q2,64199.0,
ESTAT:NAMQ_10_GDP(1.0),24/10/24 23:00:00,Q,CP_MEUR,NSA,B1GQ,DK,2012-Q3,63549.0,
ESTAT:NAMQ_10_GDP(1.0),24/10/24 23:00:00,Q,CP_MEUR,NSA,B1GQ,DK,2012-Q4,65073.9,
ESTAT:NAMQ_10_GDP(1.0),24/10/24 23:00:00,Q,CP_MEUR,NSA,B1GQ,DK,2013-Q1,62417.3,
ESTAT:NAMQ_10_GDP(1.0),24/10/24 23:00:00,Q,CP_MEUR,NSA,B1GQ,DK,2013-Q2,65603.0,
ESTAT:NAMQ_10_GDP(1.0),24/10/24 23:00:00,Q,CP_MEUR,NSA,B1GQ,DK,2013-Q3,64876.3,
ESTAT:NAMQ_10_GDP(1.0),24/10/24 23:00:00,Q,CP_MEUR,NSA,B1GQ,DK,2013-Q4,66633.6,
ESTAT:NAMQ_10_GDP(1.0),24/10/24 23:00:00,Q,CP_MEUR,NSA,B1GQ,DK,2014-Q1,64430.4,
ESTAT:NAMQ_10_GDP(1.0),24/10/24 23:00:00,Q,CP_MEUR,NSA,B1GQ,DK,2014-Q2,66382.5,
ESTAT:NAMQ_10_GDP(1.0),24/10/24 23:00:00,Q,CP_MEUR,NSA,B1GQ,DK,2014-Q3,66179.7,
ESTAT:NAMQ_10_GDP(1.0),24/10/24 23:00:00,Q,CP_MEUR,NSA,B1GQ,DK,2014-Q4,68643.5,
ESTAT:NAMQ_10_GDP(1.0),24/10/24 23:00:00,Q,CP_MEUR,NSA,B1GQ,DK,2015-Q1,66232.6,
ESTAT:NAMQ_10_GDP(1.0),24/10/24 23:00:00,Q,CP_MEUR,NSA,B1GQ,DK,2015-Q2,68660.4,
ESTAT:NAMQ_10_GDP(1.0),24/10/24 23:00:00,Q,CP_MEUR,NSA,B1GQ,DK,2015-Q3,67481.7,
ESTAT:NAMQ_10_GDP(1.0),24/10/24 23:00:00,Q,CP_MEUR,NSA,B1GQ,DK,2015-Q4,69817.5,
ESTAT:NAMQ_10_GDP(1.0),24/10/24 23:00:00,Q,CP_MEUR,NSA,B1GQ,DK,2016-Q1,67481.1,
ESTAT:NAMQ_10_GDP(1.0),24/10/24 23:00:00,Q,CP_MEUR,NSA,B1GQ,DK,2016-Q2,71518.8,
ESTAT:NAMQ_10_GDP(1.0),24/10/24 23:00:00,Q,CP_MEUR,NSA,B1GQ,DK,2016-Q3,69857.9,
ESTAT:NAMQ_10_GDP(1.0),24/10/24 23:00:00,Q,CP_MEUR,NSA,B1GQ,DK,2016-Q4,73411.8,
ESTAT:NAMQ_10_GDP(1.0),24/10/24 23:00:00,Q,CP_MEUR,NSA,B1GQ,DK,2017-Q1,71114.7,
ESTAT:NAMQ_10_GDP(1.0),24/10/24 23:00:00,Q,CP_MEUR,NSA,B1GQ,DK,2017-Q2,74917.0,
ESTAT:NAMQ_10_GDP(1.0),24/10/24 23:00:00,Q,CP_MEUR,NSA,B1GQ,DK,2017-Q3,72630.5,
ESTAT:NAMQ_10_GDP(1.0),24/10/24 23:00:00,Q,CP_MEUR,NSA,B1GQ,DK,2017-Q4,75688.6,
ESTAT:NAMQ_10_GDP(1.0),24/10/24 23:00:00,Q,CP_MEUR,NSA,B1GQ,DK,2018-Q1,72083.2,
ESTAT:NAMQ_10_GDP(1.0),24/10/24 23:00:00,Q,CP_MEUR,NSA,B1GQ,DK,2018-Q2,76265.5,
ESTAT:NAMQ_10_GDP(1.0),24/10/24 23:00:00,Q,CP_MEUR,NSA,B1GQ,DK,2018-Q3,74867.7,
ESTAT:NAMQ_10_GDP(1.0),24/10/24 23:00:00,Q,CP_MEUR,NSA,B1GQ,DK,2018-Q4,77799.0,
ESTAT:NAMQ_10_GDP(1.0),24/10/24 23:00:00,Q,CP_MEUR,NSA,B1GQ,DK,2019-Q1,74055.7,
ESTAT:NAMQ_10_GDP(1.0),24/10/24 23:00:00,Q,CP_MEUR,NSA,B1GQ,DK,2019-Q2,77896.5,
ESTAT:NAMQ_10_GDP(1.0),24/10/24 23:00:00,Q,CP_MEUR,NSA,B1GQ,DK,2019-Q3,76783.7,
ESTAT:NAMQ_10_GDP(1.0),24/10/24 23:00:00,Q,CP_MEUR,NSA,B1GQ,DK,2019-Q4,79808.4,
ESTAT:NAMQ_10_GDP(1.0),24/10/24 23:00:00,Q,CP_MEUR,NSA,B1GQ,DK,2020-Q1,76433.9,
ESTAT:NAMQ_10_GDP(1.0),24/10/24 23:00:00,Q,CP_MEUR,NSA,B1GQ,DK,2020-Q2,74767.7,
ESTAT:NAMQ_10_GDP(1.0),24/10/24 23:00:00,Q,CP_MEUR,NSA,B1GQ,DK,2020-Q3,78313.4,
ESTAT:NAMQ_10_GDP(1.0),24/10/24 23:00:00,Q,CP_MEUR,NSA,B1GQ,DK,2020-Q4,82610.4,
ESTAT:NAMQ_10_GDP(1.0),24/10/24 23:00:00,Q,CP_MEUR,NSA,B1GQ,DK,2021-Q1,79517.7,
ESTAT:NAMQ_10_GDP(1.0),24/10/24 23:00:00,Q,CP_MEUR,NSA,B1GQ,DK,2021-Q2,85807.6,
ESTAT:NAMQ_10_GDP(1.0),24/10/24 23:00:00,Q,CP_MEUR,NSA,B1GQ,DK,2021-Q3,86031.0,
ESTAT:NAMQ_10_GDP(1.0),24/10/24 23:00:00,Q,CP_MEUR,NSA,B1GQ,DK,2021-Q4,93878.0,
ESTAT:NAMQ_10_GDP(1.0),24/10/24 23:00:00,Q,CP_MEUR,NSA,B1GQ,DK,2022-Q1,89149.3,
ESTAT:NAMQ_10_GDP(1.0),24/10/24 23:00:00,Q,CP_MEUR,NSA,B1GQ,DK,2022-Q2,96381.4,
ESTAT:NAMQ_10_GDP(1.0),24/10/24 23:00:00,Q,CP_MEUR,NSA,B1GQ,DK,2022-Q3,97343.4,
ESTAT:NAMQ_10_GDP(1.0),24/10/24 23:00:00,Q,CP_MEUR,NSA,B1GQ,DK,2022-Q4,99439.3,
ESTAT:NAMQ_10_GDP(1.0),24/10/24 23:00:00,Q,CP_MEUR,NSA,B1GQ,DK,2023-Q1,93296.3,
ESTAT:NAMQ_10_GDP(1.0),24/10/24 23:00:00,Q,CP_MEUR,NSA,B1GQ,DK,2023-Q2,94838.6,
ESTAT:NAMQ_10_GDP(1.0),24/10/24 23:00:00,Q,CP_MEUR,NSA,B1GQ,DK,2023-Q3,91420.0,
ESTAT:NAMQ_10_GDP(1.0),24/10/24 23:00:00,Q,CP_MEUR,NSA,B1GQ,DK,2023-Q4,96868.6,
ESTAT:NAMQ_10_GDP(1.0),24/10/24 23:00:00,Q,CP_MEUR,NSA,B1GQ,DK,2024-Q1,91650.5,
ESTAT:NAMQ_10_GDP(1.0),24/10/24 23:00:00,Q,CP_MEUR,NSA,B1GQ,DK,2024-Q2,98337.0,
ESTAT:NAMQ_10_GDP(1.0),24/10/24 23:00:00,Q,CP_MEUR,NSA,B1GQ,EA,1995-Q1,1340885.9,
ESTAT:NAMQ_10_GDP(1.0),24/10/24 23:00:00,Q,CP_MEUR,NSA,B1GQ,EA,1995-Q2,1384878.0,
ESTAT:NAMQ_10_GDP(1.0),24/10/24 23:00:00,Q,CP_MEUR,NSA,B1GQ,EA,1995-Q3,1388059.6,
ESTAT:NAMQ_10_GDP(1.0),24/10/24 23:00:00,Q,CP_MEUR,NSA,B1GQ,EA,1995-Q4,1472524.8,
ESTAT:NAMQ_10_GDP(1.0),24/10/24 23:00:00,Q,CP_MEUR,NSA,B1GQ,EA,1996-Q1,1399812.3,
ESTAT:NAMQ_10_GDP(1.0),24/10/24 23:00:00,Q,CP_MEUR,NSA,B1GQ,EA,1996-Q2,1447713.6,
ESTAT:NAMQ_10_GDP(1.0),24/10/24 23:00:00,Q,CP_MEUR,NSA,B1GQ,EA,1996-Q3,1446638.6,
ESTAT:NAMQ_10_GDP(1.0),24/10/24 23:00:00,Q,CP_MEUR,NSA,B1GQ,EA,1996-Q4,1520970.8,
ESTAT:NAMQ_10_GDP(1.0),24/10/24 23:00:00,Q,CP_MEUR,NSA,B1GQ,EA,1997-Q1,1415491.9,
ESTAT:NAMQ_10_GDP(1.0),24/10/24 23:00:00,Q,CP_MEUR,NSA,B1GQ,EA,1997-Q2,1482786.7,
ESTAT:NAMQ_10_GDP(1.0),24/10/24 23:00:00,Q,CP_MEUR,NSA,B1GQ,EA,1997-Q3,1473932.3,
ESTAT:NAMQ_10_GDP(1.0),24/10/24 23:00:00,Q,CP_MEUR,NSA,B1GQ,EA,1997-Q4,1569417.8,
ESTAT:NAMQ_10_GDP(1.0),24/10/24 23:00:00,Q,CP_MEUR,NSA,B1GQ,EA,1998-Q1,1478639.9,
ESTAT:NAMQ_10_GDP(1.0),24/10/24 23:00:00,Q,CP_MEUR,NSA,B1GQ,EA,1998-Q2,1534013.2,
ESTAT:NAMQ_10_GDP(1.0),24/10/24 23:00:00,Q,CP_MEUR,NSA,B1GQ,EA,1998-Q3,1535819.0,
ESTAT:NAMQ_10_GDP(1.0),24/10/24 23:00:00,Q,CP_MEUR,NSA,B1GQ,EA,1998-Q4,1633707.1,
ESTAT:NAMQ_10_GDP(1.0),24/10/24 23:00:00,Q,CP_MEUR,NSA,B1GQ,EA,1999-Q1,1547124.3,
ESTAT:NAMQ_10_GDP(1.0),24/10/24 23:00:00,Q,CP_MEUR,NSA,B1GQ,EA,1999-Q2,1603386.7,
ESTAT:NAMQ_10_GDP(1.0),24/10/24 23:00:00,Q,CP_MEUR,NSA,B1GQ,EA,1999-Q3,1608280.6,
ESTAT:NAMQ_10_GDP(1.0),24/10/24 23:00:00,Q,CP_MEUR,NSA,B1GQ,EA,1999-Q4,1711733.3,
ESTAT:NAMQ_10_GDP(1.0),24/10/24 23:00:00,Q,CP_MEUR,NSA,B1GQ,EA,2000-Q1,1639739.3,
ESTAT:NAMQ_10_GDP(1.0),24/10/24 23:00:00,Q,CP_MEUR,NSA,B1GQ,EA,2000-Q2,1691974.3,
ESTAT:NAMQ_10_GDP(1.0),24/10/24 23:00:00,Q,CP_MEUR,NSA,B1GQ,EA,2000-Q3,1688558.9,
ESTAT:NAMQ_10_GDP(1.0),24/10/24 23:00:00,Q,CP_MEUR,NSA,B1GQ,EA,2000-Q4,1792473.9,
ESTAT:NAMQ_10_GDP(1.0),24/10/24 23:00:00,Q,CP_MEUR,NSA,B1GQ,EA,2001-Q1,1758513.7,
ESTAT:NAMQ_10_GDP(1.0),24/10/24 23:00:00,Q,CP_MEUR,NSA,B1GQ,EA,2001-Q2,1809435.4,
ESTAT:NAMQ_10_GDP(1.0),24/10/24 23:00:00,Q,CP_MEUR,NSA,B1GQ,EA,2001-Q3,1800969.8,
ESTAT:NAMQ_10_GDP(1.0),24/10/24 23:00:00,Q,CP_MEUR,NSA,B1GQ,EA,2001-Q4,1906708.1,
ESTAT:NAMQ_10_GDP(1.0),24/10/24 23:00:00,Q,CP_MEUR,NSA,B1GQ,EA,2002-Q1,1804477.6,
ESTAT:NAMQ_10_GDP(1.0),24/10/24 23:00:00,Q,CP_MEUR,NSA,B1GQ,EA,2002-Q2,1871872.1,
ESTAT:NAMQ_10_GDP(1.0),24/10/24 23:00:00,Q,CP_MEUR,NSA,B1GQ,EA,2002-Q3,1873663.1,
ESTAT:NAMQ_10_GDP(1.0),24/10/24 23:00:00,Q,CP_MEUR,NSA,B1GQ,EA,2002-Q4,1969094.2,
ESTAT:NAMQ_10_GDP(1.0),24/10/24 23:00:00,Q,CP_MEUR,NSA,B1GQ,EA,2003-Q1,1861103.9,
ESTAT:NAMQ_10_GDP(1.0),24/10/24 23:00:00,Q,CP_MEUR,NSA,B1GQ,EA,2003-Q2,1916916.9,
ESTAT:NAMQ_10_GDP(1.0),24/10/24 23:00:00,Q,CP_MEUR,NSA,B1GQ,EA,2003-Q3,1926861.1,
ESTAT:NAMQ_10_GDP(1.0),24/10/24 23:00:00,Q,CP_MEUR,NSA,B1GQ,EA,2003-Q4,2030635.0,
ESTAT:NAMQ_10_GDP(1.0),24/10/24 23:00:00,Q,CP_MEUR,NSA,B1GQ,EA,2004-Q1,1937440.7,
ESTAT:NAMQ_10_GDP(1.0),24/10/24 23:00:00,Q,CP_MEUR,NSA,B1GQ,EA,2004-Q2,2009592.7,
ESTAT:NAMQ_10_GDP(1.0),24/10/24 23:00:00,Q,CP_MEUR,NSA,B1GQ,EA,2004-Q3,2000479.9,
ESTAT:NAMQ_10_GDP(1.0),24/10/24 23:00:00,Q,CP_MEUR,NSA,B1GQ,EA,2004-Q4,2112327.9,
ESTAT:NAMQ_10_GDP(1.0),24/10/24 23:00:00,Q,CP_MEUR,NSA,B1GQ,EA,2005-Q1,1997144.2,
ESTAT:NAMQ_10_GDP(1.0),24/10/24 23:00:00,Q,CP_MEUR,NSA,B1GQ,EA,2005-Q2,2085652.0,
ESTAT:NAMQ_10_GDP(1.0),24/10/24 23:00:00,Q,CP_MEUR,NSA,B1GQ,EA,2005-Q3,2072753.8,
ESTAT:NAMQ_10_GDP(1.0),24/10/24 23:00:00,Q,CP_MEUR,NSA,B1GQ,EA,2005-Q4,2193497.2,
ESTAT:NAMQ_10_GDP(1.0),24/10/24 23:00:00,Q,CP_MEUR,NSA,B1GQ,EA,2006-Q1,2106794.7,
ESTAT:NAMQ_10_GDP(1.0),24/10/24 23:00:00,Q,CP_MEUR,NSA,B1GQ,EA,2006-Q2,2186835.7,
ESTAT:NAMQ_10_GDP(1.0),24/10/24 23:00:00,Q,CP_MEUR,NSA,B1GQ,EA,2006-Q3,2178320.2,
ESTAT:NAMQ_10_GDP(1.0),24/10/24 23:00:00,Q,CP_MEUR,NSA,B1GQ,EA,2006-Q4,2316131.2,
ESTAT:NAMQ_10_GDP(1.0),24/10/24 23:00:00,Q,CP_MEUR,NSA,B1GQ,EA,2007-Q1,2238267.2,
ESTAT:NAMQ_10_GDP(1.0),24/10/24 23:00:00,Q,CP_MEUR,NSA,B1GQ,EA,2007-Q2,2313179.7,
ESTAT:NAMQ_10_GDP(1.0),24/10/24 23:00:00,Q,CP_MEUR,NSA,B1GQ,EA,2007-Q3,2300589.9,
ESTAT:NAMQ_10_GDP(1.0),24/10/24 23:00:00,Q,CP_MEUR,NSA,B1GQ,EA,2007-Q4,2437390.4,
ESTAT:NAMQ_10_GDP(1.0),24/10/24 23:00:00,Q,CP_MEUR,NSA,B1GQ,EA,2008-Q1,2326897.6,
ESTAT:NAMQ_10_GDP(1.0),24/10/24 23:00:00,Q,CP_MEUR,NSA,B1GQ,EA,2008-Q2,2407657.9,
ESTAT:NAMQ_10_GDP(1.0),24/10/24 23:00:00,Q,CP_MEUR,NSA,B1GQ,EA,2008-Q3,2366718.4,
ESTAT:NAMQ_10_GDP(1.0),24/10/24 23:00:00,Q,CP_MEUR,NSA,B1GQ,EA,2008-Q4,2431816.8,
ESTAT:NAMQ_10_GDP(1.0),24/10/24 23:00:00,Q,CP_MEUR,NSA,B1GQ,EA,2009-Q1,2246299.7,
ESTAT:NAMQ_10_GDP(1.0),24/10/24 23:00:00,Q,CP_MEUR,NSA,B1GQ,EA,2009-Q2,2306234.5,
ESTAT:NAMQ_10_GDP(1.0),24/10/24 23:00:00,Q,CP_MEUR,NSA,B1GQ,EA,2009-Q3,2303866.9,
ESTAT:NAMQ_10_GDP(1.0),24/10/24 23:00:00,Q,CP_MEUR,NSA,B1GQ,EA,2009-Q4,2420481.0,
ESTAT:NAMQ_10_GDP(1.0),24/10/24 23:00:00,Q,CP_MEUR,NSA,B1GQ,EA,2010-Q1,2287318.2,
ESTAT:NAMQ_10_GDP(1.0),24/10/24 23:00:00,Q,CP_MEUR,NSA,B1GQ,EA,2010-Q2,2378467.7,
ESTAT:NAMQ_10_GDP(1.0),24/10/24 23:00:00,Q,CP_MEUR,NSA,B1GQ,EA,2010-Q3,2378627.3,
ESTAT:NAMQ_10_GDP(1.0),24/10/24 23:00:00,Q,CP_MEUR,NSA,B1GQ,EA,2010-Q4,2495673.5,
ESTAT:NAMQ_10_GDP(1.0),24/10/24 23:00:00,Q,CP_MEUR,NSA,B1GQ,EA,2011-Q1,2390166.7,
ESTAT:NAMQ_10_GDP(1.0),24/10/24 23:00:00,Q,CP_MEUR,NSA,B1GQ,EA,2011-Q2,2456376.2,
ESTAT:NAMQ_10_GDP(1.0),24/10/24 23:00:00,Q,CP_MEUR,NSA,B1GQ,EA,2011-Q3,2443544.6,
ESTAT:NAMQ_10_GDP(1.0),24/10/24 23:00:00,Q,CP_MEUR,NSA,B1GQ,EA,2011-Q4,2536037.6,
ESTAT:NAMQ_10_GDP(1.0),24/10/24 23:00:00,Q,CP_MEUR,NSA,B1GQ,EA,2012-Q1,2413903.8,
ESTAT:NAMQ_10_GDP(1.0),24/10/24 23:00:00,Q,CP_MEUR,NSA,B1GQ,EA,2012-Q2,2454899.7,
ESTAT:NAMQ_10_GDP(1.0),24/10/24 23:00:00,Q,CP_MEUR,NSA,B1GQ,EA,2012-Q3,2447627.3,
ESTAT:NAMQ_10_GDP(1.0),24/10/24 23:00:00,Q,CP_MEUR,NSA,B1GQ,EA,2012-Q4,2536813.0,
ESTAT:NAMQ_10_GDP(1.0),24/10/24 23:00:00,Q,CP_MEUR,NSA,B1GQ,EA,2013-Q1,2400295.3,
ESTAT:NAMQ_10_GDP(1.0),24/10/24 23:00:00,Q,CP_MEUR,NSA,B1GQ,EA,2013-Q2,2485502.0,
ESTAT:NAMQ_10_GDP(1.0),24/10/24 23:00:00,Q,CP_MEUR,NSA,B1GQ,EA,2013-Q3,2489390.5,
ESTAT:NAMQ_10_GDP(1.0),24/10/24 23:00:00,Q,CP_MEUR,NSA,B1GQ,EA,2013-Q4,2581322.4,
ESTAT:NAMQ_10_GDP(1.0),24/10/24 23:00:00,Q,CP_MEUR,NSA,B1GQ,EA,2014-Q1,2471457.6,
ESTAT:NAMQ_10_GDP(1.0),24/10/24 23:00:00,Q,CP_MEUR,NSA,B1GQ,EA,2014-Q2,2540030.4,
ESTAT:NAMQ_10_GDP(1.0),24/10/24 23:00:00,Q,CP_MEUR,NSA,B1GQ,EA,2014-Q3,2551094.2,
ESTAT:NAMQ_10_GDP(1.0),24/10/24 23:00:00,Q,CP_MEUR,NSA,B1GQ,EA,2014-Q4,2655983.1,
ESTAT:NAMQ_10_GDP(1.0),24/10/24 23:00:00,Q,CP_MEUR,NSA,B1GQ,EA,2015-Q1,2557148.5,
ESTAT:NAMQ_10_GDP(1.0),24/10/24 23:00:00,Q,CP_MEUR,NSA,B1GQ,EA,2015-Q2,2638643.7,
ESTAT:NAMQ_10_GDP(1.0),24/10/24 23:00:00,Q,CP_MEUR,NSA,B1GQ,EA,2015-Q3,2652260.7,
ESTAT:NAMQ_10_GDP(1.0),24/10/24 23:00:00,Q,CP_MEUR,NSA,B1GQ,EA,2015-Q4,2767050.8,
ESTAT:NAMQ_10_GDP(1.0),24/10/24 23:00:00,Q,CP_MEUR,NSA,B1GQ,EA,2016-Q1,2631904.2,
ESTAT:NAMQ_10_GDP(1.0),24/10/24 23:00:00,Q,CP_MEUR,NSA,B1GQ,EA,2016-Q2,2726127.3,
ESTAT:NAMQ_10_GDP(1.0),24/10/24 23:00:00,Q,CP_MEUR,NSA,B1GQ,EA,2016-Q3,2713461.6,
ESTAT:NAMQ_10_GDP(1.0),24/10/24 23:00:00,Q,CP_MEUR,NSA,B1GQ,EA,2016-Q4,2834548.0,
ESTAT:NAMQ_10_GDP(1.0),24/10/24 23:00:00,Q,CP_MEUR,NSA,B1GQ,EA,2017-Q1,2731886.1,
ESTAT:NAMQ_10_GDP(1.0),24/10/24 23:00:00,Q,CP_MEUR,NSA,B1GQ,EA,2017-Q2,2810663.4,
ESTAT:NAMQ_10_GDP(1.0),24/10/24 23:00:00,Q,CP_MEUR,NSA,B1GQ,EA,2017-Q3,2819270.0,
ESTAT:NAMQ_10_GDP(1.0),24/10/24 23:00:00,Q,CP_MEUR,NSA,B1GQ,EA,2017-Q4,2954378.2,
ESTAT:NAMQ_10_GDP(1.0),24/10/24 23:00:00,Q,CP_MEUR,NSA,B1GQ,EA,2018-Q1,2828829.5,
ESTAT:NAMQ_10_GDP(1.0),24/10/24 23:00:00,Q,CP_MEUR,NSA,B1GQ,EA,2018-Q2,2908817.7,
ESTAT:NAMQ_10_GDP(1.0),24/10/24 23:00:00,Q,CP_MEUR,NSA,B1GQ,EA,2018-Q3,2903545.4,
ESTAT:NAMQ_10_GDP(1.0),24/10/24 23:00:00,Q,CP_MEUR,NSA,B1GQ,EA,2018-Q4,3049588.9,
ESTAT:NAMQ_10_GDP(1.0),24/10/24 23:00:00,Q,CP_MEUR,NSA,B1GQ,EA,2019-Q1,2926222.4,
ESTAT:NAMQ_10_GDP(1.0),24/10/24 23:00:00,Q,CP_MEUR,NSA,B1GQ,EA,2019-Q2,3002880.7,
ESTAT:NAMQ_10_GDP(1.0),24/10/24 23:00:00,Q,CP_MEUR,NSA,B1GQ,EA,2019-Q3,3016675.5,
ESTAT:NAMQ_10_GDP(1.0),24/10/24 23:00:00,Q,CP_MEUR,NSA,B1GQ,EA,2019-Q4,3136276.5,
ESTAT:NAMQ_10_GDP(1.0),24/10/24 23:00:00,Q,CP_MEUR,NSA,B1GQ,EA,2020-Q1,2902951.2,
ESTAT:NAMQ_10_GDP(1.0),24/10/24 23:00:00,Q,CP_MEUR,NSA,B1GQ,EA,2020-Q2,2655049.0,
ESTAT:NAMQ_10_GDP(1.0),24/10/24 23:00:00,Q,CP_MEUR,NSA,B1GQ,EA,2020-Q3,2930064.7,
ESTAT:NAMQ_10_GDP(1.0),24/10/24 23:00:00,Q,CP_MEUR,NSA,B1GQ,EA,2020-Q4,3076406.8,
ESTAT:NAMQ_10_GDP(1.0),24/10/24 23:00:00,Q,CP_MEUR,NSA,B1GQ,EA,2021-Q1,2948929.6,
ESTAT:NAMQ_10_GDP(1.0),24/10/24 23:00:00,Q,CP_MEUR,NSA,B1GQ,EA,2021-Q2,3086876.2,
ESTAT:NAMQ_10_GDP(1.0),24/10/24 23:00:00,Q,CP_MEUR,NSA,B1GQ,EA,2021-Q3,3172507.9,
ESTAT:NAMQ_10_GDP(1.0),24/10/24 23:00:00,Q,CP_MEUR,NSA,B1GQ,EA,2021-Q4,3346200.9,
ESTAT:NAMQ_10_GDP(1.0),24/10/24 23:00:00,Q,CP_MEUR,NSA,B1GQ,EA,2022-Q1,3246838.7,
ESTAT:NAMQ_10_GDP(1.0),24/10/24 23:00:00,Q,CP_MEUR,NSA,B1GQ,EA,2022-Q2,3381027.0,
ESTAT:NAMQ_10_GDP(1.0),24/10/24 23:00:00,Q,CP_MEUR,NSA,B1GQ,EA,2022-Q3,3430183.0,
ESTAT:NAMQ_10_GDP(1.0),24/10/24 23:00:00,Q,CP_MEUR,NSA,B1GQ,EA,2022-Q4,3598348.0,
ESTAT:NAMQ_10_GDP(1.0),24/10/24 23:00:00,Q,CP_MEUR,NSA,B1GQ,EA,2023-Q1,3529769.3,
ESTAT:NAMQ_10_GDP(1.0),24/10/24 23:00:00,Q,CP_MEUR,NSA,B1GQ,EA,2023-Q2,3624676.4,
ESTAT:NAMQ_10_GDP(1.0),24/10/24 23:00:00,Q,CP_MEUR,NSA,B1GQ,EA,2023-Q3,3639696.8,
ESTAT:NAMQ_10_GDP(1.0),24/10/24 23:00:00,Q,CP_MEUR,NSA,B1GQ,EA,2023-Q4,3800458.6,
ESTAT:NAMQ_10_GDP(1.0),24/10/24 23:00:00,Q,CP_MEUR,NSA,B1GQ,EA,2024-Q1,3667095.1,
ESTAT:NAMQ_10_GDP(1.0),24/10/24 23:00:00,Q,CP_MEUR,NSA,B1GQ,EA,2024-Q2,3762469.5,
ESTAT:NAMQ_10_GDP(1.0),24/10/24 23:00:00,Q,CP_MEUR,NSA,B1GQ,EA12,1995-Q1,1364470.6,
ESTAT:NAMQ_10_GDP(1.0),24/10/24 23:00:00,Q,CP_MEUR,NSA,B1GQ,EA12,1995-Q2,1409674.2,
ESTAT:NAMQ_10_GDP(1.0),24/10/24 23:00:00,Q,CP_MEUR,NSA,B1GQ,EA12,1995-Q3,1415262.3,
ESTAT:NAMQ_10_GDP(1.0),24/10/24 23:00:00,Q,CP_MEUR,NSA,B1GQ,EA12,1995-Q4,1500147.7,
ESTAT:NAMQ_10_GDP(1.0),24/10/24 23:00:00,Q,CP_MEUR,NSA,B1GQ,EA12,1996-Q1,1424343.3,
ESTAT:NAMQ_10_GDP(1.0),24/10/24 23:00:00,Q,CP_MEUR,NSA,B1GQ,EA12,1996-Q2,1474514.4,
ESTAT:NAMQ_10_GDP(1.0),24/10/24 23:00:00,Q,CP_MEUR,NSA,B1GQ,EA12,1996-Q3,1476508.8,
ESTAT:NAMQ_10_GDP(1.0),24/10/24 23:00:00,Q,CP_MEUR,NSA,B1GQ,EA12,1996-Q4,1552031.1,
ESTAT:NAMQ_10_GDP(1.0),24/10/24 23:00:00,Q,CP_MEUR,NSA,B1GQ,EA12,1997-Q1,1442880.4,
ESTAT:NAMQ_10_GDP(1.0),24/10/24 23:00:00,Q,CP_MEUR,NSA,B1GQ,EA12,1997-Q2,1511767.2,
ESTAT:NAMQ_10_GDP(1.0),24/10/24 23:00:00,Q,CP_MEUR,NSA,B1GQ,EA12,1997-Q3,1506225.2,
ESTAT:NAMQ_10_GDP(1.0),24/10/24 23:00:00,Q,CP_MEUR,NSA,B1GQ,EA12,1997-Q4,1603233.7,
ESTAT:NAMQ_10_GDP(1.0),24/10/24 23:00:00,Q,CP_MEUR,NSA,B1GQ,EA12,1998-Q1,1507520.9,
ESTAT:NAMQ_10_GDP(1.0),24/10/24 23:00:00,Q,CP_MEUR,NSA,B1GQ,EA12,1998-Q2,1563019.8,
ESTAT:NAMQ_10_GDP(1.0),24/10/24 23:00:00,Q,CP_MEUR,NSA,B1GQ,EA12,1998-Q3,1568499.9,
ESTAT:NAMQ_10_GDP(1.0),24/10/24 23:00:00,Q,CP_MEUR,NSA,B1GQ,EA12,1998-Q4,1667893.1,
ESTAT:NAMQ_10_GDP(1.0),24/10/24 23:00:00,Q,CP_MEUR,NSA,B1GQ,EA12,1999-Q1,1577743.4,
ESTAT:NAMQ_10_GDP(1.0),24/10/24 23:00:00,Q,CP_MEUR,NSA,B1GQ,EA12,1999-Q2,1635818.6,
ESTAT:NAMQ_10_GDP(1.0),24/10/24 23:00:00,Q,CP_MEUR,NSA,B1GQ,EA12,1999-Q3,1643310.5,
ESTAT:NAMQ_10_GDP(1.0),24/10/24 23:00:00,Q,CP_MEUR,NSA,B1GQ,EA12,1999-Q4,1748241.1,
ESTAT:NAMQ_10_GDP(1.0),24/10/24 23:00:00,Q,CP_MEUR,NSA,B1GQ,EA12,2000-Q1,1671611.8,
ESTAT:NAMQ_10_GDP(1.0),24/10/24 23:00:00,Q,CP_MEUR,NSA,B1GQ,EA12,2000-Q2,1725367.8,
ESTAT:NAMQ_10_GDP(1.0),24/10/24 23:00:00,Q,CP_MEUR,NSA,B1GQ,EA12,2000-Q3,1724583.3,
ESTAT:NAMQ_10_GDP(1.0),24/10/24 23:00:00,Q,CP_MEUR,NSA,B1GQ,EA12,2000-Q4,1829011.3,
ESTAT:NAMQ_10_GDP(1.0),24/10/24 23:00:00,Q,CP_MEUR,NSA,B1GQ,EA12,2001-Q1,1758513.7,
ESTAT:NAMQ_10_GDP(1.0),24/10/24 23:00:00,Q,CP_MEUR,NSA,B1GQ,EA12,2001-Q2,1809435.4,
ESTAT:NAMQ_10_GDP(1.0),24/10/24 23:00:00,Q,CP_MEUR,NSA,B1GQ,EA12,2001-Q3,1800969.8,
ESTAT:NAMQ_10_GDP(1.0),24/10/24 23:00:00,Q,CP_MEUR,NSA,B1GQ,EA12,2001-Q4,1906708.1,
ESTAT:NAMQ_10_GDP(1.0),24/10/24 23:00:00,Q,CP_MEUR,NSA,B1GQ,EA12,2002-Q1,1804477.6,
ESTAT:NAMQ_10_GDP(1.0),24/10/24 23:00:00,Q,CP_MEUR,NSA,B1GQ,EA12,2002-Q2,1871872.1,
ESTAT:NAMQ_10_GDP(1.0),24/10/24 23:00:00,Q,CP_MEUR,NSA,B1GQ,EA12,2002-Q3,1873663.1,
ESTAT:NAMQ_10_GDP(1.0),24/10/24 23:00:00,Q,CP_MEUR,NSA,B1GQ,EA12,2002-Q4,1969094.2,
ESTAT:NAMQ_10_GDP(1.0),24/10/24 23:00:00,Q,CP_MEUR,NSA,B1GQ,EA12,2003-Q1,1861103.9,
ESTAT:NAMQ_10_GDP(1.0),24/10/24 23:00:00,Q,CP_MEUR,NSA,B1GQ,EA12,2003-Q2,1916916.9,
ESTAT:NAMQ_10_GDP(1.0),24/10/24 23:00:00,Q,CP_MEUR,NSA,B1GQ,EA12,2003-Q3,1926861.1,
ESTAT:NAMQ_10_GDP(1.0),24/10/24 23:00:00,Q,CP_MEUR,NSA,B1GQ,EA12,2003-Q4,2030635.0,
ESTAT:NAMQ_10_GDP(1.0),24/10/24 23:00:00,Q,CP_MEUR,NSA,B1GQ,EA12,2004-Q1,1937440.7,
ESTAT:NAMQ_10_GDP(1.0),24/10/24 23:00:00,Q,CP_MEUR,NSA,B1GQ,EA12,2004-Q2,2009592.7,
ESTAT:NAMQ_10_GDP(1.0),24/10/24 23:00:00,Q,CP_MEUR,NSA,B1GQ,EA12,2004-Q3,2000479.9,
ESTAT:NAMQ_10_GDP(1.0),24/10/24 23:00:00,Q,CP_MEUR,NSA,B1GQ,EA12,2004-Q4,2112327.9,
ESTAT:NAMQ_10_GDP(1.0),24/10/24 23:00:00,Q,CP_MEUR,NSA,B1GQ,EA12,2005-Q1,1997144.2,
ESTAT:NAMQ_10_GDP(1.0),24/10/24 23:00:00,Q,CP_MEUR,NSA,B1GQ,EA12,2005-Q2,2085652.0,
ESTAT:NAMQ_10_GDP(1.0),24/10/24 23:00:00,Q,CP_MEUR,NSA,B1GQ,EA12,2005-Q3,2072753.8,
ESTAT:NAMQ_10_GDP(1.0),24/10/24 23:00:00,Q,CP_MEUR,NSA,B1GQ,EA12,2005-Q4,2193497.2,
ESTAT:NAMQ_10_GDP(1.0),24/10/24 23:00:00,Q,CP_MEUR,NSA,B1GQ,EA12,2006-Q1,2106794.7,
ESTAT:NAMQ_10_GDP(1.0),24/10/24 23:00:00,Q,CP_MEUR,NSA,B1GQ,EA12,2006-Q2,2186835.7,
ESTAT:NAMQ_10_GDP(1.0),24/10/24 23:00:00,Q,CP_MEUR,NSA,B1GQ,EA12,2006-Q3,2178320.2,
ESTAT:NAMQ_10_GDP(1.0),24/10/24 23:00:00,Q,CP_MEUR,NSA,B1GQ,EA12,2006-Q4,2316131.2,
ESTAT:NAMQ_10_GDP(1.0),24/10/24 23:00:00,Q,CP_MEUR,NSA,B1GQ,EA12,2007-Q1,2230446.3,
ESTAT:NAMQ_10_GDP(1.0),24/10/24 23:00:00,Q,CP_MEUR,NSA,B1GQ,EA12,2007-Q2,2304320.7,
ESTAT:NAMQ_10_GDP(1.0),24/10/24 23:00:00,Q,CP_MEUR,NSA,B1GQ,EA12,2007-Q3,2291506.1,
ESTAT:NAMQ_10_GDP(1.0),24/10/24 23:00:00,Q,CP_MEUR,NSA,B1GQ,EA12,2007-Q4,2428217.3,
ESTAT:NAMQ_10_GDP(1.0),24/10/24 23:00:00,Q,CP_MEUR,NSA,B1GQ,EA12,2008-Q1,2312372.1,
ESTAT:NAMQ_10_GDP(1.0),24/10/24 23:00:00,Q,CP_MEUR,NSA,B1GQ,EA12,2008-Q2,2391491.6,
ESTAT:NAMQ_10_GDP(1.0),24/10/24 23:00:00,Q,CP_MEUR,NSA,B1GQ,EA12,2008-Q3,2350299.6,
ESTAT:NAMQ_10_GDP(1.0),24/10/24 23:00:00,Q,CP_MEUR,NSA,B1GQ,EA12,2008-Q4,2415939.2,
ESTAT:NAMQ_10_GDP(1.0),24/10/24 23:00:00,Q,CP_MEUR,NSA,B1GQ,EA12,2009-Q1,2217061.1,
ESTAT:NAMQ_10_GDP(1.0),24/10/24 23:00:00,Q,CP_MEUR,NSA,B1GQ,EA12,2009-Q2,2274960.2,
ESTAT:NAMQ_10_GDP(1.0),24/10/24 23:00:00,Q,CP_MEUR,NSA,B1GQ,EA12,2009-Q3,2271533.7,
ESTAT:NAMQ_10_GDP(1.0),24/10/24 23:00:00,Q,CP_MEUR,NSA,B1GQ,EA12,2009-Q4,2388478.5,
ESTAT:NAMQ_10_GDP(1.0),24/10/24 23:00:00,Q,CP_MEUR,NSA,B1GQ,EA12,2010-Q1,2256950.4,
ESTAT:NAMQ_10_GDP(1.0),24/10/24 23:00:00,Q,CP_MEUR,NSA,B1GQ,EA12,2010-Q2,2345632.8,
ESTAT:NAMQ_10_GDP(1.0),24/10/24 23:00:00,Q,CP_MEUR,NSA,B1GQ,EA12,2010-Q3,2344340.9,
ESTAT:NAMQ_10_GDP(1.0),24/10/24 23:00:00,Q,CP_MEUR,NSA,B1GQ,EA12,2010-Q4,2462062.0,
ESTAT:NAMQ_10_GDP(1.0),24/10/24 23:00:00,Q,CP_MEUR,NSA,B1GQ,EA12,2011-Q1,2354794.3,
ESTAT:NAMQ_10_GDP(1.0),24/10/24 23:00:00,Q,CP_MEUR,NSA,B1GQ,EA12,2011-Q2,2418081.9,
ESTAT:NAMQ_10_GDP(1.0),24/10/24 23:00:00,Q,CP_MEUR,NSA,B1GQ,EA12,2011-Q3,2404097.0,
ESTAT:NAMQ_10_GDP(1.0),24/10/24 23:00:00,Q,CP_MEUR,NSA,B1GQ,EA12,2011-Q4,2497107.4,
ESTAT:NAMQ_10_GDP(1.0),24/10/24 23:00:00,Q,CP_MEUR,NSA,B1GQ,EA12,2012-Q1,2377556.3,
ESTAT:NAMQ_10_GDP(1.0),24/10/24 23:00:00,Q,CP_MEUR,NSA,B1GQ,EA12,2012-Q2,2415952.7,
ESTAT:NAMQ_10_GDP(1.0),24/10/24 23:00:00,Q,CP_MEUR,NSA,B1GQ,EA12,2012-Q3,2407392.4,
ESTAT:NAMQ_10_GDP(1.0),24/10/24 23:00:00,Q,CP_MEUR,NSA,B1GQ,EA12,2012-Q4,2497619.9,
ESTAT:NAMQ_10_GDP(1.0),24/10/24 23:00:00,Q,CP_MEUR,NSA,B1GQ,EA12,2013-Q1,2363984.0,
ESTAT:NAMQ_10_GDP(1.0),24/10/24 23:00:00,Q,CP_MEUR,NSA,B1GQ,EA12,2013-Q2,2446085.1,
ESTAT:NAMQ_10_GDP(1.0),24/10/24 23:00:00,Q,CP_MEUR,NSA,B1GQ,EA12,2013-Q3,2448730.1,
ESTAT:NAMQ_10_GDP(1.0),24/10/24 23:00:00,Q,CP_MEUR,NSA,B1GQ,EA12,2013-Q4,2541694.2,
ESTAT:NAMQ_10_GDP(1.0),24/10/24 23:00:00,Q,CP_MEUR,NSA,B1GQ,EA12,2014-Q1,2429099.0,
ESTAT:NAMQ_10_GDP(1.0),24/10/24 23:00:00,Q,CP_MEUR,NSA,B1GQ,EA12,2014-Q2,2493933.4,
ESTAT:NAMQ_10_GDP(1.0),24/10/24 23:00:00,Q,CP_MEUR,NSA,B1GQ,EA12,2014-Q3,2503253.2,
ESTAT:NAMQ_10_GDP(1.0),24/10/24 23:00:00,Q,CP_MEUR,NSA,B1GQ,EA12,2014-Q4,2608859.2,
ESTAT:NAMQ_10_GDP(1.0),24/10/24 23:00:00,Q,CP_MEUR,NSA,B1GQ,EA12,2015-Q1,2504856.6,
ESTAT:NAMQ_10_GDP(1.0),24/10/24 23:00:00,Q,CP_MEUR,NSA,B1GQ,EA12,2015-Q2,2581135.1,
ESTAT:NAMQ_10_GDP(1.0),24/10/24 23:00:00,Q,CP_MEUR,NSA,B1GQ,EA12,2015-Q3,2592157.0,
ESTAT:NAMQ_10_GDP(1.0),24/10/24 23:00:00,Q,CP_MEUR,NSA,B1GQ,EA12,2015-Q4,2707723.3,
ESTAT:NAMQ_10_GDP(1.0),24/10/24 23:00:00,Q,CP_MEUR,NSA,B1GQ,EA12,2016-Q1,2577714.4,
ESTAT:NAMQ_10_GDP(1.0),24/10/24 23:00:00,Q,CP_MEUR,NSA,B1GQ,EA12,2016-Q2,2666697.4,
ESTAT:NAMQ_10_GDP(1.0),24/10/24 23:00:00,Q,CP_MEUR,NSA,B1GQ,EA12,2016-Q3,2651799.4,
ESTAT:NAMQ_10_GDP(1.0),24/10/24 23:00:00,Q,CP_MEUR,NSA,B1GQ,EA12,2016-Q4,2772809.3,
ESTAT:NAMQ_10_GDP(1.0),24/10/24 23:00:00,Q,CP_MEUR,NSA,B1GQ,EA12,2017-Q1,2674447.6,
ESTAT:NAMQ_10_GDP(1.0),24/10/24 23:00:00,Q,CP_MEUR,NSA,B1GQ,EA12,2017-Q2,2747316.9,
ESTAT:NAMQ_10_GDP(1.0),24/10/24 23:00:00,Q,CP_MEUR,NSA,B1GQ,EA12,2017-Q3,2753213.6,
ESTAT:NAMQ_10_GDP(1.0),24/10/24 23:00:00,Q,CP_MEUR,NSA,B1GQ,EA12,2017-Q4,2888177.7,
ESTAT:NAMQ_10_GDP(1.0),24/10/24 23:00:00,Q,CP_MEUR,NSA,B1GQ,EA12,2018-Q1,2767452.2,
ESTAT:NAMQ_10_GDP(1.0),24/10/24 23:00:00,Q,CP_MEUR,NSA,B1GQ,EA12,2018-Q2,2840697.1,
ESTAT:NAMQ_10_GDP(1.0),24/10/24 23:00:00,Q,CP_MEUR,NSA,B1GQ,EA12,2018-Q3,2832429.5,
ESTAT:NAMQ_10_GDP(1.0),24/10/24 23:00:00,Q,CP_MEUR,NSA,B1GQ,EA12,2018-Q4,2978438.8,
ESTAT:NAMQ_10_GDP(1.0),24/10/24 23:00:00,Q,CP_MEUR,NSA,B1GQ,EA12,2019-Q1,2860427.0,
ESTAT:NAMQ_10_GDP(1.0),24/10/24 23:00:00,Q,CP_MEUR,NSA,B1GQ,EA12,2019-Q2,2930737.7,
ESTAT:NAMQ_10_GDP(1.0),24/10/24 23:00:00,Q,CP_MEUR,NSA,B1GQ,EA12,2019-Q3,2941546.8,
ESTAT:NAMQ_10_GDP(1.0),24/10/24 23:00:00,Q,CP_MEUR,NSA,B1GQ,EA12,2019-Q4,3061366.3,
ESTAT:NAMQ_10_GDP(1.0),24/10/24 23:00:00,Q,CP_MEUR,NSA,B1GQ,EA12,2020-Q1,2835287.0,
ESTAT:NAMQ_10_GDP(1.0),24/10/24 23:00:00,Q,CP_MEUR,NSA,B1GQ,EA12,2020-Q2,2588192.6,
ESTAT:NAMQ_10_GDP(1.0),24/10/24 23:00:00,Q,CP_MEUR,NSA,B1GQ,EA12,2020-Q3,2854814.0,
ESTAT:NAMQ_10_GDP(1.0),24/10/24 23:00:00,Q,CP_MEUR,NSA,B1GQ,EA12,2020-Q4,3001051.0,
ESTAT:NAMQ_10_GDP(1.0),24/10/24 23:00:00,Q,CP_MEUR,NSA,B1GQ,EA12,2021-Q1,2878784.0,
ESTAT:NAMQ_10_GDP(1.0),24/10/24 23:00:00,Q,CP_MEUR,NSA,B1GQ,EA12,2021-Q2,3008793.1,
ESTAT:NAMQ_10_GDP(1.0),24/10/24 23:00:00,Q,CP_MEUR,NSA,B1GQ,EA12,2021-Q3,3088953.5,
ESTAT:NAMQ_10_GDP(1.0),24/10/24 23:00:00,Q,CP_MEUR,NSA,B1GQ,EA12,2021-Q4,3261228.1,
ESTAT:NAMQ_10_GDP(1.0),24/10/24 23:00:00,Q,CP_MEUR,NSA,B1GQ,EA12,2022-Q1,3167511.7,
ESTAT:NAMQ_10_GDP(1.0),24/10/24 23:00:00,Q,CP_MEUR,NSA,B1GQ,EA12,2022-Q2,3293197.6,
ESTAT:NAMQ_10_GDP(1.0),24/10/24 23:00:00,Q,CP_MEUR,NSA,B1GQ,EA12,2022-Q3,3336147.4,
ESTAT:NAMQ_10_GDP(1.0),24/10/24 23:00:00,Q,CP_MEUR,NSA,B1GQ,EA12,2022-Q4,3504882.8,
ESTAT:NAMQ_10_GDP(1.0),24/10/24 23:00:00,Q,CP_MEUR,NSA,B1GQ,EA12,2023-Q1,3424543.7,
ESTAT:NAMQ_10_GDP(1.0),24/10/24 23:00:00,Q,CP_MEUR,NSA,B1GQ,EA12,2023-Q2,3508174.5,
ESTAT:NAMQ_10_GDP(1.0),24/10/24 23:00:00,Q,CP_MEUR,NSA,B1GQ,EA12,2023-Q3,3515247.0,
ESTAT:NAMQ_10_GDP(1.0),24/10/24 23:00:00,Q,CP_MEUR,NSA,B1GQ,EA12,2023-Q4,3678673.8,
ESTAT:NAMQ_10_GDP(1.0),24/10/24 23:00:00,Q,CP_MEUR,NSA,B1GQ,EA12,2024-Q1,3554748.9,
ESTAT:NAMQ_10_GDP(1.0),24/10/24 23:00:00,Q,CP_MEUR,NSA,B1GQ,EA12,2024-Q2,3639141.1,
ESTAT:NAMQ_10_GDP(1.0),24/10/24 23:00:00,Q,CP_MEUR,NSA,B1GQ,EA19,1995-Q1,1376813.3,
ESTAT:NAMQ_10_GDP(1.0),24/10/24 23:00:00,Q,CP_MEUR,NSA,B1GQ,EA19,1995-Q2,1423713.5,
ESTAT:NAMQ_10_GDP(1.0),24/10/24 23:00:00,Q,CP_MEUR,NSA,B1GQ,EA19,1995-Q3,1429366.7,
ESTAT:NAMQ_10_GDP(1.0),24/10/24 23:00:00,Q,CP_MEUR,NSA,B1GQ,EA19,1995-Q4,1514124.9,
ESTAT:NAMQ_10_GDP(1.0),24/10/24 23:00:00,Q,CP_MEUR,NSA,B1GQ,EA19,1996-Q1,1437845.0,
ESTAT:NAMQ_10_GDP(1.0),24/10/24 23:00:00,Q,CP_MEUR,NSA,B1GQ,EA19,1996-Q2,1489568.2,
ESTAT:NAMQ_10_GDP(1.0),24/10/24 23:00:00,Q,CP_MEUR,NSA,B1GQ,EA19,1996-Q3,1492227.3,
ESTAT:NAMQ_10_GDP(1.0),24/10/24 23:00:00,Q,CP_MEUR,NSA,B1GQ,EA19,1996-Q4,1567769.5,
ESTAT:NAMQ_10_GDP(1.0),24/10/24 23:00:00,Q,CP_MEUR,NSA,B1GQ,EA19,1997-Q1,1458118.0,
ESTAT:NAMQ_10_GDP(1.0),24/10/24 23:00:00,Q,CP_MEUR,NSA,B1GQ,EA19,1997-Q2,1529093.9,
ESTAT:NAMQ_10_GDP(1.0),24/10/24 23:00:00,Q,CP_MEUR,NSA,B1GQ,EA19,1997-Q3,1524268.2,
ESTAT:NAMQ_10_GDP(1.0),24/10/24 23:00:00,Q,CP_MEUR,NSA,B1GQ,EA19,1997-Q4,1621212.3,
ESTAT:NAMQ_10_GDP(1.0),24/10/24 23:00:00,Q,CP_MEUR,NSA,B1GQ,EA19,1998-Q1,1524694.4,
ESTAT:NAMQ_10_GDP(1.0),24/10/24 23:00:00,Q,CP_MEUR,NSA,B1GQ,EA19,1998-Q2,1582110.9,
ESTAT:NAMQ_10_GDP(1.0),24/10/24 23:00:00,Q,CP_MEUR,NSA,B1GQ,EA19,1998-Q3,1587701.6,
ESTAT:NAMQ_10_GDP(1.0),24/10/24 23:00:00,Q,CP_MEUR,NSA,B1GQ,EA19,1998-Q4,1686650.7,
ESTAT:NAMQ_10_GDP(1.0),24/10/24 23:00:00,Q,CP_MEUR,NSA,B1GQ,EA19,1999-Q1,1595298.5,
ESTAT:NAMQ_10_GDP(1.0),24/10/24 23:00:00,Q,CP_MEUR,NSA,B1GQ,EA19,1999-Q2,1655423.7,
ESTAT:NAMQ_10_GDP(1.0),24/10/24 23:00:00,Q,CP_MEUR,NSA,B1GQ,EA19,1999-Q3,1662963.9,
ESTAT:NAMQ_10_GDP(1.0),24/10/24 23:00:00,Q,CP_MEUR,NSA,B1GQ,EA19,1999-Q4,1768385.9,
ESTAT:NAMQ_10_GDP(1.0),24/10/24 23:00:00,Q,CP_MEUR,NSA,B1GQ,EA19,2000-Q1,1691148.6,
ESTAT:NAMQ_10_GDP(1.0),24/10/24 23:00:00,Q,CP_MEUR,NSA,B1GQ,EA19,2000-Q2,1747360.7,
ESTAT:NAMQ_10_GDP(1.0),24/10/24 23:00:00,Q,CP_MEUR,NSA,B1GQ,EA19,2000-Q3,1746720.3,
ESTAT:NAMQ_10_GDP(1.0),24/10/24 23:00:00,Q,CP_MEUR,NSA,B1GQ,EA19,2000-Q4,1851714.2,
ESTAT:NAMQ_10_GDP(1.0),24/10/24 23:00:00,Q,CP_MEUR,NSA,B1GQ,EA19,2001-Q1,1779418.9,
ESTAT:NAMQ_10_GDP(1.0),24/10/24 23:00:00,Q,CP_MEUR,NSA,B1GQ,EA19,2001-Q2,1833198.0,
ESTAT:NAMQ_10_GDP(1.0),24/10/24 23:00:00,Q,CP_MEUR,NSA,B1GQ,EA19,2001-Q3,1824821.4,
ESTAT:NAMQ_10_GDP(1.0),24/10/24 23:00:00,Q,CP_MEUR,NSA,B1GQ,EA19,2001-Q4,1931080.1,
ESTAT:NAMQ_10_GDP(1.0),24/10/24 23:00:00,Q,CP_MEUR,NSA,B1GQ,EA19,2002-Q1,1827439.2,
ESTAT:NAMQ_10_GDP(1.0),24/10/24 23:00:00,Q,CP_MEUR,NSA,B1GQ,EA19,2002-Q2,1897237.0,
ESTAT:NAMQ_10_GDP(1.0),24/10/24 23:00:00,Q,CP_MEUR,NSA,B1GQ,EA19,2002-Q3,1899337.8,
ESTAT:NAMQ_10_GDP(1.0),24/10/24 23:00:00,Q,CP_MEUR,NSA,B1GQ,EA19,2002-Q4,1995723.4,
ESTAT:NAMQ_10_GDP(1.0),24/10/24 23:00:00,Q,CP_MEUR,NSA,B1GQ,EA19,2003-Q1,1885854.4,
ESTAT:NAMQ_10_GDP(1.0),24/10/24 23:00:00,Q,CP_MEUR,NSA,B1GQ,EA19,2003-Q2,1944219.9,
ESTAT:NAMQ_10_GDP(1.0),24/10/24 23:00:00,Q,CP_MEUR,NSA,B1GQ,EA19,2003-Q3,1954882.8,
ESTAT:NAMQ_10_GDP(1.0),24/10/24 23:00:00,Q,CP_MEUR,NSA,B1GQ,EA19,2003-Q4,2059607.1,
ESTAT:NAMQ_10_GDP(1.0),24/10/24 23:00:00,Q,CP_MEUR,NSA,B1GQ,EA19,2004-Q1,1964671.2,
ESTAT:NAMQ_10_GDP(1.0),24/10/24 23:00:00,Q,CP_MEUR,NSA,B1GQ,EA19,2004-Q2,2039269.0,
ESTAT:NAMQ_10_GDP(1.0),24/10/24 23:00:00,Q,CP_MEUR,NSA,B1GQ,EA19,2004-Q3,2031689.3,
ESTAT:NAMQ_10_GDP(1.0),24/10/24 23:00:00,Q,CP_MEUR,NSA,B1GQ,EA19,2004-Q4,2144494.8,
ESTAT:NAMQ_10_GDP(1.0),24/10/24 23:00:00,Q,CP_MEUR,NSA,B1GQ,EA19,2005-Q1,2027000.3,
ESTAT:NAMQ_10_GDP(1.0),24/10/24 23:00:00,Q,CP_MEUR,NSA,B1GQ,EA19,2005-Q2,2118951.5,
ESTAT:NAMQ_10_GDP(1.0),24/10/24 23:00:00,Q,CP_MEUR,NSA,B1GQ,EA19,2005-Q3,2107514.5,
ESTAT:NAMQ_10_GDP(1.0),24/10/24 23:00:00,Q,CP_MEUR,NSA,B1GQ,EA19,2005-Q4,2229466.3,
ESTAT:NAMQ_10_GDP(1.0),24/10/24 23:00:00,Q,CP_MEUR,NSA,B1GQ,EA19,2006-Q1,2140316.6,
ESTAT:NAMQ_10_GDP(1.0),24/10/24 23:00:00,Q,CP_MEUR,NSA,B1GQ,EA19,2006-Q2,2224505.3,
ESTAT:NAMQ_10_GDP(1.0),24/10/24 23:00:00,Q,CP_MEUR,NSA,B1GQ,EA19,2006-Q3,2217937.8,
ESTAT:NAMQ_10_GDP(1.0),24/10/24 23:00:00,Q,CP_MEUR,NSA,B1GQ,EA19,2006-Q4,2357878.8,
ESTAT:NAMQ_10_GDP(1.0),24/10/24 23:00:00,Q,CP_MEUR,NSA,B1GQ,EA19,2007-Q1,2270623.4,
ESTAT:NAMQ_10_GDP(1.0),24/10/24 23:00:00,Q,CP_MEUR,NSA,B1GQ,EA19,2007-Q2,2349526.1,
ESTAT:NAMQ_10_GDP(1.0),24/10/24 23:00:00,Q,CP_MEUR,NSA,B1GQ,EA19,2007-Q3,2339219.3,
ESTAT:NAMQ_10_GDP(1.0),24/10/24 23:00:00,Q,CP_MEUR,NSA,B1GQ,EA19,2007-Q4,2476811.1,
ESTAT:NAMQ_10_GDP(1.0),24/10/24 23:00:00,Q,CP_MEUR,NSA,B1GQ,EA19,2008-Q1,2358269.4,
ESTAT:NAMQ_10_GDP(1.0),24/10/24 23:00:00,Q,CP_MEUR,NSA,B1GQ,EA19,2008-Q2,2443032.6,
ESTAT:NAMQ_10_GDP(1.0),24/10/24 23:00:00,Q,CP_MEUR,NSA,B1GQ,EA19,2008-Q3,2403452.3,
ESTAT:NAMQ_10_GDP(1.0),24/10/24 23:00:00,Q,CP_MEUR,NSA,B1GQ,EA19,2008-Q4,2467059.2,
ESTAT:NAMQ_10_GDP(1.0),24/10/24 23:00:00,Q,CP_MEUR,NSA,B1GQ,EA19,2009-Q1,2260726.0,
ESTAT:NAMQ_10_GDP(1.0),24/10/24 23:00:00,Q,CP_MEUR,NSA,B1GQ,EA19,2009-Q2,2321632.2,
ESTAT:NAMQ_10_GDP(1.0),24/10/24 23:00:00,Q,CP_MEUR,NSA,B1GQ,EA19,2009-Q3,2318707.0,
ESTAT:NAMQ_10_GDP(1.0),24/10/24 23:00:00,Q,CP_MEUR,NSA,B1GQ,EA19,2009-Q4,2435329.6,
ESTAT:NAMQ_10_GDP(1.0),24/10/24 23:00:00,Q,CP_MEUR,NSA,B1GQ,EA19,2010-Q1,2300823.1,
ESTAT:NAMQ_10_GDP(1.0),24/10/24 23:00:00,Q,CP_MEUR,NSA,B1GQ,EA19,2010-Q2,2393505.7,
ESTAT:NAMQ_10_GDP(1.0),24/10/24 23:00:00,Q,CP_MEUR,NSA,B1GQ,EA19,2010-Q3,2394218.4,
ESTAT:NAMQ_10_GDP(1.0),24/10/24 23:00:00,Q,CP_MEUR,NSA,B1GQ,EA19,2010-Q4,2511517.0,
ESTAT:NAMQ_10_GDP(1.0),24/10/24 23:00:00,Q,CP_MEUR,NSA,B1GQ,EA19,2011-Q1,2401093.6,
ESTAT:NAMQ_10_GDP(1.0),24/10/24 23:00:00,Q,CP_MEUR,NSA,B1GQ,EA19,2011-Q2,2469008.6,
ESTAT:NAMQ_10_GDP(1.0),24/10/24 23:00:00,Q,CP_MEUR,NSA,B1GQ,EA19,2011-Q3,2456828.7,
ESTAT:NAMQ_10_GDP(1.0),24/10/24 23:00:00,Q,CP_MEUR,NSA,B1GQ,EA19,2011-Q4,2549283.2,
ESTAT:NAMQ_10_GDP(1.0),24/10/24 23:00:00,Q,CP_MEUR,NSA,B1GQ,EA19,2012-Q1,2426117.7,
ESTAT:NAMQ_10_GDP(1.0),24/10/24 23:00:00,Q,CP_MEUR,NSA,B1GQ,EA19,2012-Q2,2468471.2,
ESTAT:NAMQ_10_GDP(1.0),24/10/24 23:00:00,Q,CP_MEUR,NSA,B1GQ,EA19,2012-Q3,2462061.6,
ESTAT:NAMQ_10_GDP(1.0),24/10/24 23:00:00,Q,CP_MEUR,NSA,B1GQ,EA19,2012-Q4,2551104.6,
ESTAT:NAMQ_10_GDP(1.0),24/10/24 23:00:00,Q,CP_MEUR,NSA,B1GQ,EA19,2013-Q1,2412914.7,
ESTAT:NAMQ_10_GDP(1.0),24/10/24 23:00:00,Q,CP_MEUR,NSA,B1GQ,EA19,2013-Q2,2499675.7,
ESTAT:NAMQ_10_GDP(1.0),24/10/24 23:00:00,Q,CP_MEUR,NSA,B1GQ,EA19,2013-Q3,2504534.0,
ESTAT:NAMQ_10_GDP(1.0),24/10/24 23:00:00,Q,CP_MEUR,NSA,B1GQ,EA19,2013-Q4,2596256.9,
ESTAT:NAMQ_10_GDP(1.0),24/10/24 23:00:00,Q,CP_MEUR,NSA,B1GQ,EA19,2014-Q1,2479662.3,
ESTAT:NAMQ_10_GDP(1.0),24/10/24 23:00:00,Q,CP_MEUR,NSA,B1GQ,EA19,2014-Q2,2549162.9,
ESTAT:NAMQ_10_GDP(1.0),24/10/24 23:00:00,Q,CP_MEUR,NSA,B1GQ,EA19,2014-Q3,2560874.6,
ESTAT:NAMQ_10_GDP(1.0),24/10/24 23:00:00,Q,CP_MEUR,NSA,B1GQ,EA19,2014-Q4,2665275.6,
ESTAT:NAMQ_10_GDP(1.0),24/10/24 23:00:00,Q,CP_MEUR,NSA,B1GQ,EA19,2015-Q1,2557148.5,
ESTAT:NAMQ_10_GDP(1.0),24/10/24 23:00:00,Q,CP_MEUR,NSA,B1GQ,EA19,2015-Q2,2638643.7,
ESTAT:NAMQ_10_GDP(1.0),24/10/24 23:00:00,Q,CP_MEUR,NSA,B1GQ,EA19,2015-Q3,2652260.7,
ESTAT:NAMQ_10_GDP(1.0),24/10/24 23:00:00,Q,CP_MEUR,NSA,B1GQ,EA19,2015-Q4,2767050.8,
ESTAT:NAMQ_10_GDP(1.0),24/10/24 23:00:00,Q,CP_MEUR,NSA,B1GQ,EA19,2016-Q1,2631904.2,
ESTAT:NAMQ_10_GDP(1.0),24/10/24 23:00:00,Q,CP_MEUR,NSA,B1GQ,EA19,2016-Q2,2726127.3,
ESTAT:NAMQ_10_GDP(1.0),24/10/24 23:00:00,Q,CP_MEUR,NSA,B1GQ,EA19,2016-Q3,2713461.6,
ESTAT:NAMQ_10_GDP(1.0),24/10/24 23:00:00,Q,CP_MEUR,NSA,B1GQ,EA19,2016-Q4,2834548.0,
ESTAT:NAMQ_10_GDP(1.0),24/10/24 23:00:00,Q,CP_MEUR,NSA,B1GQ,EA19,2017-Q1,2731886.1,
ESTAT:NAMQ_10_GDP(1.0),24/10/24 23:00:00,Q,CP_MEUR,NSA,B1GQ,EA19,2017-Q2,2810663.4,
ESTAT:NAMQ_10_GDP(1.0),24/10/24 23:00:00,Q,CP_MEUR,NSA,B1GQ,EA19,2017-Q3,2819270.0,
ESTAT:NAMQ_10_GDP(1.0),24/10/24 23:00:00,Q,CP_MEUR,NSA,B1GQ,EA19,2017-Q4,2954378.2,
ESTAT:NAMQ_10_GDP(1.0),24/10/24 23:00:00,Q,CP_MEUR,NSA,B1GQ,EA19,2018-Q1,2828829.5,
ESTAT:NAMQ_10_GDP(1.0),24/10/24 23:00:00,Q,CP_MEUR,NSA,B1GQ,EA19,2018-Q2,2908817.7,
ESTAT:NAMQ_10_GDP(1.0),24/10/24 23:00:00,Q,CP_MEUR,NSA,B1GQ,EA19,2018-Q3,2903545.4,
ESTAT:NAMQ_10_GDP(1.0),24/10/24 23:00:00,Q,CP_MEUR,NSA,B1GQ,EA19,2018-Q4,3049588.9,
ESTAT:NAMQ_10_GDP(1.0),24/10/24 23:00:00,Q,CP_MEUR,NSA,B1GQ,EA19,2019-Q1,2926222.4,
ESTAT:NAMQ_10_GDP(1.0),24/10/24 23:00:00,Q,CP_MEUR,NSA,B1GQ,EA19,2019-Q2,3002880.7,
ESTAT:NAMQ_10_GDP(1.0),24/10/24 23:00:00,Q,CP_MEUR,NSA,B1GQ,EA19,2019-Q3,3016675.5,
ESTAT:NAMQ_10_GDP(1.0),24/10/24 23:00:00,Q,CP_MEUR,NSA,B1GQ,EA19,2019-Q4,3136276.5,
ESTAT:NAMQ_10_GDP(1.0),24/10/24 23:00:00,Q,CP_MEUR,NSA,B1GQ,EA19,2020-Q1,2902951.2,
ESTAT:NAMQ_10_GDP(1.0),24/10/24 23:00:00,Q,CP_MEUR,NSA,B1GQ,EA19,2020-Q2,2655049.0,
ESTAT:NAMQ_10_GDP(1.0),24/10/24 23:00:00,Q,CP_MEUR,NSA,B1GQ,EA19,2020-Q3,2930064.7,
ESTAT:NAMQ_10_GDP(1.0),24/10/24 23:00:00,Q,CP_MEUR,NSA,B1GQ,EA19,2020-Q4,3076406.8,
ESTAT:NAMQ_10_GDP(1.0),24/10/24 23:00:00,Q,CP_MEUR,NSA,B1GQ,EA19,2021-Q1,2948929.6,
ESTAT:NAMQ_10_GDP(1.0),24/10/24 23:00:00,Q,CP_MEUR,NSA,B1GQ,EA19,2021-Q2,3086876.2,
ESTAT:NAMQ_10_GDP(1.0),24/10/24 23:00:00,Q,CP_MEUR,NSA,B1GQ,EA19,2021-Q3,3172507.9,
ESTAT:NAMQ_10_GDP(1.0),24/10/24 23:00:00,Q,CP_MEUR,NSA,B1GQ,EA19,2021-Q4,3346200.9,
ESTAT:NAMQ_10_GDP(1.0),24/10/24 23:00:00,Q,CP_MEUR,NSA,B1GQ,EA19,2022-Q1,3246838.7,
ESTAT:NAMQ_10_GDP(1.0),24/10/24 23:00:00,Q,CP_MEUR,NSA,B1GQ,EA19,2022-Q2,3381027.0,
ESTAT:NAMQ_10_GDP(1.0),24/10/24 23:00:00,Q,CP_MEUR,NSA,B1GQ,EA19,2022-Q3,3430183.0,
ESTAT:NAMQ_10_GDP(1.0),24/10/24 23:00:00,Q,CP_MEUR,NSA,B1GQ,EA19,2022-Q4,3598348.0,
ESTAT:NAMQ_10_GDP(1.0),24/10/24 23:00:00,Q,CP_MEUR,NSA,B1GQ,EA19,2023-Q1,3513287.3,
ESTAT:NAMQ_10_GDP(1.0),24/10/24 23:00:00,Q,CP_MEUR,NSA,B1GQ,EA19,2023-Q2,3605287.2,
ESTAT:NAMQ_10_GDP(1.0),24/10/24 23:00:00,Q,CP_MEUR,NSA,B1GQ,EA19,2023-Q3,3617023.2,
ESTAT:NAMQ_10_GDP(1.0),24/10/24 23:00:00,Q,CP_MEUR,NSA,B1GQ,EA19,2023-Q4,3780954.8,
ESTAT:NAMQ_10_GDP(1.0),24/10/24 23:00:00,Q,CP_MEUR,NSA,B1GQ,EA19,2024-Q1,3648724.8,
ESTAT:NAMQ_10_GDP(1.0),24/10/24 23:00:00,Q,CP_MEUR,NSA,B1GQ,EA19,2024-Q2,3741210.1,
ESTAT:NAMQ_10_GDP(1.0),24/10/24 23:00:00,Q,CP_MEUR,NSA,B1GQ,EA20,1995-Q1,1380812.0,
ESTAT:NAMQ_10_GDP(1.0),24/10/24 23:00:00,Q,CP_MEUR,NSA,B1GQ,EA20,1995-Q2,1428194.8,
ESTAT:NAMQ_10_GDP(1.0),24/10/24 23:00:00,Q,CP_MEUR,NSA,B1GQ,EA20,1995-Q3,1433965.3,
ESTAT:NAMQ_10_GDP(1.0),24/10/24 23:00:00,Q,CP_MEUR,NSA,B1GQ,EA20,1995-Q4,1518566.5,
ESTAT:NAMQ_10_GDP(1.0),24/10/24 23:00:00,Q,CP_MEUR,NSA,B1GQ,EA20,1996-Q1,1441997.9,
ESTAT:NAMQ_10_GDP(1.0),24/10/24 23:00:00,Q,CP_MEUR,NSA,B1GQ,EA20,1996-Q2,1494291.0,
ESTAT:NAMQ_10_GDP(1.0),24/10/24 23:00:00,Q,CP_MEUR,NSA,B1GQ,EA20,1996-Q3,1497662.2,
ESTAT:NAMQ_10_GDP(1.0),24/10/24 23:00:00,Q,CP_MEUR,NSA,B1GQ,EA20,1996-Q4,1572635.7,
ESTAT:NAMQ_10_GDP(1.0),24/10/24 23:00:00,Q,CP_MEUR,NSA,B1GQ,EA20,1997-Q1,1462755.5,
ESTAT:NAMQ_10_GDP(1.0),24/10/24 23:00:00,Q,CP_MEUR,NSA,B1GQ,EA20,1997-Q2,1534384.4,
ESTAT:NAMQ_10_GDP(1.0),24/10/24 23:00:00,Q,CP_MEUR,NSA,B1GQ,EA20,1997-Q3,1530218.7,
ESTAT:NAMQ_10_GDP(1.0),24/10/24 23:00:00,Q,CP_MEUR,NSA,B1GQ,EA20,1997-Q4,1626614.2,
ESTAT:NAMQ_10_GDP(1.0),24/10/24 23:00:00,Q,CP_MEUR,NSA,B1GQ,EA20,1998-Q1,1529934.3,
ESTAT:NAMQ_10_GDP(1.0),24/10/24 23:00:00,Q,CP_MEUR,NSA,B1GQ,EA20,1998-Q2,1587895.2,
ESTAT:NAMQ_10_GDP(1.0),24/10/24 23:00:00,Q,CP_MEUR,NSA,B1GQ,EA20,1998-Q3,1594100.2,
ESTAT:NAMQ_10_GDP(1.0),24/10/24 23:00:00,Q,CP_MEUR,NSA,B1GQ,EA20,1998-Q4,1692164.0,
ESTAT:NAMQ_10_GDP(1.0),24/10/24 23:00:00,Q,CP_MEUR,NSA,B1GQ,EA20,1999-Q1,1600371.7,
ESTAT:NAMQ_10_GDP(1.0),24/10/24 23:00:00,Q,CP_MEUR,NSA,B1GQ,EA20,1999-Q2,1661004.6,
ESTAT:NAMQ_10_GDP(1.0),24/10/24 23:00:00,Q,CP_MEUR,NSA,B1GQ,EA20,1999-Q3,1669127.7,
ESTAT:NAMQ_10_GDP(1.0),24/10/24 23:00:00,Q,CP_MEUR,NSA,B1GQ,EA20,1999-Q4,1773756.9,
ESTAT:NAMQ_10_GDP(1.0),24/10/24 23:00:00,Q,CP_MEUR,NSA,B1GQ,EA20,2000-Q1,1696301.7,
ESTAT:NAMQ_10_GDP(1.0),24/10/24 23:00:00,Q,CP_MEUR,NSA,B1GQ,EA20,2000-Q2,1753201.3,
ESTAT:NAMQ_10_GDP(1.0),24/10/24 23:00:00,Q,CP_MEUR,NSA,B1GQ,EA20,2000-Q3,1753500.7,
ESTAT:NAMQ_10_GDP(1.0),24/10/24 23:00:00,Q,CP_MEUR,NSA,B1GQ,EA20,2000-Q4,1857571.5,
ESTAT:NAMQ_10_GDP(1.0),24/10/24 23:00:00,Q,CP_MEUR,NSA,B1GQ,EA20,2001-Q1,1785013.2,
ESTAT:NAMQ_10_GDP(1.0),24/10/24 23:00:00,Q,CP_MEUR,NSA,B1GQ,EA20,2001-Q2,1839771.1,
ESTAT:NAMQ_10_GDP(1.0),24/10/24 23:00:00,Q,CP_MEUR,NSA,B1GQ,EA20,2001-Q3,1832198.8,
ESTAT:NAMQ_10_GDP(1.0),24/10/24 23:00:00,Q,CP_MEUR,NSA,B1GQ,EA20,2001-Q4,1937471.8,
ESTAT:NAMQ_10_GDP(1.0),24/10/24 23:00:00,Q,CP_MEUR,NSA,B1GQ,EA20,2002-Q1,1833758.2,
ESTAT:NAMQ_10_GDP(1.0),24/10/24 23:00:00,Q,CP_MEUR,NSA,B1GQ,EA20,2002-Q2,1904339.5,
ESTAT:NAMQ_10_GDP(1.0),24/10/24 23:00:00,Q,CP_MEUR,NSA,B1GQ,EA20,2002-Q3,1907609.5,
ESTAT:NAMQ_10_GDP(1.0),24/10/24 23:00:00,Q,CP_MEUR,NSA,B1GQ,EA20,2002-Q4,2002791.2,
ESTAT:NAMQ_10_GDP(1.0),24/10/24 23:00:00,Q,CP_MEUR,NSA,B1GQ,EA20,2003-Q1,1892673.9,
ESTAT:NAMQ_10_GDP(1.0),24/10/24 23:00:00,Q,CP_MEUR,NSA,B1GQ,EA20,2003-Q2,1951935.6,
ESTAT:NAMQ_10_GDP(1.0),24/10/24 23:00:00,Q,CP_MEUR,NSA,B1GQ,EA20,2003-Q3,1963823.1,
ESTAT:NAMQ_10_GDP(1.0),24/10/24 23:00:00,Q,CP_MEUR,NSA,B1GQ,EA20,2003-Q4,2067147.9,
ESTAT:NAMQ_10_GDP(1.0),24/10/24 23:00:00,Q,CP_MEUR,NSA,B1GQ,EA20,2004-Q1,1972011.5,
ESTAT:NAMQ_10_GDP(1.0),24/10/24 23:00:00,Q,CP_MEUR,NSA,B1GQ,EA20,2004-Q2,2047696.4,
ESTAT:NAMQ_10_GDP(1.0),24/10/24 23:00:00,Q,CP_MEUR,NSA,B1GQ,EA20,2004-Q3,2041431.0,
ESTAT:NAMQ_10_GDP(1.0),24/10/24 23:00:00,Q,CP_MEUR,NSA,B1GQ,EA20,2004-Q4,2152788.1,
ESTAT:NAMQ_10_GDP(1.0),24/10/24 23:00:00,Q,CP_MEUR,NSA,B1GQ,EA20,2005-Q1,2034815.5,
ESTAT:NAMQ_10_GDP(1.0),24/10/24 23:00:00,Q,CP_MEUR,NSA,B1GQ,EA20,2005-Q2,2128174.6,
ESTAT:NAMQ_10_GDP(1.0),24/10/24 23:00:00,Q,CP_MEUR,NSA,B1GQ,EA20,2005-Q3,2118089.6,
ESTAT:NAMQ_10_GDP(1.0),24/10/24 23:00:00,Q,CP_MEUR,NSA,B1GQ,EA20,2005-Q4,2238687.8,
ESTAT:NAMQ_10_GDP(1.0),24/10/24 23:00:00,Q,CP_MEUR,NSA,B1GQ,EA20,2006-Q1,2149173.3,
ESTAT:NAMQ_10_GDP(1.0),24/10/24 23:00:00,Q,CP_MEUR,NSA,B1GQ,EA20,2006-Q2,2234617.7,
ESTAT:NAMQ_10_GDP(1.0),24/10/24 23:00:00,Q,CP_MEUR,NSA,B1GQ,EA20,2006-Q3,2229500.5,
ESTAT:NAMQ_10_GDP(1.0),24/10/24 23:00:00,Q,CP_MEUR,NSA,B1GQ,EA20,2006-Q4,2367973.5,
ESTAT:NAMQ_10_GDP(1.0),24/10/24 23:00:00,Q,CP_MEUR,NSA,B1GQ,EA20,2007-Q1,2280335.7,
ESTAT:NAMQ_10_GDP(1.0),24/10/24 23:00:00,Q,CP_MEUR,NSA,B1GQ,EA20,2007-Q2,2360531.3,
ESTAT:NAMQ_10_GDP(1.0),24/10/24 23:00:00,Q,CP_MEUR,NSA,B1GQ,EA20,2007-Q3,2351841.1,
ESTAT:NAMQ_10_GDP(1.0),24/10/24 23:00:00,Q,CP_MEUR,NSA,B1GQ,EA20,2007-Q4,2487900.5,
ESTAT:NAMQ_10_GDP(1.0),24/10/24 23:00:00,Q,CP_MEUR,NSA,B1GQ,EA20,2008-Q1,2368933.2,
ESTAT:NAMQ_10_GDP(1.0),24/10/24 23:00:00,Q,CP_MEUR,NSA,B1GQ,EA20,2008-Q2,2455128.4,
ESTAT:NAMQ_10_GDP(1.0),24/10/24 23:00:00,Q,CP_MEUR,NSA,B1GQ,EA20,2008-Q3,2417340.7,
ESTAT:NAMQ_10_GDP(1.0),24/10/24 23:00:00,Q,CP_MEUR,NSA,B1GQ,EA20,2008-Q4,2478971.8,
ESTAT:NAMQ_10_GDP(1.0),24/10/24 23:00:00,Q,CP_MEUR,NSA,B1GQ,EA20,2009-Q1,2270767.8,
ESTAT:NAMQ_10_GDP(1.0),24/10/24 23:00:00,Q,CP_MEUR,NSA,B1GQ,EA20,2009-Q2,2333101.5,
ESTAT:NAMQ_10_GDP(1.0),24/10/24 23:00:00,Q,CP_MEUR,NSA,B1GQ,EA20,2009-Q3,2331576.0,
ESTAT:NAMQ_10_GDP(1.0),24/10/24 23:00:00,Q,CP_MEUR,NSA,B1GQ,EA20,2009-Q4,2446814.9,
ESTAT:NAMQ_10_GDP(1.0),24/10/24 23:00:00,Q,CP_MEUR,NSA,B1GQ,EA20,2010-Q1,2310941.3,
ESTAT:NAMQ_10_GDP(1.0),24/10/24 23:00:00,Q,CP_MEUR,NSA,B1GQ,EA20,2010-Q2,2404909.7,
ESTAT:NAMQ_10_GDP(1.0),24/10/24 23:00:00,Q,CP_MEUR,NSA,B1GQ,EA20,2010-Q3,2407436.7,
ESTAT:NAMQ_10_GDP(1.0),24/10/24 23:00:00,Q,CP_MEUR,NSA,B1GQ,EA20,2010-Q4,2522765.2,
ESTAT:NAMQ_10_GDP(1.0),24/10/24 23:00:00,Q,CP_MEUR,NSA,B1GQ,EA20,2011-Q1,2411031.2,
ESTAT:NAMQ_10_GDP(1.0),24/10/24 23:00:00,Q,CP_MEUR,NSA,B1GQ,EA20,2011-Q2,2480520.9,
ESTAT:NAMQ_10_GDP(1.0),24/10/24 23:00:00,Q,CP_MEUR,NSA,B1GQ,EA20,2011-Q3,2469928.0,
ESTAT:NAMQ_10_GDP(1.0),24/10/24 23:00:00,Q,CP_MEUR,NSA,B1GQ,EA20,2011-Q4,2560503.7,
ESTAT:NAMQ_10_GDP(1.0),24/10/24 23:00:00,Q,CP_MEUR,NSA,B1GQ,EA20,2012-Q1,2435794.7,
ESTAT:NAMQ_10_GDP(1.0),24/10/24 23:00:00,Q,CP_MEUR,NSA,B1GQ,EA20,2012-Q2,2479593.3,
ESTAT:NAMQ_10_GDP(1.0),24/10/24 23:00:00,Q,CP_MEUR,NSA,B1GQ,EA20,2012-Q3,2475051.6,
ESTAT:NAMQ_10_GDP(1.0),24/10/24 23:00:00,Q,CP_MEUR,NSA,B1GQ,EA20,2012-Q4,2562186.3,
ESTAT:NAMQ_10_GDP(1.0),24/10/24 23:00:00,Q,CP_MEUR,NSA,B1GQ,EA20,2013-Q1,2422691.3,
ESTAT:NAMQ_10_GDP(1.0),24/10/24 23:00:00,Q,CP_MEUR,NSA,B1GQ,EA20,2013-Q2,2510943.6,
ESTAT:NAMQ_10_GDP(1.0),24/10/24 23:00:00,Q,CP_MEUR,NSA,B1GQ,EA20,2013-Q3,2517398.2,
ESTAT:NAMQ_10_GDP(1.0),24/10/24 23:00:00,Q,CP_MEUR,NSA,B1GQ,EA20,2013-Q4,2607152.1,
ESTAT:NAMQ_10_GDP(1.0),24/10/24 23:00:00,Q,CP_MEUR,NSA,B1GQ,EA20,2014-Q1,2489191.1,
ESTAT:NAMQ_10_GDP(1.0),24/10/24 23:00:00,Q,CP_MEUR,NSA,B1GQ,EA20,2014-Q2,2560264.0,
ESTAT:NAMQ_10_GDP(1.0),24/10/24 23:00:00,Q,CP_MEUR,NSA,B1GQ,EA20,2014-Q3,2573636.7,
ESTAT:NAMQ_10_GDP(1.0),24/10/24 23:00:00,Q,CP_MEUR,NSA,B1GQ,EA20,2014-Q4,2676168.3,
ESTAT:NAMQ_10_GDP(1.0),24/10/24 23:00:00,Q,CP_MEUR,NSA,B1GQ,EA20,2015-Q1,2566841.6,
ESTAT:NAMQ_10_GDP(1.0),24/10/24 23:00:00,Q,CP_MEUR,NSA,B1GQ,EA20,2015-Q2,2649993.6,
ESTAT:NAMQ_10_GDP(1.0),24/10/24 23:00:00,Q,CP_MEUR,NSA,B1GQ,EA20,2015-Q3,2665535.3,
ESTAT:NAMQ_10_GDP(1.0),24/10/24 23:00:00,Q,CP_MEUR,NSA,B1GQ,EA20,2015-Q4,2778226.4,
ESTAT:NAMQ_10_GDP(1.0),24/10/24 23:00:00,Q,CP_MEUR,NSA,B1GQ,EA20,2016-Q1,2642023.1,
ESTAT:NAMQ_10_GDP(1.0),24/10/24 23:00:00,Q,CP_MEUR,NSA,B1GQ,EA20,2016-Q2,2737895.4,
ESTAT:NAMQ_10_GDP(1.0),24/10/24 23:00:00,Q,CP_MEUR,NSA,B1GQ,EA20,2016-Q3,2727353.3,
ESTAT:NAMQ_10_GDP(1.0),24/10/24 23:00:00,Q,CP_MEUR,NSA,B1GQ,EA20,2016-Q4,2846346.7,
ESTAT:NAMQ_10_GDP(1.0),24/10/24 23:00:00,Q,CP_MEUR,NSA,B1GQ,EA20,2017-Q1,2742447.1,
ESTAT:NAMQ_10_GDP(1.0),24/10/24 23:00:00,Q,CP_MEUR,NSA,B1GQ,EA20,2017-Q2,2823151.7,
ESTAT:NAMQ_10_GDP(1.0),24/10/24 23:00:00,Q,CP_MEUR,NSA,B1GQ,EA20,2017-Q3,2834092.2,
ESTAT:NAMQ_10_GDP(1.0),24/10/24 23:00:00,Q,CP_MEUR,NSA,B1GQ,EA20,2017-Q4,2966713.9,
ESTAT:NAMQ_10_GDP(1.0),24/10/24 23:00:00,Q,CP_MEUR,NSA,B1GQ,EA20,2018-Q1,2839941.6,
ESTAT:NAMQ_10_GDP(1.0),24/10/24 23:00:00,Q,CP_MEUR,NSA,B1GQ,EA20,2018-Q2,2922063.4,
ESTAT:NAMQ_10_GDP(1.0),24/10/24 23:00:00,Q,CP_MEUR,NSA,B1GQ,EA20,2018-Q3,2919139.2,
ESTAT:NAMQ_10_GDP(1.0),24/10/24 23:00:00,Q,CP_MEUR,NSA,B1GQ,EA20,2018-Q4,3062672.9,
ESTAT:NAMQ_10_GDP(1.0),24/10/24 23:00:00,Q,CP_MEUR,NSA,B1GQ,EA20,2019-Q1,2938071.7,
ESTAT:NAMQ_10_GDP(1.0),24/10/24 23:00:00,Q,CP_MEUR,NSA,B1GQ,EA20,2019-Q2,3016668.9,
ESTAT:NAMQ_10_GDP(1.0),24/10/24 23:00:00,Q,CP_MEUR,NSA,B1GQ,EA20,2019-Q3,3033033.2,
ESTAT:NAMQ_10_GDP(1.0),24/10/24 23:00:00,Q,CP_MEUR,NSA,B1GQ,EA20,2019-Q4,3150049.9,
ESTAT:NAMQ_10_GDP(1.0),24/10/24 23:00:00,Q,CP_MEUR,NSA,B1GQ,EA20,2020-Q1,2915011.9,
ESTAT:NAMQ_10_GDP(1.0),24/10/24 23:00:00,Q,CP_MEUR,NSA,B1GQ,EA20,2020-Q2,2666719.4,
ESTAT:NAMQ_10_GDP(1.0),24/10/24 23:00:00,Q,CP_MEUR,NSA,B1GQ,EA20,2020-Q3,2944123.2,
ESTAT:NAMQ_10_GDP(1.0),24/10/24 23:00:00,Q,CP_MEUR,NSA,B1GQ,EA20,2020-Q4,3089338.0,
ESTAT:NAMQ_10_GDP(1.0),24/10/24 23:00:00,Q,CP_MEUR,NSA,B1GQ,EA20,2021-Q1,2961258.2,
ESTAT:NAMQ_10_GDP(1.0),24/10/24 23:00:00,Q,CP_MEUR,NSA,B1GQ,EA20,2021-Q2,3100924.7,
ESTAT:NAMQ_10_GDP(1.0),24/10/24 23:00:00,Q,CP_MEUR,NSA,B1GQ,EA20,2021-Q3,3189594.3,
ESTAT:NAMQ_10_GDP(1.0),24/10/24 23:00:00,Q,CP_MEUR,NSA,B1GQ,EA20,2021-Q4,3361131.5,
ESTAT:NAMQ_10_GDP(1.0),24/10/24 23:00:00,Q,CP_MEUR,NSA,B1GQ,EA20,2022-Q1,3260872.1,
ESTAT:NAMQ_10_GDP(1.0),24/10/24 23:00:00,Q,CP_MEUR,NSA,B1GQ,EA20,2022-Q2,3397614.0,
ESTAT:NAMQ_10_GDP(1.0),24/10/24 23:00:00,Q,CP_MEUR,NSA,B1GQ,EA20,2022-Q3,3449947.9,
ESTAT:NAMQ_10_GDP(1.0),24/10/24 23:00:00,Q,CP_MEUR,NSA,B1GQ,EA20,2022-Q4,3615574.3,
ESTAT:NAMQ_10_GDP(1.0),24/10/24 23:00:00,Q,CP_MEUR,NSA,B1GQ,EA20,2023-Q1,3529769.3,
ESTAT:NAMQ_10_GDP(1.0),24/10/24 23:00:00,Q,CP_MEUR,NSA,B1GQ,EA20,2023-Q2,3624676.4,
ESTAT:NAMQ_10_GDP(1.0),24/10/24 23:00:00,Q,CP_MEUR,NSA,B1GQ,EA20,2023-Q3,3639696.8,
ESTAT:NAMQ_10_GDP(1.0),24/10/24 23:00:00,Q,CP_MEUR,NSA,B1GQ,EA20,2023-Q4,3800458.6,
ESTAT:NAMQ_10_GDP(1.0),24/10/24 23:00:00,Q,CP_MEUR,NSA,B1GQ,EA20,2024-Q1,3667095.1,
ESTAT:NAMQ_10_GDP(1.0),24/10/24 23:00:00,Q,CP_MEUR,NSA,B1GQ,EA20,2024-Q2,3762469.5,
ESTAT:NAMQ_10_GDP(1.0),24/10/24 23:00:00,Q,CP_MEUR,NSA,B1GQ,EE,1995-Q1,647.2,
ESTAT:NAMQ_10_GDP(1.0),24/10/24 23:00:00,Q,CP_MEUR,NSA,B1GQ,EE,1995-Q2,766.7,
ESTAT:NAMQ_10_GDP(1.0),24/10/24 23:00:00,Q,CP_MEUR,NSA,B1GQ,EE,1995-Q3,764.9,
ESTAT:NAMQ_10_GDP(1.0),24/10/24 23:00:00,Q,CP_MEUR,NSA,B1GQ,EE,1995-Q4,810.2,
ESTAT:NAMQ_10_GDP(1.0),24/10/24 23:00:00,Q,CP_MEUR,NSA,B1GQ,EE,1996-Q1,810.8,
ESTAT:NAMQ_10_GDP(1.0),24/10/24 23:00:00,Q,CP_MEUR,NSA,B1GQ,EE,1996-Q2,959.6,
ESTAT:NAMQ_10_GDP(1.0),24/10/24 23:00:00,Q,CP_MEUR,NSA,B1GQ,EE,1996-Q3,992.8,
ESTAT:NAMQ_10_GDP(1.0),24/10/24 23:00:00,Q,CP_MEUR,NSA,B1GQ,EE,1996-Q4,1004.8,
ESTAT:NAMQ_10_GDP(1.0),24/10/24 23:00:00,Q,CP_MEUR,NSA,B1GQ,EE,1997-Q1,978.5,
ESTAT:NAMQ_10_GDP(1.0),24/10/24 23:00:00,Q,CP_MEUR,NSA,B1GQ,EE,1997-Q2,1166.6,
ESTAT:NAMQ_10_GDP(1.0),24/10/24 23:00:00,Q,CP_MEUR,NSA,B1GQ,EE,1997-Q3,1185.0,
ESTAT:NAMQ_10_GDP(1.0),24/10/24 23:00:00,Q,CP_MEUR,NSA,B1GQ,EE,1997-Q4,1223.0,
ESTAT:NAMQ_10_GDP(1.0),24/10/24 23:00:00,Q,CP_MEUR,NSA,B1GQ,EE,1998-Q1,1186.2,
ESTAT:NAMQ_10_GDP(1.0),24/10/24 23:00:00,Q,CP_MEUR,NSA,B1GQ,EE,1998-Q2,1310.7,
ESTAT:NAMQ_10_GDP(1.0),24/10/24 23:00:00,Q,CP_MEUR,NSA,B1GQ,EE,1998-Q3,1284.7,
ESTAT:NAMQ_10_GDP(1.0),24/10/24 23:00:00,Q,CP_MEUR,NSA,B1GQ,EE,1998-Q4,1285.7,
ESTAT:NAMQ_10_GDP(1.0),24/10/24 23:00:00,Q,CP_MEUR,NSA,B1GQ,EE,1999-Q1,1229.5,
ESTAT:NAMQ_10_GDP(1.0),24/10/24 23:00:00,Q,CP_MEUR,NSA,B1GQ,EE,1999-Q2,1397.1,
ESTAT:NAMQ_10_GDP(1.0),24/10/24 23:00:00,Q,CP_MEUR,NSA,B1GQ,EE,1999-Q3,1369.4,
ESTAT:NAMQ_10_GDP(1.0),24/10/24 23:00:00,Q,CP_MEUR,NSA,B1GQ,EE,1999-Q4,1410.9,
ESTAT:NAMQ_10_GDP(1.0),24/10/24 23:00:00,Q,CP_MEUR,NSA,B1GQ,EE,2000-Q1,1397.2,
ESTAT:NAMQ_10_GDP(1.0),24/10/24 23:00:00,Q,CP_MEUR,NSA,B1GQ,EE,2000-Q2,1579.4,
ESTAT:NAMQ_10_GDP(1.0),24/10/24 23:00:00,Q,CP_MEUR,NSA,B1GQ,EE,2000-Q3,1540.4,
ESTAT:NAMQ_10_GDP(1.0),24/10/24 23:00:00,Q,CP_MEUR,NSA,B1GQ,EE,2000-Q4,1654.6,
ESTAT:NAMQ_10_GDP(1.0),24/10/24 23:00:00,Q,CP_MEUR,NSA,B1GQ,EE,2001-Q1,1576.0,
ESTAT:NAMQ_10_GDP(1.0),24/10/24 23:00:00,Q,CP_MEUR,NSA,B1GQ,EE,2001-Q2,1794.9,
ESTAT:NAMQ_10_GDP(1.0),24/10/24 23:00:00,Q,CP_MEUR,NSA,B1GQ,EE,2001-Q3,1752.3,
ESTAT:NAMQ_10_GDP(1.0),24/10/24 23:00:00,Q,CP_MEUR,NSA,B1GQ,EE,2001-Q4,1858.9,
ESTAT:NAMQ_10_GDP(1.0),24/10/24 23:00:00,Q,CP_MEUR,NSA,B1GQ,EE,2002-Q1,1768.3,
ESTAT:NAMQ_10_GDP(1.0),24/10/24 23:00:00,Q,CP_MEUR,NSA,B1GQ,EE,2002-Q2,2019.7,
ESTAT:NAMQ_10_GDP(1.0),24/10/24 23:00:00,Q,CP_MEUR,NSA,B1GQ,EE,2002-Q3,1976.5,
ESTAT:NAMQ_10_GDP(1.0),24/10/24 23:00:00,Q,CP_MEUR,NSA,B1GQ,EE,2002-Q4,2060.4,
ESTAT:NAMQ_10_GDP(1.0),24/10/24 23:00:00,Q,CP_MEUR,NSA,B1GQ,EE,2003-Q1,2013.8,
ESTAT:NAMQ_10_GDP(1.0),24/10/24 23:00:00,Q,CP_MEUR,NSA,B1GQ,EE,2003-Q2,2239.1,
ESTAT:NAMQ_10_GDP(1.0),24/10/24 23:00:00,Q,CP_MEUR,NSA,B1GQ,EE,2003-Q3,2202.6,
ESTAT:NAMQ_10_GDP(1.0),24/10/24 23:00:00,Q,CP_MEUR,NSA,B1GQ,EE,2003-Q4,2291.2,
ESTAT:NAMQ_10_GDP(1.0),24/10/24 23:00:00,Q,CP_MEUR,NSA,B1GQ,EE,2004-Q1,2312.3,
ESTAT:NAMQ_10_GDP(1.0),24/10/24 23:00:00,Q,CP_MEUR,NSA,B1GQ,EE,2004-Q2,2399.4,
ESTAT:NAMQ_10_GDP(1.0),24/10/24 23:00:00,Q,CP_MEUR,NSA,B1GQ,EE,2004-Q3,2498.6,
ESTAT:NAMQ_10_GDP(1.0),24/10/24 23:00:00,Q,CP_MEUR,NSA,B1GQ,EE,2004-Q4,2569.3,
ESTAT:NAMQ_10_GDP(1.0),24/10/24 23:00:00,Q,CP_MEUR,NSA,B1GQ,EE,2005-Q1,2538.7,
ESTAT:NAMQ_10_GDP(1.0),24/10/24 23:00:00,Q,CP_MEUR,NSA,B1GQ,EE,2005-Q2,2853.6,
ESTAT:NAMQ_10_GDP(1.0),24/10/24 23:00:00,Q,CP_MEUR,NSA,B1GQ,EE,2005-Q3,2912.4,
ESTAT:NAMQ_10_GDP(1.0),24/10/24 23:00:00,Q,CP_MEUR,NSA,B1GQ,EE,2005-Q4,3040.8,
ESTAT:NAMQ_10_GDP(1.0),24/10/24 23:00:00,Q,CP_MEUR,NSA,B1GQ,EE,2006-Q1,3029.9,
ESTAT:NAMQ_10_GDP(1.0),24/10/24 23:00:00,Q,CP_MEUR,NSA,B1GQ,EE,2006-Q2,3366.9,
ESTAT:NAMQ_10_GDP(1.0),24/10/24 23:00:00,Q,CP_MEUR,NSA,B1GQ,EE,2006-Q3,3502.4,
ESTAT:NAMQ_10_GDP(1.0),24/10/24 23:00:00,Q,CP_MEUR,NSA,B1GQ,EE,2006-Q4,3672.0,
ESTAT:NAMQ_10_GDP(1.0),24/10/24 23:00:00,Q,CP_MEUR,NSA,B1GQ,EE,2007-Q1,3715.4,
ESTAT:NAMQ_10_GDP(1.0),24/10/24 23:00:00,Q,CP_MEUR,NSA,B1GQ,EE,2007-Q2,4124.2,
ESTAT:NAMQ_10_GDP(1.0),24/10/24 23:00:00,Q,CP_MEUR,NSA,B1GQ,EE,2007-Q3,4196.5,
ESTAT:NAMQ_10_GDP(1.0),24/10/24 23:00:00,Q,CP_MEUR,NSA,B1GQ,EE,2007-Q4,4366.1,
ESTAT:NAMQ_10_GDP(1.0),24/10/24 23:00:00,Q,CP_MEUR,NSA,B1GQ,EE,2008-Q1,3907.0,
ESTAT:NAMQ_10_GDP(1.0),24/10/24 23:00:00,Q,CP_MEUR,NSA,B1GQ,EE,2008-Q2,4420.6,
ESTAT:NAMQ_10_GDP(1.0),24/10/24 23:00:00,Q,CP_MEUR,NSA,B1GQ,EE,2008-Q3,4241.0,
ESTAT:NAMQ_10_GDP(1.0),24/10/24 23:00:00,Q,CP_MEUR,NSA,B1GQ,EE,2008-Q4,4050.3,
ESTAT:NAMQ_10_GDP(1.0),24/10/24 23:00:00,Q,CP_MEUR,NSA,B1GQ,EE,2009-Q1,3458.7,
ESTAT:NAMQ_10_GDP(1.0),24/10/24 23:00:00,Q,CP_MEUR,NSA,B1GQ,EE,2009-Q2,3611.5,
ESTAT:NAMQ_10_GDP(1.0),24/10/24 23:00:00,Q,CP_MEUR,NSA,B1GQ,EE,2009-Q3,3471.5,
ESTAT:NAMQ_10_GDP(1.0),24/10/24 23:00:00,Q,CP_MEUR,NSA,B1GQ,EE,2009-Q4,3590.9,
ESTAT:NAMQ_10_GDP(1.0),24/10/24 23:00:00,Q,CP_MEUR,NSA,B1GQ,EE,2010-Q1,3315.9,
ESTAT:NAMQ_10_GDP(1.0),24/10/24 23:00:00,Q,CP_MEUR,NSA,B1GQ,EE,2010-Q2,3673.2,
ESTAT:NAMQ_10_GDP(1.0),24/10/24 23:00:00,Q,CP_MEUR,NSA,B1GQ,EE,2010-Q3,3800.0,
ESTAT:NAMQ_10_GDP(1.0),24/10/24 23:00:00,Q,CP_MEUR,NSA,B1GQ,EE,2010-Q4,3952.6,
ESTAT:NAMQ_10_GDP(1.0),24/10/24 23:00:00,Q,CP_MEUR,NSA,B1GQ,EE,2011-Q1,3827.0,
ESTAT:NAMQ_10_GDP(1.0),24/10/24 23:00:00,Q,CP_MEUR,NSA,B1GQ,EE,2011-Q2,4237.2,
ESTAT:NAMQ_10_GDP(1.0),24/10/24 23:00:00,Q,CP_MEUR,NSA,B1GQ,EE,2011-Q3,4307.2,
ESTAT:NAMQ_10_GDP(1.0),24/10/24 23:00:00,Q,CP_MEUR,NSA,B1GQ,EE,2011-Q4,4370.5,
ESTAT:NAMQ_10_GDP(1.0),24/10/24 23:00:00,Q,CP_MEUR,NSA,B1GQ,EE,2012-Q1,4132.6,
ESTAT:NAMQ_10_GDP(1.0),24/10/24 23:00:00,Q,CP_MEUR,NSA,B1GQ,EE,2012-Q2,4597.7,
ESTAT:NAMQ_10_GDP(1.0),24/10/24 23:00:00,Q,CP_MEUR,NSA,B1GQ,EE,2012-Q3,4644.9,
ESTAT:NAMQ_10_GDP(1.0),24/10/24 23:00:00,Q,CP_MEUR,NSA,B1GQ,EE,2012-Q4,4711.3,
ESTAT:NAMQ_10_GDP(1.0),24/10/24 23:00:00,Q,CP_MEUR,NSA,B1GQ,EE,2013-Q1,4488.9,
ESTAT:NAMQ_10_GDP(1.0),24/10/24 23:00:00,Q,CP_MEUR,NSA,B1GQ,EE,2013-Q2,4871.4,
ESTAT:NAMQ_10_GDP(1.0),24/10/24 23:00:00,Q,CP_MEUR,NSA,B1GQ,EE,2013-Q3,4902.0,
ESTAT:NAMQ_10_GDP(1.0),24/10/24 23:00:00,Q,CP_MEUR,NSA,B1GQ,EE,2013-Q4,4900.9,
ESTAT:NAMQ_10_GDP(1.0),24/10/24 23:00:00,Q,CP_MEUR,NSA,B1GQ,EE,2014-Q1,4714.6,
ESTAT:NAMQ_10_GDP(1.0),24/10/24 23:00:00,Q,CP_MEUR,NSA,B1GQ,EE,2014-Q2,5161.2,
ESTAT:NAMQ_10_GDP(1.0),24/10/24 23:00:00,Q,CP_MEUR,NSA,B1GQ,EE,2014-Q3,5142.7,
ESTAT:NAMQ_10_GDP(1.0),24/10/24 23:00:00,Q,CP_MEUR,NSA,B1GQ,EE,2014-Q4,5347.1,
ESTAT:NAMQ_10_GDP(1.0),24/10/24 23:00:00,Q,CP_MEUR,NSA,B1GQ,EE,2015-Q1,4837.3,
ESTAT:NAMQ_10_GDP(1.0),24/10/24 23:00:00,Q,CP_MEUR,NSA,B1GQ,EE,2015-Q2,5343.3,
ESTAT:NAMQ_10_GDP(1.0),24/10/24 23:00:00,Q,CP_MEUR,NSA,B1GQ,EE,2015-Q3,5349.7,
ESTAT:NAMQ_10_GDP(1.0),24/10/24 23:00:00,Q,CP_MEUR,NSA,B1GQ,EE,2015-Q4,5480.6,
ESTAT:NAMQ_10_GDP(1.0),24/10/24 23:00:00,Q,CP_MEUR,NSA,B1GQ,EE,2016-Q1,5196.4,
ESTAT:NAMQ_10_GDP(1.0),24/10/24 23:00:00,Q,CP_MEUR,NSA,B1GQ,EE,2016-Q2,5562.1,
ESTAT:NAMQ_10_GDP(1.0),24/10/24 23:00:00,Q,CP_MEUR,NSA,B1GQ,EE,2016-Q3,5574.5,
ESTAT:NAMQ_10_GDP(1.0),24/10/24 23:00:00,Q,CP_MEUR,NSA,B1GQ,EE,2016-Q4,5855.9,
ESTAT:NAMQ_10_GDP(1.0),24/10/24 23:00:00,Q,CP_MEUR,NSA,B1GQ,EE,2017-Q1,5557.9,
ESTAT:NAMQ_10_GDP(1.0),24/10/24 23:00:00,Q,CP_MEUR,NSA,B1GQ,EE,2017-Q2,6170.7,
ESTAT:NAMQ_10_GDP(1.0),24/10/24 23:00:00,Q,CP_MEUR,NSA,B1GQ,EE,2017-Q3,6103.1,
ESTAT:NAMQ_10_GDP(1.0),24/10/24 23:00:00,Q,CP_MEUR,NSA,B1GQ,EE,2017-Q4,6484.4,
ESTAT:NAMQ_10_GDP(1.0),24/10/24 23:00:00,Q,CP_MEUR,NSA,B1GQ,EE,2018-Q1,6023.8,
ESTAT:NAMQ_10_GDP(1.0),24/10/24 23:00:00,Q,CP_MEUR,NSA,B1GQ,EE,2018-Q2,6625.3,
ESTAT:NAMQ_10_GDP(1.0),24/10/24 23:00:00,Q,CP_MEUR,NSA,B1GQ,EE,2018-Q3,6676.8,
ESTAT:NAMQ_10_GDP(1.0),24/10/24 23:00:00,Q,CP_MEUR,NSA,B1GQ,EE,2018-Q4,7112.6,
ESTAT:NAMQ_10_GDP(1.0),24/10/24 23:00:00,Q,CP_MEUR,NSA,B1GQ,EE,2019-Q1,6571.5,
ESTAT:NAMQ_10_GDP(1.0),24/10/24 23:00:00,Q,CP_MEUR,NSA,B1GQ,EE,2019-Q2,7158.4,
ESTAT:NAMQ_10_GDP(1.0),24/10/24 23:00:00,Q,CP_MEUR,NSA,B1GQ,EE,2019-Q3,7204.0,
ESTAT:NAMQ_10_GDP(1.0),24/10/24 23:00:00,Q,CP_MEUR,NSA,B1GQ,EE,2019-Q4,7538.2,
ESTAT:NAMQ_10_GDP(1.0),24/10/24 23:00:00,Q,CP_MEUR,NSA,B1GQ,EE,2020-Q1,6617.3,
ESTAT:NAMQ_10_GDP(1.0),24/10/24 23:00:00,Q,CP_MEUR,NSA,B1GQ,EE,2020-Q2,6598.4,
ESTAT:NAMQ_10_GDP(1.0),24/10/24 23:00:00,Q,CP_MEUR,NSA,B1GQ,EE,2020-Q3,7125.7,
ESTAT:NAMQ_10_GDP(1.0),24/10/24 23:00:00,Q,CP_MEUR,NSA,B1GQ,EE,2020-Q4,7517.9,
ESTAT:NAMQ_10_GDP(1.0),24/10/24 23:00:00,Q,CP_MEUR,NSA,B1GQ,EE,2021-Q1,6964.7,
ESTAT:NAMQ_10_GDP(1.0),24/10/24 23:00:00,Q,CP_MEUR,NSA,B1GQ,EE,2021-Q2,7681.8,
ESTAT:NAMQ_10_GDP(1.0),24/10/24 23:00:00,Q,CP_MEUR,NSA,B1GQ,EE,2021-Q3,8087.2,
ESTAT:NAMQ_10_GDP(1.0),24/10/24 23:00:00,Q,CP_MEUR,NSA,B1GQ,EE,2021-Q4,8722.5,
ESTAT:NAMQ_10_GDP(1.0),24/10/24 23:00:00,Q,CP_MEUR,NSA,B1GQ,EE,2022-Q1,8157.6,
ESTAT:NAMQ_10_GDP(1.0),24/10/24 23:00:00,Q,CP_MEUR,NSA,B1GQ,EE,2022-Q2,8953.6,
ESTAT:NAMQ_10_GDP(1.0),24/10/24 23:00:00,Q,CP_MEUR,NSA,B1GQ,EE,2022-Q3,9463.1,
ESTAT:NAMQ_10_GDP(1.0),24/10/24 23:00:00,Q,CP_MEUR,NSA,B1GQ,EE,2022-Q4,9868.5,
ESTAT:NAMQ_10_GDP(1.0),24/10/24 23:00:00,Q,CP_MEUR,NSA,B1GQ,EE,2023-Q1,8845.8,
ESTAT:NAMQ_10_GDP(1.0),24/10/24 23:00:00,Q,CP_MEUR,NSA,B1GQ,EE,2023-Q2,9495.5,
ESTAT:NAMQ_10_GDP(1.0),24/10/24 23:00:00,Q,CP_MEUR,NSA,B1GQ,EE,2023-Q3,9679.1,
ESTAT:NAMQ_10_GDP(1.0),24/10/24 23:00:00,Q,CP_MEUR,NSA,B1GQ,EE,2023-Q4,10167.4,
ESTAT:NAMQ_10_GDP(1.0),24/10/24 23:00:00,Q,CP_MEUR,NSA,B1GQ,EE,2024-Q1,8928.0,
ESTAT:NAMQ_10_GDP(1.0),24/10/24 23:00:00,Q,CP_MEUR,NSA,B1GQ,EE,2024-Q2,9767.2,
ESTAT:NAMQ_10_GDP(1.0),24/10/24 23:00:00,Q,CP_MEUR,NSA,B1GQ,EL,1995-Q1,23873.5,
ESTAT:NAMQ_10_GDP(1.0),24/10/24 23:00:00,Q,CP_MEUR,NSA,B1GQ,EL,1995-Q2,25099.8,
ESTAT:NAMQ_10_GDP(1.0),24/10/24 23:00:00,Q,CP_MEUR,NSA,B1GQ,EL,1995-Q3,27560.8,
ESTAT:NAMQ_10_GDP(1.0),24/10/24 23:00:00,Q,CP_MEUR,NSA,B1GQ,EL,1995-Q4,28040.2,
ESTAT:NAMQ_10_GDP(1.0),24/10/24 23:00:00,Q,CP_MEUR,NSA,B1GQ,EL,1996-Q1,25083.5,
ESTAT:NAMQ_10_GDP(1.0),24/10/24 23:00:00,Q,CP_MEUR,NSA,B1GQ,EL,1996-Q2,27442.7,
ESTAT:NAMQ_10_GDP(1.0),24/10/24 23:00:00,Q,CP_MEUR,NSA,B1GQ,EL,1996-Q3,30607.6,
ESTAT:NAMQ_10_GDP(1.0),24/10/24 23:00:00,Q,CP_MEUR,NSA,B1GQ,EL,1996-Q4,31863.2,
ESTAT:NAMQ_10_GDP(1.0),24/10/24 23:00:00,Q,CP_MEUR,NSA,B1GQ,EL,1997-Q1,28304.2,
ESTAT:NAMQ_10_GDP(1.0),24/10/24 23:00:00,Q,CP_MEUR,NSA,B1GQ,EL,1997-Q2,29935.1,
ESTAT:NAMQ_10_GDP(1.0),24/10/24 23:00:00,Q,CP_MEUR,NSA,B1GQ,EL,1997-Q3,33287.7,
ESTAT:NAMQ_10_GDP(1.0),24/10/24 23:00:00,Q,CP_MEUR,NSA,B1GQ,EL,1997-Q4,34800.0,
ESTAT:NAMQ_10_GDP(1.0),24/10/24 23:00:00,Q,CP_MEUR,NSA,B1GQ,EL,1998-Q1,29891.5,
ESTAT:NAMQ_10_GDP(1.0),24/10/24 23:00:00,Q,CP_MEUR,NSA,B1GQ,EL,1998-Q2,30027.0,
ESTAT:NAMQ_10_GDP(1.0),24/10/24 23:00:00,Q,CP_MEUR,NSA,B1GQ,EL,1998-Q3,33755.1,
ESTAT:NAMQ_10_GDP(1.0),24/10/24 23:00:00,Q,CP_MEUR,NSA,B1GQ,EL,1998-Q4,35315.0,
ESTAT:NAMQ_10_GDP(1.0),24/10/24 23:00:00,Q,CP_MEUR,NSA,B1GQ,EL,1999-Q1,31888.7,
ESTAT:NAMQ_10_GDP(1.0),24/10/24 23:00:00,Q,CP_MEUR,NSA,B1GQ,EL,1999-Q2,33760.6,
ESTAT:NAMQ_10_GDP(1.0),24/10/24 23:00:00,Q,CP_MEUR,NSA,B1GQ,EL,1999-Q3,36396.0,
ESTAT:NAMQ_10_GDP(1.0),24/10/24 23:00:00,Q,CP_MEUR,NSA,B1GQ,EL,1999-Q4,37845.3,
ESTAT:NAMQ_10_GDP(1.0),24/10/24 23:00:00,Q,CP_MEUR,NSA,B1GQ,EL,2000-Q1,33198.8,
ESTAT:NAMQ_10_GDP(1.0),24/10/24 23:00:00,Q,CP_MEUR,NSA,B1GQ,EL,2000-Q2,34675.8,
ESTAT:NAMQ_10_GDP(1.0),24/10/24 23:00:00,Q,CP_MEUR,NSA,B1GQ,EL,2000-Q3,37285.0,
ESTAT:NAMQ_10_GDP(1.0),24/10/24 23:00:00,Q,CP_MEUR,NSA,B1GQ,EL,2000-Q4,37751.2,
ESTAT:NAMQ_10_GDP(1.0),24/10/24 23:00:00,Q,CP_MEUR,NSA,B1GQ,EL,2001-Q1,35236.6,
ESTAT:NAMQ_10_GDP(1.0),24/10/24 23:00:00,Q,CP_MEUR,NSA,B1GQ,EL,2001-Q2,36726.4,
ESTAT:NAMQ_10_GDP(1.0),24/10/24 23:00:00,Q,CP_MEUR,NSA,B1GQ,EL,2001-Q3,39842.8,
ESTAT:NAMQ_10_GDP(1.0),24/10/24 23:00:00,Q,CP_MEUR,NSA,B1GQ,EL,2001-Q4,40388.1,
ESTAT:NAMQ_10_GDP(1.0),24/10/24 23:00:00,Q,CP_MEUR,NSA,B1GQ,EL,2002-Q1,37497.1,
ESTAT:NAMQ_10_GDP(1.0),24/10/24 23:00:00,Q,CP_MEUR,NSA,B1GQ,EL,2002-Q2,39873.9,
ESTAT:NAMQ_10_GDP(1.0),24/10/24 23:00:00,Q,CP_MEUR,NSA,B1GQ,EL,2002-Q3,42337.7,
ESTAT:NAMQ_10_GDP(1.0),24/10/24 23:00:00,Q,CP_MEUR,NSA,B1GQ,EL,2002-Q4,43752.0,
ESTAT:NAMQ_10_GDP(1.0),24/10/24 23:00:00,Q,CP_MEUR,NSA,B1GQ,EL,2003-Q1,40880.6,
ESTAT:NAMQ_10_GDP(1.0),24/10/24 23:00:00,Q,CP_MEUR,NSA,B1GQ,EL,2003-Q2,43418.8,
ESTAT:NAMQ_10_GDP(1.0),24/10/24 23:00:00,Q,CP_MEUR,NSA,B1GQ,EL,2003-Q3,46681.7,
ESTAT:NAMQ_10_GDP(1.0),24/10/24 23:00:00,Q,CP_MEUR,NSA,B1GQ,EL,2003-Q4,47923.8,
ESTAT:NAMQ_10_GDP(1.0),24/10/24 23:00:00,Q,CP_MEUR,NSA,B1GQ,EL,2004-Q1,44878.1,
ESTAT:NAMQ_10_GDP(1.0),24/10/24 23:00:00,Q,CP_MEUR,NSA,B1GQ,EL,2004-Q2,47605.0,
ESTAT:NAMQ_10_GDP(1.0),24/10/24 23:00:00,Q,CP_MEUR,NSA,B1GQ,EL,2004-Q3,50815.4,
ESTAT:NAMQ_10_GDP(1.0),24/10/24 23:00:00,Q,CP_MEUR,NSA,B1GQ,EL,2004-Q4,50417.3,
ESTAT:NAMQ_10_GDP(1.0),24/10/24 23:00:00,Q,CP_MEUR,NSA,B1GQ,EL,2005-Q1,45727.0,
ESTAT:NAMQ_10_GDP(1.0),24/10/24 23:00:00,Q,CP_MEUR,NSA,B1GQ,EL,2005-Q2,49176.8,
ESTAT:NAMQ_10_GDP(1.0),24/10/24 23:00:00,Q,CP_MEUR,NSA,B1GQ,EL,2005-Q3,51750.2,
ESTAT:NAMQ_10_GDP(1.0),24/10/24 23:00:00,Q,CP_MEUR,NSA,B1GQ,EL,2005-Q4,52588.3,
ESTAT:NAMQ_10_GDP(1.0),24/10/24 23:00:00,Q,CP_MEUR,NSA,B1GQ,EL,2006-Q1,50093.1,
ESTAT:NAMQ_10_GDP(1.0),24/10/24 23:00:00,Q,CP_MEUR,NSA,B1GQ,EL,2006-Q2,53992.3,
ESTAT:NAMQ_10_GDP(1.0),24/10/24 23:00:00,Q,CP_MEUR,NSA,B1GQ,EL,2006-Q3,55923.2,
ESTAT:NAMQ_10_GDP(1.0),24/10/24 23:00:00,Q,CP_MEUR,NSA,B1GQ,EL,2006-Q4,57852.9,
ESTAT:NAMQ_10_GDP(1.0),24/10/24 23:00:00,Q,CP_MEUR,NSA,B1GQ,EL,2007-Q1,52830.7,
ESTAT:NAMQ_10_GDP(1.0),24/10/24 23:00:00,Q,CP_MEUR,NSA,B1GQ,EL,2007-Q2,58358.9,
ESTAT:NAMQ_10_GDP(1.0),24/10/24 23:00:00,Q,CP_MEUR,NSA,B1GQ,EL,2007-Q3,59929.0,
ESTAT:NAMQ_10_GDP(1.0),24/10/24 23:00:00,Q,CP_MEUR,NSA,B1GQ,EL,2007-Q4,61575.9,
ESTAT:NAMQ_10_GDP(1.0),24/10/24 23:00:00,Q,CP_MEUR,NSA,B1GQ,EL,2008-Q1,55877.2,
ESTAT:NAMQ_10_GDP(1.0),24/10/24 23:00:00,Q,CP_MEUR,NSA,B1GQ,EL,2008-Q2,60744.8,
ESTAT:NAMQ_10_GDP(1.0),24/10/24 23:00:00,Q,CP_MEUR,NSA,B1GQ,EL,2008-Q3,63078.4,
ESTAT:NAMQ_10_GDP(1.0),24/10/24 23:00:00,Q,CP_MEUR,NSA,B1GQ,EL,2008-Q4,62290.0,
ESTAT:NAMQ_10_GDP(1.0),24/10/24 23:00:00,Q,CP_MEUR,NSA,B1GQ,EL,2009-Q1,53386.0,
ESTAT:NAMQ_10_GDP(1.0),24/10/24 23:00:00,Q,CP_MEUR,NSA,B1GQ,EL,2009-Q2,60220.5,
ESTAT:NAMQ_10_GDP(1.0),24/10/24 23:00:00,Q,CP_MEUR,NSA,B1GQ,EL,2009-Q3,61255.1,
ESTAT:NAMQ_10_GDP(1.0),24/10/24 23:00:00,Q,CP_MEUR,NSA,B1GQ,EL,2009-Q4,62672.7,
ESTAT:NAMQ_10_GDP(1.0),24/10/24 23:00:00,Q,CP_MEUR,NSA,B1GQ,EL,2010-Q1,54252.1,b
ESTAT:NAMQ_10_GDP(1.0),24/10/24 23:00:00,Q,CP_MEUR,NSA,B1GQ,EL,2010-Q2,56557.1,b
ESTAT:NAMQ_10_GDP(1.0),24/10/24 23:00:00,Q,CP_MEUR,NSA,B1GQ,EL,2010-Q3,56353.3,b
ESTAT:NAMQ_10_GDP(1.0),24/10/24 23:00:00,Q,CP_MEUR,NSA,B1GQ,EL,2010-Q4,56961.5,b
ESTAT:NAMQ_10_GDP(1.0),24/10/24 23:00:00,Q,CP_MEUR,NSA,B1GQ,EL,2011-Q1,48644.0,
ESTAT:NAMQ_10_GDP(1.0),24/10/24 23:00:00,Q,CP_MEUR,NSA,B1GQ,EL,2011-Q2,51895.6,
ESTAT:NAMQ_10_GDP(1.0),24/10/24 23:00:00,Q,CP_MEUR,NSA,B1GQ,EL,2011-Q3,52043.4,
ESTAT:NAMQ_10_GDP(1.0),24/10/24 23:00:00,Q,CP_MEUR,NSA,B1GQ,EL,2011-Q4,50725.2,
ESTAT:NAMQ_10_GDP(1.0),24/10/24 23:00:00,Q,CP_MEUR,NSA,B1GQ,EL,2012-Q1,44662.3,
ESTAT:NAMQ_10_GDP(1.0),24/10/24 23:00:00,Q,CP_MEUR,NSA,B1GQ,EL,2012-Q2,47527.5,
ESTAT:NAMQ_10_GDP(1.0),24/10/24 23:00:00,Q,CP_MEUR,NSA,B1GQ,EL,2012-Q3,48299.5,
ESTAT:NAMQ_10_GDP(1.0),24/10/24 23:00:00,Q,CP_MEUR,NSA,B1GQ,EL,2012-Q4,47891.3,
ESTAT:NAMQ_10_GDP(1.0),24/10/24 23:00:00,Q,CP_MEUR,NSA,B1GQ,EL,2013-Q1,42185.9,
ESTAT:NAMQ_10_GDP(1.0),24/10/24 23:00:00,Q,CP_MEUR,NSA,B1GQ,EL,2013-Q2,45346.2,
ESTAT:NAMQ_10_GDP(1.0),24/10/24 23:00:00,Q,CP_MEUR,NSA,B1GQ,EL,2013-Q3,46511.2,
ESTAT:NAMQ_10_GDP(1.0),24/10/24 23:00:00,Q,CP_MEUR,NSA,B1GQ,EL,2013-Q4,45841.1,
ESTAT:NAMQ_10_GDP(1.0),24/10/24 23:00:00,Q,CP_MEUR,NSA,B1GQ,EL,2014-Q1,40841.4,
ESTAT:NAMQ_10_GDP(1.0),24/10/24 23:00:00,Q,CP_MEUR,NSA,B1GQ,EL,2014-Q2,43920.0,
ESTAT:NAMQ_10_GDP(1.0),24/10/24 23:00:00,Q,CP_MEUR,NSA,B1GQ,EL,2014-Q3,46728.9,
ESTAT:NAMQ_10_GDP(1.0),24/10/24 23:00:00,Q,CP_MEUR,NSA,B1GQ,EL,2014-Q4,45745.7,
ESTAT:NAMQ_10_GDP(1.0),24/10/24 23:00:00,Q,CP_MEUR,NSA,B1GQ,EL,2015-Q1,40787.3,
ESTAT:NAMQ_10_GDP(1.0),24/10/24 23:00:00,Q,CP_MEUR,NSA,B1GQ,EL,2015-Q2,44046.8,
ESTAT:NAMQ_10_GDP(1.0),24/10/24 23:00:00,Q,CP_MEUR,NSA,B1GQ,EL,2015-Q3,45493.6,
ESTAT:NAMQ_10_GDP(1.0),24/10/24 23:00:00,Q,CP_MEUR,NSA,B1GQ,EL,2015-Q4,46041.2,
ESTAT:NAMQ_10_GDP(1.0),24/10/24 23:00:00,Q,CP_MEUR,NSA,B1GQ,EL,2016-Q1,39938.7,
ESTAT:NAMQ_10_GDP(1.0),24/10/24 23:00:00,Q,CP_MEUR,NSA,B1GQ,EL,2016-Q2,43766.5,
ESTAT:NAMQ_10_GDP(1.0),24/10/24 23:00:00,Q,CP_MEUR,NSA,B1GQ,EL,2016-Q3,45751.5,
ESTAT:NAMQ_10_GDP(1.0),24/10/24 23:00:00,Q,CP_MEUR,NSA,B1GQ,EL,2016-Q4,45037.5,
ESTAT:NAMQ_10_GDP(1.0),24/10/24 23:00:00,Q,CP_MEUR,NSA,B1GQ,EL,2017-Q1,40520.9,
ESTAT:NAMQ_10_GDP(1.0),24/10/24 23:00:00,Q,CP_MEUR,NSA,B1GQ,EL,2017-Q2,44229.1,
ESTAT:NAMQ_10_GDP(1.0),24/10/24 23:00:00,Q,CP_MEUR,NSA,B1GQ,EL,2017-Q3,47392.7,
ESTAT:NAMQ_10_GDP(1.0),24/10/24 23:00:00,Q,CP_MEUR,NSA,B1GQ,EL,2017-Q4,44760.7,
ESTAT:NAMQ_10_GDP(1.0),24/10/24 23:00:00,Q,CP_MEUR,NSA,B1GQ,EL,2018-Q1,41081.7,
ESTAT:NAMQ_10_GDP(1.0),24/10/24 23:00:00,Q,CP_MEUR,NSA,B1GQ,EL,2018-Q2,44856.5,
ESTAT:NAMQ_10_GDP(1.0),24/10/24 23:00:00,Q,CP_MEUR,NSA,B1GQ,EL,2018-Q3,48101.1,
ESTAT:NAMQ_10_GDP(1.0),24/10/24 23:00:00,Q,CP_MEUR,NSA,B1GQ,EL,2018-Q4,45518.4,
ESTAT:NAMQ_10_GDP(1.0),24/10/24 23:00:00,Q,CP_MEUR,NSA,B1GQ,EL,2019-Q1,41635.3,
ESTAT:NAMQ_10_GDP(1.0),24/10/24 23:00:00,Q,CP_MEUR,NSA,B1GQ,EL,2019-Q2,46096.0,
ESTAT:NAMQ_10_GDP(1.0),24/10/24 23:00:00,Q,CP_MEUR,NSA,B1GQ,EL,2019-Q3,49724.7,
ESTAT:NAMQ_10_GDP(1.0),24/10/24 23:00:00,Q,CP_MEUR,NSA,B1GQ,EL,2019-Q4,45891.4,
ESTAT:NAMQ_10_GDP(1.0),24/10/24 23:00:00,Q,CP_MEUR,NSA,B1GQ,EL,2020-Q1,40699.7,
ESTAT:NAMQ_10_GDP(1.0),24/10/24 23:00:00,Q,CP_MEUR,NSA,B1GQ,EL,2020-Q2,37885.5,
ESTAT:NAMQ_10_GDP(1.0),24/10/24 23:00:00,Q,CP_MEUR,NSA,B1GQ,EL,2020-Q3,44280.9,
ESTAT:NAMQ_10_GDP(1.0),24/10/24 23:00:00,Q,CP_MEUR,NSA,B1GQ,EL,2020-Q4,42149.7,
ESTAT:NAMQ_10_GDP(1.0),24/10/24 23:00:00,Q,CP_MEUR,NSA,B1GQ,EL,2021-Q1,39580.6,p
ESTAT:NAMQ_10_GDP(1.0),24/10/24 23:00:00,Q,CP_MEUR,NSA,B1GQ,EL,2021-Q2,43552.3,p
ESTAT:NAMQ_10_GDP(1.0),24/10/24 23:00:00,Q,CP_MEUR,NSA,B1GQ,EL,2021-Q3,50341.6,p
ESTAT:NAMQ_10_GDP(1.0),24/10/24 23:00:00,Q,CP_MEUR,NSA,B1GQ,EL,2021-Q4,48025.9,p
ESTAT:NAMQ_10_GDP(1.0),24/10/24 23:00:00,Q,CP_MEUR,NSA,B1GQ,EL,2022-Q1,46087.9,p
ESTAT:NAMQ_10_GDP(1.0),24/10/24 23:00:00,Q,CP_MEUR,NSA,B1GQ,EL,2022-Q2,50525.2,p
ESTAT:NAMQ_10_GDP(1.0),24/10/24 23:00:00,Q,CP_MEUR,NSA,B1GQ,EL,2022-Q3,56957.9,p
ESTAT:NAMQ_10_GDP(1.0),24/10/24 23:00:00,Q,CP_MEUR,NSA,B1GQ,EL,2022-Q4,53049.3,p
ESTAT:NAMQ_10_GDP(1.0),24/10/24 23:00:00,Q,CP_MEUR,NSA,B1GQ,EL,2023-Q1,49497.8,p
ESTAT:NAMQ_10_GDP(1.0),24/10/24 23:00:00,Q,CP_MEUR,NSA,B1GQ,EL,2023-Q2,54645.0,p
ESTAT:NAMQ_10_GDP(1.0),24/10/24 23:00:00,Q,CP_MEUR,NSA,B1GQ,EL,2023-Q3,60405.8,p
ESTAT:NAMQ_10_GDP(1.0),24/10/24 23:00:00,Q,CP_MEUR,NSA,B1GQ,EL,2023-Q4,55754.0,p
ESTAT:NAMQ_10_GDP(1.0),24/10/24 23:00:00,Q,CP_MEUR,NSA,B1GQ,EL,2024-Q1,51872.4,p
ESTAT:NAMQ_10_GDP(1.0),24/10/24 23:00:00,Q,CP_MEUR,NSA,B1GQ,EL,2024-Q2,57812.2,p
ESTAT:NAMQ_10_GDP(1.0),24/10/24 23:00:00,Q,CP_MEUR,NSA,B1GQ,ES,1995-Q1,109201.7,
ESTAT:NAMQ_10_GDP(1.0),24/10/24 23:00:00,Q,CP_MEUR,NSA,B1GQ,ES,1995-Q2,118545.9,
ESTAT:NAMQ_10_GDP(1.0),24/10/24 23:00:00,Q,CP_MEUR,NSA,B1GQ,ES,1995-Q3,115932.3,
ESTAT:NAMQ_10_GDP(1.0),24/10/24 23:00:00,Q,CP_MEUR,NSA,B1GQ,ES,1995-Q4,126388.4,
ESTAT:NAMQ_10_GDP(1.0),24/10/24 23:00:00,Q,CP_MEUR,NSA,B1GQ,ES,1996-Q1,120868.5,
ESTAT:NAMQ_10_GDP(1.0),24/10/24 23:00:00,Q,CP_MEUR,NSA,B1GQ,ES,1996-Q2,128276.5,
ESTAT:NAMQ_10_GDP(1.0),24/10/24 23:00:00,Q,CP_MEUR,NSA,B1GQ,ES,1996-Q3,123890.6,
ESTAT:NAMQ_10_GDP(1.0),24/10/24 23:00:00,Q,CP_MEUR,NSA,B1GQ,ES,1996-Q4,133000.9,
ESTAT:NAMQ_10_GDP(1.0),24/10/24 23:00:00,Q,CP_MEUR,NSA,B1GQ,ES,1997-Q1,122997.2,
ESTAT:NAMQ_10_GDP(1.0),24/10/24 23:00:00,Q,CP_MEUR,NSA,B1GQ,ES,1997-Q2,131170.7,
ESTAT:NAMQ_10_GDP(1.0),24/10/24 23:00:00,Q,CP_MEUR,NSA,B1GQ,ES,1997-Q3,126912.6,
ESTAT:NAMQ_10_GDP(1.0),24/10/24 23:00:00,Q,CP_MEUR,NSA,B1GQ,ES,1997-Q4,139439.7,
ESTAT:NAMQ_10_GDP(1.0),24/10/24 23:00:00,Q,CP_MEUR,NSA,B1GQ,ES,1998-Q1,129380.4,
ESTAT:NAMQ_10_GDP(1.0),24/10/24 23:00:00,Q,CP_MEUR,NSA,B1GQ,ES,1998-Q2,138943.1,
ESTAT:NAMQ_10_GDP(1.0),24/10/24 23:00:00,Q,CP_MEUR,NSA,B1GQ,ES,1998-Q3,135704.2,
ESTAT:NAMQ_10_GDP(1.0),24/10/24 23:00:00,Q,CP_MEUR,NSA,B1GQ,ES,1998-Q4,148909.1,
ESTAT:NAMQ_10_GDP(1.0),24/10/24 23:00:00,Q,CP_MEUR,NSA,B1GQ,ES,1999-Q1,140866.0,
ESTAT:NAMQ_10_GDP(1.0),24/10/24 23:00:00,Q,CP_MEUR,NSA,B1GQ,ES,1999-Q2,149764.0,
ESTAT:NAMQ_10_GDP(1.0),24/10/24 23:00:00,Q,CP_MEUR,NSA,B1GQ,ES,1999-Q3,145812.0,
ESTAT:NAMQ_10_GDP(1.0),24/10/24 23:00:00,Q,CP_MEUR,NSA,B1GQ,ES,1999-Q4,158800.0,
ESTAT:NAMQ_10_GDP(1.0),24/10/24 23:00:00,Q,CP_MEUR,NSA,B1GQ,ES,2000-Q1,153640.0,
ESTAT:NAMQ_10_GDP(1.0),24/10/24 23:00:00,Q,CP_MEUR,NSA,B1GQ,ES,2000-Q2,162868.0,
ESTAT:NAMQ_10_GDP(1.0),24/10/24 23:00:00,Q,CP_MEUR,NSA,B1GQ,ES,2000-Q3,158906.0,
ESTAT:NAMQ_10_GDP(1.0),24/10/24 23:00:00,Q,CP_MEUR,NSA,B1GQ,ES,2000-Q4,172155.0,
ESTAT:NAMQ_10_GDP(1.0),24/10/24 23:00:00,Q,CP_MEUR,NSA,B1GQ,ES,2001-Q1,166473.0,
ESTAT:NAMQ_10_GDP(1.0),24/10/24 23:00:00,Q,CP_MEUR,NSA,B1GQ,ES,2001-Q2,176507.0,
ESTAT:NAMQ_10_GDP(1.0),24/10/24 23:00:00,Q,CP_MEUR,NSA,B1GQ,ES,2001-Q3,171969.0,
ESTAT:NAMQ_10_GDP(1.0),24/10/24 23:00:00,Q,CP_MEUR,NSA,B1GQ,ES,2001-Q4,186009.0,
ESTAT:NAMQ_10_GDP(1.0),24/10/24 23:00:00,Q,CP_MEUR,NSA,B1GQ,ES,2002-Q1,177746.0,
ESTAT:NAMQ_10_GDP(1.0),24/10/24 23:00:00,Q,CP_MEUR,NSA,B1GQ,ES,2002-Q2,189869.0,
ESTAT:NAMQ_10_GDP(1.0),24/10/24 23:00:00,Q,CP_MEUR,NSA,B1GQ,ES,2002-Q3,183563.0,
ESTAT:NAMQ_10_GDP(1.0),24/10/24 23:00:00,Q,CP_MEUR,NSA,B1GQ,ES,2002-Q4,198566.0,
ESTAT:NAMQ_10_GDP(1.0),24/10/24 23:00:00,Q,CP_MEUR,NSA,B1GQ,ES,2003-Q1,190941.0,
ESTAT:NAMQ_10_GDP(1.0),24/10/24 23:00:00,Q,CP_MEUR,NSA,B1GQ,ES,2003-Q2,202900.0,
ESTAT:NAMQ_10_GDP(1.0),24/10/24 23:00:00,Q,CP_MEUR,NSA,B1GQ,ES,2003-Q3,196602.0,
ESTAT:NAMQ_10_GDP(1.0),24/10/24 23:00:00,Q,CP_MEUR,NSA,B1GQ,ES,2003-Q4,212240.0,
ESTAT:NAMQ_10_GDP(1.0),24/10/24 23:00:00,Q,CP_MEUR,NSA,B1GQ,ES,2004-Q1,203881.0,
ESTAT:NAMQ_10_GDP(1.0),24/10/24 23:00:00,Q,CP_MEUR,NSA,B1GQ,ES,2004-Q2,217312.0,
ESTAT:NAMQ_10_GDP(1.0),24/10/24 23:00:00,Q,CP_MEUR,NSA,B1GQ,ES,2004-Q3,210604.0,
ESTAT:NAMQ_10_GDP(1.0),24/10/24 23:00:00,Q,CP_MEUR,NSA,B1GQ,ES,2004-Q4,228262.0,
ESTAT:NAMQ_10_GDP(1.0),24/10/24 23:00:00,Q,CP_MEUR,NSA,B1GQ,ES,2005-Q1,219830.0,
ESTAT:NAMQ_10_GDP(1.0),24/10/24 23:00:00,Q,CP_MEUR,NSA,B1GQ,ES,2005-Q2,235268.0,
ESTAT:NAMQ_10_GDP(1.0),24/10/24 23:00:00,Q,CP_MEUR,NSA,B1GQ,ES,2005-Q3,226879.0,
ESTAT:NAMQ_10_GDP(1.0),24/10/24 23:00:00,Q,CP_MEUR,NSA,B1GQ,ES,2005-Q4,246145.0,
ESTAT:NAMQ_10_GDP(1.0),24/10/24 23:00:00,Q,CP_MEUR,NSA,B1GQ,ES,2006-Q1,238537.0,
ESTAT:NAMQ_10_GDP(1.0),24/10/24 23:00:00,Q,CP_MEUR,NSA,B1GQ,ES,2006-Q2,254453.0,
ESTAT:NAMQ_10_GDP(1.0),24/10/24 23:00:00,Q,CP_MEUR,NSA,B1GQ,ES,2006-Q3,245333.0,
ESTAT:NAMQ_10_GDP(1.0),24/10/24 23:00:00,Q,CP_MEUR,NSA,B1GQ,ES,2006-Q4,266653.0,
ESTAT:NAMQ_10_GDP(1.0),24/10/24 23:00:00,Q,CP_MEUR,NSA,B1GQ,ES,2007-Q1,256655.0,
ESTAT:NAMQ_10_GDP(1.0),24/10/24 23:00:00,Q,CP_MEUR,NSA,B1GQ,ES,2007-Q2,273252.0,
ESTAT:NAMQ_10_GDP(1.0),24/10/24 23:00:00,Q,CP_MEUR,NSA,B1GQ,ES,2007-Q3,261431.0,
ESTAT:NAMQ_10_GDP(1.0),24/10/24 23:00:00,Q,CP_MEUR,NSA,B1GQ,ES,2007-Q4,286203.0,
ESTAT:NAMQ_10_GDP(1.0),24/10/24 23:00:00,Q,CP_MEUR,NSA,B1GQ,ES,2008-Q1,268484.0,
ESTAT:NAMQ_10_GDP(1.0),24/10/24 23:00:00,Q,CP_MEUR,NSA,B1GQ,ES,2008-Q2,285886.0,
ESTAT:NAMQ_10_GDP(1.0),24/10/24 23:00:00,Q,CP_MEUR,NSA,B1GQ,ES,2008-Q3,270562.0,
ESTAT:NAMQ_10_GDP(1.0),24/10/24 23:00:00,Q,CP_MEUR,NSA,B1GQ,ES,2008-Q4,287500.0,
ESTAT:NAMQ_10_GDP(1.0),24/10/24 23:00:00,Q,CP_MEUR,NSA,B1GQ,ES,2009-Q1,258858.0,
ESTAT:NAMQ_10_GDP(1.0),24/10/24 23:00:00,Q,CP_MEUR,NSA,B1GQ,ES,2009-Q2,273102.0,
ESTAT:NAMQ_10_GDP(1.0),24/10/24 23:00:00,Q,CP_MEUR,NSA,B1GQ,ES,2009-Q3,261523.0,
ESTAT:NAMQ_10_GDP(1.0),24/10/24 23:00:00,Q,CP_MEUR,NSA,B1GQ,ES,2009-Q4,279507.0,
ESTAT:NAMQ_10_GDP(1.0),24/10/24 23:00:00,Q,CP_MEUR,NSA,B1GQ,ES,2010-Q1,258497.0,
ESTAT:NAMQ_10_GDP(1.0),24/10/24 23:00:00,Q,CP_MEUR,NSA,B1GQ,ES,2010-Q2,274672.0,
ESTAT:NAMQ_10_GDP(1.0),24/10/24 23:00:00,Q,CP_MEUR,NSA,B1GQ,ES,2010-Q3,262797.0,
ESTAT:NAMQ_10_GDP(1.0),24/10/24 23:00:00,Q,CP_MEUR,NSA,B1GQ,ES,2010-Q4,281179.0,
ESTAT:NAMQ_10_GDP(1.0),24/10/24 23:00:00,Q,CP_MEUR,NSA,B1GQ,ES,2011-Q1,259859.0,
ESTAT:NAMQ_10_GDP(1.0),24/10/24 23:00:00,Q,CP_MEUR,NSA,B1GQ,ES,2011-Q2,273834.0,
ESTAT:NAMQ_10_GDP(1.0),24/10/24 23:00:00,Q,CP_MEUR,NSA,B1GQ,ES,2011-Q3,260659.0,
ESTAT:NAMQ_10_GDP(1.0),24/10/24 23:00:00,Q,CP_MEUR,NSA,B1GQ,ES,2011-Q4,274338.0,
ESTAT:NAMQ_10_GDP(1.0),24/10/24 23:00:00,Q,CP_MEUR,NSA,B1GQ,ES,2012-Q1,253430.0,
ESTAT:NAMQ_10_GDP(1.0),24/10/24 23:00:00,Q,CP_MEUR,NSA,B1GQ,ES,2012-Q2,263824.0,
ESTAT:NAMQ_10_GDP(1.0),24/10/24 23:00:00,Q,CP_MEUR,NSA,B1GQ,ES,2012-Q3,254494.0,
ESTAT:NAMQ_10_GDP(1.0),24/10/24 23:00:00,Q,CP_MEUR,NSA,B1GQ,ES,2012-Q4,264216.0,
ESTAT:NAMQ_10_GDP(1.0),24/10/24 23:00:00,Q,CP_MEUR,NSA,B1GQ,ES,2013-Q1,248047.0,
ESTAT:NAMQ_10_GDP(1.0),24/10/24 23:00:00,Q,CP_MEUR,NSA,B1GQ,ES,2013-Q2,260643.0,
ESTAT:NAMQ_10_GDP(1.0),24/10/24 23:00:00,Q,CP_MEUR,NSA,B1GQ,ES,2013-Q3,252520.0,
ESTAT:NAMQ_10_GDP(1.0),24/10/24 23:00:00,Q,CP_MEUR,NSA,B1GQ,ES,2013-Q4,264442.0,
ESTAT:NAMQ_10_GDP(1.0),24/10/24 23:00:00,Q,CP_MEUR,NSA,B1GQ,ES,2014-Q1,249575.0,
ESTAT:NAMQ_10_GDP(1.0),24/10/24 23:00:00,Q,CP_MEUR,NSA,B1GQ,ES,2014-Q2,262465.0,
ESTAT:NAMQ_10_GDP(1.0),24/10/24 23:00:00,Q,CP_MEUR,NSA,B1GQ,ES,2014-Q3,256469.0,
ESTAT:NAMQ_10_GDP(1.0),24/10/24 23:00:00,Q,CP_MEUR,NSA,B1GQ,ES,2014-Q4,270440.0,
ESTAT:NAMQ_10_GDP(1.0),24/10/24 23:00:00,Q,CP_MEUR,NSA,B1GQ,ES,2015-Q1,259359.0,
ESTAT:NAMQ_10_GDP(1.0),24/10/24 23:00:00,Q,CP_MEUR,NSA,B1GQ,ES,2015-Q2,274602.0,
ESTAT:NAMQ_10_GDP(1.0),24/10/24 23:00:00,Q,CP_MEUR,NSA,B1GQ,ES,2015-Q3,268782.0,
ESTAT:NAMQ_10_GDP(1.0),24/10/24 23:00:00,Q,CP_MEUR,NSA,B1GQ,ES,2015-Q4,284369.0,
ESTAT:NAMQ_10_GDP(1.0),24/10/24 23:00:00,Q,CP_MEUR,NSA,B1GQ,ES,2016-Q1,268209.0,
ESTAT:NAMQ_10_GDP(1.0),24/10/24 23:00:00,Q,CP_MEUR,NSA,B1GQ,ES,2016-Q2,284198.0,
ESTAT:NAMQ_10_GDP(1.0),24/10/24 23:00:00,Q,CP_MEUR,NSA,B1GQ,ES,2016-Q3,277911.0,
ESTAT:NAMQ_10_GDP(1.0),24/10/24 23:00:00,Q,CP_MEUR,NSA,B1GQ,ES,2016-Q4,292649.0,
ESTAT:NAMQ_10_GDP(1.0),24/10/24 23:00:00,Q,CP_MEUR,NSA,B1GQ,ES,2017-Q1,278500.0,
ESTAT:NAMQ_10_GDP(1.0),24/10/24 23:00:00,Q,CP_MEUR,NSA,B1GQ,ES,2017-Q2,296216.0,
ESTAT:NAMQ_10_GDP(1.0),24/10/24 23:00:00,Q,CP_MEUR,NSA,B1GQ,ES,2017-Q3,289397.0,
ESTAT:NAMQ_10_GDP(1.0),24/10/24 23:00:00,Q,CP_MEUR,NSA,B1GQ,ES,2017-Q4,305911.0,
ESTAT:NAMQ_10_GDP(1.0),24/10/24 23:00:00,Q,CP_MEUR,NSA,B1GQ,ES,2018-Q1,288568.0,
ESTAT:NAMQ_10_GDP(1.0),24/10/24 23:00:00,Q,CP_MEUR,NSA,B1GQ,ES,2018-Q2,307152.0,
ESTAT:NAMQ_10_GDP(1.0),24/10/24 23:00:00,Q,CP_MEUR,NSA,B1GQ,ES,2018-Q3,299180.0,
ESTAT:NAMQ_10_GDP(1.0),24/10/24 23:00:00,Q,CP_MEUR,NSA,B1GQ,ES,2018-Q4,317376.0,
ESTAT:NAMQ_10_GDP(1.0),24/10/24 23:00:00,Q,CP_MEUR,NSA,B1GQ,ES,2019-Q1,301178.0,
ESTAT:NAMQ_10_GDP(1.0),24/10/24 23:00:00,Q,CP_MEUR,NSA,B1GQ,ES,2019-Q2,317802.0,
ESTAT:NAMQ_10_GDP(1.0),24/10/24 23:00:00,Q,CP_MEUR,NSA,B1GQ,ES,2019-Q3,308032.0,
ESTAT:NAMQ_10_GDP(1.0),24/10/24 23:00:00,Q,CP_MEUR,NSA,B1GQ,ES,2019-Q4,326698.0,
ESTAT:NAMQ_10_GDP(1.0),24/10/24 23:00:00,Q,CP_MEUR,NSA,B1GQ,ES,2020-Q1,290779.0,
ESTAT:NAMQ_10_GDP(1.0),24/10/24 23:00:00,Q,CP_MEUR,NSA,B1GQ,ES,2020-Q2,252148.0,
ESTAT:NAMQ_10_GDP(1.0),24/10/24 23:00:00,Q,CP_MEUR,NSA,B1GQ,ES,2020-Q3,283890.0,
ESTAT:NAMQ_10_GDP(1.0),24/10/24 23:00:00,Q,CP_MEUR,NSA,B1GQ,ES,2020-Q4,302397.0,
ESTAT:NAMQ_10_GDP(1.0),24/10/24 23:00:00,Q,CP_MEUR,NSA,B1GQ,ES,2021-Q1,284971.0,
ESTAT:NAMQ_10_GDP(1.0),24/10/24 23:00:00,Q,CP_MEUR,NSA,B1GQ,ES,2021-Q2,306581.0,
ESTAT:NAMQ_10_GDP(1.0),24/10/24 23:00:00,Q,CP_MEUR,NSA,B1GQ,ES,2021-Q3,307204.0,
ESTAT:NAMQ_10_GDP(1.0),24/10/24 23:00:00,Q,CP_MEUR,NSA,B1GQ,ES,2021-Q4,336718.0,
ESTAT:NAMQ_10_GDP(1.0),24/10/24 23:00:00,Q,CP_MEUR,NSA,B1GQ,ES,2022-Q1,320121.0,p
ESTAT:NAMQ_10_GDP(1.0),24/10/24 23:00:00,Q,CP_MEUR,NSA,B1GQ,ES,2022-Q2,343673.0,p
ESTAT:NAMQ_10_GDP(1.0),24/10/24 23:00:00,Q,CP_MEUR,NSA,B1GQ,ES,2022-Q3,341733.0,p
ESTAT:NAMQ_10_GDP(1.0),24/10/24 23:00:00,Q,CP_MEUR,NSA,B1GQ,ES,2022-Q4,368102.0,p
ESTAT:NAMQ_10_GDP(1.0),24/10/24 23:00:00,Q,CP_MEUR,NSA,B1GQ,ES,2023-Q1,356732.0,p
ESTAT:NAMQ_10_GDP(1.0),24/10/24 23:00:00,Q,CP_MEUR,NSA,B1GQ,ES,2023-Q2,375898.0,p
ESTAT:NAMQ_10_GDP(1.0),24/10/24 23:00:00,Q,CP_MEUR,NSA,B1GQ,ES,2023-Q3,369626.0,p
ESTAT:NAMQ_10_GDP(1.0),24/10/24 23:00:00,Q,CP_MEUR,NSA,B1GQ,ES,2023-Q4,396068.0,p
ESTAT:NAMQ_10_GDP(1.0),24/10/24 23:00:00,Q,CP_MEUR,NSA,B1GQ,ES,2024-Q1,377772.0,p
ESTAT:NAMQ_10_GDP(1.0),24/10/24 23:00:00,Q,CP_MEUR,NSA,B1GQ,ES,2024-Q2,400306.0,p
ESTAT:NAMQ_10_GDP(1.0),24/10/24 23:00:00,Q,CP_MEUR,NSA,B1GQ,EU27_2020,1995-Q1,1518253.3,
ESTAT:NAMQ_10_GDP(1.0),24/10/24 23:00:00,Q,CP_MEUR,NSA,B1GQ,EU27_2020,1995-Q2,1570086.2,
ESTAT:NAMQ_10_GDP(1.0),24/10/24 23:00:00,Q,CP_MEUR,NSA,B1GQ,EU27_2020,1995-Q3,1577255.2,
ESTAT:NAMQ_10_GDP(1.0),24/10/24 23:00:00,Q,CP_MEUR,NSA,B1GQ,EU27_2020,1995-Q4,1675672.1,
ESTAT:NAMQ_10_GDP(1.0),24/10/24 23:00:00,Q,CP_MEUR,NSA,B1GQ,EU27_2020,1996-Q1,1592785.9,
ESTAT:NAMQ_10_GDP(1.0),24/10/24 23:00:00,Q,CP_MEUR,NSA,B1GQ,EU27_2020,1996-Q2,1652003.8,
ESTAT:NAMQ_10_GDP(1.0),24/10/24 23:00:00,Q,CP_MEUR,NSA,B1GQ,EU27_2020,1996-Q3,1654746.1,
ESTAT:NAMQ_10_GDP(1.0),24/10/24 23:00:00,Q,CP_MEUR,NSA,B1GQ,EU27_2020,1996-Q4,1740577.5,
ESTAT:NAMQ_10_GDP(1.0),24/10/24 23:00:00,Q,CP_MEUR,NSA,B1GQ,EU27_2020,1997-Q1,1618503.9,
ESTAT:NAMQ_10_GDP(1.0),24/10/24 23:00:00,Q,CP_MEUR,NSA,B1GQ,EU27_2020,1997-Q2,1700669.9,
ESTAT:NAMQ_10_GDP(1.0),24/10/24 23:00:00,Q,CP_MEUR,NSA,B1GQ,EU27_2020,1997-Q3,1697236.8,
ESTAT:NAMQ_10_GDP(1.0),24/10/24 23:00:00,Q,CP_MEUR,NSA,B1GQ,EU27_2020,1997-Q4,1806835.0,
ESTAT:NAMQ_10_GDP(1.0),24/10/24 23:00:00,Q,CP_MEUR,NSA,B1GQ,EU27_2020,1998-Q1,1697075.6,
ESTAT:NAMQ_10_GDP(1.0),24/10/24 23:00:00,Q,CP_MEUR,NSA,B1GQ,EU27_2020,1998-Q2,1766603.7,
ESTAT:NAMQ_10_GDP(1.0),24/10/24 23:00:00,Q,CP_MEUR,NSA,B1GQ,EU27_2020,1998-Q3,1770594.4,
ESTAT:NAMQ_10_GDP(1.0),24/10/24 23:00:00,Q,CP_MEUR,NSA,B1GQ,EU27_2020,1998-Q4,1879088.3,
ESTAT:NAMQ_10_GDP(1.0),24/10/24 23:00:00,Q,CP_MEUR,NSA,B1GQ,EU27_2020,1999-Q1,1768350.7,
ESTAT:NAMQ_10_GDP(1.0),24/10/24 23:00:00,Q,CP_MEUR,NSA,B1GQ,EU27_2020,1999-Q2,1842228.2,
ESTAT:NAMQ_10_GDP(1.0),24/10/24 23:00:00,Q,CP_MEUR,NSA,B1GQ,EU27_2020,1999-Q3,1854031.1,
ESTAT:NAMQ_10_GDP(1.0),24/10/24 23:00:00,Q,CP_MEUR,NSA,B1GQ,EU27_2020,1999-Q4,1978209.8,
ESTAT:NAMQ_10_GDP(1.0),24/10/24 23:00:00,Q,CP_MEUR,NSA,B1GQ,EU27_2020,2000-Q1,1884797.3,
ESTAT:NAMQ_10_GDP(1.0),24/10/24 23:00:00,Q,CP_MEUR,NSA,B1GQ,EU27_2020,2000-Q2,1957838.1,
ESTAT:NAMQ_10_GDP(1.0),24/10/24 23:00:00,Q,CP_MEUR,NSA,B1GQ,EU27_2020,2000-Q3,1959529.9,
ESTAT:NAMQ_10_GDP(1.0),24/10/24 23:00:00,Q,CP_MEUR,NSA,B1GQ,EU27_2020,2000-Q4,2082807.2,
ESTAT:NAMQ_10_GDP(1.0),24/10/24 23:00:00,Q,CP_MEUR,NSA,B1GQ,EU27_2020,2001-Q1,1985397.1,
ESTAT:NAMQ_10_GDP(1.0),24/10/24 23:00:00,Q,CP_MEUR,NSA,B1GQ,EU27_2020,2001-Q2,2058916.6,
ESTAT:NAMQ_10_GDP(1.0),24/10/24 23:00:00,Q,CP_MEUR,NSA,B1GQ,EU27_2020,2001-Q3,2045316.1,
ESTAT:NAMQ_10_GDP(1.0),24/10/24 23:00:00,Q,CP_MEUR,NSA,B1GQ,EU27_2020,2001-Q4,2170656.7,
ESTAT:NAMQ_10_GDP(1.0),24/10/24 23:00:00,Q,CP_MEUR,NSA,B1GQ,EU27_2020,2002-Q1,2048604.2,
ESTAT:NAMQ_10_GDP(1.0),24/10/24 23:00:00,Q,CP_MEUR,NSA,B1GQ,EU27_2020,2002-Q2,2134123.2,
ESTAT:NAMQ_10_GDP(1.0),24/10/24 23:00:00,Q,CP_MEUR,NSA,B1GQ,EU27_2020,2002-Q3,2130781.8,
ESTAT:NAMQ_10_GDP(1.0),24/10/24 23:00:00,Q,CP_MEUR,NSA,B1GQ,EU27_2020,2002-Q4,2246106.2,
ESTAT:NAMQ_10_GDP(1.0),24/10/24 23:00:00,Q,CP_MEUR,NSA,B1GQ,EU27_2020,2003-Q1,2108383.9,
ESTAT:NAMQ_10_GDP(1.0),24/10/24 23:00:00,Q,CP_MEUR,NSA,B1GQ,EU27_2020,2003-Q2,2180219.7,
ESTAT:NAMQ_10_GDP(1.0),24/10/24 23:00:00,Q,CP_MEUR,NSA,B1GQ,EU27_2020,2003-Q3,2191130.8,
ESTAT:NAMQ_10_GDP(1.0),24/10/24 23:00:00,Q,CP_MEUR,NSA,B1GQ,EU27_2020,2003-Q4,2312976.3,
ESTAT:NAMQ_10_GDP(1.0),24/10/24 23:00:00,Q,CP_MEUR,NSA,B1GQ,EU27_2020,2004-Q1,2193532.8,
ESTAT:NAMQ_10_GDP(1.0),24/10/24 23:00:00,Q,CP_MEUR,NSA,B1GQ,EU27_2020,2004-Q2,2288602.2,
ESTAT:NAMQ_10_GDP(1.0),24/10/24 23:00:00,Q,CP_MEUR,NSA,B1GQ,EU27_2020,2004-Q3,2286797.7,
ESTAT:NAMQ_10_GDP(1.0),24/10/24 23:00:00,Q,CP_MEUR,NSA,B1GQ,EU27_2020,2004-Q4,2426813.1,
ESTAT:NAMQ_10_GDP(1.0),24/10/24 23:00:00,Q,CP_MEUR,NSA,B1GQ,EU27_2020,2005-Q1,2282402.1,
ESTAT:NAMQ_10_GDP(1.0),24/10/24 23:00:00,Q,CP_MEUR,NSA,B1GQ,EU27_2020,2005-Q2,2395394.1,
ESTAT:NAMQ_10_GDP(1.0),24/10/24 23:00:00,Q,CP_MEUR,NSA,B1GQ,EU27_2020,2005-Q3,2388727.6,
ESTAT:NAMQ_10_GDP(1.0),24/10/24 23:00:00,Q,CP_MEUR,NSA,B1GQ,EU27_2020,2005-Q4,2533561.2,
ESTAT:NAMQ_10_GDP(1.0),24/10/24 23:00:00,Q,CP_MEUR,NSA,B1GQ,EU27_2020,2006-Q1,2418051.3,
ESTAT:NAMQ_10_GDP(1.0),24/10/24 23:00:00,Q,CP_MEUR,NSA,B1GQ,EU27_2020,2006-Q2,2524908.9,
ESTAT:NAMQ_10_GDP(1.0),24/10/24 23:00:00,Q,CP_MEUR,NSA,B1GQ,EU27_2020,2006-Q3,2523319.8,
ESTAT:NAMQ_10_GDP(1.0),24/10/24 23:00:00,Q,CP_MEUR,NSA,B1GQ,EU27_2020,2006-Q4,2694520.6,
ESTAT:NAMQ_10_GDP(1.0),24/10/24 23:00:00,Q,CP_MEUR,NSA,B1GQ,EU27_2020,2007-Q1,2576492.2,
ESTAT:NAMQ_10_GDP(1.0),24/10/24 23:00:00,Q,CP_MEUR,NSA,B1GQ,EU27_2020,2007-Q2,2681373.7,
ESTAT:NAMQ_10_GDP(1.0),24/10/24 23:00:00,Q,CP_MEUR,NSA,B1GQ,EU27_2020,2007-Q3,2678276.6,
ESTAT:NAMQ_10_GDP(1.0),24/10/24 23:00:00,Q,CP_MEUR,NSA,B1GQ,EU27_2020,2007-Q4,2852211.8,
ESTAT:NAMQ_10_GDP(1.0),24/10/24 23:00:00,Q,CP_MEUR,NSA,B1GQ,EU27_2020,2008-Q1,2694601.4,
ESTAT:NAMQ_10_GDP(1.0),24/10/24 23:00:00,Q,CP_MEUR,NSA,B1GQ,EU27_2020,2008-Q2,2814453.9,
ESTAT:NAMQ_10_GDP(1.0),24/10/24 23:00:00,Q,CP_MEUR,NSA,B1GQ,EU27_2020,2008-Q3,2784552.8,
ESTAT:NAMQ_10_GDP(1.0),24/10/24 23:00:00,Q,CP_MEUR,NSA,B1GQ,EU27_2020,2008-Q4,2843637.7,
ESTAT:NAMQ_10_GDP(1.0),24/10/24 23:00:00,Q,CP_MEUR,NSA,B1GQ,EU27_2020,2009-Q1,2557247.4,
ESTAT:NAMQ_10_GDP(1.0),24/10/24 23:00:00,Q,CP_MEUR,NSA,B1GQ,EU27_2020,2009-Q2,2642666.7,
ESTAT:NAMQ_10_GDP(1.0),24/10/24 23:00:00,Q,CP_MEUR,NSA,B1GQ,EU27_2020,2009-Q3,2653376.4,
ESTAT:NAMQ_10_GDP(1.0),24/10/24 23:00:00,Q,CP_MEUR,NSA,B1GQ,EU27_2020,2009-Q4,2798458.8,
ESTAT:NAMQ_10_GDP(1.0),24/10/24 23:00:00,Q,CP_MEUR,NSA,B1GQ,EU27_2020,2010-Q1,2625018.9,
ESTAT:NAMQ_10_GDP(1.0),24/10/24 23:00:00,Q,CP_MEUR,NSA,B1GQ,EU27_2020,2010-Q2,2750982.9,
ESTAT:NAMQ_10_GDP(1.0),24/10/24 23:00:00,Q,CP_MEUR,NSA,B1GQ,EU27_2020,2010-Q3,2761030.3,
ESTAT:NAMQ_10_GDP(1.0),24/10/24 23:00:00,Q,CP_MEUR,NSA,B1GQ,EU27_2020,2010-Q4,2911389.0,
ESTAT:NAMQ_10_GDP(1.0),24/10/24 23:00:00,Q,CP_MEUR,NSA,B1GQ,EU27_2020,2011-Q1,2760215.1,
ESTAT:NAMQ_10_GDP(1.0),24/10/24 23:00:00,Q,CP_MEUR,NSA,B1GQ,EU27_2020,2011-Q2,2856281.2,
ESTAT:NAMQ_10_GDP(1.0),24/10/24 23:00:00,Q,CP_MEUR,NSA,B1GQ,EU27_2020,2011-Q3,2841445.4,
ESTAT:NAMQ_10_GDP(1.0),24/10/24 23:00:00,Q,CP_MEUR,NSA,B1GQ,EU27_2020,2011-Q4,2950518.0,
ESTAT:NAMQ_10_GDP(1.0),24/10/24 23:00:00,Q,CP_MEUR,NSA,B1GQ,EU27_2020,2012-Q1,2783441.6,
ESTAT:NAMQ_10_GDP(1.0),24/10/24 23:00:00,Q,CP_MEUR,NSA,B1GQ,EU27_2020,2012-Q2,2853127.3,
ESTAT:NAMQ_10_GDP(1.0),24/10/24 23:00:00,Q,CP_MEUR,NSA,B1GQ,EU27_2020,2012-Q3,2858830.4,
ESTAT:NAMQ_10_GDP(1.0),24/10/24 23:00:00,Q,CP_MEUR,NSA,B1GQ,EU27_2020,2012-Q4,2972393.1,
ESTAT:NAMQ_10_GDP(1.0),24/10/24 23:00:00,Q,CP_MEUR,NSA,B1GQ,EU27_2020,2013-Q1,2777710.7,
ESTAT:NAMQ_10_GDP(1.0),24/10/24 23:00:00,Q,CP_MEUR,NSA,B1GQ,EU27_2020,2013-Q2,2894016.8,
ESTAT:NAMQ_10_GDP(1.0),24/10/24 23:00:00,Q,CP_MEUR,NSA,B1GQ,EU27_2020,2013-Q3,2901095.2,
ESTAT:NAMQ_10_GDP(1.0),24/10/24 23:00:00,Q,CP_MEUR,NSA,B1GQ,EU27_2020,2013-Q4,3022550.8,
ESTAT:NAMQ_10_GDP(1.0),24/10/24 23:00:00,Q,CP_MEUR,NSA,B1GQ,EU27_2020,2014-Q1,2850636.1,
ESTAT:NAMQ_10_GDP(1.0),24/10/24 23:00:00,Q,CP_MEUR,NSA,B1GQ,EU27_2020,2014-Q2,2950498.6,
ESTAT:NAMQ_10_GDP(1.0),24/10/24 23:00:00,Q,CP_MEUR,NSA,B1GQ,EU27_2020,2014-Q3,2967611.4,
ESTAT:NAMQ_10_GDP(1.0),24/10/24 23:00:00,Q,CP_MEUR,NSA,B1GQ,EU27_2020,2014-Q4,3099386.0,
ESTAT:NAMQ_10_GDP(1.0),24/10/24 23:00:00,Q,CP_MEUR,NSA,B1GQ,EU27_2020,2015-Q1,2941273.4,
ESTAT:NAMQ_10_GDP(1.0),24/10/24 23:00:00,Q,CP_MEUR,NSA,B1GQ,EU27_2020,2015-Q2,3061228.7,
ESTAT:NAMQ_10_GDP(1.0),24/10/24 23:00:00,Q,CP_MEUR,NSA,B1GQ,EU27_2020,2015-Q3,3077096.0,
ESTAT:NAMQ_10_GDP(1.0),24/10/24 23:00:00,Q,CP_MEUR,NSA,B1GQ,EU27_2020,2015-Q4,3227569.3,
ESTAT:NAMQ_10_GDP(1.0),24/10/24 23:00:00,Q,CP_MEUR,NSA,B1GQ,EU27_2020,2016-Q1,3027721.7,
ESTAT:NAMQ_10_GDP(1.0),24/10/24 23:00:00,Q,CP_MEUR,NSA,B1GQ,EU27_2020,2016-Q2,3159917.0,
ESTAT:NAMQ_10_GDP(1.0),24/10/24 23:00:00,Q,CP_MEUR,NSA,B1GQ,EU27_2020,2016-Q3,3148983.6,
ESTAT:NAMQ_10_GDP(1.0),24/10/24 23:00:00,Q,CP_MEUR,NSA,B1GQ,EU27_2020,2016-Q4,3303876.1,
ESTAT:NAMQ_10_GDP(1.0),24/10/24 23:00:00,Q,CP_MEUR,NSA,B1GQ,EU27_2020,2017-Q1,3153327.1,
ESTAT:NAMQ_10_GDP(1.0),24/10/24 23:00:00,Q,CP_MEUR,NSA,B1GQ,EU27_2020,2017-Q2,3269140.2,
ESTAT:NAMQ_10_GDP(1.0),24/10/24 23:00:00,Q,CP_MEUR,NSA,B1GQ,EU27_2020,2017-Q3,3287205.5,
ESTAT:NAMQ_10_GDP(1.0),24/10/24 23:00:00,Q,CP_MEUR,NSA,B1GQ,EU27_2020,2017-Q4,3458667.6,
ESTAT:NAMQ_10_GDP(1.0),24/10/24 23:00:00,Q,CP_MEUR,NSA,B1GQ,EU27_2020,2018-Q1,3274177.0,
ESTAT:NAMQ_10_GDP(1.0),24/10/24 23:00:00,Q,CP_MEUR,NSA,B1GQ,EU27_2020,2018-Q2,3387649.0,
ESTAT:NAMQ_10_GDP(1.0),24/10/24 23:00:00,Q,CP_MEUR,NSA,B1GQ,EU27_2020,2018-Q3,3389687.6,
ESTAT:NAMQ_10_GDP(1.0),24/10/24 23:00:00,Q,CP_MEUR,NSA,B1GQ,EU27_2020,2018-Q4,3576852.1,
ESTAT:NAMQ_10_GDP(1.0),24/10/24 23:00:00,Q,CP_MEUR,NSA,B1GQ,EU27_2020,2019-Q1,3391584.8,
ESTAT:NAMQ_10_GDP(1.0),24/10/24 23:00:00,Q,CP_MEUR,NSA,B1GQ,EU27_2020,2019-Q2,3508710.5,
ESTAT:NAMQ_10_GDP(1.0),24/10/24 23:00:00,Q,CP_MEUR,NSA,B1GQ,EU27_2020,2019-Q3,3530784.2,
ESTAT:NAMQ_10_GDP(1.0),24/10/24 23:00:00,Q,CP_MEUR,NSA,B1GQ,EU27_2020,2019-Q4,3691911.2,
ESTAT:NAMQ_10_GDP(1.0),24/10/24 23:00:00,Q,CP_MEUR,NSA,B1GQ,EU27_2020,2020-Q1,3384832.6,
ESTAT:NAMQ_10_GDP(1.0),24/10/24 23:00:00,Q,CP_MEUR,NSA,B1GQ,EU27_2020,2020-Q2,3119554.5,
ESTAT:NAMQ_10_GDP(1.0),24/10/24 23:00:00,Q,CP_MEUR,NSA,B1GQ,EU27_2020,2020-Q3,3441192.7,
ESTAT:NAMQ_10_GDP(1.0),24/10/24 23:00:00,Q,CP_MEUR,NSA,B1GQ,EU27_2020,2020-Q4,3634693.1,
ESTAT:NAMQ_10_GDP(1.0),24/10/24 23:00:00,Q,CP_MEUR,NSA,B1GQ,EU27_2020,2021-Q1,3445974.7,
ESTAT:NAMQ_10_GDP(1.0),24/10/24 23:00:00,Q,CP_MEUR,NSA,B1GQ,EU27_2020,2021-Q2,3634465.2,
ESTAT:NAMQ_10_GDP(1.0),24/10/24 23:00:00,Q,CP_MEUR,NSA,B1GQ,EU27_2020,2021-Q3,3741481.5,
ESTAT:NAMQ_10_GDP(1.0),24/10/24 23:00:00,Q,CP_MEUR,NSA,B1GQ,EU27_2020,2021-Q4,3972435.0,
ESTAT:NAMQ_10_GDP(1.0),24/10/24 23:00:00,Q,CP_MEUR,NSA,B1GQ,EU27_2020,2022-Q1,3805391.7,
ESTAT:NAMQ_10_GDP(1.0),24/10/24 23:00:00,Q,CP_MEUR,NSA,B1GQ,EU27_2020,2022-Q2,3994825.3,
ESTAT:NAMQ_10_GDP(1.0),24/10/24 23:00:00,Q,CP_MEUR,NSA,B1GQ,EU27_2020,2022-Q3,4064624.1,
ESTAT:NAMQ_10_GDP(1.0),24/10/24 23:00:00,Q,CP_MEUR,NSA,B1GQ,EU27_2020,2022-Q4,4278886.4,
ESTAT:NAMQ_10_GDP(1.0),24/10/24 23:00:00,Q,CP_MEUR,NSA,B1GQ,EU27_2020,2023-Q1,4125461.5,
ESTAT:NAMQ_10_GDP(1.0),24/10/24 23:00:00,Q,CP_MEUR,NSA,B1GQ,EU27_2020,2023-Q2,4265649.4,
ESTAT:NAMQ_10_GDP(1.0),24/10/24 23:00:00,Q,CP_MEUR,NSA,B1GQ,EU27_2020,2023-Q3,4289025.5,
ESTAT:NAMQ_10_GDP(1.0),24/10/24 23:00:00,Q,CP_MEUR,NSA,B1GQ,EU27_2020,2023-Q4,4513616.4,
ESTAT:NAMQ_10_GDP(1.0),24/10/24 23:00:00,Q,CP_MEUR,NSA,B1GQ,EU27_2020,2024-Q1,4297413.0,
ESTAT:NAMQ_10_GDP(1.0),24/10/24 23:00:00,Q,CP_MEUR,NSA,B1GQ,EU27_2020,2024-Q2,4444664.1,
ESTAT:NAMQ_10_GDP(1.0),24/10/24 23:00:00,Q,CP_MEUR,NSA,B1GQ,FI,1990-Q1,26700.7,
ESTAT:NAMQ_10_GDP(1.0),24/10/24 23:00:00,Q,CP_MEUR,NSA,B1GQ,FI,1990-Q2,28142.6,
ESTAT:NAMQ_10_GDP(1.0),24/10/24 23:00:00,Q,CP_MEUR,NSA,B1GQ,FI,1990-Q3,27579.8,
ESTAT:NAMQ_10_GDP(1.0),24/10/24 23:00:00,Q,CP_MEUR,NSA,B1GQ,FI,1990-Q4,28961.6,
ESTAT:NAMQ_10_GDP(1.0),24/10/24 23:00:00,Q,CP_MEUR,NSA,B1GQ,FI,1991-Q1,25053.5,
ESTAT:NAMQ_10_GDP(1.0),24/10/24 23:00:00,Q,CP_MEUR,NSA,B1GQ,FI,1991-Q2,26886.7,
ESTAT:NAMQ_10_GDP(1.0),24/10/24 23:00:00,Q,CP_MEUR,NSA,B1GQ,FI,1991-Q3,25842.9,
ESTAT:NAMQ_10_GDP(1.0),24/10/24 23:00:00,Q,CP_MEUR,NSA,B1GQ,FI,1991-Q4,25589.3,
ESTAT:NAMQ_10_GDP(1.0),24/10/24 23:00:00,Q,CP_MEUR,NSA,B1GQ,FI,1992-Q1,21675.9,
ESTAT:NAMQ_10_GDP(1.0),24/10/24 23:00:00,Q,CP_MEUR,NSA,B1GQ,FI,1992-Q2,22677.2,
ESTAT:NAMQ_10_GDP(1.0),24/10/24 23:00:00,Q,CP_MEUR,NSA,B1GQ,FI,1992-Q3,21694.9,
ESTAT:NAMQ_10_GDP(1.0),24/10/24 23:00:00,Q,CP_MEUR,NSA,B1GQ,FI,1992-Q4,20937.1,
ESTAT:NAMQ_10_GDP(1.0),24/10/24 23:00:00,Q,CP_MEUR,NSA,B1GQ,FI,1993-Q1,17554.4,
ESTAT:NAMQ_10_GDP(1.0),24/10/24 23:00:00,Q,CP_MEUR,NSA,B1GQ,FI,1993-Q2,18970.1,
ESTAT:NAMQ_10_GDP(1.0),24/10/24 23:00:00,Q,CP_MEUR,NSA,B1GQ,FI,1993-Q3,19020.1,
ESTAT:NAMQ_10_GDP(1.0),24/10/24 23:00:00,Q,CP_MEUR,NSA,B1GQ,FI,1993-Q4,20511.0,
ESTAT:NAMQ_10_GDP(1.0),24/10/24 23:00:00,Q,CP_MEUR,NSA,B1GQ,FI,1994-Q1,19497.5,
ESTAT:NAMQ_10_GDP(1.0),24/10/24 23:00:00,Q,CP_MEUR,NSA,B1GQ,FI,1994-Q2,20917.6,
ESTAT:NAMQ_10_GDP(1.0),24/10/24 23:00:00,Q,CP_MEUR,NSA,B1GQ,FI,1994-Q3,21676.8,
ESTAT:NAMQ_10_GDP(1.0),24/10/24 23:00:00,Q,CP_MEUR,NSA,B1GQ,FI,1994-Q4,25178.7,
ESTAT:NAMQ_10_GDP(1.0),24/10/24 23:00:00,Q,CP_MEUR,NSA,B1GQ,FI,1995-Q1,23318.9,
ESTAT:NAMQ_10_GDP(1.0),24/10/24 23:00:00,Q,CP_MEUR,NSA,B1GQ,FI,1995-Q2,25836.6,
ESTAT:NAMQ_10_GDP(1.0),24/10/24 23:00:00,Q,CP_MEUR,NSA,B1GQ,FI,1995-Q3,25861.4,
ESTAT:NAMQ_10_GDP(1.0),24/10/24 23:00:00,Q,CP_MEUR,NSA,B1GQ,FI,1995-Q4,27610.4,
ESTAT:NAMQ_10_GDP(1.0),24/10/24 23:00:00,Q,CP_MEUR,NSA,B1GQ,FI,1996-Q1,24429.5,
ESTAT:NAMQ_10_GDP(1.0),24/10/24 23:00:00,Q,CP_MEUR,NSA,B1GQ,FI,1996-Q2,25419.7,
ESTAT:NAMQ_10_GDP(1.0),24/10/24 23:00:00,Q,CP_MEUR,NSA,B1GQ,FI,1996-Q3,25942.1,
ESTAT:NAMQ_10_GDP(1.0),24/10/24 23:00:00,Q,CP_MEUR,NSA,B1GQ,FI,1996-Q4,28239.7,
ESTAT:NAMQ_10_GDP(1.0),24/10/24 23:00:00,Q,CP_MEUR,NSA,B1GQ,FI,1997-Q1,25496.3,
ESTAT:NAMQ_10_GDP(1.0),24/10/24 23:00:00,Q,CP_MEUR,NSA,B1GQ,FI,1997-Q2,27613.3,
ESTAT:NAMQ_10_GDP(1.0),24/10/24 23:00:00,Q,CP_MEUR,NSA,B1GQ,FI,1997-Q3,28037.7,
ESTAT:NAMQ_10_GDP(1.0),24/10/24 23:00:00,Q,CP_MEUR,NSA,B1GQ,FI,1997-Q4,30801.2,
ESTAT:NAMQ_10_GDP(1.0),24/10/24 23:00:00,Q,CP_MEUR,NSA,B1GQ,FI,1998-Q1,27603.5,
ESTAT:NAMQ_10_GDP(1.0),24/10/24 23:00:00,Q,CP_MEUR,NSA,B1GQ,FI,1998-Q2,29731.7,
ESTAT:NAMQ_10_GDP(1.0),24/10/24 23:00:00,Q,CP_MEUR,NSA,B1GQ,FI,1998-Q3,29920.0,
ESTAT:NAMQ_10_GDP(1.0),24/10/24 23:00:00,Q,CP_MEUR,NSA,B1GQ,FI,1998-Q4,32446.3,
ESTAT:NAMQ_10_GDP(1.0),24/10/24 23:00:00,Q,CP_MEUR,NSA,B1GQ,FI,1999-Q1,29707.0,
ESTAT:NAMQ_10_GDP(1.0),24/10/24 23:00:00,Q,CP_MEUR,NSA,B1GQ,FI,1999-Q2,31634.0,
ESTAT:NAMQ_10_GDP(1.0),24/10/24 23:00:00,Q,CP_MEUR,NSA,B1GQ,FI,1999-Q3,31531.0,
ESTAT:NAMQ_10_GDP(1.0),24/10/24 23:00:00,Q,CP_MEUR,NSA,B1GQ,FI,1999-Q4,34016.0,
ESTAT:NAMQ_10_GDP(1.0),24/10/24 23:00:00,Q,CP_MEUR,NSA,B1GQ,FI,2000-Q1,31756.0,
ESTAT:NAMQ_10_GDP(1.0),24/10/24 23:00:00,Q,CP_MEUR,NSA,B1GQ,FI,2000-Q2,33818.0,
ESTAT:NAMQ_10_GDP(1.0),24/10/24 23:00:00,Q,CP_MEUR,NSA,B1GQ,FI,2000-Q3,34025.0,
ESTAT:NAMQ_10_GDP(1.0),24/10/24 23:00:00,Q,CP_MEUR,NSA,B1GQ,FI,2000-Q4,36787.0,
ESTAT:NAMQ_10_GDP(1.0),24/10/24 23:00:00,Q,CP_MEUR,NSA,B1GQ,FI,2001-Q1,34483.0,
ESTAT:NAMQ_10_GDP(1.0),24/10/24 23:00:00,Q,CP_MEUR,NSA,B1GQ,FI,2001-Q2,36357.0,
ESTAT:NAMQ_10_GDP(1.0),24/10/24 23:00:00,Q,CP_MEUR,NSA,B1GQ,FI,2001-Q3,35918.0,
ESTAT:NAMQ_10_GDP(1.0),24/10/24 23:00:00,Q,CP_MEUR,NSA,B1GQ,FI,2001-Q4,37855.0,
ESTAT:NAMQ_10_GDP(1.0),24/10/24 23:00:00,Q,CP_MEUR,NSA,B1GQ,FI,2002-Q1,34918.0,
ESTAT:NAMQ_10_GDP(1.0),24/10/24 23:00:00,Q,CP_MEUR,NSA,B1GQ,FI,2002-Q2,37568.0,
ESTAT:NAMQ_10_GDP(1.0),24/10/24 23:00:00,Q,CP_MEUR,NSA,B1GQ,FI,2002-Q3,36677.0,
ESTAT:NAMQ_10_GDP(1.0),24/10/24 23:00:00,Q,CP_MEUR,NSA,B1GQ,FI,2002-Q4,39277.0,
ESTAT:NAMQ_10_GDP(1.0),24/10/24 23:00:00,Q,CP_MEUR,NSA,B1GQ,FI,2003-Q1,35543.0,
ESTAT:NAMQ_10_GDP(1.0),24/10/24 23:00:00,Q,CP_MEUR,NSA,B1GQ,FI,2003-Q2,38010.0,
ESTAT:NAMQ_10_GDP(1.0),24/10/24 23:00:00,Q,CP_MEUR,NSA,B1GQ,FI,2003-Q3,37780.0,
ESTAT:NAMQ_10_GDP(1.0),24/10/24 23:00:00,Q,CP_MEUR,NSA,B1GQ,FI,2003-Q4,40381.0,
ESTAT:NAMQ_10_GDP(1.0),24/10/24 23:00:00,Q,CP_MEUR,NSA,B1GQ,FI,2004-Q1,37223.0,
ESTAT:NAMQ_10_GDP(1.0),24/10/24 23:00:00,Q,CP_MEUR,NSA,B1GQ,FI,2004-Q2,39679.0,
ESTAT:NAMQ_10_GDP(1.0),24/10/24 23:00:00,Q,CP_MEUR,NSA,B1GQ,FI,2004-Q3,39270.0,
ESTAT:NAMQ_10_GDP(1.0),24/10/24 23:00:00,Q,CP_MEUR,NSA,B1GQ,FI,2004-Q4,42569.0,
ESTAT:NAMQ_10_GDP(1.0),24/10/24 23:00:00,Q,CP_MEUR,NSA,B1GQ,FI,2005-Q1,38821.0,
ESTAT:NAMQ_10_GDP(1.0),24/10/24 23:00:00,Q,CP_MEUR,NSA,B1GQ,FI,2005-Q2,41333.0,
ESTAT:NAMQ_10_GDP(1.0),24/10/24 23:00:00,Q,CP_MEUR,NSA,B1GQ,FI,2005-Q3,40793.0,
ESTAT:NAMQ_10_GDP(1.0),24/10/24 23:00:00,Q,CP_MEUR,NSA,B1GQ,FI,2005-Q4,43719.0,
ESTAT:NAMQ_10_GDP(1.0),24/10/24 23:00:00,Q,CP_MEUR,NSA,B1GQ,FI,2006-Q1,40785.0,
ESTAT:NAMQ_10_GDP(1.0),24/10/24 23:00:00,Q,CP_MEUR,NSA,B1GQ,FI,2006-Q2,43077.0,
ESTAT:NAMQ_10_GDP(1.0),24/10/24 23:00:00,Q,CP_MEUR,NSA,B1GQ,FI,2006-Q3,42818.0,
ESTAT:NAMQ_10_GDP(1.0),24/10/24 23:00:00,Q,CP_MEUR,NSA,B1GQ,FI,2006-Q4,46181.0,
ESTAT:NAMQ_10_GDP(1.0),24/10/24 23:00:00,Q,CP_MEUR,NSA,B1GQ,FI,2007-Q1,43770.0,
ESTAT:NAMQ_10_GDP(1.0),24/10/24 23:00:00,Q,CP_MEUR,NSA,B1GQ,FI,2007-Q2,46846.0,
ESTAT:NAMQ_10_GDP(1.0),24/10/24 23:00:00,Q,CP_MEUR,NSA,B1GQ,FI,2007-Q3,46220.0,
ESTAT:NAMQ_10_GDP(1.0),24/10/24 23:00:00,Q,CP_MEUR,NSA,B1GQ,FI,2007-Q4,50223.0,
ESTAT:NAMQ_10_GDP(1.0),24/10/24 23:00:00,Q,CP_MEUR,NSA,B1GQ,FI,2008-Q1,46285.0,
ESTAT:NAMQ_10_GDP(1.0),24/10/24 23:00:00,Q,CP_MEUR,NSA,B1GQ,FI,2008-Q2,49416.0,
ESTAT:NAMQ_10_GDP(1.0),24/10/24 23:00:00,Q,CP_MEUR,NSA,B1GQ,FI,2008-Q3,48385.0,
ESTAT:NAMQ_10_GDP(1.0),24/10/24 23:00:00,Q,CP_MEUR,NSA,B1GQ,FI,2008-Q4,50167.0,
ESTAT:NAMQ_10_GDP(1.0),24/10/24 23:00:00,Q,CP_MEUR,NSA,B1GQ,FI,2009-Q1,43709.0,
ESTAT:NAMQ_10_GDP(1.0),24/10/24 23:00:00,Q,CP_MEUR,NSA,B1GQ,FI,2009-Q2,45585.0,
ESTAT:NAMQ_10_GDP(1.0),24/10/24 23:00:00,Q,CP_MEUR,NSA,B1GQ,FI,2009-Q3,44916.0,
ESTAT:NAMQ_10_GDP(1.0),24/10/24 23:00:00,Q,CP_MEUR,NSA,B1GQ,FI,2009-Q4,47525.0,
ESTAT:NAMQ_10_GDP(1.0),24/10/24 23:00:00,Q,CP_MEUR,NSA,B1GQ,FI,2010-Q1,43720.0,
ESTAT:NAMQ_10_GDP(1.0),24/10/24 23:00:00,Q,CP_MEUR,NSA,B1GQ,FI,2010-Q2,47424.0,
ESTAT:NAMQ_10_GDP(1.0),24/10/24 23:00:00,Q,CP_MEUR,NSA,B1GQ,FI,2010-Q3,46311.0,
ESTAT:NAMQ_10_GDP(1.0),24/10/24 23:00:00,Q,CP_MEUR,NSA,B1GQ,FI,2010-Q4,50692.0,
ESTAT:NAMQ_10_GDP(1.0),24/10/24 23:00:00,Q,CP_MEUR,NSA,B1GQ,FI,2011-Q1,47075.0,
ESTAT:NAMQ_10_GDP(1.0),24/10/24 23:00:00,Q,CP_MEUR,NSA,B1GQ,FI,2011-Q2,49736.0,
ESTAT:NAMQ_10_GDP(1.0),24/10/24 23:00:00,Q,CP_MEUR,NSA,B1GQ,FI,2011-Q3,48933.0,
ESTAT:NAMQ_10_GDP(1.0),24/10/24 23:00:00,Q,CP_MEUR,NSA,B1GQ,FI,2011-Q4,51911.0,
ESTAT:NAMQ_10_GDP(1.0),24/10/24 23:00:00,Q,CP_MEUR,NSA,B1GQ,FI,2012-Q1,48659.0,
ESTAT:NAMQ_10_GDP(1.0),24/10/24 23:00:00,Q,CP_MEUR,NSA,B1GQ,FI,2012-Q2,50389.0,
ESTAT:NAMQ_10_GDP(1.0),24/10/24 23:00:00,Q,CP_MEUR,NSA,B1GQ,FI,2012-Q3,49325.0,
ESTAT:NAMQ_10_GDP(1.0),24/10/24 23:00:00,Q,CP_MEUR,NSA,B1GQ,FI,2012-Q4,52005.0,
ESTAT:NAMQ_10_GDP(1.0),24/10/24 23:00:00,Q,CP_MEUR,NSA,B1GQ,FI,2013-Q1,48367.0,
ESTAT:NAMQ_10_GDP(1.0),24/10/24 23:00:00,Q,CP_MEUR,NSA,B1GQ,FI,2013-Q2,51465.0,
ESTAT:NAMQ_10_GDP(1.0),24/10/24 23:00:00,Q,CP_MEUR,NSA,B1GQ,FI,2013-Q3,50566.0,
ESTAT:NAMQ_10_GDP(1.0),24/10/24 23:00:00,Q,CP_MEUR,NSA,B1GQ,FI,2013-Q4,53099.0,
ESTAT:NAMQ_10_GDP(1.0),24/10/24 23:00:00,Q,CP_MEUR,NSA,B1GQ,FI,2014-Q1,49084.0,
ESTAT:NAMQ_10_GDP(1.0),24/10/24 23:00:00,Q,CP_MEUR,NSA,B1GQ,FI,2014-Q2,51854.0,
ESTAT:NAMQ_10_GDP(1.0),24/10/24 23:00:00,Q,CP_MEUR,NSA,B1GQ,FI,2014-Q3,51158.0,
ESTAT:NAMQ_10_GDP(1.0),24/10/24 23:00:00,Q,CP_MEUR,NSA,B1GQ,FI,2014-Q4,53759.0,
ESTAT:NAMQ_10_GDP(1.0),24/10/24 23:00:00,Q,CP_MEUR,NSA,B1GQ,FI,2015-Q1,49745.0,
ESTAT:NAMQ_10_GDP(1.0),24/10/24 23:00:00,Q,CP_MEUR,NSA,B1GQ,FI,2015-Q2,53152.0,
ESTAT:NAMQ_10_GDP(1.0),24/10/24 23:00:00,Q,CP_MEUR,NSA,B1GQ,FI,2015-Q3,52098.0,
ESTAT:NAMQ_10_GDP(1.0),24/10/24 23:00:00,Q,CP_MEUR,NSA,B1GQ,FI,2015-Q4,55197.0,
ESTAT:NAMQ_10_GDP(1.0),24/10/24 23:00:00,Q,CP_MEUR,NSA,B1GQ,FI,2016-Q1,51178.0,
ESTAT:NAMQ_10_GDP(1.0),24/10/24 23:00:00,Q,CP_MEUR,NSA,B1GQ,FI,2016-Q2,54439.0,
ESTAT:NAMQ_10_GDP(1.0),24/10/24 23:00:00,Q,CP_MEUR,NSA,B1GQ,FI,2016-Q3,53619.0,
ESTAT:NAMQ_10_GDP(1.0),24/10/24 23:00:00,Q,CP_MEUR,NSA,B1GQ,FI,2016-Q4,56481.0,
ESTAT:NAMQ_10_GDP(1.0),24/10/24 23:00:00,Q,CP_MEUR,NSA,B1GQ,FI,2017-Q1,53324.0,
ESTAT:NAMQ_10_GDP(1.0),24/10/24 23:00:00,Q,CP_MEUR,NSA,B1GQ,FI,2017-Q2,56554.0,
ESTAT:NAMQ_10_GDP(1.0),24/10/24 23:00:00,Q,CP_MEUR,NSA,B1GQ,FI,2017-Q3,55622.0,
ESTAT:NAMQ_10_GDP(1.0),24/10/24 23:00:00,Q,CP_MEUR,NSA,B1GQ,FI,2017-Q4,59206.0,
ESTAT:NAMQ_10_GDP(1.0),24/10/24 23:00:00,Q,CP_MEUR,NSA,B1GQ,FI,2018-Q1,55377.0,
ESTAT:NAMQ_10_GDP(1.0),24/10/24 23:00:00,Q,CP_MEUR,NSA,B1GQ,FI,2018-Q2,58521.0,
ESTAT:NAMQ_10_GDP(1.0),24/10/24 23:00:00,Q,CP_MEUR,NSA,B1GQ,FI,2018-Q3,57338.0,
ESTAT:NAMQ_10_GDP(1.0),24/10/24 23:00:00,Q,CP_MEUR,NSA,B1GQ,FI,2018-Q4,60669.0,
ESTAT:NAMQ_10_GDP(1.0),24/10/24 23:00:00,Q,CP_MEUR,NSA,B1GQ,FI,2019-Q1,56724.0,
ESTAT:NAMQ_10_GDP(1.0),24/10/24 23:00:00,Q,CP_MEUR,NSA,B1GQ,FI,2019-Q2,60231.0,
ESTAT:NAMQ_10_GDP(1.0),24/10/24 23:00:00,Q,CP_MEUR,NSA,B1GQ,FI,2019-Q3,59258.0,
ESTAT:NAMQ_10_GDP(1.0),24/10/24 23:00:00,Q,CP_MEUR,NSA,B1GQ,FI,2019-Q4,62305.0,
ESTAT:NAMQ_10_GDP(1.0),24/10/24 23:00:00,Q,CP_MEUR,NSA,B1GQ,FI,2020-Q1,58054.0,
ESTAT:NAMQ_10_GDP(1.0),24/10/24 23:00:00,Q,CP_MEUR,NSA,B1GQ,FI,2020-Q2,57323.0,
ESTAT:NAMQ_10_GDP(1.0),24/10/24 23:00:00,Q,CP_MEUR,NSA,B1GQ,FI,2020-Q3,58603.0,
ESTAT:NAMQ_10_GDP(1.0),24/10/24 23:00:00,Q,CP_MEUR,NSA,B1GQ,FI,2020-Q4,62407.0,
ESTAT:NAMQ_10_GDP(1.0),24/10/24 23:00:00,Q,CP_MEUR,NSA,B1GQ,FI,2021-Q1,56941.0,
ESTAT:NAMQ_10_GDP(1.0),24/10/24 23:00:00,Q,CP_MEUR,NSA,B1GQ,FI,2021-Q2,62174.0,
ESTAT:NAMQ_10_GDP(1.0),24/10/24 23:00:00,Q,CP_MEUR,NSA,B1GQ,FI,2021-Q3,62368.0,
ESTAT:NAMQ_10_GDP(1.0),24/10/24 23:00:00,Q,CP_MEUR,NSA,B1GQ,FI,2021-Q4,67281.0,
ESTAT:NAMQ_10_GDP(1.0),24/10/24 23:00:00,Q,CP_MEUR,NSA,B1GQ,FI,2022-Q1,62132.0,
ESTAT:NAMQ_10_GDP(1.0),24/10/24 23:00:00,Q,CP_MEUR,NSA,B1GQ,FI,2022-Q2,66770.0,
ESTAT:NAMQ_10_GDP(1.0),24/10/24 23:00:00,Q,CP_MEUR,NSA,B1GQ,FI,2022-Q3,66503.0,
ESTAT:NAMQ_10_GDP(1.0),24/10/24 23:00:00,Q,CP_MEUR,NSA,B1GQ,FI,2022-Q4,70719.0,
ESTAT:NAMQ_10_GDP(1.0),24/10/24 23:00:00,Q,CP_MEUR,NSA,B1GQ,FI,2023-Q1,65538.0,
ESTAT:NAMQ_10_GDP(1.0),24/10/24 23:00:00,Q,CP_MEUR,NSA,B1GQ,FI,2023-Q2,69306.0,
ESTAT:NAMQ_10_GDP(1.0),24/10/24 23:00:00,Q,CP_MEUR,NSA,B1GQ,FI,2023-Q3,67758.0,
ESTAT:NAMQ_10_GDP(1.0),24/10/24 23:00:00,Q,CP_MEUR,NSA,B1GQ,FI,2023-Q4,70718.0,
ESTAT:NAMQ_10_GDP(1.0),24/10/24 23:00:00,Q,CP_MEUR,NSA,B1GQ,FI,2024-Q1,65814.0,
ESTAT:NAMQ_10_GDP(1.0),24/10/24 23:00:00,Q,CP_MEUR,NSA,B1GQ,FI,2024-Q2,69704.0,
ESTAT:NAMQ_10_GDP(1.0),24/10/24 23:00:00,Q,CP_MEUR,NSA,B1GQ,FR,1980-Q1,120437.2,
ESTAT:NAMQ_10_GDP(1.0),24/10/24 23:00:00,Q,CP_MEUR,NSA,B1GQ,FR,1980-Q2,125577.3,
ESTAT:NAMQ_10_GDP(1.0),24/10/24 23:00:00,Q,CP_MEUR,NSA,B1GQ,FR,1980-Q3,123157.4,
ESTAT:NAMQ_10_GDP(1.0),24/10/24 23:00:00,Q,CP_MEUR,NSA,B1GQ,FR,1980-Q4,130828.2,
ESTAT:NAMQ_10_GDP(1.0),24/10/24 23:00:00,Q,CP_MEUR,NSA,B1GQ,FR,1981-Q1,130760.4,
ESTAT:NAMQ_10_GDP(1.0),24/10/24 23:00:00,Q,CP_MEUR,NSA,B1GQ,FR,1981-Q2,135776.9,
ESTAT:NAMQ_10_GDP(1.0),24/10/24 23:00:00,Q,CP_MEUR,NSA,B1GQ,FR,1981-Q3,135369.2,
ESTAT:NAMQ_10_GDP(1.0),24/10/24 23:00:00,Q,CP_MEUR,NSA,B1GQ,FR,1981-Q4,145980.7,
ESTAT:NAMQ_10_GDP(1.0),24/10/24 23:00:00,Q,CP_MEUR,NSA,B1GQ,FR,1982-Q1,146836.1,
ESTAT:NAMQ_10_GDP(1.0),24/10/24 23:00:00,Q,CP_MEUR,NSA,B1GQ,FR,1982-Q2,151802.8,
ESTAT:NAMQ_10_GDP(1.0),24/10/24 23:00:00,Q,CP_MEUR,NSA,B1GQ,FR,1982-Q3,140761.2,
ESTAT:NAMQ_10_GDP(1.0),24/10/24 23:00:00,Q,CP_MEUR,NSA,B1GQ,FR,1982-Q4,151951.1,
ESTAT:NAMQ_10_GDP(1.0),24/10/24 23:00:00,Q,CP_MEUR,NSA,B1GQ,FR,1983-Q1,155237.9,
ESTAT:NAMQ_10_GDP(1.0),24/10/24 23:00:00,Q,CP_MEUR,NSA,B1GQ,FR,1983-Q2,154766.6,
ESTAT:NAMQ_10_GDP(1.0),24/10/24 23:00:00,Q,CP_MEUR,NSA,B1GQ,FR,1983-Q3,150901.4,
ESTAT:NAMQ_10_GDP(1.0),24/10/24 23:00:00,Q,CP_MEUR,NSA,B1GQ,FR,1983-Q4,162024.5,
ESTAT:NAMQ_10_GDP(1.0),24/10/24 23:00:00,Q,CP_MEUR,NSA,B1GQ,FR,1984-Q1,162884.7,
ESTAT:NAMQ_10_GDP(1.0),24/10/24 23:00:00,Q,CP_MEUR,NSA,B1GQ,FR,1984-Q2,166700.1,
ESTAT:NAMQ_10_GDP(1.0),24/10/24 23:00:00,Q,CP_MEUR,NSA,B1GQ,FR,1984-Q3,163238.8,
ESTAT:NAMQ_10_GDP(1.0),24/10/24 23:00:00,Q,CP_MEUR,NSA,B1GQ,FR,1984-Q4,174973.8,
ESTAT:NAMQ_10_GDP(1.0),24/10/24 23:00:00,Q,CP_MEUR,NSA,B1GQ,FR,1985-Q1,175257.0,
ESTAT:NAMQ_10_GDP(1.0),24/10/24 23:00:00,Q,CP_MEUR,NSA,B1GQ,FR,1985-Q2,179431.1,
ESTAT:NAMQ_10_GDP(1.0),24/10/24 23:00:00,Q,CP_MEUR,NSA,B1GQ,FR,1985-Q3,177306.5,
ESTAT:NAMQ_10_GDP(1.0),24/10/24 23:00:00,Q,CP_MEUR,NSA,B1GQ,FR,1985-Q4,191688.7,
ESTAT:NAMQ_10_GDP(1.0),24/10/24 23:00:00,Q,CP_MEUR,NSA,B1GQ,FR,1986-Q1,193386.1,
ESTAT:NAMQ_10_GDP(1.0),24/10/24 23:00:00,Q,CP_MEUR,NSA,B1GQ,FR,1986-Q2,193887.2,
ESTAT:NAMQ_10_GDP(1.0),24/10/24 23:00:00,Q,CP_MEUR,NSA,B1GQ,FR,1986-Q3,189616.7,
ESTAT:NAMQ_10_GDP(1.0),24/10/24 23:00:00,Q,CP_MEUR,NSA,B1GQ,FR,1986-Q4,202463.0,
ESTAT:NAMQ_10_GDP(1.0),24/10/24 23:00:00,Q,CP_MEUR,NSA,B1GQ,FR,1987-Q1,196273.6,
ESTAT:NAMQ_10_GDP(1.0),24/10/24 23:00:00,Q,CP_MEUR,NSA,B1GQ,FR,1987-Q2,200208.7,
ESTAT:NAMQ_10_GDP(1.0),24/10/24 23:00:00,Q,CP_MEUR,NSA,B1GQ,FR,1987-Q3,196825.2,
ESTAT:NAMQ_10_GDP(1.0),24/10/24 23:00:00,Q,CP_MEUR,NSA,B1GQ,FR,1987-Q4,210149.3,
ESTAT:NAMQ_10_GDP(1.0),24/10/24 23:00:00,Q,CP_MEUR,NSA,B1GQ,FR,1988-Q1,208746.8,
ESTAT:NAMQ_10_GDP(1.0),24/10/24 23:00:00,Q,CP_MEUR,NSA,B1GQ,FR,1988-Q2,213585.6,
ESTAT:NAMQ_10_GDP(1.0),24/10/24 23:00:00,Q,CP_MEUR,NSA,B1GQ,FR,1988-Q3,210129.2,
ESTAT:NAMQ_10_GDP(1.0),24/10/24 23:00:00,Q,CP_MEUR,NSA,B1GQ,FR,1988-Q4,223172.7,
ESTAT:NAMQ_10_GDP(1.0),24/10/24 23:00:00,Q,CP_MEUR,NSA,B1GQ,FR,1989-Q1,223192.7,
ESTAT:NAMQ_10_GDP(1.0),24/10/24 23:00:00,Q,CP_MEUR,NSA,B1GQ,FR,1989-Q2,229971.7,
ESTAT:NAMQ_10_GDP(1.0),24/10/24 23:00:00,Q,CP_MEUR,NSA,B1GQ,FR,1989-Q3,225853.2,
ESTAT:NAMQ_10_GDP(1.0),24/10/24 23:00:00,Q,CP_MEUR,NSA,B1GQ,FR,1989-Q4,244695.3,
ESTAT:NAMQ_10_GDP(1.0),24/10/24 23:00:00,Q,CP_MEUR,NSA,B1GQ,FR,1990-Q1,244468.8,
ESTAT:NAMQ_10_GDP(1.0),24/10/24 23:00:00,Q,CP_MEUR,NSA,B1GQ,FR,1990-Q2,249708.4,
ESTAT:NAMQ_10_GDP(1.0),24/10/24 23:00:00,Q,CP_MEUR,NSA,B1GQ,FR,1990-Q3,241166.6,
ESTAT:NAMQ_10_GDP(1.0),24/10/24 23:00:00,Q,CP_MEUR,NSA,B1GQ,FR,1990-Q4,255139.2,
ESTAT:NAMQ_10_GDP(1.0),24/10/24 23:00:00,Q,CP_MEUR,NSA,B1GQ,FR,1991-Q1,251277.3,
ESTAT:NAMQ_10_GDP(1.0),24/10/24 23:00:00,Q,CP_MEUR,NSA,B1GQ,FR,1991-Q2,255015.9,
ESTAT:NAMQ_10_GDP(1.0),24/10/24 23:00:00,Q,CP_MEUR,NSA,B1GQ,FR,1991-Q3,249528.9,
ESTAT:NAMQ_10_GDP(1.0),24/10/24 23:00:00,Q,CP_MEUR,NSA,B1GQ,FR,1991-Q4,262766.7,
ESTAT:NAMQ_10_GDP(1.0),24/10/24 23:00:00,Q,CP_MEUR,NSA,B1GQ,FR,1992-Q1,264794.7,
ESTAT:NAMQ_10_GDP(1.0),24/10/24 23:00:00,Q,CP_MEUR,NSA,B1GQ,FR,1992-Q2,266595.7,
ESTAT:NAMQ_10_GDP(1.0),24/10/24 23:00:00,Q,CP_MEUR,NSA,B1GQ,FR,1992-Q3,261869.7,
ESTAT:NAMQ_10_GDP(1.0),24/10/24 23:00:00,Q,CP_MEUR,NSA,B1GQ,FR,1992-Q4,281095.8,
ESTAT:NAMQ_10_GDP(1.0),24/10/24 23:00:00,Q,CP_MEUR,NSA,B1GQ,FR,1993-Q1,281283.0,
ESTAT:NAMQ_10_GDP(1.0),24/10/24 23:00:00,Q,CP_MEUR,NSA,B1GQ,FR,1993-Q2,283892.0,
ESTAT:NAMQ_10_GDP(1.0),24/10/24 23:00:00,Q,CP_MEUR,NSA,B1GQ,FR,1993-Q3,272454.1,
ESTAT:NAMQ_10_GDP(1.0),24/10/24 23:00:00,Q,CP_MEUR,NSA,B1GQ,FR,1993-Q4,284814.5,
ESTAT:NAMQ_10_GDP(1.0),24/10/24 23:00:00,Q,CP_MEUR,NSA,B1GQ,FR,1994-Q1,287834.9,
ESTAT:NAMQ_10_GDP(1.0),24/10/24 23:00:00,Q,CP_MEUR,NSA,B1GQ,FR,1994-Q2,292327.9,
ESTAT:NAMQ_10_GDP(1.0),24/10/24 23:00:00,Q,CP_MEUR,NSA,B1GQ,FR,1994-Q3,287204.0,
ESTAT:NAMQ_10_GDP(1.0),24/10/24 23:00:00,Q,CP_MEUR,NSA,B1GQ,FR,1994-Q4,301409.2,
ESTAT:NAMQ_10_GDP(1.0),24/10/24 23:00:00,Q,CP_MEUR,NSA,B1GQ,FR,1995-Q1,302514.4,
ESTAT:NAMQ_10_GDP(1.0),24/10/24 23:00:00,Q,CP_MEUR,NSA,B1GQ,FR,1995-Q2,305681.9,
ESTAT:NAMQ_10_GDP(1.0),24/10/24 23:00:00,Q,CP_MEUR,NSA,B1GQ,FR,1995-Q3,298966.5,
ESTAT:NAMQ_10_GDP(1.0),24/10/24 23:00:00,Q,CP_MEUR,NSA,B1GQ,FR,1995-Q4,313056.6,
ESTAT:NAMQ_10_GDP(1.0),24/10/24 23:00:00,Q,CP_MEUR,NSA,B1GQ,FR,1996-Q1,314916.7,
ESTAT:NAMQ_10_GDP(1.0),24/10/24 23:00:00,Q,CP_MEUR,NSA,B1GQ,FR,1996-Q2,316895.8,
ESTAT:NAMQ_10_GDP(1.0),24/10/24 23:00:00,Q,CP_MEUR,NSA,B1GQ,FR,1996-Q3,307733.7,
ESTAT:NAMQ_10_GDP(1.0),24/10/24 23:00:00,Q,CP_MEUR,NSA,B1GQ,FR,1996-Q4,320253.0,
ESTAT:NAMQ_10_GDP(1.0),24/10/24 23:00:00,Q,CP_MEUR,NSA,B1GQ,FR,1997-Q1,314014.3,
ESTAT:NAMQ_10_GDP(1.0),24/10/24 23:00:00,Q,CP_MEUR,NSA,B1GQ,FR,1997-Q2,321642.6,
ESTAT:NAMQ_10_GDP(1.0),24/10/24 23:00:00,Q,CP_MEUR,NSA,B1GQ,FR,1997-Q3,311688.5,
ESTAT:NAMQ_10_GDP(1.0),24/10/24 23:00:00,Q,CP_MEUR,NSA,B1GQ,FR,1997-Q4,332110.3,
ESTAT:NAMQ_10_GDP(1.0),24/10/24 23:00:00,Q,CP_MEUR,NSA,B1GQ,FR,1998-Q1,329613.7,
ESTAT:NAMQ_10_GDP(1.0),24/10/24 23:00:00,Q,CP_MEUR,NSA,B1GQ,FR,1998-Q2,334759.2,
ESTAT:NAMQ_10_GDP(1.0),24/10/24 23:00:00,Q,CP_MEUR,NSA,B1GQ,FR,1998-Q3,327538.0,
ESTAT:NAMQ_10_GDP(1.0),24/10/24 23:00:00,Q,CP_MEUR,NSA,B1GQ,FR,1998-Q4,345855.6,
ESTAT:NAMQ_10_GDP(1.0),24/10/24 23:00:00,Q,CP_MEUR,NSA,B1GQ,FR,1999-Q1,341349.0,
ESTAT:NAMQ_10_GDP(1.0),24/10/24 23:00:00,Q,CP_MEUR,NSA,B1GQ,FR,1999-Q2,348262.1,
ESTAT:NAMQ_10_GDP(1.0),24/10/24 23:00:00,Q,CP_MEUR,NSA,B1GQ,FR,1999-Q3,342960.4,
ESTAT:NAMQ_10_GDP(1.0),24/10/24 23:00:00,Q,CP_MEUR,NSA,B1GQ,FR,1999-Q4,362576.4,
ESTAT:NAMQ_10_GDP(1.0),24/10/24 23:00:00,Q,CP_MEUR,NSA,B1GQ,FR,2000-Q1,362002.8,
ESTAT:NAMQ_10_GDP(1.0),24/10/24 23:00:00,Q,CP_MEUR,NSA,B1GQ,FR,2000-Q2,367050.9,
ESTAT:NAMQ_10_GDP(1.0),24/10/24 23:00:00,Q,CP_MEUR,NSA,B1GQ,FR,2000-Q3,360743.1,
ESTAT:NAMQ_10_GDP(1.0),24/10/24 23:00:00,Q,CP_MEUR,NSA,B1GQ,FR,2000-Q4,383720.5,
ESTAT:NAMQ_10_GDP(1.0),24/10/24 23:00:00,Q,CP_MEUR,NSA,B1GQ,FR,2001-Q1,378747.8,
ESTAT:NAMQ_10_GDP(1.0),24/10/24 23:00:00,Q,CP_MEUR,NSA,B1GQ,FR,2001-Q2,381663.7,
ESTAT:NAMQ_10_GDP(1.0),24/10/24 23:00:00,Q,CP_MEUR,NSA,B1GQ,FR,2001-Q3,373750.4,
ESTAT:NAMQ_10_GDP(1.0),24/10/24 23:00:00,Q,CP_MEUR,NSA,B1GQ,FR,2001-Q4,395909.0,
ESTAT:NAMQ_10_GDP(1.0),24/10/24 23:00:00,Q,CP_MEUR,NSA,B1GQ,FR,2002-Q1,388563.3,
ESTAT:NAMQ_10_GDP(1.0),24/10/24 23:00:00,Q,CP_MEUR,NSA,B1GQ,FR,2002-Q2,393522.5,
ESTAT:NAMQ_10_GDP(1.0),24/10/24 23:00:00,Q,CP_MEUR,NSA,B1GQ,FR,2002-Q3,388265.5,
ESTAT:NAMQ_10_GDP(1.0),24/10/24 23:00:00,Q,CP_MEUR,NSA,B1GQ,FR,2002-Q4,407979.1,
ESTAT:NAMQ_10_GDP(1.0),24/10/24 23:00:00,Q,CP_MEUR,NSA,B1GQ,FR,2003-Q1,400284.0,
ESTAT:NAMQ_10_GDP(1.0),24/10/24 23:00:00,Q,CP_MEUR,NSA,B1GQ,FR,2003-Q2,400525.6,
ESTAT:NAMQ_10_GDP(1.0),24/10/24 23:00:00,Q,CP_MEUR,NSA,B1GQ,FR,2003-Q3,399123.3,
ESTAT:NAMQ_10_GDP(1.0),24/10/24 23:00:00,Q,CP_MEUR,NSA,B1GQ,FR,2003-Q4,422379.8,
ESTAT:NAMQ_10_GDP(1.0),24/10/24 23:00:00,Q,CP_MEUR,NSA,B1GQ,FR,2004-Q1,418363.2,
ESTAT:NAMQ_10_GDP(1.0),24/10/24 23:00:00,Q,CP_MEUR,NSA,B1GQ,FR,2004-Q2,421893.2,
ESTAT:NAMQ_10_GDP(1.0),24/10/24 23:00:00,Q,CP_MEUR,NSA,B1GQ,FR,2004-Q3,415888.1,
ESTAT:NAMQ_10_GDP(1.0),24/10/24 23:00:00,Q,CP_MEUR,NSA,B1GQ,FR,2004-Q4,439963.2,
ESTAT:NAMQ_10_GDP(1.0),24/10/24 23:00:00,Q,CP_MEUR,NSA,B1GQ,FR,2005-Q1,432416.5,
ESTAT:NAMQ_10_GDP(1.0),24/10/24 23:00:00,Q,CP_MEUR,NSA,B1GQ,FR,2005-Q2,440430.2,
ESTAT:NAMQ_10_GDP(1.0),24/10/24 23:00:00,Q,CP_MEUR,NSA,B1GQ,FR,2005-Q3,432720.0,
ESTAT:NAMQ_10_GDP(1.0),24/10/24 23:00:00,Q,CP_MEUR,NSA,B1GQ,FR,2005-Q4,456481.0,
ESTAT:NAMQ_10_GDP(1.0),24/10/24 23:00:00,Q,CP_MEUR,NSA,B1GQ,FR,2006-Q1,451672.0,
ESTAT:NAMQ_10_GDP(1.0),24/10/24 23:00:00,Q,CP_MEUR,NSA,B1GQ,FR,2006-Q2,460244.8,
ESTAT:NAMQ_10_GDP(1.0),24/10/24 23:00:00,Q,CP_MEUR,NSA,B1GQ,FR,2006-Q3,453206.8,
ESTAT:NAMQ_10_GDP(1.0),24/10/24 23:00:00,Q,CP_MEUR,NSA,B1GQ,FR,2006-Q4,480897.1,
ESTAT:NAMQ_10_GDP(1.0),24/10/24 23:00:00,Q,CP_MEUR,NSA,B1GQ,FR,2007-Q1,474652.1,
ESTAT:NAMQ_10_GDP(1.0),24/10/24 23:00:00,Q,CP_MEUR,NSA,B1GQ,FR,2007-Q2,482511.1,
ESTAT:NAMQ_10_GDP(1.0),24/10/24 23:00:00,Q,CP_MEUR,NSA,B1GQ,FR,2007-Q3,476269.6,
ESTAT:NAMQ_10_GDP(1.0),24/10/24 23:00:00,Q,CP_MEUR,NSA,B1GQ,FR,2007-Q4,504443.5,
ESTAT:NAMQ_10_GDP(1.0),24/10/24 23:00:00,Q,CP_MEUR,NSA,B1GQ,FR,2008-Q1,493393.7,
ESTAT:NAMQ_10_GDP(1.0),24/10/24 23:00:00,Q,CP_MEUR,NSA,B1GQ,FR,2008-Q2,501701.7,
ESTAT:NAMQ_10_GDP(1.0),24/10/24 23:00:00,Q,CP_MEUR,NSA,B1GQ,FR,2008-Q3,488520.1,
ESTAT:NAMQ_10_GDP(1.0),24/10/24 23:00:00,Q,CP_MEUR,NSA,B1GQ,FR,2008-Q4,506384.2,
ESTAT:NAMQ_10_GDP(1.0),24/10/24 23:00:00,Q,CP_MEUR,NSA,B1GQ,FR,2009-Q1,476288.0,
ESTAT:NAMQ_10_GDP(1.0),24/10/24 23:00:00,Q,CP_MEUR,NSA,B1GQ,FR,2009-Q2,481922.3,
ESTAT:NAMQ_10_GDP(1.0),24/10/24 23:00:00,Q,CP_MEUR,NSA,B1GQ,FR,2009-Q3,474633.4,
ESTAT:NAMQ_10_GDP(1.0),24/10/24 23:00:00,Q,CP_MEUR,NSA,B1GQ,FR,2009-Q4,502996.5,
ESTAT:NAMQ_10_GDP(1.0),24/10/24 23:00:00,Q,CP_MEUR,NSA,B1GQ,FR,2010-Q1,486700.4,
ESTAT:NAMQ_10_GDP(1.0),24/10/24 23:00:00,Q,CP_MEUR,NSA,B1GQ,FR,2010-Q2,499100.6,
ESTAT:NAMQ_10_GDP(1.0),24/10/24 23:00:00,Q,CP_MEUR,NSA,B1GQ,FR,2010-Q3,493529.1,
ESTAT:NAMQ_10_GDP(1.0),24/10/24 23:00:00,Q,CP_MEUR,NSA,B1GQ,FR,2010-Q4,516745.0,
ESTAT:NAMQ_10_GDP(1.0),24/10/24 23:00:00,Q,CP_MEUR,NSA,B1GQ,FR,2011-Q1,509063.0,
ESTAT:NAMQ_10_GDP(1.0),24/10/24 23:00:00,Q,CP_MEUR,NSA,B1GQ,FR,2011-Q2,515757.6,
ESTAT:NAMQ_10_GDP(1.0),24/10/24 23:00:00,Q,CP_MEUR,NSA,B1GQ,FR,2011-Q3,505536.9,
ESTAT:NAMQ_10_GDP(1.0),24/10/24 23:00:00,Q,CP_MEUR,NSA,B1GQ,FR,2011-Q4,531783.9,
ESTAT:NAMQ_10_GDP(1.0),24/10/24 23:00:00,Q,CP_MEUR,NSA,B1GQ,FR,2012-Q1,518284.3,
ESTAT:NAMQ_10_GDP(1.0),24/10/24 23:00:00,Q,CP_MEUR,NSA,B1GQ,FR,2012-Q2,519938.4,
ESTAT:NAMQ_10_GDP(1.0),24/10/24 23:00:00,Q,CP_MEUR,NSA,B1GQ,FR,2012-Q3,512550.6,
ESTAT:NAMQ_10_GDP(1.0),24/10/24 23:00:00,Q,CP_MEUR,NSA,B1GQ,FR,2012-Q4,537513.5,
ESTAT:NAMQ_10_GDP(1.0),24/10/24 23:00:00,Q,CP_MEUR,NSA,B1GQ,FR,2013-Q1,517319.3,
ESTAT:NAMQ_10_GDP(1.0),24/10/24 23:00:00,Q,CP_MEUR,NSA,B1GQ,FR,2013-Q2,530767.2,
ESTAT:NAMQ_10_GDP(1.0),24/10/24 23:00:00,Q,CP_MEUR,NSA,B1GQ,FR,2013-Q3,522976.0,
ESTAT:NAMQ_10_GDP(1.0),24/10/24 23:00:00,Q,CP_MEUR,NSA,B1GQ,FR,2013-Q4,549289.4,
ESTAT:NAMQ_10_GDP(1.0),24/10/24 23:00:00,Q,CP_MEUR,NSA,B1GQ,FR,2014-Q1,527144.2,
ESTAT:NAMQ_10_GDP(1.0),24/10/24 23:00:00,Q,CP_MEUR,NSA,B1GQ,FR,2014-Q2,536339.4,
ESTAT:NAMQ_10_GDP(1.0),24/10/24 23:00:00,Q,CP_MEUR,NSA,B1GQ,FR,2014-Q3,530796.1,
ESTAT:NAMQ_10_GDP(1.0),24/10/24 23:00:00,Q,CP_MEUR,NSA,B1GQ,FR,2014-Q4,559453.4,
ESTAT:NAMQ_10_GDP(1.0),24/10/24 23:00:00,Q,CP_MEUR,NSA,B1GQ,FR,2015-Q1,539211.4,
ESTAT:NAMQ_10_GDP(1.0),24/10/24 23:00:00,Q,CP_MEUR,NSA,B1GQ,FR,2015-Q2,548079.2,
ESTAT:NAMQ_10_GDP(1.0),24/10/24 23:00:00,Q,CP_MEUR,NSA,B1GQ,FR,2015-Q3,541414.6,
ESTAT:NAMQ_10_GDP(1.0),24/10/24 23:00:00,Q,CP_MEUR,NSA,B1GQ,FR,2015-Q4,572696.4,
ESTAT:NAMQ_10_GDP(1.0),24/10/24 23:00:00,Q,CP_MEUR,NSA,B1GQ,FR,2016-Q1,549574.6,
ESTAT:NAMQ_10_GDP(1.0),24/10/24 23:00:00,Q,CP_MEUR,NSA,B1GQ,FR,2016-Q2,560993.4,
ESTAT:NAMQ_10_GDP(1.0),24/10/24 23:00:00,Q,CP_MEUR,NSA,B1GQ,FR,2016-Q3,544134.4,
ESTAT:NAMQ_10_GDP(1.0),24/10/24 23:00:00,Q,CP_MEUR,NSA,B1GQ,FR,2016-Q4,577116.8,
ESTAT:NAMQ_10_GDP(1.0),24/10/24 23:00:00,Q,CP_MEUR,NSA,B1GQ,FR,2017-Q1,561508.7,
ESTAT:NAMQ_10_GDP(1.0),24/10/24 23:00:00,Q,CP_MEUR,NSA,B1GQ,FR,2017-Q2,570406.2,
ESTAT:NAMQ_10_GDP(1.0),24/10/24 23:00:00,Q,CP_MEUR,NSA,B1GQ,FR,2017-Q3,561669.8,
ESTAT:NAMQ_10_GDP(1.0),24/10/24 23:00:00,Q,CP_MEUR,NSA,B1GQ,FR,2017-Q4,598095.8,
ESTAT:NAMQ_10_GDP(1.0),24/10/24 23:00:00,Q,CP_MEUR,NSA,B1GQ,FR,2018-Q1,577462.9,
ESTAT:NAMQ_10_GDP(1.0),24/10/24 23:00:00,Q,CP_MEUR,NSA,B1GQ,FR,2018-Q2,582926.3,
ESTAT:NAMQ_10_GDP(1.0),24/10/24 23:00:00,Q,CP_MEUR,NSA,B1GQ,FR,2018-Q3,577518.5,
ESTAT:NAMQ_10_GDP(1.0),24/10/24 23:00:00,Q,CP_MEUR,NSA,B1GQ,FR,2018-Q4,617455.2,
ESTAT:NAMQ_10_GDP(1.0),24/10/24 23:00:00,Q,CP_MEUR,NSA,B1GQ,FR,2019-Q1,596144.0,
ESTAT:NAMQ_10_GDP(1.0),24/10/24 23:00:00,Q,CP_MEUR,NSA,B1GQ,FR,2019-Q2,606461.2,
ESTAT:NAMQ_10_GDP(1.0),24/10/24 23:00:00,Q,CP_MEUR,NSA,B1GQ,FR,2019-Q3,600140.1,
ESTAT:NAMQ_10_GDP(1.0),24/10/24 23:00:00,Q,CP_MEUR,NSA,B1GQ,FR,2019-Q4,629461.5,
ESTAT:NAMQ_10_GDP(1.0),24/10/24 23:00:00,Q,CP_MEUR,NSA,B1GQ,FR,2020-Q1,579283.9,
ESTAT:NAMQ_10_GDP(1.0),24/10/24 23:00:00,Q,CP_MEUR,NSA,B1GQ,FR,2020-Q2,529632.1,
ESTAT:NAMQ_10_GDP(1.0),24/10/24 23:00:00,Q,CP_MEUR,NSA,B1GQ,FR,2020-Q3,584278.0,
ESTAT:NAMQ_10_GDP(1.0),24/10/24 23:00:00,Q,CP_MEUR,NSA,B1GQ,FR,2020-Q4,625082.1,
ESTAT:NAMQ_10_GDP(1.0),24/10/24 23:00:00,Q,CP_MEUR,NSA,B1GQ,FR,2021-Q1,600293.1,
ESTAT:NAMQ_10_GDP(1.0),24/10/24 23:00:00,Q,CP_MEUR,NSA,B1GQ,FR,2021-Q2,618087.4,
ESTAT:NAMQ_10_GDP(1.0),24/10/24 23:00:00,Q,CP_MEUR,NSA,B1GQ,FR,2021-Q3,625671.6,
ESTAT:NAMQ_10_GDP(1.0),24/10/24 23:00:00,Q,CP_MEUR,NSA,B1GQ,FR,2021-Q4,664050.2,
ESTAT:NAMQ_10_GDP(1.0),24/10/24 23:00:00,Q,CP_MEUR,NSA,B1GQ,FR,2022-Q1,641929.3,
ESTAT:NAMQ_10_GDP(1.0),24/10/24 23:00:00,Q,CP_MEUR,NSA,B1GQ,FR,2022-Q2,659350.7,
ESTAT:NAMQ_10_GDP(1.0),24/10/24 23:00:00,Q,CP_MEUR,NSA,B1GQ,FR,2022-Q3,657229.5,
ESTAT:NAMQ_10_GDP(1.0),24/10/24 23:00:00,Q,CP_MEUR,NSA,B1GQ,FR,2022-Q4,696925.5,
ESTAT:NAMQ_10_GDP(1.0),24/10/24 23:00:00,Q,CP_MEUR,NSA,B1GQ,FR,2023-Q1,685695.4,
ESTAT:NAMQ_10_GDP(1.0),24/10/24 23:00:00,Q,CP_MEUR,NSA,B1GQ,FR,2023-Q2,702425.5,
ESTAT:NAMQ_10_GDP(1.0),24/10/24 23:00:00,Q,CP_MEUR,NSA,B1GQ,FR,2023-Q3,693571.4,
ESTAT:NAMQ_10_GDP(1.0),24/10/24 23:00:00,Q,CP_MEUR,NSA,B1GQ,FR,2023-Q4,740762.3,
ESTAT:NAMQ_10_GDP(1.0),24/10/24 23:00:00,Q,CP_MEUR,NSA,B1GQ,FR,2024-Q1,719176.0,
ESTAT:NAMQ_10_GDP(1.0),24/10/24 23:00:00,Q,CP_MEUR,NSA,B1GQ,FR,2024-Q2,722779.7,
ESTAT:NAMQ_10_GDP(1.0),24/10/24 23:00:00,Q,CP_MEUR,NSA,B1GQ,HR,1995-Q1,3998.7,
ESTAT:NAMQ_10_GDP(1.0),24/10/24 23:00:00,Q,CP_MEUR,NSA,B1GQ,HR,1995-Q2,4481.5,
ESTAT:NAMQ_10_GDP(1.0),24/10/24 23:00:00,Q,CP_MEUR,NSA,B1GQ,HR,1995-Q3,4599.3,
ESTAT:NAMQ_10_GDP(1.0),24/10/24 23:00:00,Q,CP_MEUR,NSA,B1GQ,HR,1995-Q4,4443.3,
ESTAT:NAMQ_10_GDP(1.0),24/10/24 23:00:00,Q,CP_MEUR,NSA,B1GQ,HR,1996-Q1,4155.4,
ESTAT:NAMQ_10_GDP(1.0),24/10/24 23:00:00,Q,CP_MEUR,NSA,B1GQ,HR,1996-Q2,4725.6,
ESTAT:NAMQ_10_GDP(1.0),24/10/24 23:00:00,Q,CP_MEUR,NSA,B1GQ,HR,1996-Q3,5437.0,
ESTAT:NAMQ_10_GDP(1.0),24/10/24 23:00:00,Q,CP_MEUR,NSA,B1GQ,HR,1996-Q4,4867.7,
ESTAT:NAMQ_10_GDP(1.0),24/10/24 23:00:00,Q,CP_MEUR,NSA,B1GQ,HR,1997-Q1,4636.7,
ESTAT:NAMQ_10_GDP(1.0),24/10/24 23:00:00,Q,CP_MEUR,NSA,B1GQ,HR,1997-Q2,5288.8,
ESTAT:NAMQ_10_GDP(1.0),24/10/24 23:00:00,Q,CP_MEUR,NSA,B1GQ,HR,1997-Q3,5948.0,
ESTAT:NAMQ_10_GDP(1.0),24/10/24 23:00:00,Q,CP_MEUR,NSA,B1GQ,HR,1997-Q4,5400.1,
ESTAT:NAMQ_10_GDP(1.0),24/10/24 23:00:00,Q,CP_MEUR,NSA,B1GQ,HR,1998-Q1,5238.7,
ESTAT:NAMQ_10_GDP(1.0),24/10/24 23:00:00,Q,CP_MEUR,NSA,B1GQ,HR,1998-Q2,5783.5,
ESTAT:NAMQ_10_GDP(1.0),24/10/24 23:00:00,Q,CP_MEUR,NSA,B1GQ,HR,1998-Q3,6397.8,
ESTAT:NAMQ_10_GDP(1.0),24/10/24 23:00:00,Q,CP_MEUR,NSA,B1GQ,HR,1998-Q4,5513.0,
ESTAT:NAMQ_10_GDP(1.0),24/10/24 23:00:00,Q,CP_MEUR,NSA,B1GQ,HR,1999-Q1,5072.0,
ESTAT:NAMQ_10_GDP(1.0),24/10/24 23:00:00,Q,CP_MEUR,NSA,B1GQ,HR,1999-Q2,5579.4,
ESTAT:NAMQ_10_GDP(1.0),24/10/24 23:00:00,Q,CP_MEUR,NSA,B1GQ,HR,1999-Q3,6162.1,
ESTAT:NAMQ_10_GDP(1.0),24/10/24 23:00:00,Q,CP_MEUR,NSA,B1GQ,HR,1999-Q4,5370.3,
ESTAT:NAMQ_10_GDP(1.0),24/10/24 23:00:00,Q,CP_MEUR,NSA,B1GQ,HR,2000-Q1,5152.8,
ESTAT:NAMQ_10_GDP(1.0),24/10/24 23:00:00,Q,CP_MEUR,NSA,B1GQ,HR,2000-Q2,5841.4,
ESTAT:NAMQ_10_GDP(1.0),24/10/24 23:00:00,Q,CP_MEUR,NSA,B1GQ,HR,2000-Q3,6782.7,
ESTAT:NAMQ_10_GDP(1.0),24/10/24 23:00:00,Q,CP_MEUR,NSA,B1GQ,HR,2000-Q4,5862.6,
ESTAT:NAMQ_10_GDP(1.0),24/10/24 23:00:00,Q,CP_MEUR,NSA,B1GQ,HR,2001-Q1,5602.3,
ESTAT:NAMQ_10_GDP(1.0),24/10/24 23:00:00,Q,CP_MEUR,NSA,B1GQ,HR,2001-Q2,6582.4,
ESTAT:NAMQ_10_GDP(1.0),24/10/24 23:00:00,Q,CP_MEUR,NSA,B1GQ,HR,2001-Q3,7386.5,
ESTAT:NAMQ_10_GDP(1.0),24/10/24 23:00:00,Q,CP_MEUR,NSA,B1GQ,HR,2001-Q4,6400.2,
ESTAT:NAMQ_10_GDP(1.0),24/10/24 23:00:00,Q,CP_MEUR,NSA,B1GQ,HR,2002-Q1,6324.1,
ESTAT:NAMQ_10_GDP(1.0),24/10/24 23:00:00,Q,CP_MEUR,NSA,B1GQ,HR,2002-Q2,7105.5,
ESTAT:NAMQ_10_GDP(1.0),24/10/24 23:00:00,Q,CP_MEUR,NSA,B1GQ,HR,2002-Q3,8273.0,
ESTAT:NAMQ_10_GDP(1.0),24/10/24 23:00:00,Q,CP_MEUR,NSA,B1GQ,HR,2002-Q4,7069.4,
ESTAT:NAMQ_10_GDP(1.0),24/10/24 23:00:00,Q,CP_MEUR,NSA,B1GQ,HR,2003-Q1,6821.2,
ESTAT:NAMQ_10_GDP(1.0),24/10/24 23:00:00,Q,CP_MEUR,NSA,B1GQ,HR,2003-Q2,7718.2,
ESTAT:NAMQ_10_GDP(1.0),24/10/24 23:00:00,Q,CP_MEUR,NSA,B1GQ,HR,2003-Q3,8943.6,
ESTAT:NAMQ_10_GDP(1.0),24/10/24 23:00:00,Q,CP_MEUR,NSA,B1GQ,HR,2003-Q4,7546.8,
ESTAT:NAMQ_10_GDP(1.0),24/10/24 23:00:00,Q,CP_MEUR,NSA,B1GQ,HR,2004-Q1,7348.1,
ESTAT:NAMQ_10_GDP(1.0),24/10/24 23:00:00,Q,CP_MEUR,NSA,B1GQ,HR,2004-Q2,8436.3,
ESTAT:NAMQ_10_GDP(1.0),24/10/24 23:00:00,Q,CP_MEUR,NSA,B1GQ,HR,2004-Q3,9750.4,
ESTAT:NAMQ_10_GDP(1.0),24/10/24 23:00:00,Q,CP_MEUR,NSA,B1GQ,HR,2004-Q4,8302.2,
ESTAT:NAMQ_10_GDP(1.0),24/10/24 23:00:00,Q,CP_MEUR,NSA,B1GQ,HR,2005-Q1,7822.0,
ESTAT:NAMQ_10_GDP(1.0),24/10/24 23:00:00,Q,CP_MEUR,NSA,B1GQ,HR,2005-Q2,9228.4,
ESTAT:NAMQ_10_GDP(1.0),24/10/24 23:00:00,Q,CP_MEUR,NSA,B1GQ,HR,2005-Q3,10578.7,
ESTAT:NAMQ_10_GDP(1.0),24/10/24 23:00:00,Q,CP_MEUR,NSA,B1GQ,HR,2005-Q4,9225.0,
ESTAT:NAMQ_10_GDP(1.0),24/10/24 23:00:00,Q,CP_MEUR,NSA,B1GQ,HR,2006-Q1,8859.1,
ESTAT:NAMQ_10_GDP(1.0),24/10/24 23:00:00,Q,CP_MEUR,NSA,B1GQ,HR,2006-Q2,10114.2,
ESTAT:NAMQ_10_GDP(1.0),24/10/24 23:00:00,Q,CP_MEUR,NSA,B1GQ,HR,2006-Q3,11563.7,
ESTAT:NAMQ_10_GDP(1.0),24/10/24 23:00:00,Q,CP_MEUR,NSA,B1GQ,HR,2006-Q4,10096.7,
ESTAT:NAMQ_10_GDP(1.0),24/10/24 23:00:00,Q,CP_MEUR,NSA,B1GQ,HR,2007-Q1,9714.5,
ESTAT:NAMQ_10_GDP(1.0),24/10/24 23:00:00,Q,CP_MEUR,NSA,B1GQ,HR,2007-Q2,11007.5,
ESTAT:NAMQ_10_GDP(1.0),24/10/24 23:00:00,Q,CP_MEUR,NSA,B1GQ,HR,2007-Q3,12624.0,
ESTAT:NAMQ_10_GDP(1.0),24/10/24 23:00:00,Q,CP_MEUR,NSA,B1GQ,HR,2007-Q4,11093.2,
ESTAT:NAMQ_10_GDP(1.0),24/10/24 23:00:00,Q,CP_MEUR,NSA,B1GQ,HR,2008-Q1,10668.0,
ESTAT:NAMQ_10_GDP(1.0),24/10/24 23:00:00,Q,CP_MEUR,NSA,B1GQ,HR,2008-Q2,12100.0,
ESTAT:NAMQ_10_GDP(1.0),24/10/24 23:00:00,Q,CP_MEUR,NSA,B1GQ,HR,2008-Q3,13891.9,
ESTAT:NAMQ_10_GDP(1.0),24/10/24 23:00:00,Q,CP_MEUR,NSA,B1GQ,HR,2008-Q4,11916.7,
ESTAT:NAMQ_10_GDP(1.0),24/10/24 23:00:00,Q,CP_MEUR,NSA,B1GQ,HR,2009-Q1,10045.1,
ESTAT:NAMQ_10_GDP(1.0),24/10/24 23:00:00,Q,CP_MEUR,NSA,B1GQ,HR,2009-Q2,11472.0,
ESTAT:NAMQ_10_GDP(1.0),24/10/24 23:00:00,Q,CP_MEUR,NSA,B1GQ,HR,2009-Q3,12871.5,
ESTAT:NAMQ_10_GDP(1.0),24/10/24 23:00:00,Q,CP_MEUR,NSA,B1GQ,HR,2009-Q4,11489.1,
ESTAT:NAMQ_10_GDP(1.0),24/10/24 23:00:00,Q,CP_MEUR,NSA,B1GQ,HR,2010-Q1,10122.9,
ESTAT:NAMQ_10_GDP(1.0),24/10/24 23:00:00,Q,CP_MEUR,NSA,B1GQ,HR,2010-Q2,11408.5,
ESTAT:NAMQ_10_GDP(1.0),24/10/24 23:00:00,Q,CP_MEUR,NSA,B1GQ,HR,2010-Q3,13221.1,
ESTAT:NAMQ_10_GDP(1.0),24/10/24 23:00:00,Q,CP_MEUR,NSA,B1GQ,HR,2010-Q4,11249.9,
ESTAT:NAMQ_10_GDP(1.0),24/10/24 23:00:00,Q,CP_MEUR,NSA,B1GQ,HR,2011-Q1,9936.2,
ESTAT:NAMQ_10_GDP(1.0),24/10/24 23:00:00,Q,CP_MEUR,NSA,B1GQ,HR,2011-Q2,11509.1,
ESTAT:NAMQ_10_GDP(1.0),24/10/24 23:00:00,Q,CP_MEUR,NSA,B1GQ,HR,2011-Q3,13095.7,
ESTAT:NAMQ_10_GDP(1.0),24/10/24 23:00:00,Q,CP_MEUR,NSA,B1GQ,HR,2011-Q4,11219.8,
ESTAT:NAMQ_10_GDP(1.0),24/10/24 23:00:00,Q,CP_MEUR,NSA,B1GQ,HR,2012-Q1,9679.9,
ESTAT:NAMQ_10_GDP(1.0),24/10/24 23:00:00,Q,CP_MEUR,NSA,B1GQ,HR,2012-Q2,11126.9,
ESTAT:NAMQ_10_GDP(1.0),24/10/24 23:00:00,Q,CP_MEUR,NSA,B1GQ,HR,2012-Q3,12995.0,
ESTAT:NAMQ_10_GDP(1.0),24/10/24 23:00:00,Q,CP_MEUR,NSA,B1GQ,HR,2012-Q4,11087.4,
ESTAT:NAMQ_10_GDP(1.0),24/10/24 23:00:00,Q,CP_MEUR,NSA,B1GQ,HR,2013-Q1,9780.6,
ESTAT:NAMQ_10_GDP(1.0),24/10/24 23:00:00,Q,CP_MEUR,NSA,B1GQ,HR,2013-Q2,11270.4,
ESTAT:NAMQ_10_GDP(1.0),24/10/24 23:00:00,Q,CP_MEUR,NSA,B1GQ,HR,2013-Q3,12865.3,
ESTAT:NAMQ_10_GDP(1.0),24/10/24 23:00:00,Q,CP_MEUR,NSA,B1GQ,HR,2013-Q4,10896.7,
ESTAT:NAMQ_10_GDP(1.0),24/10/24 23:00:00,Q,CP_MEUR,NSA,B1GQ,HR,2014-Q1,9530.1,
ESTAT:NAMQ_10_GDP(1.0),24/10/24 23:00:00,Q,CP_MEUR,NSA,B1GQ,HR,2014-Q2,11102.3,
ESTAT:NAMQ_10_GDP(1.0),24/10/24 23:00:00,Q,CP_MEUR,NSA,B1GQ,HR,2014-Q3,12763.3,
ESTAT:NAMQ_10_GDP(1.0),24/10/24 23:00:00,Q,CP_MEUR,NSA,B1GQ,HR,2014-Q4,10896.0,
ESTAT:NAMQ_10_GDP(1.0),24/10/24 23:00:00,Q,CP_MEUR,NSA,B1GQ,HR,2015-Q1,9697.8,
ESTAT:NAMQ_10_GDP(1.0),24/10/24 23:00:00,Q,CP_MEUR,NSA,B1GQ,HR,2015-Q2,11355.4,
ESTAT:NAMQ_10_GDP(1.0),24/10/24 23:00:00,Q,CP_MEUR,NSA,B1GQ,HR,2015-Q3,13280.1,
ESTAT:NAMQ_10_GDP(1.0),24/10/24 23:00:00,Q,CP_MEUR,NSA,B1GQ,HR,2015-Q4,11182.5,
ESTAT:NAMQ_10_GDP(1.0),24/10/24 23:00:00,Q,CP_MEUR,NSA,B1GQ,HR,2016-Q1,10125.5,
ESTAT:NAMQ_10_GDP(1.0),24/10/24 23:00:00,Q,CP_MEUR,NSA,B1GQ,HR,2016-Q2,11774.1,
ESTAT:NAMQ_10_GDP(1.0),24/10/24 23:00:00,Q,CP_MEUR,NSA,B1GQ,HR,2016-Q3,13896.5,
ESTAT:NAMQ_10_GDP(1.0),24/10/24 23:00:00,Q,CP_MEUR,NSA,B1GQ,HR,2016-Q4,11804.0,
ESTAT:NAMQ_10_GDP(1.0),24/10/24 23:00:00,Q,CP_MEUR,NSA,B1GQ,HR,2017-Q1,10565.7,
ESTAT:NAMQ_10_GDP(1.0),24/10/24 23:00:00,Q,CP_MEUR,NSA,B1GQ,HR,2017-Q2,12491.9,
ESTAT:NAMQ_10_GDP(1.0),24/10/24 23:00:00,Q,CP_MEUR,NSA,B1GQ,HR,2017-Q3,14824.3,
ESTAT:NAMQ_10_GDP(1.0),24/10/24 23:00:00,Q,CP_MEUR,NSA,B1GQ,HR,2017-Q4,12338.5,
ESTAT:NAMQ_10_GDP(1.0),24/10/24 23:00:00,Q,CP_MEUR,NSA,B1GQ,HR,2018-Q1,11114.2,
ESTAT:NAMQ_10_GDP(1.0),24/10/24 23:00:00,Q,CP_MEUR,NSA,B1GQ,HR,2018-Q2,13247.1,
ESTAT:NAMQ_10_GDP(1.0),24/10/24 23:00:00,Q,CP_MEUR,NSA,B1GQ,HR,2018-Q3,15594.4,
ESTAT:NAMQ_10_GDP(1.0),24/10/24 23:00:00,Q,CP_MEUR,NSA,B1GQ,HR,2018-Q4,13086.2,
ESTAT:NAMQ_10_GDP(1.0),24/10/24 23:00:00,Q,CP_MEUR,NSA,B1GQ,HR,2019-Q1,11852.0,
ESTAT:NAMQ_10_GDP(1.0),24/10/24 23:00:00,Q,CP_MEUR,NSA,B1GQ,HR,2019-Q2,13790.6,
ESTAT:NAMQ_10_GDP(1.0),24/10/24 23:00:00,Q,CP_MEUR,NSA,B1GQ,HR,2019-Q3,16359.0,
ESTAT:NAMQ_10_GDP(1.0),24/10/24 23:00:00,Q,CP_MEUR,NSA,B1GQ,HR,2019-Q4,13775.1,
ESTAT:NAMQ_10_GDP(1.0),24/10/24 23:00:00,Q,CP_MEUR,NSA,B1GQ,HR,2020-Q1,12060.7,
ESTAT:NAMQ_10_GDP(1.0),24/10/24 23:00:00,Q,CP_MEUR,NSA,B1GQ,HR,2020-Q2,11669.3,
ESTAT:NAMQ_10_GDP(1.0),24/10/24 23:00:00,Q,CP_MEUR,NSA,B1GQ,HR,2020-Q3,14058.2,
ESTAT:NAMQ_10_GDP(1.0),24/10/24 23:00:00,Q,CP_MEUR,NSA,B1GQ,HR,2020-Q4,12933.2,
ESTAT:NAMQ_10_GDP(1.0),24/10/24 23:00:00,Q,CP_MEUR,NSA,B1GQ,HR,2021-Q1,12332.7,
ESTAT:NAMQ_10_GDP(1.0),24/10/24 23:00:00,Q,CP_MEUR,NSA,B1GQ,HR,2021-Q2,14053.9,
ESTAT:NAMQ_10_GDP(1.0),24/10/24 23:00:00,Q,CP_MEUR,NSA,B1GQ,HR,2021-Q3,17091.4,
ESTAT:NAMQ_10_GDP(1.0),24/10/24 23:00:00,Q,CP_MEUR,NSA,B1GQ,HR,2021-Q4,14936.4,
ESTAT:NAMQ_10_GDP(1.0),24/10/24 23:00:00,Q,CP_MEUR,NSA,B1GQ,HR,2022-Q1,14037.6,
ESTAT:NAMQ_10_GDP(1.0),24/10/24 23:00:00,Q,CP_MEUR,NSA,B1GQ,HR,2022-Q2,16589.6,
ESTAT:NAMQ_10_GDP(1.0),24/10/24 23:00:00,Q,CP_MEUR,NSA,B1GQ,HR,2022-Q3,19765.6,
ESTAT:NAMQ_10_GDP(1.0),24/10/24 23:00:00,Q,CP_MEUR,NSA,B1GQ,HR,2022-Q4,17227.7,
ESTAT:NAMQ_10_GDP(1.0),24/10/24 23:00:00,Q,CP_MEUR,NSA,B1GQ,HR,2023-Q1,16482.8,p
ESTAT:NAMQ_10_GDP(1.0),24/10/24 23:00:00,Q,CP_MEUR,NSA,B1GQ,HR,2023-Q2,19389.2,p
ESTAT:NAMQ_10_GDP(1.0),24/10/24 23:00:00,Q,CP_MEUR,NSA,B1GQ,HR,2023-Q3,22672.3,p
ESTAT:NAMQ_10_GDP(1.0),24/10/24 23:00:00,Q,CP_MEUR,NSA,B1GQ,HR,2023-Q4,19504.2,p
ESTAT:NAMQ_10_GDP(1.0),24/10/24 23:00:00,Q,CP_MEUR,NSA,B1GQ,HR,2024-Q1,18370.7,p
ESTAT:NAMQ_10_GDP(1.0),24/10/24 23:00:00,Q,CP_MEUR,NSA,B1GQ,HR,2024-Q2,21259.2,p
ESTAT:NAMQ_10_GDP(1.0),24/10/24 23:00:00,Q,CP_MEUR,NSA,B1GQ,HU,1995-Q1,8738.4,
ESTAT:NAMQ_10_GDP(1.0),24/10/24 23:00:00,Q,CP_MEUR,NSA,B1GQ,HU,1995-Q2,8771.5,
ESTAT:NAMQ_10_GDP(1.0),24/10/24 23:00:00,Q,CP_MEUR,NSA,B1GQ,HU,1995-Q3,8595.5,
ESTAT:NAMQ_10_GDP(1.0),24/10/24 23:00:00,Q,CP_MEUR,NSA,B1GQ,HU,1995-Q4,9404.8,
ESTAT:NAMQ_10_GDP(1.0),24/10/24 23:00:00,Q,CP_MEUR,NSA,B1GQ,HU,1996-Q1,8703.4,
ESTAT:NAMQ_10_GDP(1.0),24/10/24 23:00:00,Q,CP_MEUR,NSA,B1GQ,HU,1996-Q2,9258.2,
ESTAT:NAMQ_10_GDP(1.0),24/10/24 23:00:00,Q,CP_MEUR,NSA,B1GQ,HU,1996-Q3,9042.9,
ESTAT:NAMQ_10_GDP(1.0),24/10/24 23:00:00,Q,CP_MEUR,NSA,B1GQ,HU,1996-Q4,9859.0,
ESTAT:NAMQ_10_GDP(1.0),24/10/24 23:00:00,Q,CP_MEUR,NSA,B1GQ,HU,1997-Q1,9788.2,
ESTAT:NAMQ_10_GDP(1.0),24/10/24 23:00:00,Q,CP_MEUR,NSA,B1GQ,HU,1997-Q2,10459.8,
ESTAT:NAMQ_10_GDP(1.0),24/10/24 23:00:00,Q,CP_MEUR,NSA,B1GQ,HU,1997-Q3,10438.6,
ESTAT:NAMQ_10_GDP(1.0),24/10/24 23:00:00,Q,CP_MEUR,NSA,B1GQ,HU,1997-Q4,11110.4,
ESTAT:NAMQ_10_GDP(1.0),24/10/24 23:00:00,Q,CP_MEUR,NSA,B1GQ,HU,1998-Q1,10421.8,
ESTAT:NAMQ_10_GDP(1.0),24/10/24 23:00:00,Q,CP_MEUR,NSA,B1GQ,HU,1998-Q2,10973.3,
ESTAT:NAMQ_10_GDP(1.0),24/10/24 23:00:00,Q,CP_MEUR,NSA,B1GQ,HU,1998-Q3,10762.0,
ESTAT:NAMQ_10_GDP(1.0),24/10/24 23:00:00,Q,CP_MEUR,NSA,B1GQ,HU,1998-Q4,11317.2,
ESTAT:NAMQ_10_GDP(1.0),24/10/24 23:00:00,Q,CP_MEUR,NSA,B1GQ,HU,1999-Q1,10204.2,
ESTAT:NAMQ_10_GDP(1.0),24/10/24 23:00:00,Q,CP_MEUR,NSA,B1GQ,HU,1999-Q2,11412.9,
ESTAT:NAMQ_10_GDP(1.0),24/10/24 23:00:00,Q,CP_MEUR,NSA,B1GQ,HU,1999-Q3,11721.1,
ESTAT:NAMQ_10_GDP(1.0),24/10/24 23:00:00,Q,CP_MEUR,NSA,B1GQ,HU,1999-Q4,12764.7,
ESTAT:NAMQ_10_GDP(1.0),24/10/24 23:00:00,Q,CP_MEUR,NSA,B1GQ,HU,2000-Q1,11458.2,
ESTAT:NAMQ_10_GDP(1.0),24/10/24 23:00:00,Q,CP_MEUR,NSA,B1GQ,HU,2000-Q2,12609.7,
ESTAT:NAMQ_10_GDP(1.0),24/10/24 23:00:00,Q,CP_MEUR,NSA,B1GQ,HU,2000-Q3,13198.5,
ESTAT:NAMQ_10_GDP(1.0),24/10/24 23:00:00,Q,CP_MEUR,NSA,B1GQ,HU,2000-Q4,13988.9,
ESTAT:NAMQ_10_GDP(1.0),24/10/24 23:00:00,Q,CP_MEUR,NSA,B1GQ,HU,2001-Q1,12790.3,
ESTAT:NAMQ_10_GDP(1.0),24/10/24 23:00:00,Q,CP_MEUR,NSA,B1GQ,HU,2001-Q2,15151.4,
ESTAT:NAMQ_10_GDP(1.0),24/10/24 23:00:00,Q,CP_MEUR,NSA,B1GQ,HU,2001-Q3,15793.1,
ESTAT:NAMQ_10_GDP(1.0),24/10/24 23:00:00,Q,CP_MEUR,NSA,B1GQ,HU,2001-Q4,16453.4,
ESTAT:NAMQ_10_GDP(1.0),24/10/24 23:00:00,Q,CP_MEUR,NSA,B1GQ,HU,2002-Q1,16149.4,
ESTAT:NAMQ_10_GDP(1.0),24/10/24 23:00:00,Q,CP_MEUR,NSA,B1GQ,HU,2002-Q2,17718.0,
ESTAT:NAMQ_10_GDP(1.0),24/10/24 23:00:00,Q,CP_MEUR,NSA,B1GQ,HU,2002-Q3,18122.3,
ESTAT:NAMQ_10_GDP(1.0),24/10/24 23:00:00,Q,CP_MEUR,NSA,B1GQ,HU,2002-Q4,19831.9,
ESTAT:NAMQ_10_GDP(1.0),24/10/24 23:00:00,Q,CP_MEUR,NSA,B1GQ,HU,2003-Q1,17107.0,
ESTAT:NAMQ_10_GDP(1.0),24/10/24 23:00:00,Q,CP_MEUR,NSA,B1GQ,HU,2003-Q2,18726.0,
ESTAT:NAMQ_10_GDP(1.0),24/10/24 23:00:00,Q,CP_MEUR,NSA,B1GQ,HU,2003-Q3,18753.1,
ESTAT:NAMQ_10_GDP(1.0),24/10/24 23:00:00,Q,CP_MEUR,NSA,B1GQ,HU,2003-Q4,20677.8,
ESTAT:NAMQ_10_GDP(1.0),24/10/24 23:00:00,Q,CP_MEUR,NSA,B1GQ,HU,2004-Q1,18264.2,
ESTAT:NAMQ_10_GDP(1.0),24/10/24 23:00:00,Q,CP_MEUR,NSA,B1GQ,HU,2004-Q2,21220.5,
ESTAT:NAMQ_10_GDP(1.0),24/10/24 23:00:00,Q,CP_MEUR,NSA,B1GQ,HU,2004-Q3,21478.4,
ESTAT:NAMQ_10_GDP(1.0),24/10/24 23:00:00,Q,CP_MEUR,NSA,B1GQ,HU,2004-Q4,22953.6,
ESTAT:NAMQ_10_GDP(1.0),24/10/24 23:00:00,Q,CP_MEUR,NSA,B1GQ,HU,2005-Q1,19913.6,
ESTAT:NAMQ_10_GDP(1.0),24/10/24 23:00:00,Q,CP_MEUR,NSA,B1GQ,HU,2005-Q2,22628.0,
ESTAT:NAMQ_10_GDP(1.0),24/10/24 23:00:00,Q,CP_MEUR,NSA,B1GQ,HU,2005-Q3,23607.2,
ESTAT:NAMQ_10_GDP(1.0),24/10/24 23:00:00,Q,CP_MEUR,NSA,B1GQ,HU,2005-Q4,24796.9,
ESTAT:NAMQ_10_GDP(1.0),24/10/24 23:00:00,Q,CP_MEUR,NSA,B1GQ,HU,2006-Q1,20860.7,
ESTAT:NAMQ_10_GDP(1.0),24/10/24 23:00:00,Q,CP_MEUR,NSA,B1GQ,HU,2006-Q2,22791.1,
ESTAT:NAMQ_10_GDP(1.0),24/10/24 23:00:00,Q,CP_MEUR,NSA,B1GQ,HU,2006-Q3,22832.6,
ESTAT:NAMQ_10_GDP(1.0),24/10/24 23:00:00,Q,CP_MEUR,NSA,B1GQ,HU,2006-Q4,25521.5,
ESTAT:NAMQ_10_GDP(1.0),24/10/24 23:00:00,Q,CP_MEUR,NSA,B1GQ,HU,2007-Q1,22962.8,
ESTAT:NAMQ_10_GDP(1.0),24/10/24 23:00:00,Q,CP_MEUR,NSA,B1GQ,HU,2007-Q2,25587.6,
ESTAT:NAMQ_10_GDP(1.0),24/10/24 23:00:00,Q,CP_MEUR,NSA,B1GQ,HU,2007-Q3,25989.8,
ESTAT:NAMQ_10_GDP(1.0),24/10/24 23:00:00,Q,CP_MEUR,NSA,B1GQ,HU,2007-Q4,27833.0,
ESTAT:NAMQ_10_GDP(1.0),24/10/24 23:00:00,Q,CP_MEUR,NSA,B1GQ,HU,2008-Q1,24399.4,
ESTAT:NAMQ_10_GDP(1.0),24/10/24 23:00:00,Q,CP_MEUR,NSA,B1GQ,HU,2008-Q2,27622.2,
ESTAT:NAMQ_10_GDP(1.0),24/10/24 23:00:00,Q,CP_MEUR,NSA,B1GQ,HU,2008-Q3,28660.9,
ESTAT:NAMQ_10_GDP(1.0),24/10/24 23:00:00,Q,CP_MEUR,NSA,B1GQ,HU,2008-Q4,27677.1,
ESTAT:NAMQ_10_GDP(1.0),24/10/24 23:00:00,Q,CP_MEUR,NSA,B1GQ,HU,2009-Q1,20433.7,
ESTAT:NAMQ_10_GDP(1.0),24/10/24 23:00:00,Q,CP_MEUR,NSA,B1GQ,HU,2009-Q2,22963.3,
ESTAT:NAMQ_10_GDP(1.0),24/10/24 23:00:00,Q,CP_MEUR,NSA,B1GQ,HU,2009-Q3,24361.5,
ESTAT:NAMQ_10_GDP(1.0),24/10/24 23:00:00,Q,CP_MEUR,NSA,B1GQ,HU,2009-Q4,26894.0,
ESTAT:NAMQ_10_GDP(1.0),24/10/24 23:00:00,Q,CP_MEUR,NSA,B1GQ,HU,2010-Q1,22515.3,
ESTAT:NAMQ_10_GDP(1.0),24/10/24 23:00:00,Q,CP_MEUR,NSA,B1GQ,HU,2010-Q2,24561.7,
ESTAT:NAMQ_10_GDP(1.0),24/10/24 23:00:00,Q,CP_MEUR,NSA,B1GQ,HU,2010-Q3,24816.4,
ESTAT:NAMQ_10_GDP(1.0),24/10/24 23:00:00,Q,CP_MEUR,NSA,B1GQ,HU,2010-Q4,27638.3,
ESTAT:NAMQ_10_GDP(1.0),24/10/24 23:00:00,Q,CP_MEUR,NSA,B1GQ,HU,2011-Q1,23046.3,
ESTAT:NAMQ_10_GDP(1.0),24/10/24 23:00:00,Q,CP_MEUR,NSA,B1GQ,HU,2011-Q2,26204.9,
ESTAT:NAMQ_10_GDP(1.0),24/10/24 23:00:00,Q,CP_MEUR,NSA,B1GQ,HU,2011-Q3,26482.9,
ESTAT:NAMQ_10_GDP(1.0),24/10/24 23:00:00,Q,CP_MEUR,NSA,B1GQ,HU,2011-Q4,26185.8,
ESTAT:NAMQ_10_GDP(1.0),24/10/24 23:00:00,Q,CP_MEUR,NSA,B1GQ,HU,2012-Q1,21779.6,
ESTAT:NAMQ_10_GDP(1.0),24/10/24 23:00:00,Q,CP_MEUR,NSA,B1GQ,HU,2012-Q2,24169.8,
ESTAT:NAMQ_10_GDP(1.0),24/10/24 23:00:00,Q,CP_MEUR,NSA,B1GQ,HU,2012-Q3,26222.1,
ESTAT:NAMQ_10_GDP(1.0),24/10/24 23:00:00,Q,CP_MEUR,NSA,B1GQ,HU,2012-Q4,27983.4,
ESTAT:NAMQ_10_GDP(1.0),24/10/24 23:00:00,Q,CP_MEUR,NSA,B1GQ,HU,2013-Q1,22480.6,
ESTAT:NAMQ_10_GDP(1.0),24/10/24 23:00:00,Q,CP_MEUR,NSA,B1GQ,HU,2013-Q2,25457.6,
ESTAT:NAMQ_10_GDP(1.0),24/10/24 23:00:00,Q,CP_MEUR,NSA,B1GQ,HU,2013-Q3,26304.0,
ESTAT:NAMQ_10_GDP(1.0),24/10/24 23:00:00,Q,CP_MEUR,NSA,B1GQ,HU,2013-Q4,27962.3,
ESTAT:NAMQ_10_GDP(1.0),24/10/24 23:00:00,Q,CP_MEUR,NSA,B1GQ,HU,2014-Q1,23460.9,
ESTAT:NAMQ_10_GDP(1.0),24/10/24 23:00:00,Q,CP_MEUR,NSA,B1GQ,HU,2014-Q2,26512.0,
ESTAT:NAMQ_10_GDP(1.0),24/10/24 23:00:00,Q,CP_MEUR,NSA,B1GQ,HU,2014-Q3,27247.0,
ESTAT:NAMQ_10_GDP(1.0),24/10/24 23:00:00,Q,CP_MEUR,NSA,B1GQ,HU,2014-Q4,29120.6,
ESTAT:NAMQ_10_GDP(1.0),24/10/24 23:00:00,Q,CP_MEUR,NSA,B1GQ,HU,2015-Q1,24803.5,
ESTAT:NAMQ_10_GDP(1.0),24/10/24 23:00:00,Q,CP_MEUR,NSA,B1GQ,HU,2015-Q2,27959.7,
ESTAT:NAMQ_10_GDP(1.0),24/10/24 23:00:00,Q,CP_MEUR,NSA,B1GQ,HU,2015-Q3,28744.2,
ESTAT:NAMQ_10_GDP(1.0),24/10/24 23:00:00,Q,CP_MEUR,NSA,B1GQ,HU,2015-Q4,31324.7,
ESTAT:NAMQ_10_GDP(1.0),24/10/24 23:00:00,Q,CP_MEUR,NSA,B1GQ,HU,2016-Q1,25468.1,
ESTAT:NAMQ_10_GDP(1.0),24/10/24 23:00:00,Q,CP_MEUR,NSA,B1GQ,HU,2016-Q2,28922.9,
ESTAT:NAMQ_10_GDP(1.0),24/10/24 23:00:00,Q,CP_MEUR,NSA,B1GQ,HU,2016-Q3,29965.8,
ESTAT:NAMQ_10_GDP(1.0),24/10/24 23:00:00,Q,CP_MEUR,NSA,B1GQ,HU,2016-Q4,32268.0,
ESTAT:NAMQ_10_GDP(1.0),24/10/24 23:00:00,Q,CP_MEUR,NSA,B1GQ,HU,2017-Q1,27648.8,
ESTAT:NAMQ_10_GDP(1.0),24/10/24 23:00:00,Q,CP_MEUR,NSA,B1GQ,HU,2017-Q2,31355.1,
ESTAT:NAMQ_10_GDP(1.0),24/10/24 23:00:00,Q,CP_MEUR,NSA,B1GQ,HU,2017-Q3,32945.5,
ESTAT:NAMQ_10_GDP(1.0),24/10/24 23:00:00,Q,CP_MEUR,NSA,B1GQ,HU,2017-Q4,35244.8,
ESTAT:NAMQ_10_GDP(1.0),24/10/24 23:00:00,Q,CP_MEUR,NSA,B1GQ,HU,2018-Q1,30224.5,
ESTAT:NAMQ_10_GDP(1.0),24/10/24 23:00:00,Q,CP_MEUR,NSA,B1GQ,HU,2018-Q2,33785.9,
ESTAT:NAMQ_10_GDP(1.0),24/10/24 23:00:00,Q,CP_MEUR,NSA,B1GQ,HU,2018-Q3,34704.0,
ESTAT:NAMQ_10_GDP(1.0),24/10/24 23:00:00,Q,CP_MEUR,NSA,B1GQ,HU,2018-Q4,37735.2,
ESTAT:NAMQ_10_GDP(1.0),24/10/24 23:00:00,Q,CP_MEUR,NSA,B1GQ,HU,2019-Q1,32848.1,
ESTAT:NAMQ_10_GDP(1.0),24/10/24 23:00:00,Q,CP_MEUR,NSA,B1GQ,HU,2019-Q2,36701.9,
ESTAT:NAMQ_10_GDP(1.0),24/10/24 23:00:00,Q,CP_MEUR,NSA,B1GQ,HU,2019-Q3,37605.2,
ESTAT:NAMQ_10_GDP(1.0),24/10/24 23:00:00,Q,CP_MEUR,NSA,B1GQ,HU,2019-Q4,40086.4,
ESTAT:NAMQ_10_GDP(1.0),24/10/24 23:00:00,Q,CP_MEUR,NSA,B1GQ,HU,2020-Q1,33063.8,
ESTAT:NAMQ_10_GDP(1.0),24/10/24 23:00:00,Q,CP_MEUR,NSA,B1GQ,HU,2020-Q2,31484.9,
ESTAT:NAMQ_10_GDP(1.0),24/10/24 23:00:00,Q,CP_MEUR,NSA,B1GQ,HU,2020-Q3,35485.5,
ESTAT:NAMQ_10_GDP(1.0),24/10/24 23:00:00,Q,CP_MEUR,NSA,B1GQ,HU,2020-Q4,38775.3,
ESTAT:NAMQ_10_GDP(1.0),24/10/24 23:00:00,Q,CP_MEUR,NSA,B1GQ,HU,2021-Q1,31663.5,
ESTAT:NAMQ_10_GDP(1.0),24/10/24 23:00:00,Q,CP_MEUR,NSA,B1GQ,HU,2021-Q2,38512.1,
ESTAT:NAMQ_10_GDP(1.0),24/10/24 23:00:00,Q,CP_MEUR,NSA,B1GQ,HU,2021-Q3,40064.1,
ESTAT:NAMQ_10_GDP(1.0),24/10/24 23:00:00,Q,CP_MEUR,NSA,B1GQ,HU,2021-Q4,44700.2,
ESTAT:NAMQ_10_GDP(1.0),24/10/24 23:00:00,Q,CP_MEUR,NSA,B1GQ,HU,2022-Q1,37612.3,
ESTAT:NAMQ_10_GDP(1.0),24/10/24 23:00:00,Q,CP_MEUR,NSA,B1GQ,HU,2022-Q2,42404.8,
ESTAT:NAMQ_10_GDP(1.0),24/10/24 23:00:00,Q,CP_MEUR,NSA,B1GQ,HU,2022-Q3,42586.4,
ESTAT:NAMQ_10_GDP(1.0),24/10/24 23:00:00,Q,CP_MEUR,NSA,B1GQ,HU,2022-Q4,46031.1,
ESTAT:NAMQ_10_GDP(1.0),24/10/24 23:00:00,Q,CP_MEUR,NSA,B1GQ,HU,2023-Q1,40347.0,p
ESTAT:NAMQ_10_GDP(1.0),24/10/24 23:00:00,Q,CP_MEUR,NSA,B1GQ,HU,2023-Q2,50104.9,p
ESTAT:NAMQ_10_GDP(1.0),24/10/24 23:00:00,Q,CP_MEUR,NSA,B1GQ,HU,2023-Q3,51044.5,p
ESTAT:NAMQ_10_GDP(1.0),24/10/24 23:00:00,Q,CP_MEUR,NSA,B1GQ,HU,2023-Q4,55365.1,p
ESTAT:NAMQ_10_GDP(1.0),24/10/24 23:00:00,Q,CP_MEUR,NSA,B1GQ,HU,2024-Q1,44647.3,p
ESTAT:NAMQ_10_GDP(1.0),24/10/24 23:00:00,Q,CP_MEUR,NSA,B1GQ,HU,2024-Q2,52312.2,p
ESTAT:NAMQ_10_GDP(1.0),24/10/24 23:00:00,Q,CP_MEUR,NSA,B1GQ,IE,1995-Q1,12803.0,
ESTAT:NAMQ_10_GDP(1.0),24/10/24 23:00:00,Q,CP_MEUR,NSA,B1GQ,IE,1995-Q2,13418.5,
ESTAT:NAMQ_10_GDP(1.0),24/10/24 23:00:00,Q,CP_MEUR,NSA,B1GQ,IE,1995-Q3,13157.4,
ESTAT:NAMQ_10_GDP(1.0),24/10/24 23:00:00,Q,CP_MEUR,NSA,B1GQ,IE,1995-Q4,13490.6,
ESTAT:NAMQ_10_GDP(1.0),24/10/24 23:00:00,Q,CP_MEUR,NSA,B1GQ,IE,1996-Q1,14119.0,
ESTAT:NAMQ_10_GDP(1.0),24/10/24 23:00:00,Q,CP_MEUR,NSA,B1GQ,IE,1996-Q2,15056.9,
ESTAT:NAMQ_10_GDP(1.0),24/10/24 23:00:00,Q,CP_MEUR,NSA,B1GQ,IE,1996-Q3,14664.8,
ESTAT:NAMQ_10_GDP(1.0),24/10/24 23:00:00,Q,CP_MEUR,NSA,B1GQ,IE,1996-Q4,15906.3,
ESTAT:NAMQ_10_GDP(1.0),24/10/24 23:00:00,Q,CP_MEUR,NSA,B1GQ,IE,1997-Q1,17185.3,
ESTAT:NAMQ_10_GDP(1.0),24/10/24 23:00:00,Q,CP_MEUR,NSA,B1GQ,IE,1997-Q2,18228.0,
ESTAT:NAMQ_10_GDP(1.0),24/10/24 23:00:00,Q,CP_MEUR,NSA,B1GQ,IE,1997-Q3,18505.7,
ESTAT:NAMQ_10_GDP(1.0),24/10/24 23:00:00,Q,CP_MEUR,NSA,B1GQ,IE,1997-Q4,19177.9,
ESTAT:NAMQ_10_GDP(1.0),24/10/24 23:00:00,Q,CP_MEUR,NSA,B1GQ,IE,1998-Q1,19068.7,
ESTAT:NAMQ_10_GDP(1.0),24/10/24 23:00:00,Q,CP_MEUR,NSA,B1GQ,IE,1998-Q2,20173.0,
ESTAT:NAMQ_10_GDP(1.0),24/10/24 23:00:00,Q,CP_MEUR,NSA,B1GQ,IE,1998-Q3,20648.1,
ESTAT:NAMQ_10_GDP(1.0),24/10/24 23:00:00,Q,CP_MEUR,NSA,B1GQ,IE,1998-Q4,20683.7,
ESTAT:NAMQ_10_GDP(1.0),24/10/24 23:00:00,Q,CP_MEUR,NSA,B1GQ,IE,1999-Q1,21877.9,
ESTAT:NAMQ_10_GDP(1.0),24/10/24 23:00:00,Q,CP_MEUR,NSA,B1GQ,IE,1999-Q2,22496.6,
ESTAT:NAMQ_10_GDP(1.0),24/10/24 23:00:00,Q,CP_MEUR,NSA,B1GQ,IE,1999-Q3,23634.7,
ESTAT:NAMQ_10_GDP(1.0),24/10/24 23:00:00,Q,CP_MEUR,NSA,B1GQ,IE,1999-Q4,24781.4,
ESTAT:NAMQ_10_GDP(1.0),24/10/24 23:00:00,Q,CP_MEUR,NSA,B1GQ,IE,2000-Q1,25586.7,
ESTAT:NAMQ_10_GDP(1.0),24/10/24 23:00:00,Q,CP_MEUR,NSA,B1GQ,IE,2000-Q2,26773.9,
ESTAT:NAMQ_10_GDP(1.0),24/10/24 23:00:00,Q,CP_MEUR,NSA,B1GQ,IE,2000-Q3,27419.7,
ESTAT:NAMQ_10_GDP(1.0),24/10/24 23:00:00,Q,CP_MEUR,NSA,B1GQ,IE,2000-Q4,28715.0,
ESTAT:NAMQ_10_GDP(1.0),24/10/24 23:00:00,Q,CP_MEUR,NSA,B1GQ,IE,2001-Q1,29812.0,
ESTAT:NAMQ_10_GDP(1.0),24/10/24 23:00:00,Q,CP_MEUR,NSA,B1GQ,IE,2001-Q2,30488.4,
ESTAT:NAMQ_10_GDP(1.0),24/10/24 23:00:00,Q,CP_MEUR,NSA,B1GQ,IE,2001-Q3,30321.1,
ESTAT:NAMQ_10_GDP(1.0),24/10/24 23:00:00,Q,CP_MEUR,NSA,B1GQ,IE,2001-Q4,31467.7,
ESTAT:NAMQ_10_GDP(1.0),24/10/24 23:00:00,Q,CP_MEUR,NSA,B1GQ,IE,2002-Q1,32779.2,
ESTAT:NAMQ_10_GDP(1.0),24/10/24 23:00:00,Q,CP_MEUR,NSA,B1GQ,IE,2002-Q2,33711.7,
ESTAT:NAMQ_10_GDP(1.0),24/10/24 23:00:00,Q,CP_MEUR,NSA,B1GQ,IE,2002-Q3,34136.3,
ESTAT:NAMQ_10_GDP(1.0),24/10/24 23:00:00,Q,CP_MEUR,NSA,B1GQ,IE,2002-Q4,35370.8,
ESTAT:NAMQ_10_GDP(1.0),24/10/24 23:00:00,Q,CP_MEUR,NSA,B1GQ,IE,2003-Q1,35122.6,
ESTAT:NAMQ_10_GDP(1.0),24/10/24 23:00:00,Q,CP_MEUR,NSA,B1GQ,IE,2003-Q2,36095.3,
ESTAT:NAMQ_10_GDP(1.0),24/10/24 23:00:00,Q,CP_MEUR,NSA,B1GQ,IE,2003-Q3,35618.1,
ESTAT:NAMQ_10_GDP(1.0),24/10/24 23:00:00,Q,CP_MEUR,NSA,B1GQ,IE,2003-Q4,38740.8,
ESTAT:NAMQ_10_GDP(1.0),24/10/24 23:00:00,Q,CP_MEUR,NSA,B1GQ,IE,2004-Q1,38030.4,
ESTAT:NAMQ_10_GDP(1.0),24/10/24 23:00:00,Q,CP_MEUR,NSA,B1GQ,IE,2004-Q2,39342.7,
ESTAT:NAMQ_10_GDP(1.0),24/10/24 23:00:00,Q,CP_MEUR,NSA,B1GQ,IE,2004-Q3,38353.5,
ESTAT:NAMQ_10_GDP(1.0),24/10/24 23:00:00,Q,CP_MEUR,NSA,B1GQ,IE,2004-Q4,40533.4,
ESTAT:NAMQ_10_GDP(1.0),24/10/24 23:00:00,Q,CP_MEUR,NSA,B1GQ,IE,2005-Q1,41127.3,
ESTAT:NAMQ_10_GDP(1.0),24/10/24 23:00:00,Q,CP_MEUR,NSA,B1GQ,IE,2005-Q2,42748.5,
ESTAT:NAMQ_10_GDP(1.0),24/10/24 23:00:00,Q,CP_MEUR,NSA,B1GQ,IE,2005-Q3,42115.4,
ESTAT:NAMQ_10_GDP(1.0),24/10/24 23:00:00,Q,CP_MEUR,NSA,B1GQ,IE,2005-Q4,44315.5,
ESTAT:NAMQ_10_GDP(1.0),24/10/24 23:00:00,Q,CP_MEUR,NSA,B1GQ,IE,2006-Q1,45259.4,
ESTAT:NAMQ_10_GDP(1.0),24/10/24 23:00:00,Q,CP_MEUR,NSA,B1GQ,IE,2006-Q2,45955.2,
ESTAT:NAMQ_10_GDP(1.0),24/10/24 23:00:00,Q,CP_MEUR,NSA,B1GQ,IE,2006-Q3,46323.8,
ESTAT:NAMQ_10_GDP(1.0),24/10/24 23:00:00,Q,CP_MEUR,NSA,B1GQ,IE,2006-Q4,47377.8,
ESTAT:NAMQ_10_GDP(1.0),24/10/24 23:00:00,Q,CP_MEUR,NSA,B1GQ,IE,2007-Q1,49614.6,
ESTAT:NAMQ_10_GDP(1.0),24/10/24 23:00:00,Q,CP_MEUR,NSA,B1GQ,IE,2007-Q2,49427.8,
ESTAT:NAMQ_10_GDP(1.0),24/10/24 23:00:00,Q,CP_MEUR,NSA,B1GQ,IE,2007-Q3,48112.7,
ESTAT:NAMQ_10_GDP(1.0),24/10/24 23:00:00,Q,CP_MEUR,NSA,B1GQ,IE,2007-Q4,49914.4,
ESTAT:NAMQ_10_GDP(1.0),24/10/24 23:00:00,Q,CP_MEUR,NSA,B1GQ,IE,2008-Q1,48181.8,
ESTAT:NAMQ_10_GDP(1.0),24/10/24 23:00:00,Q,CP_MEUR,NSA,B1GQ,IE,2008-Q2,47175.3,
ESTAT:NAMQ_10_GDP(1.0),24/10/24 23:00:00,Q,CP_MEUR,NSA,B1GQ,IE,2008-Q3,46873.2,
ESTAT:NAMQ_10_GDP(1.0),24/10/24 23:00:00,Q,CP_MEUR,NSA,B1GQ,IE,2008-Q4,45052.7,
ESTAT:NAMQ_10_GDP(1.0),24/10/24 23:00:00,Q,CP_MEUR,NSA,B1GQ,IE,2009-Q1,43366.8,
ESTAT:NAMQ_10_GDP(1.0),24/10/24 23:00:00,Q,CP_MEUR,NSA,B1GQ,IE,2009-Q2,43069.7,
ESTAT:NAMQ_10_GDP(1.0),24/10/24 23:00:00,Q,CP_MEUR,NSA,B1GQ,IE,2009-Q3,42166.8,
ESTAT:NAMQ_10_GDP(1.0),24/10/24 23:00:00,Q,CP_MEUR,NSA,B1GQ,IE,2009-Q4,40916.4,
ESTAT:NAMQ_10_GDP(1.0),24/10/24 23:00:00,Q,CP_MEUR,NSA,B1GQ,IE,2010-Q1,41635.8,
ESTAT:NAMQ_10_GDP(1.0),24/10/24 23:00:00,Q,CP_MEUR,NSA,B1GQ,IE,2010-Q2,41674.8,
ESTAT:NAMQ_10_GDP(1.0),24/10/24 23:00:00,Q,CP_MEUR,NSA,B1GQ,IE,2010-Q3,42427.2,
ESTAT:NAMQ_10_GDP(1.0),24/10/24 23:00:00,Q,CP_MEUR,NSA,B1GQ,IE,2010-Q4,41708.0,
ESTAT:NAMQ_10_GDP(1.0),24/10/24 23:00:00,Q,CP_MEUR,NSA,B1GQ,IE,2011-Q1,42701.1,
ESTAT:NAMQ_10_GDP(1.0),24/10/24 23:00:00,Q,CP_MEUR,NSA,B1GQ,IE,2011-Q2,43748.9,
ESTAT:NAMQ_10_GDP(1.0),24/10/24 23:00:00,Q,CP_MEUR,NSA,B1GQ,IE,2011-Q3,43837.4,
ESTAT:NAMQ_10_GDP(1.0),24/10/24 23:00:00,Q,CP_MEUR,NSA,B1GQ,IE,2011-Q4,43092.7,
ESTAT:NAMQ_10_GDP(1.0),24/10/24 23:00:00,Q,CP_MEUR,NSA,B1GQ,IE,2012-Q1,43553.5,
ESTAT:NAMQ_10_GDP(1.0),24/10/24 23:00:00,Q,CP_MEUR,NSA,B1GQ,IE,2012-Q2,44635.2,
ESTAT:NAMQ_10_GDP(1.0),24/10/24 23:00:00,Q,CP_MEUR,NSA,B1GQ,IE,2012-Q3,44824.4,
ESTAT:NAMQ_10_GDP(1.0),24/10/24 23:00:00,Q,CP_MEUR,NSA,B1GQ,IE,2012-Q4,43880.5,
ESTAT:NAMQ_10_GDP(1.0),24/10/24 23:00:00,Q,CP_MEUR,NSA,B1GQ,IE,2013-Q1,43910.8,
ESTAT:NAMQ_10_GDP(1.0),24/10/24 23:00:00,Q,CP_MEUR,NSA,B1GQ,IE,2013-Q2,45322.0,
ESTAT:NAMQ_10_GDP(1.0),24/10/24 23:00:00,Q,CP_MEUR,NSA,B1GQ,IE,2013-Q3,47506.1,
ESTAT:NAMQ_10_GDP(1.0),24/10/24 23:00:00,Q,CP_MEUR,NSA,B1GQ,IE,2013-Q4,46453.9,
ESTAT:NAMQ_10_GDP(1.0),24/10/24 23:00:00,Q,CP_MEUR,NSA,B1GQ,IE,2014-Q1,47901.5,
ESTAT:NAMQ_10_GDP(1.0),24/10/24 23:00:00,Q,CP_MEUR,NSA,B1GQ,IE,2014-Q2,49697.9,
ESTAT:NAMQ_10_GDP(1.0),24/10/24 23:00:00,Q,CP_MEUR,NSA,B1GQ,IE,2014-Q3,51436.0,
ESTAT:NAMQ_10_GDP(1.0),24/10/24 23:00:00,Q,CP_MEUR,NSA,B1GQ,IE,2014-Q4,51782.9,
ESTAT:NAMQ_10_GDP(1.0),24/10/24 23:00:00,Q,CP_MEUR,NSA,B1GQ,IE,2015-Q1,65516.7,
ESTAT:NAMQ_10_GDP(1.0),24/10/24 23:00:00,Q,CP_MEUR,NSA,B1GQ,IE,2015-Q2,65681.4,
ESTAT:NAMQ_10_GDP(1.0),24/10/24 23:00:00,Q,CP_MEUR,NSA,B1GQ,IE,2015-Q3,69465.3,
ESTAT:NAMQ_10_GDP(1.0),24/10/24 23:00:00,Q,CP_MEUR,NSA,B1GQ,IE,2015-Q4,71880.9,
ESTAT:NAMQ_10_GDP(1.0),24/10/24 23:00:00,Q,CP_MEUR,NSA,B1GQ,IE,2016-Q1,65719.3,
ESTAT:NAMQ_10_GDP(1.0),24/10/24 23:00:00,Q,CP_MEUR,NSA,B1GQ,IE,2016-Q2,65159.7,
ESTAT:NAMQ_10_GDP(1.0),24/10/24 23:00:00,Q,CP_MEUR,NSA,B1GQ,IE,2016-Q3,69454.7,
ESTAT:NAMQ_10_GDP(1.0),24/10/24 23:00:00,Q,CP_MEUR,NSA,B1GQ,IE,2016-Q4,75872.1,
ESTAT:NAMQ_10_GDP(1.0),24/10/24 23:00:00,Q,CP_MEUR,NSA,B1GQ,IE,2017-Q1,72601.6,
ESTAT:NAMQ_10_GDP(1.0),24/10/24 23:00:00,Q,CP_MEUR,NSA,B1GQ,IE,2017-Q2,72795.0,
ESTAT:NAMQ_10_GDP(1.0),24/10/24 23:00:00,Q,CP_MEUR,NSA,B1GQ,IE,2017-Q3,79437.6,
ESTAT:NAMQ_10_GDP(1.0),24/10/24 23:00:00,Q,CP_MEUR,NSA,B1GQ,IE,2017-Q4,83688.6,
ESTAT:NAMQ_10_GDP(1.0),24/10/24 23:00:00,Q,CP_MEUR,NSA,B1GQ,IE,2018-Q1,81223.6,
ESTAT:NAMQ_10_GDP(1.0),24/10/24 23:00:00,Q,CP_MEUR,NSA,B1GQ,IE,2018-Q2,80608.6,
ESTAT:NAMQ_10_GDP(1.0),24/10/24 23:00:00,Q,CP_MEUR,NSA,B1GQ,IE,2018-Q3,85801.2,
ESTAT:NAMQ_10_GDP(1.0),24/10/24 23:00:00,Q,CP_MEUR,NSA,B1GQ,IE,2018-Q4,87232.3,
ESTAT:NAMQ_10_GDP(1.0),24/10/24 23:00:00,Q,CP_MEUR,NSA,B1GQ,IE,2019-Q1,87129.5,
ESTAT:NAMQ_10_GDP(1.0),24/10/24 23:00:00,Q,CP_MEUR,NSA,B1GQ,IE,2019-Q2,86795.3,
ESTAT:NAMQ_10_GDP(1.0),24/10/24 23:00:00,Q,CP_MEUR,NSA,B1GQ,IE,2019-Q3,93720.2,
ESTAT:NAMQ_10_GDP(1.0),24/10/24 23:00:00,Q,CP_MEUR,NSA,B1GQ,IE,2019-Q4,96029.9,
ESTAT:NAMQ_10_GDP(1.0),24/10/24 23:00:00,Q,CP_MEUR,NSA,B1GQ,IE,2020-Q1,95577.5,
ESTAT:NAMQ_10_GDP(1.0),24/10/24 23:00:00,Q,CP_MEUR,NSA,B1GQ,IE,2020-Q2,86726.3,
ESTAT:NAMQ_10_GDP(1.0),24/10/24 23:00:00,Q,CP_MEUR,NSA,B1GQ,IE,2020-Q3,101810.2,
ESTAT:NAMQ_10_GDP(1.0),24/10/24 23:00:00,Q,CP_MEUR,NSA,B1GQ,IE,2020-Q4,98093.2,
ESTAT:NAMQ_10_GDP(1.0),24/10/24 23:00:00,Q,CP_MEUR,NSA,B1GQ,IE,2021-Q1,106385.9,
ESTAT:NAMQ_10_GDP(1.0),24/10/24 23:00:00,Q,CP_MEUR,NSA,B1GQ,IE,2021-Q2,106992.1,
ESTAT:NAMQ_10_GDP(1.0),24/10/24 23:00:00,Q,CP_MEUR,NSA,B1GQ,IE,2021-Q3,118846.6,
ESTAT:NAMQ_10_GDP(1.0),24/10/24 23:00:00,Q,CP_MEUR,NSA,B1GQ,IE,2021-Q4,116991.9,
ESTAT:NAMQ_10_GDP(1.0),24/10/24 23:00:00,Q,CP_MEUR,NSA,B1GQ,IE,2022-Q1,122123.2,
ESTAT:NAMQ_10_GDP(1.0),24/10/24 23:00:00,Q,CP_MEUR,NSA,B1GQ,IE,2022-Q2,125474.8,
ESTAT:NAMQ_10_GDP(1.0),24/10/24 23:00:00,Q,CP_MEUR,NSA,B1GQ,IE,2022-Q3,138568.7,
ESTAT:NAMQ_10_GDP(1.0),24/10/24 23:00:00,Q,CP_MEUR,NSA,B1GQ,IE,2022-Q4,134768.6,
ESTAT:NAMQ_10_GDP(1.0),24/10/24 23:00:00,Q,CP_MEUR,NSA,B1GQ,IE,2023-Q1,127607.9,
ESTAT:NAMQ_10_GDP(1.0),24/10/24 23:00:00,Q,CP_MEUR,NSA,B1GQ,IE,2023-Q2,125575.8,
ESTAT:NAMQ_10_GDP(1.0),24/10/24 23:00:00,Q,CP_MEUR,NSA,B1GQ,IE,2023-Q3,129967.2,
ESTAT:NAMQ_10_GDP(1.0),24/10/24 23:00:00,Q,CP_MEUR,NSA,B1GQ,IE,2023-Q4,126800.9,
ESTAT:NAMQ_10_GDP(1.0),24/10/24 23:00:00,Q,CP_MEUR,NSA,B1GQ,IE,2024-Q1,125364.4,
ESTAT:NAMQ_10_GDP(1.0),24/10/24 23:00:00,Q,CP_MEUR,NSA,B1GQ,IE,2024-Q2,124920.8,
ESTAT:NAMQ_10_GDP(1.0),24/10/24 23:00:00,Q,CP_MEUR,NSA,B1GQ,IS,1995-Q1,1264.3,
ESTAT:NAMQ_10_GDP(1.0),24/10/24 23:00:00,Q,CP_MEUR,NSA,B1GQ,IS,1995-Q2,1352.7,
ESTAT:NAMQ_10_GDP(1.0),24/10/24 23:00:00,Q,CP_MEUR,NSA,B1GQ,IS,1995-Q3,1412.7,
ESTAT:NAMQ_10_GDP(1.0),24/10/24 23:00:00,Q,CP_MEUR,NSA,B1GQ,IS,1995-Q4,1411.1,
ESTAT:NAMQ_10_GDP(1.0),24/10/24 23:00:00,Q,CP_MEUR,NSA,B1GQ,IS,1996-Q1,1381.3,
ESTAT:NAMQ_10_GDP(1.0),24/10/24 23:00:00,Q,CP_MEUR,NSA,B1GQ,IS,1996-Q2,1439.8,
ESTAT:NAMQ_10_GDP(1.0),24/10/24 23:00:00,Q,CP_MEUR,NSA,B1GQ,IS,1996-Q3,1489.1,
ESTAT:NAMQ_10_GDP(1.0),24/10/24 23:00:00,Q,CP_MEUR,NSA,B1GQ,IS,1996-Q4,1524.7,
ESTAT:NAMQ_10_GDP(1.0),24/10/24 23:00:00,Q,CP_MEUR,NSA,B1GQ,IS,1997-Q1,1536.9,
ESTAT:NAMQ_10_GDP(1.0),24/10/24 23:00:00,Q,CP_MEUR,NSA,B1GQ,IS,1997-Q2,1631.0,
ESTAT:NAMQ_10_GDP(1.0),24/10/24 23:00:00,Q,CP_MEUR,NSA,B1GQ,IS,1997-Q3,1760.4,
ESTAT:NAMQ_10_GDP(1.0),24/10/24 23:00:00,Q,CP_MEUR,NSA,B1GQ,IS,1997-Q4,1747.0,
ESTAT:NAMQ_10_GDP(1.0),24/10/24 23:00:00,Q,CP_MEUR,NSA,B1GQ,IS,1998-Q1,1699.0,
ESTAT:NAMQ_10_GDP(1.0),24/10/24 23:00:00,Q,CP_MEUR,NSA,B1GQ,IS,1998-Q2,1931.8,
ESTAT:NAMQ_10_GDP(1.0),24/10/24 23:00:00,Q,CP_MEUR,NSA,B1GQ,IS,1998-Q3,1990.6,
ESTAT:NAMQ_10_GDP(1.0),24/10/24 23:00:00,Q,CP_MEUR,NSA,B1GQ,IS,1998-Q4,1949.4,
ESTAT:NAMQ_10_GDP(1.0),24/10/24 23:00:00,Q,CP_MEUR,NSA,B1GQ,IS,1999-Q1,1964.7,
ESTAT:NAMQ_10_GDP(1.0),24/10/24 23:00:00,Q,CP_MEUR,NSA,B1GQ,IS,1999-Q2,2010.5,
ESTAT:NAMQ_10_GDP(1.0),24/10/24 23:00:00,Q,CP_MEUR,NSA,B1GQ,IS,1999-Q3,2159.8,
ESTAT:NAMQ_10_GDP(1.0),24/10/24 23:00:00,Q,CP_MEUR,NSA,B1GQ,IS,1999-Q4,2293.1,
ESTAT:NAMQ_10_GDP(1.0),24/10/24 23:00:00,Q,CP_MEUR,NSA,B1GQ,IS,2000-Q1,2309.8,
ESTAT:NAMQ_10_GDP(1.0),24/10/24 23:00:00,Q,CP_MEUR,NSA,B1GQ,IS,2000-Q2,2448.4,
ESTAT:NAMQ_10_GDP(1.0),24/10/24 23:00:00,Q,CP_MEUR,NSA,B1GQ,IS,2000-Q3,2563.5,
ESTAT:NAMQ_10_GDP(1.0),24/10/24 23:00:00,Q,CP_MEUR,NSA,B1GQ,IS,2000-Q4,2453.3,
ESTAT:NAMQ_10_GDP(1.0),24/10/24 23:00:00,Q,CP_MEUR,NSA,B1GQ,IS,2001-Q1,2240.3,
ESTAT:NAMQ_10_GDP(1.0),24/10/24 23:00:00,Q,CP_MEUR,NSA,B1GQ,IS,2001-Q2,2271.4,
ESTAT:NAMQ_10_GDP(1.0),24/10/24 23:00:00,Q,CP_MEUR,NSA,B1GQ,IS,2001-Q3,2329.4,
ESTAT:NAMQ_10_GDP(1.0),24/10/24 23:00:00,Q,CP_MEUR,NSA,B1GQ,IS,2001-Q4,2326.9,
ESTAT:NAMQ_10_GDP(1.0),24/10/24 23:00:00,Q,CP_MEUR,NSA,B1GQ,IS,2002-Q1,2287.7,
ESTAT:NAMQ_10_GDP(1.0),24/10/24 23:00:00,Q,CP_MEUR,NSA,B1GQ,IS,2002-Q2,2493.3,
ESTAT:NAMQ_10_GDP(1.0),24/10/24 23:00:00,Q,CP_MEUR,NSA,B1GQ,IS,2002-Q3,2588.3,
ESTAT:NAMQ_10_GDP(1.0),24/10/24 23:00:00,Q,CP_MEUR,NSA,B1GQ,IS,2002-Q4,2547.2,
ESTAT:NAMQ_10_GDP(1.0),24/10/24 23:00:00,Q,CP_MEUR,NSA,B1GQ,IS,2003-Q1,2602.6,
ESTAT:NAMQ_10_GDP(1.0),24/10/24 23:00:00,Q,CP_MEUR,NSA,B1GQ,IS,2003-Q2,2520.7,
ESTAT:NAMQ_10_GDP(1.0),24/10/24 23:00:00,Q,CP_MEUR,NSA,B1GQ,IS,2003-Q3,2524.2,
ESTAT:NAMQ_10_GDP(1.0),24/10/24 23:00:00,Q,CP_MEUR,NSA,B1GQ,IS,2003-Q4,2479.0,
ESTAT:NAMQ_10_GDP(1.0),24/10/24 23:00:00,Q,CP_MEUR,NSA,B1GQ,IS,2004-Q1,2687.5,
ESTAT:NAMQ_10_GDP(1.0),24/10/24 23:00:00,Q,CP_MEUR,NSA,B1GQ,IS,2004-Q2,2650.0,
ESTAT:NAMQ_10_GDP(1.0),24/10/24 23:00:00,Q,CP_MEUR,NSA,B1GQ,IS,2004-Q3,2867.9,
ESTAT:NAMQ_10_GDP(1.0),24/10/24 23:00:00,Q,CP_MEUR,NSA,B1GQ,IS,2004-Q4,2932.3,
ESTAT:NAMQ_10_GDP(1.0),24/10/24 23:00:00,Q,CP_MEUR,NSA,B1GQ,IS,2005-Q1,3086.5,
ESTAT:NAMQ_10_GDP(1.0),24/10/24 23:00:00,Q,CP_MEUR,NSA,B1GQ,IS,2005-Q2,3235.6,
ESTAT:NAMQ_10_GDP(1.0),24/10/24 23:00:00,Q,CP_MEUR,NSA,B1GQ,IS,2005-Q3,3578.4,
ESTAT:NAMQ_10_GDP(1.0),24/10/24 23:00:00,Q,CP_MEUR,NSA,B1GQ,IS,2005-Q4,3699.0,
ESTAT:NAMQ_10_GDP(1.0),24/10/24 23:00:00,Q,CP_MEUR,NSA,B1GQ,IS,2006-Q1,3648.2,
ESTAT:NAMQ_10_GDP(1.0),24/10/24 23:00:00,Q,CP_MEUR,NSA,B1GQ,IS,2006-Q2,3247.7,
ESTAT:NAMQ_10_GDP(1.0),24/10/24 23:00:00,Q,CP_MEUR,NSA,B1GQ,IS,2006-Q3,3490.3,
ESTAT:NAMQ_10_GDP(1.0),24/10/24 23:00:00,Q,CP_MEUR,NSA,B1GQ,IS,2006-Q4,3599.2,
ESTAT:NAMQ_10_GDP(1.0),24/10/24 23:00:00,Q,CP_MEUR,NSA,B1GQ,IS,2007-Q1,3649.1,
ESTAT:NAMQ_10_GDP(1.0),24/10/24 23:00:00,Q,CP_MEUR,NSA,B1GQ,IS,2007-Q2,4032.0,
ESTAT:NAMQ_10_GDP(1.0),24/10/24 23:00:00,Q,CP_MEUR,NSA,B1GQ,IS,2007-Q3,4102.8,
ESTAT:NAMQ_10_GDP(1.0),24/10/24 23:00:00,Q,CP_MEUR,NSA,B1GQ,IS,2007-Q4,4052.1,
ESTAT:NAMQ_10_GDP(1.0),24/10/24 23:00:00,Q,CP_MEUR,NSA,B1GQ,IS,2008-Q1,3540.7,
ESTAT:NAMQ_10_GDP(1.0),24/10/24 23:00:00,Q,CP_MEUR,NSA,B1GQ,IS,2008-Q2,3267.5,
ESTAT:NAMQ_10_GDP(1.0),24/10/24 23:00:00,Q,CP_MEUR,NSA,B1GQ,IS,2008-Q3,3224.8,
ESTAT:NAMQ_10_GDP(1.0),24/10/24 23:00:00,Q,CP_MEUR,NSA,B1GQ,IS,2008-Q4,1669.7,
ESTAT:NAMQ_10_GDP(1.0),24/10/24 23:00:00,Q,CP_MEUR,NSA,B1GQ,IS,2009-Q1,2478.1,
ESTAT:NAMQ_10_GDP(1.0),24/10/24 23:00:00,Q,CP_MEUR,NSA,B1GQ,IS,2009-Q2,2293.3,
ESTAT:NAMQ_10_GDP(1.0),24/10/24 23:00:00,Q,CP_MEUR,NSA,B1GQ,IS,2009-Q3,2366.2,
ESTAT:NAMQ_10_GDP(1.0),24/10/24 23:00:00,Q,CP_MEUR,NSA,B1GQ,IS,2009-Q4,2304.1,
ESTAT:NAMQ_10_GDP(1.0),24/10/24 23:00:00,Q,CP_MEUR,NSA,B1GQ,IS,2010-Q1,2288.7,
ESTAT:NAMQ_10_GDP(1.0),24/10/24 23:00:00,Q,CP_MEUR,NSA,B1GQ,IS,2010-Q2,2566.5,
ESTAT:NAMQ_10_GDP(1.0),24/10/24 23:00:00,Q,CP_MEUR,NSA,B1GQ,IS,2010-Q3,2785.4,
ESTAT:NAMQ_10_GDP(1.0),24/10/24 23:00:00,Q,CP_MEUR,NSA,B1GQ,IS,2010-Q4,2777.6,
ESTAT:NAMQ_10_GDP(1.0),24/10/24 23:00:00,Q,CP_MEUR,NSA,B1GQ,IS,2011-Q1,2622.1,
ESTAT:NAMQ_10_GDP(1.0),24/10/24 23:00:00,Q,CP_MEUR,NSA,B1GQ,IS,2011-Q2,2636.6,
ESTAT:NAMQ_10_GDP(1.0),24/10/24 23:00:00,Q,CP_MEUR,NSA,B1GQ,IS,2011-Q3,2841.8,
ESTAT:NAMQ_10_GDP(1.0),24/10/24 23:00:00,Q,CP_MEUR,NSA,B1GQ,IS,2011-Q4,2830.5,
ESTAT:NAMQ_10_GDP(1.0),24/10/24 23:00:00,Q,CP_MEUR,NSA,B1GQ,IS,2012-Q1,2735.8,
ESTAT:NAMQ_10_GDP(1.0),24/10/24 23:00:00,Q,CP_MEUR,NSA,B1GQ,IS,2012-Q2,2754.5,
ESTAT:NAMQ_10_GDP(1.0),24/10/24 23:00:00,Q,CP_MEUR,NSA,B1GQ,IS,2012-Q3,3126.9,
ESTAT:NAMQ_10_GDP(1.0),24/10/24 23:00:00,Q,CP_MEUR,NSA,B1GQ,IS,2012-Q4,2873.6,
ESTAT:NAMQ_10_GDP(1.0),24/10/24 23:00:00,Q,CP_MEUR,NSA,B1GQ,IS,2013-Q1,2829.0,
ESTAT:NAMQ_10_GDP(1.0),24/10/24 23:00:00,Q,CP_MEUR,NSA,B1GQ,IS,2013-Q2,3087.5,
ESTAT:NAMQ_10_GDP(1.0),24/10/24 23:00:00,Q,CP_MEUR,NSA,B1GQ,IS,2013-Q3,3171.2,
ESTAT:NAMQ_10_GDP(1.0),24/10/24 23:00:00,Q,CP_MEUR,NSA,B1GQ,IS,2013-Q4,3057.0,
ESTAT:NAMQ_10_GDP(1.0),24/10/24 23:00:00,Q,CP_MEUR,NSA,B1GQ,IS,2014-Q1,3007.7,
ESTAT:NAMQ_10_GDP(1.0),24/10/24 23:00:00,Q,CP_MEUR,NSA,B1GQ,IS,2014-Q2,3259.3,
ESTAT:NAMQ_10_GDP(1.0),24/10/24 23:00:00,Q,CP_MEUR,NSA,B1GQ,IS,2014-Q3,3638.5,
ESTAT:NAMQ_10_GDP(1.0),24/10/24 23:00:00,Q,CP_MEUR,NSA,B1GQ,IS,2014-Q4,3573.1,
ESTAT:NAMQ_10_GDP(1.0),24/10/24 23:00:00,Q,CP_MEUR,NSA,B1GQ,IS,2015-Q1,3599.5,
ESTAT:NAMQ_10_GDP(1.0),24/10/24 23:00:00,Q,CP_MEUR,NSA,B1GQ,IS,2015-Q2,3928.3,
ESTAT:NAMQ_10_GDP(1.0),24/10/24 23:00:00,Q,CP_MEUR,NSA,B1GQ,IS,2015-Q3,4138.7,
ESTAT:NAMQ_10_GDP(1.0),24/10/24 23:00:00,Q,CP_MEUR,NSA,B1GQ,IS,2015-Q4,4139.9,
ESTAT:NAMQ_10_GDP(1.0),24/10/24 23:00:00,Q,CP_MEUR,NSA,B1GQ,IS,2016-Q1,4000.9,
ESTAT:NAMQ_10_GDP(1.0),24/10/24 23:00:00,Q,CP_MEUR,NSA,B1GQ,IS,2016-Q2,4434.0,
ESTAT:NAMQ_10_GDP(1.0),24/10/24 23:00:00,Q,CP_MEUR,NSA,B1GQ,IS,2016-Q3,5125.5,
ESTAT:NAMQ_10_GDP(1.0),24/10/24 23:00:00,Q,CP_MEUR,NSA,B1GQ,IS,2016-Q4,5333.7,
ESTAT:NAMQ_10_GDP(1.0),24/10/24 23:00:00,Q,CP_MEUR,NSA,B1GQ,IS,2017-Q1,5016.5,
ESTAT:NAMQ_10_GDP(1.0),24/10/24 23:00:00,Q,CP_MEUR,NSA,B1GQ,IS,2017-Q2,5646.4,
ESTAT:NAMQ_10_GDP(1.0),24/10/24 23:00:00,Q,CP_MEUR,NSA,B1GQ,IS,2017-Q3,5745.0,
ESTAT:NAMQ_10_GDP(1.0),24/10/24 23:00:00,Q,CP_MEUR,NSA,B1GQ,IS,2017-Q4,5524.1,
ESTAT:NAMQ_10_GDP(1.0),24/10/24 23:00:00,Q,CP_MEUR,NSA,B1GQ,IS,2018-Q1,5330.6,
ESTAT:NAMQ_10_GDP(1.0),24/10/24 23:00:00,Q,CP_MEUR,NSA,B1GQ,IS,2018-Q2,5774.3,
ESTAT:NAMQ_10_GDP(1.0),24/10/24 23:00:00,Q,CP_MEUR,NSA,B1GQ,IS,2018-Q3,5918.5,
ESTAT:NAMQ_10_GDP(1.0),24/10/24 23:00:00,Q,CP_MEUR,NSA,B1GQ,IS,2018-Q4,5306.3,
ESTAT:NAMQ_10_GDP(1.0),24/10/24 23:00:00,Q,CP_MEUR,NSA,B1GQ,IS,2019-Q1,5045.7,
ESTAT:NAMQ_10_GDP(1.0),24/10/24 23:00:00,Q,CP_MEUR,NSA,B1GQ,IS,2019-Q2,5530.9,
ESTAT:NAMQ_10_GDP(1.0),24/10/24 23:00:00,Q,CP_MEUR,NSA,B1GQ,IS,2019-Q3,5781.7,
ESTAT:NAMQ_10_GDP(1.0),24/10/24 23:00:00,Q,CP_MEUR,NSA,B1GQ,IS,2019-Q4,5680.6,
ESTAT:NAMQ_10_GDP(1.0),24/10/24 23:00:00,Q,CP_MEUR,NSA,B1GQ,IS,2020-Q1,4976.8,
ESTAT:NAMQ_10_GDP(1.0),24/10/24 23:00:00,Q,CP_MEUR,NSA,B1GQ,IS,2020-Q2,4517.8,
ESTAT:NAMQ_10_GDP(1.0),24/10/24 23:00:00,Q,CP_MEUR,NSA,B1GQ,IS,2020-Q3,4706.0,
ESTAT:NAMQ_10_GDP(1.0),24/10/24 23:00:00,Q,CP_MEUR,NSA,B1GQ,IS,2020-Q4,4776.7,
ESTAT:NAMQ_10_GDP(1.0),24/10/24 23:00:00,Q,CP_MEUR,NSA,B1GQ,IS,2021-Q1,4751.6,
ESTAT:NAMQ_10_GDP(1.0),24/10/24 23:00:00,Q,CP_MEUR,NSA,B1GQ,IS,2021-Q2,5283.3,
ESTAT:NAMQ_10_GDP(1.0),24/10/24 23:00:00,Q,CP_MEUR,NSA,B1GQ,IS,2021-Q3,5937.7,
ESTAT:NAMQ_10_GDP(1.0),24/10/24 23:00:00,Q,CP_MEUR,NSA,B1GQ,IS,2021-Q4,5890.0,
ESTAT:NAMQ_10_GDP(1.0),24/10/24 23:00:00,Q,CP_MEUR,NSA,B1GQ,IS,2022-Q1,6147.2,
ESTAT:NAMQ_10_GDP(1.0),24/10/24 23:00:00,Q,CP_MEUR,NSA,B1GQ,IS,2022-Q2,6855.5,
ESTAT:NAMQ_10_GDP(1.0),24/10/24 23:00:00,Q,CP_MEUR,NSA,B1GQ,IS,2022-Q3,7517.4,
ESTAT:NAMQ_10_GDP(1.0),24/10/24 23:00:00,Q,CP_MEUR,NSA,B1GQ,IS,2022-Q4,6859.3,
ESTAT:NAMQ_10_GDP(1.0),24/10/24 23:00:00,Q,CP_MEUR,NSA,B1GQ,IS,2023-Q1,6781.7,
ESTAT:NAMQ_10_GDP(1.0),24/10/24 23:00:00,Q,CP_MEUR,NSA,B1GQ,IS,2023-Q2,7194.1,
ESTAT:NAMQ_10_GDP(1.0),24/10/24 23:00:00,Q,CP_MEUR,NSA,B1GQ,IS,2023-Q3,7811.5,
ESTAT:NAMQ_10_GDP(1.0),24/10/24 23:00:00,Q,CP_MEUR,NSA,B1GQ,IS,2023-Q4,7211.3,
ESTAT:NAMQ_10_GDP(1.0),24/10/24 23:00:00,Q,CP_MEUR,NSA,B1GQ,IS,2024-Q1,7045.8,
ESTAT:NAMQ_10_GDP(1.0),24/10/24 23:00:00,Q,CP_MEUR,NSA,B1GQ,IS,2024-Q2,7517.4,
ESTAT:NAMQ_10_GDP(1.0),24/10/24 23:00:00,Q,CP_MEUR,NSA,B1GQ,IT,1995-Q1,211263.5,
ESTAT:NAMQ_10_GDP(1.0),24/10/24 23:00:00,Q,CP_MEUR,NSA,B1GQ,IT,1995-Q2,214037.6,
ESTAT:NAMQ_10_GDP(1.0),24/10/24 23:00:00,Q,CP_MEUR,NSA,B1GQ,IT,1995-Q3,223373.8,
ESTAT:NAMQ_10_GDP(1.0),24/10/24 23:00:00,Q,CP_MEUR,NSA,B1GQ,IT,1995-Q4,251564.4,
ESTAT:NAMQ_10_GDP(1.0),24/10/24 23:00:00,Q,CP_MEUR,NSA,B1GQ,IT,1996-Q1,233989.0,
ESTAT:NAMQ_10_GDP(1.0),24/10/24 23:00:00,Q,CP_MEUR,NSA,B1GQ,IT,1996-Q2,258777.7,
ESTAT:NAMQ_10_GDP(1.0),24/10/24 23:00:00,Q,CP_MEUR,NSA,B1GQ,IT,1996-Q3,258016.2,
ESTAT:NAMQ_10_GDP(1.0),24/10/24 23:00:00,Q,CP_MEUR,NSA,B1GQ,IT,1996-Q4,286219.5,
ESTAT:NAMQ_10_GDP(1.0),24/10/24 23:00:00,Q,CP_MEUR,NSA,B1GQ,IT,1997-Q1,252762.8,
ESTAT:NAMQ_10_GDP(1.0),24/10/24 23:00:00,Q,CP_MEUR,NSA,B1GQ,IT,1997-Q2,273017.5,
ESTAT:NAMQ_10_GDP(1.0),24/10/24 23:00:00,Q,CP_MEUR,NSA,B1GQ,IT,1997-Q3,272000.7,
ESTAT:NAMQ_10_GDP(1.0),24/10/24 23:00:00,Q,CP_MEUR,NSA,B1GQ,IT,1997-Q4,301175.8,
ESTAT:NAMQ_10_GDP(1.0),24/10/24 23:00:00,Q,CP_MEUR,NSA,B1GQ,IT,1998-Q1,263617.1,
ESTAT:NAMQ_10_GDP(1.0),24/10/24 23:00:00,Q,CP_MEUR,NSA,B1GQ,IT,1998-Q2,283638.8,
ESTAT:NAMQ_10_GDP(1.0),24/10/24 23:00:00,Q,CP_MEUR,NSA,B1GQ,IT,1998-Q3,279648.0,
ESTAT:NAMQ_10_GDP(1.0),24/10/24 23:00:00,Q,CP_MEUR,NSA,B1GQ,IT,1998-Q4,310098.5,
ESTAT:NAMQ_10_GDP(1.0),24/10/24 23:00:00,Q,CP_MEUR,NSA,B1GQ,IT,1999-Q1,272795.4,
ESTAT:NAMQ_10_GDP(1.0),24/10/24 23:00:00,Q,CP_MEUR,NSA,B1GQ,IT,1999-Q2,291693.7,
ESTAT:NAMQ_10_GDP(1.0),24/10/24 23:00:00,Q,CP_MEUR,NSA,B1GQ,IT,1999-Q3,288995.7,
ESTAT:NAMQ_10_GDP(1.0),24/10/24 23:00:00,Q,CP_MEUR,NSA,B1GQ,IT,1999-Q4,324064.9,
ESTAT:NAMQ_10_GDP(1.0),24/10/24 23:00:00,Q,CP_MEUR,NSA,B1GQ,IT,2000-Q1,289361.4,
ESTAT:NAMQ_10_GDP(1.0),24/10/24 23:00:00,Q,CP_MEUR,NSA,B1GQ,IT,2000-Q2,308909.3,
ESTAT:NAMQ_10_GDP(1.0),24/10/24 23:00:00,Q,CP_MEUR,NSA,B1GQ,IT,2000-Q3,305187.7,
ESTAT:NAMQ_10_GDP(1.0),24/10/24 23:00:00,Q,CP_MEUR,NSA,B1GQ,IT,2000-Q4,341285.9,
ESTAT:NAMQ_10_GDP(1.0),24/10/24 23:00:00,Q,CP_MEUR,NSA,B1GQ,IT,2001-Q1,306038.2,
ESTAT:NAMQ_10_GDP(1.0),24/10/24 23:00:00,Q,CP_MEUR,NSA,B1GQ,IT,2001-Q2,326799.0,
ESTAT:NAMQ_10_GDP(1.0),24/10/24 23:00:00,Q,CP_MEUR,NSA,B1GQ,IT,2001-Q3,320129.7,
ESTAT:NAMQ_10_GDP(1.0),24/10/24 23:00:00,Q,CP_MEUR,NSA,B1GQ,IT,2001-Q4,355656.2,
ESTAT:NAMQ_10_GDP(1.0),24/10/24 23:00:00,Q,CP_MEUR,NSA,B1GQ,IT,2002-Q1,314805.4,
ESTAT:NAMQ_10_GDP(1.0),24/10/24 23:00:00,Q,CP_MEUR,NSA,B1GQ,IT,2002-Q2,337520.0,
ESTAT:NAMQ_10_GDP(1.0),24/10/24 23:00:00,Q,CP_MEUR,NSA,B1GQ,IT,2002-Q3,334210.5,
ESTAT:NAMQ_10_GDP(1.0),24/10/24 23:00:00,Q,CP_MEUR,NSA,B1GQ,IT,2002-Q4,368986.5,
ESTAT:NAMQ_10_GDP(1.0),24/10/24 23:00:00,Q,CP_MEUR,NSA,B1GQ,IT,2003-Q1,325530.4,
ESTAT:NAMQ_10_GDP(1.0),24/10/24 23:00:00,Q,CP_MEUR,NSA,B1GQ,IT,2003-Q2,348349.1,
ESTAT:NAMQ_10_GDP(1.0),24/10/24 23:00:00,Q,CP_MEUR,NSA,B1GQ,IT,2003-Q3,346025.6,
ESTAT:NAMQ_10_GDP(1.0),24/10/24 23:00:00,Q,CP_MEUR,NSA,B1GQ,IT,2003-Q4,379480.9,
ESTAT:NAMQ_10_GDP(1.0),24/10/24 23:00:00,Q,CP_MEUR,NSA,B1GQ,IT,2004-Q1,337330.2,
ESTAT:NAMQ_10_GDP(1.0),24/10/24 23:00:00,Q,CP_MEUR,NSA,B1GQ,IT,2004-Q2,364732.8,
ESTAT:NAMQ_10_GDP(1.0),24/10/24 23:00:00,Q,CP_MEUR,NSA,B1GQ,IT,2004-Q3,359343.6,
ESTAT:NAMQ_10_GDP(1.0),24/10/24 23:00:00,Q,CP_MEUR,NSA,B1GQ,IT,2004-Q4,395949.6,
ESTAT:NAMQ_10_GDP(1.0),24/10/24 23:00:00,Q,CP_MEUR,NSA,B1GQ,IT,2005-Q1,347861.2,
ESTAT:NAMQ_10_GDP(1.0),24/10/24 23:00:00,Q,CP_MEUR,NSA,B1GQ,IT,2005-Q2,373713.0,
ESTAT:NAMQ_10_GDP(1.0),24/10/24 23:00:00,Q,CP_MEUR,NSA,B1GQ,IT,2005-Q3,369320.7,
ESTAT:NAMQ_10_GDP(1.0),24/10/24 23:00:00,Q,CP_MEUR,NSA,B1GQ,IT,2005-Q4,408178.2,
ESTAT:NAMQ_10_GDP(1.0),24/10/24 23:00:00,Q,CP_MEUR,NSA,B1GQ,IT,2006-Q1,364051.4,
ESTAT:NAMQ_10_GDP(1.0),24/10/24 23:00:00,Q,CP_MEUR,NSA,B1GQ,IT,2006-Q2,389755.1,
ESTAT:NAMQ_10_GDP(1.0),24/10/24 23:00:00,Q,CP_MEUR,NSA,B1GQ,IT,2006-Q3,384070.2,
ESTAT:NAMQ_10_GDP(1.0),24/10/24 23:00:00,Q,CP_MEUR,NSA,B1GQ,IT,2006-Q4,421987.5,
ESTAT:NAMQ_10_GDP(1.0),24/10/24 23:00:00,Q,CP_MEUR,NSA,B1GQ,IT,2007-Q1,380050.0,
ESTAT:NAMQ_10_GDP(1.0),24/10/24 23:00:00,Q,CP_MEUR,NSA,B1GQ,IT,2007-Q2,404532.2,
ESTAT:NAMQ_10_GDP(1.0),24/10/24 23:00:00,Q,CP_MEUR,NSA,B1GQ,IT,2007-Q3,399969.4,
ESTAT:NAMQ_10_GDP(1.0),24/10/24 23:00:00,Q,CP_MEUR,NSA,B1GQ,IT,2007-Q4,437163.0,
ESTAT:NAMQ_10_GDP(1.0),24/10/24 23:00:00,Q,CP_MEUR,NSA,B1GQ,IT,2008-Q1,392674.3,
ESTAT:NAMQ_10_GDP(1.0),24/10/24 23:00:00,Q,CP_MEUR,NSA,B1GQ,IT,2008-Q2,416385.2,
ESTAT:NAMQ_10_GDP(1.0),24/10/24 23:00:00,Q,CP_MEUR,NSA,B1GQ,IT,2008-Q3,407104.3,
ESTAT:NAMQ_10_GDP(1.0),24/10/24 23:00:00,Q,CP_MEUR,NSA,B1GQ,IT,2008-Q4,427555.0,
ESTAT:NAMQ_10_GDP(1.0),24/10/24 23:00:00,Q,CP_MEUR,NSA,B1GQ,IT,2009-Q1,374634.4,
ESTAT:NAMQ_10_GDP(1.0),24/10/24 23:00:00,Q,CP_MEUR,NSA,B1GQ,IT,2009-Q2,393377.7,
ESTAT:NAMQ_10_GDP(1.0),24/10/24 23:00:00,Q,CP_MEUR,NSA,B1GQ,IT,2009-Q3,393271.6,
ESTAT:NAMQ_10_GDP(1.0),24/10/24 23:00:00,Q,CP_MEUR,NSA,B1GQ,IT,2009-Q4,422823.0,
ESTAT:NAMQ_10_GDP(1.0),24/10/24 23:00:00,Q,CP_MEUR,NSA,B1GQ,IT,2010-Q1,377722.3,
ESTAT:NAMQ_10_GDP(1.0),24/10/24 23:00:00,Q,CP_MEUR,NSA,B1GQ,IT,2010-Q2,403519.1,
ESTAT:NAMQ_10_GDP(1.0),24/10/24 23:00:00,Q,CP_MEUR,NSA,B1GQ,IT,2010-Q3,402208.2,
ESTAT:NAMQ_10_GDP(1.0),24/10/24 23:00:00,Q,CP_MEUR,NSA,B1GQ,IT,2010-Q4,434495.0,
ESTAT:NAMQ_10_GDP(1.0),24/10/24 23:00:00,Q,CP_MEUR,NSA,B1GQ,IT,2011-Q1,393155.0,
ESTAT:NAMQ_10_GDP(1.0),24/10/24 23:00:00,Q,CP_MEUR,NSA,B1GQ,IT,2011-Q2,414609.9,
ESTAT:NAMQ_10_GDP(1.0),24/10/24 23:00:00,Q,CP_MEUR,NSA,B1GQ,IT,2011-Q3,412729.3,
ESTAT:NAMQ_10_GDP(1.0),24/10/24 23:00:00,Q,CP_MEUR,NSA,B1GQ,IT,2011-Q4,436868.0,
ESTAT:NAMQ_10_GDP(1.0),24/10/24 23:00:00,Q,CP_MEUR,NSA,B1GQ,IT,2012-Q1,389843.0,
ESTAT:NAMQ_10_GDP(1.0),24/10/24 23:00:00,Q,CP_MEUR,NSA,B1GQ,IT,2012-Q2,407139.5,
ESTAT:NAMQ_10_GDP(1.0),24/10/24 23:00:00,Q,CP_MEUR,NSA,B1GQ,IT,2012-Q3,405592.6,
ESTAT:NAMQ_10_GDP(1.0),24/10/24 23:00:00,Q,CP_MEUR,NSA,B1GQ,IT,2012-Q4,430323.3,
ESTAT:NAMQ_10_GDP(1.0),24/10/24 23:00:00,Q,CP_MEUR,NSA,B1GQ,IT,2013-Q1,379795.9,
ESTAT:NAMQ_10_GDP(1.0),24/10/24 23:00:00,Q,CP_MEUR,NSA,B1GQ,IT,2013-Q2,403270.6,
ESTAT:NAMQ_10_GDP(1.0),24/10/24 23:00:00,Q,CP_MEUR,NSA,B1GQ,IT,2013-Q3,406397.5,
ESTAT:NAMQ_10_GDP(1.0),24/10/24 23:00:00,Q,CP_MEUR,NSA,B1GQ,IT,2013-Q4,431796.8,
ESTAT:NAMQ_10_GDP(1.0),24/10/24 23:00:00,Q,CP_MEUR,NSA,B1GQ,IT,2014-Q1,386117.0,
ESTAT:NAMQ_10_GDP(1.0),24/10/24 23:00:00,Q,CP_MEUR,NSA,B1GQ,IT,2014-Q2,406926.9,
ESTAT:NAMQ_10_GDP(1.0),24/10/24 23:00:00,Q,CP_MEUR,NSA,B1GQ,IT,2014-Q3,408533.4,
ESTAT:NAMQ_10_GDP(1.0),24/10/24 23:00:00,Q,CP_MEUR,NSA,B1GQ,IT,2014-Q4,434293.3,
ESTAT:NAMQ_10_GDP(1.0),24/10/24 23:00:00,Q,CP_MEUR,NSA,B1GQ,IT,2015-Q1,390378.5,
ESTAT:NAMQ_10_GDP(1.0),24/10/24 23:00:00,Q,CP_MEUR,NSA,B1GQ,IT,2015-Q2,413939.4,
ESTAT:NAMQ_10_GDP(1.0),24/10/24 23:00:00,Q,CP_MEUR,NSA,B1GQ,IT,2015-Q3,416446.6,
ESTAT:NAMQ_10_GDP(1.0),24/10/24 23:00:00,Q,CP_MEUR,NSA,B1GQ,IT,2015-Q4,442513.2,
ESTAT:NAMQ_10_GDP(1.0),24/10/24 23:00:00,Q,CP_MEUR,NSA,B1GQ,IT,2016-Q1,401370.3,
ESTAT:NAMQ_10_GDP(1.0),24/10/24 23:00:00,Q,CP_MEUR,NSA,B1GQ,IT,2016-Q2,424230.3,
ESTAT:NAMQ_10_GDP(1.0),24/10/24 23:00:00,Q,CP_MEUR,NSA,B1GQ,IT,2016-Q3,426048.8,
ESTAT:NAMQ_10_GDP(1.0),24/10/24 23:00:00,Q,CP_MEUR,NSA,B1GQ,IT,2016-Q4,453207.2,
ESTAT:NAMQ_10_GDP(1.0),24/10/24 23:00:00,Q,CP_MEUR,NSA,B1GQ,IT,2017-Q1,411768.8,
ESTAT:NAMQ_10_GDP(1.0),24/10/24 23:00:00,Q,CP_MEUR,NSA,B1GQ,IT,2017-Q2,433608.7,
ESTAT:NAMQ_10_GDP(1.0),24/10/24 23:00:00,Q,CP_MEUR,NSA,B1GQ,IT,2017-Q3,433299.5,
ESTAT:NAMQ_10_GDP(1.0),24/10/24 23:00:00,Q,CP_MEUR,NSA,B1GQ,IT,2017-Q4,465816.0,
ESTAT:NAMQ_10_GDP(1.0),24/10/24 23:00:00,Q,CP_MEUR,NSA,B1GQ,IT,2018-Q1,421403.7,
ESTAT:NAMQ_10_GDP(1.0),24/10/24 23:00:00,Q,CP_MEUR,NSA,B1GQ,IT,2018-Q2,442266.4,
ESTAT:NAMQ_10_GDP(1.0),24/10/24 23:00:00,Q,CP_MEUR,NSA,B1GQ,IT,2018-Q3,440841.4,
ESTAT:NAMQ_10_GDP(1.0),24/10/24 23:00:00,Q,CP_MEUR,NSA,B1GQ,IT,2018-Q4,473232.9,
ESTAT:NAMQ_10_GDP(1.0),24/10/24 23:00:00,Q,CP_MEUR,NSA,B1GQ,IT,2019-Q1,426467.5,
ESTAT:NAMQ_10_GDP(1.0),24/10/24 23:00:00,Q,CP_MEUR,NSA,B1GQ,IT,2019-Q2,447988.7,
ESTAT:NAMQ_10_GDP(1.0),24/10/24 23:00:00,Q,CP_MEUR,NSA,B1GQ,IT,2019-Q3,449443.1,
ESTAT:NAMQ_10_GDP(1.0),24/10/24 23:00:00,Q,CP_MEUR,NSA,B1GQ,IT,2019-Q4,480167.5,
ESTAT:NAMQ_10_GDP(1.0),24/10/24 23:00:00,Q,CP_MEUR,NSA,B1GQ,IT,2020-Q1,404868.3,
ESTAT:NAMQ_10_GDP(1.0),24/10/24 23:00:00,Q,CP_MEUR,NSA,B1GQ,IT,2020-Q2,375475.3,
ESTAT:NAMQ_10_GDP(1.0),24/10/24 23:00:00,Q,CP_MEUR,NSA,B1GQ,IT,2020-Q3,428614.4,
ESTAT:NAMQ_10_GDP(1.0),24/10/24 23:00:00,Q,CP_MEUR,NSA,B1GQ,IT,2020-Q4,461053.8,
ESTAT:NAMQ_10_GDP(1.0),24/10/24 23:00:00,Q,CP_MEUR,NSA,B1GQ,IT,2021-Q1,420047.1,
ESTAT:NAMQ_10_GDP(1.0),24/10/24 23:00:00,Q,CP_MEUR,NSA,B1GQ,IT,2021-Q2,451018.2,
ESTAT:NAMQ_10_GDP(1.0),24/10/24 23:00:00,Q,CP_MEUR,NSA,B1GQ,IT,2021-Q3,467341.4,
ESTAT:NAMQ_10_GDP(1.0),24/10/24 23:00:00,Q,CP_MEUR,NSA,B1GQ,IT,2021-Q4,504100.8,
ESTAT:NAMQ_10_GDP(1.0),24/10/24 23:00:00,Q,CP_MEUR,NSA,B1GQ,IT,2022-Q1,463245.0,
ESTAT:NAMQ_10_GDP(1.0),24/10/24 23:00:00,Q,CP_MEUR,NSA,B1GQ,IT,2022-Q2,494642.1,
ESTAT:NAMQ_10_GDP(1.0),24/10/24 23:00:00,Q,CP_MEUR,NSA,B1GQ,IT,2022-Q3,500094.8,
ESTAT:NAMQ_10_GDP(1.0),24/10/24 23:00:00,Q,CP_MEUR,NSA,B1GQ,IT,2022-Q4,539073.0,
ESTAT:NAMQ_10_GDP(1.0),24/10/24 23:00:00,Q,CP_MEUR,NSA,B1GQ,IT,2023-Q1,504993.4,
ESTAT:NAMQ_10_GDP(1.0),24/10/24 23:00:00,Q,CP_MEUR,NSA,B1GQ,IT,2023-Q2,528332.2,
ESTAT:NAMQ_10_GDP(1.0),24/10/24 23:00:00,Q,CP_MEUR,NSA,B1GQ,IT,2023-Q3,530618.2,
ESTAT:NAMQ_10_GDP(1.0),24/10/24 23:00:00,Q,CP_MEUR,NSA,B1GQ,IT,2023-Q4,564057.6,
ESTAT:NAMQ_10_GDP(1.0),24/10/24 23:00:00,Q,CP_MEUR,NSA,B1GQ,IT,2024-Q1,520695.9,
ESTAT:NAMQ_10_GDP(1.0),24/10/24 23:00:00,Q,CP_MEUR,NSA,B1GQ,IT,2024-Q2,540027.2,
ESTAT:NAMQ_10_GDP(1.0),24/10/24 23:00:00,Q,CP_MEUR,NSA,B1GQ,LT,1995-Q1,1057.4,
ESTAT:NAMQ_10_GDP(1.0),24/10/24 23:00:00,Q,CP_MEUR,NSA,B1GQ,LT,1995-Q2,1190.2,
ESTAT:NAMQ_10_GDP(1.0),24/10/24 23:00:00,Q,CP_MEUR,NSA,B1GQ,LT,1995-Q3,1472.0,
ESTAT:NAMQ_10_GDP(1.0),24/10/24 23:00:00,Q,CP_MEUR,NSA,B1GQ,LT,1995-Q4,1429.3,
ESTAT:NAMQ_10_GDP(1.0),24/10/24 23:00:00,Q,CP_MEUR,NSA,B1GQ,LT,1996-Q1,1351.7,
ESTAT:NAMQ_10_GDP(1.0),24/10/24 23:00:00,Q,CP_MEUR,NSA,B1GQ,LT,1996-Q2,1587.4,
ESTAT:NAMQ_10_GDP(1.0),24/10/24 23:00:00,Q,CP_MEUR,NSA,B1GQ,LT,1996-Q3,1887.8,
ESTAT:NAMQ_10_GDP(1.0),24/10/24 23:00:00,Q,CP_MEUR,NSA,B1GQ,LT,1996-Q4,1817.4,
ESTAT:NAMQ_10_GDP(1.0),24/10/24 23:00:00,Q,CP_MEUR,NSA,B1GQ,LT,1997-Q1,1798.9,
ESTAT:NAMQ_10_GDP(1.0),24/10/24 23:00:00,Q,CP_MEUR,NSA,B1GQ,LT,1997-Q2,2168.5,
ESTAT:NAMQ_10_GDP(1.0),24/10/24 23:00:00,Q,CP_MEUR,NSA,B1GQ,LT,1997-Q3,2542.7,
ESTAT:NAMQ_10_GDP(1.0),24/10/24 23:00:00,Q,CP_MEUR,NSA,B1GQ,LT,1997-Q4,2481.7,
ESTAT:NAMQ_10_GDP(1.0),24/10/24 23:00:00,Q,CP_MEUR,NSA,B1GQ,LT,1998-Q1,2265.1,
ESTAT:NAMQ_10_GDP(1.0),24/10/24 23:00:00,Q,CP_MEUR,NSA,B1GQ,LT,1998-Q2,2591.7,
ESTAT:NAMQ_10_GDP(1.0),24/10/24 23:00:00,Q,CP_MEUR,NSA,B1GQ,LT,1998-Q3,2701.7,
ESTAT:NAMQ_10_GDP(1.0),24/10/24 23:00:00,Q,CP_MEUR,NSA,B1GQ,LT,1998-Q4,2511.7,
ESTAT:NAMQ_10_GDP(1.0),24/10/24 23:00:00,Q,CP_MEUR,NSA,B1GQ,LT,1999-Q1,2186.1,
ESTAT:NAMQ_10_GDP(1.0),24/10/24 23:00:00,Q,CP_MEUR,NSA,B1GQ,LT,1999-Q2,2712.0,
ESTAT:NAMQ_10_GDP(1.0),24/10/24 23:00:00,Q,CP_MEUR,NSA,B1GQ,LT,1999-Q3,2727.2,
ESTAT:NAMQ_10_GDP(1.0),24/10/24 23:00:00,Q,CP_MEUR,NSA,B1GQ,LT,1999-Q4,2737.7,
ESTAT:NAMQ_10_GDP(1.0),24/10/24 23:00:00,Q,CP_MEUR,NSA,B1GQ,LT,2000-Q1,2659.1,
ESTAT:NAMQ_10_GDP(1.0),24/10/24 23:00:00,Q,CP_MEUR,NSA,B1GQ,LT,2000-Q2,3127.2,
ESTAT:NAMQ_10_GDP(1.0),24/10/24 23:00:00,Q,CP_MEUR,NSA,B1GQ,LT,2000-Q3,3272.3,
ESTAT:NAMQ_10_GDP(1.0),24/10/24 23:00:00,Q,CP_MEUR,NSA,B1GQ,LT,2000-Q4,3507.0,
ESTAT:NAMQ_10_GDP(1.0),24/10/24 23:00:00,Q,CP_MEUR,NSA,B1GQ,LT,2001-Q1,2997.5,
ESTAT:NAMQ_10_GDP(1.0),24/10/24 23:00:00,Q,CP_MEUR,NSA,B1GQ,LT,2001-Q2,3545.5,
ESTAT:NAMQ_10_GDP(1.0),24/10/24 23:00:00,Q,CP_MEUR,NSA,B1GQ,LT,2001-Q3,3546.3,
ESTAT:NAMQ_10_GDP(1.0),24/10/24 23:00:00,Q,CP_MEUR,NSA,B1GQ,LT,2001-Q4,3620.8,
ESTAT:NAMQ_10_GDP(1.0),24/10/24 23:00:00,Q,CP_MEUR,NSA,B1GQ,LT,2002-Q1,3311.8,
ESTAT:NAMQ_10_GDP(1.0),24/10/24 23:00:00,Q,CP_MEUR,NSA,B1GQ,LT,2002-Q2,3834.3,
ESTAT:NAMQ_10_GDP(1.0),24/10/24 23:00:00,Q,CP_MEUR,NSA,B1GQ,LT,2002-Q3,3991.0,
ESTAT:NAMQ_10_GDP(1.0),24/10/24 23:00:00,Q,CP_MEUR,NSA,B1GQ,LT,2002-Q4,4043.2,
ESTAT:NAMQ_10_GDP(1.0),24/10/24 23:00:00,Q,CP_MEUR,NSA,B1GQ,LT,2003-Q1,3711.9,
ESTAT:NAMQ_10_GDP(1.0),24/10/24 23:00:00,Q,CP_MEUR,NSA,B1GQ,LT,2003-Q2,4133.3,
ESTAT:NAMQ_10_GDP(1.0),24/10/24 23:00:00,Q,CP_MEUR,NSA,B1GQ,LT,2003-Q3,4335.8,
ESTAT:NAMQ_10_GDP(1.0),24/10/24 23:00:00,Q,CP_MEUR,NSA,B1GQ,LT,2003-Q4,4493.7,
ESTAT:NAMQ_10_GDP(1.0),24/10/24 23:00:00,Q,CP_MEUR,NSA,B1GQ,LT,2004-Q1,3931.4,
ESTAT:NAMQ_10_GDP(1.0),24/10/24 23:00:00,Q,CP_MEUR,NSA,B1GQ,LT,2004-Q2,4526.2,
ESTAT:NAMQ_10_GDP(1.0),24/10/24 23:00:00,Q,CP_MEUR,NSA,B1GQ,LT,2004-Q3,4780.5,
ESTAT:NAMQ_10_GDP(1.0),24/10/24 23:00:00,Q,CP_MEUR,NSA,B1GQ,LT,2004-Q4,5074.5,
ESTAT:NAMQ_10_GDP(1.0),24/10/24 23:00:00,Q,CP_MEUR,NSA,B1GQ,LT,2005-Q1,4440.3,
ESTAT:NAMQ_10_GDP(1.0),24/10/24 23:00:00,Q,CP_MEUR,NSA,B1GQ,LT,2005-Q2,5158.7,
ESTAT:NAMQ_10_GDP(1.0),24/10/24 23:00:00,Q,CP_MEUR,NSA,B1GQ,LT,2005-Q3,5517.3,
ESTAT:NAMQ_10_GDP(1.0),24/10/24 23:00:00,Q,CP_MEUR,NSA,B1GQ,LT,2005-Q4,5869.7,
ESTAT:NAMQ_10_GDP(1.0),24/10/24 23:00:00,Q,CP_MEUR,NSA,B1GQ,LT,2006-Q1,5055.1,
ESTAT:NAMQ_10_GDP(1.0),24/10/24 23:00:00,Q,CP_MEUR,NSA,B1GQ,LT,2006-Q2,5841.1,
ESTAT:NAMQ_10_GDP(1.0),24/10/24 23:00:00,Q,CP_MEUR,NSA,B1GQ,LT,2006-Q3,6364.6,
ESTAT:NAMQ_10_GDP(1.0),24/10/24 23:00:00,Q,CP_MEUR,NSA,B1GQ,LT,2006-Q4,6738.8,
ESTAT:NAMQ_10_GDP(1.0),24/10/24 23:00:00,Q,CP_MEUR,NSA,B1GQ,LT,2007-Q1,6036.6,
ESTAT:NAMQ_10_GDP(1.0),24/10/24 23:00:00,Q,CP_MEUR,NSA,B1GQ,LT,2007-Q2,7185.7,
ESTAT:NAMQ_10_GDP(1.0),24/10/24 23:00:00,Q,CP_MEUR,NSA,B1GQ,LT,2007-Q3,7754.7,
ESTAT:NAMQ_10_GDP(1.0),24/10/24 23:00:00,Q,CP_MEUR,NSA,B1GQ,LT,2007-Q4,8057.1,
ESTAT:NAMQ_10_GDP(1.0),24/10/24 23:00:00,Q,CP_MEUR,NSA,B1GQ,LT,2008-Q1,7202.4,
ESTAT:NAMQ_10_GDP(1.0),24/10/24 23:00:00,Q,CP_MEUR,NSA,B1GQ,LT,2008-Q2,8508.6,
ESTAT:NAMQ_10_GDP(1.0),24/10/24 23:00:00,Q,CP_MEUR,NSA,B1GQ,LT,2008-Q3,8664.1,
ESTAT:NAMQ_10_GDP(1.0),24/10/24 23:00:00,Q,CP_MEUR,NSA,B1GQ,LT,2008-Q4,8308.0,
ESTAT:NAMQ_10_GDP(1.0),24/10/24 23:00:00,Q,CP_MEUR,NSA,B1GQ,LT,2009-Q1,6424.5,
ESTAT:NAMQ_10_GDP(1.0),24/10/24 23:00:00,Q,CP_MEUR,NSA,B1GQ,LT,2009-Q2,7052.3,
ESTAT:NAMQ_10_GDP(1.0),24/10/24 23:00:00,Q,CP_MEUR,NSA,B1GQ,LT,2009-Q3,6806.3,
ESTAT:NAMQ_10_GDP(1.0),24/10/24 23:00:00,Q,CP_MEUR,NSA,B1GQ,LT,2009-Q4,6690.3,
ESTAT:NAMQ_10_GDP(1.0),24/10/24 23:00:00,Q,CP_MEUR,NSA,B1GQ,LT,2010-Q1,6223.3,
ESTAT:NAMQ_10_GDP(1.0),24/10/24 23:00:00,Q,CP_MEUR,NSA,B1GQ,LT,2010-Q2,6995.3,
ESTAT:NAMQ_10_GDP(1.0),24/10/24 23:00:00,Q,CP_MEUR,NSA,B1GQ,LT,2010-Q3,7253.3,
ESTAT:NAMQ_10_GDP(1.0),24/10/24 23:00:00,Q,CP_MEUR,NSA,B1GQ,LT,2010-Q4,7191.6,
ESTAT:NAMQ_10_GDP(1.0),24/10/24 23:00:00,Q,CP_MEUR,NSA,B1GQ,LT,2011-Q1,6849.4,
ESTAT:NAMQ_10_GDP(1.0),24/10/24 23:00:00,Q,CP_MEUR,NSA,B1GQ,LT,2011-Q2,7905.6,
ESTAT:NAMQ_10_GDP(1.0),24/10/24 23:00:00,Q,CP_MEUR,NSA,B1GQ,LT,2011-Q3,8287.4,
ESTAT:NAMQ_10_GDP(1.0),24/10/24 23:00:00,Q,CP_MEUR,NSA,B1GQ,LT,2011-Q4,8024.1,
ESTAT:NAMQ_10_GDP(1.0),24/10/24 23:00:00,Q,CP_MEUR,NSA,B1GQ,LT,2012-Q1,7481.1,
ESTAT:NAMQ_10_GDP(1.0),24/10/24 23:00:00,Q,CP_MEUR,NSA,B1GQ,LT,2012-Q2,8275.4,
ESTAT:NAMQ_10_GDP(1.0),24/10/24 23:00:00,Q,CP_MEUR,NSA,B1GQ,LT,2012-Q3,8907.6,
ESTAT:NAMQ_10_GDP(1.0),24/10/24 23:00:00,Q,CP_MEUR,NSA,B1GQ,LT,2012-Q4,8576.3,
ESTAT:NAMQ_10_GDP(1.0),24/10/24 23:00:00,Q,CP_MEUR,NSA,B1GQ,LT,2013-Q1,7762.7,
ESTAT:NAMQ_10_GDP(1.0),24/10/24 23:00:00,Q,CP_MEUR,NSA,B1GQ,LT,2013-Q2,8711.0,
ESTAT:NAMQ_10_GDP(1.0),24/10/24 23:00:00,Q,CP_MEUR,NSA,B1GQ,LT,2013-Q3,9392.9,
ESTAT:NAMQ_10_GDP(1.0),24/10/24 23:00:00,Q,CP_MEUR,NSA,B1GQ,LT,2013-Q4,9007.3,
ESTAT:NAMQ_10_GDP(1.0),24/10/24 23:00:00,Q,CP_MEUR,NSA,B1GQ,LT,2014-Q1,8205.1,
ESTAT:NAMQ_10_GDP(1.0),24/10/24 23:00:00,Q,CP_MEUR,NSA,B1GQ,LT,2014-Q2,9132.5,
ESTAT:NAMQ_10_GDP(1.0),24/10/24 23:00:00,Q,CP_MEUR,NSA,B1GQ,LT,2014-Q3,9780.3,
ESTAT:NAMQ_10_GDP(1.0),24/10/24 23:00:00,Q,CP_MEUR,NSA,B1GQ,LT,2014-Q4,9292.2,
ESTAT:NAMQ_10_GDP(1.0),24/10/24 23:00:00,Q,CP_MEUR,NSA,B1GQ,LT,2015-Q1,8313.0,
ESTAT:NAMQ_10_GDP(1.0),24/10/24 23:00:00,Q,CP_MEUR,NSA,B1GQ,LT,2015-Q2,9347.8,
ESTAT:NAMQ_10_GDP(1.0),24/10/24 23:00:00,Q,CP_MEUR,NSA,B1GQ,LT,2015-Q3,10049.6,
ESTAT:NAMQ_10_GDP(1.0),24/10/24 23:00:00,Q,CP_MEUR,NSA,B1GQ,LT,2015-Q4,9730.3,
ESTAT:NAMQ_10_GDP(1.0),24/10/24 23:00:00,Q,CP_MEUR,NSA,B1GQ,LT,2016-Q1,8575.0,
ESTAT:NAMQ_10_GDP(1.0),24/10/24 23:00:00,Q,CP_MEUR,NSA,B1GQ,LT,2016-Q2,9655.9,
ESTAT:NAMQ_10_GDP(1.0),24/10/24 23:00:00,Q,CP_MEUR,NSA,B1GQ,LT,2016-Q3,10310.3,
ESTAT:NAMQ_10_GDP(1.0),24/10/24 23:00:00,Q,CP_MEUR,NSA,B1GQ,LT,2016-Q4,10279.5,
ESTAT:NAMQ_10_GDP(1.0),24/10/24 23:00:00,Q,CP_MEUR,NSA,B1GQ,LT,2017-Q1,9358.9,
ESTAT:NAMQ_10_GDP(1.0),24/10/24 23:00:00,Q,CP_MEUR,NSA,B1GQ,LT,2017-Q2,10432.8,
ESTAT:NAMQ_10_GDP(1.0),24/10/24 23:00:00,Q,CP_MEUR,NSA,B1GQ,LT,2017-Q3,11302.8,
ESTAT:NAMQ_10_GDP(1.0),24/10/24 23:00:00,Q,CP_MEUR,NSA,B1GQ,LT,2017-Q4,11180.1,
ESTAT:NAMQ_10_GDP(1.0),24/10/24 23:00:00,Q,CP_MEUR,NSA,B1GQ,LT,2018-Q1,10135.1,
ESTAT:NAMQ_10_GDP(1.0),24/10/24 23:00:00,Q,CP_MEUR,NSA,B1GQ,LT,2018-Q2,11334.9,
ESTAT:NAMQ_10_GDP(1.0),24/10/24 23:00:00,Q,CP_MEUR,NSA,B1GQ,LT,2018-Q3,12133.7,
ESTAT:NAMQ_10_GDP(1.0),24/10/24 23:00:00,Q,CP_MEUR,NSA,B1GQ,LT,2018-Q4,12343.8,
ESTAT:NAMQ_10_GDP(1.0),24/10/24 23:00:00,Q,CP_MEUR,NSA,B1GQ,LT,2019-Q1,10905.2,
ESTAT:NAMQ_10_GDP(1.0),24/10/24 23:00:00,Q,CP_MEUR,NSA,B1GQ,LT,2019-Q2,12183.7,
ESTAT:NAMQ_10_GDP(1.0),24/10/24 23:00:00,Q,CP_MEUR,NSA,B1GQ,LT,2019-Q3,13009.3,
ESTAT:NAMQ_10_GDP(1.0),24/10/24 23:00:00,Q,CP_MEUR,NSA,B1GQ,LT,2019-Q4,13141.0,
ESTAT:NAMQ_10_GDP(1.0),24/10/24 23:00:00,Q,CP_MEUR,NSA,B1GQ,LT,2020-Q1,11507.3,
ESTAT:NAMQ_10_GDP(1.0),24/10/24 23:00:00,Q,CP_MEUR,NSA,B1GQ,LT,2020-Q2,11851.0,
ESTAT:NAMQ_10_GDP(1.0),24/10/24 23:00:00,Q,CP_MEUR,NSA,B1GQ,LT,2020-Q3,13551.3,
ESTAT:NAMQ_10_GDP(1.0),24/10/24 23:00:00,Q,CP_MEUR,NSA,B1GQ,LT,2020-Q4,13355.0,
ESTAT:NAMQ_10_GDP(1.0),24/10/24 23:00:00,Q,CP_MEUR,NSA,B1GQ,LT,2021-Q1,12151.5,
ESTAT:NAMQ_10_GDP(1.0),24/10/24 23:00:00,Q,CP_MEUR,NSA,B1GQ,LT,2021-Q2,13796.9,
ESTAT:NAMQ_10_GDP(1.0),24/10/24 23:00:00,Q,CP_MEUR,NSA,B1GQ,LT,2021-Q3,15281.7,
ESTAT:NAMQ_10_GDP(1.0),24/10/24 23:00:00,Q,CP_MEUR,NSA,B1GQ,LT,2021-Q4,15449.6,
ESTAT:NAMQ_10_GDP(1.0),24/10/24 23:00:00,Q,CP_MEUR,NSA,B1GQ,LT,2022-Q1,14737.6,
ESTAT:NAMQ_10_GDP(1.0),24/10/24 23:00:00,Q,CP_MEUR,NSA,B1GQ,LT,2022-Q2,16426.1,
ESTAT:NAMQ_10_GDP(1.0),24/10/24 23:00:00,Q,CP_MEUR,NSA,B1GQ,LT,2022-Q3,18409.3,
ESTAT:NAMQ_10_GDP(1.0),24/10/24 23:00:00,Q,CP_MEUR,NSA,B1GQ,LT,2022-Q4,17882.5,
ESTAT:NAMQ_10_GDP(1.0),24/10/24 23:00:00,Q,CP_MEUR,NSA,B1GQ,LT,2023-Q1,16607.7,
ESTAT:NAMQ_10_GDP(1.0),24/10/24 23:00:00,Q,CP_MEUR,NSA,B1GQ,LT,2023-Q2,18225.4,
ESTAT:NAMQ_10_GDP(1.0),24/10/24 23:00:00,Q,CP_MEUR,NSA,B1GQ,LT,2023-Q3,19674.6,
ESTAT:NAMQ_10_GDP(1.0),24/10/24 23:00:00,Q,CP_MEUR,NSA,B1GQ,LT,2023-Q4,19285.1,
ESTAT:NAMQ_10_GDP(1.0),24/10/24 23:00:00,Q,CP_MEUR,NSA,B1GQ,LT,2024-Q1,17505.8,
ESTAT:NAMQ_10_GDP(1.0),24/10/24 23:00:00,Q,CP_MEUR,NSA,B1GQ,LT,2024-Q2,19227.8,
ESTAT:NAMQ_10_GDP(1.0),24/10/24 23:00:00,Q,CP_MEUR,NSA,B1GQ,LU,1995-Q1,3739.4,
ESTAT:NAMQ_10_GDP(1.0),24/10/24 23:00:00,Q,CP_MEUR,NSA,B1GQ,LU,1995-Q2,4066.5,
ESTAT:NAMQ_10_GDP(1.0),24/10/24 23:00:00,Q,CP_MEUR,NSA,B1GQ,LU,1995-Q3,3782.3,
ESTAT:NAMQ_10_GDP(1.0),24/10/24 23:00:00,Q,CP_MEUR,NSA,B1GQ,LU,1995-Q4,4363.0,
ESTAT:NAMQ_10_GDP(1.0),24/10/24 23:00:00,Q,CP_MEUR,NSA,B1GQ,LU,1996-Q1,4119.7,
ESTAT:NAMQ_10_GDP(1.0),24/10/24 23:00:00,Q,CP_MEUR,NSA,B1GQ,LU,1996-Q2,4049.8,
ESTAT:NAMQ_10_GDP(1.0),24/10/24 23:00:00,Q,CP_MEUR,NSA,B1GQ,LU,1996-Q3,4108.9,
ESTAT:NAMQ_10_GDP(1.0),24/10/24 23:00:00,Q,CP_MEUR,NSA,B1GQ,LU,1996-Q4,4183.1,
ESTAT:NAMQ_10_GDP(1.0),24/10/24 23:00:00,Q,CP_MEUR,NSA,B1GQ,LU,1997-Q1,4142.2,
ESTAT:NAMQ_10_GDP(1.0),24/10/24 23:00:00,Q,CP_MEUR,NSA,B1GQ,LU,1997-Q2,4313.7,
ESTAT:NAMQ_10_GDP(1.0),24/10/24 23:00:00,Q,CP_MEUR,NSA,B1GQ,LU,1997-Q3,4250.7,
ESTAT:NAMQ_10_GDP(1.0),24/10/24 23:00:00,Q,CP_MEUR,NSA,B1GQ,LU,1997-Q4,4560.1,
ESTAT:NAMQ_10_GDP(1.0),24/10/24 23:00:00,Q,CP_MEUR,NSA,B1GQ,LU,1998-Q1,4276.2,
ESTAT:NAMQ_10_GDP(1.0),24/10/24 23:00:00,Q,CP_MEUR,NSA,B1GQ,LU,1998-Q2,4467.4,
ESTAT:NAMQ_10_GDP(1.0),24/10/24 23:00:00,Q,CP_MEUR,NSA,B1GQ,LU,1998-Q3,4350.0,
ESTAT:NAMQ_10_GDP(1.0),24/10/24 23:00:00,Q,CP_MEUR,NSA,B1GQ,LU,1998-Q4,4914.2,
ESTAT:NAMQ_10_GDP(1.0),24/10/24 23:00:00,Q,CP_MEUR,NSA,B1GQ,LU,1999-Q1,4816.4,
ESTAT:NAMQ_10_GDP(1.0),24/10/24 23:00:00,Q,CP_MEUR,NSA,B1GQ,LU,1999-Q2,5119.8,
ESTAT:NAMQ_10_GDP(1.0),24/10/24 23:00:00,Q,CP_MEUR,NSA,B1GQ,LU,1999-Q3,5089.1,
ESTAT:NAMQ_10_GDP(1.0),24/10/24 23:00:00,Q,CP_MEUR,NSA,B1GQ,LU,1999-Q4,5522.4,
ESTAT:NAMQ_10_GDP(1.0),24/10/24 23:00:00,Q,CP_MEUR,NSA,B1GQ,LU,2000-Q1,5603.1,
ESTAT:NAMQ_10_GDP(1.0),24/10/24 23:00:00,Q,CP_MEUR,NSA,B1GQ,LU,2000-Q2,5697.2,
ESTAT:NAMQ_10_GDP(1.0),24/10/24 23:00:00,Q,CP_MEUR,NSA,B1GQ,LU,2000-Q3,5659.0,
ESTAT:NAMQ_10_GDP(1.0),24/10/24 23:00:00,Q,CP_MEUR,NSA,B1GQ,LU,2000-Q4,6026.8,
ESTAT:NAMQ_10_GDP(1.0),24/10/24 23:00:00,Q,CP_MEUR,NSA,B1GQ,LU,2001-Q1,5804.1,
ESTAT:NAMQ_10_GDP(1.0),24/10/24 23:00:00,Q,CP_MEUR,NSA,B1GQ,LU,2001-Q2,5925.2,
ESTAT:NAMQ_10_GDP(1.0),24/10/24 23:00:00,Q,CP_MEUR,NSA,B1GQ,LU,2001-Q3,5735.5,
ESTAT:NAMQ_10_GDP(1.0),24/10/24 23:00:00,Q,CP_MEUR,NSA,B1GQ,LU,2001-Q4,6415.1,
ESTAT:NAMQ_10_GDP(1.0),24/10/24 23:00:00,Q,CP_MEUR,NSA,B1GQ,LU,2002-Q1,6115.8,
ESTAT:NAMQ_10_GDP(1.0),24/10/24 23:00:00,Q,CP_MEUR,NSA,B1GQ,LU,2002-Q2,6405.5,
ESTAT:NAMQ_10_GDP(1.0),24/10/24 23:00:00,Q,CP_MEUR,NSA,B1GQ,LU,2002-Q3,6051.5,
ESTAT:NAMQ_10_GDP(1.0),24/10/24 23:00:00,Q,CP_MEUR,NSA,B1GQ,LU,2002-Q4,6438.3,
ESTAT:NAMQ_10_GDP(1.0),24/10/24 23:00:00,Q,CP_MEUR,NSA,B1GQ,LU,2003-Q1,6246.8,
ESTAT:NAMQ_10_GDP(1.0),24/10/24 23:00:00,Q,CP_MEUR,NSA,B1GQ,LU,2003-Q2,6557.4,
ESTAT:NAMQ_10_GDP(1.0),24/10/24 23:00:00,Q,CP_MEUR,NSA,B1GQ,LU,2003-Q3,6331.4,
ESTAT:NAMQ_10_GDP(1.0),24/10/24 23:00:00,Q,CP_MEUR,NSA,B1GQ,LU,2003-Q4,7091.7,
ESTAT:NAMQ_10_GDP(1.0),24/10/24 23:00:00,Q,CP_MEUR,NSA,B1GQ,LU,2004-Q1,6772.1,
ESTAT:NAMQ_10_GDP(1.0),24/10/24 23:00:00,Q,CP_MEUR,NSA,B1GQ,LU,2004-Q2,7043.4,
ESTAT:NAMQ_10_GDP(1.0),24/10/24 23:00:00,Q,CP_MEUR,NSA,B1GQ,LU,2004-Q3,6974.2,
ESTAT:NAMQ_10_GDP(1.0),24/10/24 23:00:00,Q,CP_MEUR,NSA,B1GQ,LU,2004-Q4,7399.7,
ESTAT:NAMQ_10_GDP(1.0),24/10/24 23:00:00,Q,CP_MEUR,NSA,B1GQ,LU,2005-Q1,6965.1,
ESTAT:NAMQ_10_GDP(1.0),24/10/24 23:00:00,Q,CP_MEUR,NSA,B1GQ,LU,2005-Q2,7416.2,
ESTAT:NAMQ_10_GDP(1.0),24/10/24 23:00:00,Q,CP_MEUR,NSA,B1GQ,LU,2005-Q3,7383.5,
ESTAT:NAMQ_10_GDP(1.0),24/10/24 23:00:00,Q,CP_MEUR,NSA,B1GQ,LU,2005-Q4,8516.2,
ESTAT:NAMQ_10_GDP(1.0),24/10/24 23:00:00,Q,CP_MEUR,NSA,B1GQ,LU,2006-Q1,8252.1,
ESTAT:NAMQ_10_GDP(1.0),24/10/24 23:00:00,Q,CP_MEUR,NSA,B1GQ,LU,2006-Q2,8529.3,
ESTAT:NAMQ_10_GDP(1.0),24/10/24 23:00:00,Q,CP_MEUR,NSA,B1GQ,LU,2006-Q3,8250.9,
ESTAT:NAMQ_10_GDP(1.0),24/10/24 23:00:00,Q,CP_MEUR,NSA,B1GQ,LU,2006-Q4,9142.8,
ESTAT:NAMQ_10_GDP(1.0),24/10/24 23:00:00,Q,CP_MEUR,NSA,B1GQ,LU,2007-Q1,9103.0,
ESTAT:NAMQ_10_GDP(1.0),24/10/24 23:00:00,Q,CP_MEUR,NSA,B1GQ,LU,2007-Q2,9655.6,
ESTAT:NAMQ_10_GDP(1.0),24/10/24 23:00:00,Q,CP_MEUR,NSA,B1GQ,LU,2007-Q3,9096.9,
ESTAT:NAMQ_10_GDP(1.0),24/10/24 23:00:00,Q,CP_MEUR,NSA,B1GQ,LU,2007-Q4,9786.4,
ESTAT:NAMQ_10_GDP(1.0),24/10/24 23:00:00,Q,CP_MEUR,NSA,B1GQ,LU,2008-Q1,9973.1,
ESTAT:NAMQ_10_GDP(1.0),24/10/24 23:00:00,Q,CP_MEUR,NSA,B1GQ,LU,2008-Q2,10181.7,
ESTAT:NAMQ_10_GDP(1.0),24/10/24 23:00:00,Q,CP_MEUR,NSA,B1GQ,LU,2008-Q3,9755.0,
ESTAT:NAMQ_10_GDP(1.0),24/10/24 23:00:00,Q,CP_MEUR,NSA,B1GQ,LU,2008-Q4,10099.8,
ESTAT:NAMQ_10_GDP(1.0),24/10/24 23:00:00,Q,CP_MEUR,NSA,B1GQ,LU,2009-Q1,9445.8,
ESTAT:NAMQ_10_GDP(1.0),24/10/24 23:00:00,Q,CP_MEUR,NSA,B1GQ,LU,2009-Q2,9680.7,
ESTAT:NAMQ_10_GDP(1.0),24/10/24 23:00:00,Q,CP_MEUR,NSA,B1GQ,LU,2009-Q3,9536.6,
ESTAT:NAMQ_10_GDP(1.0),24/10/24 23:00:00,Q,CP_MEUR,NSA,B1GQ,LU,2009-Q4,10387.6,
ESTAT:NAMQ_10_GDP(1.0),24/10/24 23:00:00,Q,CP_MEUR,NSA,B1GQ,LU,2010-Q1,10137.1,
ESTAT:NAMQ_10_GDP(1.0),24/10/24 23:00:00,Q,CP_MEUR,NSA,B1GQ,LU,2010-Q2,10696.2,
ESTAT:NAMQ_10_GDP(1.0),24/10/24 23:00:00,Q,CP_MEUR,NSA,B1GQ,LU,2010-Q3,10350.1,
ESTAT:NAMQ_10_GDP(1.0),24/10/24 23:00:00,Q,CP_MEUR,NSA,B1GQ,LU,2010-Q4,11219.3,
ESTAT:NAMQ_10_GDP(1.0),24/10/24 23:00:00,Q,CP_MEUR,NSA,B1GQ,LU,2011-Q1,10911.6,
ESTAT:NAMQ_10_GDP(1.0),24/10/24 23:00:00,Q,CP_MEUR,NSA,B1GQ,LU,2011-Q2,11060.8,
ESTAT:NAMQ_10_GDP(1.0),24/10/24 23:00:00,Q,CP_MEUR,NSA,B1GQ,LU,2011-Q3,10749.2,
ESTAT:NAMQ_10_GDP(1.0),24/10/24 23:00:00,Q,CP_MEUR,NSA,B1GQ,LU,2011-Q4,11601.8,
ESTAT:NAMQ_10_GDP(1.0),24/10/24 23:00:00,Q,CP_MEUR,NSA,B1GQ,LU,2012-Q1,11221.7,
ESTAT:NAMQ_10_GDP(1.0),24/10/24 23:00:00,Q,CP_MEUR,NSA,B1GQ,LU,2012-Q2,11382.3,
ESTAT:NAMQ_10_GDP(1.0),24/10/24 23:00:00,Q,CP_MEUR,NSA,B1GQ,LU,2012-Q3,11340.8,
ESTAT:NAMQ_10_GDP(1.0),24/10/24 23:00:00,Q,CP_MEUR,NSA,B1GQ,LU,2012-Q4,12581.5,
ESTAT:NAMQ_10_GDP(1.0),24/10/24 23:00:00,Q,CP_MEUR,NSA,B1GQ,LU,2013-Q1,11702.2,
ESTAT:NAMQ_10_GDP(1.0),24/10/24 23:00:00,Q,CP_MEUR,NSA,B1GQ,LU,2013-Q2,12249.0,
ESTAT:NAMQ_10_GDP(1.0),24/10/24 23:00:00,Q,CP_MEUR,NSA,B1GQ,LU,2013-Q3,11988.5,
ESTAT:NAMQ_10_GDP(1.0),24/10/24 23:00:00,Q,CP_MEUR,NSA,B1GQ,LU,2013-Q4,13154.7,
ESTAT:NAMQ_10_GDP(1.0),24/10/24 23:00:00,Q,CP_MEUR,NSA,B1GQ,LU,2014-Q1,12424.1,
ESTAT:NAMQ_10_GDP(1.0),24/10/24 23:00:00,Q,CP_MEUR,NSA,B1GQ,LU,2014-Q2,12629.4,
ESTAT:NAMQ_10_GDP(1.0),24/10/24 23:00:00,Q,CP_MEUR,NSA,B1GQ,LU,2014-Q3,12745.4,
ESTAT:NAMQ_10_GDP(1.0),24/10/24 23:00:00,Q,CP_MEUR,NSA,B1GQ,LU,2014-Q4,13992.4,
ESTAT:NAMQ_10_GDP(1.0),24/10/24 23:00:00,Q,CP_MEUR,NSA,B1GQ,LU,2015-Q1,13215.6,
ESTAT:NAMQ_10_GDP(1.0),24/10/24 23:00:00,Q,CP_MEUR,NSA,B1GQ,LU,2015-Q2,13479.8,
ESTAT:NAMQ_10_GDP(1.0),24/10/24 23:00:00,Q,CP_MEUR,NSA,B1GQ,LU,2015-Q3,13124.8,
ESTAT:NAMQ_10_GDP(1.0),24/10/24 23:00:00,Q,CP_MEUR,NSA,B1GQ,LU,2015-Q4,14322.3,
ESTAT:NAMQ_10_GDP(1.0),24/10/24 23:00:00,Q,CP_MEUR,NSA,B1GQ,LU,2016-Q1,13383.6,
ESTAT:NAMQ_10_GDP(1.0),24/10/24 23:00:00,Q,CP_MEUR,NSA,B1GQ,LU,2016-Q2,13748.6,
ESTAT:NAMQ_10_GDP(1.0),24/10/24 23:00:00,Q,CP_MEUR,NSA,B1GQ,LU,2016-Q3,13917.6,
ESTAT:NAMQ_10_GDP(1.0),24/10/24 23:00:00,Q,CP_MEUR,NSA,B1GQ,LU,2016-Q4,15158.3,
ESTAT:NAMQ_10_GDP(1.0),24/10/24 23:00:00,Q,CP_MEUR,NSA,B1GQ,LU,2017-Q1,13846.2,
ESTAT:NAMQ_10_GDP(1.0),24/10/24 23:00:00,Q,CP_MEUR,NSA,B1GQ,LU,2017-Q2,14436.2,
ESTAT:NAMQ_10_GDP(1.0),24/10/24 23:00:00,Q,CP_MEUR,NSA,B1GQ,LU,2017-Q3,14213.8,
ESTAT:NAMQ_10_GDP(1.0),24/10/24 23:00:00,Q,CP_MEUR,NSA,B1GQ,LU,2017-Q4,15672.6,
ESTAT:NAMQ_10_GDP(1.0),24/10/24 23:00:00,Q,CP_MEUR,NSA,B1GQ,LU,2018-Q1,14344.1,
ESTAT:NAMQ_10_GDP(1.0),24/10/24 23:00:00,Q,CP_MEUR,NSA,B1GQ,LU,2018-Q2,14844.8,
ESTAT:NAMQ_10_GDP(1.0),24/10/24 23:00:00,Q,CP_MEUR,NSA,B1GQ,LU,2018-Q3,14831.2,
ESTAT:NAMQ_10_GDP(1.0),24/10/24 23:00:00,Q,CP_MEUR,NSA,B1GQ,LU,2018-Q4,16101.1,
ESTAT:NAMQ_10_GDP(1.0),24/10/24 23:00:00,Q,CP_MEUR,NSA,B1GQ,LU,2019-Q1,14577.2,
ESTAT:NAMQ_10_GDP(1.0),24/10/24 23:00:00,Q,CP_MEUR,NSA,B1GQ,LU,2019-Q2,15525.5,
ESTAT:NAMQ_10_GDP(1.0),24/10/24 23:00:00,Q,CP_MEUR,NSA,B1GQ,LU,2019-Q3,15430.6,
ESTAT:NAMQ_10_GDP(1.0),24/10/24 23:00:00,Q,CP_MEUR,NSA,B1GQ,LU,2019-Q4,16898.2,
ESTAT:NAMQ_10_GDP(1.0),24/10/24 23:00:00,Q,CP_MEUR,NSA,B1GQ,LU,2020-Q1,15483.8,
ESTAT:NAMQ_10_GDP(1.0),24/10/24 23:00:00,Q,CP_MEUR,NSA,B1GQ,LU,2020-Q2,15436.5,
ESTAT:NAMQ_10_GDP(1.0),24/10/24 23:00:00,Q,CP_MEUR,NSA,B1GQ,LU,2020-Q3,15969.6,
ESTAT:NAMQ_10_GDP(1.0),24/10/24 23:00:00,Q,CP_MEUR,NSA,B1GQ,LU,2020-Q4,17634.4,
ESTAT:NAMQ_10_GDP(1.0),24/10/24 23:00:00,Q,CP_MEUR,NSA,B1GQ,LU,2021-Q1,16652.4,
ESTAT:NAMQ_10_GDP(1.0),24/10/24 23:00:00,Q,CP_MEUR,NSA,B1GQ,LU,2021-Q2,17601.7,
ESTAT:NAMQ_10_GDP(1.0),24/10/24 23:00:00,Q,CP_MEUR,NSA,B1GQ,LU,2021-Q3,17816.8,
ESTAT:NAMQ_10_GDP(1.0),24/10/24 23:00:00,Q,CP_MEUR,NSA,B1GQ,LU,2021-Q4,20289.9,
ESTAT:NAMQ_10_GDP(1.0),24/10/24 23:00:00,Q,CP_MEUR,NSA,B1GQ,LU,2022-Q1,18470.2,
ESTAT:NAMQ_10_GDP(1.0),24/10/24 23:00:00,Q,CP_MEUR,NSA,B1GQ,LU,2022-Q2,19341.8,
ESTAT:NAMQ_10_GDP(1.0),24/10/24 23:00:00,Q,CP_MEUR,NSA,B1GQ,LU,2022-Q3,19340.0,
ESTAT:NAMQ_10_GDP(1.0),24/10/24 23:00:00,Q,CP_MEUR,NSA,B1GQ,LU,2022-Q4,20376.9,
ESTAT:NAMQ_10_GDP(1.0),24/10/24 23:00:00,Q,CP_MEUR,NSA,B1GQ,LU,2023-Q1,19101.9,
ESTAT:NAMQ_10_GDP(1.0),24/10/24 23:00:00,Q,CP_MEUR,NSA,B1GQ,LU,2023-Q2,19966.8,
ESTAT:NAMQ_10_GDP(1.0),24/10/24 23:00:00,Q,CP_MEUR,NSA,B1GQ,LU,2023-Q3,19350.4,
ESTAT:NAMQ_10_GDP(1.0),24/10/24 23:00:00,Q,CP_MEUR,NSA,B1GQ,LU,2023-Q4,20890.6,
ESTAT:NAMQ_10_GDP(1.0),24/10/24 23:00:00,Q,CP_MEUR,NSA,B1GQ,LU,2024-Q1,19781.7,p
ESTAT:NAMQ_10_GDP(1.0),24/10/24 23:00:00,Q,CP_MEUR,NSA,B1GQ,LU,2024-Q2,20875.2,p
ESTAT:NAMQ_10_GDP(1.0),24/10/24 23:00:00,Q,CP_MEUR,NSA,B1GQ,LV,1995-Q1,930.2,
ESTAT:NAMQ_10_GDP(1.0),24/10/24 23:00:00,Q,CP_MEUR,NSA,B1GQ,LV,1995-Q2,1022.8,
ESTAT:NAMQ_10_GDP(1.0),24/10/24 23:00:00,Q,CP_MEUR,NSA,B1GQ,LV,1995-Q3,988.3,
ESTAT:NAMQ_10_GDP(1.0),24/10/24 23:00:00,Q,CP_MEUR,NSA,B1GQ,LV,1995-Q4,1064.8,
ESTAT:NAMQ_10_GDP(1.0),24/10/24 23:00:00,Q,CP_MEUR,NSA,B1GQ,LV,1996-Q1,990.7,
ESTAT:NAMQ_10_GDP(1.0),24/10/24 23:00:00,Q,CP_MEUR,NSA,B1GQ,LV,1996-Q2,1140.8,
ESTAT:NAMQ_10_GDP(1.0),24/10/24 23:00:00,Q,CP_MEUR,NSA,B1GQ,LV,1996-Q3,1143.6,
ESTAT:NAMQ_10_GDP(1.0),24/10/24 23:00:00,Q,CP_MEUR,NSA,B1GQ,LV,1996-Q4,1290.9,
ESTAT:NAMQ_10_GDP(1.0),24/10/24 23:00:00,Q,CP_MEUR,NSA,B1GQ,LV,1997-Q1,1174.5,
ESTAT:NAMQ_10_GDP(1.0),24/10/24 23:00:00,Q,CP_MEUR,NSA,B1GQ,LV,1997-Q2,1385.8,
ESTAT:NAMQ_10_GDP(1.0),24/10/24 23:00:00,Q,CP_MEUR,NSA,B1GQ,LV,1997-Q3,1451.4,
ESTAT:NAMQ_10_GDP(1.0),24/10/24 23:00:00,Q,CP_MEUR,NSA,B1GQ,LV,1997-Q4,1590.4,
ESTAT:NAMQ_10_GDP(1.0),24/10/24 23:00:00,Q,CP_MEUR,NSA,B1GQ,LV,1998-Q1,1469.8,
ESTAT:NAMQ_10_GDP(1.0),24/10/24 23:00:00,Q,CP_MEUR,NSA,B1GQ,LV,1998-Q2,1588.3,
ESTAT:NAMQ_10_GDP(1.0),24/10/24 23:00:00,Q,CP_MEUR,NSA,B1GQ,LV,1998-Q3,1566.2,
ESTAT:NAMQ_10_GDP(1.0),24/10/24 23:00:00,Q,CP_MEUR,NSA,B1GQ,LV,1998-Q4,1603.9,
ESTAT:NAMQ_10_GDP(1.0),24/10/24 23:00:00,Q,CP_MEUR,NSA,B1GQ,LV,1999-Q1,1481.7,
ESTAT:NAMQ_10_GDP(1.0),24/10/24 23:00:00,Q,CP_MEUR,NSA,B1GQ,LV,1999-Q2,1692.2,
ESTAT:NAMQ_10_GDP(1.0),24/10/24 23:00:00,Q,CP_MEUR,NSA,B1GQ,LV,1999-Q3,1741.3,
ESTAT:NAMQ_10_GDP(1.0),24/10/24 23:00:00,Q,CP_MEUR,NSA,B1GQ,LV,1999-Q4,1949.1,
ESTAT:NAMQ_10_GDP(1.0),24/10/24 23:00:00,Q,CP_MEUR,NSA,B1GQ,LV,2000-Q1,1795.6,
ESTAT:NAMQ_10_GDP(1.0),24/10/24 23:00:00,Q,CP_MEUR,NSA,B1GQ,LV,2000-Q2,2129.2,
ESTAT:NAMQ_10_GDP(1.0),24/10/24 23:00:00,Q,CP_MEUR,NSA,B1GQ,LV,2000-Q3,2199.1,
ESTAT:NAMQ_10_GDP(1.0),24/10/24 23:00:00,Q,CP_MEUR,NSA,B1GQ,LV,2000-Q4,2316.7,
ESTAT:NAMQ_10_GDP(1.0),24/10/24 23:00:00,Q,CP_MEUR,NSA,B1GQ,LV,2001-Q1,1993.4,
ESTAT:NAMQ_10_GDP(1.0),24/10/24 23:00:00,Q,CP_MEUR,NSA,B1GQ,LV,2001-Q2,2387.6,
ESTAT:NAMQ_10_GDP(1.0),24/10/24 23:00:00,Q,CP_MEUR,NSA,B1GQ,LV,2001-Q3,2321.8,
ESTAT:NAMQ_10_GDP(1.0),24/10/24 23:00:00,Q,CP_MEUR,NSA,B1GQ,LV,2001-Q4,2489.8,
ESTAT:NAMQ_10_GDP(1.0),24/10/24 23:00:00,Q,CP_MEUR,NSA,B1GQ,LV,2002-Q1,2220.6,
ESTAT:NAMQ_10_GDP(1.0),24/10/24 23:00:00,Q,CP_MEUR,NSA,B1GQ,LV,2002-Q2,2539.7,
ESTAT:NAMQ_10_GDP(1.0),24/10/24 23:00:00,Q,CP_MEUR,NSA,B1GQ,LV,2002-Q3,2460.9,
ESTAT:NAMQ_10_GDP(1.0),24/10/24 23:00:00,Q,CP_MEUR,NSA,B1GQ,LV,2002-Q4,2611.6,
ESTAT:NAMQ_10_GDP(1.0),24/10/24 23:00:00,Q,CP_MEUR,NSA,B1GQ,LV,2003-Q1,2250.3,
ESTAT:NAMQ_10_GDP(1.0),24/10/24 23:00:00,Q,CP_MEUR,NSA,B1GQ,LV,2003-Q2,2488.4,
ESTAT:NAMQ_10_GDP(1.0),24/10/24 23:00:00,Q,CP_MEUR,NSA,B1GQ,LV,2003-Q3,2617.7,
ESTAT:NAMQ_10_GDP(1.0),24/10/24 23:00:00,Q,CP_MEUR,NSA,B1GQ,LV,2003-Q4,2663.4,
ESTAT:NAMQ_10_GDP(1.0),24/10/24 23:00:00,Q,CP_MEUR,NSA,B1GQ,LV,2004-Q1,2470.5,
ESTAT:NAMQ_10_GDP(1.0),24/10/24 23:00:00,Q,CP_MEUR,NSA,B1GQ,LV,2004-Q2,2787.8,
ESTAT:NAMQ_10_GDP(1.0),24/10/24 23:00:00,Q,CP_MEUR,NSA,B1GQ,LV,2004-Q3,2976.9,
ESTAT:NAMQ_10_GDP(1.0),24/10/24 23:00:00,Q,CP_MEUR,NSA,B1GQ,LV,2004-Q4,2993.7,
ESTAT:NAMQ_10_GDP(1.0),24/10/24 23:00:00,Q,CP_MEUR,NSA,B1GQ,LV,2005-Q1,2777.4,
ESTAT:NAMQ_10_GDP(1.0),24/10/24 23:00:00,Q,CP_MEUR,NSA,B1GQ,LV,2005-Q2,3186.2,
ESTAT:NAMQ_10_GDP(1.0),24/10/24 23:00:00,Q,CP_MEUR,NSA,B1GQ,LV,2005-Q3,3476.6,
ESTAT:NAMQ_10_GDP(1.0),24/10/24 23:00:00,Q,CP_MEUR,NSA,B1GQ,LV,2005-Q4,3787.0,
ESTAT:NAMQ_10_GDP(1.0),24/10/24 23:00:00,Q,CP_MEUR,NSA,B1GQ,LV,2006-Q1,3415.6,
ESTAT:NAMQ_10_GDP(1.0),24/10/24 23:00:00,Q,CP_MEUR,NSA,B1GQ,LV,2006-Q2,3948.4,
ESTAT:NAMQ_10_GDP(1.0),24/10/24 23:00:00,Q,CP_MEUR,NSA,B1GQ,LV,2006-Q3,4357.4,
ESTAT:NAMQ_10_GDP(1.0),24/10/24 23:00:00,Q,CP_MEUR,NSA,B1GQ,LV,2006-Q4,4726.2,
ESTAT:NAMQ_10_GDP(1.0),24/10/24 23:00:00,Q,CP_MEUR,NSA,B1GQ,LV,2007-Q1,4611.6,
ESTAT:NAMQ_10_GDP(1.0),24/10/24 23:00:00,Q,CP_MEUR,NSA,B1GQ,LV,2007-Q2,5346.3,
ESTAT:NAMQ_10_GDP(1.0),24/10/24 23:00:00,Q,CP_MEUR,NSA,B1GQ,LV,2007-Q3,5758.1,
ESTAT:NAMQ_10_GDP(1.0),24/10/24 23:00:00,Q,CP_MEUR,NSA,B1GQ,LV,2007-Q4,5880.6,
ESTAT:NAMQ_10_GDP(1.0),24/10/24 23:00:00,Q,CP_MEUR,NSA,B1GQ,LV,2008-Q1,5509.5,
ESTAT:NAMQ_10_GDP(1.0),24/10/24 23:00:00,Q,CP_MEUR,NSA,B1GQ,LV,2008-Q2,5968.7,
ESTAT:NAMQ_10_GDP(1.0),24/10/24 23:00:00,Q,CP_MEUR,NSA,B1GQ,LV,2008-Q3,6088.7,
ESTAT:NAMQ_10_GDP(1.0),24/10/24 23:00:00,Q,CP_MEUR,NSA,B1GQ,LV,2008-Q4,5788.8,
ESTAT:NAMQ_10_GDP(1.0),24/10/24 23:00:00,Q,CP_MEUR,NSA,B1GQ,LV,2009-Q1,4543.6,
ESTAT:NAMQ_10_GDP(1.0),24/10/24 23:00:00,Q,CP_MEUR,NSA,B1GQ,LV,2009-Q2,4733.6,
ESTAT:NAMQ_10_GDP(1.0),24/10/24 23:00:00,Q,CP_MEUR,NSA,B1GQ,LV,2009-Q3,4562.0,
ESTAT:NAMQ_10_GDP(1.0),24/10/24 23:00:00,Q,CP_MEUR,NSA,B1GQ,LV,2009-Q4,4566.6,
ESTAT:NAMQ_10_GDP(1.0),24/10/24 23:00:00,Q,CP_MEUR,NSA,B1GQ,LV,2010-Q1,3965.9,
ESTAT:NAMQ_10_GDP(1.0),24/10/24 23:00:00,Q,CP_MEUR,NSA,B1GQ,LV,2010-Q2,4369.1,
ESTAT:NAMQ_10_GDP(1.0),24/10/24 23:00:00,Q,CP_MEUR,NSA,B1GQ,LV,2010-Q3,4537.3,
ESTAT:NAMQ_10_GDP(1.0),24/10/24 23:00:00,Q,CP_MEUR,NSA,B1GQ,LV,2010-Q4,4698.9,
ESTAT:NAMQ_10_GDP(1.0),24/10/24 23:00:00,Q,CP_MEUR,NSA,B1GQ,LV,2011-Q1,4078.2,
ESTAT:NAMQ_10_GDP(1.0),24/10/24 23:00:00,Q,CP_MEUR,NSA,B1GQ,LV,2011-Q2,4726.9,
ESTAT:NAMQ_10_GDP(1.0),24/10/24 23:00:00,Q,CP_MEUR,NSA,B1GQ,LV,2011-Q3,4997.0,
ESTAT:NAMQ_10_GDP(1.0),24/10/24 23:00:00,Q,CP_MEUR,NSA,B1GQ,LV,2011-Q4,5221.9,
ESTAT:NAMQ_10_GDP(1.0),24/10/24 23:00:00,Q,CP_MEUR,NSA,B1GQ,LV,2012-Q1,4733.9,
ESTAT:NAMQ_10_GDP(1.0),24/10/24 23:00:00,Q,CP_MEUR,NSA,B1GQ,LV,2012-Q2,5296.7,
ESTAT:NAMQ_10_GDP(1.0),24/10/24 23:00:00,Q,CP_MEUR,NSA,B1GQ,LV,2012-Q3,5526.9,
ESTAT:NAMQ_10_GDP(1.0),24/10/24 23:00:00,Q,CP_MEUR,NSA,B1GQ,LV,2012-Q4,5715.2,
ESTAT:NAMQ_10_GDP(1.0),24/10/24 23:00:00,Q,CP_MEUR,NSA,B1GQ,LV,2013-Q1,4857.2,
ESTAT:NAMQ_10_GDP(1.0),24/10/24 23:00:00,Q,CP_MEUR,NSA,B1GQ,LV,2013-Q2,5462.2,
ESTAT:NAMQ_10_GDP(1.0),24/10/24 23:00:00,Q,CP_MEUR,NSA,B1GQ,LV,2013-Q3,5749.8,
ESTAT:NAMQ_10_GDP(1.0),24/10/24 23:00:00,Q,CP_MEUR,NSA,B1GQ,LV,2013-Q4,5926.4,
ESTAT:NAMQ_10_GDP(1.0),24/10/24 23:00:00,Q,CP_MEUR,NSA,B1GQ,LV,2014-Q1,5097.3,
ESTAT:NAMQ_10_GDP(1.0),24/10/24 23:00:00,Q,CP_MEUR,NSA,B1GQ,LV,2014-Q2,5653.9,
ESTAT:NAMQ_10_GDP(1.0),24/10/24 23:00:00,Q,CP_MEUR,NSA,B1GQ,LV,2014-Q3,5944.1,
ESTAT:NAMQ_10_GDP(1.0),24/10/24 23:00:00,Q,CP_MEUR,NSA,B1GQ,LV,2014-Q4,6095.2,
ESTAT:NAMQ_10_GDP(1.0),24/10/24 23:00:00,Q,CP_MEUR,NSA,B1GQ,LV,2015-Q1,5258.8,
ESTAT:NAMQ_10_GDP(1.0),24/10/24 23:00:00,Q,CP_MEUR,NSA,B1GQ,LV,2015-Q2,5950.1,
ESTAT:NAMQ_10_GDP(1.0),24/10/24 23:00:00,Q,CP_MEUR,NSA,B1GQ,LV,2015-Q3,6248.3,
ESTAT:NAMQ_10_GDP(1.0),24/10/24 23:00:00,Q,CP_MEUR,NSA,B1GQ,LV,2015-Q4,6287.1,
ESTAT:NAMQ_10_GDP(1.0),24/10/24 23:00:00,Q,CP_MEUR,NSA,B1GQ,LV,2016-Q1,5428.8,
ESTAT:NAMQ_10_GDP(1.0),24/10/24 23:00:00,Q,CP_MEUR,NSA,B1GQ,LV,2016-Q2,6132.8,
ESTAT:NAMQ_10_GDP(1.0),24/10/24 23:00:00,Q,CP_MEUR,NSA,B1GQ,LV,2016-Q3,6357.0,
ESTAT:NAMQ_10_GDP(1.0),24/10/24 23:00:00,Q,CP_MEUR,NSA,B1GQ,LV,2016-Q4,6579.6,
ESTAT:NAMQ_10_GDP(1.0),24/10/24 23:00:00,Q,CP_MEUR,NSA,B1GQ,LV,2017-Q1,5719.3,
ESTAT:NAMQ_10_GDP(1.0),24/10/24 23:00:00,Q,CP_MEUR,NSA,B1GQ,LV,2017-Q2,6497.4,
ESTAT:NAMQ_10_GDP(1.0),24/10/24 23:00:00,Q,CP_MEUR,NSA,B1GQ,LV,2017-Q3,6819.7,
ESTAT:NAMQ_10_GDP(1.0),24/10/24 23:00:00,Q,CP_MEUR,NSA,B1GQ,LV,2017-Q4,6980.8,
ESTAT:NAMQ_10_GDP(1.0),24/10/24 23:00:00,Q,CP_MEUR,NSA,B1GQ,LV,2018-Q1,6038.8,
ESTAT:NAMQ_10_GDP(1.0),24/10/24 23:00:00,Q,CP_MEUR,NSA,B1GQ,LV,2018-Q2,7076.2,
ESTAT:NAMQ_10_GDP(1.0),24/10/24 23:00:00,Q,CP_MEUR,NSA,B1GQ,LV,2018-Q3,7422.4,
ESTAT:NAMQ_10_GDP(1.0),24/10/24 23:00:00,Q,CP_MEUR,NSA,B1GQ,LV,2018-Q4,7616.1,
ESTAT:NAMQ_10_GDP(1.0),24/10/24 23:00:00,Q,CP_MEUR,NSA,B1GQ,LV,2019-Q1,6537.8,
ESTAT:NAMQ_10_GDP(1.0),24/10/24 23:00:00,Q,CP_MEUR,NSA,B1GQ,LV,2019-Q2,7415.2,
ESTAT:NAMQ_10_GDP(1.0),24/10/24 23:00:00,Q,CP_MEUR,NSA,B1GQ,LV,2019-Q3,7805.9,
ESTAT:NAMQ_10_GDP(1.0),24/10/24 23:00:00,Q,CP_MEUR,NSA,B1GQ,LV,2019-Q4,7808.1,
ESTAT:NAMQ_10_GDP(1.0),24/10/24 23:00:00,Q,CP_MEUR,NSA,B1GQ,LV,2020-Q1,6686.1,
ESTAT:NAMQ_10_GDP(1.0),24/10/24 23:00:00,Q,CP_MEUR,NSA,B1GQ,LV,2020-Q2,6897.2,
ESTAT:NAMQ_10_GDP(1.0),24/10/24 23:00:00,Q,CP_MEUR,NSA,B1GQ,LV,2020-Q3,7731.6,
ESTAT:NAMQ_10_GDP(1.0),24/10/24 23:00:00,Q,CP_MEUR,NSA,B1GQ,LV,2020-Q4,7909.4,
ESTAT:NAMQ_10_GDP(1.0),24/10/24 23:00:00,Q,CP_MEUR,NSA,B1GQ,LV,2021-Q1,6795.0,
ESTAT:NAMQ_10_GDP(1.0),24/10/24 23:00:00,Q,CP_MEUR,NSA,B1GQ,LV,2021-Q2,7935.9,
ESTAT:NAMQ_10_GDP(1.0),24/10/24 23:00:00,Q,CP_MEUR,NSA,B1GQ,LV,2021-Q3,8620.4,
ESTAT:NAMQ_10_GDP(1.0),24/10/24 23:00:00,Q,CP_MEUR,NSA,B1GQ,LV,2021-Q4,8934.0,
ESTAT:NAMQ_10_GDP(1.0),24/10/24 23:00:00,Q,CP_MEUR,NSA,B1GQ,LV,2022-Q1,8055.9,
ESTAT:NAMQ_10_GDP(1.0),24/10/24 23:00:00,Q,CP_MEUR,NSA,B1GQ,LV,2022-Q2,9022.8,
ESTAT:NAMQ_10_GDP(1.0),24/10/24 23:00:00,Q,CP_MEUR,NSA,B1GQ,LV,2022-Q3,9486.9,
ESTAT:NAMQ_10_GDP(1.0),24/10/24 23:00:00,Q,CP_MEUR,NSA,B1GQ,LV,2022-Q4,9538.1,
ESTAT:NAMQ_10_GDP(1.0),24/10/24 23:00:00,Q,CP_MEUR,NSA,B1GQ,LV,2023-Q1,8894.1,
ESTAT:NAMQ_10_GDP(1.0),24/10/24 23:00:00,Q,CP_MEUR,NSA,B1GQ,LV,2023-Q2,9830.7,
ESTAT:NAMQ_10_GDP(1.0),24/10/24 23:00:00,Q,CP_MEUR,NSA,B1GQ,LV,2023-Q3,9799.3,
ESTAT:NAMQ_10_GDP(1.0),24/10/24 23:00:00,Q,CP_MEUR,NSA,B1GQ,LV,2023-Q4,10548.3,
ESTAT:NAMQ_10_GDP(1.0),24/10/24 23:00:00,Q,CP_MEUR,NSA,B1GQ,LV,2024-Q1,8821.2,
ESTAT:NAMQ_10_GDP(1.0),24/10/24 23:00:00,Q,CP_MEUR,NSA,B1GQ,LV,2024-Q2,10036.7,
ESTAT:NAMQ_10_GDP(1.0),24/10/24 23:00:00,Q,CP_MEUR,NSA,B1GQ,ME,2006-Q1,370.2,
ESTAT:NAMQ_10_GDP(1.0),24/10/24 23:00:00,Q,CP_MEUR,NSA,B1GQ,ME,2006-Q2,543.1,
ESTAT:NAMQ_10_GDP(1.0),24/10/24 23:00:00,Q,CP_MEUR,NSA,B1GQ,ME,2006-Q3,712.7,
ESTAT:NAMQ_10_GDP(1.0),24/10/24 23:00:00,Q,CP_MEUR,NSA,B1GQ,ME,2006-Q4,543.7,
ESTAT:NAMQ_10_GDP(1.0),24/10/24 23:00:00,Q,CP_MEUR,NSA,B1GQ,ME,2007-Q1,468.0,
ESTAT:NAMQ_10_GDP(1.0),24/10/24 23:00:00,Q,CP_MEUR,NSA,B1GQ,ME,2007-Q2,629.1,
ESTAT:NAMQ_10_GDP(1.0),24/10/24 23:00:00,Q,CP_MEUR,NSA,B1GQ,ME,2007-Q3,917.6,
ESTAT:NAMQ_10_GDP(1.0),24/10/24 23:00:00,Q,CP_MEUR,NSA,B1GQ,ME,2007-Q4,674.4,
ESTAT:NAMQ_10_GDP(1.0),24/10/24 23:00:00,Q,CP_MEUR,NSA,B1GQ,ME,2008-Q1,547.2,
ESTAT:NAMQ_10_GDP(1.0),24/10/24 23:00:00,Q,CP_MEUR,NSA,B1GQ,ME,2008-Q2,775.9,
ESTAT:NAMQ_10_GDP(1.0),24/10/24 23:00:00,Q,CP_MEUR,NSA,B1GQ,ME,2008-Q3,1007.1,
ESTAT:NAMQ_10_GDP(1.0),24/10/24 23:00:00,Q,CP_MEUR,NSA,B1GQ,ME,2008-Q4,773.2,
ESTAT:NAMQ_10_GDP(1.0),24/10/24 23:00:00,Q,CP_MEUR,NSA,B1GQ,ME,2009-Q1,571.8,
ESTAT:NAMQ_10_GDP(1.0),24/10/24 23:00:00,Q,CP_MEUR,NSA,B1GQ,ME,2009-Q2,700.1,
ESTAT:NAMQ_10_GDP(1.0),24/10/24 23:00:00,Q,CP_MEUR,NSA,B1GQ,ME,2009-Q3,983.8,
ESTAT:NAMQ_10_GDP(1.0),24/10/24 23:00:00,Q,CP_MEUR,NSA,B1GQ,ME,2009-Q4,738.2,
ESTAT:NAMQ_10_GDP(1.0),24/10/24 23:00:00,Q,CP_MEUR,NSA,B1GQ,ME,2010-Q1,626.2,
ESTAT:NAMQ_10_GDP(1.0),24/10/24 23:00:00,Q,CP_MEUR,NSA,B1GQ,ME,2010-Q2,725.6,
ESTAT:NAMQ_10_GDP(1.0),24/10/24 23:00:00,Q,CP_MEUR,NSA,B1GQ,ME,2010-Q3,963.3,
ESTAT:NAMQ_10_GDP(1.0),24/10/24 23:00:00,Q,CP_MEUR,NSA,B1GQ,ME,2010-Q4,810.0,
ESTAT:NAMQ_10_GDP(1.0),24/10/24 23:00:00,Q,CP_MEUR,NSA,B1GQ,ME,2011-Q1,624.4,
ESTAT:NAMQ_10_GDP(1.0),24/10/24 23:00:00,Q,CP_MEUR,NSA,B1GQ,ME,2011-Q2,773.5,
ESTAT:NAMQ_10_GDP(1.0),24/10/24 23:00:00,Q,CP_MEUR,NSA,B1GQ,ME,2011-Q3,1056.8,
ESTAT:NAMQ_10_GDP(1.0),24/10/24 23:00:00,Q,CP_MEUR,NSA,B1GQ,ME,2011-Q4,810.1,
ESTAT:NAMQ_10_GDP(1.0),24/10/24 23:00:00,Q,CP_MEUR,NSA,B1GQ,ME,2012-Q1,601.4,
ESTAT:NAMQ_10_GDP(1.0),24/10/24 23:00:00,Q,CP_MEUR,NSA,B1GQ,ME,2012-Q2,755.6,
ESTAT:NAMQ_10_GDP(1.0),24/10/24 23:00:00,Q,CP_MEUR,NSA,B1GQ,ME,2012-Q3,1035.8,
ESTAT:NAMQ_10_GDP(1.0),24/10/24 23:00:00,Q,CP_MEUR,NSA,B1GQ,ME,2012-Q4,788.7,
ESTAT:NAMQ_10_GDP(1.0),24/10/24 23:00:00,Q,CP_MEUR,NSA,B1GQ,ME,2013-Q1,637.8,
ESTAT:NAMQ_10_GDP(1.0),24/10/24 23:00:00,Q,CP_MEUR,NSA,B1GQ,ME,2013-Q2,788.1,
ESTAT:NAMQ_10_GDP(1.0),24/10/24 23:00:00,Q,CP_MEUR,NSA,B1GQ,ME,2013-Q3,1101.9,
ESTAT:NAMQ_10_GDP(1.0),24/10/24 23:00:00,Q,CP_MEUR,NSA,B1GQ,ME,2013-Q4,834.7,
ESTAT:NAMQ_10_GDP(1.0),24/10/24 23:00:00,Q,CP_MEUR,NSA,B1GQ,ME,2014-Q1,663.6,
ESTAT:NAMQ_10_GDP(1.0),24/10/24 23:00:00,Q,CP_MEUR,NSA,B1GQ,ME,2014-Q2,800.4,
ESTAT:NAMQ_10_GDP(1.0),24/10/24 23:00:00,Q,CP_MEUR,NSA,B1GQ,ME,2014-Q3,1125.0,
ESTAT:NAMQ_10_GDP(1.0),24/10/24 23:00:00,Q,CP_MEUR,NSA,B1GQ,ME,2014-Q4,868.8,
ESTAT:NAMQ_10_GDP(1.0),24/10/24 23:00:00,Q,CP_MEUR,NSA,B1GQ,ME,2015-Q1,686.3,
ESTAT:NAMQ_10_GDP(1.0),24/10/24 23:00:00,Q,CP_MEUR,NSA,B1GQ,ME,2015-Q2,859.3,
ESTAT:NAMQ_10_GDP(1.0),24/10/24 23:00:00,Q,CP_MEUR,NSA,B1GQ,ME,2015-Q3,1189.2,
ESTAT:NAMQ_10_GDP(1.0),24/10/24 23:00:00,Q,CP_MEUR,NSA,B1GQ,ME,2015-Q4,919.7,
ESTAT:NAMQ_10_GDP(1.0),24/10/24 23:00:00,Q,CP_MEUR,NSA,B1GQ,ME,2016-Q1,729.5,
ESTAT:NAMQ_10_GDP(1.0),24/10/24 23:00:00,Q,CP_MEUR,NSA,B1GQ,ME,2016-Q2,920.5,
ESTAT:NAMQ_10_GDP(1.0),24/10/24 23:00:00,Q,CP_MEUR,NSA,B1GQ,ME,2016-Q3,1291.3,
ESTAT:NAMQ_10_GDP(1.0),24/10/24 23:00:00,Q,CP_MEUR,NSA,B1GQ,ME,2016-Q4,1012.9,
ESTAT:NAMQ_10_GDP(1.0),24/10/24 23:00:00,Q,CP_MEUR,NSA,B1GQ,ME,2017-Q1,783.8,
ESTAT:NAMQ_10_GDP(1.0),24/10/24 23:00:00,Q,CP_MEUR,NSA,B1GQ,ME,2017-Q2,1008.3,
ESTAT:NAMQ_10_GDP(1.0),24/10/24 23:00:00,Q,CP_MEUR,NSA,B1GQ,ME,2017-Q3,1416.3,
ESTAT:NAMQ_10_GDP(1.0),24/10/24 23:00:00,Q,CP_MEUR,NSA,B1GQ,ME,2017-Q4,1090.7,
ESTAT:NAMQ_10_GDP(1.0),24/10/24 23:00:00,Q,CP_MEUR,NSA,B1GQ,ME,2018-Q1,848.7,
ESTAT:NAMQ_10_GDP(1.0),24/10/24 23:00:00,Q,CP_MEUR,NSA,B1GQ,ME,2018-Q2,1108.2,
ESTAT:NAMQ_10_GDP(1.0),24/10/24 23:00:00,Q,CP_MEUR,NSA,B1GQ,ME,2018-Q3,1531.1,
ESTAT:NAMQ_10_GDP(1.0),24/10/24 23:00:00,Q,CP_MEUR,NSA,B1GQ,ME,2018-Q4,1175.1,
ESTAT:NAMQ_10_GDP(1.0),24/10/24 23:00:00,Q,CP_MEUR,NSA,B1GQ,ME,2019-Q1,890.7,
ESTAT:NAMQ_10_GDP(1.0),24/10/24 23:00:00,Q,CP_MEUR,NSA,B1GQ,ME,2019-Q2,1160.6,
ESTAT:NAMQ_10_GDP(1.0),24/10/24 23:00:00,Q,CP_MEUR,NSA,B1GQ,ME,2019-Q3,1646.5,
ESTAT:NAMQ_10_GDP(1.0),24/10/24 23:00:00,Q,CP_MEUR,NSA,B1GQ,ME,2019-Q4,1252.9,
ESTAT:NAMQ_10_GDP(1.0),24/10/24 23:00:00,Q,CP_MEUR,NSA,B1GQ,ME,2020-Q1,916.4,
ESTAT:NAMQ_10_GDP(1.0),24/10/24 23:00:00,Q,CP_MEUR,NSA,B1GQ,ME,2020-Q2,900.9,
ESTAT:NAMQ_10_GDP(1.0),24/10/24 23:00:00,Q,CP_MEUR,NSA,B1GQ,ME,2020-Q3,1210.9,
ESTAT:NAMQ_10_GDP(1.0),24/10/24 23:00:00,Q,CP_MEUR,NSA,B1GQ,ME,2020-Q4,1157.4,
ESTAT:NAMQ_10_GDP(1.0),24/10/24 23:00:00,Q,CP_MEUR,NSA,B1GQ,ME,2021-Q1,879.9,
ESTAT:NAMQ_10_GDP(1.0),24/10/24 23:00:00,Q,CP_MEUR,NSA,B1GQ,ME,2021-Q2,1137.7,
ESTAT:NAMQ_10_GDP(1.0),24/10/24 23:00:00,Q,CP_MEUR,NSA,B1GQ,ME,2021-Q3,1598.9,
ESTAT:NAMQ_10_GDP(1.0),24/10/24 23:00:00,Q,CP_MEUR,NSA,B1GQ,ME,2021-Q4,1338.6,
ESTAT:NAMQ_10_GDP(1.0),24/10/24 23:00:00,Q,CP_MEUR,NSA,B1GQ,ME,2022-Q1,1045.5,
ESTAT:NAMQ_10_GDP(1.0),24/10/24 23:00:00,Q,CP_MEUR,NSA,B1GQ,ME,2022-Q2,1423.5,
ESTAT:NAMQ_10_GDP(1.0),24/10/24 23:00:00,Q,CP_MEUR,NSA,B1GQ,ME,2022-Q3,1868.9,
ESTAT:NAMQ_10_GDP(1.0),24/10/24 23:00:00,Q,CP_MEUR,NSA,B1GQ,ME,2022-Q4,1586.1,
ESTAT:NAMQ_10_GDP(1.0),24/10/24 23:00:00,Q,CP_MEUR,NSA,B1GQ,ME,2023-Q1,1244.9,
ESTAT:NAMQ_10_GDP(1.0),24/10/24 23:00:00,Q,CP_MEUR,NSA,B1GQ,ME,2023-Q2,1715.5,
ESTAT:NAMQ_10_GDP(1.0),24/10/24 23:00:00,Q,CP_MEUR,NSA,B1GQ,ME,2023-Q3,2213.1,
ESTAT:NAMQ_10_GDP(1.0),24/10/24 23:00:00,Q,CP_MEUR,NSA,B1GQ,ME,2023-Q4,1790.2,
ESTAT:NAMQ_10_GDP(1.0),24/10/24 23:00:00,Q,CP_MEUR,NSA,B1GQ,ME,2024-Q1,1361.7,p
ESTAT:NAMQ_10_GDP(1.0),24/10/24 23:00:00,Q,CP_MEUR,NSA,B1GQ,ME,2024-Q2,1847.2,p
ESTAT:NAMQ_10_GDP(1.0),24/10/24 23:00:00,Q,CP_MEUR,NSA,B1GQ,MK,2000-Q1,900.8,
ESTAT:NAMQ_10_GDP(1.0),24/10/24 23:00:00,Q,CP_MEUR,NSA,B1GQ,MK,2000-Q2,1052.0,
ESTAT:NAMQ_10_GDP(1.0),24/10/24 23:00:00,Q,CP_MEUR,NSA,B1GQ,MK,2000-Q3,1033.3,
ESTAT:NAMQ_10_GDP(1.0),24/10/24 23:00:00,Q,CP_MEUR,NSA,B1GQ,MK,2000-Q4,1108.3,
ESTAT:NAMQ_10_GDP(1.0),24/10/24 23:00:00,Q,CP_MEUR,NSA,B1GQ,MK,2001-Q1,985.9,
ESTAT:NAMQ_10_GDP(1.0),24/10/24 23:00:00,Q,CP_MEUR,NSA,B1GQ,MK,2001-Q2,1030.0,
ESTAT:NAMQ_10_GDP(1.0),24/10/24 23:00:00,Q,CP_MEUR,NSA,B1GQ,MK,2001-Q3,993.5,
ESTAT:NAMQ_10_GDP(1.0),24/10/24 23:00:00,Q,CP_MEUR,NSA,B1GQ,MK,2001-Q4,1134.0,
ESTAT:NAMQ_10_GDP(1.0),24/10/24 23:00:00,Q,CP_MEUR,NSA,B1GQ,MK,2002-Q1,978.7,
ESTAT:NAMQ_10_GDP(1.0),24/10/24 23:00:00,Q,CP_MEUR,NSA,B1GQ,MK,2002-Q2,1036.0,
ESTAT:NAMQ_10_GDP(1.0),24/10/24 23:00:00,Q,CP_MEUR,NSA,B1GQ,MK,2002-Q3,1051.7,
ESTAT:NAMQ_10_GDP(1.0),24/10/24 23:00:00,Q,CP_MEUR,NSA,B1GQ,MK,2002-Q4,1174.0,
ESTAT:NAMQ_10_GDP(1.0),24/10/24 23:00:00,Q,CP_MEUR,NSA,B1GQ,MK,2003-Q1,1014.0,
ESTAT:NAMQ_10_GDP(1.0),24/10/24 23:00:00,Q,CP_MEUR,NSA,B1GQ,MK,2003-Q2,1089.7,
ESTAT:NAMQ_10_GDP(1.0),24/10/24 23:00:00,Q,CP_MEUR,NSA,B1GQ,MK,2003-Q3,1088.8,
ESTAT:NAMQ_10_GDP(1.0),24/10/24 23:00:00,Q,CP_MEUR,NSA,B1GQ,MK,2003-Q4,1193.4,
ESTAT:NAMQ_10_GDP(1.0),24/10/24 23:00:00,Q,CP_MEUR,NSA,B1GQ,MK,2004-Q1,987.8,
ESTAT:NAMQ_10_GDP(1.0),24/10/24 23:00:00,Q,CP_MEUR,NSA,B1GQ,MK,2004-Q2,1080.0,
ESTAT:NAMQ_10_GDP(1.0),24/10/24 23:00:00,Q,CP_MEUR,NSA,B1GQ,MK,2004-Q3,1136.7,
ESTAT:NAMQ_10_GDP(1.0),24/10/24 23:00:00,Q,CP_MEUR,NSA,B1GQ,MK,2004-Q4,1372.6,
ESTAT:NAMQ_10_GDP(1.0),24/10/24 23:00:00,Q,CP_MEUR,NSA,B1GQ,MK,2005-Q1,1038.8,
ESTAT:NAMQ_10_GDP(1.0),24/10/24 23:00:00,Q,CP_MEUR,NSA,B1GQ,MK,2005-Q2,1250.1,
ESTAT:NAMQ_10_GDP(1.0),24/10/24 23:00:00,Q,CP_MEUR,NSA,B1GQ,MK,2005-Q3,1282.5,
ESTAT:NAMQ_10_GDP(1.0),24/10/24 23:00:00,Q,CP_MEUR,NSA,B1GQ,MK,2005-Q4,1461.4,
ESTAT:NAMQ_10_GDP(1.0),24/10/24 23:00:00,Q,CP_MEUR,NSA,B1GQ,MK,2006-Q1,1190.1,
ESTAT:NAMQ_10_GDP(1.0),24/10/24 23:00:00,Q,CP_MEUR,NSA,B1GQ,MK,2006-Q2,1392.1,
ESTAT:NAMQ_10_GDP(1.0),24/10/24 23:00:00,Q,CP_MEUR,NSA,B1GQ,MK,2006-Q3,1392.0,
ESTAT:NAMQ_10_GDP(1.0),24/10/24 23:00:00,Q,CP_MEUR,NSA,B1GQ,MK,2006-Q4,1498.1,
ESTAT:NAMQ_10_GDP(1.0),24/10/24 23:00:00,Q,CP_MEUR,NSA,B1GQ,MK,2007-Q1,1314.6,
ESTAT:NAMQ_10_GDP(1.0),24/10/24 23:00:00,Q,CP_MEUR,NSA,B1GQ,MK,2007-Q2,1486.5,
ESTAT:NAMQ_10_GDP(1.0),24/10/24 23:00:00,Q,CP_MEUR,NSA,B1GQ,MK,2007-Q3,1585.9,
ESTAT:NAMQ_10_GDP(1.0),24/10/24 23:00:00,Q,CP_MEUR,NSA,B1GQ,MK,2007-Q4,1707.5,
ESTAT:NAMQ_10_GDP(1.0),24/10/24 23:00:00,Q,CP_MEUR,NSA,B1GQ,MK,2008-Q1,1469.8,
ESTAT:NAMQ_10_GDP(1.0),24/10/24 23:00:00,Q,CP_MEUR,NSA,B1GQ,MK,2008-Q2,1640.6,
ESTAT:NAMQ_10_GDP(1.0),24/10/24 23:00:00,Q,CP_MEUR,NSA,B1GQ,MK,2008-Q3,1740.2,
ESTAT:NAMQ_10_GDP(1.0),24/10/24 23:00:00,Q,CP_MEUR,NSA,B1GQ,MK,2008-Q4,1921.4,
ESTAT:NAMQ_10_GDP(1.0),24/10/24 23:00:00,Q,CP_MEUR,NSA,B1GQ,MK,2009-Q1,1510.6,
ESTAT:NAMQ_10_GDP(1.0),24/10/24 23:00:00,Q,CP_MEUR,NSA,B1GQ,MK,2009-Q2,1676.7,
ESTAT:NAMQ_10_GDP(1.0),24/10/24 23:00:00,Q,CP_MEUR,NSA,B1GQ,MK,2009-Q3,1719.4,
ESTAT:NAMQ_10_GDP(1.0),24/10/24 23:00:00,Q,CP_MEUR,NSA,B1GQ,MK,2009-Q4,1860.3,
ESTAT:NAMQ_10_GDP(1.0),24/10/24 23:00:00,Q,CP_MEUR,NSA,B1GQ,MK,2010-Q1,1606.9,
ESTAT:NAMQ_10_GDP(1.0),24/10/24 23:00:00,Q,CP_MEUR,NSA,B1GQ,MK,2010-Q2,1756.7,
ESTAT:NAMQ_10_GDP(1.0),24/10/24 23:00:00,Q,CP_MEUR,NSA,B1GQ,MK,2010-Q3,1861.1,
ESTAT:NAMQ_10_GDP(1.0),24/10/24 23:00:00,Q,CP_MEUR,NSA,B1GQ,MK,2010-Q4,1883.3,
ESTAT:NAMQ_10_GDP(1.0),24/10/24 23:00:00,Q,CP_MEUR,NSA,B1GQ,MK,2011-Q1,1684.8,
ESTAT:NAMQ_10_GDP(1.0),24/10/24 23:00:00,Q,CP_MEUR,NSA,B1GQ,MK,2011-Q2,1904.7,
ESTAT:NAMQ_10_GDP(1.0),24/10/24 23:00:00,Q,CP_MEUR,NSA,B1GQ,MK,2011-Q3,1932.7,
ESTAT:NAMQ_10_GDP(1.0),24/10/24 23:00:00,Q,CP_MEUR,NSA,B1GQ,MK,2011-Q4,2022.0,
ESTAT:NAMQ_10_GDP(1.0),24/10/24 23:00:00,Q,CP_MEUR,NSA,B1GQ,MK,2012-Q1,1690.7,
ESTAT:NAMQ_10_GDP(1.0),24/10/24 23:00:00,Q,CP_MEUR,NSA,B1GQ,MK,2012-Q2,1874.6,
ESTAT:NAMQ_10_GDP(1.0),24/10/24 23:00:00,Q,CP_MEUR,NSA,B1GQ,MK,2012-Q3,2007.1,
ESTAT:NAMQ_10_GDP(1.0),24/10/24 23:00:00,Q,CP_MEUR,NSA,B1GQ,MK,2012-Q4,2012.2,
ESTAT:NAMQ_10_GDP(1.0),24/10/24 23:00:00,Q,CP_MEUR,NSA,B1GQ,MK,2013-Q1,1771.2,
ESTAT:NAMQ_10_GDP(1.0),24/10/24 23:00:00,Q,CP_MEUR,NSA,B1GQ,MK,2013-Q2,2071.0,
ESTAT:NAMQ_10_GDP(1.0),24/10/24 23:00:00,Q,CP_MEUR,NSA,B1GQ,MK,2013-Q3,2129.4,
ESTAT:NAMQ_10_GDP(1.0),24/10/24 23:00:00,Q,CP_MEUR,NSA,B1GQ,MK,2013-Q4,2178.1,
ESTAT:NAMQ_10_GDP(1.0),24/10/24 23:00:00,Q,CP_MEUR,NSA,B1GQ,MK,2014-Q1,1957.5,
ESTAT:NAMQ_10_GDP(1.0),24/10/24 23:00:00,Q,CP_MEUR,NSA,B1GQ,MK,2014-Q2,2177.7,
ESTAT:NAMQ_10_GDP(1.0),24/10/24 23:00:00,Q,CP_MEUR,NSA,B1GQ,MK,2014-Q3,2179.0,
ESTAT:NAMQ_10_GDP(1.0),24/10/24 23:00:00,Q,CP_MEUR,NSA,B1GQ,MK,2014-Q4,2247.8,
ESTAT:NAMQ_10_GDP(1.0),24/10/24 23:00:00,Q,CP_MEUR,NSA,B1GQ,MK,2015-Q1,2086.6,
ESTAT:NAMQ_10_GDP(1.0),24/10/24 23:00:00,Q,CP_MEUR,NSA,B1GQ,MK,2015-Q2,2252.5,
ESTAT:NAMQ_10_GDP(1.0),24/10/24 23:00:00,Q,CP_MEUR,NSA,B1GQ,MK,2015-Q3,2330.5,
ESTAT:NAMQ_10_GDP(1.0),24/10/24 23:00:00,Q,CP_MEUR,NSA,B1GQ,MK,2015-Q4,2402.6,
ESTAT:NAMQ_10_GDP(1.0),24/10/24 23:00:00,Q,CP_MEUR,NSA,B1GQ,MK,2016-Q1,2200.1,
ESTAT:NAMQ_10_GDP(1.0),24/10/24 23:00:00,Q,CP_MEUR,NSA,B1GQ,MK,2016-Q2,2367.2,
ESTAT:NAMQ_10_GDP(1.0),24/10/24 23:00:00,Q,CP_MEUR,NSA,B1GQ,MK,2016-Q3,2504.5,
ESTAT:NAMQ_10_GDP(1.0),24/10/24 23:00:00,Q,CP_MEUR,NSA,B1GQ,MK,2016-Q4,2585.3,
ESTAT:NAMQ_10_GDP(1.0),24/10/24 23:00:00,Q,CP_MEUR,NSA,B1GQ,MK,2017-Q1,2329.8,
ESTAT:NAMQ_10_GDP(1.0),24/10/24 23:00:00,Q,CP_MEUR,NSA,B1GQ,MK,2017-Q2,2444.0,
ESTAT:NAMQ_10_GDP(1.0),24/10/24 23:00:00,Q,CP_MEUR,NSA,B1GQ,MK,2017-Q3,2592.3,
ESTAT:NAMQ_10_GDP(1.0),24/10/24 23:00:00,Q,CP_MEUR,NSA,B1GQ,MK,2017-Q4,2672.2,
ESTAT:NAMQ_10_GDP(1.0),24/10/24 23:00:00,Q,CP_MEUR,NSA,B1GQ,MK,2018-Q1,2454.6,
ESTAT:NAMQ_10_GDP(1.0),24/10/24 23:00:00,Q,CP_MEUR,NSA,B1GQ,MK,2018-Q2,2648.9,
ESTAT:NAMQ_10_GDP(1.0),24/10/24 23:00:00,Q,CP_MEUR,NSA,B1GQ,MK,2018-Q3,2723.4,
ESTAT:NAMQ_10_GDP(1.0),24/10/24 23:00:00,Q,CP_MEUR,NSA,B1GQ,MK,2018-Q4,2917.3,
ESTAT:NAMQ_10_GDP(1.0),24/10/24 23:00:00,Q,CP_MEUR,NSA,B1GQ,MK,2019-Q1,2564.7,
ESTAT:NAMQ_10_GDP(1.0),24/10/24 23:00:00,Q,CP_MEUR,NSA,B1GQ,MK,2019-Q2,2816.7,
ESTAT:NAMQ_10_GDP(1.0),24/10/24 23:00:00,Q,CP_MEUR,NSA,B1GQ,MK,2019-Q3,2892.1,
ESTAT:NAMQ_10_GDP(1.0),24/10/24 23:00:00,Q,CP_MEUR,NSA,B1GQ,MK,2019-Q4,2988.8,
ESTAT:NAMQ_10_GDP(1.0),24/10/24 23:00:00,Q,CP_MEUR,NSA,B1GQ,MK,2020-Q1,2631.2,
ESTAT:NAMQ_10_GDP(1.0),24/10/24 23:00:00,Q,CP_MEUR,NSA,B1GQ,MK,2020-Q2,2342.3,
ESTAT:NAMQ_10_GDP(1.0),24/10/24 23:00:00,Q,CP_MEUR,NSA,B1GQ,MK,2020-Q3,2807.5,
ESTAT:NAMQ_10_GDP(1.0),24/10/24 23:00:00,Q,CP_MEUR,NSA,B1GQ,MK,2020-Q4,3070.6,
ESTAT:NAMQ_10_GDP(1.0),24/10/24 23:00:00,Q,CP_MEUR,NSA,B1GQ,MK,2021-Q1,2693.9,
ESTAT:NAMQ_10_GDP(1.0),24/10/24 23:00:00,Q,CP_MEUR,NSA,B1GQ,MK,2021-Q2,2911.2,
ESTAT:NAMQ_10_GDP(1.0),24/10/24 23:00:00,Q,CP_MEUR,NSA,B1GQ,MK,2021-Q3,2988.8,
ESTAT:NAMQ_10_GDP(1.0),24/10/24 23:00:00,Q,CP_MEUR,NSA,B1GQ,MK,2021-Q4,3240.6,
ESTAT:NAMQ_10_GDP(1.0),24/10/24 23:00:00,Q,CP_MEUR,NSA,B1GQ,MK,2022-Q1,3038.1,p
ESTAT:NAMQ_10_GDP(1.0),24/10/24 23:00:00,Q,CP_MEUR,NSA,B1GQ,MK,2022-Q2,3177.5,p
ESTAT:NAMQ_10_GDP(1.0),24/10/24 23:00:00,Q,CP_MEUR,NSA,B1GQ,MK,2022-Q3,3288.7,p
ESTAT:NAMQ_10_GDP(1.0),24/10/24 23:00:00,Q,CP_MEUR,NSA,B1GQ,MK,2022-Q4,3529.0,p
ESTAT:NAMQ_10_GDP(1.0),24/10/24 23:00:00,Q,CP_MEUR,NSA,B1GQ,MK,2023-Q1,3115.6,e
ESTAT:NAMQ_10_GDP(1.0),24/10/24 23:00:00,Q,CP_MEUR,NSA,B1GQ,MK,2023-Q2,3254.9,e
ESTAT:NAMQ_10_GDP(1.0),24/10/24 23:00:00,Q,CP_MEUR,NSA,B1GQ,MK,2023-Q3,3496.6,e
ESTAT:NAMQ_10_GDP(1.0),24/10/24 23:00:00,Q,CP_MEUR,NSA,B1GQ,MK,2023-Q4,3789.4,e
ESTAT:NAMQ_10_GDP(1.0),24/10/24 23:00:00,Q,CP_MEUR,NSA,B1GQ,MK,2024-Q1,3241.2,e
ESTAT:NAMQ_10_GDP(1.0),24/10/24 23:00:00,Q,CP_MEUR,NSA,B1GQ,MK,2024-Q2,3498.1,e
ESTAT:NAMQ_10_GDP(1.0),24/10/24 23:00:00,Q,CP_MEUR,NSA,B1GQ,MT,1995-Q1,663.4,e
ESTAT:NAMQ_10_GDP(1.0),24/10/24 23:00:00,Q,CP_MEUR,NSA,B1GQ,MT,1995-Q2,714.2,e
ESTAT:NAMQ_10_GDP(1.0),24/10/24 23:00:00,Q,CP_MEUR,NSA,B1GQ,MT,1995-Q3,759.6,e
ESTAT:NAMQ_10_GDP(1.0),24/10/24 23:00:00,Q,CP_MEUR,NSA,B1GQ,MT,1995-Q4,700.2,e
ESTAT:NAMQ_10_GDP(1.0),24/10/24 23:00:00,Q,CP_MEUR,NSA,B1GQ,MT,1996-Q1,693.6,e
ESTAT:NAMQ_10_GDP(1.0),24/10/24 23:00:00,Q,CP_MEUR,NSA,B1GQ,MT,1996-Q2,761.3,e
ESTAT:NAMQ_10_GDP(1.0),24/10/24 23:00:00,Q,CP_MEUR,NSA,B1GQ,MT,1996-Q3,802.8,e
ESTAT:NAMQ_10_GDP(1.0),24/10/24 23:00:00,Q,CP_MEUR,NSA,B1GQ,MT,1996-Q4,753.3,e
ESTAT:NAMQ_10_GDP(1.0),24/10/24 23:00:00,Q,CP_MEUR,NSA,B1GQ,MT,1997-Q1,762.0,e
ESTAT:NAMQ_10_GDP(1.0),24/10/24 23:00:00,Q,CP_MEUR,NSA,B1GQ,MT,1997-Q2,841.1,e
ESTAT:NAMQ_10_GDP(1.0),24/10/24 23:00:00,Q,CP_MEUR,NSA,B1GQ,MT,1997-Q3,905.3,e
ESTAT:NAMQ_10_GDP(1.0),24/10/24 23:00:00,Q,CP_MEUR,NSA,B1GQ,MT,1997-Q4,833.6,e
ESTAT:NAMQ_10_GDP(1.0),24/10/24 23:00:00,Q,CP_MEUR,NSA,B1GQ,MT,1998-Q1,836.1,e
ESTAT:NAMQ_10_GDP(1.0),24/10/24 23:00:00,Q,CP_MEUR,NSA,B1GQ,MT,1998-Q2,909.9,e
ESTAT:NAMQ_10_GDP(1.0),24/10/24 23:00:00,Q,CP_MEUR,NSA,B1GQ,MT,1998-Q3,960.7,e
ESTAT:NAMQ_10_GDP(1.0),24/10/24 23:00:00,Q,CP_MEUR,NSA,B1GQ,MT,1998-Q4,875.1,e
ESTAT:NAMQ_10_GDP(1.0),24/10/24 23:00:00,Q,CP_MEUR,NSA,B1GQ,MT,1999-Q1,852.8,e
ESTAT:NAMQ_10_GDP(1.0),24/10/24 23:00:00,Q,CP_MEUR,NSA,B1GQ,MT,1999-Q2,978.4,e
ESTAT:NAMQ_10_GDP(1.0),24/10/24 23:00:00,Q,CP_MEUR,NSA,B1GQ,MT,1999-Q3,1047.7,e
ESTAT:NAMQ_10_GDP(1.0),24/10/24 23:00:00,Q,CP_MEUR,NSA,B1GQ,MT,1999-Q4,975.8,e
ESTAT:NAMQ_10_GDP(1.0),24/10/24 23:00:00,Q,CP_MEUR,NSA,B1GQ,MT,2000-Q1,975.6,
ESTAT:NAMQ_10_GDP(1.0),24/10/24 23:00:00,Q,CP_MEUR,NSA,B1GQ,MT,2000-Q2,1108.5,
ESTAT:NAMQ_10_GDP(1.0),24/10/24 23:00:00,Q,CP_MEUR,NSA,B1GQ,MT,2000-Q3,1157.1,
ESTAT:NAMQ_10_GDP(1.0),24/10/24 23:00:00,Q,CP_MEUR,NSA,B1GQ,MT,2000-Q4,1139.0,
ESTAT:NAMQ_10_GDP(1.0),24/10/24 23:00:00,Q,CP_MEUR,NSA,B1GQ,MT,2001-Q1,1034.4,
ESTAT:NAMQ_10_GDP(1.0),24/10/24 23:00:00,Q,CP_MEUR,NSA,B1GQ,MT,2001-Q2,1142.1,
ESTAT:NAMQ_10_GDP(1.0),24/10/24 23:00:00,Q,CP_MEUR,NSA,B1GQ,MT,2001-Q3,1232.6,
ESTAT:NAMQ_10_GDP(1.0),24/10/24 23:00:00,Q,CP_MEUR,NSA,B1GQ,MT,2001-Q4,1138.7,
ESTAT:NAMQ_10_GDP(1.0),24/10/24 23:00:00,Q,CP_MEUR,NSA,B1GQ,MT,2002-Q1,1120.3,
ESTAT:NAMQ_10_GDP(1.0),24/10/24 23:00:00,Q,CP_MEUR,NSA,B1GQ,MT,2002-Q2,1197.1,
ESTAT:NAMQ_10_GDP(1.0),24/10/24 23:00:00,Q,CP_MEUR,NSA,B1GQ,MT,2002-Q3,1244.5,
ESTAT:NAMQ_10_GDP(1.0),24/10/24 23:00:00,Q,CP_MEUR,NSA,B1GQ,MT,2002-Q4,1161.6,
ESTAT:NAMQ_10_GDP(1.0),24/10/24 23:00:00,Q,CP_MEUR,NSA,B1GQ,MT,2003-Q1,1111.6,
ESTAT:NAMQ_10_GDP(1.0),24/10/24 23:00:00,Q,CP_MEUR,NSA,B1GQ,MT,2003-Q2,1202.2,
ESTAT:NAMQ_10_GDP(1.0),24/10/24 23:00:00,Q,CP_MEUR,NSA,B1GQ,MT,2003-Q3,1280.1,
ESTAT:NAMQ_10_GDP(1.0),24/10/24 23:00:00,Q,CP_MEUR,NSA,B1GQ,MT,2003-Q4,1202.1,
ESTAT:NAMQ_10_GDP(1.0),24/10/24 23:00:00,Q,CP_MEUR,NSA,B1GQ,MT,2004-Q1,1156.8,
ESTAT:NAMQ_10_GDP(1.0),24/10/24 23:00:00,Q,CP_MEUR,NSA,B1GQ,MT,2004-Q2,1204.2,
ESTAT:NAMQ_10_GDP(1.0),24/10/24 23:00:00,Q,CP_MEUR,NSA,B1GQ,MT,2004-Q3,1309.5,
ESTAT:NAMQ_10_GDP(1.0),24/10/24 23:00:00,Q,CP_MEUR,NSA,B1GQ,MT,2004-Q4,1245.7,
ESTAT:NAMQ_10_GDP(1.0),24/10/24 23:00:00,Q,CP_MEUR,NSA,B1GQ,MT,2005-Q1,1152.9,
ESTAT:NAMQ_10_GDP(1.0),24/10/24 23:00:00,Q,CP_MEUR,NSA,B1GQ,MT,2005-Q2,1294.7,
ESTAT:NAMQ_10_GDP(1.0),24/10/24 23:00:00,Q,CP_MEUR,NSA,B1GQ,MT,2005-Q3,1380.6,
ESTAT:NAMQ_10_GDP(1.0),24/10/24 23:00:00,Q,CP_MEUR,NSA,B1GQ,MT,2005-Q4,1305.9,
ESTAT:NAMQ_10_GDP(1.0),24/10/24 23:00:00,Q,CP_MEUR,NSA,B1GQ,MT,2006-Q1,1230.2,
ESTAT:NAMQ_10_GDP(1.0),24/10/24 23:00:00,Q,CP_MEUR,NSA,B1GQ,MT,2006-Q2,1360.3,
ESTAT:NAMQ_10_GDP(1.0),24/10/24 23:00:00,Q,CP_MEUR,NSA,B1GQ,MT,2006-Q3,1444.1,
ESTAT:NAMQ_10_GDP(1.0),24/10/24 23:00:00,Q,CP_MEUR,NSA,B1GQ,MT,2006-Q4,1346.0,
ESTAT:NAMQ_10_GDP(1.0),24/10/24 23:00:00,Q,CP_MEUR,NSA,B1GQ,MT,2007-Q1,1351.5,
ESTAT:NAMQ_10_GDP(1.0),24/10/24 23:00:00,Q,CP_MEUR,NSA,B1GQ,MT,2007-Q2,1450.3,
ESTAT:NAMQ_10_GDP(1.0),24/10/24 23:00:00,Q,CP_MEUR,NSA,B1GQ,MT,2007-Q3,1548.7,
ESTAT:NAMQ_10_GDP(1.0),24/10/24 23:00:00,Q,CP_MEUR,NSA,B1GQ,MT,2007-Q4,1427.7,
ESTAT:NAMQ_10_GDP(1.0),24/10/24 23:00:00,Q,CP_MEUR,NSA,B1GQ,MT,2008-Q1,1450.0,
ESTAT:NAMQ_10_GDP(1.0),24/10/24 23:00:00,Q,CP_MEUR,NSA,B1GQ,MT,2008-Q2,1545.3,
ESTAT:NAMQ_10_GDP(1.0),24/10/24 23:00:00,Q,CP_MEUR,NSA,B1GQ,MT,2008-Q3,1658.8,
ESTAT:NAMQ_10_GDP(1.0),24/10/24 23:00:00,Q,CP_MEUR,NSA,B1GQ,MT,2008-Q4,1582.3,
ESTAT:NAMQ_10_GDP(1.0),24/10/24 23:00:00,Q,CP_MEUR,NSA,B1GQ,MT,2009-Q1,1467.5,
ESTAT:NAMQ_10_GDP(1.0),24/10/24 23:00:00,Q,CP_MEUR,NSA,B1GQ,MT,2009-Q2,1559.1,
ESTAT:NAMQ_10_GDP(1.0),24/10/24 23:00:00,Q,CP_MEUR,NSA,B1GQ,MT,2009-Q3,1661.3,
ESTAT:NAMQ_10_GDP(1.0),24/10/24 23:00:00,Q,CP_MEUR,NSA,B1GQ,MT,2009-Q4,1599.8,
ESTAT:NAMQ_10_GDP(1.0),24/10/24 23:00:00,Q,CP_MEUR,NSA,B1GQ,MT,2010-Q1,1618.3,
ESTAT:NAMQ_10_GDP(1.0),24/10/24 23:00:00,Q,CP_MEUR,NSA,B1GQ,MT,2010-Q2,1682.2,
ESTAT:NAMQ_10_GDP(1.0),24/10/24 23:00:00,Q,CP_MEUR,NSA,B1GQ,MT,2010-Q3,1821.7,
ESTAT:NAMQ_10_GDP(1.0),24/10/24 23:00:00,Q,CP_MEUR,NSA,B1GQ,MT,2010-Q4,1739.7,
ESTAT:NAMQ_10_GDP(1.0),24/10/24 23:00:00,Q,CP_MEUR,NSA,B1GQ,MT,2011-Q1,1673.7,
ESTAT:NAMQ_10_GDP(1.0),24/10/24 23:00:00,Q,CP_MEUR,NSA,B1GQ,MT,2011-Q2,1733.5,
ESTAT:NAMQ_10_GDP(1.0),24/10/24 23:00:00,Q,CP_MEUR,NSA,B1GQ,MT,2011-Q3,1852.3,
ESTAT:NAMQ_10_GDP(1.0),24/10/24 23:00:00,Q,CP_MEUR,NSA,B1GQ,MT,2011-Q4,1773.3,
ESTAT:NAMQ_10_GDP(1.0),24/10/24 23:00:00,Q,CP_MEUR,NSA,B1GQ,MT,2012-Q1,1756.0,
ESTAT:NAMQ_10_GDP(1.0),24/10/24 23:00:00,Q,CP_MEUR,NSA,B1GQ,MT,2012-Q2,1858.8,
ESTAT:NAMQ_10_GDP(1.0),24/10/24 23:00:00,Q,CP_MEUR,NSA,B1GQ,MT,2012-Q3,1983.0,
ESTAT:NAMQ_10_GDP(1.0),24/10/24 23:00:00,Q,CP_MEUR,NSA,B1GQ,MT,2012-Q4,1881.7,
ESTAT:NAMQ_10_GDP(1.0),24/10/24 23:00:00,Q,CP_MEUR,NSA,B1GQ,MT,2013-Q1,1885.4,
ESTAT:NAMQ_10_GDP(1.0),24/10/24 23:00:00,Q,CP_MEUR,NSA,B1GQ,MT,2013-Q2,2034.3,
ESTAT:NAMQ_10_GDP(1.0),24/10/24 23:00:00,Q,CP_MEUR,NSA,B1GQ,MT,2013-Q3,2166.9,
ESTAT:NAMQ_10_GDP(1.0),24/10/24 23:00:00,Q,CP_MEUR,NSA,B1GQ,MT,2013-Q4,2042.8,
ESTAT:NAMQ_10_GDP(1.0),24/10/24 23:00:00,Q,CP_MEUR,NSA,B1GQ,MT,2014-Q1,2090.0,
ESTAT:NAMQ_10_GDP(1.0),24/10/24 23:00:00,Q,CP_MEUR,NSA,B1GQ,MT,2014-Q2,2209.7,
ESTAT:NAMQ_10_GDP(1.0),24/10/24 23:00:00,Q,CP_MEUR,NSA,B1GQ,MT,2014-Q3,2352.5,
ESTAT:NAMQ_10_GDP(1.0),24/10/24 23:00:00,Q,CP_MEUR,NSA,B1GQ,MT,2014-Q4,2296.3,
ESTAT:NAMQ_10_GDP(1.0),24/10/24 23:00:00,Q,CP_MEUR,NSA,B1GQ,MT,2015-Q1,2382.1,
ESTAT:NAMQ_10_GDP(1.0),24/10/24 23:00:00,Q,CP_MEUR,NSA,B1GQ,MT,2015-Q2,2548.5,
ESTAT:NAMQ_10_GDP(1.0),24/10/24 23:00:00,Q,CP_MEUR,NSA,B1GQ,MT,2015-Q3,2688.6,
ESTAT:NAMQ_10_GDP(1.0),24/10/24 23:00:00,Q,CP_MEUR,NSA,B1GQ,MT,2015-Q4,2602.2,
ESTAT:NAMQ_10_GDP(1.0),24/10/24 23:00:00,Q,CP_MEUR,NSA,B1GQ,MT,2016-Q1,2561.2,
ESTAT:NAMQ_10_GDP(1.0),24/10/24 23:00:00,Q,CP_MEUR,NSA,B1GQ,MT,2016-Q2,2692.8,
ESTAT:NAMQ_10_GDP(1.0),24/10/24 23:00:00,Q,CP_MEUR,NSA,B1GQ,MT,2016-Q3,2855.1,
ESTAT:NAMQ_10_GDP(1.0),24/10/24 23:00:00,Q,CP_MEUR,NSA,B1GQ,MT,2016-Q4,2755.2,
ESTAT:NAMQ_10_GDP(1.0),24/10/24 23:00:00,Q,CP_MEUR,NSA,B1GQ,MT,2017-Q1,2957.9,
ESTAT:NAMQ_10_GDP(1.0),24/10/24 23:00:00,Q,CP_MEUR,NSA,B1GQ,MT,2017-Q2,3107.2,
ESTAT:NAMQ_10_GDP(1.0),24/10/24 23:00:00,Q,CP_MEUR,NSA,B1GQ,MT,2017-Q3,3290.5,
ESTAT:NAMQ_10_GDP(1.0),24/10/24 23:00:00,Q,CP_MEUR,NSA,B1GQ,MT,2017-Q4,3180.1,
ESTAT:NAMQ_10_GDP(1.0),24/10/24 23:00:00,Q,CP_MEUR,NSA,B1GQ,MT,2018-Q1,3168.1,
ESTAT:NAMQ_10_GDP(1.0),24/10/24 23:00:00,Q,CP_MEUR,NSA,B1GQ,MT,2018-Q2,3397.9,
ESTAT:NAMQ_10_GDP(1.0),24/10/24 23:00:00,Q,CP_MEUR,NSA,B1GQ,MT,2018-Q3,3629.1,
ESTAT:NAMQ_10_GDP(1.0),24/10/24 23:00:00,Q,CP_MEUR,NSA,B1GQ,MT,2018-Q4,3483.5,
ESTAT:NAMQ_10_GDP(1.0),24/10/24 23:00:00,Q,CP_MEUR,NSA,B1GQ,MT,2019-Q1,3431.6,
ESTAT:NAMQ_10_GDP(1.0),24/10/24 23:00:00,Q,CP_MEUR,NSA,B1GQ,MT,2019-Q2,3643.7,
ESTAT:NAMQ_10_GDP(1.0),24/10/24 23:00:00,Q,CP_MEUR,NSA,B1GQ,MT,2019-Q3,3823.2,
ESTAT:NAMQ_10_GDP(1.0),24/10/24 23:00:00,Q,CP_MEUR,NSA,B1GQ,MT,2019-Q4,3695.7,
ESTAT:NAMQ_10_GDP(1.0),24/10/24 23:00:00,Q,CP_MEUR,NSA,B1GQ,MT,2020-Q1,3734.5,
ESTAT:NAMQ_10_GDP(1.0),24/10/24 23:00:00,Q,CP_MEUR,NSA,B1GQ,MT,2020-Q2,3364.7,
ESTAT:NAMQ_10_GDP(1.0),24/10/24 23:00:00,Q,CP_MEUR,NSA,B1GQ,MT,2020-Q3,3623.5,
ESTAT:NAMQ_10_GDP(1.0),24/10/24 23:00:00,Q,CP_MEUR,NSA,B1GQ,MT,2020-Q4,3623.3,
ESTAT:NAMQ_10_GDP(1.0),24/10/24 23:00:00,Q,CP_MEUR,NSA,B1GQ,MT,2021-Q1,3877.9,
ESTAT:NAMQ_10_GDP(1.0),24/10/24 23:00:00,Q,CP_MEUR,NSA,B1GQ,MT,2021-Q2,4048.5,
ESTAT:NAMQ_10_GDP(1.0),24/10/24 23:00:00,Q,CP_MEUR,NSA,B1GQ,MT,2021-Q3,4412.5,
ESTAT:NAMQ_10_GDP(1.0),24/10/24 23:00:00,Q,CP_MEUR,NSA,B1GQ,MT,2021-Q4,4333.0,
ESTAT:NAMQ_10_GDP(1.0),24/10/24 23:00:00,Q,CP_MEUR,NSA,B1GQ,MT,2022-Q1,4121.6,
ESTAT:NAMQ_10_GDP(1.0),24/10/24 23:00:00,Q,CP_MEUR,NSA,B1GQ,MT,2022-Q2,4536.9,
ESTAT:NAMQ_10_GDP(1.0),24/10/24 23:00:00,Q,CP_MEUR,NSA,B1GQ,MT,2022-Q3,4798.9,
ESTAT:NAMQ_10_GDP(1.0),24/10/24 23:00:00,Q,CP_MEUR,NSA,B1GQ,MT,2022-Q4,4784.7,
ESTAT:NAMQ_10_GDP(1.0),24/10/24 23:00:00,Q,CP_MEUR,NSA,B1GQ,MT,2023-Q1,4678.6,
ESTAT:NAMQ_10_GDP(1.0),24/10/24 23:00:00,Q,CP_MEUR,NSA,B1GQ,MT,2023-Q2,5114.8,
ESTAT:NAMQ_10_GDP(1.0),24/10/24 23:00:00,Q,CP_MEUR,NSA,B1GQ,MT,2023-Q3,5507.8,
ESTAT:NAMQ_10_GDP(1.0),24/10/24 23:00:00,Q,CP_MEUR,NSA,B1GQ,MT,2023-Q4,5349.2,
ESTAT:NAMQ_10_GDP(1.0),24/10/24 23:00:00,Q,CP_MEUR,NSA,B1GQ,MT,2024-Q1,5230.1,
ESTAT:NAMQ_10_GDP(1.0),24/10/24 23:00:00,Q,CP_MEUR,NSA,B1GQ,MT,2024-Q2,5504.6,
ESTAT:NAMQ_10_GDP(1.0),24/10/24 23:00:00,Q,CP_MEUR,NSA,B1GQ,NL,1995-Q1,83633.0,
ESTAT:NAMQ_10_GDP(1.0),24/10/24 23:00:00,Q,CP_MEUR,NSA,B1GQ,NL,1995-Q2,86665.8,
ESTAT:NAMQ_10_GDP(1.0),24/10/24 23:00:00,Q,CP_MEUR,NSA,B1GQ,NL,1995-Q3,85510.2,
ESTAT:NAMQ_10_GDP(1.0),24/10/24 23:00:00,Q,CP_MEUR,NSA,B1GQ,NL,1995-Q4,90770.1,
ESTAT:NAMQ_10_GDP(1.0),24/10/24 23:00:00,Q,CP_MEUR,NSA,B1GQ,NL,1996-Q1,86437.3,
ESTAT:NAMQ_10_GDP(1.0),24/10/24 23:00:00,Q,CP_MEUR,NSA,B1GQ,NL,1996-Q2,89064.0,
ESTAT:NAMQ_10_GDP(1.0),24/10/24 23:00:00,Q,CP_MEUR,NSA,B1GQ,NL,1996-Q3,87864.2,
ESTAT:NAMQ_10_GDP(1.0),24/10/24 23:00:00,Q,CP_MEUR,NSA,B1GQ,NL,1996-Q4,92200.5,
ESTAT:NAMQ_10_GDP(1.0),24/10/24 23:00:00,Q,CP_MEUR,NSA,B1GQ,NL,1997-Q1,88419.7,
ESTAT:NAMQ_10_GDP(1.0),24/10/24 23:00:00,Q,CP_MEUR,NSA,B1GQ,NL,1997-Q2,92256.2,
ESTAT:NAMQ_10_GDP(1.0),24/10/24 23:00:00,Q,CP_MEUR,NSA,B1GQ,NL,1997-Q3,90514.6,
ESTAT:NAMQ_10_GDP(1.0),24/10/24 23:00:00,Q,CP_MEUR,NSA,B1GQ,NL,1997-Q4,97286.4,
ESTAT:NAMQ_10_GDP(1.0),24/10/24 23:00:00,Q,CP_MEUR,NSA,B1GQ,NL,1998-Q1,94509.7,
ESTAT:NAMQ_10_GDP(1.0),24/10/24 23:00:00,Q,CP_MEUR,NSA,B1GQ,NL,1998-Q2,97792.8,
ESTAT:NAMQ_10_GDP(1.0),24/10/24 23:00:00,Q,CP_MEUR,NSA,B1GQ,NL,1998-Q3,96409.1,
ESTAT:NAMQ_10_GDP(1.0),24/10/24 23:00:00,Q,CP_MEUR,NSA,B1GQ,NL,1998-Q4,103309.6,
ESTAT:NAMQ_10_GDP(1.0),24/10/24 23:00:00,Q,CP_MEUR,NSA,B1GQ,NL,1999-Q1,101107.0,
ESTAT:NAMQ_10_GDP(1.0),24/10/24 23:00:00,Q,CP_MEUR,NSA,B1GQ,NL,1999-Q2,104719.0,
ESTAT:NAMQ_10_GDP(1.0),24/10/24 23:00:00,Q,CP_MEUR,NSA,B1GQ,NL,1999-Q3,103155.0,
ESTAT:NAMQ_10_GDP(1.0),24/10/24 23:00:00,Q,CP_MEUR,NSA,B1GQ,NL,1999-Q4,111162.0,
ESTAT:NAMQ_10_GDP(1.0),24/10/24 23:00:00,Q,CP_MEUR,NSA,B1GQ,NL,2000-Q1,109129.0,
ESTAT:NAMQ_10_GDP(1.0),24/10/24 23:00:00,Q,CP_MEUR,NSA,B1GQ,NL,2000-Q2,113173.0,
ESTAT:NAMQ_10_GDP(1.0),24/10/24 23:00:00,Q,CP_MEUR,NSA,B1GQ,NL,2000-Q3,111016.0,
ESTAT:NAMQ_10_GDP(1.0),24/10/24 23:00:00,Q,CP_MEUR,NSA,B1GQ,NL,2000-Q4,118873.0,
ESTAT:NAMQ_10_GDP(1.0),24/10/24 23:00:00,Q,CP_MEUR,NSA,B1GQ,NL,2001-Q1,118367.0,
ESTAT:NAMQ_10_GDP(1.0),24/10/24 23:00:00,Q,CP_MEUR,NSA,B1GQ,NL,2001-Q2,121698.0,
ESTAT:NAMQ_10_GDP(1.0),24/10/24 23:00:00,Q,CP_MEUR,NSA,B1GQ,NL,2001-Q3,117722.0,
ESTAT:NAMQ_10_GDP(1.0),24/10/24 23:00:00,Q,CP_MEUR,NSA,B1GQ,NL,2001-Q4,125154.0,
ESTAT:NAMQ_10_GDP(1.0),24/10/24 23:00:00,Q,CP_MEUR,NSA,B1GQ,NL,2002-Q1,122927.0,
ESTAT:NAMQ_10_GDP(1.0),24/10/24 23:00:00,Q,CP_MEUR,NSA,B1GQ,NL,2002-Q2,126957.0,
ESTAT:NAMQ_10_GDP(1.0),24/10/24 23:00:00,Q,CP_MEUR,NSA,B1GQ,NL,2002-Q3,123183.0,
ESTAT:NAMQ_10_GDP(1.0),24/10/24 23:00:00,Q,CP_MEUR,NSA,B1GQ,NL,2002-Q4,129834.0,
ESTAT:NAMQ_10_GDP(1.0),24/10/24 23:00:00,Q,CP_MEUR,NSA,B1GQ,NL,2003-Q1,126858.0,
ESTAT:NAMQ_10_GDP(1.0),24/10/24 23:00:00,Q,CP_MEUR,NSA,B1GQ,NL,2003-Q2,129628.0,
ESTAT:NAMQ_10_GDP(1.0),24/10/24 23:00:00,Q,CP_MEUR,NSA,B1GQ,NL,2003-Q3,125400.0,
ESTAT:NAMQ_10_GDP(1.0),24/10/24 23:00:00,Q,CP_MEUR,NSA,B1GQ,NL,2003-Q4,133015.0,
ESTAT:NAMQ_10_GDP(1.0),24/10/24 23:00:00,Q,CP_MEUR,NSA,B1GQ,NL,2004-Q1,129990.0,
ESTAT:NAMQ_10_GDP(1.0),24/10/24 23:00:00,Q,CP_MEUR,NSA,B1GQ,NL,2004-Q2,134167.0,
ESTAT:NAMQ_10_GDP(1.0),24/10/24 23:00:00,Q,CP_MEUR,NSA,B1GQ,NL,2004-Q3,129615.0,
ESTAT:NAMQ_10_GDP(1.0),24/10/24 23:00:00,Q,CP_MEUR,NSA,B1GQ,NL,2004-Q4,137801.0,
ESTAT:NAMQ_10_GDP(1.0),24/10/24 23:00:00,Q,CP_MEUR,NSA,B1GQ,NL,2005-Q1,134225.0,
ESTAT:NAMQ_10_GDP(1.0),24/10/24 23:00:00,Q,CP_MEUR,NSA,B1GQ,NL,2005-Q2,139590.0,
ESTAT:NAMQ_10_GDP(1.0),24/10/24 23:00:00,Q,CP_MEUR,NSA,B1GQ,NL,2005-Q3,135254.0,
ESTAT:NAMQ_10_GDP(1.0),24/10/24 23:00:00,Q,CP_MEUR,NSA,B1GQ,NL,2005-Q4,144053.0,
ESTAT:NAMQ_10_GDP(1.0),24/10/24 23:00:00,Q,CP_MEUR,NSA,B1GQ,NL,2006-Q1,143129.0,
ESTAT:NAMQ_10_GDP(1.0),24/10/24 23:00:00,Q,CP_MEUR,NSA,B1GQ,NL,2006-Q2,148135.0,
ESTAT:NAMQ_10_GDP(1.0),24/10/24 23:00:00,Q,CP_MEUR,NSA,B1GQ,NL,2006-Q3,143199.0,
ESTAT:NAMQ_10_GDP(1.0),24/10/24 23:00:00,Q,CP_MEUR,NSA,B1GQ,NL,2006-Q4,152981.0,
ESTAT:NAMQ_10_GDP(1.0),24/10/24 23:00:00,Q,CP_MEUR,NSA,B1GQ,NL,2007-Q1,152466.0,
ESTAT:NAMQ_10_GDP(1.0),24/10/24 23:00:00,Q,CP_MEUR,NSA,B1GQ,NL,2007-Q2,156556.0,
ESTAT:NAMQ_10_GDP(1.0),24/10/24 23:00:00,Q,CP_MEUR,NSA,B1GQ,NL,2007-Q3,151720.0,
ESTAT:NAMQ_10_GDP(1.0),24/10/24 23:00:00,Q,CP_MEUR,NSA,B1GQ,NL,2007-Q4,162033.0,
ESTAT:NAMQ_10_GDP(1.0),24/10/24 23:00:00,Q,CP_MEUR,NSA,B1GQ,NL,2008-Q1,160481.0,
ESTAT:NAMQ_10_GDP(1.0),24/10/24 23:00:00,Q,CP_MEUR,NSA,B1GQ,NL,2008-Q2,165102.0,
ESTAT:NAMQ_10_GDP(1.0),24/10/24 23:00:00,Q,CP_MEUR,NSA,B1GQ,NL,2008-Q3,159601.0,
ESTAT:NAMQ_10_GDP(1.0),24/10/24 23:00:00,Q,CP_MEUR,NSA,B1GQ,NL,2008-Q4,166115.0,
ESTAT:NAMQ_10_GDP(1.0),24/10/24 23:00:00,Q,CP_MEUR,NSA,B1GQ,NL,2009-Q1,157417.0,
ESTAT:NAMQ_10_GDP(1.0),24/10/24 23:00:00,Q,CP_MEUR,NSA,B1GQ,NL,2009-Q2,158785.0,
ESTAT:NAMQ_10_GDP(1.0),24/10/24 23:00:00,Q,CP_MEUR,NSA,B1GQ,NL,2009-Q3,153012.0,
ESTAT:NAMQ_10_GDP(1.0),24/10/24 23:00:00,Q,CP_MEUR,NSA,B1GQ,NL,2009-Q4,160959.0,
ESTAT:NAMQ_10_GDP(1.0),24/10/24 23:00:00,Q,CP_MEUR,NSA,B1GQ,NL,2010-Q1,156203.0,
ESTAT:NAMQ_10_GDP(1.0),24/10/24 23:00:00,Q,CP_MEUR,NSA,B1GQ,NL,2010-Q2,163370.0,
ESTAT:NAMQ_10_GDP(1.0),24/10/24 23:00:00,Q,CP_MEUR,NSA,B1GQ,NL,2010-Q3,157373.0,
ESTAT:NAMQ_10_GDP(1.0),24/10/24 23:00:00,Q,CP_MEUR,NSA,B1GQ,NL,2010-Q4,166076.0,
ESTAT:NAMQ_10_GDP(1.0),24/10/24 23:00:00,Q,CP_MEUR,NSA,B1GQ,NL,2011-Q1,161609.0,
ESTAT:NAMQ_10_GDP(1.0),24/10/24 23:00:00,Q,CP_MEUR,NSA,B1GQ,NL,2011-Q2,166706.0,
ESTAT:NAMQ_10_GDP(1.0),24/10/24 23:00:00,Q,CP_MEUR,NSA,B1GQ,NL,2011-Q3,160349.0,
ESTAT:NAMQ_10_GDP(1.0),24/10/24 23:00:00,Q,CP_MEUR,NSA,B1GQ,NL,2011-Q4,167349.0,
ESTAT:NAMQ_10_GDP(1.0),24/10/24 23:00:00,Q,CP_MEUR,NSA,B1GQ,NL,2012-Q1,162189.0,
ESTAT:NAMQ_10_GDP(1.0),24/10/24 23:00:00,Q,CP_MEUR,NSA,B1GQ,NL,2012-Q2,167778.0,
ESTAT:NAMQ_10_GDP(1.0),24/10/24 23:00:00,Q,CP_MEUR,NSA,B1GQ,NL,2012-Q3,159711.0,
ESTAT:NAMQ_10_GDP(1.0),24/10/24 23:00:00,Q,CP_MEUR,NSA,B1GQ,NL,2012-Q4,168554.0,
ESTAT:NAMQ_10_GDP(1.0),24/10/24 23:00:00,Q,CP_MEUR,NSA,B1GQ,NL,2013-Q1,162665.0,
ESTAT:NAMQ_10_GDP(1.0),24/10/24 23:00:00,Q,CP_MEUR,NSA,B1GQ,NL,2013-Q2,169400.0,
ESTAT:NAMQ_10_GDP(1.0),24/10/24 23:00:00,Q,CP_MEUR,NSA,B1GQ,NL,2013-Q3,162775.0,
ESTAT:NAMQ_10_GDP(1.0),24/10/24 23:00:00,Q,CP_MEUR,NSA,B1GQ,NL,2013-Q4,170727.0,
ESTAT:NAMQ_10_GDP(1.0),24/10/24 23:00:00,Q,CP_MEUR,NSA,B1GQ,NL,2014-Q1,166170.0,
ESTAT:NAMQ_10_GDP(1.0),24/10/24 23:00:00,Q,CP_MEUR,NSA,B1GQ,NL,2014-Q2,171688.0,
ESTAT:NAMQ_10_GDP(1.0),24/10/24 23:00:00,Q,CP_MEUR,NSA,B1GQ,NL,2014-Q3,165628.0,
ESTAT:NAMQ_10_GDP(1.0),24/10/24 23:00:00,Q,CP_MEUR,NSA,B1GQ,NL,2014-Q4,175141.0,
ESTAT:NAMQ_10_GDP(1.0),24/10/24 23:00:00,Q,CP_MEUR,NSA,B1GQ,NL,2015-Q1,168781.0,
ESTAT:NAMQ_10_GDP(1.0),24/10/24 23:00:00,Q,CP_MEUR,NSA,B1GQ,NL,2015-Q2,177623.0,
ESTAT:NAMQ_10_GDP(1.0),24/10/24 23:00:00,Q,CP_MEUR,NSA,B1GQ,NL,2015-Q3,172816.0,
ESTAT:NAMQ_10_GDP(1.0),24/10/24 23:00:00,Q,CP_MEUR,NSA,B1GQ,NL,2015-Q4,179955.0,
ESTAT:NAMQ_10_GDP(1.0),24/10/24 23:00:00,Q,CP_MEUR,NSA,B1GQ,NL,2016-Q1,174168.0,
ESTAT:NAMQ_10_GDP(1.0),24/10/24 23:00:00,Q,CP_MEUR,NSA,B1GQ,NL,2016-Q2,182901.0,
ESTAT:NAMQ_10_GDP(1.0),24/10/24 23:00:00,Q,CP_MEUR,NSA,B1GQ,NL,2016-Q3,177259.0,
ESTAT:NAMQ_10_GDP(1.0),24/10/24 23:00:00,Q,CP_MEUR,NSA,B1GQ,NL,2016-Q4,185847.0,
ESTAT:NAMQ_10_GDP(1.0),24/10/24 23:00:00,Q,CP_MEUR,NSA,B1GQ,NL,2017-Q1,181360.0,
ESTAT:NAMQ_10_GDP(1.0),24/10/24 23:00:00,Q,CP_MEUR,NSA,B1GQ,NL,2017-Q2,191083.0,
ESTAT:NAMQ_10_GDP(1.0),24/10/24 23:00:00,Q,CP_MEUR,NSA,B1GQ,NL,2017-Q3,184915.0,
ESTAT:NAMQ_10_GDP(1.0),24/10/24 23:00:00,Q,CP_MEUR,NSA,B1GQ,NL,2017-Q4,193503.0,
ESTAT:NAMQ_10_GDP(1.0),24/10/24 23:00:00,Q,CP_MEUR,NSA,B1GQ,NL,2018-Q1,191374.0,
ESTAT:NAMQ_10_GDP(1.0),24/10/24 23:00:00,Q,CP_MEUR,NSA,B1GQ,NL,2018-Q2,200034.0,
ESTAT:NAMQ_10_GDP(1.0),24/10/24 23:00:00,Q,CP_MEUR,NSA,B1GQ,NL,2018-Q3,193600.0,
ESTAT:NAMQ_10_GDP(1.0),24/10/24 23:00:00,Q,CP_MEUR,NSA,B1GQ,NL,2018-Q4,202265.0,
ESTAT:NAMQ_10_GDP(1.0),24/10/24 23:00:00,Q,CP_MEUR,NSA,B1GQ,NL,2019-Q1,201510.0,
ESTAT:NAMQ_10_GDP(1.0),24/10/24 23:00:00,Q,CP_MEUR,NSA,B1GQ,NL,2019-Q2,211574.0,
ESTAT:NAMQ_10_GDP(1.0),24/10/24 23:00:00,Q,CP_MEUR,NSA,B1GQ,NL,2019-Q3,203971.0,
ESTAT:NAMQ_10_GDP(1.0),24/10/24 23:00:00,Q,CP_MEUR,NSA,B1GQ,NL,2019-Q4,212712.0,
ESTAT:NAMQ_10_GDP(1.0),24/10/24 23:00:00,Q,CP_MEUR,NSA,B1GQ,NL,2020-Q1,205820.0,
ESTAT:NAMQ_10_GDP(1.0),24/10/24 23:00:00,Q,CP_MEUR,NSA,B1GQ,NL,2020-Q2,196847.0,
ESTAT:NAMQ_10_GDP(1.0),24/10/24 23:00:00,Q,CP_MEUR,NSA,B1GQ,NL,2020-Q3,201902.0,
ESTAT:NAMQ_10_GDP(1.0),24/10/24 23:00:00,Q,CP_MEUR,NSA,B1GQ,NL,2020-Q4,211894.0,
ESTAT:NAMQ_10_GDP(1.0),24/10/24 23:00:00,Q,CP_MEUR,NSA,B1GQ,NL,2021-Q1,207934.0,
ESTAT:NAMQ_10_GDP(1.0),24/10/24 23:00:00,Q,CP_MEUR,NSA,B1GQ,NL,2021-Q2,226546.0,
ESTAT:NAMQ_10_GDP(1.0),24/10/24 23:00:00,Q,CP_MEUR,NSA,B1GQ,NL,2021-Q3,223337.0,
ESTAT:NAMQ_10_GDP(1.0),24/10/24 23:00:00,Q,CP_MEUR,NSA,B1GQ,NL,2021-Q4,233733.0,
ESTAT:NAMQ_10_GDP(1.0),24/10/24 23:00:00,Q,CP_MEUR,NSA,B1GQ,NL,2022-Q1,235168.0,
ESTAT:NAMQ_10_GDP(1.0),24/10/24 23:00:00,Q,CP_MEUR,NSA,B1GQ,NL,2022-Q2,251303.0,
ESTAT:NAMQ_10_GDP(1.0),24/10/24 23:00:00,Q,CP_MEUR,NSA,B1GQ,NL,2022-Q3,247025.0,
ESTAT:NAMQ_10_GDP(1.0),24/10/24 23:00:00,Q,CP_MEUR,NSA,B1GQ,NL,2022-Q4,260324.0,
ESTAT:NAMQ_10_GDP(1.0),24/10/24 23:00:00,Q,CP_MEUR,NSA,B1GQ,NL,2023-Q1,257132.0,
ESTAT:NAMQ_10_GDP(1.0),24/10/24 23:00:00,Q,CP_MEUR,NSA,B1GQ,NL,2023-Q2,271527.0,
ESTAT:NAMQ_10_GDP(1.0),24/10/24 23:00:00,Q,CP_MEUR,NSA,B1GQ,NL,2023-Q3,263943.0,
ESTAT:NAMQ_10_GDP(1.0),24/10/24 23:00:00,Q,CP_MEUR,NSA,B1GQ,NL,2023-Q4,274997.0,
ESTAT:NAMQ_10_GDP(1.0),24/10/24 23:00:00,Q,CP_MEUR,NSA,B1GQ,NL,2024-Q1,272600.0,
ESTAT:NAMQ_10_GDP(1.0),24/10/24 23:00:00,Q,CP_MEUR,NSA,B1GQ,NL,2024-Q2,287978.0,
ESTAT:NAMQ_10_GDP(1.0),24/10/24 23:00:00,Q,CP_MEUR,NSA,B1GQ,NO,1978-Q1,8714.4,
ESTAT:NAMQ_10_GDP(1.0),24/10/24 23:00:00,Q,CP_MEUR,NSA,B1GQ,NO,1978-Q2,9016.9,
ESTAT:NAMQ_10_GDP(1.0),24/10/24 23:00:00,Q,CP_MEUR,NSA,B1GQ,NO,1978-Q3,9240.0,
ESTAT:NAMQ_10_GDP(1.0),24/10/24 23:00:00,Q,CP_MEUR,NSA,B1GQ,NO,1978-Q4,9563.0,
ESTAT:NAMQ_10_GDP(1.0),24/10/24 23:00:00,Q,CP_MEUR,NSA,B1GQ,NO,1979-Q1,9185.2,
ESTAT:NAMQ_10_GDP(1.0),24/10/24 23:00:00,Q,CP_MEUR,NSA,B1GQ,NO,1979-Q2,9521.9,
ESTAT:NAMQ_10_GDP(1.0),24/10/24 23:00:00,Q,CP_MEUR,NSA,B1GQ,NO,1979-Q3,9841.0,
ESTAT:NAMQ_10_GDP(1.0),24/10/24 23:00:00,Q,CP_MEUR,NSA,B1GQ,NO,1979-Q4,10233.4,
ESTAT:NAMQ_10_GDP(1.0),24/10/24 23:00:00,Q,CP_MEUR,NSA,B1GQ,NO,1980-Q1,11051.6,
ESTAT:NAMQ_10_GDP(1.0),24/10/24 23:00:00,Q,CP_MEUR,NSA,B1GQ,NO,1980-Q2,11424.9,
ESTAT:NAMQ_10_GDP(1.0),24/10/24 23:00:00,Q,CP_MEUR,NSA,B1GQ,NO,1980-Q3,11480.9,
ESTAT:NAMQ_10_GDP(1.0),24/10/24 23:00:00,Q,CP_MEUR,NSA,B1GQ,NO,1980-Q4,12432.0,
ESTAT:NAMQ_10_GDP(1.0),24/10/24 23:00:00,Q,CP_MEUR,NSA,B1GQ,NO,1981-Q1,13290.9,
ESTAT:NAMQ_10_GDP(1.0),24/10/24 23:00:00,Q,CP_MEUR,NSA,B1GQ,NO,1981-Q2,14344.9,
ESTAT:NAMQ_10_GDP(1.0),24/10/24 23:00:00,Q,CP_MEUR,NSA,B1GQ,NO,1981-Q3,14687.1,
ESTAT:NAMQ_10_GDP(1.0),24/10/24 23:00:00,Q,CP_MEUR,NSA,B1GQ,NO,1981-Q4,14861.0,
ESTAT:NAMQ_10_GDP(1.0),24/10/24 23:00:00,Q,CP_MEUR,NSA,B1GQ,NO,1982-Q1,15788.8,
ESTAT:NAMQ_10_GDP(1.0),24/10/24 23:00:00,Q,CP_MEUR,NSA,B1GQ,NO,1982-Q2,16109.4,
ESTAT:NAMQ_10_GDP(1.0),24/10/24 23:00:00,Q,CP_MEUR,NSA,B1GQ,NO,1982-Q3,16198.5,
ESTAT:NAMQ_10_GDP(1.0),24/10/24 23:00:00,Q,CP_MEUR,NSA,B1GQ,NO,1982-Q4,15995.7,
ESTAT:NAMQ_10_GDP(1.0),24/10/24 23:00:00,Q,CP_MEUR,NSA,B1GQ,NO,1983-Q1,15927.9,
ESTAT:NAMQ_10_GDP(1.0),24/10/24 23:00:00,Q,CP_MEUR,NSA,B1GQ,NO,1983-Q2,16915.8,
ESTAT:NAMQ_10_GDP(1.0),24/10/24 23:00:00,Q,CP_MEUR,NSA,B1GQ,NO,1983-Q3,17741.8,
ESTAT:NAMQ_10_GDP(1.0),24/10/24 23:00:00,Q,CP_MEUR,NSA,B1GQ,NO,1983-Q4,18761.5,
ESTAT:NAMQ_10_GDP(1.0),24/10/24 23:00:00,Q,CP_MEUR,NSA,B1GQ,NO,1984-Q1,19063.3,
ESTAT:NAMQ_10_GDP(1.0),24/10/24 23:00:00,Q,CP_MEUR,NSA,B1GQ,NO,1984-Q2,19071.5,
ESTAT:NAMQ_10_GDP(1.0),24/10/24 23:00:00,Q,CP_MEUR,NSA,B1GQ,NO,1984-Q3,20037.5,
ESTAT:NAMQ_10_GDP(1.0),24/10/24 23:00:00,Q,CP_MEUR,NSA,B1GQ,NO,1984-Q4,20744.9,
ESTAT:NAMQ_10_GDP(1.0),24/10/24 23:00:00,Q,CP_MEUR,NSA,B1GQ,NO,1985-Q1,21186.6,
ESTAT:NAMQ_10_GDP(1.0),24/10/24 23:00:00,Q,CP_MEUR,NSA,B1GQ,NO,1985-Q2,20535.3,
ESTAT:NAMQ_10_GDP(1.0),24/10/24 23:00:00,Q,CP_MEUR,NSA,B1GQ,NO,1985-Q3,21879.4,
ESTAT:NAMQ_10_GDP(1.0),24/10/24 23:00:00,Q,CP_MEUR,NSA,B1GQ,NO,1985-Q4,22755.2,
ESTAT:NAMQ_10_GDP(1.0),24/10/24 23:00:00,Q,CP_MEUR,NSA,B1GQ,NO,1986-Q1,21027.8,
ESTAT:NAMQ_10_GDP(1.0),24/10/24 23:00:00,Q,CP_MEUR,NSA,B1GQ,NO,1986-Q2,19719.2,
ESTAT:NAMQ_10_GDP(1.0),24/10/24 23:00:00,Q,CP_MEUR,NSA,B1GQ,NO,1986-Q3,19176.3,
ESTAT:NAMQ_10_GDP(1.0),24/10/24 23:00:00,Q,CP_MEUR,NSA,B1GQ,NO,1986-Q4,20200.2,
ESTAT:NAMQ_10_GDP(1.0),24/10/24 23:00:00,Q,CP_MEUR,NSA,B1GQ,NO,1987-Q1,19508.2,
ESTAT:NAMQ_10_GDP(1.0),24/10/24 23:00:00,Q,CP_MEUR,NSA,B1GQ,NO,1987-Q2,20048.8,
ESTAT:NAMQ_10_GDP(1.0),24/10/24 23:00:00,Q,CP_MEUR,NSA,B1GQ,NO,1987-Q3,20694.1,
ESTAT:NAMQ_10_GDP(1.0),24/10/24 23:00:00,Q,CP_MEUR,NSA,B1GQ,NO,1987-Q4,21510.4,
ESTAT:NAMQ_10_GDP(1.0),24/10/24 23:00:00,Q,CP_MEUR,NSA,B1GQ,NO,1988-Q1,21111.9,
ESTAT:NAMQ_10_GDP(1.0),24/10/24 23:00:00,Q,CP_MEUR,NSA,B1GQ,NO,1988-Q2,21451.7,
ESTAT:NAMQ_10_GDP(1.0),24/10/24 23:00:00,Q,CP_MEUR,NSA,B1GQ,NO,1988-Q3,21416.6,
ESTAT:NAMQ_10_GDP(1.0),24/10/24 23:00:00,Q,CP_MEUR,NSA,B1GQ,NO,1988-Q4,22265.6,
ESTAT:NAMQ_10_GDP(1.0),24/10/24 23:00:00,Q,CP_MEUR,NSA,B1GQ,NO,1989-Q1,22419.7,
ESTAT:NAMQ_10_GDP(1.0),24/10/24 23:00:00,Q,CP_MEUR,NSA,B1GQ,NO,1989-Q2,23512.8,
ESTAT:NAMQ_10_GDP(1.0),24/10/24 23:00:00,Q,CP_MEUR,NSA,B1GQ,NO,1989-Q3,23181.0,
ESTAT:NAMQ_10_GDP(1.0),24/10/24 23:00:00,Q,CP_MEUR,NSA,B1GQ,NO,1989-Q4,24068.1,
ESTAT:NAMQ_10_GDP(1.0),24/10/24 23:00:00,Q,CP_MEUR,NSA,B1GQ,NO,1990-Q1,23040.7,
ESTAT:NAMQ_10_GDP(1.0),24/10/24 23:00:00,Q,CP_MEUR,NSA,B1GQ,NO,1990-Q2,22396.5,
ESTAT:NAMQ_10_GDP(1.0),24/10/24 23:00:00,Q,CP_MEUR,NSA,B1GQ,NO,1990-Q3,23244.6,
ESTAT:NAMQ_10_GDP(1.0),24/10/24 23:00:00,Q,CP_MEUR,NSA,B1GQ,NO,1990-Q4,25638.7,
ESTAT:NAMQ_10_GDP(1.0),24/10/24 23:00:00,Q,CP_MEUR,NSA,B1GQ,NO,1991-Q1,24053.0,
ESTAT:NAMQ_10_GDP(1.0),24/10/24 23:00:00,Q,CP_MEUR,NSA,B1GQ,NO,1991-Q2,24512.2,
ESTAT:NAMQ_10_GDP(1.0),24/10/24 23:00:00,Q,CP_MEUR,NSA,B1GQ,NO,1991-Q3,24404.3,
ESTAT:NAMQ_10_GDP(1.0),24/10/24 23:00:00,Q,CP_MEUR,NSA,B1GQ,NO,1991-Q4,25581.9,
ESTAT:NAMQ_10_GDP(1.0),24/10/24 23:00:00,Q,CP_MEUR,NSA,B1GQ,NO,1992-Q1,25285.7,
ESTAT:NAMQ_10_GDP(1.0),24/10/24 23:00:00,Q,CP_MEUR,NSA,B1GQ,NO,1992-Q2,24536.9,
ESTAT:NAMQ_10_GDP(1.0),24/10/24 23:00:00,Q,CP_MEUR,NSA,B1GQ,NO,1992-Q3,25057.4,
ESTAT:NAMQ_10_GDP(1.0),24/10/24 23:00:00,Q,CP_MEUR,NSA,B1GQ,NO,1992-Q4,26224.2,
ESTAT:NAMQ_10_GDP(1.0),24/10/24 23:00:00,Q,CP_MEUR,NSA,B1GQ,NO,1993-Q1,25017.5,
ESTAT:NAMQ_10_GDP(1.0),24/10/24 23:00:00,Q,CP_MEUR,NSA,B1GQ,NO,1993-Q2,24874.2,
ESTAT:NAMQ_10_GDP(1.0),24/10/24 23:00:00,Q,CP_MEUR,NSA,B1GQ,NO,1993-Q3,25731.8,
ESTAT:NAMQ_10_GDP(1.0),24/10/24 23:00:00,Q,CP_MEUR,NSA,B1GQ,NO,1993-Q4,27317.1,
ESTAT:NAMQ_10_GDP(1.0),24/10/24 23:00:00,Q,CP_MEUR,NSA,B1GQ,NO,1994-Q1,25646.1,
ESTAT:NAMQ_10_GDP(1.0),24/10/24 23:00:00,Q,CP_MEUR,NSA,B1GQ,NO,1994-Q2,26357.4,
ESTAT:NAMQ_10_GDP(1.0),24/10/24 23:00:00,Q,CP_MEUR,NSA,B1GQ,NO,1994-Q3,26514.7,
ESTAT:NAMQ_10_GDP(1.0),24/10/24 23:00:00,Q,CP_MEUR,NSA,B1GQ,NO,1994-Q4,28634.0,
ESTAT:NAMQ_10_GDP(1.0),24/10/24 23:00:00,Q,CP_MEUR,NSA,B1GQ,NO,1995-Q1,28755.9,
ESTAT:NAMQ_10_GDP(1.0),24/10/24 23:00:00,Q,CP_MEUR,NSA,B1GQ,NO,1995-Q2,28112.2,
ESTAT:NAMQ_10_GDP(1.0),24/10/24 23:00:00,Q,CP_MEUR,NSA,B1GQ,NO,1995-Q3,28780.8,
ESTAT:NAMQ_10_GDP(1.0),24/10/24 23:00:00,Q,CP_MEUR,NSA,B1GQ,NO,1995-Q4,30592.3,
ESTAT:NAMQ_10_GDP(1.0),24/10/24 23:00:00,Q,CP_MEUR,NSA,B1GQ,NO,1996-Q1,31004.3,
ESTAT:NAMQ_10_GDP(1.0),24/10/24 23:00:00,Q,CP_MEUR,NSA,B1GQ,NO,1996-Q2,30646.5,
ESTAT:NAMQ_10_GDP(1.0),24/10/24 23:00:00,Q,CP_MEUR,NSA,B1GQ,NO,1996-Q3,32189.7,
ESTAT:NAMQ_10_GDP(1.0),24/10/24 23:00:00,Q,CP_MEUR,NSA,B1GQ,NO,1996-Q4,34865.3,
ESTAT:NAMQ_10_GDP(1.0),24/10/24 23:00:00,Q,CP_MEUR,NSA,B1GQ,NO,1997-Q1,34642.5,
ESTAT:NAMQ_10_GDP(1.0),24/10/24 23:00:00,Q,CP_MEUR,NSA,B1GQ,NO,1997-Q2,35085.1,
ESTAT:NAMQ_10_GDP(1.0),24/10/24 23:00:00,Q,CP_MEUR,NSA,B1GQ,NO,1997-Q3,34770.2,
ESTAT:NAMQ_10_GDP(1.0),24/10/24 23:00:00,Q,CP_MEUR,NSA,B1GQ,NO,1997-Q4,37876.8,
ESTAT:NAMQ_10_GDP(1.0),24/10/24 23:00:00,Q,CP_MEUR,NSA,B1GQ,NO,1998-Q1,34887.5,
ESTAT:NAMQ_10_GDP(1.0),24/10/24 23:00:00,Q,CP_MEUR,NSA,B1GQ,NO,1998-Q2,34397.2,
ESTAT:NAMQ_10_GDP(1.0),24/10/24 23:00:00,Q,CP_MEUR,NSA,B1GQ,NO,1998-Q3,33774.3,
ESTAT:NAMQ_10_GDP(1.0),24/10/24 23:00:00,Q,CP_MEUR,NSA,B1GQ,NO,1998-Q4,34509.3,
ESTAT:NAMQ_10_GDP(1.0),24/10/24 23:00:00,Q,CP_MEUR,NSA,B1GQ,NO,1999-Q1,33996.8,
ESTAT:NAMQ_10_GDP(1.0),24/10/24 23:00:00,Q,CP_MEUR,NSA,B1GQ,NO,1999-Q2,36389.6,
ESTAT:NAMQ_10_GDP(1.0),24/10/24 23:00:00,Q,CP_MEUR,NSA,B1GQ,NO,1999-Q3,38934.8,
ESTAT:NAMQ_10_GDP(1.0),24/10/24 23:00:00,Q,CP_MEUR,NSA,B1GQ,NO,1999-Q4,43237.4,
ESTAT:NAMQ_10_GDP(1.0),24/10/24 23:00:00,Q,CP_MEUR,NSA,B1GQ,NO,2000-Q1,44939.4,
ESTAT:NAMQ_10_GDP(1.0),24/10/24 23:00:00,Q,CP_MEUR,NSA,B1GQ,NO,2000-Q2,43765.6,
ESTAT:NAMQ_10_GDP(1.0),24/10/24 23:00:00,Q,CP_MEUR,NSA,B1GQ,NO,2000-Q3,46692.5,
ESTAT:NAMQ_10_GDP(1.0),24/10/24 23:00:00,Q,CP_MEUR,NSA,B1GQ,NO,2000-Q4,50675.7,
ESTAT:NAMQ_10_GDP(1.0),24/10/24 23:00:00,Q,CP_MEUR,NSA,B1GQ,NO,2001-Q1,48421.2,
ESTAT:NAMQ_10_GDP(1.0),24/10/24 23:00:00,Q,CP_MEUR,NSA,B1GQ,NO,2001-Q2,48606.3,
ESTAT:NAMQ_10_GDP(1.0),24/10/24 23:00:00,Q,CP_MEUR,NSA,B1GQ,NO,2001-Q3,48028.6,
ESTAT:NAMQ_10_GDP(1.0),24/10/24 23:00:00,Q,CP_MEUR,NSA,B1GQ,NO,2001-Q4,49625.3,
ESTAT:NAMQ_10_GDP(1.0),24/10/24 23:00:00,Q,CP_MEUR,NSA,B1GQ,NO,2002-Q1,48254.0,
ESTAT:NAMQ_10_GDP(1.0),24/10/24 23:00:00,Q,CP_MEUR,NSA,B1GQ,NO,2002-Q2,52237.6,
ESTAT:NAMQ_10_GDP(1.0),24/10/24 23:00:00,Q,CP_MEUR,NSA,B1GQ,NO,2002-Q3,52150.8,
ESTAT:NAMQ_10_GDP(1.0),24/10/24 23:00:00,Q,CP_MEUR,NSA,B1GQ,NO,2002-Q4,55830.4,
ESTAT:NAMQ_10_GDP(1.0),24/10/24 23:00:00,Q,CP_MEUR,NSA,B1GQ,NO,2003-Q1,54156.9,
ESTAT:NAMQ_10_GDP(1.0),24/10/24 23:00:00,Q,CP_MEUR,NSA,B1GQ,NO,2003-Q2,48584.6,
ESTAT:NAMQ_10_GDP(1.0),24/10/24 23:00:00,Q,CP_MEUR,NSA,B1GQ,NO,2003-Q3,48866.0,
ESTAT:NAMQ_10_GDP(1.0),24/10/24 23:00:00,Q,CP_MEUR,NSA,B1GQ,NO,2003-Q4,51625.1,
ESTAT:NAMQ_10_GDP(1.0),24/10/24 23:00:00,Q,CP_MEUR,NSA,B1GQ,NO,2004-Q1,50524.5,
ESTAT:NAMQ_10_GDP(1.0),24/10/24 23:00:00,Q,CP_MEUR,NSA,B1GQ,NO,2004-Q2,52021.6,
ESTAT:NAMQ_10_GDP(1.0),24/10/24 23:00:00,Q,CP_MEUR,NSA,B1GQ,NO,2004-Q3,52740.6,
ESTAT:NAMQ_10_GDP(1.0),24/10/24 23:00:00,Q,CP_MEUR,NSA,B1GQ,NO,2004-Q4,58512.9,
ESTAT:NAMQ_10_GDP(1.0),24/10/24 23:00:00,Q,CP_MEUR,NSA,B1GQ,NO,2005-Q1,56749.6,
ESTAT:NAMQ_10_GDP(1.0),24/10/24 23:00:00,Q,CP_MEUR,NSA,B1GQ,NO,2005-Q2,60771.1,
ESTAT:NAMQ_10_GDP(1.0),24/10/24 23:00:00,Q,CP_MEUR,NSA,B1GQ,NO,2005-Q3,63178.5,
ESTAT:NAMQ_10_GDP(1.0),24/10/24 23:00:00,Q,CP_MEUR,NSA,B1GQ,NO,2005-Q4,68849.5,
ESTAT:NAMQ_10_GDP(1.0),24/10/24 23:00:00,Q,CP_MEUR,NSA,B1GQ,NO,2006-Q1,68824.3,
ESTAT:NAMQ_10_GDP(1.0),24/10/24 23:00:00,Q,CP_MEUR,NSA,B1GQ,NO,2006-Q2,68793.3,
ESTAT:NAMQ_10_GDP(1.0),24/10/24 23:00:00,Q,CP_MEUR,NSA,B1GQ,NO,2006-Q3,68063.0,
ESTAT:NAMQ_10_GDP(1.0),24/10/24 23:00:00,Q,CP_MEUR,NSA,B1GQ,NO,2006-Q4,70769.9,
ESTAT:NAMQ_10_GDP(1.0),24/10/24 23:00:00,Q,CP_MEUR,NSA,B1GQ,NO,2007-Q1,69722.7,
ESTAT:NAMQ_10_GDP(1.0),24/10/24 23:00:00,Q,CP_MEUR,NSA,B1GQ,NO,2007-Q2,69982.1,
ESTAT:NAMQ_10_GDP(1.0),24/10/24 23:00:00,Q,CP_MEUR,NSA,B1GQ,NO,2007-Q3,72749.9,
ESTAT:NAMQ_10_GDP(1.0),24/10/24 23:00:00,Q,CP_MEUR,NSA,B1GQ,NO,2007-Q4,82172.3,
ESTAT:NAMQ_10_GDP(1.0),24/10/24 23:00:00,Q,CP_MEUR,NSA,B1GQ,NO,2008-Q1,79174.8,
ESTAT:NAMQ_10_GDP(1.0),24/10/24 23:00:00,Q,CP_MEUR,NSA,B1GQ,NO,2008-Q2,83182.3,
ESTAT:NAMQ_10_GDP(1.0),24/10/24 23:00:00,Q,CP_MEUR,NSA,B1GQ,NO,2008-Q3,81433.4,
ESTAT:NAMQ_10_GDP(1.0),24/10/24 23:00:00,Q,CP_MEUR,NSA,B1GQ,NO,2008-Q4,75582.6,
ESTAT:NAMQ_10_GDP(1.0),24/10/24 23:00:00,Q,CP_MEUR,NSA,B1GQ,NO,2009-Q1,67164.9,
ESTAT:NAMQ_10_GDP(1.0),24/10/24 23:00:00,Q,CP_MEUR,NSA,B1GQ,NO,2009-Q2,67161.2,
ESTAT:NAMQ_10_GDP(1.0),24/10/24 23:00:00,Q,CP_MEUR,NSA,B1GQ,NO,2009-Q3,69016.4,
ESTAT:NAMQ_10_GDP(1.0),24/10/24 23:00:00,Q,CP_MEUR,NSA,B1GQ,NO,2009-Q4,76452.1,
ESTAT:NAMQ_10_GDP(1.0),24/10/24 23:00:00,Q,CP_MEUR,NSA,B1GQ,NO,2010-Q1,79020.5,
ESTAT:NAMQ_10_GDP(1.0),24/10/24 23:00:00,Q,CP_MEUR,NSA,B1GQ,NO,2010-Q2,80663.3,
ESTAT:NAMQ_10_GDP(1.0),24/10/24 23:00:00,Q,CP_MEUR,NSA,B1GQ,NO,2010-Q3,78937.3,
ESTAT:NAMQ_10_GDP(1.0),24/10/24 23:00:00,Q,CP_MEUR,NSA,B1GQ,NO,2010-Q4,86846.3,
ESTAT:NAMQ_10_GDP(1.0),24/10/24 23:00:00,Q,CP_MEUR,NSA,B1GQ,NO,2011-Q1,88775.0,
ESTAT:NAMQ_10_GDP(1.0),24/10/24 23:00:00,Q,CP_MEUR,NSA,B1GQ,NO,2011-Q2,86829.5,
ESTAT:NAMQ_10_GDP(1.0),24/10/24 23:00:00,Q,CP_MEUR,NSA,B1GQ,NO,2011-Q3,88659.3,
ESTAT:NAMQ_10_GDP(1.0),24/10/24 23:00:00,Q,CP_MEUR,NSA,B1GQ,NO,2011-Q4,96313.6,
ESTAT:NAMQ_10_GDP(1.0),24/10/24 23:00:00,Q,CP_MEUR,NSA,B1GQ,NO,2012-Q1,100874.0,
ESTAT:NAMQ_10_GDP(1.0),24/10/24 23:00:00,Q,CP_MEUR,NSA,B1GQ,NO,2012-Q2,96753.5,
ESTAT:NAMQ_10_GDP(1.0),24/10/24 23:00:00,Q,CP_MEUR,NSA,B1GQ,NO,2012-Q3,96593.6,
ESTAT:NAMQ_10_GDP(1.0),24/10/24 23:00:00,Q,CP_MEUR,NSA,B1GQ,NO,2012-Q4,104877.1,
ESTAT:NAMQ_10_GDP(1.0),24/10/24 23:00:00,Q,CP_MEUR,NSA,B1GQ,NO,2013-Q1,101334.9,
ESTAT:NAMQ_10_GDP(1.0),24/10/24 23:00:00,Q,CP_MEUR,NSA,B1GQ,NO,2013-Q2,100355.3,
ESTAT:NAMQ_10_GDP(1.0),24/10/24 23:00:00,Q,CP_MEUR,NSA,B1GQ,NO,2013-Q3,95381.9,
ESTAT:NAMQ_10_GDP(1.0),24/10/24 23:00:00,Q,CP_MEUR,NSA,B1GQ,NO,2013-Q4,99213.0,
ESTAT:NAMQ_10_GDP(1.0),24/10/24 23:00:00,Q,CP_MEUR,NSA,B1GQ,NO,2014-Q1,96021.9,
ESTAT:NAMQ_10_GDP(1.0),24/10/24 23:00:00,Q,CP_MEUR,NSA,B1GQ,NO,2014-Q2,94509.0,
ESTAT:NAMQ_10_GDP(1.0),24/10/24 23:00:00,Q,CP_MEUR,NSA,B1GQ,NO,2014-Q3,92739.8,
ESTAT:NAMQ_10_GDP(1.0),24/10/24 23:00:00,Q,CP_MEUR,NSA,B1GQ,NO,2014-Q4,95178.9,
ESTAT:NAMQ_10_GDP(1.0),24/10/24 23:00:00,Q,CP_MEUR,NSA,B1GQ,NO,2015-Q1,89782.9,
ESTAT:NAMQ_10_GDP(1.0),24/10/24 23:00:00,Q,CP_MEUR,NSA,B1GQ,NO,2015-Q2,91607.8,
ESTAT:NAMQ_10_GDP(1.0),24/10/24 23:00:00,Q,CP_MEUR,NSA,B1GQ,NO,2015-Q3,83941.4,
ESTAT:NAMQ_10_GDP(1.0),24/10/24 23:00:00,Q,CP_MEUR,NSA,B1GQ,NO,2015-Q4,85103.3,
ESTAT:NAMQ_10_GDP(1.0),24/10/24 23:00:00,Q,CP_MEUR,NSA,B1GQ,NO,2016-Q1,79156.3,
ESTAT:NAMQ_10_GDP(1.0),24/10/24 23:00:00,Q,CP_MEUR,NSA,B1GQ,NO,2016-Q2,84011.2,
ESTAT:NAMQ_10_GDP(1.0),24/10/24 23:00:00,Q,CP_MEUR,NSA,B1GQ,NO,2016-Q3,80555.1,
ESTAT:NAMQ_10_GDP(1.0),24/10/24 23:00:00,Q,CP_MEUR,NSA,B1GQ,NO,2016-Q4,91950.6,
ESTAT:NAMQ_10_GDP(1.0),24/10/24 23:00:00,Q,CP_MEUR,NSA,B1GQ,NO,2017-Q1,93440.9,
ESTAT:NAMQ_10_GDP(1.0),24/10/24 23:00:00,Q,CP_MEUR,NSA,B1GQ,NO,2017-Q2,86446.4,
ESTAT:NAMQ_10_GDP(1.0),24/10/24 23:00:00,Q,CP_MEUR,NSA,B1GQ,NO,2017-Q3,84994.3,
ESTAT:NAMQ_10_GDP(1.0),24/10/24 23:00:00,Q,CP_MEUR,NSA,B1GQ,NO,2017-Q4,91413.7,
ESTAT:NAMQ_10_GDP(1.0),24/10/24 23:00:00,Q,CP_MEUR,NSA,B1GQ,NO,2018-Q1,90139.9,
ESTAT:NAMQ_10_GDP(1.0),24/10/24 23:00:00,Q,CP_MEUR,NSA,B1GQ,NO,2018-Q2,92687.6,
ESTAT:NAMQ_10_GDP(1.0),24/10/24 23:00:00,Q,CP_MEUR,NSA,B1GQ,NO,2018-Q3,90999.3,
ESTAT:NAMQ_10_GDP(1.0),24/10/24 23:00:00,Q,CP_MEUR,NSA,B1GQ,NO,2018-Q4,98816.8,
ESTAT:NAMQ_10_GDP(1.0),24/10/24 23:00:00,Q,CP_MEUR,NSA,B1GQ,NO,2019-Q1,93580.2,
ESTAT:NAMQ_10_GDP(1.0),24/10/24 23:00:00,Q,CP_MEUR,NSA,B1GQ,NO,2019-Q2,90828.2,
ESTAT:NAMQ_10_GDP(1.0),24/10/24 23:00:00,Q,CP_MEUR,NSA,B1GQ,NO,2019-Q3,87142.0,
ESTAT:NAMQ_10_GDP(1.0),24/10/24 23:00:00,Q,CP_MEUR,NSA,B1GQ,NO,2019-Q4,93595.0,
ESTAT:NAMQ_10_GDP(1.0),24/10/24 23:00:00,Q,CP_MEUR,NSA,B1GQ,NO,2020-Q1,86525.0,
ESTAT:NAMQ_10_GDP(1.0),24/10/24 23:00:00,Q,CP_MEUR,NSA,B1GQ,NO,2020-Q2,73125.5,
ESTAT:NAMQ_10_GDP(1.0),24/10/24 23:00:00,Q,CP_MEUR,NSA,B1GQ,NO,2020-Q3,78130.7,
ESTAT:NAMQ_10_GDP(1.0),24/10/24 23:00:00,Q,CP_MEUR,NSA,B1GQ,NO,2020-Q4,85283.1,
ESTAT:NAMQ_10_GDP(1.0),24/10/24 23:00:00,Q,CP_MEUR,NSA,B1GQ,NO,2021-Q1,91886.5,
ESTAT:NAMQ_10_GDP(1.0),24/10/24 23:00:00,Q,CP_MEUR,NSA,B1GQ,NO,2021-Q2,95979.1,
ESTAT:NAMQ_10_GDP(1.0),24/10/24 23:00:00,Q,CP_MEUR,NSA,B1GQ,NO,2021-Q3,103649.9,
ESTAT:NAMQ_10_GDP(1.0),24/10/24 23:00:00,Q,CP_MEUR,NSA,B1GQ,NO,2021-Q4,134547.0,
ESTAT:NAMQ_10_GDP(1.0),24/10/24 23:00:00,Q,CP_MEUR,NSA,B1GQ,NO,2022-Q1,135808.2,
ESTAT:NAMQ_10_GDP(1.0),24/10/24 23:00:00,Q,CP_MEUR,NSA,B1GQ,NO,2022-Q2,132877.5,
ESTAT:NAMQ_10_GDP(1.0),24/10/24 23:00:00,Q,CP_MEUR,NSA,B1GQ,NO,2022-Q3,156907.8,
ESTAT:NAMQ_10_GDP(1.0),24/10/24 23:00:00,Q,CP_MEUR,NSA,B1GQ,NO,2022-Q4,139399.1,
ESTAT:NAMQ_10_GDP(1.0),24/10/24 23:00:00,Q,CP_MEUR,NSA,B1GQ,NO,2023-Q1,121366.4,
ESTAT:NAMQ_10_GDP(1.0),24/10/24 23:00:00,Q,CP_MEUR,NSA,B1GQ,NO,2023-Q2,104908.8,
ESTAT:NAMQ_10_GDP(1.0),24/10/24 23:00:00,Q,CP_MEUR,NSA,B1GQ,NO,2023-Q3,105360.1,
ESTAT:NAMQ_10_GDP(1.0),24/10/24 23:00:00,Q,CP_MEUR,NSA,B1GQ,NO,2023-Q4,117286.9,
ESTAT:NAMQ_10_GDP(1.0),24/10/24 23:00:00,Q,CP_MEUR,NSA,B1GQ,NO,2024-Q1,110985.6,
ESTAT:NAMQ_10_GDP(1.0),24/10/24 23:00:00,Q,CP_MEUR,NSA,B1GQ,NO,2024-Q2,112028.9,
ESTAT:NAMQ_10_GDP(1.0),24/10/24 23:00:00,Q,CP_MEUR,NSA,B1GQ,PL,1995-Q1,25611.2,
ESTAT:NAMQ_10_GDP(1.0),24/10/24 23:00:00,Q,CP_MEUR,NSA,B1GQ,PL,1995-Q2,26579.0,
ESTAT:NAMQ_10_GDP(1.0),24/10/24 23:00:00,Q,CP_MEUR,NSA,B1GQ,PL,1995-Q3,27840.3,
ESTAT:NAMQ_10_GDP(1.0),24/10/24 23:00:00,Q,CP_MEUR,NSA,B1GQ,PL,1995-Q4,28711.8,
ESTAT:NAMQ_10_GDP(1.0),24/10/24 23:00:00,Q,CP_MEUR,NSA,B1GQ,PL,1996-Q1,29702.1,
ESTAT:NAMQ_10_GDP(1.0),24/10/24 23:00:00,Q,CP_MEUR,NSA,B1GQ,PL,1996-Q2,31233.6,
ESTAT:NAMQ_10_GDP(1.0),24/10/24 23:00:00,Q,CP_MEUR,NSA,B1GQ,PL,1996-Q3,31161.0,
ESTAT:NAMQ_10_GDP(1.0),24/10/24 23:00:00,Q,CP_MEUR,NSA,B1GQ,PL,1996-Q4,33920.0,
ESTAT:NAMQ_10_GDP(1.0),24/10/24 23:00:00,Q,CP_MEUR,NSA,B1GQ,PL,1997-Q1,33079.0,
ESTAT:NAMQ_10_GDP(1.0),24/10/24 23:00:00,Q,CP_MEUR,NSA,B1GQ,PL,1997-Q2,34954.5,
ESTAT:NAMQ_10_GDP(1.0),24/10/24 23:00:00,Q,CP_MEUR,NSA,B1GQ,PL,1997-Q3,34870.7,
ESTAT:NAMQ_10_GDP(1.0),24/10/24 23:00:00,Q,CP_MEUR,NSA,B1GQ,PL,1997-Q4,37526.3,
ESTAT:NAMQ_10_GDP(1.0),24/10/24 23:00:00,Q,CP_MEUR,NSA,B1GQ,PL,1998-Q1,35929.1,
ESTAT:NAMQ_10_GDP(1.0),24/10/24 23:00:00,Q,CP_MEUR,NSA,B1GQ,PL,1998-Q2,38759.9,
ESTAT:NAMQ_10_GDP(1.0),24/10/24 23:00:00,Q,CP_MEUR,NSA,B1GQ,PL,1998-Q3,38475.9,
ESTAT:NAMQ_10_GDP(1.0),24/10/24 23:00:00,Q,CP_MEUR,NSA,B1GQ,PL,1998-Q4,41778.9,
ESTAT:NAMQ_10_GDP(1.0),24/10/24 23:00:00,Q,CP_MEUR,NSA,B1GQ,PL,1999-Q1,34863.7,
ESTAT:NAMQ_10_GDP(1.0),24/10/24 23:00:00,Q,CP_MEUR,NSA,B1GQ,PL,1999-Q2,38233.7,
ESTAT:NAMQ_10_GDP(1.0),24/10/24 23:00:00,Q,CP_MEUR,NSA,B1GQ,PL,1999-Q3,40523.4,
ESTAT:NAMQ_10_GDP(1.0),24/10/24 23:00:00,Q,CP_MEUR,NSA,B1GQ,PL,1999-Q4,45765.1,
ESTAT:NAMQ_10_GDP(1.0),24/10/24 23:00:00,Q,CP_MEUR,NSA,B1GQ,PL,2000-Q1,41435.1,
ESTAT:NAMQ_10_GDP(1.0),24/10/24 23:00:00,Q,CP_MEUR,NSA,B1GQ,PL,2000-Q2,44298.2,
ESTAT:NAMQ_10_GDP(1.0),24/10/24 23:00:00,Q,CP_MEUR,NSA,B1GQ,PL,2000-Q3,47038.9,
ESTAT:NAMQ_10_GDP(1.0),24/10/24 23:00:00,Q,CP_MEUR,NSA,B1GQ,PL,2000-Q4,54247.6,
ESTAT:NAMQ_10_GDP(1.0),24/10/24 23:00:00,Q,CP_MEUR,NSA,B1GQ,PL,2001-Q1,47549.6,
ESTAT:NAMQ_10_GDP(1.0),24/10/24 23:00:00,Q,CP_MEUR,NSA,B1GQ,PL,2001-Q2,54848.2,
ESTAT:NAMQ_10_GDP(1.0),24/10/24 23:00:00,Q,CP_MEUR,NSA,B1GQ,PL,2001-Q3,51623.8,
ESTAT:NAMQ_10_GDP(1.0),24/10/24 23:00:00,Q,CP_MEUR,NSA,B1GQ,PL,2001-Q4,59212.0,
ESTAT:NAMQ_10_GDP(1.0),24/10/24 23:00:00,Q,CP_MEUR,NSA,B1GQ,PL,2002-Q1,52479.0,
ESTAT:NAMQ_10_GDP(1.0),24/10/24 23:00:00,Q,CP_MEUR,NSA,B1GQ,PL,2002-Q2,53394.4,
ESTAT:NAMQ_10_GDP(1.0),24/10/24 23:00:00,Q,CP_MEUR,NSA,B1GQ,PL,2002-Q3,49250.7,
ESTAT:NAMQ_10_GDP(1.0),24/10/24 23:00:00,Q,CP_MEUR,NSA,B1GQ,PL,2002-Q4,55762.0,
ESTAT:NAMQ_10_GDP(1.0),24/10/24 23:00:00,Q,CP_MEUR,NSA,B1GQ,PL,2003-Q1,46501.3,
ESTAT:NAMQ_10_GDP(1.0),24/10/24 23:00:00,Q,CP_MEUR,NSA,B1GQ,PL,2003-Q2,47683.2,
ESTAT:NAMQ_10_GDP(1.0),24/10/24 23:00:00,Q,CP_MEUR,NSA,B1GQ,PL,2003-Q3,47202.5,
ESTAT:NAMQ_10_GDP(1.0),24/10/24 23:00:00,Q,CP_MEUR,NSA,B1GQ,PL,2003-Q4,51003.2,
ESTAT:NAMQ_10_GDP(1.0),24/10/24 23:00:00,Q,CP_MEUR,NSA,B1GQ,PL,2004-Q1,44868.3,
ESTAT:NAMQ_10_GDP(1.0),24/10/24 23:00:00,Q,CP_MEUR,NSA,B1GQ,PL,2004-Q2,48215.2,
ESTAT:NAMQ_10_GDP(1.0),24/10/24 23:00:00,Q,CP_MEUR,NSA,B1GQ,PL,2004-Q3,51738.0,
ESTAT:NAMQ_10_GDP(1.0),24/10/24 23:00:00,Q,CP_MEUR,NSA,B1GQ,PL,2004-Q4,62325.9,
ESTAT:NAMQ_10_GDP(1.0),24/10/24 23:00:00,Q,CP_MEUR,NSA,B1GQ,PL,2005-Q1,57143.3,
ESTAT:NAMQ_10_GDP(1.0),24/10/24 23:00:00,Q,CP_MEUR,NSA,B1GQ,PL,2005-Q2,58701.1,
ESTAT:NAMQ_10_GDP(1.0),24/10/24 23:00:00,Q,CP_MEUR,NSA,B1GQ,PL,2005-Q3,60878.9,
ESTAT:NAMQ_10_GDP(1.0),24/10/24 23:00:00,Q,CP_MEUR,NSA,B1GQ,PL,2005-Q4,69815.7,
ESTAT:NAMQ_10_GDP(1.0),24/10/24 23:00:00,Q,CP_MEUR,NSA,B1GQ,PL,2006-Q1,63864.9,
ESTAT:NAMQ_10_GDP(1.0),24/10/24 23:00:00,Q,CP_MEUR,NSA,B1GQ,PL,2006-Q2,64992.8,
ESTAT:NAMQ_10_GDP(1.0),24/10/24 23:00:00,Q,CP_MEUR,NSA,B1GQ,PL,2006-Q3,66854.9,
ESTAT:NAMQ_10_GDP(1.0),24/10/24 23:00:00,Q,CP_MEUR,NSA,B1GQ,PL,2006-Q4,78903.9,
ESTAT:NAMQ_10_GDP(1.0),24/10/24 23:00:00,Q,CP_MEUR,NSA,B1GQ,PL,2007-Q1,70222.4,
ESTAT:NAMQ_10_GDP(1.0),24/10/24 23:00:00,Q,CP_MEUR,NSA,B1GQ,PL,2007-Q2,75170.5,
ESTAT:NAMQ_10_GDP(1.0),24/10/24 23:00:00,Q,CP_MEUR,NSA,B1GQ,PL,2007-Q3,76651.3,
ESTAT:NAMQ_10_GDP(1.0),24/10/24 23:00:00,Q,CP_MEUR,NSA,B1GQ,PL,2007-Q4,92501.8,
ESTAT:NAMQ_10_GDP(1.0),24/10/24 23:00:00,Q,CP_MEUR,NSA,B1GQ,PL,2008-Q1,84462.9,
ESTAT:NAMQ_10_GDP(1.0),24/10/24 23:00:00,Q,CP_MEUR,NSA,B1GQ,PL,2008-Q2,91299.3,
ESTAT:NAMQ_10_GDP(1.0),24/10/24 23:00:00,Q,CP_MEUR,NSA,B1GQ,PL,2008-Q3,94922.6,
ESTAT:NAMQ_10_GDP(1.0),24/10/24 23:00:00,Q,CP_MEUR,NSA,B1GQ,PL,2008-Q4,95190.9,
ESTAT:NAMQ_10_GDP(1.0),24/10/24 23:00:00,Q,CP_MEUR,NSA,B1GQ,PL,2009-Q1,71376.9,
ESTAT:NAMQ_10_GDP(1.0),24/10/24 23:00:00,Q,CP_MEUR,NSA,B1GQ,PL,2009-Q2,74220.1,
ESTAT:NAMQ_10_GDP(1.0),24/10/24 23:00:00,Q,CP_MEUR,NSA,B1GQ,PL,2009-Q3,80357.8,
ESTAT:NAMQ_10_GDP(1.0),24/10/24 23:00:00,Q,CP_MEUR,NSA,B1GQ,PL,2009-Q4,91780.6,
ESTAT:NAMQ_10_GDP(1.0),24/10/24 23:00:00,Q,CP_MEUR,NSA,B1GQ,PL,2010-Q1,82307.4,
ESTAT:NAMQ_10_GDP(1.0),24/10/24 23:00:00,Q,CP_MEUR,NSA,B1GQ,PL,2010-Q2,86442.3,
ESTAT:NAMQ_10_GDP(1.0),24/10/24 23:00:00,Q,CP_MEUR,NSA,B1GQ,PL,2010-Q3,88418.0,
ESTAT:NAMQ_10_GDP(1.0),24/10/24 23:00:00,Q,CP_MEUR,NSA,B1GQ,PL,2010-Q4,101983.7,
ESTAT:NAMQ_10_GDP(1.0),24/10/24 23:00:00,Q,CP_MEUR,NSA,B1GQ,PL,2011-Q1,89996.9,
ESTAT:NAMQ_10_GDP(1.0),24/10/24 23:00:00,Q,CP_MEUR,NSA,B1GQ,PL,2011-Q2,94591.9,
ESTAT:NAMQ_10_GDP(1.0),24/10/24 23:00:00,Q,CP_MEUR,NSA,B1GQ,PL,2011-Q3,92336.2,
ESTAT:NAMQ_10_GDP(1.0),24/10/24 23:00:00,Q,CP_MEUR,NSA,B1GQ,PL,2011-Q4,99650.0,
ESTAT:NAMQ_10_GDP(1.0),24/10/24 23:00:00,Q,CP_MEUR,NSA,B1GQ,PL,2012-Q1,88504.7,
ESTAT:NAMQ_10_GDP(1.0),24/10/24 23:00:00,Q,CP_MEUR,NSA,B1GQ,PL,2012-Q2,92710.8,
ESTAT:NAMQ_10_GDP(1.0),24/10/24 23:00:00,Q,CP_MEUR,NSA,B1GQ,PL,2012-Q3,96280.3,
ESTAT:NAMQ_10_GDP(1.0),24/10/24 23:00:00,Q,CP_MEUR,NSA,B1GQ,PL,2012-Q4,108195.6,
ESTAT:NAMQ_10_GDP(1.0),24/10/24 23:00:00,Q,CP_MEUR,NSA,B1GQ,PL,2013-Q1,90209.9,
ESTAT:NAMQ_10_GDP(1.0),24/10/24 23:00:00,Q,CP_MEUR,NSA,B1GQ,PL,2013-Q2,94305.5,
ESTAT:NAMQ_10_GDP(1.0),24/10/24 23:00:00,Q,CP_MEUR,NSA,B1GQ,PL,2013-Q3,94282.1,
ESTAT:NAMQ_10_GDP(1.0),24/10/24 23:00:00,Q,CP_MEUR,NSA,B1GQ,PL,2013-Q4,109630.5,
ESTAT:NAMQ_10_GDP(1.0),24/10/24 23:00:00,Q,CP_MEUR,NSA,B1GQ,PL,2014-Q1,94310.0,
ESTAT:NAMQ_10_GDP(1.0),24/10/24 23:00:00,Q,CP_MEUR,NSA,B1GQ,PL,2014-Q2,99219.4,
ESTAT:NAMQ_10_GDP(1.0),24/10/24 23:00:00,Q,CP_MEUR,NSA,B1GQ,PL,2014-Q3,100830.4,
ESTAT:NAMQ_10_GDP(1.0),24/10/24 23:00:00,Q,CP_MEUR,NSA,B1GQ,PL,2014-Q4,111986.2,
ESTAT:NAMQ_10_GDP(1.0),24/10/24 23:00:00,Q,CP_MEUR,NSA,B1GQ,PL,2015-Q1,98335.0,
ESTAT:NAMQ_10_GDP(1.0),24/10/24 23:00:00,Q,CP_MEUR,NSA,B1GQ,PL,2015-Q2,106053.5,
ESTAT:NAMQ_10_GDP(1.0),24/10/24 23:00:00,Q,CP_MEUR,NSA,B1GQ,PL,2015-Q3,105307.7,
ESTAT:NAMQ_10_GDP(1.0),24/10/24 23:00:00,Q,CP_MEUR,NSA,B1GQ,PL,2015-Q4,119996.1,
ESTAT:NAMQ_10_GDP(1.0),24/10/24 23:00:00,Q,CP_MEUR,NSA,B1GQ,PL,2016-Q1,98121.8,
ESTAT:NAMQ_10_GDP(1.0),24/10/24 23:00:00,Q,CP_MEUR,NSA,B1GQ,PL,2016-Q2,102588.9,
ESTAT:NAMQ_10_GDP(1.0),24/10/24 23:00:00,Q,CP_MEUR,NSA,B1GQ,PL,2016-Q3,104543.6,
ESTAT:NAMQ_10_GDP(1.0),24/10/24 23:00:00,Q,CP_MEUR,NSA,B1GQ,PL,2016-Q4,119419.7,
ESTAT:NAMQ_10_GDP(1.0),24/10/24 23:00:00,Q,CP_MEUR,NSA,B1GQ,PL,2017-Q1,106262.6,
ESTAT:NAMQ_10_GDP(1.0),24/10/24 23:00:00,Q,CP_MEUR,NSA,B1GQ,PL,2017-Q2,113540.8,
ESTAT:NAMQ_10_GDP(1.0),24/10/24 23:00:00,Q,CP_MEUR,NSA,B1GQ,PL,2017-Q3,114940.9,
ESTAT:NAMQ_10_GDP(1.0),24/10/24 23:00:00,Q,CP_MEUR,NSA,B1GQ,PL,2017-Q4,131312.4,
ESTAT:NAMQ_10_GDP(1.0),24/10/24 23:00:00,Q,CP_MEUR,NSA,B1GQ,PL,2018-Q1,117242.2,
ESTAT:NAMQ_10_GDP(1.0),24/10/24 23:00:00,Q,CP_MEUR,NSA,B1GQ,PL,2018-Q2,119820.3,
ESTAT:NAMQ_10_GDP(1.0),24/10/24 23:00:00,Q,CP_MEUR,NSA,B1GQ,PL,2018-Q3,122568.9,
ESTAT:NAMQ_10_GDP(1.0),24/10/24 23:00:00,Q,CP_MEUR,NSA,B1GQ,PL,2018-Q4,139180.6,
ESTAT:NAMQ_10_GDP(1.0),24/10/24 23:00:00,Q,CP_MEUR,NSA,B1GQ,PL,2019-Q1,122630.6,
ESTAT:NAMQ_10_GDP(1.0),24/10/24 23:00:00,Q,CP_MEUR,NSA,B1GQ,PL,2019-Q2,129445.1,
ESTAT:NAMQ_10_GDP(1.0),24/10/24 23:00:00,Q,CP_MEUR,NSA,B1GQ,PL,2019-Q3,131621.2,
ESTAT:NAMQ_10_GDP(1.0),24/10/24 23:00:00,Q,CP_MEUR,NSA,B1GQ,PL,2019-Q4,148881.1,
ESTAT:NAMQ_10_GDP(1.0),24/10/24 23:00:00,Q,CP_MEUR,NSA,B1GQ,PL,2020-Q1,129395.4,
ESTAT:NAMQ_10_GDP(1.0),24/10/24 23:00:00,Q,CP_MEUR,NSA,B1GQ,PL,2020-Q2,117496.6,
ESTAT:NAMQ_10_GDP(1.0),24/10/24 23:00:00,Q,CP_MEUR,NSA,B1GQ,PL,2020-Q3,132646.4,
ESTAT:NAMQ_10_GDP(1.0),24/10/24 23:00:00,Q,CP_MEUR,NSA,B1GQ,PL,2020-Q4,146495.8,
ESTAT:NAMQ_10_GDP(1.0),24/10/24 23:00:00,Q,CP_MEUR,NSA,B1GQ,PL,2021-Q1,131058.3,
ESTAT:NAMQ_10_GDP(1.0),24/10/24 23:00:00,Q,CP_MEUR,NSA,B1GQ,PL,2021-Q2,137182.2,
ESTAT:NAMQ_10_GDP(1.0),24/10/24 23:00:00,Q,CP_MEUR,NSA,B1GQ,PL,2021-Q3,145945.6,
ESTAT:NAMQ_10_GDP(1.0),24/10/24 23:00:00,Q,CP_MEUR,NSA,B1GQ,PL,2021-Q4,161963.9,
ESTAT:NAMQ_10_GDP(1.0),24/10/24 23:00:00,Q,CP_MEUR,NSA,B1GQ,PL,2022-Q1,149166.8,
ESTAT:NAMQ_10_GDP(1.0),24/10/24 23:00:00,Q,CP_MEUR,NSA,B1GQ,PL,2022-Q2,156208.6,
ESTAT:NAMQ_10_GDP(1.0),24/10/24 23:00:00,Q,CP_MEUR,NSA,B1GQ,PL,2022-Q3,165178.5,
ESTAT:NAMQ_10_GDP(1.0),24/10/24 23:00:00,Q,CP_MEUR,NSA,B1GQ,PL,2022-Q4,185214.9,
ESTAT:NAMQ_10_GDP(1.0),24/10/24 23:00:00,Q,CP_MEUR,NSA,B1GQ,PL,2023-Q1,169771.1,
ESTAT:NAMQ_10_GDP(1.0),24/10/24 23:00:00,Q,CP_MEUR,NSA,B1GQ,PL,2023-Q2,180273.1,
ESTAT:NAMQ_10_GDP(1.0),24/10/24 23:00:00,Q,CP_MEUR,NSA,B1GQ,PL,2023-Q3,188968.5,
ESTAT:NAMQ_10_GDP(1.0),24/10/24 23:00:00,Q,CP_MEUR,NSA,B1GQ,PL,2023-Q4,213308.7,
ESTAT:NAMQ_10_GDP(1.0),24/10/24 23:00:00,Q,CP_MEUR,NSA,B1GQ,PL,2024-Q1,192264.2,
ESTAT:NAMQ_10_GDP(1.0),24/10/24 23:00:00,Q,CP_MEUR,NSA,B1GQ,PL,2024-Q2,200013.1,
ESTAT:NAMQ_10_GDP(1.0),24/10/24 23:00:00,Q,CP_MEUR,NSA,B1GQ,PT,1995-Q1,21844.5,
ESTAT:NAMQ_10_GDP(1.0),24/10/24 23:00:00,Q,CP_MEUR,NSA,B1GQ,PT,1995-Q2,22939.5,
ESTAT:NAMQ_10_GDP(1.0),24/10/24 23:00:00,Q,CP_MEUR,NSA,B1GQ,PT,1995-Q3,22831.1,
ESTAT:NAMQ_10_GDP(1.0),24/10/24 23:00:00,Q,CP_MEUR,NSA,B1GQ,PT,1995-Q4,23393.0,
ESTAT:NAMQ_10_GDP(1.0),24/10/24 23:00:00,Q,CP_MEUR,NSA,B1GQ,PT,1996-Q1,22578.3,
ESTAT:NAMQ_10_GDP(1.0),24/10/24 23:00:00,Q,CP_MEUR,NSA,B1GQ,PT,1996-Q2,24040.6,
ESTAT:NAMQ_10_GDP(1.0),24/10/24 23:00:00,Q,CP_MEUR,NSA,B1GQ,PT,1996-Q3,24542.4,
ESTAT:NAMQ_10_GDP(1.0),24/10/24 23:00:00,Q,CP_MEUR,NSA,B1GQ,PT,1996-Q4,25468.8,
ESTAT:NAMQ_10_GDP(1.0),24/10/24 23:00:00,Q,CP_MEUR,NSA,B1GQ,PT,1997-Q1,24546.3,
ESTAT:NAMQ_10_GDP(1.0),24/10/24 23:00:00,Q,CP_MEUR,NSA,B1GQ,PT,1997-Q2,26013.3,
ESTAT:NAMQ_10_GDP(1.0),24/10/24 23:00:00,Q,CP_MEUR,NSA,B1GQ,PT,1997-Q3,25947.5,
ESTAT:NAMQ_10_GDP(1.0),24/10/24 23:00:00,Q,CP_MEUR,NSA,B1GQ,PT,1997-Q4,26793.7,
ESTAT:NAMQ_10_GDP(1.0),24/10/24 23:00:00,Q,CP_MEUR,NSA,B1GQ,PT,1998-Q1,25891.7,
ESTAT:NAMQ_10_GDP(1.0),24/10/24 23:00:00,Q,CP_MEUR,NSA,B1GQ,PT,1998-Q2,27625.1,
ESTAT:NAMQ_10_GDP(1.0),24/10/24 23:00:00,Q,CP_MEUR,NSA,B1GQ,PT,1998-Q3,27937.7,
ESTAT:NAMQ_10_GDP(1.0),24/10/24 23:00:00,Q,CP_MEUR,NSA,B1GQ,PT,1998-Q4,29234.7,
ESTAT:NAMQ_10_GDP(1.0),24/10/24 23:00:00,Q,CP_MEUR,NSA,B1GQ,PT,1999-Q1,28277.3,
ESTAT:NAMQ_10_GDP(1.0),24/10/24 23:00:00,Q,CP_MEUR,NSA,B1GQ,PT,1999-Q2,29820.7,
ESTAT:NAMQ_10_GDP(1.0),24/10/24 23:00:00,Q,CP_MEUR,NSA,B1GQ,PT,1999-Q3,29932.1,
ESTAT:NAMQ_10_GDP(1.0),24/10/24 23:00:00,Q,CP_MEUR,NSA,B1GQ,PT,1999-Q4,31573.1,
ESTAT:NAMQ_10_GDP(1.0),24/10/24 23:00:00,Q,CP_MEUR,NSA,B1GQ,PT,2000-Q1,30512.3,
ESTAT:NAMQ_10_GDP(1.0),24/10/24 23:00:00,Q,CP_MEUR,NSA,B1GQ,PT,2000-Q2,31850.6,
ESTAT:NAMQ_10_GDP(1.0),24/10/24 23:00:00,Q,CP_MEUR,NSA,B1GQ,PT,2000-Q3,32163.8,
ESTAT:NAMQ_10_GDP(1.0),24/10/24 23:00:00,Q,CP_MEUR,NSA,B1GQ,PT,2000-Q4,33887.7,
ESTAT:NAMQ_10_GDP(1.0),24/10/24 23:00:00,Q,CP_MEUR,NSA,B1GQ,PT,2001-Q1,31817.1,
ESTAT:NAMQ_10_GDP(1.0),24/10/24 23:00:00,Q,CP_MEUR,NSA,B1GQ,PT,2001-Q2,34102.1,
ESTAT:NAMQ_10_GDP(1.0),24/10/24 23:00:00,Q,CP_MEUR,NSA,B1GQ,PT,2001-Q3,33931.9,
ESTAT:NAMQ_10_GDP(1.0),24/10/24 23:00:00,Q,CP_MEUR,NSA,B1GQ,PT,2001-Q4,35924.0,
ESTAT:NAMQ_10_GDP(1.0),24/10/24 23:00:00,Q,CP_MEUR,NSA,B1GQ,PT,2002-Q1,33958.0,
ESTAT:NAMQ_10_GDP(1.0),24/10/24 23:00:00,Q,CP_MEUR,NSA,B1GQ,PT,2002-Q2,35983.2,
ESTAT:NAMQ_10_GDP(1.0),24/10/24 23:00:00,Q,CP_MEUR,NSA,B1GQ,PT,2002-Q3,35848.8,
ESTAT:NAMQ_10_GDP(1.0),24/10/24 23:00:00,Q,CP_MEUR,NSA,B1GQ,PT,2002-Q4,36764.2,
ESTAT:NAMQ_10_GDP(1.0),24/10/24 23:00:00,Q,CP_MEUR,NSA,B1GQ,PT,2003-Q1,34525.8,
ESTAT:NAMQ_10_GDP(1.0),24/10/24 23:00:00,Q,CP_MEUR,NSA,B1GQ,PT,2003-Q2,36097.4,
ESTAT:NAMQ_10_GDP(1.0),24/10/24 23:00:00,Q,CP_MEUR,NSA,B1GQ,PT,2003-Q3,36698.3,
ESTAT:NAMQ_10_GDP(1.0),24/10/24 23:00:00,Q,CP_MEUR,NSA,B1GQ,PT,2003-Q4,38746.4,
ESTAT:NAMQ_10_GDP(1.0),24/10/24 23:00:00,Q,CP_MEUR,NSA,B1GQ,PT,2004-Q1,35908.3,
ESTAT:NAMQ_10_GDP(1.0),24/10/24 23:00:00,Q,CP_MEUR,NSA,B1GQ,PT,2004-Q2,38124.4,
ESTAT:NAMQ_10_GDP(1.0),24/10/24 23:00:00,Q,CP_MEUR,NSA,B1GQ,PT,2004-Q3,38312.0,
ESTAT:NAMQ_10_GDP(1.0),24/10/24 23:00:00,Q,CP_MEUR,NSA,B1GQ,PT,2004-Q4,39903.7,
ESTAT:NAMQ_10_GDP(1.0),24/10/24 23:00:00,Q,CP_MEUR,NSA,B1GQ,PT,2005-Q1,37359.6,
ESTAT:NAMQ_10_GDP(1.0),24/10/24 23:00:00,Q,CP_MEUR,NSA,B1GQ,PT,2005-Q2,39917.3,
ESTAT:NAMQ_10_GDP(1.0),24/10/24 23:00:00,Q,CP_MEUR,NSA,B1GQ,PT,2005-Q3,39498.7,
ESTAT:NAMQ_10_GDP(1.0),24/10/24 23:00:00,Q,CP_MEUR,NSA,B1GQ,PT,2005-Q4,41777.1,
ESTAT:NAMQ_10_GDP(1.0),24/10/24 23:00:00,Q,CP_MEUR,NSA,B1GQ,PT,2006-Q1,38981.9,
ESTAT:NAMQ_10_GDP(1.0),24/10/24 23:00:00,Q,CP_MEUR,NSA,B1GQ,PT,2006-Q2,41925.2,
ESTAT:NAMQ_10_GDP(1.0),24/10/24 23:00:00,Q,CP_MEUR,NSA,B1GQ,PT,2006-Q3,41040.6,
ESTAT:NAMQ_10_GDP(1.0),24/10/24 23:00:00,Q,CP_MEUR,NSA,B1GQ,PT,2006-Q4,44312.9,
ESTAT:NAMQ_10_GDP(1.0),24/10/24 23:00:00,Q,CP_MEUR,NSA,B1GQ,PT,2007-Q1,41454.5,
ESTAT:NAMQ_10_GDP(1.0),24/10/24 23:00:00,Q,CP_MEUR,NSA,B1GQ,PT,2007-Q2,44102.3,
ESTAT:NAMQ_10_GDP(1.0),24/10/24 23:00:00,Q,CP_MEUR,NSA,B1GQ,PT,2007-Q3,43660.1,
ESTAT:NAMQ_10_GDP(1.0),24/10/24 23:00:00,Q,CP_MEUR,NSA,B1GQ,PT,2007-Q4,46266.4,
ESTAT:NAMQ_10_GDP(1.0),24/10/24 23:00:00,Q,CP_MEUR,NSA,B1GQ,PT,2008-Q1,43014.3,
ESTAT:NAMQ_10_GDP(1.0),24/10/24 23:00:00,Q,CP_MEUR,NSA,B1GQ,PT,2008-Q2,45223.5,
ESTAT:NAMQ_10_GDP(1.0),24/10/24 23:00:00,Q,CP_MEUR,NSA,B1GQ,PT,2008-Q3,44786.4,
ESTAT:NAMQ_10_GDP(1.0),24/10/24 23:00:00,Q,CP_MEUR,NSA,B1GQ,PT,2008-Q4,46078.6,
ESTAT:NAMQ_10_GDP(1.0),24/10/24 23:00:00,Q,CP_MEUR,NSA,B1GQ,PT,2009-Q1,41328.6,
ESTAT:NAMQ_10_GDP(1.0),24/10/24 23:00:00,Q,CP_MEUR,NSA,B1GQ,PT,2009-Q2,44011.1,
ESTAT:NAMQ_10_GDP(1.0),24/10/24 23:00:00,Q,CP_MEUR,NSA,B1GQ,PT,2009-Q3,44194.3,
ESTAT:NAMQ_10_GDP(1.0),24/10/24 23:00:00,Q,CP_MEUR,NSA,B1GQ,PT,2009-Q4,45882.5,
ESTAT:NAMQ_10_GDP(1.0),24/10/24 23:00:00,Q,CP_MEUR,NSA,B1GQ,PT,2010-Q1,43099.9,
ESTAT:NAMQ_10_GDP(1.0),24/10/24 23:00:00,Q,CP_MEUR,NSA,B1GQ,PT,2010-Q2,45038.5,
ESTAT:NAMQ_10_GDP(1.0),24/10/24 23:00:00,Q,CP_MEUR,NSA,B1GQ,PT,2010-Q3,45216.9,
ESTAT:NAMQ_10_GDP(1.0),24/10/24 23:00:00,Q,CP_MEUR,NSA,B1GQ,PT,2010-Q4,46505.0,
ESTAT:NAMQ_10_GDP(1.0),24/10/24 23:00:00,Q,CP_MEUR,NSA,B1GQ,PT,2011-Q1,42767.5,
ESTAT:NAMQ_10_GDP(1.0),24/10/24 23:00:00,Q,CP_MEUR,NSA,B1GQ,PT,2011-Q2,44556.6,
ESTAT:NAMQ_10_GDP(1.0),24/10/24 23:00:00,Q,CP_MEUR,NSA,B1GQ,PT,2011-Q3,44268.6,
ESTAT:NAMQ_10_GDP(1.0),24/10/24 23:00:00,Q,CP_MEUR,NSA,B1GQ,PT,2011-Q4,44725.3,
ESTAT:NAMQ_10_GDP(1.0),24/10/24 23:00:00,Q,CP_MEUR,NSA,B1GQ,PT,2012-Q1,41360.8,
ESTAT:NAMQ_10_GDP(1.0),24/10/24 23:00:00,Q,CP_MEUR,NSA,B1GQ,PT,2012-Q2,41774.1,
ESTAT:NAMQ_10_GDP(1.0),24/10/24 23:00:00,Q,CP_MEUR,NSA,B1GQ,PT,2012-Q3,42639.3,
ESTAT:NAMQ_10_GDP(1.0),24/10/24 23:00:00,Q,CP_MEUR,NSA,B1GQ,PT,2012-Q4,42764.6,
ESTAT:NAMQ_10_GDP(1.0),24/10/24 23:00:00,Q,CP_MEUR,NSA,B1GQ,PT,2013-Q1,40774.4,
ESTAT:NAMQ_10_GDP(1.0),24/10/24 23:00:00,Q,CP_MEUR,NSA,B1GQ,PT,2013-Q2,42227.7,
ESTAT:NAMQ_10_GDP(1.0),24/10/24 23:00:00,Q,CP_MEUR,NSA,B1GQ,PT,2013-Q3,43507.5,
ESTAT:NAMQ_10_GDP(1.0),24/10/24 23:00:00,Q,CP_MEUR,NSA,B1GQ,PT,2013-Q4,44166.1,
ESTAT:NAMQ_10_GDP(1.0),24/10/24 23:00:00,Q,CP_MEUR,NSA,B1GQ,PT,2014-Q1,41087.0,
ESTAT:NAMQ_10_GDP(1.0),24/10/24 23:00:00,Q,CP_MEUR,NSA,B1GQ,PT,2014-Q2,43644.1,
ESTAT:NAMQ_10_GDP(1.0),24/10/24 23:00:00,Q,CP_MEUR,NSA,B1GQ,PT,2014-Q3,44432.5,
ESTAT:NAMQ_10_GDP(1.0),24/10/24 23:00:00,Q,CP_MEUR,NSA,B1GQ,PT,2014-Q4,44023.0,
ESTAT:NAMQ_10_GDP(1.0),24/10/24 23:00:00,Q,CP_MEUR,NSA,B1GQ,PT,2015-Q1,42741.5,
ESTAT:NAMQ_10_GDP(1.0),24/10/24 23:00:00,Q,CP_MEUR,NSA,B1GQ,PT,2015-Q2,45319.6,
ESTAT:NAMQ_10_GDP(1.0),24/10/24 23:00:00,Q,CP_MEUR,NSA,B1GQ,PT,2015-Q3,45898.6,
ESTAT:NAMQ_10_GDP(1.0),24/10/24 23:00:00,Q,CP_MEUR,NSA,B1GQ,PT,2015-Q4,45433.0,
ESTAT:NAMQ_10_GDP(1.0),24/10/24 23:00:00,Q,CP_MEUR,NSA,B1GQ,PT,2016-Q1,44662.1,
ESTAT:NAMQ_10_GDP(1.0),24/10/24 23:00:00,Q,CP_MEUR,NSA,B1GQ,PT,2016-Q2,46985.5,
ESTAT:NAMQ_10_GDP(1.0),24/10/24 23:00:00,Q,CP_MEUR,NSA,B1GQ,PT,2016-Q3,47594.7,
ESTAT:NAMQ_10_GDP(1.0),24/10/24 23:00:00,Q,CP_MEUR,NSA,B1GQ,PT,2016-Q4,47138.5,
ESTAT:NAMQ_10_GDP(1.0),24/10/24 23:00:00,Q,CP_MEUR,NSA,B1GQ,PT,2017-Q1,46514.1,
ESTAT:NAMQ_10_GDP(1.0),24/10/24 23:00:00,Q,CP_MEUR,NSA,B1GQ,PT,2017-Q2,49258.1,
ESTAT:NAMQ_10_GDP(1.0),24/10/24 23:00:00,Q,CP_MEUR,NSA,B1GQ,PT,2017-Q3,49778.3,
ESTAT:NAMQ_10_GDP(1.0),24/10/24 23:00:00,Q,CP_MEUR,NSA,B1GQ,PT,2017-Q4,49958.5,
ESTAT:NAMQ_10_GDP(1.0),24/10/24 23:00:00,Q,CP_MEUR,NSA,B1GQ,PT,2018-Q1,48534.4,
ESTAT:NAMQ_10_GDP(1.0),24/10/24 23:00:00,Q,CP_MEUR,NSA,B1GQ,PT,2018-Q2,51285.6,
ESTAT:NAMQ_10_GDP(1.0),24/10/24 23:00:00,Q,CP_MEUR,NSA,B1GQ,PT,2018-Q3,52224.5,
ESTAT:NAMQ_10_GDP(1.0),24/10/24 23:00:00,Q,CP_MEUR,NSA,B1GQ,PT,2018-Q4,52953.1,
ESTAT:NAMQ_10_GDP(1.0),24/10/24 23:00:00,Q,CP_MEUR,NSA,B1GQ,PT,2019-Q1,51149.9,
ESTAT:NAMQ_10_GDP(1.0),24/10/24 23:00:00,Q,CP_MEUR,NSA,B1GQ,PT,2019-Q2,53703.6,
ESTAT:NAMQ_10_GDP(1.0),24/10/24 23:00:00,Q,CP_MEUR,NSA,B1GQ,PT,2019-Q3,54354.1,
ESTAT:NAMQ_10_GDP(1.0),24/10/24 23:00:00,Q,CP_MEUR,NSA,B1GQ,PT,2019-Q4,55282.3,
ESTAT:NAMQ_10_GDP(1.0),24/10/24 23:00:00,Q,CP_MEUR,NSA,B1GQ,PT,2020-Q1,50808.8,
ESTAT:NAMQ_10_GDP(1.0),24/10/24 23:00:00,Q,CP_MEUR,NSA,B1GQ,PT,2020-Q2,45758.3,
ESTAT:NAMQ_10_GDP(1.0),24/10/24 23:00:00,Q,CP_MEUR,NSA,B1GQ,PT,2020-Q3,51742.7,
ESTAT:NAMQ_10_GDP(1.0),24/10/24 23:00:00,Q,CP_MEUR,NSA,B1GQ,PT,2020-Q4,52722.9,
ESTAT:NAMQ_10_GDP(1.0),24/10/24 23:00:00,Q,CP_MEUR,NSA,B1GQ,PT,2021-Q1,49339.9,
ESTAT:NAMQ_10_GDP(1.0),24/10/24 23:00:00,Q,CP_MEUR,NSA,B1GQ,PT,2021-Q2,53605.9,
ESTAT:NAMQ_10_GDP(1.0),24/10/24 23:00:00,Q,CP_MEUR,NSA,B1GQ,PT,2021-Q3,55851.2,
ESTAT:NAMQ_10_GDP(1.0),24/10/24 23:00:00,Q,CP_MEUR,NSA,B1GQ,PT,2021-Q4,57696.8,
ESTAT:NAMQ_10_GDP(1.0),24/10/24 23:00:00,Q,CP_MEUR,NSA,B1GQ,PT,2022-Q1,56060.5,
ESTAT:NAMQ_10_GDP(1.0),24/10/24 23:00:00,Q,CP_MEUR,NSA,B1GQ,PT,2022-Q2,61043.5,
ESTAT:NAMQ_10_GDP(1.0),24/10/24 23:00:00,Q,CP_MEUR,NSA,B1GQ,PT,2022-Q3,62642.8,
ESTAT:NAMQ_10_GDP(1.0),24/10/24 23:00:00,Q,CP_MEUR,NSA,B1GQ,PT,2022-Q4,64210.2,
ESTAT:NAMQ_10_GDP(1.0),24/10/24 23:00:00,Q,CP_MEUR,NSA,B1GQ,PT,2023-Q1,62337.9,e
ESTAT:NAMQ_10_GDP(1.0),24/10/24 23:00:00,Q,CP_MEUR,NSA,B1GQ,PT,2023-Q2,67215.0,e
ESTAT:NAMQ_10_GDP(1.0),24/10/24 23:00:00,Q,CP_MEUR,NSA,B1GQ,PT,2023-Q3,68439.4,e
ESTAT:NAMQ_10_GDP(1.0),24/10/24 23:00:00,Q,CP_MEUR,NSA,B1GQ,PT,2023-Q4,69392.1,e
ESTAT:NAMQ_10_GDP(1.0),24/10/24 23:00:00,Q,CP_MEUR,NSA,B1GQ,PT,2024-Q1,66230.2,e
ESTAT:NAMQ_10_GDP(1.0),24/10/24 23:00:00,Q,CP_MEUR,NSA,B1GQ,PT,2024-Q2,70920.1,e
ESTAT:NAMQ_10_GDP(1.0),24/10/24 23:00:00,Q,CP_MEUR,NSA,B1GQ,RO,1995-Q1,6370.1,
ESTAT:NAMQ_10_GDP(1.0),24/10/24 23:00:00,Q,CP_MEUR,NSA,B1GQ,RO,1995-Q2,6573.1,
ESTAT:NAMQ_10_GDP(1.0),24/10/24 23:00:00,Q,CP_MEUR,NSA,B1GQ,RO,1995-Q3,8410.6,
ESTAT:NAMQ_10_GDP(1.0),24/10/24 23:00:00,Q,CP_MEUR,NSA,B1GQ,RO,1995-Q4,7093.1,
ESTAT:NAMQ_10_GDP(1.0),24/10/24 23:00:00,Q,CP_MEUR,NSA,B1GQ,RO,1996-Q1,5736.8,
ESTAT:NAMQ_10_GDP(1.0),24/10/24 23:00:00,Q,CP_MEUR,NSA,B1GQ,RO,1996-Q2,6425.8,
ESTAT:NAMQ_10_GDP(1.0),24/10/24 23:00:00,Q,CP_MEUR,NSA,B1GQ,RO,1996-Q3,8686.6,
ESTAT:NAMQ_10_GDP(1.0),24/10/24 23:00:00,Q,CP_MEUR,NSA,B1GQ,RO,1996-Q4,7904.7,
ESTAT:NAMQ_10_GDP(1.0),24/10/24 23:00:00,Q,CP_MEUR,NSA,B1GQ,RO,1997-Q1,5662.8,
ESTAT:NAMQ_10_GDP(1.0),24/10/24 23:00:00,Q,CP_MEUR,NSA,B1GQ,RO,1997-Q2,6508.7,
ESTAT:NAMQ_10_GDP(1.0),24/10/24 23:00:00,Q,CP_MEUR,NSA,B1GQ,RO,1997-Q3,9684.0,
ESTAT:NAMQ_10_GDP(1.0),24/10/24 23:00:00,Q,CP_MEUR,NSA,B1GQ,RO,1997-Q4,9318.5,
ESTAT:NAMQ_10_GDP(1.0),24/10/24 23:00:00,Q,CP_MEUR,NSA,B1GQ,RO,1998-Q1,7619.7,
ESTAT:NAMQ_10_GDP(1.0),24/10/24 23:00:00,Q,CP_MEUR,NSA,B1GQ,RO,1998-Q2,8730.5,
ESTAT:NAMQ_10_GDP(1.0),24/10/24 23:00:00,Q,CP_MEUR,NSA,B1GQ,RO,1998-Q3,10943.5,
ESTAT:NAMQ_10_GDP(1.0),24/10/24 23:00:00,Q,CP_MEUR,NSA,B1GQ,RO,1998-Q4,9599.2,
ESTAT:NAMQ_10_GDP(1.0),24/10/24 23:00:00,Q,CP_MEUR,NSA,B1GQ,RO,1999-Q1,6665.6,
ESTAT:NAMQ_10_GDP(1.0),24/10/24 23:00:00,Q,CP_MEUR,NSA,B1GQ,RO,1999-Q2,7678.0,
ESTAT:NAMQ_10_GDP(1.0),24/10/24 23:00:00,Q,CP_MEUR,NSA,B1GQ,RO,1999-Q3,9395.6,
ESTAT:NAMQ_10_GDP(1.0),24/10/24 23:00:00,Q,CP_MEUR,NSA,B1GQ,RO,1999-Q4,9627.8,
ESTAT:NAMQ_10_GDP(1.0),24/10/24 23:00:00,Q,CP_MEUR,NSA,B1GQ,RO,2000-Q1,7900.9,
ESTAT:NAMQ_10_GDP(1.0),24/10/24 23:00:00,Q,CP_MEUR,NSA,B1GQ,RO,2000-Q2,9510.8,
ESTAT:NAMQ_10_GDP(1.0),24/10/24 23:00:00,Q,CP_MEUR,NSA,B1GQ,RO,2000-Q3,11197.1,
ESTAT:NAMQ_10_GDP(1.0),24/10/24 23:00:00,Q,CP_MEUR,NSA,B1GQ,RO,2000-Q4,11630.5,
ESTAT:NAMQ_10_GDP(1.0),24/10/24 23:00:00,Q,CP_MEUR,NSA,B1GQ,RO,2001-Q1,8529.9,
ESTAT:NAMQ_10_GDP(1.0),24/10/24 23:00:00,Q,CP_MEUR,NSA,B1GQ,RO,2001-Q2,10823.8,
ESTAT:NAMQ_10_GDP(1.0),24/10/24 23:00:00,Q,CP_MEUR,NSA,B1GQ,RO,2001-Q3,12461.7,
ESTAT:NAMQ_10_GDP(1.0),24/10/24 23:00:00,Q,CP_MEUR,NSA,B1GQ,RO,2001-Q4,13023.5,
ESTAT:NAMQ_10_GDP(1.0),24/10/24 23:00:00,Q,CP_MEUR,NSA,B1GQ,RO,2002-Q1,9689.6,
ESTAT:NAMQ_10_GDP(1.0),24/10/24 23:00:00,Q,CP_MEUR,NSA,B1GQ,RO,2002-Q2,11517.7,
ESTAT:NAMQ_10_GDP(1.0),24/10/24 23:00:00,Q,CP_MEUR,NSA,B1GQ,RO,2002-Q3,13016.9,
ESTAT:NAMQ_10_GDP(1.0),24/10/24 23:00:00,Q,CP_MEUR,NSA,B1GQ,RO,2002-Q4,14111.8,
ESTAT:NAMQ_10_GDP(1.0),24/10/24 23:00:00,Q,CP_MEUR,NSA,B1GQ,RO,2003-Q1,9680.0,
ESTAT:NAMQ_10_GDP(1.0),24/10/24 23:00:00,Q,CP_MEUR,NSA,B1GQ,RO,2003-Q2,11620.8,
ESTAT:NAMQ_10_GDP(1.0),24/10/24 23:00:00,Q,CP_MEUR,NSA,B1GQ,RO,2003-Q3,14476.8,
ESTAT:NAMQ_10_GDP(1.0),24/10/24 23:00:00,Q,CP_MEUR,NSA,B1GQ,RO,2003-Q4,15050.8,
ESTAT:NAMQ_10_GDP(1.0),24/10/24 23:00:00,Q,CP_MEUR,NSA,B1GQ,RO,2004-Q1,10847.0,
ESTAT:NAMQ_10_GDP(1.0),24/10/24 23:00:00,Q,CP_MEUR,NSA,B1GQ,RO,2004-Q2,13549.7,
ESTAT:NAMQ_10_GDP(1.0),24/10/24 23:00:00,Q,CP_MEUR,NSA,B1GQ,RO,2004-Q3,16726.6,
ESTAT:NAMQ_10_GDP(1.0),24/10/24 23:00:00,Q,CP_MEUR,NSA,B1GQ,RO,2004-Q4,19336.8,
ESTAT:NAMQ_10_GDP(1.0),24/10/24 23:00:00,Q,CP_MEUR,NSA,B1GQ,RO,2005-Q1,14820.9,
ESTAT:NAMQ_10_GDP(1.0),24/10/24 23:00:00,Q,CP_MEUR,NSA,B1GQ,RO,2005-Q2,17560.7,
ESTAT:NAMQ_10_GDP(1.0),24/10/24 23:00:00,Q,CP_MEUR,NSA,B1GQ,RO,2005-Q3,22493.5,
ESTAT:NAMQ_10_GDP(1.0),24/10/24 23:00:00,Q,CP_MEUR,NSA,B1GQ,RO,2005-Q4,24484.3,
ESTAT:NAMQ_10_GDP(1.0),24/10/24 23:00:00,Q,CP_MEUR,NSA,B1GQ,RO,2006-Q1,18145.6,
ESTAT:NAMQ_10_GDP(1.0),24/10/24 23:00:00,Q,CP_MEUR,NSA,B1GQ,RO,2006-Q2,22353.7,
ESTAT:NAMQ_10_GDP(1.0),24/10/24 23:00:00,Q,CP_MEUR,NSA,B1GQ,RO,2006-Q3,26501.5,
ESTAT:NAMQ_10_GDP(1.0),24/10/24 23:00:00,Q,CP_MEUR,NSA,B1GQ,RO,2006-Q4,30357.8,
ESTAT:NAMQ_10_GDP(1.0),24/10/24 23:00:00,Q,CP_MEUR,NSA,B1GQ,RO,2007-Q1,23336.0,
ESTAT:NAMQ_10_GDP(1.0),24/10/24 23:00:00,Q,CP_MEUR,NSA,B1GQ,RO,2007-Q2,29660.3,
ESTAT:NAMQ_10_GDP(1.0),24/10/24 23:00:00,Q,CP_MEUR,NSA,B1GQ,RO,2007-Q3,35628.1,
ESTAT:NAMQ_10_GDP(1.0),24/10/24 23:00:00,Q,CP_MEUR,NSA,B1GQ,RO,2007-Q4,38963.3,
ESTAT:NAMQ_10_GDP(1.0),24/10/24 23:00:00,Q,CP_MEUR,NSA,B1GQ,RO,2008-Q1,27394.1,
ESTAT:NAMQ_10_GDP(1.0),24/10/24 23:00:00,Q,CP_MEUR,NSA,B1GQ,RO,2008-Q2,34251.2,
ESTAT:NAMQ_10_GDP(1.0),24/10/24 23:00:00,Q,CP_MEUR,NSA,B1GQ,RO,2008-Q3,41773.2,
ESTAT:NAMQ_10_GDP(1.0),24/10/24 23:00:00,Q,CP_MEUR,NSA,B1GQ,RO,2008-Q4,43044.5,
ESTAT:NAMQ_10_GDP(1.0),24/10/24 23:00:00,Q,CP_MEUR,NSA,B1GQ,RO,2009-Q1,23792.7,
ESTAT:NAMQ_10_GDP(1.0),24/10/24 23:00:00,Q,CP_MEUR,NSA,B1GQ,RO,2009-Q2,29664.5,
ESTAT:NAMQ_10_GDP(1.0),24/10/24 23:00:00,Q,CP_MEUR,NSA,B1GQ,RO,2009-Q3,33694.6,
ESTAT:NAMQ_10_GDP(1.0),24/10/24 23:00:00,Q,CP_MEUR,NSA,B1GQ,RO,2009-Q4,38070.0,
ESTAT:NAMQ_10_GDP(1.0),24/10/24 23:00:00,Q,CP_MEUR,NSA,B1GQ,RO,2010-Q1,25157.0,
ESTAT:NAMQ_10_GDP(1.0),24/10/24 23:00:00,Q,CP_MEUR,NSA,B1GQ,RO,2010-Q2,30391.1,
ESTAT:NAMQ_10_GDP(1.0),24/10/24 23:00:00,Q,CP_MEUR,NSA,B1GQ,RO,2010-Q3,34885.0,
ESTAT:NAMQ_10_GDP(1.0),24/10/24 23:00:00,Q,CP_MEUR,NSA,B1GQ,RO,2010-Q4,37614.1,
ESTAT:NAMQ_10_GDP(1.0),24/10/24 23:00:00,Q,CP_MEUR,NSA,B1GQ,RO,2011-Q1,27561.0,
ESTAT:NAMQ_10_GDP(1.0),24/10/24 23:00:00,Q,CP_MEUR,NSA,B1GQ,RO,2011-Q2,33050.5,
ESTAT:NAMQ_10_GDP(1.0),24/10/24 23:00:00,Q,CP_MEUR,NSA,B1GQ,RO,2011-Q3,37879.4,
ESTAT:NAMQ_10_GDP(1.0),24/10/24 23:00:00,Q,CP_MEUR,NSA,B1GQ,RO,2011-Q4,39852.8,
ESTAT:NAMQ_10_GDP(1.0),24/10/24 23:00:00,Q,CP_MEUR,NSA,B1GQ,RO,2012-Q1,27465.0,
ESTAT:NAMQ_10_GDP(1.0),24/10/24 23:00:00,Q,CP_MEUR,NSA,B1GQ,RO,2012-Q2,33189.1,
ESTAT:NAMQ_10_GDP(1.0),24/10/24 23:00:00,Q,CP_MEUR,NSA,B1GQ,RO,2012-Q3,37567.6,
ESTAT:NAMQ_10_GDP(1.0),24/10/24 23:00:00,Q,CP_MEUR,NSA,B1GQ,RO,2012-Q4,40769.0,
ESTAT:NAMQ_10_GDP(1.0),24/10/24 23:00:00,Q,CP_MEUR,NSA,B1GQ,RO,2013-Q1,27529.6,
ESTAT:NAMQ_10_GDP(1.0),24/10/24 23:00:00,Q,CP_MEUR,NSA,B1GQ,RO,2013-Q2,33431.0,
ESTAT:NAMQ_10_GDP(1.0),24/10/24 23:00:00,Q,CP_MEUR,NSA,B1GQ,RO,2013-Q3,39238.3,
ESTAT:NAMQ_10_GDP(1.0),24/10/24 23:00:00,Q,CP_MEUR,NSA,B1GQ,RO,2013-Q4,42614.9,
ESTAT:NAMQ_10_GDP(1.0),24/10/24 23:00:00,Q,CP_MEUR,NSA,B1GQ,RO,2014-Q1,28717.0,
ESTAT:NAMQ_10_GDP(1.0),24/10/24 23:00:00,Q,CP_MEUR,NSA,B1GQ,RO,2014-Q2,35345.0,
ESTAT:NAMQ_10_GDP(1.0),24/10/24 23:00:00,Q,CP_MEUR,NSA,B1GQ,RO,2014-Q3,41785.5,
ESTAT:NAMQ_10_GDP(1.0),24/10/24 23:00:00,Q,CP_MEUR,NSA,B1GQ,RO,2014-Q4,44822.1,
ESTAT:NAMQ_10_GDP(1.0),24/10/24 23:00:00,Q,CP_MEUR,NSA,B1GQ,RO,2015-Q1,31375.5,
ESTAT:NAMQ_10_GDP(1.0),24/10/24 23:00:00,Q,CP_MEUR,NSA,B1GQ,RO,2015-Q2,36557.3,
ESTAT:NAMQ_10_GDP(1.0),24/10/24 23:00:00,Q,CP_MEUR,NSA,B1GQ,RO,2015-Q3,44584.4,
ESTAT:NAMQ_10_GDP(1.0),24/10/24 23:00:00,Q,CP_MEUR,NSA,B1GQ,RO,2015-Q4,47774.5,
ESTAT:NAMQ_10_GDP(1.0),24/10/24 23:00:00,Q,CP_MEUR,NSA,B1GQ,RO,2016-Q1,32229.8,
ESTAT:NAMQ_10_GDP(1.0),24/10/24 23:00:00,Q,CP_MEUR,NSA,B1GQ,RO,2016-Q2,39151.1,
ESTAT:NAMQ_10_GDP(1.0),24/10/24 23:00:00,Q,CP_MEUR,NSA,B1GQ,RO,2016-Q3,46170.5,
ESTAT:NAMQ_10_GDP(1.0),24/10/24 23:00:00,Q,CP_MEUR,NSA,B1GQ,RO,2016-Q4,49941.6,
ESTAT:NAMQ_10_GDP(1.0),24/10/24 23:00:00,Q,CP_MEUR,NSA,B1GQ,RO,2017-Q1,36117.1,
ESTAT:NAMQ_10_GDP(1.0),24/10/24 23:00:00,Q,CP_MEUR,NSA,B1GQ,RO,2017-Q2,42819.1,
ESTAT:NAMQ_10_GDP(1.0),24/10/24 23:00:00,Q,CP_MEUR,NSA,B1GQ,RO,2017-Q3,51775.2,
ESTAT:NAMQ_10_GDP(1.0),24/10/24 23:00:00,Q,CP_MEUR,NSA,B1GQ,RO,2017-Q4,55446.4,
ESTAT:NAMQ_10_GDP(1.0),24/10/24 23:00:00,Q,CP_MEUR,NSA,B1GQ,RO,2018-Q1,39185.4,
ESTAT:NAMQ_10_GDP(1.0),24/10/24 23:00:00,Q,CP_MEUR,NSA,B1GQ,RO,2018-Q2,47953.3,
ESTAT:NAMQ_10_GDP(1.0),24/10/24 23:00:00,Q,CP_MEUR,NSA,B1GQ,RO,2018-Q3,56823.2,
ESTAT:NAMQ_10_GDP(1.0),24/10/24 23:00:00,Q,CP_MEUR,NSA,B1GQ,RO,2018-Q4,62234.0,
ESTAT:NAMQ_10_GDP(1.0),24/10/24 23:00:00,Q,CP_MEUR,NSA,B1GQ,RO,2019-Q1,42834.9,
ESTAT:NAMQ_10_GDP(1.0),24/10/24 23:00:00,Q,CP_MEUR,NSA,B1GQ,RO,2019-Q2,52510.6,
ESTAT:NAMQ_10_GDP(1.0),24/10/24 23:00:00,Q,CP_MEUR,NSA,B1GQ,RO,2019-Q3,61516.6,
ESTAT:NAMQ_10_GDP(1.0),24/10/24 23:00:00,Q,CP_MEUR,NSA,B1GQ,RO,2019-Q4,67836.9,
ESTAT:NAMQ_10_GDP(1.0),24/10/24 23:00:00,Q,CP_MEUR,NSA,B1GQ,RO,2020-Q1,45555.8,
ESTAT:NAMQ_10_GDP(1.0),24/10/24 23:00:00,Q,CP_MEUR,NSA,B1GQ,RO,2020-Q2,47260.2,
ESTAT:NAMQ_10_GDP(1.0),24/10/24 23:00:00,Q,CP_MEUR,NSA,B1GQ,RO,2020-Q3,59845.7,
ESTAT:NAMQ_10_GDP(1.0),24/10/24 23:00:00,Q,CP_MEUR,NSA,B1GQ,RO,2020-Q4,68244.3,
ESTAT:NAMQ_10_GDP(1.0),24/10/24 23:00:00,Q,CP_MEUR,NSA,B1GQ,RO,2021-Q1,47185.5,
ESTAT:NAMQ_10_GDP(1.0),24/10/24 23:00:00,Q,CP_MEUR,NSA,B1GQ,RO,2021-Q2,55846.0,
ESTAT:NAMQ_10_GDP(1.0),24/10/24 23:00:00,Q,CP_MEUR,NSA,B1GQ,RO,2021-Q3,65928.7,
ESTAT:NAMQ_10_GDP(1.0),24/10/24 23:00:00,Q,CP_MEUR,NSA,B1GQ,RO,2021-Q4,73130.0,
ESTAT:NAMQ_10_GDP(1.0),24/10/24 23:00:00,Q,CP_MEUR,NSA,B1GQ,RO,2022-Q1,54454.3,
ESTAT:NAMQ_10_GDP(1.0),24/10/24 23:00:00,Q,CP_MEUR,NSA,B1GQ,RO,2022-Q2,66180.6,
ESTAT:NAMQ_10_GDP(1.0),24/10/24 23:00:00,Q,CP_MEUR,NSA,B1GQ,RO,2022-Q3,76851.6,
ESTAT:NAMQ_10_GDP(1.0),24/10/24 23:00:00,Q,CP_MEUR,NSA,B1GQ,RO,2022-Q4,84376.9,
ESTAT:NAMQ_10_GDP(1.0),24/10/24 23:00:00,Q,CP_MEUR,NSA,B1GQ,RO,2023-Q1,64521.6,p
ESTAT:NAMQ_10_GDP(1.0),24/10/24 23:00:00,Q,CP_MEUR,NSA,B1GQ,RO,2023-Q2,75471.5,p
ESTAT:NAMQ_10_GDP(1.0),24/10/24 23:00:00,Q,CP_MEUR,NSA,B1GQ,RO,2023-Q3,86843.0,p
ESTAT:NAMQ_10_GDP(1.0),24/10/24 23:00:00,Q,CP_MEUR,NSA,B1GQ,RO,2023-Q4,97353.1,p
ESTAT:NAMQ_10_GDP(1.0),24/10/24 23:00:00,Q,CP_MEUR,NSA,B1GQ,RO,2024-Q1,70386.4,p
ESTAT:NAMQ_10_GDP(1.0),24/10/24 23:00:00,Q,CP_MEUR,NSA,B1GQ,RO,2024-Q2,84568.9,p
ESTAT:NAMQ_10_GDP(1.0),24/10/24 23:00:00,Q,CP_MEUR,NSA,B1GQ,RS,1995-Q1,6137.9,
ESTAT:NAMQ_10_GDP(1.0),24/10/24 23:00:00,Q,CP_MEUR,NSA,B1GQ,RS,1995-Q2,7277.7,
ESTAT:NAMQ_10_GDP(1.0),24/10/24 23:00:00,Q,CP_MEUR,NSA,B1GQ,RS,1995-Q3,8130.9,
ESTAT:NAMQ_10_GDP(1.0),24/10/24 23:00:00,Q,CP_MEUR,NSA,B1GQ,RS,1995-Q4,5697.3,
ESTAT:NAMQ_10_GDP(1.0),24/10/24 23:00:00,Q,CP_MEUR,NSA,B1GQ,RS,1996-Q1,3606.1,
ESTAT:NAMQ_10_GDP(1.0),24/10/24 23:00:00,Q,CP_MEUR,NSA,B1GQ,RS,1996-Q2,4339.5,
ESTAT:NAMQ_10_GDP(1.0),24/10/24 23:00:00,Q,CP_MEUR,NSA,B1GQ,RS,1996-Q3,4980.3,
ESTAT:NAMQ_10_GDP(1.0),24/10/24 23:00:00,Q,CP_MEUR,NSA,B1GQ,RS,1996-Q4,5646.5,
ESTAT:NAMQ_10_GDP(1.0),24/10/24 23:00:00,Q,CP_MEUR,NSA,B1GQ,RS,1997-Q1,4951.0,
ESTAT:NAMQ_10_GDP(1.0),24/10/24 23:00:00,Q,CP_MEUR,NSA,B1GQ,RS,1997-Q2,5436.4,
ESTAT:NAMQ_10_GDP(1.0),24/10/24 23:00:00,Q,CP_MEUR,NSA,B1GQ,RS,1997-Q3,6182.8,
ESTAT:NAMQ_10_GDP(1.0),24/10/24 23:00:00,Q,CP_MEUR,NSA,B1GQ,RS,1997-Q4,6838.8,
ESTAT:NAMQ_10_GDP(1.0),24/10/24 23:00:00,Q,CP_MEUR,NSA,B1GQ,RS,1998-Q1,6372.2,
ESTAT:NAMQ_10_GDP(1.0),24/10/24 23:00:00,Q,CP_MEUR,NSA,B1GQ,RS,1998-Q2,3937.3,
ESTAT:NAMQ_10_GDP(1.0),24/10/24 23:00:00,Q,CP_MEUR,NSA,B1GQ,RS,1998-Q3,4237.9,
ESTAT:NAMQ_10_GDP(1.0),24/10/24 23:00:00,Q,CP_MEUR,NSA,B1GQ,RS,1998-Q4,4884.7,
ESTAT:NAMQ_10_GDP(1.0),24/10/24 23:00:00,Q,CP_MEUR,NSA,B1GQ,RS,1999-Q1,4355.2,
ESTAT:NAMQ_10_GDP(1.0),24/10/24 23:00:00,Q,CP_MEUR,NSA,B1GQ,RS,1999-Q2,3624.5,
ESTAT:NAMQ_10_GDP(1.0),24/10/24 23:00:00,Q,CP_MEUR,NSA,B1GQ,RS,1999-Q3,4894.2,
ESTAT:NAMQ_10_GDP(1.0),24/10/24 23:00:00,Q,CP_MEUR,NSA,B1GQ,RS,1999-Q4,6393.3,
ESTAT:NAMQ_10_GDP(1.0),24/10/24 23:00:00,Q,CP_MEUR,NSA,B1GQ,RS,2000-Q1,6487.7,
ESTAT:NAMQ_10_GDP(1.0),24/10/24 23:00:00,Q,CP_MEUR,NSA,B1GQ,RS,2000-Q2,7991.2,
ESTAT:NAMQ_10_GDP(1.0),24/10/24 23:00:00,Q,CP_MEUR,NSA,B1GQ,RS,2000-Q3,9784.3,
ESTAT:NAMQ_10_GDP(1.0),24/10/24 23:00:00,Q,CP_MEUR,NSA,B1GQ,RS,2000-Q4,5794.2,
ESTAT:NAMQ_10_GDP(1.0),24/10/24 23:00:00,Q,CP_MEUR,NSA,B1GQ,RS,2001-Q1,2926.0,
ESTAT:NAMQ_10_GDP(1.0),24/10/24 23:00:00,Q,CP_MEUR,NSA,B1GQ,RS,2001-Q2,3377.9,
ESTAT:NAMQ_10_GDP(1.0),24/10/24 23:00:00,Q,CP_MEUR,NSA,B1GQ,RS,2001-Q3,3846.3,
ESTAT:NAMQ_10_GDP(1.0),24/10/24 23:00:00,Q,CP_MEUR,NSA,B1GQ,RS,2001-Q4,4421.8,
ESTAT:NAMQ_10_GDP(1.0),24/10/24 23:00:00,Q,CP_MEUR,NSA,B1GQ,RS,2002-Q1,3865.0,
ESTAT:NAMQ_10_GDP(1.0),24/10/24 23:00:00,Q,CP_MEUR,NSA,B1GQ,RS,2002-Q2,4272.3,
ESTAT:NAMQ_10_GDP(1.0),24/10/24 23:00:00,Q,CP_MEUR,NSA,B1GQ,RS,2002-Q3,4744.2,
ESTAT:NAMQ_10_GDP(1.0),24/10/24 23:00:00,Q,CP_MEUR,NSA,B1GQ,RS,2002-Q4,5274.6,
ESTAT:NAMQ_10_GDP(1.0),24/10/24 23:00:00,Q,CP_MEUR,NSA,B1GQ,RS,2003-Q1,4472.5,
ESTAT:NAMQ_10_GDP(1.0),24/10/24 23:00:00,Q,CP_MEUR,NSA,B1GQ,RS,2003-Q2,4857.5,
ESTAT:NAMQ_10_GDP(1.0),24/10/24 23:00:00,Q,CP_MEUR,NSA,B1GQ,RS,2003-Q3,5075.9,
ESTAT:NAMQ_10_GDP(1.0),24/10/24 23:00:00,Q,CP_MEUR,NSA,B1GQ,RS,2003-Q4,5456.5,
ESTAT:NAMQ_10_GDP(1.0),24/10/24 23:00:00,Q,CP_MEUR,NSA,B1GQ,RS,2004-Q1,4614.9,
ESTAT:NAMQ_10_GDP(1.0),24/10/24 23:00:00,Q,CP_MEUR,NSA,B1GQ,RS,2004-Q2,5057.5,
ESTAT:NAMQ_10_GDP(1.0),24/10/24 23:00:00,Q,CP_MEUR,NSA,B1GQ,RS,2004-Q3,5356.4,
ESTAT:NAMQ_10_GDP(1.0),24/10/24 23:00:00,Q,CP_MEUR,NSA,B1GQ,RS,2004-Q4,5919.6,
ESTAT:NAMQ_10_GDP(1.0),24/10/24 23:00:00,Q,CP_MEUR,NSA,B1GQ,RS,2005-Q1,4803.3,
ESTAT:NAMQ_10_GDP(1.0),24/10/24 23:00:00,Q,CP_MEUR,NSA,B1GQ,RS,2005-Q2,5361.2,
ESTAT:NAMQ_10_GDP(1.0),24/10/24 23:00:00,Q,CP_MEUR,NSA,B1GQ,RS,2005-Q3,5742.8,
ESTAT:NAMQ_10_GDP(1.0),24/10/24 23:00:00,Q,CP_MEUR,NSA,B1GQ,RS,2005-Q4,6309.0,
ESTAT:NAMQ_10_GDP(1.0),24/10/24 23:00:00,Q,CP_MEUR,NSA,B1GQ,RS,2006-Q1,5347.1,
ESTAT:NAMQ_10_GDP(1.0),24/10/24 23:00:00,Q,CP_MEUR,NSA,B1GQ,RS,2006-Q2,6096.8,
ESTAT:NAMQ_10_GDP(1.0),24/10/24 23:00:00,Q,CP_MEUR,NSA,B1GQ,RS,2006-Q3,6764.4,
ESTAT:NAMQ_10_GDP(1.0),24/10/24 23:00:00,Q,CP_MEUR,NSA,B1GQ,RS,2006-Q4,7823.9,
ESTAT:NAMQ_10_GDP(1.0),24/10/24 23:00:00,Q,CP_MEUR,NSA,B1GQ,RS,2007-Q1,6836.8,
ESTAT:NAMQ_10_GDP(1.0),24/10/24 23:00:00,Q,CP_MEUR,NSA,B1GQ,RS,2007-Q2,7537.3,
ESTAT:NAMQ_10_GDP(1.0),24/10/24 23:00:00,Q,CP_MEUR,NSA,B1GQ,RS,2007-Q3,8063.5,
ESTAT:NAMQ_10_GDP(1.0),24/10/24 23:00:00,Q,CP_MEUR,NSA,B1GQ,RS,2007-Q4,9135.3,
ESTAT:NAMQ_10_GDP(1.0),24/10/24 23:00:00,Q,CP_MEUR,NSA,B1GQ,RS,2008-Q1,7814.8,
ESTAT:NAMQ_10_GDP(1.0),24/10/24 23:00:00,Q,CP_MEUR,NSA,B1GQ,RS,2008-Q2,8893.7,
ESTAT:NAMQ_10_GDP(1.0),24/10/24 23:00:00,Q,CP_MEUR,NSA,B1GQ,RS,2008-Q3,9661.9,
ESTAT:NAMQ_10_GDP(1.0),24/10/24 23:00:00,Q,CP_MEUR,NSA,B1GQ,RS,2008-Q4,9371.0,
ESTAT:NAMQ_10_GDP(1.0),24/10/24 23:00:00,Q,CP_MEUR,NSA,B1GQ,RS,2009-Q1,7319.6,
ESTAT:NAMQ_10_GDP(1.0),24/10/24 23:00:00,Q,CP_MEUR,NSA,B1GQ,RS,2009-Q2,8020.5,
ESTAT:NAMQ_10_GDP(1.0),24/10/24 23:00:00,Q,CP_MEUR,NSA,B1GQ,RS,2009-Q3,8406.3,
ESTAT:NAMQ_10_GDP(1.0),24/10/24 23:00:00,Q,CP_MEUR,NSA,B1GQ,RS,2009-Q4,8737.6,
ESTAT:NAMQ_10_GDP(1.0),24/10/24 23:00:00,Q,CP_MEUR,NSA,B1GQ,RS,2010-Q1,7168.6,
ESTAT:NAMQ_10_GDP(1.0),24/10/24 23:00:00,Q,CP_MEUR,NSA,B1GQ,RS,2010-Q2,7794.6,
ESTAT:NAMQ_10_GDP(1.0),24/10/24 23:00:00,Q,CP_MEUR,NSA,B1GQ,RS,2010-Q3,8071.9,
ESTAT:NAMQ_10_GDP(1.0),24/10/24 23:00:00,Q,CP_MEUR,NSA,B1GQ,RS,2010-Q4,8487.7,
ESTAT:NAMQ_10_GDP(1.0),24/10/24 23:00:00,Q,CP_MEUR,NSA,B1GQ,RS,2011-Q1,7824.8,
ESTAT:NAMQ_10_GDP(1.0),24/10/24 23:00:00,Q,CP_MEUR,NSA,B1GQ,RS,2011-Q2,8980.1,
ESTAT:NAMQ_10_GDP(1.0),24/10/24 23:00:00,Q,CP_MEUR,NSA,B1GQ,RS,2011-Q3,9097.6,
ESTAT:NAMQ_10_GDP(1.0),24/10/24 23:00:00,Q,CP_MEUR,NSA,B1GQ,RS,2011-Q4,9551.9,
ESTAT:NAMQ_10_GDP(1.0),24/10/24 23:00:00,Q,CP_MEUR,NSA,B1GQ,RS,2012-Q1,7718.4,
ESTAT:NAMQ_10_GDP(1.0),24/10/24 23:00:00,Q,CP_MEUR,NSA,B1GQ,RS,2012-Q2,8315.2,
ESTAT:NAMQ_10_GDP(1.0),24/10/24 23:00:00,Q,CP_MEUR,NSA,B1GQ,RS,2012-Q3,8432.3,
ESTAT:NAMQ_10_GDP(1.0),24/10/24 23:00:00,Q,CP_MEUR,NSA,B1GQ,RS,2012-Q4,9200.4,
ESTAT:NAMQ_10_GDP(1.0),24/10/24 23:00:00,Q,CP_MEUR,NSA,B1GQ,RS,2013-Q1,8359.0,
ESTAT:NAMQ_10_GDP(1.0),24/10/24 23:00:00,Q,CP_MEUR,NSA,B1GQ,RS,2013-Q2,9080.9,
ESTAT:NAMQ_10_GDP(1.0),24/10/24 23:00:00,Q,CP_MEUR,NSA,B1GQ,RS,2013-Q3,9316.7,
ESTAT:NAMQ_10_GDP(1.0),24/10/24 23:00:00,Q,CP_MEUR,NSA,B1GQ,RS,2013-Q4,9667.5,
ESTAT:NAMQ_10_GDP(1.0),24/10/24 23:00:00,Q,CP_MEUR,NSA,B1GQ,RS,2014-Q1,8290.9,
ESTAT:NAMQ_10_GDP(1.0),24/10/24 23:00:00,Q,CP_MEUR,NSA,B1GQ,RS,2014-Q2,8926.6,
ESTAT:NAMQ_10_GDP(1.0),24/10/24 23:00:00,Q,CP_MEUR,NSA,B1GQ,RS,2014-Q3,8966.4,
ESTAT:NAMQ_10_GDP(1.0),24/10/24 23:00:00,Q,CP_MEUR,NSA,B1GQ,RS,2014-Q4,9283.3,
ESTAT:NAMQ_10_GDP(1.0),24/10/24 23:00:00,Q,CP_MEUR,NSA,B1GQ,RS,2015-Q1,8039.3,
ESTAT:NAMQ_10_GDP(1.0),24/10/24 23:00:00,Q,CP_MEUR,NSA,B1GQ,RS,2015-Q2,8932.4,
ESTAT:NAMQ_10_GDP(1.0),24/10/24 23:00:00,Q,CP_MEUR,NSA,B1GQ,RS,2015-Q3,9145.8,
ESTAT:NAMQ_10_GDP(1.0),24/10/24 23:00:00,Q,CP_MEUR,NSA,B1GQ,RS,2015-Q4,9623.8,
ESTAT:NAMQ_10_GDP(1.0),24/10/24 23:00:00,Q,CP_MEUR,NSA,B1GQ,RS,2016-Q1,8360.4,
ESTAT:NAMQ_10_GDP(1.0),24/10/24 23:00:00,Q,CP_MEUR,NSA,B1GQ,RS,2016-Q2,9124.8,
ESTAT:NAMQ_10_GDP(1.0),24/10/24 23:00:00,Q,CP_MEUR,NSA,B1GQ,RS,2016-Q3,9403.5,
ESTAT:NAMQ_10_GDP(1.0),24/10/24 23:00:00,Q,CP_MEUR,NSA,B1GQ,RS,2016-Q4,9889.3,
ESTAT:NAMQ_10_GDP(1.0),24/10/24 23:00:00,Q,CP_MEUR,NSA,B1GQ,RS,2017-Q1,8709.9,
ESTAT:NAMQ_10_GDP(1.0),24/10/24 23:00:00,Q,CP_MEUR,NSA,B1GQ,RS,2017-Q2,9605.4,
ESTAT:NAMQ_10_GDP(1.0),24/10/24 23:00:00,Q,CP_MEUR,NSA,B1GQ,RS,2017-Q3,10189.0,
ESTAT:NAMQ_10_GDP(1.0),24/10/24 23:00:00,Q,CP_MEUR,NSA,B1GQ,RS,2017-Q4,10758.8,
ESTAT:NAMQ_10_GDP(1.0),24/10/24 23:00:00,Q,CP_MEUR,NSA,B1GQ,RS,2018-Q1,9736.3,
ESTAT:NAMQ_10_GDP(1.0),24/10/24 23:00:00,Q,CP_MEUR,NSA,B1GQ,RS,2018-Q2,10687.4,
ESTAT:NAMQ_10_GDP(1.0),24/10/24 23:00:00,Q,CP_MEUR,NSA,B1GQ,RS,2018-Q3,11056.8,
ESTAT:NAMQ_10_GDP(1.0),24/10/24 23:00:00,Q,CP_MEUR,NSA,B1GQ,RS,2018-Q4,11412.5,
ESTAT:NAMQ_10_GDP(1.0),24/10/24 23:00:00,Q,CP_MEUR,NSA,B1GQ,RS,2019-Q1,10220.5,
ESTAT:NAMQ_10_GDP(1.0),24/10/24 23:00:00,Q,CP_MEUR,NSA,B1GQ,RS,2019-Q2,11338.1,
ESTAT:NAMQ_10_GDP(1.0),24/10/24 23:00:00,Q,CP_MEUR,NSA,B1GQ,RS,2019-Q3,11920.9,
ESTAT:NAMQ_10_GDP(1.0),24/10/24 23:00:00,Q,CP_MEUR,NSA,B1GQ,RS,2019-Q4,12529.8,
ESTAT:NAMQ_10_GDP(1.0),24/10/24 23:00:00,Q,CP_MEUR,NSA,B1GQ,RS,2020-Q1,11155.4,
ESTAT:NAMQ_10_GDP(1.0),24/10/24 23:00:00,Q,CP_MEUR,NSA,B1GQ,RS,2020-Q2,10904.1,
ESTAT:NAMQ_10_GDP(1.0),24/10/24 23:00:00,Q,CP_MEUR,NSA,B1GQ,RS,2020-Q3,12029.1,
ESTAT:NAMQ_10_GDP(1.0),24/10/24 23:00:00,Q,CP_MEUR,NSA,B1GQ,RS,2020-Q4,12726.7,
ESTAT:NAMQ_10_GDP(1.0),24/10/24 23:00:00,Q,CP_MEUR,NSA,B1GQ,RS,2021-Q1,11595.9,
ESTAT:NAMQ_10_GDP(1.0),24/10/24 23:00:00,Q,CP_MEUR,NSA,B1GQ,RS,2021-Q2,13040.4,
ESTAT:NAMQ_10_GDP(1.0),24/10/24 23:00:00,Q,CP_MEUR,NSA,B1GQ,RS,2021-Q3,13839.5,
ESTAT:NAMQ_10_GDP(1.0),24/10/24 23:00:00,Q,CP_MEUR,NSA,B1GQ,RS,2021-Q4,14869.5,
ESTAT:NAMQ_10_GDP(1.0),24/10/24 23:00:00,Q,CP_MEUR,NSA,B1GQ,RS,2022-Q1,12952.4,
ESTAT:NAMQ_10_GDP(1.0),24/10/24 23:00:00,Q,CP_MEUR,NSA,B1GQ,RS,2022-Q2,14977.1,
ESTAT:NAMQ_10_GDP(1.0),24/10/24 23:00:00,Q,CP_MEUR,NSA,B1GQ,RS,2022-Q3,15648.9,
ESTAT:NAMQ_10_GDP(1.0),24/10/24 23:00:00,Q,CP_MEUR,NSA,B1GQ,RS,2022-Q4,16851.5,
ESTAT:NAMQ_10_GDP(1.0),24/10/24 23:00:00,Q,CP_MEUR,NSA,B1GQ,RS,2023-Q1,15239.3,p
ESTAT:NAMQ_10_GDP(1.0),24/10/24 23:00:00,Q,CP_MEUR,NSA,B1GQ,RS,2023-Q2,17260.5,p
ESTAT:NAMQ_10_GDP(1.0),24/10/24 23:00:00,Q,CP_MEUR,NSA,B1GQ,RS,2023-Q3,17879.3,p
ESTAT:NAMQ_10_GDP(1.0),24/10/24 23:00:00,Q,CP_MEUR,NSA,B1GQ,RS,2023-Q4,19135.5,p
ESTAT:NAMQ_10_GDP(1.0),24/10/24 23:00:00,Q,CP_MEUR,NSA,B1GQ,RS,2024-Q1,16798.9,p
ESTAT:NAMQ_10_GDP(1.0),24/10/24 23:00:00,Q,CP_MEUR,NSA,B1GQ,RS,2024-Q2,18929.3,p
ESTAT:NAMQ_10_GDP(1.0),24/10/24 23:00:00,Q,CP_MEUR,NSA,B1GQ,SE,1993-Q1,44418.5,
ESTAT:NAMQ_10_GDP(1.0),24/10/24 23:00:00,Q,CP_MEUR,NSA,B1GQ,SE,1993-Q2,46383.8,
ESTAT:NAMQ_10_GDP(1.0),24/10/24 23:00:00,Q,CP_MEUR,NSA,B1GQ,SE,1993-Q3,42988.4,
ESTAT:NAMQ_10_GDP(1.0),24/10/24 23:00:00,Q,CP_MEUR,NSA,B1GQ,SE,1993-Q4,47735.3,
ESTAT:NAMQ_10_GDP(1.0),24/10/24 23:00:00,Q,CP_MEUR,NSA,B1GQ,SE,1994-Q1,46877.4,
ESTAT:NAMQ_10_GDP(1.0),24/10/24 23:00:00,Q,CP_MEUR,NSA,B1GQ,SE,1994-Q2,48648.2,
ESTAT:NAMQ_10_GDP(1.0),24/10/24 23:00:00,Q,CP_MEUR,NSA,B1GQ,SE,1994-Q3,44485.5,
ESTAT:NAMQ_10_GDP(1.0),24/10/24 23:00:00,Q,CP_MEUR,NSA,B1GQ,SE,1994-Q4,52728.9,
ESTAT:NAMQ_10_GDP(1.0),24/10/24 23:00:00,Q,CP_MEUR,NSA,B1GQ,SE,1995-Q1,49061.2,
ESTAT:NAMQ_10_GDP(1.0),24/10/24 23:00:00,Q,CP_MEUR,NSA,B1GQ,SE,1995-Q2,49347.7,
ESTAT:NAMQ_10_GDP(1.0),24/10/24 23:00:00,Q,CP_MEUR,NSA,B1GQ,SE,1995-Q3,47946.2,
ESTAT:NAMQ_10_GDP(1.0),24/10/24 23:00:00,Q,CP_MEUR,NSA,B1GQ,SE,1995-Q4,58220.1,
ESTAT:NAMQ_10_GDP(1.0),24/10/24 23:00:00,Q,CP_MEUR,NSA,B1GQ,SE,1996-Q1,55464.8,
ESTAT:NAMQ_10_GDP(1.0),24/10/24 23:00:00,Q,CP_MEUR,NSA,B1GQ,SE,1996-Q2,57752.4,
ESTAT:NAMQ_10_GDP(1.0),24/10/24 23:00:00,Q,CP_MEUR,NSA,B1GQ,SE,1996-Q3,55377.5,
ESTAT:NAMQ_10_GDP(1.0),24/10/24 23:00:00,Q,CP_MEUR,NSA,B1GQ,SE,1996-Q4,61440.4,
ESTAT:NAMQ_10_GDP(1.0),24/10/24 23:00:00,Q,CP_MEUR,NSA,B1GQ,SE,1997-Q1,55717.5,
ESTAT:NAMQ_10_GDP(1.0),24/10/24 23:00:00,Q,CP_MEUR,NSA,B1GQ,SE,1997-Q2,58951.8,
ESTAT:NAMQ_10_GDP(1.0),24/10/24 23:00:00,Q,CP_MEUR,NSA,B1GQ,SE,1997-Q3,57111.3,
ESTAT:NAMQ_10_GDP(1.0),24/10/24 23:00:00,Q,CP_MEUR,NSA,B1GQ,SE,1997-Q4,64944.7,
ESTAT:NAMQ_10_GDP(1.0),24/10/24 23:00:00,Q,CP_MEUR,NSA,B1GQ,SE,1998-Q1,58978.3,
ESTAT:NAMQ_10_GDP(1.0),24/10/24 23:00:00,Q,CP_MEUR,NSA,B1GQ,SE,1998-Q2,63017.8,
ESTAT:NAMQ_10_GDP(1.0),24/10/24 23:00:00,Q,CP_MEUR,NSA,B1GQ,SE,1998-Q3,57344.1,
ESTAT:NAMQ_10_GDP(1.0),24/10/24 23:00:00,Q,CP_MEUR,NSA,B1GQ,SE,1998-Q4,62380.1,
ESTAT:NAMQ_10_GDP(1.0),24/10/24 23:00:00,Q,CP_MEUR,NSA,B1GQ,SE,1999-Q1,59923.8,
ESTAT:NAMQ_10_GDP(1.0),24/10/24 23:00:00,Q,CP_MEUR,NSA,B1GQ,SE,1999-Q2,63898.1,
ESTAT:NAMQ_10_GDP(1.0),24/10/24 23:00:00,Q,CP_MEUR,NSA,B1GQ,SE,1999-Q3,62133.6,
ESTAT:NAMQ_10_GDP(1.0),24/10/24 23:00:00,Q,CP_MEUR,NSA,B1GQ,SE,1999-Q4,71533.1,
ESTAT:NAMQ_10_GDP(1.0),24/10/24 23:00:00,Q,CP_MEUR,NSA,B1GQ,SE,2000-Q1,66857.0,
ESTAT:NAMQ_10_GDP(1.0),24/10/24 23:00:00,Q,CP_MEUR,NSA,B1GQ,SE,2000-Q2,73832.5,
ESTAT:NAMQ_10_GDP(1.0),24/10/24 23:00:00,Q,CP_MEUR,NSA,B1GQ,SE,2000-Q3,69079.6,
ESTAT:NAMQ_10_GDP(1.0),24/10/24 23:00:00,Q,CP_MEUR,NSA,B1GQ,SE,2000-Q4,75470.9,
ESTAT:NAMQ_10_GDP(1.0),24/10/24 23:00:00,Q,CP_MEUR,NSA,B1GQ,SE,2001-Q1,67018.4,
ESTAT:NAMQ_10_GDP(1.0),24/10/24 23:00:00,Q,CP_MEUR,NSA,B1GQ,SE,2001-Q2,69737.3,
ESTAT:NAMQ_10_GDP(1.0),24/10/24 23:00:00,Q,CP_MEUR,NSA,B1GQ,SE,2001-Q3,63330.6,
ESTAT:NAMQ_10_GDP(1.0),24/10/24 23:00:00,Q,CP_MEUR,NSA,B1GQ,SE,2001-Q4,70585.1,
ESTAT:NAMQ_10_GDP(1.0),24/10/24 23:00:00,Q,CP_MEUR,NSA,B1GQ,SE,2002-Q1,67799.4,
ESTAT:NAMQ_10_GDP(1.0),24/10/24 23:00:00,Q,CP_MEUR,NSA,B1GQ,SE,2002-Q2,72671.9,
ESTAT:NAMQ_10_GDP(1.0),24/10/24 23:00:00,Q,CP_MEUR,NSA,B1GQ,SE,2002-Q3,67687.1,
ESTAT:NAMQ_10_GDP(1.0),24/10/24 23:00:00,Q,CP_MEUR,NSA,B1GQ,SE,2002-Q4,76106.3,
ESTAT:NAMQ_10_GDP(1.0),24/10/24 23:00:00,Q,CP_MEUR,NSA,B1GQ,SE,2003-Q1,70831.3,
ESTAT:NAMQ_10_GDP(1.0),24/10/24 23:00:00,Q,CP_MEUR,NSA,B1GQ,SE,2003-Q2,74759.6,
ESTAT:NAMQ_10_GDP(1.0),24/10/24 23:00:00,Q,CP_MEUR,NSA,B1GQ,SE,2003-Q3,71052.5,
ESTAT:NAMQ_10_GDP(1.0),24/10/24 23:00:00,Q,CP_MEUR,NSA,B1GQ,SE,2003-Q4,79527.3,
ESTAT:NAMQ_10_GDP(1.0),24/10/24 23:00:00,Q,CP_MEUR,NSA,B1GQ,SE,2004-Q1,73285.9,
ESTAT:NAMQ_10_GDP(1.0),24/10/24 23:00:00,Q,CP_MEUR,NSA,B1GQ,SE,2004-Q2,78659.2,
ESTAT:NAMQ_10_GDP(1.0),24/10/24 23:00:00,Q,CP_MEUR,NSA,B1GQ,SE,2004-Q3,74565.0,
ESTAT:NAMQ_10_GDP(1.0),24/10/24 23:00:00,Q,CP_MEUR,NSA,B1GQ,SE,2004-Q4,83293.4,
ESTAT:NAMQ_10_GDP(1.0),24/10/24 23:00:00,Q,CP_MEUR,NSA,B1GQ,SE,2005-Q1,75453.1,
ESTAT:NAMQ_10_GDP(1.0),24/10/24 23:00:00,Q,CP_MEUR,NSA,B1GQ,SE,2005-Q2,81204.8,
ESTAT:NAMQ_10_GDP(1.0),24/10/24 23:00:00,Q,CP_MEUR,NSA,B1GQ,SE,2005-Q3,75754.3,
ESTAT:NAMQ_10_GDP(1.0),24/10/24 23:00:00,Q,CP_MEUR,NSA,B1GQ,SE,2005-Q4,82892.8,
ESTAT:NAMQ_10_GDP(1.0),24/10/24 23:00:00,Q,CP_MEUR,NSA,B1GQ,SE,2006-Q1,78556.1,
ESTAT:NAMQ_10_GDP(1.0),24/10/24 23:00:00,Q,CP_MEUR,NSA,B1GQ,SE,2006-Q2,85179.3,
ESTAT:NAMQ_10_GDP(1.0),24/10/24 23:00:00,Q,CP_MEUR,NSA,B1GQ,SE,2006-Q3,81439.0,
ESTAT:NAMQ_10_GDP(1.0),24/10/24 23:00:00,Q,CP_MEUR,NSA,B1GQ,SE,2006-Q4,91857.0,
ESTAT:NAMQ_10_GDP(1.0),24/10/24 23:00:00,Q,CP_MEUR,NSA,B1GQ,SE,2007-Q1,85269.7,
ESTAT:NAMQ_10_GDP(1.0),24/10/24 23:00:00,Q,CP_MEUR,NSA,B1GQ,SE,2007-Q2,91306.0,
ESTAT:NAMQ_10_GDP(1.0),24/10/24 23:00:00,Q,CP_MEUR,NSA,B1GQ,SE,2007-Q3,85723.8,
ESTAT:NAMQ_10_GDP(1.0),24/10/24 23:00:00,Q,CP_MEUR,NSA,B1GQ,SE,2007-Q4,95715.8,
ESTAT:NAMQ_10_GDP(1.0),24/10/24 23:00:00,Q,CP_MEUR,NSA,B1GQ,SE,2008-Q1,86606.1,
ESTAT:NAMQ_10_GDP(1.0),24/10/24 23:00:00,Q,CP_MEUR,NSA,B1GQ,SE,2008-Q2,94180.0,
ESTAT:NAMQ_10_GDP(1.0),24/10/24 23:00:00,Q,CP_MEUR,NSA,B1GQ,SE,2008-Q3,86592.4,
ESTAT:NAMQ_10_GDP(1.0),24/10/24 23:00:00,Q,CP_MEUR,NSA,B1GQ,SE,2008-Q4,85672.0,
ESTAT:NAMQ_10_GDP(1.0),24/10/24 23:00:00,Q,CP_MEUR,NSA,B1GQ,SE,2009-Q1,72367.2,
ESTAT:NAMQ_10_GDP(1.0),24/10/24 23:00:00,Q,CP_MEUR,NSA,B1GQ,SE,2009-Q2,78866.6,
ESTAT:NAMQ_10_GDP(1.0),24/10/24 23:00:00,Q,CP_MEUR,NSA,B1GQ,SE,2009-Q3,76894.7,
ESTAT:NAMQ_10_GDP(1.0),24/10/24 23:00:00,Q,CP_MEUR,NSA,B1GQ,SE,2009-Q4,85074.2,
ESTAT:NAMQ_10_GDP(1.0),24/10/24 23:00:00,Q,CP_MEUR,NSA,B1GQ,SE,2010-Q1,82359.3,
ESTAT:NAMQ_10_GDP(1.0),24/10/24 23:00:00,Q,CP_MEUR,NSA,B1GQ,SE,2010-Q2,94002.0,
ESTAT:NAMQ_10_GDP(1.0),24/10/24 23:00:00,Q,CP_MEUR,NSA,B1GQ,SE,2010-Q3,92142.6,
ESTAT:NAMQ_10_GDP(1.0),24/10/24 23:00:00,Q,CP_MEUR,NSA,B1GQ,SE,2010-Q4,104478.8,
ESTAT:NAMQ_10_GDP(1.0),24/10/24 23:00:00,Q,CP_MEUR,NSA,B1GQ,SE,2011-Q1,99443.5,
ESTAT:NAMQ_10_GDP(1.0),24/10/24 23:00:00,Q,CP_MEUR,NSA,B1GQ,SE,2011-Q2,105540.0,
ESTAT:NAMQ_10_GDP(1.0),24/10/24 23:00:00,Q,CP_MEUR,NSA,B1GQ,SE,2011-Q3,98733.2,
ESTAT:NAMQ_10_GDP(1.0),24/10/24 23:00:00,Q,CP_MEUR,NSA,B1GQ,SE,2011-Q4,106583.2,
ESTAT:NAMQ_10_GDP(1.0),24/10/24 23:00:00,Q,CP_MEUR,NSA,B1GQ,SE,2012-Q1,100384.1,
ESTAT:NAMQ_10_GDP(1.0),24/10/24 23:00:00,Q,CP_MEUR,NSA,B1GQ,SE,2012-Q2,107188.4,
ESTAT:NAMQ_10_GDP(1.0),24/10/24 23:00:00,Q,CP_MEUR,NSA,B1GQ,SE,2012-Q3,106771.3,
ESTAT:NAMQ_10_GDP(1.0),24/10/24 23:00:00,Q,CP_MEUR,NSA,B1GQ,SE,2012-Q4,113621.8,
ESTAT:NAMQ_10_GDP(1.0),24/10/24 23:00:00,Q,CP_MEUR,NSA,B1GQ,SE,2013-Q1,105394.8,
ESTAT:NAMQ_10_GDP(1.0),24/10/24 23:00:00,Q,CP_MEUR,NSA,B1GQ,SE,2013-Q2,113228.5,
ESTAT:NAMQ_10_GDP(1.0),24/10/24 23:00:00,Q,CP_MEUR,NSA,B1GQ,SE,2013-Q3,106249.1,
ESTAT:NAMQ_10_GDP(1.0),24/10/24 23:00:00,Q,CP_MEUR,NSA,B1GQ,SE,2013-Q4,114870.0,
ESTAT:NAMQ_10_GDP(1.0),24/10/24 23:00:00,Q,CP_MEUR,NSA,B1GQ,SE,2014-Q1,104685.0,
ESTAT:NAMQ_10_GDP(1.0),24/10/24 23:00:00,Q,CP_MEUR,NSA,B1GQ,SE,2014-Q2,111892.2,
ESTAT:NAMQ_10_GDP(1.0),24/10/24 23:00:00,Q,CP_MEUR,NSA,B1GQ,SE,2014-Q3,104649.2,
ESTAT:NAMQ_10_GDP(1.0),24/10/24 23:00:00,Q,CP_MEUR,NSA,B1GQ,SE,2014-Q4,114364.6,
ESTAT:NAMQ_10_GDP(1.0),24/10/24 23:00:00,Q,CP_MEUR,NSA,B1GQ,SE,2015-Q1,104878.4,
ESTAT:NAMQ_10_GDP(1.0),24/10/24 23:00:00,Q,CP_MEUR,NSA,B1GQ,SE,2015-Q2,117266.7,
ESTAT:NAMQ_10_GDP(1.0),24/10/24 23:00:00,Q,CP_MEUR,NSA,B1GQ,SE,2015-Q3,108419.5,
ESTAT:NAMQ_10_GDP(1.0),24/10/24 23:00:00,Q,CP_MEUR,NSA,B1GQ,SE,2015-Q4,122029.6,
ESTAT:NAMQ_10_GDP(1.0),24/10/24 23:00:00,Q,CP_MEUR,NSA,B1GQ,SE,2016-Q1,110044.8,
ESTAT:NAMQ_10_GDP(1.0),24/10/24 23:00:00,Q,CP_MEUR,NSA,B1GQ,SE,2016-Q2,121991.8,
ESTAT:NAMQ_10_GDP(1.0),24/10/24 23:00:00,Q,CP_MEUR,NSA,B1GQ,SE,2016-Q3,111542.9,
ESTAT:NAMQ_10_GDP(1.0),24/10/24 23:00:00,Q,CP_MEUR,NSA,B1GQ,SE,2016-Q4,121310.3,
ESTAT:NAMQ_10_GDP(1.0),24/10/24 23:00:00,Q,CP_MEUR,NSA,B1GQ,SE,2017-Q1,114487.6,
ESTAT:NAMQ_10_GDP(1.0),24/10/24 23:00:00,Q,CP_MEUR,NSA,B1GQ,SE,2017-Q2,120767.7,
ESTAT:NAMQ_10_GDP(1.0),24/10/24 23:00:00,Q,CP_MEUR,NSA,B1GQ,SE,2017-Q3,114922.3,
ESTAT:NAMQ_10_GDP(1.0),24/10/24 23:00:00,Q,CP_MEUR,NSA,B1GQ,SE,2017-Q4,125172.0,
ESTAT:NAMQ_10_GDP(1.0),24/10/24 23:00:00,Q,CP_MEUR,NSA,B1GQ,SE,2018-Q1,113322.9,
ESTAT:NAMQ_10_GDP(1.0),24/10/24 23:00:00,Q,CP_MEUR,NSA,B1GQ,SE,2018-Q2,119050.8,
ESTAT:NAMQ_10_GDP(1.0),24/10/24 23:00:00,Q,CP_MEUR,NSA,B1GQ,SE,2018-Q3,110494.5,
ESTAT:NAMQ_10_GDP(1.0),24/10/24 23:00:00,Q,CP_MEUR,NSA,B1GQ,SE,2018-Q4,124292.6,
ESTAT:NAMQ_10_GDP(1.0),24/10/24 23:00:00,Q,CP_MEUR,NSA,B1GQ,SE,2019-Q1,114020.7,
ESTAT:NAMQ_10_GDP(1.0),24/10/24 23:00:00,Q,CP_MEUR,NSA,B1GQ,SE,2019-Q2,121328.9,
ESTAT:NAMQ_10_GDP(1.0),24/10/24 23:00:00,Q,CP_MEUR,NSA,B1GQ,SE,2019-Q3,113754.3,
ESTAT:NAMQ_10_GDP(1.0),24/10/24 23:00:00,Q,CP_MEUR,NSA,B1GQ,SE,2019-Q4,126189.5,
ESTAT:NAMQ_10_GDP(1.0),24/10/24 23:00:00,Q,CP_MEUR,NSA,B1GQ,SE,2020-Q1,116566.2,
ESTAT:NAMQ_10_GDP(1.0),24/10/24 23:00:00,Q,CP_MEUR,NSA,B1GQ,SE,2020-Q2,114971.8,
ESTAT:NAMQ_10_GDP(1.0),24/10/24 23:00:00,Q,CP_MEUR,NSA,B1GQ,SE,2020-Q3,115781.6,
ESTAT:NAMQ_10_GDP(1.0),24/10/24 23:00:00,Q,CP_MEUR,NSA,B1GQ,SE,2020-Q4,131756.0,
ESTAT:NAMQ_10_GDP(1.0),24/10/24 23:00:00,Q,CP_MEUR,NSA,B1GQ,SE,2021-Q1,124763.0,
ESTAT:NAMQ_10_GDP(1.0),24/10/24 23:00:00,Q,CP_MEUR,NSA,B1GQ,SE,2021-Q2,136189.7,
ESTAT:NAMQ_10_GDP(1.0),24/10/24 23:00:00,Q,CP_MEUR,NSA,B1GQ,SE,2021-Q3,128790.5,
ESTAT:NAMQ_10_GDP(1.0),24/10/24 23:00:00,Q,CP_MEUR,NSA,B1GQ,SE,2021-Q4,148904.2,
ESTAT:NAMQ_10_GDP(1.0),24/10/24 23:00:00,Q,CP_MEUR,NSA,B1GQ,SE,2022-Q1,129909.9,
ESTAT:NAMQ_10_GDP(1.0),24/10/24 23:00:00,Q,CP_MEUR,NSA,B1GQ,SE,2022-Q2,142491.1,
ESTAT:NAMQ_10_GDP(1.0),24/10/24 23:00:00,Q,CP_MEUR,NSA,B1GQ,SE,2022-Q3,133966.2,
ESTAT:NAMQ_10_GDP(1.0),24/10/24 23:00:00,Q,CP_MEUR,NSA,B1GQ,SE,2022-Q4,145180.8,
ESTAT:NAMQ_10_GDP(1.0),24/10/24 23:00:00,Q,CP_MEUR,NSA,B1GQ,SE,2023-Q1,132786.4,
ESTAT:NAMQ_10_GDP(1.0),24/10/24 23:00:00,Q,CP_MEUR,NSA,B1GQ,SE,2023-Q2,137077.5,
ESTAT:NAMQ_10_GDP(1.0),24/10/24 23:00:00,Q,CP_MEUR,NSA,B1GQ,SE,2023-Q3,127298.9,
ESTAT:NAMQ_10_GDP(1.0),24/10/24 23:00:00,Q,CP_MEUR,NSA,B1GQ,SE,2023-Q4,143679.2,
ESTAT:NAMQ_10_GDP(1.0),24/10/24 23:00:00,Q,CP_MEUR,NSA,B1GQ,SE,2024-Q1,137035.3,
ESTAT:NAMQ_10_GDP(1.0),24/10/24 23:00:00,Q,CP_MEUR,NSA,B1GQ,SE,2024-Q2,142620.4,
ESTAT:NAMQ_10_GDP(1.0),24/10/24 23:00:00,Q,CP_MEUR,NSA,B1GQ,SI,1995-Q1,3698.7,
ESTAT:NAMQ_10_GDP(1.0),24/10/24 23:00:00,Q,CP_MEUR,NSA,B1GQ,SI,1995-Q2,4215.6,
ESTAT:NAMQ_10_GDP(1.0),24/10/24 23:00:00,Q,CP_MEUR,NSA,B1GQ,SI,1995-Q3,4192.8,
ESTAT:NAMQ_10_GDP(1.0),24/10/24 23:00:00,Q,CP_MEUR,NSA,B1GQ,SI,1995-Q4,4243.8,
ESTAT:NAMQ_10_GDP(1.0),24/10/24 23:00:00,Q,CP_MEUR,NSA,B1GQ,SI,1996-Q1,3796.9,
ESTAT:NAMQ_10_GDP(1.0),24/10/24 23:00:00,Q,CP_MEUR,NSA,B1GQ,SI,1996-Q2,4288.5,
ESTAT:NAMQ_10_GDP(1.0),24/10/24 23:00:00,Q,CP_MEUR,NSA,B1GQ,SI,1996-Q3,4344.9,
ESTAT:NAMQ_10_GDP(1.0),24/10/24 23:00:00,Q,CP_MEUR,NSA,B1GQ,SI,1996-Q4,4476.0,
ESTAT:NAMQ_10_GDP(1.0),24/10/24 23:00:00,Q,CP_MEUR,NSA,B1GQ,SI,1997-Q1,4120.3,
ESTAT:NAMQ_10_GDP(1.0),24/10/24 23:00:00,Q,CP_MEUR,NSA,B1GQ,SI,1997-Q2,4778.4,
ESTAT:NAMQ_10_GDP(1.0),24/10/24 23:00:00,Q,CP_MEUR,NSA,B1GQ,SI,1997-Q3,4595.2,
ESTAT:NAMQ_10_GDP(1.0),24/10/24 23:00:00,Q,CP_MEUR,NSA,B1GQ,SI,1997-Q4,4789.5,
ESTAT:NAMQ_10_GDP(1.0),24/10/24 23:00:00,Q,CP_MEUR,NSA,B1GQ,SI,1998-Q1,4456.9,
ESTAT:NAMQ_10_GDP(1.0),24/10/24 23:00:00,Q,CP_MEUR,NSA,B1GQ,SI,1998-Q2,5025.3,
ESTAT:NAMQ_10_GDP(1.0),24/10/24 23:00:00,Q,CP_MEUR,NSA,B1GQ,SI,1998-Q3,4969.3,
ESTAT:NAMQ_10_GDP(1.0),24/10/24 23:00:00,Q,CP_MEUR,NSA,B1GQ,SI,1998-Q4,5257.5,
ESTAT:NAMQ_10_GDP(1.0),24/10/24 23:00:00,Q,CP_MEUR,NSA,B1GQ,SI,1999-Q1,4902.1,
ESTAT:NAMQ_10_GDP(1.0),24/10/24 23:00:00,Q,CP_MEUR,NSA,B1GQ,SI,1999-Q2,5446.5,
ESTAT:NAMQ_10_GDP(1.0),24/10/24 23:00:00,Q,CP_MEUR,NSA,B1GQ,SI,1999-Q3,5227.1,
ESTAT:NAMQ_10_GDP(1.0),24/10/24 23:00:00,Q,CP_MEUR,NSA,B1GQ,SI,1999-Q4,5550.0,
ESTAT:NAMQ_10_GDP(1.0),24/10/24 23:00:00,Q,CP_MEUR,NSA,B1GQ,SI,2000-Q1,5114.9,
ESTAT:NAMQ_10_GDP(1.0),24/10/24 23:00:00,Q,CP_MEUR,NSA,B1GQ,SI,2000-Q2,5542.5,
ESTAT:NAMQ_10_GDP(1.0),24/10/24 23:00:00,Q,CP_MEUR,NSA,B1GQ,SI,2000-Q3,5431.6,
ESTAT:NAMQ_10_GDP(1.0),24/10/24 23:00:00,Q,CP_MEUR,NSA,B1GQ,SI,2000-Q4,5623.1,
ESTAT:NAMQ_10_GDP(1.0),24/10/24 23:00:00,Q,CP_MEUR,NSA,B1GQ,SI,2001-Q1,5318.1,
ESTAT:NAMQ_10_GDP(1.0),24/10/24 23:00:00,Q,CP_MEUR,NSA,B1GQ,SI,2001-Q2,5824.1,
ESTAT:NAMQ_10_GDP(1.0),24/10/24 23:00:00,Q,CP_MEUR,NSA,B1GQ,SI,2001-Q3,5808.8,
ESTAT:NAMQ_10_GDP(1.0),24/10/24 23:00:00,Q,CP_MEUR,NSA,B1GQ,SI,2001-Q4,6059.3,
ESTAT:NAMQ_10_GDP(1.0),24/10/24 23:00:00,Q,CP_MEUR,NSA,B1GQ,SI,2002-Q1,5746.0,
ESTAT:NAMQ_10_GDP(1.0),24/10/24 23:00:00,Q,CP_MEUR,NSA,B1GQ,SI,2002-Q2,6246.5,
ESTAT:NAMQ_10_GDP(1.0),24/10/24 23:00:00,Q,CP_MEUR,NSA,B1GQ,SI,2002-Q3,6235.5,
ESTAT:NAMQ_10_GDP(1.0),24/10/24 23:00:00,Q,CP_MEUR,NSA,B1GQ,SI,2002-Q4,6444.8,
ESTAT:NAMQ_10_GDP(1.0),24/10/24 23:00:00,Q,CP_MEUR,NSA,B1GQ,SI,2003-Q1,5976.5,
ESTAT:NAMQ_10_GDP(1.0),24/10/24 23:00:00,Q,CP_MEUR,NSA,B1GQ,SI,2003-Q2,6583.9,
ESTAT:NAMQ_10_GDP(1.0),24/10/24 23:00:00,Q,CP_MEUR,NSA,B1GQ,SI,2003-Q3,6644.7,
ESTAT:NAMQ_10_GDP(1.0),24/10/24 23:00:00,Q,CP_MEUR,NSA,B1GQ,SI,2003-Q4,6793.5,
ESTAT:NAMQ_10_GDP(1.0),24/10/24 23:00:00,Q,CP_MEUR,NSA,B1GQ,SI,2004-Q1,6278.3,
ESTAT:NAMQ_10_GDP(1.0),24/10/24 23:00:00,Q,CP_MEUR,NSA,B1GQ,SI,2004-Q2,6957.5,
ESTAT:NAMQ_10_GDP(1.0),24/10/24 23:00:00,Q,CP_MEUR,NSA,B1GQ,SI,2004-Q3,7041.0,
ESTAT:NAMQ_10_GDP(1.0),24/10/24 23:00:00,Q,CP_MEUR,NSA,B1GQ,SI,2004-Q4,7203.9,
ESTAT:NAMQ_10_GDP(1.0),24/10/24 23:00:00,Q,CP_MEUR,NSA,B1GQ,SI,2005-Q1,6488.2,
ESTAT:NAMQ_10_GDP(1.0),24/10/24 23:00:00,Q,CP_MEUR,NSA,B1GQ,SI,2005-Q2,7454.5,
ESTAT:NAMQ_10_GDP(1.0),24/10/24 23:00:00,Q,CP_MEUR,NSA,B1GQ,SI,2005-Q3,7384.4,
ESTAT:NAMQ_10_GDP(1.0),24/10/24 23:00:00,Q,CP_MEUR,NSA,B1GQ,SI,2005-Q4,7587.8,
ESTAT:NAMQ_10_GDP(1.0),24/10/24 23:00:00,Q,CP_MEUR,NSA,B1GQ,SI,2006-Q1,6988.5,
ESTAT:NAMQ_10_GDP(1.0),24/10/24 23:00:00,Q,CP_MEUR,NSA,B1GQ,SI,2006-Q2,7942.6,
ESTAT:NAMQ_10_GDP(1.0),24/10/24 23:00:00,Q,CP_MEUR,NSA,B1GQ,SI,2006-Q3,8063.7,
ESTAT:NAMQ_10_GDP(1.0),24/10/24 23:00:00,Q,CP_MEUR,NSA,B1GQ,SI,2006-Q4,8304.8,
ESTAT:NAMQ_10_GDP(1.0),24/10/24 23:00:00,Q,CP_MEUR,NSA,B1GQ,SI,2007-Q1,7821.0,
ESTAT:NAMQ_10_GDP(1.0),24/10/24 23:00:00,Q,CP_MEUR,NSA,B1GQ,SI,2007-Q2,8858.9,
ESTAT:NAMQ_10_GDP(1.0),24/10/24 23:00:00,Q,CP_MEUR,NSA,B1GQ,SI,2007-Q3,9083.7,
ESTAT:NAMQ_10_GDP(1.0),24/10/24 23:00:00,Q,CP_MEUR,NSA,B1GQ,SI,2007-Q4,9173.2,
ESTAT:NAMQ_10_GDP(1.0),24/10/24 23:00:00,Q,CP_MEUR,NSA,B1GQ,SI,2008-Q1,8599.2,
ESTAT:NAMQ_10_GDP(1.0),24/10/24 23:00:00,Q,CP_MEUR,NSA,B1GQ,SI,2008-Q2,9789.7,
ESTAT:NAMQ_10_GDP(1.0),24/10/24 23:00:00,Q,CP_MEUR,NSA,B1GQ,SI,2008-Q3,9804.8,
ESTAT:NAMQ_10_GDP(1.0),24/10/24 23:00:00,Q,CP_MEUR,NSA,B1GQ,SI,2008-Q4,9548.3,
ESTAT:NAMQ_10_GDP(1.0),24/10/24 23:00:00,Q,CP_MEUR,NSA,B1GQ,SI,2009-Q1,8350.1,
ESTAT:NAMQ_10_GDP(1.0),24/10/24 23:00:00,Q,CP_MEUR,NSA,B1GQ,SI,2009-Q2,9157.7,
ESTAT:NAMQ_10_GDP(1.0),24/10/24 23:00:00,Q,CP_MEUR,NSA,B1GQ,SI,2009-Q3,9162.2,
ESTAT:NAMQ_10_GDP(1.0),24/10/24 23:00:00,Q,CP_MEUR,NSA,B1GQ,SI,2009-Q4,9160.3,
ESTAT:NAMQ_10_GDP(1.0),24/10/24 23:00:00,Q,CP_MEUR,NSA,B1GQ,SI,2010-Q1,8296.2,
ESTAT:NAMQ_10_GDP(1.0),24/10/24 23:00:00,Q,CP_MEUR,NSA,B1GQ,SI,2010-Q2,9227.4,
ESTAT:NAMQ_10_GDP(1.0),24/10/24 23:00:00,Q,CP_MEUR,NSA,B1GQ,SI,2010-Q3,9267.9,
ESTAT:NAMQ_10_GDP(1.0),24/10/24 23:00:00,Q,CP_MEUR,NSA,B1GQ,SI,2010-Q4,9259.4,
ESTAT:NAMQ_10_GDP(1.0),24/10/24 23:00:00,Q,CP_MEUR,NSA,B1GQ,SI,2011-Q1,8749.0,
ESTAT:NAMQ_10_GDP(1.0),24/10/24 23:00:00,Q,CP_MEUR,NSA,B1GQ,SI,2011-Q2,9415.8,
ESTAT:NAMQ_10_GDP(1.0),24/10/24 23:00:00,Q,CP_MEUR,NSA,B1GQ,SI,2011-Q3,9372.0,
ESTAT:NAMQ_10_GDP(1.0),24/10/24 23:00:00,Q,CP_MEUR,NSA,B1GQ,SI,2011-Q4,9245.3,
ESTAT:NAMQ_10_GDP(1.0),24/10/24 23:00:00,Q,CP_MEUR,NSA,B1GQ,SI,2012-Q1,8733.2,
ESTAT:NAMQ_10_GDP(1.0),24/10/24 23:00:00,Q,CP_MEUR,NSA,B1GQ,SI,2012-Q2,9143.5,
ESTAT:NAMQ_10_GDP(1.0),24/10/24 23:00:00,Q,CP_MEUR,NSA,B1GQ,SI,2012-Q3,9130.4,
ESTAT:NAMQ_10_GDP(1.0),24/10/24 23:00:00,Q,CP_MEUR,NSA,B1GQ,SI,2012-Q4,8926.5,
ESTAT:NAMQ_10_GDP(1.0),24/10/24 23:00:00,Q,CP_MEUR,NSA,B1GQ,SI,2013-Q1,8395.5,
ESTAT:NAMQ_10_GDP(1.0),24/10/24 23:00:00,Q,CP_MEUR,NSA,B1GQ,SI,2013-Q2,9190.2,
ESTAT:NAMQ_10_GDP(1.0),24/10/24 23:00:00,Q,CP_MEUR,NSA,B1GQ,SI,2013-Q3,9253.7,
ESTAT:NAMQ_10_GDP(1.0),24/10/24 23:00:00,Q,CP_MEUR,NSA,B1GQ,SI,2013-Q4,9201.9,
ESTAT:NAMQ_10_GDP(1.0),24/10/24 23:00:00,Q,CP_MEUR,NSA,B1GQ,SI,2014-Q1,8701.0,
ESTAT:NAMQ_10_GDP(1.0),24/10/24 23:00:00,Q,CP_MEUR,NSA,B1GQ,SI,2014-Q2,9545.9,
ESTAT:NAMQ_10_GDP(1.0),24/10/24 23:00:00,Q,CP_MEUR,NSA,B1GQ,SI,2014-Q3,9607.6,
ESTAT:NAMQ_10_GDP(1.0),24/10/24 23:00:00,Q,CP_MEUR,NSA,B1GQ,SI,2014-Q4,9416.4,
ESTAT:NAMQ_10_GDP(1.0),24/10/24 23:00:00,Q,CP_MEUR,NSA,B1GQ,SI,2015-Q1,8974.7,
ESTAT:NAMQ_10_GDP(1.0),24/10/24 23:00:00,Q,CP_MEUR,NSA,B1GQ,SI,2015-Q2,9761.1,
ESTAT:NAMQ_10_GDP(1.0),24/10/24 23:00:00,Q,CP_MEUR,NSA,B1GQ,SI,2015-Q3,9887.3,
ESTAT:NAMQ_10_GDP(1.0),24/10/24 23:00:00,Q,CP_MEUR,NSA,B1GQ,SI,2015-Q4,9870.8,
ESTAT:NAMQ_10_GDP(1.0),24/10/24 23:00:00,Q,CP_MEUR,NSA,B1GQ,SI,2016-Q1,9305.8,
ESTAT:NAMQ_10_GDP(1.0),24/10/24 23:00:00,Q,CP_MEUR,NSA,B1GQ,SI,2016-Q2,10161.7,
ESTAT:NAMQ_10_GDP(1.0),24/10/24 23:00:00,Q,CP_MEUR,NSA,B1GQ,SI,2016-Q3,10268.8,
ESTAT:NAMQ_10_GDP(1.0),24/10/24 23:00:00,Q,CP_MEUR,NSA,B1GQ,SI,2016-Q4,10276.9,
ESTAT:NAMQ_10_GDP(1.0),24/10/24 23:00:00,Q,CP_MEUR,NSA,B1GQ,SI,2017-Q1,9815.8,
ESTAT:NAMQ_10_GDP(1.0),24/10/24 23:00:00,Q,CP_MEUR,NSA,B1GQ,SI,2017-Q2,10752.5,
ESTAT:NAMQ_10_GDP(1.0),24/10/24 23:00:00,Q,CP_MEUR,NSA,B1GQ,SI,2017-Q3,10925.1,
ESTAT:NAMQ_10_GDP(1.0),24/10/24 23:00:00,Q,CP_MEUR,NSA,B1GQ,SI,2017-Q4,11132.1,
ESTAT:NAMQ_10_GDP(1.0),24/10/24 23:00:00,Q,CP_MEUR,NSA,B1GQ,SI,2018-Q1,10482.1,
ESTAT:NAMQ_10_GDP(1.0),24/10/24 23:00:00,Q,CP_MEUR,NSA,B1GQ,SI,2018-Q2,11405.3,
ESTAT:NAMQ_10_GDP(1.0),24/10/24 23:00:00,Q,CP_MEUR,NSA,B1GQ,SI,2018-Q3,11750.1,
ESTAT:NAMQ_10_GDP(1.0),24/10/24 23:00:00,Q,CP_MEUR,NSA,B1GQ,SI,2018-Q4,11824.9,
ESTAT:NAMQ_10_GDP(1.0),24/10/24 23:00:00,Q,CP_MEUR,NSA,B1GQ,SI,2019-Q1,11167.9,
ESTAT:NAMQ_10_GDP(1.0),24/10/24 23:00:00,Q,CP_MEUR,NSA,B1GQ,SI,2019-Q2,12058.7,
ESTAT:NAMQ_10_GDP(1.0),24/10/24 23:00:00,Q,CP_MEUR,NSA,B1GQ,SI,2019-Q3,12451.5,
ESTAT:NAMQ_10_GDP(1.0),24/10/24 23:00:00,Q,CP_MEUR,NSA,B1GQ,SI,2019-Q4,12478.3,
ESTAT:NAMQ_10_GDP(1.0),24/10/24 23:00:00,Q,CP_MEUR,NSA,B1GQ,SI,2020-Q1,11330.6,
ESTAT:NAMQ_10_GDP(1.0),24/10/24 23:00:00,Q,CP_MEUR,NSA,B1GQ,SI,2020-Q2,10923.8,
ESTAT:NAMQ_10_GDP(1.0),24/10/24 23:00:00,Q,CP_MEUR,NSA,B1GQ,SI,2020-Q3,12239.9,
ESTAT:NAMQ_10_GDP(1.0),24/10/24 23:00:00,Q,CP_MEUR,NSA,B1GQ,SI,2020-Q4,12244.4,
ESTAT:NAMQ_10_GDP(1.0),24/10/24 23:00:00,Q,CP_MEUR,NSA,B1GQ,SI,2021-Q1,11620.7,
ESTAT:NAMQ_10_GDP(1.0),24/10/24 23:00:00,Q,CP_MEUR,NSA,B1GQ,SI,2021-Q2,13040.5,
ESTAT:NAMQ_10_GDP(1.0),24/10/24 23:00:00,Q,CP_MEUR,NSA,B1GQ,SI,2021-Q3,13496.9,
ESTAT:NAMQ_10_GDP(1.0),24/10/24 23:00:00,Q,CP_MEUR,NSA,B1GQ,SI,2021-Q4,13864.5,
ESTAT:NAMQ_10_GDP(1.0),24/10/24 23:00:00,Q,CP_MEUR,NSA,B1GQ,SI,2022-Q1,12754.4,
ESTAT:NAMQ_10_GDP(1.0),24/10/24 23:00:00,Q,CP_MEUR,NSA,B1GQ,SI,2022-Q2,14347.1,
ESTAT:NAMQ_10_GDP(1.0),24/10/24 23:00:00,Q,CP_MEUR,NSA,B1GQ,SI,2022-Q3,14916.8,
ESTAT:NAMQ_10_GDP(1.0),24/10/24 23:00:00,Q,CP_MEUR,NSA,B1GQ,SI,2022-Q4,14890.4,
ESTAT:NAMQ_10_GDP(1.0),24/10/24 23:00:00,Q,CP_MEUR,NSA,B1GQ,SI,2023-Q1,14740.3,
ESTAT:NAMQ_10_GDP(1.0),24/10/24 23:00:00,Q,CP_MEUR,NSA,B1GQ,SI,2023-Q2,16325.4,
ESTAT:NAMQ_10_GDP(1.0),24/10/24 23:00:00,Q,CP_MEUR,NSA,B1GQ,SI,2023-Q3,16310.8,
ESTAT:NAMQ_10_GDP(1.0),24/10/24 23:00:00,Q,CP_MEUR,NSA,B1GQ,SI,2023-Q4,16574.7,
ESTAT:NAMQ_10_GDP(1.0),24/10/24 23:00:00,Q,CP_MEUR,NSA,B1GQ,SI,2024-Q1,15676.5,
ESTAT:NAMQ_10_GDP(1.0),24/10/24 23:00:00,Q,CP_MEUR,NSA,B1GQ,SI,2024-Q2,16798.2,
ESTAT:NAMQ_10_GDP(1.0),24/10/24 23:00:00,Q,CP_MEUR,NSA,B1GQ,SK,1995-Q1,3608.0,
ESTAT:NAMQ_10_GDP(1.0),24/10/24 23:00:00,Q,CP_MEUR,NSA,B1GQ,SK,1995-Q2,4193.6,
ESTAT:NAMQ_10_GDP(1.0),24/10/24 23:00:00,Q,CP_MEUR,NSA,B1GQ,SK,1995-Q3,3935.9,
ESTAT:NAMQ_10_GDP(1.0),24/10/24 23:00:00,Q,CP_MEUR,NSA,B1GQ,SK,1995-Q4,3773.0,
ESTAT:NAMQ_10_GDP(1.0),24/10/24 23:00:00,Q,CP_MEUR,NSA,B1GQ,SK,1996-Q1,4047.6,
ESTAT:NAMQ_10_GDP(1.0),24/10/24 23:00:00,Q,CP_MEUR,NSA,B1GQ,SK,1996-Q2,4330.7,
ESTAT:NAMQ_10_GDP(1.0),24/10/24 23:00:00,Q,CP_MEUR,NSA,B1GQ,SK,1996-Q3,4498.2,
ESTAT:NAMQ_10_GDP(1.0),24/10/24 23:00:00,Q,CP_MEUR,NSA,B1GQ,SK,1996-Q4,4344.9,
ESTAT:NAMQ_10_GDP(1.0),24/10/24 23:00:00,Q,CP_MEUR,NSA,B1GQ,SK,1997-Q1,4489.9,
ESTAT:NAMQ_10_GDP(1.0),24/10/24 23:00:00,Q,CP_MEUR,NSA,B1GQ,SK,1997-Q2,4895.9,
ESTAT:NAMQ_10_GDP(1.0),24/10/24 23:00:00,Q,CP_MEUR,NSA,B1GQ,SK,1997-Q3,5153.9,
ESTAT:NAMQ_10_GDP(1.0),24/10/24 23:00:00,Q,CP_MEUR,NSA,B1GQ,SK,1997-Q4,4892.2,
ESTAT:NAMQ_10_GDP(1.0),24/10/24 23:00:00,Q,CP_MEUR,NSA,B1GQ,SK,1998-Q1,4899.9,
ESTAT:NAMQ_10_GDP(1.0),24/10/24 23:00:00,Q,CP_MEUR,NSA,B1GQ,SK,1998-Q2,5346.7,
ESTAT:NAMQ_10_GDP(1.0),24/10/24 23:00:00,Q,CP_MEUR,NSA,B1GQ,SK,1998-Q3,5314.5,
ESTAT:NAMQ_10_GDP(1.0),24/10/24 23:00:00,Q,CP_MEUR,NSA,B1GQ,SK,1998-Q4,4892.3,
ESTAT:NAMQ_10_GDP(1.0),24/10/24 23:00:00,Q,CP_MEUR,NSA,B1GQ,SK,1999-Q1,4666.6,
ESTAT:NAMQ_10_GDP(1.0),24/10/24 23:00:00,Q,CP_MEUR,NSA,B1GQ,SK,1999-Q2,4907.3,
ESTAT:NAMQ_10_GDP(1.0),24/10/24 23:00:00,Q,CP_MEUR,NSA,B1GQ,SK,1999-Q3,4968.6,
ESTAT:NAMQ_10_GDP(1.0),24/10/24 23:00:00,Q,CP_MEUR,NSA,B1GQ,SK,1999-Q4,4995.3,
ESTAT:NAMQ_10_GDP(1.0),24/10/24 23:00:00,Q,CP_MEUR,NSA,B1GQ,SK,2000-Q1,5109.6,
ESTAT:NAMQ_10_GDP(1.0),24/10/24 23:00:00,Q,CP_MEUR,NSA,B1GQ,SK,2000-Q2,5726.6,
ESTAT:NAMQ_10_GDP(1.0),24/10/24 23:00:00,Q,CP_MEUR,NSA,B1GQ,SK,2000-Q3,5765.0,
ESTAT:NAMQ_10_GDP(1.0),24/10/24 23:00:00,Q,CP_MEUR,NSA,B1GQ,SK,2000-Q4,5757.8,
ESTAT:NAMQ_10_GDP(1.0),24/10/24 23:00:00,Q,CP_MEUR,NSA,B1GQ,SK,2001-Q1,5355.1,
ESTAT:NAMQ_10_GDP(1.0),24/10/24 23:00:00,Q,CP_MEUR,NSA,B1GQ,SK,2001-Q2,6103.0,
ESTAT:NAMQ_10_GDP(1.0),24/10/24 23:00:00,Q,CP_MEUR,NSA,B1GQ,SK,2001-Q3,6148.8,
ESTAT:NAMQ_10_GDP(1.0),24/10/24 23:00:00,Q,CP_MEUR,NSA,B1GQ,SK,2001-Q4,6270.0,
ESTAT:NAMQ_10_GDP(1.0),24/10/24 23:00:00,Q,CP_MEUR,NSA,B1GQ,SK,2002-Q1,6003.3,
ESTAT:NAMQ_10_GDP(1.0),24/10/24 23:00:00,Q,CP_MEUR,NSA,B1GQ,SK,2002-Q2,6479.4,
ESTAT:NAMQ_10_GDP(1.0),24/10/24 23:00:00,Q,CP_MEUR,NSA,B1GQ,SK,2002-Q3,6675.8,
ESTAT:NAMQ_10_GDP(1.0),24/10/24 23:00:00,Q,CP_MEUR,NSA,B1GQ,SK,2002-Q4,7154.4,
ESTAT:NAMQ_10_GDP(1.0),24/10/24 23:00:00,Q,CP_MEUR,NSA,B1GQ,SK,2003-Q1,6684.1,
ESTAT:NAMQ_10_GDP(1.0),24/10/24 23:00:00,Q,CP_MEUR,NSA,B1GQ,SK,2003-Q2,7458.0,
ESTAT:NAMQ_10_GDP(1.0),24/10/24 23:00:00,Q,CP_MEUR,NSA,B1GQ,SK,2003-Q3,7681.9,
ESTAT:NAMQ_10_GDP(1.0),24/10/24 23:00:00,Q,CP_MEUR,NSA,B1GQ,SK,2003-Q4,8111.4,
ESTAT:NAMQ_10_GDP(1.0),24/10/24 23:00:00,Q,CP_MEUR,NSA,B1GQ,SK,2004-Q1,7846.3,
ESTAT:NAMQ_10_GDP(1.0),24/10/24 23:00:00,Q,CP_MEUR,NSA,B1GQ,SK,2004-Q2,8380.8,
ESTAT:NAMQ_10_GDP(1.0),24/10/24 23:00:00,Q,CP_MEUR,NSA,B1GQ,SK,2004-Q3,8984.5,
ESTAT:NAMQ_10_GDP(1.0),24/10/24 23:00:00,Q,CP_MEUR,NSA,B1GQ,SK,2004-Q4,9430.0,
ESTAT:NAMQ_10_GDP(1.0),24/10/24 23:00:00,Q,CP_MEUR,NSA,B1GQ,SK,2005-Q1,8964.6,
ESTAT:NAMQ_10_GDP(1.0),24/10/24 23:00:00,Q,CP_MEUR,NSA,B1GQ,SK,2005-Q2,9588.1,
ESTAT:NAMQ_10_GDP(1.0),24/10/24 23:00:00,Q,CP_MEUR,NSA,B1GQ,SK,2005-Q3,10174.4,
ESTAT:NAMQ_10_GDP(1.0),24/10/24 23:00:00,Q,CP_MEUR,NSA,B1GQ,SK,2005-Q4,10513.2,
ESTAT:NAMQ_10_GDP(1.0),24/10/24 23:00:00,Q,CP_MEUR,NSA,B1GQ,SK,2006-Q1,10024.4,
ESTAT:NAMQ_10_GDP(1.0),24/10/24 23:00:00,Q,CP_MEUR,NSA,B1GQ,SK,2006-Q2,11124.8,
ESTAT:NAMQ_10_GDP(1.0),24/10/24 23:00:00,Q,CP_MEUR,NSA,B1GQ,SK,2006-Q3,11683.3,
ESTAT:NAMQ_10_GDP(1.0),24/10/24 23:00:00,Q,CP_MEUR,NSA,B1GQ,SK,2006-Q4,12822.1,
ESTAT:NAMQ_10_GDP(1.0),24/10/24 23:00:00,Q,CP_MEUR,NSA,B1GQ,SK,2007-Q1,12539.4,
ESTAT:NAMQ_10_GDP(1.0),24/10/24 23:00:00,Q,CP_MEUR,NSA,B1GQ,SK,2007-Q2,13830.8,
ESTAT:NAMQ_10_GDP(1.0),24/10/24 23:00:00,Q,CP_MEUR,NSA,B1GQ,SK,2007-Q3,14829.5,
ESTAT:NAMQ_10_GDP(1.0),24/10/24 23:00:00,Q,CP_MEUR,NSA,B1GQ,SK,2007-Q4,15196.5,
ESTAT:NAMQ_10_GDP(1.0),24/10/24 23:00:00,Q,CP_MEUR,NSA,B1GQ,SK,2008-Q1,14780.7,
ESTAT:NAMQ_10_GDP(1.0),24/10/24 23:00:00,Q,CP_MEUR,NSA,B1GQ,SK,2008-Q2,16508.3,
ESTAT:NAMQ_10_GDP(1.0),24/10/24 23:00:00,Q,CP_MEUR,NSA,B1GQ,SK,2008-Q3,17769.3,
ESTAT:NAMQ_10_GDP(1.0),24/10/24 23:00:00,Q,CP_MEUR,NSA,B1GQ,SK,2008-Q4,17117.7,
ESTAT:NAMQ_10_GDP(1.0),24/10/24 23:00:00,Q,CP_MEUR,NSA,B1GQ,SK,2009-Q1,14989.2,
ESTAT:NAMQ_10_GDP(1.0),24/10/24 23:00:00,Q,CP_MEUR,NSA,B1GQ,SK,2009-Q2,15857.4,
ESTAT:NAMQ_10_GDP(1.0),24/10/24 23:00:00,Q,CP_MEUR,NSA,B1GQ,SK,2009-Q3,16739.9,
ESTAT:NAMQ_10_GDP(1.0),24/10/24 23:00:00,Q,CP_MEUR,NSA,B1GQ,SK,2009-Q4,16468.7,
ESTAT:NAMQ_10_GDP(1.0),24/10/24 23:00:00,Q,CP_MEUR,NSA,B1GQ,SK,2010-Q1,15852.7,
ESTAT:NAMQ_10_GDP(1.0),24/10/24 23:00:00,Q,CP_MEUR,NSA,B1GQ,SK,2010-Q2,17028.3,
ESTAT:NAMQ_10_GDP(1.0),24/10/24 23:00:00,Q,CP_MEUR,NSA,B1GQ,SK,2010-Q3,18196.9,
ESTAT:NAMQ_10_GDP(1.0),24/10/24 23:00:00,Q,CP_MEUR,NSA,B1GQ,SK,2010-Q4,17648.8,
ESTAT:NAMQ_10_GDP(1.0),24/10/24 23:00:00,Q,CP_MEUR,NSA,B1GQ,SK,2011-Q1,16413.5,
ESTAT:NAMQ_10_GDP(1.0),24/10/24 23:00:00,Q,CP_MEUR,NSA,B1GQ,SK,2011-Q2,17864.3,
ESTAT:NAMQ_10_GDP(1.0),24/10/24 23:00:00,Q,CP_MEUR,NSA,B1GQ,SK,2011-Q3,18860.9,
ESTAT:NAMQ_10_GDP(1.0),24/10/24 23:00:00,Q,CP_MEUR,NSA,B1GQ,SK,2011-Q4,18490.9,
ESTAT:NAMQ_10_GDP(1.0),24/10/24 23:00:00,Q,CP_MEUR,NSA,B1GQ,SK,2012-Q1,17051.6,
ESTAT:NAMQ_10_GDP(1.0),24/10/24 23:00:00,Q,CP_MEUR,NSA,B1GQ,SK,2012-Q2,18406.7,
ESTAT:NAMQ_10_GDP(1.0),24/10/24 23:00:00,Q,CP_MEUR,NSA,B1GQ,SK,2012-Q3,19475.3,
ESTAT:NAMQ_10_GDP(1.0),24/10/24 23:00:00,Q,CP_MEUR,NSA,B1GQ,SK,2012-Q4,18793.9,
ESTAT:NAMQ_10_GDP(1.0),24/10/24 23:00:00,Q,CP_MEUR,NSA,B1GQ,SK,2013-Q1,17273.6,
ESTAT:NAMQ_10_GDP(1.0),24/10/24 23:00:00,Q,CP_MEUR,NSA,B1GQ,SK,2013-Q2,18655.6,
ESTAT:NAMQ_10_GDP(1.0),24/10/24 23:00:00,Q,CP_MEUR,NSA,B1GQ,SK,2013-Q3,19682.5,
ESTAT:NAMQ_10_GDP(1.0),24/10/24 23:00:00,Q,CP_MEUR,NSA,B1GQ,SK,2013-Q4,19031.0,
ESTAT:NAMQ_10_GDP(1.0),24/10/24 23:00:00,Q,CP_MEUR,NSA,B1GQ,SK,2014-Q1,17632.5,
ESTAT:NAMQ_10_GDP(1.0),24/10/24 23:00:00,Q,CP_MEUR,NSA,B1GQ,SK,2014-Q2,19084.8,
ESTAT:NAMQ_10_GDP(1.0),24/10/24 23:00:00,Q,CP_MEUR,NSA,B1GQ,SK,2014-Q3,20222.9,
ESTAT:NAMQ_10_GDP(1.0),24/10/24 23:00:00,Q,CP_MEUR,NSA,B1GQ,SK,2014-Q4,19622.1,
ESTAT:NAMQ_10_GDP(1.0),24/10/24 23:00:00,Q,CP_MEUR,NSA,B1GQ,SK,2015-Q1,18371.5,
ESTAT:NAMQ_10_GDP(1.0),24/10/24 23:00:00,Q,CP_MEUR,NSA,B1GQ,SK,2015-Q2,20007.2,
ESTAT:NAMQ_10_GDP(1.0),24/10/24 23:00:00,Q,CP_MEUR,NSA,B1GQ,SK,2015-Q3,21208.3,
ESTAT:NAMQ_10_GDP(1.0),24/10/24 23:00:00,Q,CP_MEUR,NSA,B1GQ,SK,2015-Q4,20789.3,
ESTAT:NAMQ_10_GDP(1.0),24/10/24 23:00:00,Q,CP_MEUR,NSA,B1GQ,SK,2016-Q1,18776.9,
ESTAT:NAMQ_10_GDP(1.0),24/10/24 23:00:00,Q,CP_MEUR,NSA,B1GQ,SK,2016-Q2,20430.9,
ESTAT:NAMQ_10_GDP(1.0),24/10/24 23:00:00,Q,CP_MEUR,NSA,B1GQ,SK,2016-Q3,21336.1,
ESTAT:NAMQ_10_GDP(1.0),24/10/24 23:00:00,Q,CP_MEUR,NSA,B1GQ,SK,2016-Q4,21077.6,
ESTAT:NAMQ_10_GDP(1.0),24/10/24 23:00:00,Q,CP_MEUR,NSA,B1GQ,SK,2017-Q1,19315.3,
ESTAT:NAMQ_10_GDP(1.0),24/10/24 23:00:00,Q,CP_MEUR,NSA,B1GQ,SK,2017-Q2,21247.2,
ESTAT:NAMQ_10_GDP(1.0),24/10/24 23:00:00,Q,CP_MEUR,NSA,B1GQ,SK,2017-Q3,22330.4,
ESTAT:NAMQ_10_GDP(1.0),24/10/24 23:00:00,Q,CP_MEUR,NSA,B1GQ,SK,2017-Q4,22067.5,
ESTAT:NAMQ_10_GDP(1.0),24/10/24 23:00:00,Q,CP_MEUR,NSA,B1GQ,SK,2018-Q1,20466.3,
ESTAT:NAMQ_10_GDP(1.0),24/10/24 23:00:00,Q,CP_MEUR,NSA,B1GQ,SK,2018-Q2,22663.5,
ESTAT:NAMQ_10_GDP(1.0),24/10/24 23:00:00,Q,CP_MEUR,NSA,B1GQ,SK,2018-Q3,23898.2,
ESTAT:NAMQ_10_GDP(1.0),24/10/24 23:00:00,Q,CP_MEUR,NSA,B1GQ,SK,2018-Q4,23247.8,
ESTAT:NAMQ_10_GDP(1.0),24/10/24 23:00:00,Q,CP_MEUR,NSA,B1GQ,SK,2019-Q1,21788.3,
ESTAT:NAMQ_10_GDP(1.0),24/10/24 23:00:00,Q,CP_MEUR,NSA,B1GQ,SK,2019-Q2,23733.4,
ESTAT:NAMQ_10_GDP(1.0),24/10/24 23:00:00,Q,CP_MEUR,NSA,B1GQ,SK,2019-Q3,24690.5,
ESTAT:NAMQ_10_GDP(1.0),24/10/24 23:00:00,Q,CP_MEUR,NSA,B1GQ,SK,2019-Q4,24335.3,
ESTAT:NAMQ_10_GDP(1.0),24/10/24 23:00:00,Q,CP_MEUR,NSA,B1GQ,SK,2020-Q1,22171.1,
ESTAT:NAMQ_10_GDP(1.0),24/10/24 23:00:00,Q,CP_MEUR,NSA,B1GQ,SK,2020-Q2,22057.8,
ESTAT:NAMQ_10_GDP(1.0),24/10/24 23:00:00,Q,CP_MEUR,NSA,B1GQ,SK,2020-Q3,25177.2,
ESTAT:NAMQ_10_GDP(1.0),24/10/24 23:00:00,Q,CP_MEUR,NSA,B1GQ,SK,2020-Q4,24914.5,
ESTAT:NAMQ_10_GDP(1.0),24/10/24 23:00:00,Q,CP_MEUR,NSA,B1GQ,SK,2021-Q1,22868.6,
ESTAT:NAMQ_10_GDP(1.0),24/10/24 23:00:00,Q,CP_MEUR,NSA,B1GQ,SK,2021-Q2,25322.9,
ESTAT:NAMQ_10_GDP(1.0),24/10/24 23:00:00,Q,CP_MEUR,NSA,B1GQ,SK,2021-Q3,26922.7,
ESTAT:NAMQ_10_GDP(1.0),24/10/24 23:00:00,Q,CP_MEUR,NSA,B1GQ,SK,2021-Q4,26845.7,
ESTAT:NAMQ_10_GDP(1.0),24/10/24 23:00:00,Q,CP_MEUR,NSA,B1GQ,SK,2022-Q1,24653.2,
ESTAT:NAMQ_10_GDP(1.0),24/10/24 23:00:00,Q,CP_MEUR,NSA,B1GQ,SK,2022-Q2,27374.9,
ESTAT:NAMQ_10_GDP(1.0),24/10/24 23:00:00,Q,CP_MEUR,NSA,B1GQ,SK,2022-Q3,29101.3,
ESTAT:NAMQ_10_GDP(1.0),24/10/24 23:00:00,Q,CP_MEUR,NSA,B1GQ,SK,2022-Q4,28959.2,
ESTAT:NAMQ_10_GDP(1.0),24/10/24 23:00:00,Q,CP_MEUR,NSA,B1GQ,SK,2023-Q1,27576.9,
ESTAT:NAMQ_10_GDP(1.0),24/10/24 23:00:00,Q,CP_MEUR,NSA,B1GQ,SK,2023-Q2,30480.7,
ESTAT:NAMQ_10_GDP(1.0),24/10/24 23:00:00,Q,CP_MEUR,NSA,B1GQ,SK,2023-Q3,32523.6,
ESTAT:NAMQ_10_GDP(1.0),24/10/24 23:00:00,Q,CP_MEUR,NSA,B1GQ,SK,2023-Q4,32337.7,
ESTAT:NAMQ_10_GDP(1.0),24/10/24 23:00:00,Q,CP_MEUR,NSA,B1GQ,SK,2024-Q1,29968.5,
ESTAT:NAMQ_10_GDP(1.0),24/10/24 23:00:00,Q,CP_MEUR,NSA,B1GQ,SK,2024-Q2,32467.5,
ESTAT:NAMQ_10_GDP(1.0),24/10/24 23:00:00,Q,CP_MEUR,NSA,B1GQ,TR,1998-Q1,55232.6,
ESTAT:NAMQ_10_GDP(1.0),24/10/24 23:00:00,Q,CP_MEUR,NSA,B1GQ,TR,1998-Q2,59088.0,
ESTAT:NAMQ_10_GDP(1.0),24/10/24 23:00:00,Q,CP_MEUR,NSA,B1GQ,TR,1998-Q3,68075.1,
ESTAT:NAMQ_10_GDP(1.0),24/10/24 23:00:00,Q,CP_MEUR,NSA,B1GQ,TR,1998-Q4,61662.6,
ESTAT:NAMQ_10_GDP(1.0),24/10/24 23:00:00,Q,CP_MEUR,NSA,B1GQ,TR,1999-Q1,50492.1,
ESTAT:NAMQ_10_GDP(1.0),24/10/24 23:00:00,Q,CP_MEUR,NSA,B1GQ,TR,1999-Q2,58396.8,
ESTAT:NAMQ_10_GDP(1.0),24/10/24 23:00:00,Q,CP_MEUR,NSA,B1GQ,TR,1999-Q3,65319.5,
ESTAT:NAMQ_10_GDP(1.0),24/10/24 23:00:00,Q,CP_MEUR,NSA,B1GQ,TR,1999-Q4,63963.5,
ESTAT:NAMQ_10_GDP(1.0),24/10/24 23:00:00,Q,CP_MEUR,NSA,B1GQ,TR,2000-Q1,60187.0,
ESTAT:NAMQ_10_GDP(1.0),24/10/24 23:00:00,Q,CP_MEUR,NSA,B1GQ,TR,2000-Q2,71124.3,
ESTAT:NAMQ_10_GDP(1.0),24/10/24 23:00:00,Q,CP_MEUR,NSA,B1GQ,TR,2000-Q3,82641.4,
ESTAT:NAMQ_10_GDP(1.0),24/10/24 23:00:00,Q,CP_MEUR,NSA,B1GQ,TR,2000-Q4,83468.1,
ESTAT:NAMQ_10_GDP(1.0),24/10/24 23:00:00,Q,CP_MEUR,NSA,B1GQ,TR,2001-Q1,60514.2,
ESTAT:NAMQ_10_GDP(1.0),24/10/24 23:00:00,Q,CP_MEUR,NSA,B1GQ,TR,2001-Q2,55736.4,
ESTAT:NAMQ_10_GDP(1.0),24/10/24 23:00:00,Q,CP_MEUR,NSA,B1GQ,TR,2001-Q3,56545.5,
ESTAT:NAMQ_10_GDP(1.0),24/10/24 23:00:00,Q,CP_MEUR,NSA,B1GQ,TR,2001-Q4,53490.6,
ESTAT:NAMQ_10_GDP(1.0),24/10/24 23:00:00,Q,CP_MEUR,NSA,B1GQ,TR,2002-Q1,58294.8,
ESTAT:NAMQ_10_GDP(1.0),24/10/24 23:00:00,Q,CP_MEUR,NSA,B1GQ,TR,2002-Q2,64494.9,
ESTAT:NAMQ_10_GDP(1.0),24/10/24 23:00:00,Q,CP_MEUR,NSA,B1GQ,TR,2002-Q3,63015.6,
ESTAT:NAMQ_10_GDP(1.0),24/10/24 23:00:00,Q,CP_MEUR,NSA,B1GQ,TR,2002-Q4,65437.3,
ESTAT:NAMQ_10_GDP(1.0),24/10/24 23:00:00,Q,CP_MEUR,NSA,B1GQ,TR,2003-Q1,54646.3,
ESTAT:NAMQ_10_GDP(1.0),24/10/24 23:00:00,Q,CP_MEUR,NSA,B1GQ,TR,2003-Q2,65429.9,
ESTAT:NAMQ_10_GDP(1.0),24/10/24 23:00:00,Q,CP_MEUR,NSA,B1GQ,TR,2003-Q3,83492.4,
ESTAT:NAMQ_10_GDP(1.0),24/10/24 23:00:00,Q,CP_MEUR,NSA,B1GQ,TR,2003-Q4,76486.9,
ESTAT:NAMQ_10_GDP(1.0),24/10/24 23:00:00,Q,CP_MEUR,NSA,B1GQ,TR,2004-Q1,71781.3,
ESTAT:NAMQ_10_GDP(1.0),24/10/24 23:00:00,Q,CP_MEUR,NSA,B1GQ,TR,2004-Q2,78992.9,
ESTAT:NAMQ_10_GDP(1.0),24/10/24 23:00:00,Q,CP_MEUR,NSA,B1GQ,TR,2004-Q3,89280.7,
ESTAT:NAMQ_10_GDP(1.0),24/10/24 23:00:00,Q,CP_MEUR,NSA,B1GQ,TR,2004-Q4,87062.1,
ESTAT:NAMQ_10_GDP(1.0),24/10/24 23:00:00,Q,CP_MEUR,NSA,B1GQ,TR,2005-Q1,81890.8,
ESTAT:NAMQ_10_GDP(1.0),24/10/24 23:00:00,Q,CP_MEUR,NSA,B1GQ,TR,2005-Q2,95103.2,
ESTAT:NAMQ_10_GDP(1.0),24/10/24 23:00:00,Q,CP_MEUR,NSA,B1GQ,TR,2005-Q3,114010.7,
ESTAT:NAMQ_10_GDP(1.0),24/10/24 23:00:00,Q,CP_MEUR,NSA,B1GQ,TR,2005-Q4,116240.0,
ESTAT:NAMQ_10_GDP(1.0),24/10/24 23:00:00,Q,CP_MEUR,NSA,B1GQ,TR,2006-Q1,101433.3,
ESTAT:NAMQ_10_GDP(1.0),24/10/24 23:00:00,Q,CP_MEUR,NSA,B1GQ,TR,2006-Q2,105389.6,
ESTAT:NAMQ_10_GDP(1.0),24/10/24 23:00:00,Q,CP_MEUR,NSA,B1GQ,TR,2006-Q3,114394.1,
ESTAT:NAMQ_10_GDP(1.0),24/10/24 23:00:00,Q,CP_MEUR,NSA,B1GQ,TR,2006-Q4,117041.2,
ESTAT:NAMQ_10_GDP(1.0),24/10/24 23:00:00,Q,CP_MEUR,NSA,B1GQ,TR,2007-Q1,103388.0,
ESTAT:NAMQ_10_GDP(1.0),24/10/24 23:00:00,Q,CP_MEUR,NSA,B1GQ,TR,2007-Q2,118883.5,
ESTAT:NAMQ_10_GDP(1.0),24/10/24 23:00:00,Q,CP_MEUR,NSA,B1GQ,TR,2007-Q3,135263.9,
ESTAT:NAMQ_10_GDP(1.0),24/10/24 23:00:00,Q,CP_MEUR,NSA,B1GQ,TR,2007-Q4,140768.3,
ESTAT:NAMQ_10_GDP(1.0),24/10/24 23:00:00,Q,CP_MEUR,NSA,B1GQ,TR,2008-Q1,121886.8,
ESTAT:NAMQ_10_GDP(1.0),24/10/24 23:00:00,Q,CP_MEUR,NSA,B1GQ,TR,2008-Q2,127570.3,
ESTAT:NAMQ_10_GDP(1.0),24/10/24 23:00:00,Q,CP_MEUR,NSA,B1GQ,TR,2008-Q3,148472.1,
ESTAT:NAMQ_10_GDP(1.0),24/10/24 23:00:00,Q,CP_MEUR,NSA,B1GQ,TR,2008-Q4,128647.4,
ESTAT:NAMQ_10_GDP(1.0),24/10/24 23:00:00,Q,CP_MEUR,NSA,B1GQ,TR,2009-Q1,98395.0,
ESTAT:NAMQ_10_GDP(1.0),24/10/24 23:00:00,Q,CP_MEUR,NSA,B1GQ,TR,2009-Q2,113477.0,
ESTAT:NAMQ_10_GDP(1.0),24/10/24 23:00:00,Q,CP_MEUR,NSA,B1GQ,TR,2009-Q3,127634.8,
ESTAT:NAMQ_10_GDP(1.0),24/10/24 23:00:00,Q,CP_MEUR,NSA,B1GQ,TR,2009-Q4,125671.1,
ESTAT:NAMQ_10_GDP(1.0),24/10/24 23:00:00,Q,CP_MEUR,NSA,B1GQ,TR,2010-Q1,115933.3,
ESTAT:NAMQ_10_GDP(1.0),24/10/24 23:00:00,Q,CP_MEUR,NSA,B1GQ,TR,2010-Q2,143437.2,
ESTAT:NAMQ_10_GDP(1.0),24/10/24 23:00:00,Q,CP_MEUR,NSA,B1GQ,TR,2010-Q3,163975.6,
ESTAT:NAMQ_10_GDP(1.0),24/10/24 23:00:00,Q,CP_MEUR,NSA,B1GQ,TR,2010-Q4,163069.2,
ESTAT:NAMQ_10_GDP(1.0),24/10/24 23:00:00,Q,CP_MEUR,NSA,B1GQ,TR,2011-Q1,135635.8,
ESTAT:NAMQ_10_GDP(1.0),24/10/24 23:00:00,Q,CP_MEUR,NSA,B1GQ,TR,2011-Q2,150044.4,
ESTAT:NAMQ_10_GDP(1.0),24/10/24 23:00:00,Q,CP_MEUR,NSA,B1GQ,TR,2011-Q3,156768.2,
ESTAT:NAMQ_10_GDP(1.0),24/10/24 23:00:00,Q,CP_MEUR,NSA,B1GQ,TR,2011-Q4,156977.4,
ESTAT:NAMQ_10_GDP(1.0),24/10/24 23:00:00,Q,CP_MEUR,NSA,B1GQ,TR,2012-Q1,142527.5,
ESTAT:NAMQ_10_GDP(1.0),24/10/24 23:00:00,Q,CP_MEUR,NSA,B1GQ,TR,2012-Q2,166271.0,
ESTAT:NAMQ_10_GDP(1.0),24/10/24 23:00:00,Q,CP_MEUR,NSA,B1GQ,TR,2012-Q3,189604.3,
ESTAT:NAMQ_10_GDP(1.0),24/10/24 23:00:00,Q,CP_MEUR,NSA,B1GQ,TR,2012-Q4,186043.6,
ESTAT:NAMQ_10_GDP(1.0),24/10/24 23:00:00,Q,CP_MEUR,NSA,B1GQ,TR,2013-Q1,164847.5,
ESTAT:NAMQ_10_GDP(1.0),24/10/24 23:00:00,Q,CP_MEUR,NSA,B1GQ,TR,2013-Q2,185062.0,
ESTAT:NAMQ_10_GDP(1.0),24/10/24 23:00:00,Q,CP_MEUR,NSA,B1GQ,TR,2013-Q3,189630.0,
ESTAT:NAMQ_10_GDP(1.0),24/10/24 23:00:00,Q,CP_MEUR,NSA,B1GQ,TR,2013-Q4,179812.8,
ESTAT:NAMQ_10_GDP(1.0),24/10/24 23:00:00,Q,CP_MEUR,NSA,B1GQ,TR,2014-Q1,149498.3,
ESTAT:NAMQ_10_GDP(1.0),24/10/24 23:00:00,Q,CP_MEUR,NSA,B1GQ,TR,2014-Q2,169178.7,
ESTAT:NAMQ_10_GDP(1.0),24/10/24 23:00:00,Q,CP_MEUR,NSA,B1GQ,TR,2014-Q3,192281.5,
ESTAT:NAMQ_10_GDP(1.0),24/10/24 23:00:00,Q,CP_MEUR,NSA,B1GQ,TR,2014-Q4,197852.6,
ESTAT:NAMQ_10_GDP(1.0),24/10/24 23:00:00,Q,CP_MEUR,NSA,B1GQ,TR,2015-Q1,180474.1,
ESTAT:NAMQ_10_GDP(1.0),24/10/24 23:00:00,Q,CP_MEUR,NSA,B1GQ,TR,2015-Q2,191677.5,
ESTAT:NAMQ_10_GDP(1.0),24/10/24 23:00:00,Q,CP_MEUR,NSA,B1GQ,TR,2015-Q3,199800.1,
ESTAT:NAMQ_10_GDP(1.0),24/10/24 23:00:00,Q,CP_MEUR,NSA,B1GQ,TR,2015-Q4,203962.6,
ESTAT:NAMQ_10_GDP(1.0),24/10/24 23:00:00,Q,CP_MEUR,NSA,B1GQ,TR,2016-Q1,174912.8,
ESTAT:NAMQ_10_GDP(1.0),24/10/24 23:00:00,Q,CP_MEUR,NSA,B1GQ,TR,2016-Q2,194311.8,
ESTAT:NAMQ_10_GDP(1.0),24/10/24 23:00:00,Q,CP_MEUR,NSA,B1GQ,TR,2016-Q3,202575.3,
ESTAT:NAMQ_10_GDP(1.0),24/10/24 23:00:00,Q,CP_MEUR,NSA,B1GQ,TR,2016-Q4,212323.6,
ESTAT:NAMQ_10_GDP(1.0),24/10/24 23:00:00,Q,CP_MEUR,NSA,B1GQ,TR,2017-Q1,166197.8,
ESTAT:NAMQ_10_GDP(1.0),24/10/24 23:00:00,Q,CP_MEUR,NSA,B1GQ,TR,2017-Q2,187862.6,
ESTAT:NAMQ_10_GDP(1.0),24/10/24 23:00:00,Q,CP_MEUR,NSA,B1GQ,TR,2017-Q3,203452.3,
ESTAT:NAMQ_10_GDP(1.0),24/10/24 23:00:00,Q,CP_MEUR,NSA,B1GQ,TR,2017-Q4,200742.7,
ESTAT:NAMQ_10_GDP(1.0),24/10/24 23:00:00,Q,CP_MEUR,NSA,B1GQ,TR,2018-Q1,169926.2,
ESTAT:NAMQ_10_GDP(1.0),24/10/24 23:00:00,Q,CP_MEUR,NSA,B1GQ,TR,2018-Q2,172060.1,
ESTAT:NAMQ_10_GDP(1.0),24/10/24 23:00:00,Q,CP_MEUR,NSA,B1GQ,TR,2018-Q3,157626.5,
ESTAT:NAMQ_10_GDP(1.0),24/10/24 23:00:00,Q,CP_MEUR,NSA,B1GQ,TR,2018-Q4,163220.7,
ESTAT:NAMQ_10_GDP(1.0),24/10/24 23:00:00,Q,CP_MEUR,NSA,B1GQ,TR,2019-Q1,151561.1,
ESTAT:NAMQ_10_GDP(1.0),24/10/24 23:00:00,Q,CP_MEUR,NSA,B1GQ,TR,2019-Q2,156009.0,
ESTAT:NAMQ_10_GDP(1.0),24/10/24 23:00:00,Q,CP_MEUR,NSA,B1GQ,TR,2019-Q3,183628.8,
ESTAT:NAMQ_10_GDP(1.0),24/10/24 23:00:00,Q,CP_MEUR,NSA,B1GQ,TR,2019-Q4,187579.1,
ESTAT:NAMQ_10_GDP(1.0),24/10/24 23:00:00,Q,CP_MEUR,NSA,B1GQ,TR,2020-Q1,158705.4,
ESTAT:NAMQ_10_GDP(1.0),24/10/24 23:00:00,Q,CP_MEUR,NSA,B1GQ,TR,2020-Q2,137083.7,
ESTAT:NAMQ_10_GDP(1.0),24/10/24 23:00:00,Q,CP_MEUR,NSA,B1GQ,TR,2020-Q3,167384.6,
ESTAT:NAMQ_10_GDP(1.0),24/10/24 23:00:00,Q,CP_MEUR,NSA,B1GQ,TR,2020-Q4,162241.5,
ESTAT:NAMQ_10_GDP(1.0),24/10/24 23:00:00,Q,CP_MEUR,NSA,B1GQ,TR,2021-Q1,156623.9,
ESTAT:NAMQ_10_GDP(1.0),24/10/24 23:00:00,Q,CP_MEUR,NSA,B1GQ,TR,2021-Q2,157400.9,
ESTAT:NAMQ_10_GDP(1.0),24/10/24 23:00:00,Q,CP_MEUR,NSA,B1GQ,TR,2021-Q3,192047.3,
ESTAT:NAMQ_10_GDP(1.0),24/10/24 23:00:00,Q,CP_MEUR,NSA,B1GQ,TR,2021-Q4,181513.7,
ESTAT:NAMQ_10_GDP(1.0),24/10/24 23:00:00,Q,CP_MEUR,NSA,B1GQ,TR,2022-Q1,160777.7,
ESTAT:NAMQ_10_GDP(1.0),24/10/24 23:00:00,Q,CP_MEUR,NSA,B1GQ,TR,2022-Q2,203213.2,
ESTAT:NAMQ_10_GDP(1.0),24/10/24 23:00:00,Q,CP_MEUR,NSA,B1GQ,TR,2022-Q3,236398.4,
ESTAT:NAMQ_10_GDP(1.0),24/10/24 23:00:00,Q,CP_MEUR,NSA,B1GQ,TR,2022-Q4,252265.5,
ESTAT:NAMQ_10_GDP(1.0),24/10/24 23:00:00,Q,CP_MEUR,NSA,B1GQ,TR,2023-Q1,231336.0,
ESTAT:NAMQ_10_GDP(1.0),24/10/24 23:00:00,Q,CP_MEUR,NSA,B1GQ,TR,2023-Q2,242946.3,
ESTAT:NAMQ_10_GDP(1.0),24/10/24 23:00:00,Q,CP_MEUR,NSA,B1GQ,TR,2023-Q3,265777.4,
ESTAT:NAMQ_10_GDP(1.0),24/10/24 23:00:00,Q,CP_MEUR,NSA,B1GQ,TR,2023-Q4,278047.3,
ESTAT:NAMQ_10_GDP(1.0),24/10/24 23:00:00,Q,CP_MEUR,NSA,B1GQ,TR,2024-Q1,263612.5,
ESTAT:NAMQ_10_GDP(1.0),24/10/24 23:00:00,Q,CP_MEUR,NSA,B1GQ,TR,2024-Q2,285339.6,
ESTAT:NAMQ_10_GDP(1.0),24/10/24 23:00:00,Q,CP_MEUR,NSA,B1GQ,UK,1975-Q1,45922.0,
ESTAT:NAMQ_10_GDP(1.0),24/10/24 23:00:00,Q,CP_MEUR,NSA,B1GQ,UK,1975-Q2,47162.8,
ESTAT:NAMQ_10_GDP(1.0),24/10/24 23:00:00,Q,CP_MEUR,NSA,B1GQ,UK,1975-Q3,49385.5,
ESTAT:NAMQ_10_GDP(1.0),24/10/24 23:00:00,Q,CP_MEUR,NSA,B1GQ,UK,1975-Q4,52523.9,
ESTAT:NAMQ_10_GDP(1.0),24/10/24 23:00:00,Q,CP_MEUR,NSA,B1GQ,UK,1976-Q1,52374.4,
ESTAT:NAMQ_10_GDP(1.0),24/10/24 23:00:00,Q,CP_MEUR,NSA,B1GQ,UK,1976-Q2,50525.6,
ESTAT:NAMQ_10_GDP(1.0),24/10/24 23:00:00,Q,CP_MEUR,NSA,B1GQ,UK,1976-Q3,52420.7,
ESTAT:NAMQ_10_GDP(1.0),24/10/24 23:00:00,Q,CP_MEUR,NSA,B1GQ,UK,1976-Q4,52853.1,
ESTAT:NAMQ_10_GDP(1.0),24/10/24 23:00:00,Q,CP_MEUR,NSA,B1GQ,UK,1977-Q1,53339.4,
ESTAT:NAMQ_10_GDP(1.0),24/10/24 23:00:00,Q,CP_MEUR,NSA,B1GQ,UK,1977-Q2,55754.8,
ESTAT:NAMQ_10_GDP(1.0),24/10/24 23:00:00,Q,CP_MEUR,NSA,B1GQ,UK,1977-Q3,58161.0,
ESTAT:NAMQ_10_GDP(1.0),24/10/24 23:00:00,Q,CP_MEUR,NSA,B1GQ,UK,1977-Q4,63514.4,
ESTAT:NAMQ_10_GDP(1.0),24/10/24 23:00:00,Q,CP_MEUR,NSA,B1GQ,UK,1978-Q1,63402.9,
ESTAT:NAMQ_10_GDP(1.0),24/10/24 23:00:00,Q,CP_MEUR,NSA,B1GQ,UK,1978-Q2,63273.4,
ESTAT:NAMQ_10_GDP(1.0),24/10/24 23:00:00,Q,CP_MEUR,NSA,B1GQ,UK,1978-Q3,67133.6,
ESTAT:NAMQ_10_GDP(1.0),24/10/24 23:00:00,Q,CP_MEUR,NSA,B1GQ,UK,1978-Q4,69871.5,
ESTAT:NAMQ_10_GDP(1.0),24/10/24 23:00:00,Q,CP_MEUR,NSA,B1GQ,UK,1979-Q1,68998.2,
ESTAT:NAMQ_10_GDP(1.0),24/10/24 23:00:00,Q,CP_MEUR,NSA,B1GQ,UK,1979-Q2,78100.6,
ESTAT:NAMQ_10_GDP(1.0),24/10/24 23:00:00,Q,CP_MEUR,NSA,B1GQ,UK,1979-Q3,86021.5,
ESTAT:NAMQ_10_GDP(1.0),24/10/24 23:00:00,Q,CP_MEUR,NSA,B1GQ,UK,1979-Q4,88130.1,
ESTAT:NAMQ_10_GDP(1.0),24/10/24 23:00:00,Q,CP_MEUR,NSA,B1GQ,UK,1980-Q1,91306.2,
ESTAT:NAMQ_10_GDP(1.0),24/10/24 23:00:00,Q,CP_MEUR,NSA,B1GQ,UK,1980-Q2,96629.1,
ESTAT:NAMQ_10_GDP(1.0),24/10/24 23:00:00,Q,CP_MEUR,NSA,B1GQ,UK,1980-Q3,103708.5,
ESTAT:NAMQ_10_GDP(1.0),24/10/24 23:00:00,Q,CP_MEUR,NSA,B1GQ,UK,1980-Q4,115960.1,
ESTAT:NAMQ_10_GDP(1.0),24/10/24 23:00:00,Q,CP_MEUR,NSA,B1GQ,UK,1981-Q1,119298.4,
ESTAT:NAMQ_10_GDP(1.0),24/10/24 23:00:00,Q,CP_MEUR,NSA,B1GQ,UK,1981-Q2,121723.2,
ESTAT:NAMQ_10_GDP(1.0),24/10/24 23:00:00,Q,CP_MEUR,NSA,B1GQ,UK,1981-Q3,120847.7,
ESTAT:NAMQ_10_GDP(1.0),24/10/24 23:00:00,Q,CP_MEUR,NSA,B1GQ,UK,1981-Q4,124774.8,
ESTAT:NAMQ_10_GDP(1.0),24/10/24 23:00:00,Q,CP_MEUR,NSA,B1GQ,UK,1982-Q1,126035.5,
ESTAT:NAMQ_10_GDP(1.0),24/10/24 23:00:00,Q,CP_MEUR,NSA,B1GQ,UK,1982-Q2,127443.9,
ESTAT:NAMQ_10_GDP(1.0),24/10/24 23:00:00,Q,CP_MEUR,NSA,B1GQ,UK,1982-Q3,134647.3,
ESTAT:NAMQ_10_GDP(1.0),24/10/24 23:00:00,Q,CP_MEUR,NSA,B1GQ,UK,1982-Q4,137830.3,
ESTAT:NAMQ_10_GDP(1.0),24/10/24 23:00:00,Q,CP_MEUR,NSA,B1GQ,UK,1983-Q1,125462.5,
ESTAT:NAMQ_10_GDP(1.0),24/10/24 23:00:00,Q,CP_MEUR,NSA,B1GQ,UK,1983-Q2,132754.1,
ESTAT:NAMQ_10_GDP(1.0),24/10/24 23:00:00,Q,CP_MEUR,NSA,B1GQ,UK,1983-Q3,143269.3,
ESTAT:NAMQ_10_GDP(1.0),24/10/24 23:00:00,Q,CP_MEUR,NSA,B1GQ,UK,1983-Q4,149607.1,
ESTAT:NAMQ_10_GDP(1.0),24/10/24 23:00:00,Q,CP_MEUR,NSA,B1GQ,UK,1984-Q1,144772.9,
ESTAT:NAMQ_10_GDP(1.0),24/10/24 23:00:00,Q,CP_MEUR,NSA,B1GQ,UK,1984-Q2,140570.3,
ESTAT:NAMQ_10_GDP(1.0),24/10/24 23:00:00,Q,CP_MEUR,NSA,B1GQ,UK,1984-Q3,146772.8,
ESTAT:NAMQ_10_GDP(1.0),24/10/24 23:00:00,Q,CP_MEUR,NSA,B1GQ,UK,1984-Q4,155045.1,
ESTAT:NAMQ_10_GDP(1.0),24/10/24 23:00:00,Q,CP_MEUR,NSA,B1GQ,UK,1985-Q1,148995.5,
ESTAT:NAMQ_10_GDP(1.0),24/10/24 23:00:00,Q,CP_MEUR,NSA,B1GQ,UK,1985-Q2,159174.1,
ESTAT:NAMQ_10_GDP(1.0),24/10/24 23:00:00,Q,CP_MEUR,NSA,B1GQ,UK,1985-Q3,168942.5,
ESTAT:NAMQ_10_GDP(1.0),24/10/24 23:00:00,Q,CP_MEUR,NSA,B1GQ,UK,1985-Q4,170757.1,
ESTAT:NAMQ_10_GDP(1.0),24/10/24 23:00:00,Q,CP_MEUR,NSA,B1GQ,UK,1986-Q1,155676.3,
ESTAT:NAMQ_10_GDP(1.0),24/10/24 23:00:00,Q,CP_MEUR,NSA,B1GQ,UK,1986-Q2,155798.9,
ESTAT:NAMQ_10_GDP(1.0),24/10/24 23:00:00,Q,CP_MEUR,NSA,B1GQ,UK,1986-Q3,150527.8,
ESTAT:NAMQ_10_GDP(1.0),24/10/24 23:00:00,Q,CP_MEUR,NSA,B1GQ,UK,1986-Q4,150106.0,
ESTAT:NAMQ_10_GDP(1.0),24/10/24 23:00:00,Q,CP_MEUR,NSA,B1GQ,UK,1987-Q1,147731.9,
ESTAT:NAMQ_10_GDP(1.0),24/10/24 23:00:00,Q,CP_MEUR,NSA,B1GQ,UK,1987-Q2,155497.5,
ESTAT:NAMQ_10_GDP(1.0),24/10/24 23:00:00,Q,CP_MEUR,NSA,B1GQ,UK,1987-Q3,167410.1,
ESTAT:NAMQ_10_GDP(1.0),24/10/24 23:00:00,Q,CP_MEUR,NSA,B1GQ,UK,1987-Q4,177180.2,
ESTAT:NAMQ_10_GDP(1.0),24/10/24 23:00:00,Q,CP_MEUR,NSA,B1GQ,UK,1988-Q1,177157.6,
ESTAT:NAMQ_10_GDP(1.0),24/10/24 23:00:00,Q,CP_MEUR,NSA,B1GQ,UK,1988-Q2,186537.1,
ESTAT:NAMQ_10_GDP(1.0),24/10/24 23:00:00,Q,CP_MEUR,NSA,B1GQ,UK,1988-Q3,197263.9,
ESTAT:NAMQ_10_GDP(1.0),24/10/24 23:00:00,Q,CP_MEUR,NSA,B1GQ,UK,1988-Q4,209922.6,
ESTAT:NAMQ_10_GDP(1.0),24/10/24 23:00:00,Q,CP_MEUR,NSA,B1GQ,UK,1989-Q1,209799.5,
ESTAT:NAMQ_10_GDP(1.0),24/10/24 23:00:00,Q,CP_MEUR,NSA,B1GQ,UK,1989-Q2,206630.5,
ESTAT:NAMQ_10_GDP(1.0),24/10/24 23:00:00,Q,CP_MEUR,NSA,B1GQ,UK,1989-Q3,212587.9,
ESTAT:NAMQ_10_GDP(1.0),24/10/24 23:00:00,Q,CP_MEUR,NSA,B1GQ,UK,1989-Q4,212115.2,
ESTAT:NAMQ_10_GDP(1.0),24/10/24 23:00:00,Q,CP_MEUR,NSA,B1GQ,UK,1990-Q1,202641.1,
ESTAT:NAMQ_10_GDP(1.0),24/10/24 23:00:00,Q,CP_MEUR,NSA,B1GQ,UK,1990-Q2,206560.2,
ESTAT:NAMQ_10_GDP(1.0),24/10/24 23:00:00,Q,CP_MEUR,NSA,B1GQ,UK,1990-Q3,224600.8,
ESTAT:NAMQ_10_GDP(1.0),24/10/24 23:00:00,Q,CP_MEUR,NSA,B1GQ,UK,1990-Q4,229349.9,
ESTAT:NAMQ_10_GDP(1.0),24/10/24 23:00:00,Q,CP_MEUR,NSA,B1GQ,UK,1991-Q1,222042.8,
ESTAT:NAMQ_10_GDP(1.0),24/10/24 23:00:00,Q,CP_MEUR,NSA,B1GQ,UK,1991-Q2,227749.6,
ESTAT:NAMQ_10_GDP(1.0),24/10/24 23:00:00,Q,CP_MEUR,NSA,B1GQ,UK,1991-Q3,234741.4,
ESTAT:NAMQ_10_GDP(1.0),24/10/24 23:00:00,Q,CP_MEUR,NSA,B1GQ,UK,1991-Q4,239735.8,
ESTAT:NAMQ_10_GDP(1.0),24/10/24 23:00:00,Q,CP_MEUR,NSA,B1GQ,UK,1992-Q1,231522.2,
ESTAT:NAMQ_10_GDP(1.0),24/10/24 23:00:00,Q,CP_MEUR,NSA,B1GQ,UK,1992-Q2,233309.6,
ESTAT:NAMQ_10_GDP(1.0),24/10/24 23:00:00,Q,CP_MEUR,NSA,B1GQ,UK,1992-Q3,230858.4,
ESTAT:NAMQ_10_GDP(1.0),24/10/24 23:00:00,Q,CP_MEUR,NSA,B1GQ,UK,1992-Q4,217744.4,
ESTAT:NAMQ_10_GDP(1.0),24/10/24 23:00:00,Q,CP_MEUR,NSA,B1GQ,UK,1993-Q1,211730.8,
ESTAT:NAMQ_10_GDP(1.0),24/10/24 23:00:00,Q,CP_MEUR,NSA,B1GQ,UK,1993-Q2,218654.1,
ESTAT:NAMQ_10_GDP(1.0),24/10/24 23:00:00,Q,CP_MEUR,NSA,B1GQ,UK,1993-Q3,233495.5,
ESTAT:NAMQ_10_GDP(1.0),24/10/24 23:00:00,Q,CP_MEUR,NSA,B1GQ,UK,1993-Q4,244056.4,
ESTAT:NAMQ_10_GDP(1.0),24/10/24 23:00:00,Q,CP_MEUR,NSA,B1GQ,UK,1994-Q1,240580.3,
ESTAT:NAMQ_10_GDP(1.0),24/10/24 23:00:00,Q,CP_MEUR,NSA,B1GQ,UK,1994-Q2,234483.0,
ESTAT:NAMQ_10_GDP(1.0),24/10/24 23:00:00,Q,CP_MEUR,NSA,B1GQ,UK,1994-Q3,236924.6,
ESTAT:NAMQ_10_GDP(1.0),24/10/24 23:00:00,Q,CP_MEUR,NSA,B1GQ,UK,1994-Q4,248609.6,
ESTAT:NAMQ_10_GDP(1.0),24/10/24 23:00:00,Q,CP_MEUR,NSA,B1GQ,UK,1995-Q1,257589.8,
ESTAT:NAMQ_10_GDP(1.0),24/10/24 23:00:00,Q,CP_MEUR,NSA,B1GQ,UK,1995-Q2,248722.5,
ESTAT:NAMQ_10_GDP(1.0),24/10/24 23:00:00,Q,CP_MEUR,NSA,B1GQ,UK,1995-Q3,255889.4,
ESTAT:NAMQ_10_GDP(1.0),24/10/24 23:00:00,Q,CP_MEUR,NSA,B1GQ,UK,1995-Q4,263308.8,
ESTAT:NAMQ_10_GDP(1.0),24/10/24 23:00:00,Q,CP_MEUR,NSA,B1GQ,UK,1996-Q1,262343.7,
ESTAT:NAMQ_10_GDP(1.0),24/10/24 23:00:00,Q,CP_MEUR,NSA,B1GQ,UK,1996-Q2,270422.9,
ESTAT:NAMQ_10_GDP(1.0),24/10/24 23:00:00,Q,CP_MEUR,NSA,B1GQ,UK,1996-Q3,277865.2,
ESTAT:NAMQ_10_GDP(1.0),24/10/24 23:00:00,Q,CP_MEUR,NSA,B1GQ,UK,1996-Q4,306097.3,
ESTAT:NAMQ_10_GDP(1.0),24/10/24 23:00:00,Q,CP_MEUR,NSA,B1GQ,UK,1997-Q1,323587.7,
ESTAT:NAMQ_10_GDP(1.0),24/10/24 23:00:00,Q,CP_MEUR,NSA,B1GQ,UK,1997-Q2,335529.5,
ESTAT:NAMQ_10_GDP(1.0),24/10/24 23:00:00,Q,CP_MEUR,NSA,B1GQ,UK,1997-Q3,359287.4,
ESTAT:NAMQ_10_GDP(1.0),24/10/24 23:00:00,Q,CP_MEUR,NSA,B1GQ,UK,1997-Q4,357083.8,
ESTAT:NAMQ_10_GDP(1.0),24/10/24 23:00:00,Q,CP_MEUR,NSA,B1GQ,UK,1998-Q1,370127.5,
ESTAT:NAMQ_10_GDP(1.0),24/10/24 23:00:00,Q,CP_MEUR,NSA,B1GQ,UK,1998-Q2,367498.1,
ESTAT:NAMQ_10_GDP(1.0),24/10/24 23:00:00,Q,CP_MEUR,NSA,B1GQ,UK,1998-Q3,370068.2,
ESTAT:NAMQ_10_GDP(1.0),24/10/24 23:00:00,Q,CP_MEUR,NSA,B1GQ,UK,1998-Q4,367371.4,
ESTAT:NAMQ_10_GDP(1.0),24/10/24 23:00:00,Q,CP_MEUR,NSA,B1GQ,UK,1999-Q1,374308.0,
ESTAT:NAMQ_10_GDP(1.0),24/10/24 23:00:00,Q,CP_MEUR,NSA,B1GQ,UK,1999-Q2,386008.8,
ESTAT:NAMQ_10_GDP(1.0),24/10/24 23:00:00,Q,CP_MEUR,NSA,B1GQ,UK,1999-Q3,398874.7,
ESTAT:NAMQ_10_GDP(1.0),24/10/24 23:00:00,Q,CP_MEUR,NSA,B1GQ,UK,1999-Q4,420414.3,
ESTAT:NAMQ_10_GDP(1.0),24/10/24 23:00:00,Q,CP_MEUR,NSA,B1GQ,UK,2000-Q1,440537.4,
ESTAT:NAMQ_10_GDP(1.0),24/10/24 23:00:00,Q,CP_MEUR,NSA,B1GQ,UK,2000-Q2,443227.7,
ESTAT:NAMQ_10_GDP(1.0),24/10/24 23:00:00,Q,CP_MEUR,NSA,B1GQ,UK,2000-Q3,449471.8,
ESTAT:NAMQ_10_GDP(1.0),24/10/24 23:00:00,Q,CP_MEUR,NSA,B1GQ,UK,2000-Q4,465346.6,
ESTAT:NAMQ_10_GDP(1.0),24/10/24 23:00:00,Q,CP_MEUR,NSA,B1GQ,UK,2001-Q1,446002.2,
ESTAT:NAMQ_10_GDP(1.0),24/10/24 23:00:00,Q,CP_MEUR,NSA,B1GQ,UK,2001-Q2,456912.0,
ESTAT:NAMQ_10_GDP(1.0),24/10/24 23:00:00,Q,CP_MEUR,NSA,B1GQ,UK,2001-Q3,462239.3,
ESTAT:NAMQ_10_GDP(1.0),24/10/24 23:00:00,Q,CP_MEUR,NSA,B1GQ,UK,2001-Q4,465791.6,
ESTAT:NAMQ_10_GDP(1.0),24/10/24 23:00:00,Q,CP_MEUR,NSA,B1GQ,UK,2002-Q1,473216.6,
ESTAT:NAMQ_10_GDP(1.0),24/10/24 23:00:00,Q,CP_MEUR,NSA,B1GQ,UK,2002-Q2,465462.3,
ESTAT:NAMQ_10_GDP(1.0),24/10/24 23:00:00,Q,CP_MEUR,NSA,B1GQ,UK,2002-Q3,471230.7,
ESTAT:NAMQ_10_GDP(1.0),24/10/24 23:00:00,Q,CP_MEUR,NSA,B1GQ,UK,2002-Q4,479219.0,
ESTAT:NAMQ_10_GDP(1.0),24/10/24 23:00:00,Q,CP_MEUR,NSA,B1GQ,UK,2003-Q1,463144.2,
ESTAT:NAMQ_10_GDP(1.0),24/10/24 23:00:00,Q,CP_MEUR,NSA,B1GQ,UK,2003-Q2,438480.0,
ESTAT:NAMQ_10_GDP(1.0),24/10/24 23:00:00,Q,CP_MEUR,NSA,B1GQ,UK,2003-Q3,451962.5,
ESTAT:NAMQ_10_GDP(1.0),24/10/24 23:00:00,Q,CP_MEUR,NSA,B1GQ,UK,2003-Q4,462377.2,
ESTAT:NAMQ_10_GDP(1.0),24/10/24 23:00:00,Q,CP_MEUR,NSA,B1GQ,UK,2004-Q1,477684.0,
ESTAT:NAMQ_10_GDP(1.0),24/10/24 23:00:00,Q,CP_MEUR,NSA,B1GQ,UK,2004-Q2,486177.7,
ESTAT:NAMQ_10_GDP(1.0),24/10/24 23:00:00,Q,CP_MEUR,NSA,B1GQ,UK,2004-Q3,492308.4,
ESTAT:NAMQ_10_GDP(1.0),24/10/24 23:00:00,Q,CP_MEUR,NSA,B1GQ,UK,2004-Q4,485542.5,
ESTAT:NAMQ_10_GDP(1.0),24/10/24 23:00:00,Q,CP_MEUR,NSA,B1GQ,UK,2005-Q1,492967.3,
ESTAT:NAMQ_10_GDP(1.0),24/10/24 23:00:00,Q,CP_MEUR,NSA,B1GQ,UK,2005-Q2,507010.4,
ESTAT:NAMQ_10_GDP(1.0),24/10/24 23:00:00,Q,CP_MEUR,NSA,B1GQ,UK,2005-Q3,509774.1,
ESTAT:NAMQ_10_GDP(1.0),24/10/24 23:00:00,Q,CP_MEUR,NSA,B1GQ,UK,2005-Q4,527485.4,
ESTAT:NAMQ_10_GDP(1.0),24/10/24 23:00:00,Q,CP_MEUR,NSA,B1GQ,UK,2006-Q1,534073.6,
ESTAT:NAMQ_10_GDP(1.0),24/10/24 23:00:00,Q,CP_MEUR,NSA,B1GQ,UK,2006-Q2,522341.4,
ESTAT:NAMQ_10_GDP(1.0),24/10/24 23:00:00,Q,CP_MEUR,NSA,B1GQ,UK,2006-Q3,543998.7,
ESTAT:NAMQ_10_GDP(1.0),24/10/24 23:00:00,Q,CP_MEUR,NSA,B1GQ,UK,2006-Q4,557329.8,
ESTAT:NAMQ_10_GDP(1.0),24/10/24 23:00:00,Q,CP_MEUR,NSA,B1GQ,UK,2007-Q1,572200.4,
ESTAT:NAMQ_10_GDP(1.0),24/10/24 23:00:00,Q,CP_MEUR,NSA,B1GQ,UK,2007-Q2,555328.5,
ESTAT:NAMQ_10_GDP(1.0),24/10/24 23:00:00,Q,CP_MEUR,NSA,B1GQ,UK,2007-Q3,571138.7,
ESTAT:NAMQ_10_GDP(1.0),24/10/24 23:00:00,Q,CP_MEUR,NSA,B1GQ,UK,2007-Q4,560903.9,
ESTAT:NAMQ_10_GDP(1.0),24/10/24 23:00:00,Q,CP_MEUR,NSA,B1GQ,UK,2008-Q1,533889.9,
ESTAT:NAMQ_10_GDP(1.0),24/10/24 23:00:00,Q,CP_MEUR,NSA,B1GQ,UK,2008-Q2,497713.3,
ESTAT:NAMQ_10_GDP(1.0),24/10/24 23:00:00,Q,CP_MEUR,NSA,B1GQ,UK,2008-Q3,496837.9,
ESTAT:NAMQ_10_GDP(1.0),24/10/24 23:00:00,Q,CP_MEUR,NSA,B1GQ,UK,2008-Q4,471345.7,
ESTAT:NAMQ_10_GDP(1.0),24/10/24 23:00:00,Q,CP_MEUR,NSA,B1GQ,UK,2009-Q1,426623.6,
ESTAT:NAMQ_10_GDP(1.0),24/10/24 23:00:00,Q,CP_MEUR,NSA,B1GQ,UK,2009-Q2,431710.3,
ESTAT:NAMQ_10_GDP(1.0),24/10/24 23:00:00,Q,CP_MEUR,NSA,B1GQ,UK,2009-Q3,445919.6,
ESTAT:NAMQ_10_GDP(1.0),24/10/24 23:00:00,Q,CP_MEUR,NSA,B1GQ,UK,2009-Q4,434046.2,
ESTAT:NAMQ_10_GDP(1.0),24/10/24 23:00:00,Q,CP_MEUR,NSA,B1GQ,UK,2010-Q1,449130.2,
ESTAT:NAMQ_10_GDP(1.0),24/10/24 23:00:00,Q,CP_MEUR,NSA,B1GQ,UK,2010-Q2,465515.8,
ESTAT:NAMQ_10_GDP(1.0),24/10/24 23:00:00,Q,CP_MEUR,NSA,B1GQ,UK,2010-Q3,482029.9,
ESTAT:NAMQ_10_GDP(1.0),24/10/24 23:00:00,Q,CP_MEUR,NSA,B1GQ,UK,2010-Q4,475918.0,
ESTAT:NAMQ_10_GDP(1.0),24/10/24 23:00:00,Q,CP_MEUR,NSA,B1GQ,UK,2011-Q1,488607.0,
ESTAT:NAMQ_10_GDP(1.0),24/10/24 23:00:00,Q,CP_MEUR,NSA,B1GQ,UK,2011-Q2,462012.6,
ESTAT:NAMQ_10_GDP(1.0),24/10/24 23:00:00,Q,CP_MEUR,NSA,B1GQ,UK,2011-Q3,469546.5,
ESTAT:NAMQ_10_GDP(1.0),24/10/24 23:00:00,Q,CP_MEUR,NSA,B1GQ,UK,2011-Q4,493459.5,
ESTAT:NAMQ_10_GDP(1.0),24/10/24 23:00:00,Q,CP_MEUR,NSA,B1GQ,UK,2012-Q1,511938.0,
ESTAT:NAMQ_10_GDP(1.0),24/10/24 23:00:00,Q,CP_MEUR,NSA,B1GQ,UK,2012-Q2,517205.4,
ESTAT:NAMQ_10_GDP(1.0),24/10/24 23:00:00,Q,CP_MEUR,NSA,B1GQ,UK,2012-Q3,540630.2,
ESTAT:NAMQ_10_GDP(1.0),24/10/24 23:00:00,Q,CP_MEUR,NSA,B1GQ,UK,2012-Q4,542131.5,
ESTAT:NAMQ_10_GDP(1.0),24/10/24 23:00:00,Q,CP_MEUR,NSA,B1GQ,UK,2013-Q1,516480.8,
ESTAT:NAMQ_10_GDP(1.0),24/10/24 23:00:00,Q,CP_MEUR,NSA,B1GQ,UK,2013-Q2,515848.4,
ESTAT:NAMQ_10_GDP(1.0),24/10/24 23:00:00,Q,CP_MEUR,NSA,B1GQ,UK,2013-Q3,519917.4,
ESTAT:NAMQ_10_GDP(1.0),24/10/24 23:00:00,Q,CP_MEUR,NSA,B1GQ,UK,2013-Q4,544412.1,
ESTAT:NAMQ_10_GDP(1.0),24/10/24 23:00:00,Q,CP_MEUR,NSA,B1GQ,UK,2014-Q1,561699.3,
ESTAT:NAMQ_10_GDP(1.0),24/10/24 23:00:00,Q,CP_MEUR,NSA,B1GQ,UK,2014-Q2,566315.6,
ESTAT:NAMQ_10_GDP(1.0),24/10/24 23:00:00,Q,CP_MEUR,NSA,B1GQ,UK,2014-Q3,583906.1,
ESTAT:NAMQ_10_GDP(1.0),24/10/24 23:00:00,Q,CP_MEUR,NSA,B1GQ,UK,2014-Q4,599559.0,
ESTAT:NAMQ_10_GDP(1.0),24/10/24 23:00:00,Q,CP_MEUR,NSA,B1GQ,UK,2015-Q1,640119.2,
ESTAT:NAMQ_10_GDP(1.0),24/10/24 23:00:00,Q,CP_MEUR,NSA,B1GQ,UK,2015-Q2,661665.6,
ESTAT:NAMQ_10_GDP(1.0),24/10/24 23:00:00,Q,CP_MEUR,NSA,B1GQ,UK,2015-Q3,665909.2,
ESTAT:NAMQ_10_GDP(1.0),24/10/24 23:00:00,Q,CP_MEUR,NSA,B1GQ,UK,2015-Q4,677282.1,
ESTAT:NAMQ_10_GDP(1.0),24/10/24 23:00:00,Q,CP_MEUR,NSA,B1GQ,UK,2016-Q1,639943.1,
ESTAT:NAMQ_10_GDP(1.0),24/10/24 23:00:00,Q,CP_MEUR,NSA,B1GQ,UK,2016-Q2,630990.9,
ESTAT:NAMQ_10_GDP(1.0),24/10/24 23:00:00,Q,CP_MEUR,NSA,B1GQ,UK,2016-Q3,581709.5,
ESTAT:NAMQ_10_GDP(1.0),24/10/24 23:00:00,Q,CP_MEUR,NSA,B1GQ,UK,2016-Q4,587945.9,
ESTAT:NAMQ_10_GDP(1.0),24/10/24 23:00:00,Q,CP_MEUR,NSA,B1GQ,UK,2017-Q1,598730.4,
ESTAT:NAMQ_10_GDP(1.0),24/10/24 23:00:00,Q,CP_MEUR,NSA,B1GQ,UK,2017-Q2,593311.0,
ESTAT:NAMQ_10_GDP(1.0),24/10/24 23:00:00,Q,CP_MEUR,NSA,B1GQ,UK,2017-Q3,572327.6,
ESTAT:NAMQ_10_GDP(1.0),24/10/24 23:00:00,Q,CP_MEUR,NSA,B1GQ,UK,2017-Q4,596243.7,
ESTAT:NAMQ_10_GDP(1.0),24/10/24 23:00:00,Q,CP_MEUR,NSA,B1GQ,UK,2018-Q1,598489.9,
ESTAT:NAMQ_10_GDP(1.0),24/10/24 23:00:00,Q,CP_MEUR,NSA,B1GQ,UK,2018-Q2,604984.2,
ESTAT:NAMQ_10_GDP(1.0),24/10/24 23:00:00,Q,CP_MEUR,NSA,B1GQ,UK,2018-Q3,599328.8,
ESTAT:NAMQ_10_GDP(1.0),24/10/24 23:00:00,Q,CP_MEUR,NSA,B1GQ,UK,2018-Q4,618302.6,
ESTAT:NAMQ_10_GDP(1.0),24/10/24 23:00:00,Q,CP_MEUR,NSA,B1GQ,UK,2019-Q1,631105.7,
ESTAT:NAMQ_10_GDP(1.0),24/10/24 23:00:00,Q,CP_MEUR,NSA,B1GQ,UK,2019-Q2,623637.1,
ESTAT:NAMQ_10_GDP(1.0),24/10/24 23:00:00,Q,CP_MEUR,NSA,B1GQ,UK,2019-Q3,612678.3,
ESTAT:NAMQ_10_GDP(1.0),24/10/24 23:00:00,Q,CP_MEUR,NSA,B1GQ,UK,2019-Q4,660925.0,
ESTAT:NAMQ_10_GDP(1.0),24/10/24 23:00:00,Q,CP_MEUR,NSA,B1GQ,UK,2020-Q1,643452.6,
ESTAT:NAMQ_10_GDP(1.0),24/10/24 23:00:00,Q,CP_MEUR,NSA,B1GQ,UK,2020-Q2,530595.8,
ESTAT:NAMQ_10_GDP(1.0),24/10/24 23:00:00,Q,CP_MEUR,NSA,B1GQ,UK,2020-Q3,580977.6,
ESTAT:NAMQ_10_GDP(1.0),24/10/24 23:00:00,Q,CP_MEUR,NSA,B1GQ,XK,2010-Q1,819.4,
ESTAT:NAMQ_10_GDP(1.0),24/10/24 23:00:00,Q,CP_MEUR,NSA,B1GQ,XK,2010-Q2,1063.1,
ESTAT:NAMQ_10_GDP(1.0),24/10/24 23:00:00,Q,CP_MEUR,NSA,B1GQ,XK,2010-Q3,1098.7,
ESTAT:NAMQ_10_GDP(1.0),24/10/24 23:00:00,Q,CP_MEUR,NSA,B1GQ,XK,2010-Q4,1049.7,
ESTAT:NAMQ_10_GDP(1.0),24/10/24 23:00:00,Q,CP_MEUR,NSA,B1GQ,XK,2011-Q1,921.9,
ESTAT:NAMQ_10_GDP(1.0),24/10/24 23:00:00,Q,CP_MEUR,NSA,B1GQ,XK,2011-Q2,1177.6,
ESTAT:NAMQ_10_GDP(1.0),24/10/24 23:00:00,Q,CP_MEUR,NSA,B1GQ,XK,2011-Q3,1279.9,
ESTAT:NAMQ_10_GDP(1.0),24/10/24 23:00:00,Q,CP_MEUR,NSA,B1GQ,XK,2011-Q4,1176.4,
ESTAT:NAMQ_10_GDP(1.0),24/10/24 23:00:00,Q,CP_MEUR,NSA,B1GQ,XK,2012-Q1,958.0,
ESTAT:NAMQ_10_GDP(1.0),24/10/24 23:00:00,Q,CP_MEUR,NSA,B1GQ,XK,2012-Q2,1250.1,
ESTAT:NAMQ_10_GDP(1.0),24/10/24 23:00:00,Q,CP_MEUR,NSA,B1GQ,XK,2012-Q3,1348.7,
ESTAT:NAMQ_10_GDP(1.0),24/10/24 23:00:00,Q,CP_MEUR,NSA,B1GQ,XK,2012-Q4,1240.5,
ESTAT:NAMQ_10_GDP(1.0),24/10/24 23:00:00,Q,CP_MEUR,NSA,B1GQ,XK,2013-Q1,1019.0,
ESTAT:NAMQ_10_GDP(1.0),24/10/24 23:00:00,Q,CP_MEUR,NSA,B1GQ,XK,2013-Q2,1324.3,
ESTAT:NAMQ_10_GDP(1.0),24/10/24 23:00:00,Q,CP_MEUR,NSA,B1GQ,XK,2013-Q3,1416.6,
ESTAT:NAMQ_10_GDP(1.0),24/10/24 23:00:00,Q,CP_MEUR,NSA,B1GQ,XK,2013-Q4,1311.5,
ESTAT:NAMQ_10_GDP(1.0),24/10/24 23:00:00,Q,CP_MEUR,NSA,B1GQ,XK,2014-Q1,1102.0,
ESTAT:NAMQ_10_GDP(1.0),24/10/24 23:00:00,Q,CP_MEUR,NSA,B1GQ,XK,2014-Q2,1359.4,
ESTAT:NAMQ_10_GDP(1.0),24/10/24 23:00:00,Q,CP_MEUR,NSA,B1GQ,XK,2014-Q3,1477.4,
ESTAT:NAMQ_10_GDP(1.0),24/10/24 23:00:00,Q,CP_MEUR,NSA,B1GQ,XK,2014-Q4,1386.3,
ESTAT:NAMQ_10_GDP(1.0),24/10/24 23:00:00,Q,CP_MEUR,NSA,B1GQ,XK,2015-Q1,1179.9,
ESTAT:NAMQ_10_GDP(1.0),24/10/24 23:00:00,Q,CP_MEUR,NSA,B1GQ,XK,2015-Q2,1440.7,
ESTAT:NAMQ_10_GDP(1.0),24/10/24 23:00:00,Q,CP_MEUR,NSA,B1GQ,XK,2015-Q3,1581.3,
ESTAT:NAMQ_10_GDP(1.0),24/10/24 23:00:00,Q,CP_MEUR,NSA,B1GQ,XK,2015-Q4,1472.6,
ESTAT:NAMQ_10_GDP(1.0),24/10/24 23:00:00,Q,CP_MEUR,NSA,B1GQ,XK,2016-Q1,1263.7,
ESTAT:NAMQ_10_GDP(1.0),24/10/24 23:00:00,Q,CP_MEUR,NSA,B1GQ,XK,2016-Q2,1547.0,
ESTAT:NAMQ_10_GDP(1.0),24/10/24 23:00:00,Q,CP_MEUR,NSA,B1GQ,XK,2016-Q3,1673.8,
ESTAT:NAMQ_10_GDP(1.0),24/10/24 23:00:00,Q,CP_MEUR,NSA,B1GQ,XK,2016-Q4,1552.8,
ESTAT:NAMQ_10_GDP(1.0),24/10/24 23:00:00,Q,CP_MEUR,NSA,B1GQ,XK,2017-Q1,1320.8,
ESTAT:NAMQ_10_GDP(1.0),24/10/24 23:00:00,Q,CP_MEUR,NSA,B1GQ,XK,2017-Q2,1638.1,
ESTAT:NAMQ_10_GDP(1.0),24/10/24 23:00:00,Q,CP_MEUR,NSA,B1GQ,XK,2017-Q3,1773.9,
ESTAT:NAMQ_10_GDP(1.0),24/10/24 23:00:00,Q,CP_MEUR,NSA,B1GQ,XK,2017-Q4,1623.7,
ESTAT:NAMQ_10_GDP(1.0),24/10/24 23:00:00,Q,CP_MEUR,NSA,B1GQ,XK,2018-Q1,1395.6,
ESTAT:NAMQ_10_GDP(1.0),24/10/24 23:00:00,Q,CP_MEUR,NSA,B1GQ,XK,2018-Q2,1720.3,
ESTAT:NAMQ_10_GDP(1.0),24/10/24 23:00:00,Q,CP_MEUR,NSA,B1GQ,XK,2018-Q3,1843.0,
ESTAT:NAMQ_10_GDP(1.0),24/10/24 23:00:00,Q,CP_MEUR,NSA,B1GQ,XK,2018-Q4,1712.7,
ESTAT:NAMQ_10_GDP(1.0),24/10/24 23:00:00,Q,CP_MEUR,NSA,B1GQ,XK,2019-Q1,1474.0,
ESTAT:NAMQ_10_GDP(1.0),24/10/24 23:00:00,Q,CP_MEUR,NSA,B1GQ,XK,2019-Q2,1818.1,
ESTAT:NAMQ_10_GDP(1.0),24/10/24 23:00:00,Q,CP_MEUR,NSA,B1GQ,XK,2019-Q3,1953.9,
ESTAT:NAMQ_10_GDP(1.0),24/10/24 23:00:00,Q,CP_MEUR,NSA,B1GQ,XK,2019-Q4,1810.1,
ESTAT:NAMQ_10_GDP(1.0),24/10/24 23:00:00,Q,CP_MEUR,NSA,B1GQ,XK,2020-Q1,1497.3,
ESTAT:NAMQ_10_GDP(1.0),24/10/24 23:00:00,Q,CP_MEUR,NSA,B1GQ,XK,2020-Q2,1594.3,
ESTAT:NAMQ_10_GDP(1.0),24/10/24 23:00:00,Q,CP_MEUR,NSA,B1GQ,XK,2020-Q3,1834.2,
ESTAT:NAMQ_10_GDP(1.0),24/10/24 23:00:00,Q,CP_MEUR,NSA,B1GQ,XK,2020-Q4,1845.8,
ESTAT:NAMQ_10_GDP(1.0),24/10/24 23:00:00,Q,CP_MEUR,NSA,B1GQ,XK,2021-Q1,1628.5,
ESTAT:NAMQ_10_GDP(1.0),24/10/24 23:00:00,Q,CP_MEUR,NSA,B1GQ,XK,2021-Q2,1925.6,
ESTAT:NAMQ_10_GDP(1.0),24/10/24 23:00:00,Q,CP_MEUR,NSA,B1GQ,XK,2021-Q3,2234.1,
ESTAT:NAMQ_10_GDP(1.0),24/10/24 23:00:00,Q,CP_MEUR,NSA,B1GQ,XK,2021-Q4,2169.7,
ESTAT:NAMQ_10_GDP(1.0),24/10/24 23:00:00,Q,CP_MEUR,NSA,B1GQ,XK,2022-Q1,1786.3,
ESTAT:NAMQ_10_GDP(1.0),24/10/24 23:00:00,Q,CP_MEUR,NSA,B1GQ,XK,2022-Q2,2125.5,
ESTAT:NAMQ_10_GDP(1.0),24/10/24 23:00:00,Q,CP_MEUR,NSA,B1GQ,XK,2022-Q3,2527.0,
ESTAT:NAMQ_10_GDP(1.0),24/10/24 23:00:00,Q,CP_MEUR,NSA,B1GQ,XK,2022-Q4,2456.9,
ESTAT:NAMQ_10_GDP(1.0),24/10/24 23:00:00,Q,CP_MEUR,NSA,B1GQ,XK,2023-Q1,1935.3,p
ESTAT:NAMQ_10_GDP(1.0),24/10/24 23:00:00,Q,CP_MEUR,NSA,B1GQ,XK,2023-Q2,2274.3,p
ESTAT:NAMQ_10_GDP(1.0),24/10/24 23:00:00,Q,CP_MEUR,NSA,B1GQ,XK,2023-Q3,2751.8,p
ESTAT:NAMQ_10_GDP(1.0),24/10/24 23:00:00,Q,CP_MEUR,NSA,B1GQ,XK,2023-Q4,2694.0,p
ESTAT:NAMQ_10_GDP(1.0),24/10/24 23:00:00,Q,CP_MEUR,NSA,B1GQ,XK,2024-Q1,2094.5,p
