"konsumgruppe";"måned";"statistikkvariabel";"03013: Konsumprisindeks, etter konsumgruppe, måned og statistikkvariabel"
"TOTAL Totalindeks";"1979M01";"Konsumprisindeks (2015=100)";25,3
"TOTAL Totalindeks";"1979M01";"Månedsendring (prosent)";0
"TOTAL Totalindeks";"1979M01";"12-måneders endring (prosent)";5,9
"TOTAL Totalindeks";"1979M02";"Konsumprisindeks (2015=100)";25,4
"TOTAL Totalindeks";"1979M02";"Månedsendring (prosent)";0,4
"TOTAL Totalindeks";"1979M02";"12-måneders endring (prosent)";5,8
"TOTAL Totalindeks";"1979M03";"Konsumprisindeks (2015=100)";25,5
"TOTAL Totalindeks";"1979M03";"Månedsendring (prosent)";0,4
"TOTAL Totalindeks";"1979M03";"12-måneders endring (prosent)";4,9
"TOTAL Totalindeks";"1979M04";"Konsumprisindeks (2015=100)";25,6
"TOTAL Totalindeks";"1979M04";"Månedsendring (prosent)";0,4
"TOTAL Totalindeks";"1979M04";"12-måneders endring (prosent)";4,9
"TOTAL Totalindeks";"1979M05";"Konsumprisindeks (2015=100)";25,7
"TOTAL Totalindeks";"1979M05";"Månedsendring (prosent)";0,4
"TOTAL Totalindeks";"1979M05";"12-måneders endring (prosent)";5,3
"TOTAL Totalindeks";"1979M06";"Konsumprisindeks (2015=100)";25,8
"TOTAL Totalindeks";"1979M06";"Månedsendring (prosent)";0,4
"TOTAL Totalindeks";"1979M06";"12-måneders endring (prosent)";4,9
"TOTAL Totalindeks";"1979M07";"Konsumprisindeks (2015=100)";26
"TOTAL Totalindeks";"1979M07";"Månedsendring (prosent)";0,8
"TOTAL Totalindeks";"1979M07";"12-måneders endring (prosent)";4,4
"TOTAL Totalindeks";"1979M08";"Konsumprisindeks (2015=100)";26
"TOTAL Totalindeks";"1979M08";"Månedsendring (prosent)";0
"TOTAL Totalindeks";"1979M08";"12-måneders endring (prosent)";4,4
"TOTAL Totalindeks";"1979M09";"Konsumprisindeks (2015=100)";26,1
"TOTAL Totalindeks";"1979M09";"Månedsendring (prosent)";0,4
"TOTAL Totalindeks";"1979M09";"12-måneders endring (prosent)";3,6
"TOTAL Totalindeks";"1979M10";"Konsumprisindeks (2015=100)";26,3
"TOTAL Totalindeks";"1979M10";"Månedsendring (prosent)";0,8
"TOTAL Totalindeks";"1979M10";"12-måneders endring (prosent)";4
"TOTAL Totalindeks";"1979M11";"Konsumprisindeks (2015=100)";26,5
"TOTAL Totalindeks";"1979M11";"Månedsendring (prosent)";0,8
"TOTAL Totalindeks";"1979M11";"12-måneders endring (prosent)";4,7
"TOTAL Totalindeks";"1979M12";"Konsumprisindeks (2015=100)";26,5
"TOTAL Totalindeks";"1979M12";"Månedsendring (prosent)";0
"TOTAL Totalindeks";"1979M12";"12-måneders endring (prosent)";4,7
"TOTAL Totalindeks";"1980M01";"Konsumprisindeks (2015=100)";26,9
"TOTAL Totalindeks";"1980M01";"Månedsendring (prosent)";1,5
"TOTAL Totalindeks";"1980M01";"12-måneders endring (prosent)";6,3
"TOTAL Totalindeks";"1980M02";"Konsumprisindeks (2015=100)";27,4
"TOTAL Totalindeks";"1980M02";"Månedsendring (prosent)";1,9
"TOTAL Totalindeks";"1980M02";"12-måneders endring (prosent)";7,9
"TOTAL Totalindeks";"1980M03";"Konsumprisindeks (2015=100)";27,8
"TOTAL Totalindeks";"1980M03";"Månedsendring (prosent)";1,5
"TOTAL Totalindeks";"1980M03";"12-måneders endring (prosent)";9
"TOTAL Totalindeks";"1980M04";"Konsumprisindeks (2015=100)";28
"TOTAL Totalindeks";"1980M04";"Månedsendring (prosent)";0,7
"TOTAL Totalindeks";"1980M04";"12-måneders endring (prosent)";9,4
"TOTAL Totalindeks";"1980M05";"Konsumprisindeks (2015=100)";28,3
"TOTAL Totalindeks";"1980M05";"Månedsendring (prosent)";1,1
"TOTAL Totalindeks";"1980M05";"12-måneders endring (prosent)";10,1
"TOTAL Totalindeks";"1980M06";"Konsumprisindeks (2015=100)";28,7
"TOTAL Totalindeks";"1980M06";"Månedsendring (prosent)";1,4
"TOTAL Totalindeks";"1980M06";"12-måneders endring (prosent)";11,2
"TOTAL Totalindeks";"1980M07";"Konsumprisindeks (2015=100)";29
"TOTAL Totalindeks";"1980M07";"Månedsendring (prosent)";1
"TOTAL Totalindeks";"1980M07";"12-måneders endring (prosent)";11,5
"TOTAL Totalindeks";"1980M08";"Konsumprisindeks (2015=100)";29,2
"TOTAL Totalindeks";"1980M08";"Månedsendring (prosent)";0,7
"TOTAL Totalindeks";"1980M08";"12-måneders endring (prosent)";12,3
"TOTAL Totalindeks";"1980M09";"Konsumprisindeks (2015=100)";29,5
"TOTAL Totalindeks";"1980M09";"Månedsendring (prosent)";1
"TOTAL Totalindeks";"1980M09";"12-måneders endring (prosent)";13
"TOTAL Totalindeks";"1980M10";"Konsumprisindeks (2015=100)";29,7
"TOTAL Totalindeks";"1980M10";"Månedsendring (prosent)";0,7
"TOTAL Totalindeks";"1980M10";"12-måneders endring (prosent)";12,9
"TOTAL Totalindeks";"1980M11";"Konsumprisindeks (2015=100)";29,9
"TOTAL Totalindeks";"1980M11";"Månedsendring (prosent)";0,7
"TOTAL Totalindeks";"1980M11";"12-måneders endring (prosent)";12,8
"TOTAL Totalindeks";"1980M12";"Konsumprisindeks (2015=100)";30,1
"TOTAL Totalindeks";"1980M12";"Månedsendring (prosent)";0,7
"TOTAL Totalindeks";"1980M12";"12-måneders endring (prosent)";13,6
"TOTAL Totalindeks";"1981M01";"Konsumprisindeks (2015=100)";31
"TOTAL Totalindeks";"1981M01";"Månedsendring (prosent)";3
"TOTAL Totalindeks";"1981M01";"12-måneders endring (prosent)";15,2
"TOTAL Totalindeks";"1981M02";"Konsumprisindeks (2015=100)";31,3
"TOTAL Totalindeks";"1981M02";"Månedsendring (prosent)";1
"TOTAL Totalindeks";"1981M02";"12-måneders endring (prosent)";14,2
"TOTAL Totalindeks";"1981M03";"Konsumprisindeks (2015=100)";31,9
"TOTAL Totalindeks";"1981M03";"Månedsendring (prosent)";1,9
"TOTAL Totalindeks";"1981M03";"12-måneders endring (prosent)";14,7
"TOTAL Totalindeks";"1981M04";"Konsumprisindeks (2015=100)";32,1
"TOTAL Totalindeks";"1981M04";"Månedsendring (prosent)";0,6
"TOTAL Totalindeks";"1981M04";"12-måneders endring (prosent)";14,6
"TOTAL Totalindeks";"1981M05";"Konsumprisindeks (2015=100)";32,2
"TOTAL Totalindeks";"1981M05";"Månedsendring (prosent)";0,3
"TOTAL Totalindeks";"1981M05";"12-måneders endring (prosent)";13,8
"TOTAL Totalindeks";"1981M06";"Konsumprisindeks (2015=100)";32,6
"TOTAL Totalindeks";"1981M06";"Månedsendring (prosent)";1,2
"TOTAL Totalindeks";"1981M06";"12-måneders endring (prosent)";13,6
"TOTAL Totalindeks";"1981M07";"Konsumprisindeks (2015=100)";33,1
"TOTAL Totalindeks";"1981M07";"Månedsendring (prosent)";1,5
"TOTAL Totalindeks";"1981M07";"12-måneders endring (prosent)";14,1
"TOTAL Totalindeks";"1981M08";"Konsumprisindeks (2015=100)";33,1
"TOTAL Totalindeks";"1981M08";"Månedsendring (prosent)";0
"TOTAL Totalindeks";"1981M08";"12-måneders endring (prosent)";13,4
"TOTAL Totalindeks";"1981M09";"Konsumprisindeks (2015=100)";33,4
"TOTAL Totalindeks";"1981M09";"Månedsendring (prosent)";0,9
"TOTAL Totalindeks";"1981M09";"12-måneders endring (prosent)";13,2
"TOTAL Totalindeks";"1981M10";"Konsumprisindeks (2015=100)";33,5
"TOTAL Totalindeks";"1981M10";"Månedsendring (prosent)";0,3
"TOTAL Totalindeks";"1981M10";"12-måneders endring (prosent)";12,8
"TOTAL Totalindeks";"1981M11";"Konsumprisindeks (2015=100)";33,6
"TOTAL Totalindeks";"1981M11";"Månedsendring (prosent)";0,3
"TOTAL Totalindeks";"1981M11";"12-måneders endring (prosent)";12,4
"TOTAL Totalindeks";"1981M12";"Konsumprisindeks (2015=100)";33,7
"TOTAL Totalindeks";"1981M12";"Månedsendring (prosent)";0,3
"TOTAL Totalindeks";"1981M12";"12-måneders endring (prosent)";12
"TOTAL Totalindeks";"1982M01";"Konsumprisindeks (2015=100)";34,8
"TOTAL Totalindeks";"1982M01";"Månedsendring (prosent)";3,3
"TOTAL Totalindeks";"1982M01";"12-måneders endring (prosent)";12,3
"TOTAL Totalindeks";"1982M02";"Konsumprisindeks (2015=100)";35
"TOTAL Totalindeks";"1982M02";"Månedsendring (prosent)";0,6
"TOTAL Totalindeks";"1982M02";"12-måneders endring (prosent)";11,8
"TOTAL Totalindeks";"1982M03";"Konsumprisindeks (2015=100)";35,6
"TOTAL Totalindeks";"1982M03";"Månedsendring (prosent)";1,7
"TOTAL Totalindeks";"1982M03";"12-måneders endring (prosent)";11,6
"TOTAL Totalindeks";"1982M04";"Konsumprisindeks (2015=100)";35,7
"TOTAL Totalindeks";"1982M04";"Månedsendring (prosent)";0,3
"TOTAL Totalindeks";"1982M04";"12-måneders endring (prosent)";11,2
"TOTAL Totalindeks";"1982M05";"Konsumprisindeks (2015=100)";35,8
"TOTAL Totalindeks";"1982M05";"Månedsendring (prosent)";0,3
"TOTAL Totalindeks";"1982M05";"12-måneders endring (prosent)";11,2
"TOTAL Totalindeks";"1982M06";"Konsumprisindeks (2015=100)";36,1
"TOTAL Totalindeks";"1982M06";"Månedsendring (prosent)";0,8
"TOTAL Totalindeks";"1982M06";"12-måneders endring (prosent)";10,7
"TOTAL Totalindeks";"1982M07";"Konsumprisindeks (2015=100)";36,7
"TOTAL Totalindeks";"1982M07";"Månedsendring (prosent)";1,7
"TOTAL Totalindeks";"1982M07";"12-måneders endring (prosent)";10,9
"TOTAL Totalindeks";"1982M08";"Konsumprisindeks (2015=100)";36,7
"TOTAL Totalindeks";"1982M08";"Månedsendring (prosent)";0
"TOTAL Totalindeks";"1982M08";"12-måneders endring (prosent)";10,9
"TOTAL Totalindeks";"1982M09";"Konsumprisindeks (2015=100)";37
"TOTAL Totalindeks";"1982M09";"Månedsendring (prosent)";0,8
"TOTAL Totalindeks";"1982M09";"12-måneders endring (prosent)";10,8
"TOTAL Totalindeks";"1982M10";"Konsumprisindeks (2015=100)";37,3
"TOTAL Totalindeks";"1982M10";"Månedsendring (prosent)";0,8
"TOTAL Totalindeks";"1982M10";"12-måneders endring (prosent)";11,3
"TOTAL Totalindeks";"1982M11";"Konsumprisindeks (2015=100)";37,5
"TOTAL Totalindeks";"1982M11";"Månedsendring (prosent)";0,5
"TOTAL Totalindeks";"1982M11";"12-måneders endring (prosent)";11,6
"TOTAL Totalindeks";"1982M12";"Konsumprisindeks (2015=100)";37,7
"TOTAL Totalindeks";"1982M12";"Månedsendring (prosent)";0,5
"TOTAL Totalindeks";"1982M12";"12-måneders endring (prosent)";11,9
"TOTAL Totalindeks";"1983M01";"Konsumprisindeks (2015=100)";38,3
"TOTAL Totalindeks";"1983M01";"Månedsendring (prosent)";1,6
"TOTAL Totalindeks";"1983M01";"12-måneders endring (prosent)";10,1
"TOTAL Totalindeks";"1983M02";"Konsumprisindeks (2015=100)";38,5
"TOTAL Totalindeks";"1983M02";"Månedsendring (prosent)";0,5
"TOTAL Totalindeks";"1983M02";"12-måneders endring (prosent)";10
"TOTAL Totalindeks";"1983M03";"Konsumprisindeks (2015=100)";38,9
"TOTAL Totalindeks";"1983M03";"Månedsendring (prosent)";1
"TOTAL Totalindeks";"1983M03";"12-måneders endring (prosent)";9,3
"TOTAL Totalindeks";"1983M04";"Konsumprisindeks (2015=100)";39
"TOTAL Totalindeks";"1983M04";"Månedsendring (prosent)";0,3
"TOTAL Totalindeks";"1983M04";"12-måneders endring (prosent)";9,2
"TOTAL Totalindeks";"1983M05";"Konsumprisindeks (2015=100)";39,1
"TOTAL Totalindeks";"1983M05";"Månedsendring (prosent)";0,3
"TOTAL Totalindeks";"1983M05";"12-måneders endring (prosent)";9,2
"TOTAL Totalindeks";"1983M06";"Konsumprisindeks (2015=100)";39,3
"TOTAL Totalindeks";"1983M06";"Månedsendring (prosent)";0,5
"TOTAL Totalindeks";"1983M06";"12-måneders endring (prosent)";8,9
"TOTAL Totalindeks";"1983M07";"Konsumprisindeks (2015=100)";39,6
"TOTAL Totalindeks";"1983M07";"Månedsendring (prosent)";0,8
"TOTAL Totalindeks";"1983M07";"12-måneders endring (prosent)";7,9
"TOTAL Totalindeks";"1983M08";"Konsumprisindeks (2015=100)";39,5
"TOTAL Totalindeks";"1983M08";"Månedsendring (prosent)";-0,3
"TOTAL Totalindeks";"1983M08";"12-måneders endring (prosent)";7,6
"TOTAL Totalindeks";"1983M09";"Konsumprisindeks (2015=100)";39,9
"TOTAL Totalindeks";"1983M09";"Månedsendring (prosent)";1
"TOTAL Totalindeks";"1983M09";"12-måneders endring (prosent)";7,8
"TOTAL Totalindeks";"1983M10";"Konsumprisindeks (2015=100)";40,1
"TOTAL Totalindeks";"1983M10";"Månedsendring (prosent)";0,5
"TOTAL Totalindeks";"1983M10";"12-måneders endring (prosent)";7,5
"TOTAL Totalindeks";"1983M11";"Konsumprisindeks (2015=100)";40,2
"TOTAL Totalindeks";"1983M11";"Månedsendring (prosent)";0,2
"TOTAL Totalindeks";"1983M11";"12-måneders endring (prosent)";7,2
"TOTAL Totalindeks";"1983M12";"Konsumprisindeks (2015=100)";40,4
"TOTAL Totalindeks";"1983M12";"Månedsendring (prosent)";0,5
"TOTAL Totalindeks";"1983M12";"12-måneders endring (prosent)";7,2
"TOTAL Totalindeks";"1984M01";"Konsumprisindeks (2015=100)";40,7
"TOTAL Totalindeks";"1984M01";"Månedsendring (prosent)";0,7
"TOTAL Totalindeks";"1984M01";"12-måneders endring (prosent)";6,3
"TOTAL Totalindeks";"1984M02";"Konsumprisindeks (2015=100)";40,9
"TOTAL Totalindeks";"1984M02";"Månedsendring (prosent)";0,5
"TOTAL Totalindeks";"1984M02";"12-måneders endring (prosent)";6,2
"TOTAL Totalindeks";"1984M03";"Konsumprisindeks (2015=100)";41,4
"TOTAL Totalindeks";"1984M03";"Månedsendring (prosent)";1,2
"TOTAL Totalindeks";"1984M03";"12-måneders endring (prosent)";6,4
"TOTAL Totalindeks";"1984M04";"Konsumprisindeks (2015=100)";41,6
"TOTAL Totalindeks";"1984M04";"Månedsendring (prosent)";0,5
"TOTAL Totalindeks";"1984M04";"12-måneders endring (prosent)";6,7
"TOTAL Totalindeks";"1984M05";"Konsumprisindeks (2015=100)";41,6
"TOTAL Totalindeks";"1984M05";"Månedsendring (prosent)";0
"TOTAL Totalindeks";"1984M05";"12-måneders endring (prosent)";6,4
"TOTAL Totalindeks";"1984M06";"Konsumprisindeks (2015=100)";41,8
"TOTAL Totalindeks";"1984M06";"Månedsendring (prosent)";0,5
"TOTAL Totalindeks";"1984M06";"12-måneders endring (prosent)";6,4
"TOTAL Totalindeks";"1984M07";"Konsumprisindeks (2015=100)";42
"TOTAL Totalindeks";"1984M07";"Månedsendring (prosent)";0,5
"TOTAL Totalindeks";"1984M07";"12-måneders endring (prosent)";6,1
"TOTAL Totalindeks";"1984M08";"Konsumprisindeks (2015=100)";42
"TOTAL Totalindeks";"1984M08";"Månedsendring (prosent)";0
"TOTAL Totalindeks";"1984M08";"12-måneders endring (prosent)";6,3
"TOTAL Totalindeks";"1984M09";"Konsumprisindeks (2015=100)";42,3
"TOTAL Totalindeks";"1984M09";"Månedsendring (prosent)";0,7
"TOTAL Totalindeks";"1984M09";"12-måneders endring (prosent)";6
"TOTAL Totalindeks";"1984M10";"Konsumprisindeks (2015=100)";42,5
"TOTAL Totalindeks";"1984M10";"Månedsendring (prosent)";0,5
"TOTAL Totalindeks";"1984M10";"12-måneders endring (prosent)";6
"TOTAL Totalindeks";"1984M11";"Konsumprisindeks (2015=100)";42,6
"TOTAL Totalindeks";"1984M11";"Månedsendring (prosent)";0,2
"TOTAL Totalindeks";"1984M11";"12-måneders endring (prosent)";6
"TOTAL Totalindeks";"1984M12";"Konsumprisindeks (2015=100)";42,8
"TOTAL Totalindeks";"1984M12";"Månedsendring (prosent)";0,5
"TOTAL Totalindeks";"1984M12";"12-måneders endring (prosent)";5,9
"TOTAL Totalindeks";"1985M01";"Konsumprisindeks (2015=100)";43,1
"TOTAL Totalindeks";"1985M01";"Månedsendring (prosent)";0,7
"TOTAL Totalindeks";"1985M01";"12-måneders endring (prosent)";5,9
"TOTAL Totalindeks";"1985M02";"Konsumprisindeks (2015=100)";43,2
"TOTAL Totalindeks";"1985M02";"Månedsendring (prosent)";0,2
"TOTAL Totalindeks";"1985M02";"12-måneders endring (prosent)";5,6
"TOTAL Totalindeks";"1985M03";"Konsumprisindeks (2015=100)";43,7
"TOTAL Totalindeks";"1985M03";"Månedsendring (prosent)";1,2
"TOTAL Totalindeks";"1985M03";"12-måneders endring (prosent)";5,6
"TOTAL Totalindeks";"1985M04";"Konsumprisindeks (2015=100)";43,9
"TOTAL Totalindeks";"1985M04";"Månedsendring (prosent)";0,5
"TOTAL Totalindeks";"1985M04";"12-måneders endring (prosent)";5,5
"TOTAL Totalindeks";"1985M05";"Konsumprisindeks (2015=100)";44
"TOTAL Totalindeks";"1985M05";"Månedsendring (prosent)";0,2
"TOTAL Totalindeks";"1985M05";"12-måneders endring (prosent)";5,8
"TOTAL Totalindeks";"1985M06";"Konsumprisindeks (2015=100)";44,3
"TOTAL Totalindeks";"1985M06";"Månedsendring (prosent)";0,7
"TOTAL Totalindeks";"1985M06";"12-måneders endring (prosent)";6
"TOTAL Totalindeks";"1985M07";"Konsumprisindeks (2015=100)";44,5
"TOTAL Totalindeks";"1985M07";"Månedsendring (prosent)";0,5
"TOTAL Totalindeks";"1985M07";"12-måneders endring (prosent)";6
"TOTAL Totalindeks";"1985M08";"Konsumprisindeks (2015=100)";44,3
"TOTAL Totalindeks";"1985M08";"Månedsendring (prosent)";-0,4
"TOTAL Totalindeks";"1985M08";"12-måneders endring (prosent)";5,5
"TOTAL Totalindeks";"1985M09";"Konsumprisindeks (2015=100)";44,8
"TOTAL Totalindeks";"1985M09";"Månedsendring (prosent)";1,1
"TOTAL Totalindeks";"1985M09";"12-måneders endring (prosent)";5,9
"TOTAL Totalindeks";"1985M10";"Konsumprisindeks (2015=100)";44,9
"TOTAL Totalindeks";"1985M10";"Månedsendring (prosent)";0,2
"TOTAL Totalindeks";"1985M10";"12-måneders endring (prosent)";5,6
"TOTAL Totalindeks";"1985M11";"Konsumprisindeks (2015=100)";45
"TOTAL Totalindeks";"1985M11";"Månedsendring (prosent)";0,2
"TOTAL Totalindeks";"1985M11";"12-måneders endring (prosent)";5,6
"TOTAL Totalindeks";"1985M12";"Konsumprisindeks (2015=100)";45,2
"TOTAL Totalindeks";"1985M12";"Månedsendring (prosent)";0,4
"TOTAL Totalindeks";"1985M12";"12-måneders endring (prosent)";5,6
"TOTAL Totalindeks";"1986M01";"Konsumprisindeks (2015=100)";45,6
"TOTAL Totalindeks";"1986M01";"Månedsendring (prosent)";0,9
"TOTAL Totalindeks";"1986M01";"12-måneders endring (prosent)";5,8
"TOTAL Totalindeks";"1986M02";"Konsumprisindeks (2015=100)";45,8
"TOTAL Totalindeks";"1986M02";"Månedsendring (prosent)";0,4
"TOTAL Totalindeks";"1986M02";"12-måneders endring (prosent)";6
"TOTAL Totalindeks";"1986M03";"Konsumprisindeks (2015=100)";46,1
"TOTAL Totalindeks";"1986M03";"Månedsendring (prosent)";0,7
"TOTAL Totalindeks";"1986M03";"12-måneders endring (prosent)";5,5
"TOTAL Totalindeks";"1986M04";"Konsumprisindeks (2015=100)";46,4
"TOTAL Totalindeks";"1986M04";"Månedsendring (prosent)";0,7
"TOTAL Totalindeks";"1986M04";"12-måneders endring (prosent)";5,7
"TOTAL Totalindeks";"1986M05";"Konsumprisindeks (2015=100)";46,5
"TOTAL Totalindeks";"1986M05";"Månedsendring (prosent)";0,2
"TOTAL Totalindeks";"1986M05";"12-måneders endring (prosent)";5,7
"TOTAL Totalindeks";"1986M06";"Konsumprisindeks (2015=100)";47,3
"TOTAL Totalindeks";"1986M06";"Månedsendring (prosent)";1,7
"TOTAL Totalindeks";"1986M06";"12-måneders endring (prosent)";6,8
"TOTAL Totalindeks";"1986M07";"Konsumprisindeks (2015=100)";47,8
"TOTAL Totalindeks";"1986M07";"Månedsendring (prosent)";1,1
"TOTAL Totalindeks";"1986M07";"12-måneders endring (prosent)";7,4
"TOTAL Totalindeks";"1986M08";"Konsumprisindeks (2015=100)";47,9
"TOTAL Totalindeks";"1986M08";"Månedsendring (prosent)";0,2
"TOTAL Totalindeks";"1986M08";"12-måneders endring (prosent)";8,1
"TOTAL Totalindeks";"1986M09";"Konsumprisindeks (2015=100)";48,6
"TOTAL Totalindeks";"1986M09";"Månedsendring (prosent)";1,5
"TOTAL Totalindeks";"1986M09";"12-måneders endring (prosent)";8,5
"TOTAL Totalindeks";"1986M10";"Konsumprisindeks (2015=100)";48,8
"TOTAL Totalindeks";"1986M10";"Månedsendring (prosent)";0,4
"TOTAL Totalindeks";"1986M10";"12-måneders endring (prosent)";8,7
"TOTAL Totalindeks";"1986M11";"Konsumprisindeks (2015=100)";49
"TOTAL Totalindeks";"1986M11";"Månedsendring (prosent)";0,4
"TOTAL Totalindeks";"1986M11";"12-måneders endring (prosent)";8,9
"TOTAL Totalindeks";"1986M12";"Konsumprisindeks (2015=100)";49,2
"TOTAL Totalindeks";"1986M12";"Månedsendring (prosent)";0,4
"TOTAL Totalindeks";"1986M12";"12-måneders endring (prosent)";8,8
"TOTAL Totalindeks";"1987M01";"Konsumprisindeks (2015=100)";49,9
"TOTAL Totalindeks";"1987M01";"Månedsendring (prosent)";1,4
"TOTAL Totalindeks";"1987M01";"12-måneders endring (prosent)";9,4
"TOTAL Totalindeks";"1987M02";"Konsumprisindeks (2015=100)";50,4
"TOTAL Totalindeks";"1987M02";"Månedsendring (prosent)";1
"TOTAL Totalindeks";"1987M02";"12-måneders endring (prosent)";10
"TOTAL Totalindeks";"1987M03";"Konsumprisindeks (2015=100)";50,9
"TOTAL Totalindeks";"1987M03";"Månedsendring (prosent)";1
"TOTAL Totalindeks";"1987M03";"12-måneders endring (prosent)";10,4
"TOTAL Totalindeks";"1987M04";"Konsumprisindeks (2015=100)";51,1
"TOTAL Totalindeks";"1987M04";"Månedsendring (prosent)";0,4
"TOTAL Totalindeks";"1987M04";"12-måneders endring (prosent)";10,1
"TOTAL Totalindeks";"1987M05";"Konsumprisindeks (2015=100)";51,2
"TOTAL Totalindeks";"1987M05";"Månedsendring (prosent)";0,2
"TOTAL Totalindeks";"1987M05";"12-måneders endring (prosent)";10,1
"TOTAL Totalindeks";"1987M06";"Konsumprisindeks (2015=100)";51,5
"TOTAL Totalindeks";"1987M06";"Månedsendring (prosent)";0,6
"TOTAL Totalindeks";"1987M06";"12-måneders endring (prosent)";8,9
"TOTAL Totalindeks";"1987M07";"Konsumprisindeks (2015=100)";51,6
"TOTAL Totalindeks";"1987M07";"Månedsendring (prosent)";0,2
"TOTAL Totalindeks";"1987M07";"12-måneders endring (prosent)";7,9
"TOTAL Totalindeks";"1987M08";"Konsumprisindeks (2015=100)";51,7
"TOTAL Totalindeks";"1987M08";"Månedsendring (prosent)";0,2
"TOTAL Totalindeks";"1987M08";"12-måneders endring (prosent)";7,9
"TOTAL Totalindeks";"1987M09";"Konsumprisindeks (2015=100)";52,4
"TOTAL Totalindeks";"1987M09";"Månedsendring (prosent)";1,4
"TOTAL Totalindeks";"1987M09";"12-måneders endring (prosent)";7,8
"TOTAL Totalindeks";"1987M10";"Konsumprisindeks (2015=100)";52,5
"TOTAL Totalindeks";"1987M10";"Månedsendring (prosent)";0,2
"TOTAL Totalindeks";"1987M10";"12-måneders endring (prosent)";7,6
"TOTAL Totalindeks";"1987M11";"Konsumprisindeks (2015=100)";52,6
"TOTAL Totalindeks";"1987M11";"Månedsendring (prosent)";0,2
"TOTAL Totalindeks";"1987M11";"12-måneders endring (prosent)";7,3
"TOTAL Totalindeks";"1987M12";"Konsumprisindeks (2015=100)";52,8
"TOTAL Totalindeks";"1987M12";"Månedsendring (prosent)";0,4
"TOTAL Totalindeks";"1987M12";"12-måneders endring (prosent)";7,3
"TOTAL Totalindeks";"1988M01";"Konsumprisindeks (2015=100)";53,5
"TOTAL Totalindeks";"1988M01";"Månedsendring (prosent)";1,3
"TOTAL Totalindeks";"1988M01";"12-måneders endring (prosent)";7,2
"TOTAL Totalindeks";"1988M02";"Konsumprisindeks (2015=100)";53,8
"TOTAL Totalindeks";"1988M02";"Månedsendring (prosent)";0,6
"TOTAL Totalindeks";"1988M02";"12-måneders endring (prosent)";6,7
"TOTAL Totalindeks";"1988M03";"Konsumprisindeks (2015=100)";54,6
"TOTAL Totalindeks";"1988M03";"Månedsendring (prosent)";1,5
"TOTAL Totalindeks";"1988M03";"12-måneders endring (prosent)";7,3
"TOTAL Totalindeks";"1988M04";"Konsumprisindeks (2015=100)";54,7
"TOTAL Totalindeks";"1988M04";"Månedsendring (prosent)";0,2
"TOTAL Totalindeks";"1988M04";"12-måneders endring (prosent)";7
"TOTAL Totalindeks";"1988M05";"Konsumprisindeks (2015=100)";54,8
"TOTAL Totalindeks";"1988M05";"Månedsendring (prosent)";0,2
"TOTAL Totalindeks";"1988M05";"12-måneders endring (prosent)";7
"TOTAL Totalindeks";"1988M06";"Konsumprisindeks (2015=100)";55,1
"TOTAL Totalindeks";"1988M06";"Månedsendring (prosent)";0,5
"TOTAL Totalindeks";"1988M06";"12-måneders endring (prosent)";7
"TOTAL Totalindeks";"1988M07";"Konsumprisindeks (2015=100)";55,1
"TOTAL Totalindeks";"1988M07";"Månedsendring (prosent)";0
"TOTAL Totalindeks";"1988M07";"12-måneders endring (prosent)";6,8
"TOTAL Totalindeks";"1988M08";"Konsumprisindeks (2015=100)";55,1
"TOTAL Totalindeks";"1988M08";"Månedsendring (prosent)";0
"TOTAL Totalindeks";"1988M08";"12-måneders endring (prosent)";6,6
"TOTAL Totalindeks";"1988M09";"Konsumprisindeks (2015=100)";55,8
"TOTAL Totalindeks";"1988M09";"Månedsendring (prosent)";1,3
"TOTAL Totalindeks";"1988M09";"12-måneders endring (prosent)";6,5
"TOTAL Totalindeks";"1988M10";"Konsumprisindeks (2015=100)";55,8
"TOTAL Totalindeks";"1988M10";"Månedsendring (prosent)";0
"TOTAL Totalindeks";"1988M10";"12-måneders endring (prosent)";6,3
"TOTAL Totalindeks";"1988M11";"Konsumprisindeks (2015=100)";55,8
"TOTAL Totalindeks";"1988M11";"Månedsendring (prosent)";0
"TOTAL Totalindeks";"1988M11";"12-måneders endring (prosent)";6,1
"TOTAL Totalindeks";"1988M12";"Konsumprisindeks (2015=100)";55,8
"TOTAL Totalindeks";"1988M12";"Månedsendring (prosent)";0
"TOTAL Totalindeks";"1988M12";"12-måneders endring (prosent)";5,7
"TOTAL Totalindeks";"1989M01";"Konsumprisindeks (2015=100)";56,2
"TOTAL Totalindeks";"1989M01";"Månedsendring (prosent)";0,7
"TOTAL Totalindeks";"1989M01";"12-måneders endring (prosent)";5
"TOTAL Totalindeks";"1989M02";"Konsumprisindeks (2015=100)";56,4
"TOTAL Totalindeks";"1989M02";"Månedsendring (prosent)";0,4
"TOTAL Totalindeks";"1989M02";"12-måneders endring (prosent)";4,8
"TOTAL Totalindeks";"1989M03";"Konsumprisindeks (2015=100)";56,9
"TOTAL Totalindeks";"1989M03";"Månedsendring (prosent)";0,9
"TOTAL Totalindeks";"1989M03";"12-måneders endring (prosent)";4,2
"TOTAL Totalindeks";"1989M04";"Konsumprisindeks (2015=100)";57,2
"TOTAL Totalindeks";"1989M04";"Månedsendring (prosent)";0,5
"TOTAL Totalindeks";"1989M04";"12-måneders endring (prosent)";4,6
"TOTAL Totalindeks";"1989M05";"Konsumprisindeks (2015=100)";57,4
"TOTAL Totalindeks";"1989M05";"Månedsendring (prosent)";0,3
"TOTAL Totalindeks";"1989M05";"12-måneders endring (prosent)";4,7
"TOTAL Totalindeks";"1989M06";"Konsumprisindeks (2015=100)";57,7
"TOTAL Totalindeks";"1989M06";"Månedsendring (prosent)";0,5
"TOTAL Totalindeks";"1989M06";"12-måneders endring (prosent)";4,7
"TOTAL Totalindeks";"1989M07";"Konsumprisindeks (2015=100)";57,8
"TOTAL Totalindeks";"1989M07";"Månedsendring (prosent)";0,2
"TOTAL Totalindeks";"1989M07";"12-måneders endring (prosent)";4,9
"TOTAL Totalindeks";"1989M08";"Konsumprisindeks (2015=100)";57,6
"TOTAL Totalindeks";"1989M08";"Månedsendring (prosent)";-0,3
"TOTAL Totalindeks";"1989M08";"12-måneders endring (prosent)";4,5
"TOTAL Totalindeks";"1989M09";"Konsumprisindeks (2015=100)";58,1
"TOTAL Totalindeks";"1989M09";"Månedsendring (prosent)";0,9
"TOTAL Totalindeks";"1989M09";"12-måneders endring (prosent)";4,1
"TOTAL Totalindeks";"1989M10";"Konsumprisindeks (2015=100)";58,2
"TOTAL Totalindeks";"1989M10";"Månedsendring (prosent)";0,2
"TOTAL Totalindeks";"1989M10";"12-måneders endring (prosent)";4,3
"TOTAL Totalindeks";"1989M11";"Konsumprisindeks (2015=100)";58,2
"TOTAL Totalindeks";"1989M11";"Månedsendring (prosent)";0
"TOTAL Totalindeks";"1989M11";"12-måneders endring (prosent)";4,3
"TOTAL Totalindeks";"1989M12";"Konsumprisindeks (2015=100)";58,2
"TOTAL Totalindeks";"1989M12";"Månedsendring (prosent)";0
"TOTAL Totalindeks";"1989M12";"12-måneders endring (prosent)";4,3
"TOTAL Totalindeks";"1990M01";"Konsumprisindeks (2015=100)";58,6
"TOTAL Totalindeks";"1990M01";"Månedsendring (prosent)";0,7
"TOTAL Totalindeks";"1990M01";"12-måneders endring (prosent)";4,3
"TOTAL Totalindeks";"1990M02";"Konsumprisindeks (2015=100)";58,8
"TOTAL Totalindeks";"1990M02";"Månedsendring (prosent)";0,3
"TOTAL Totalindeks";"1990M02";"12-måneders endring (prosent)";4,3
"TOTAL Totalindeks";"1990M03";"Konsumprisindeks (2015=100)";59,5
"TOTAL Totalindeks";"1990M03";"Månedsendring (prosent)";1,2
"TOTAL Totalindeks";"1990M03";"12-måneders endring (prosent)";4,6
"TOTAL Totalindeks";"1990M04";"Konsumprisindeks (2015=100)";59,5
"TOTAL Totalindeks";"1990M04";"Månedsendring (prosent)";0
"TOTAL Totalindeks";"1990M04";"12-måneders endring (prosent)";4
"TOTAL Totalindeks";"1990M05";"Konsumprisindeks (2015=100)";59,6
"TOTAL Totalindeks";"1990M05";"Månedsendring (prosent)";0,2
"TOTAL Totalindeks";"1990M05";"12-måneders endring (prosent)";3,8
"TOTAL Totalindeks";"1990M06";"Konsumprisindeks (2015=100)";59,8
"TOTAL Totalindeks";"1990M06";"Månedsendring (prosent)";0,3
"TOTAL Totalindeks";"1990M06";"12-måneders endring (prosent)";3,6
"TOTAL Totalindeks";"1990M07";"Konsumprisindeks (2015=100)";59,9
"TOTAL Totalindeks";"1990M07";"Månedsendring (prosent)";0,2
"TOTAL Totalindeks";"1990M07";"12-måneders endring (prosent)";3,6
"TOTAL Totalindeks";"1990M08";"Konsumprisindeks (2015=100)";59,8
"TOTAL Totalindeks";"1990M08";"Månedsendring (prosent)";-0,2
"TOTAL Totalindeks";"1990M08";"12-måneders endring (prosent)";3,8
"TOTAL Totalindeks";"1990M09";"Konsumprisindeks (2015=100)";60,4
"TOTAL Totalindeks";"1990M09";"Månedsendring (prosent)";1
"TOTAL Totalindeks";"1990M09";"12-måneders endring (prosent)";4
"TOTAL Totalindeks";"1990M10";"Konsumprisindeks (2015=100)";60,9
"TOTAL Totalindeks";"1990M10";"Månedsendring (prosent)";0,8
"TOTAL Totalindeks";"1990M10";"12-måneders endring (prosent)";4,6
"TOTAL Totalindeks";"1990M11";"Konsumprisindeks (2015=100)";60,9
"TOTAL Totalindeks";"1990M11";"Månedsendring (prosent)";0
"TOTAL Totalindeks";"1990M11";"12-måneders endring (prosent)";4,6
"TOTAL Totalindeks";"1990M12";"Konsumprisindeks (2015=100)";60,7
"TOTAL Totalindeks";"1990M12";"Månedsendring (prosent)";-0,3
"TOTAL Totalindeks";"1990M12";"12-måneders endring (prosent)";4,3
"TOTAL Totalindeks";"1991M01";"Konsumprisindeks (2015=100)";61
"TOTAL Totalindeks";"1991M01";"Månedsendring (prosent)";0,5
"TOTAL Totalindeks";"1991M01";"12-måneders endring (prosent)";4,1
"TOTAL Totalindeks";"1991M02";"Konsumprisindeks (2015=100)";61,2
"TOTAL Totalindeks";"1991M02";"Månedsendring (prosent)";0,3
"TOTAL Totalindeks";"1991M02";"12-måneders endring (prosent)";4,1
"TOTAL Totalindeks";"1991M03";"Konsumprisindeks (2015=100)";61,6
"TOTAL Totalindeks";"1991M03";"Månedsendring (prosent)";0,7
"TOTAL Totalindeks";"1991M03";"12-måneders endring (prosent)";3,5
"TOTAL Totalindeks";"1991M04";"Konsumprisindeks (2015=100)";61,8
"TOTAL Totalindeks";"1991M04";"Månedsendring (prosent)";0,3
"TOTAL Totalindeks";"1991M04";"12-måneders endring (prosent)";3,9
"TOTAL Totalindeks";"1991M05";"Konsumprisindeks (2015=100)";61,9
"TOTAL Totalindeks";"1991M05";"Månedsendring (prosent)";0,2
"TOTAL Totalindeks";"1991M05";"12-måneders endring (prosent)";3,9
"TOTAL Totalindeks";"1991M06";"Konsumprisindeks (2015=100)";62
"TOTAL Totalindeks";"1991M06";"Månedsendring (prosent)";0,2
"TOTAL Totalindeks";"1991M06";"12-måneders endring (prosent)";3,7
"TOTAL Totalindeks";"1991M07";"Konsumprisindeks (2015=100)";62
"TOTAL Totalindeks";"1991M07";"Månedsendring (prosent)";0
"TOTAL Totalindeks";"1991M07";"12-måneders endring (prosent)";3,5
"TOTAL Totalindeks";"1991M08";"Konsumprisindeks (2015=100)";62
"TOTAL Totalindeks";"1991M08";"Månedsendring (prosent)";0
"TOTAL Totalindeks";"1991M08";"12-måneders endring (prosent)";3,7
"TOTAL Totalindeks";"1991M09";"Konsumprisindeks (2015=100)";62,4
"TOTAL Totalindeks";"1991M09";"Månedsendring (prosent)";0,6
"TOTAL Totalindeks";"1991M09";"12-måneders endring (prosent)";3,3
"TOTAL Totalindeks";"1991M10";"Konsumprisindeks (2015=100)";62,4
"TOTAL Totalindeks";"1991M10";"Månedsendring (prosent)";0
"TOTAL Totalindeks";"1991M10";"12-måneders endring (prosent)";2,5
"TOTAL Totalindeks";"1991M11";"Konsumprisindeks (2015=100)";62,4
"TOTAL Totalindeks";"1991M11";"Månedsendring (prosent)";0
"TOTAL Totalindeks";"1991M11";"12-måneders endring (prosent)";2,5
"TOTAL Totalindeks";"1991M12";"Konsumprisindeks (2015=100)";62,4
"TOTAL Totalindeks";"1991M12";"Månedsendring (prosent)";0
"TOTAL Totalindeks";"1991M12";"12-måneders endring (prosent)";2,8
"TOTAL Totalindeks";"1992M01";"Konsumprisindeks (2015=100)";62,4
"TOTAL Totalindeks";"1992M01";"Månedsendring (prosent)";0
"TOTAL Totalindeks";"1992M01";"12-måneders endring (prosent)";2,3
"TOTAL Totalindeks";"1992M02";"Konsumprisindeks (2015=100)";62,6
"TOTAL Totalindeks";"1992M02";"Månedsendring (prosent)";0,3
"TOTAL Totalindeks";"1992M02";"12-måneders endring (prosent)";2,3
"TOTAL Totalindeks";"1992M03";"Konsumprisindeks (2015=100)";63,1
"TOTAL Totalindeks";"1992M03";"Månedsendring (prosent)";0,8
"TOTAL Totalindeks";"1992M03";"12-måneders endring (prosent)";2,4
"TOTAL Totalindeks";"1992M04";"Konsumprisindeks (2015=100)";63,3
"TOTAL Totalindeks";"1992M04";"Månedsendring (prosent)";0,3
"TOTAL Totalindeks";"1992M04";"12-måneders endring (prosent)";2,4
"TOTAL Totalindeks";"1992M05";"Konsumprisindeks (2015=100)";63,4
"TOTAL Totalindeks";"1992M05";"Månedsendring (prosent)";0,2
"TOTAL Totalindeks";"1992M05";"12-måneders endring (prosent)";2,4
"TOTAL Totalindeks";"1992M06";"Konsumprisindeks (2015=100)";63,5
"TOTAL Totalindeks";"1992M06";"Månedsendring (prosent)";0,2
"TOTAL Totalindeks";"1992M06";"12-måneders endring (prosent)";2,4
"TOTAL Totalindeks";"1992M07";"Konsumprisindeks (2015=100)";63,6
"TOTAL Totalindeks";"1992M07";"Månedsendring (prosent)";0,2
"TOTAL Totalindeks";"1992M07";"12-måneders endring (prosent)";2,6
"TOTAL Totalindeks";"1992M08";"Konsumprisindeks (2015=100)";63,4
"TOTAL Totalindeks";"1992M08";"Månedsendring (prosent)";-0,3
"TOTAL Totalindeks";"1992M08";"12-måneders endring (prosent)";2,3
"TOTAL Totalindeks";"1992M09";"Konsumprisindeks (2015=100)";63,7
"TOTAL Totalindeks";"1992M09";"Månedsendring (prosent)";0,5
"TOTAL Totalindeks";"1992M09";"12-måneders endring (prosent)";2,1
"TOTAL Totalindeks";"1992M10";"Konsumprisindeks (2015=100)";63,8
"TOTAL Totalindeks";"1992M10";"Månedsendring (prosent)";0,2
"TOTAL Totalindeks";"1992M10";"12-måneders endring (prosent)";2,2
"TOTAL Totalindeks";"1992M11";"Konsumprisindeks (2015=100)";63,8
"TOTAL Totalindeks";"1992M11";"Månedsendring (prosent)";0
"TOTAL Totalindeks";"1992M11";"12-måneders endring (prosent)";2,2
"TOTAL Totalindeks";"1992M12";"Konsumprisindeks (2015=100)";63,8
"TOTAL Totalindeks";"1992M12";"Månedsendring (prosent)";0
"TOTAL Totalindeks";"1992M12";"12-måneders endring (prosent)";2,2
"TOTAL Totalindeks";"1993M01";"Konsumprisindeks (2015=100)";64
"TOTAL Totalindeks";"1993M01";"Månedsendring (prosent)";0,3
"TOTAL Totalindeks";"1993M01";"12-måneders endring (prosent)";2,6
"TOTAL Totalindeks";"1993M02";"Konsumprisindeks (2015=100)";64,2
"TOTAL Totalindeks";"1993M02";"Månedsendring (prosent)";0,3
"TOTAL Totalindeks";"1993M02";"12-måneders endring (prosent)";2,6
"TOTAL Totalindeks";"1993M03";"Konsumprisindeks (2015=100)";64,8
"TOTAL Totalindeks";"1993M03";"Månedsendring (prosent)";0,9
"TOTAL Totalindeks";"1993M03";"12-måneders endring (prosent)";2,7
"TOTAL Totalindeks";"1993M04";"Konsumprisindeks (2015=100)";64,9
"TOTAL Totalindeks";"1993M04";"Månedsendring (prosent)";0,2
"TOTAL Totalindeks";"1993M04";"12-måneders endring (prosent)";2,5
"TOTAL Totalindeks";"1993M05";"Konsumprisindeks (2015=100)";64,9
"TOTAL Totalindeks";"1993M05";"Månedsendring (prosent)";0
"TOTAL Totalindeks";"1993M05";"12-måneders endring (prosent)";2,4
"TOTAL Totalindeks";"1993M06";"Konsumprisindeks (2015=100)";65
"TOTAL Totalindeks";"1993M06";"Månedsendring (prosent)";0,2
"TOTAL Totalindeks";"1993M06";"12-måneders endring (prosent)";2,4
"TOTAL Totalindeks";"1993M07";"Konsumprisindeks (2015=100)";64,9
"TOTAL Totalindeks";"1993M07";"Månedsendring (prosent)";-0,2
"TOTAL Totalindeks";"1993M07";"12-måneders endring (prosent)";2
"TOTAL Totalindeks";"1993M08";"Konsumprisindeks (2015=100)";64,8
"TOTAL Totalindeks";"1993M08";"Månedsendring (prosent)";-0,2
"TOTAL Totalindeks";"1993M08";"12-måneders endring (prosent)";2,2
"TOTAL Totalindeks";"1993M09";"Konsumprisindeks (2015=100)";65,1
"TOTAL Totalindeks";"1993M09";"Månedsendring (prosent)";0,5
"TOTAL Totalindeks";"1993M09";"12-måneders endring (prosent)";2,2
"TOTAL Totalindeks";"1993M10";"Konsumprisindeks (2015=100)";65,1
"TOTAL Totalindeks";"1993M10";"Månedsendring (prosent)";0
"TOTAL Totalindeks";"1993M10";"12-måneders endring (prosent)";2
"TOTAL Totalindeks";"1993M11";"Konsumprisindeks (2015=100)";65,1
"TOTAL Totalindeks";"1993M11";"Månedsendring (prosent)";0
"TOTAL Totalindeks";"1993M11";"12-måneders endring (prosent)";2
"TOTAL Totalindeks";"1993M12";"Konsumprisindeks (2015=100)";65
"TOTAL Totalindeks";"1993M12";"Månedsendring (prosent)";-0,2
"TOTAL Totalindeks";"1993M12";"12-måneders endring (prosent)";1,9
"TOTAL Totalindeks";"1994M01";"Konsumprisindeks (2015=100)";64,9
"TOTAL Totalindeks";"1994M01";"Månedsendring (prosent)";-0,2
"TOTAL Totalindeks";"1994M01";"12-måneders endring (prosent)";1,4
"TOTAL Totalindeks";"1994M02";"Konsumprisindeks (2015=100)";65,1
"TOTAL Totalindeks";"1994M02";"Månedsendring (prosent)";0,3
"TOTAL Totalindeks";"1994M02";"12-måneders endring (prosent)";1,4
"TOTAL Totalindeks";"1994M03";"Konsumprisindeks (2015=100)";65,4
"TOTAL Totalindeks";"1994M03";"Månedsendring (prosent)";0,5
"TOTAL Totalindeks";"1994M03";"12-måneders endring (prosent)";0,9
"TOTAL Totalindeks";"1994M04";"Konsumprisindeks (2015=100)";65,5
"TOTAL Totalindeks";"1994M04";"Månedsendring (prosent)";0,2
"TOTAL Totalindeks";"1994M04";"12-måneders endring (prosent)";0,9
"TOTAL Totalindeks";"1994M05";"Konsumprisindeks (2015=100)";65,5
"TOTAL Totalindeks";"1994M05";"Månedsendring (prosent)";0
"TOTAL Totalindeks";"1994M05";"12-måneders endring (prosent)";0,9
"TOTAL Totalindeks";"1994M06";"Konsumprisindeks (2015=100)";65,7
"TOTAL Totalindeks";"1994M06";"Månedsendring (prosent)";0,3
"TOTAL Totalindeks";"1994M06";"12-måneders endring (prosent)";1,1
"TOTAL Totalindeks";"1994M07";"Konsumprisindeks (2015=100)";65,8
"TOTAL Totalindeks";"1994M07";"Månedsendring (prosent)";0,2
"TOTAL Totalindeks";"1994M07";"12-måneders endring (prosent)";1,4
"TOTAL Totalindeks";"1994M08";"Konsumprisindeks (2015=100)";65,8
"TOTAL Totalindeks";"1994M08";"Månedsendring (prosent)";0
"TOTAL Totalindeks";"1994M08";"12-måneders endring (prosent)";1,5
"TOTAL Totalindeks";"1994M09";"Konsumprisindeks (2015=100)";66,2
"TOTAL Totalindeks";"1994M09";"Månedsendring (prosent)";0,6
"TOTAL Totalindeks";"1994M09";"12-måneders endring (prosent)";1,7
"TOTAL Totalindeks";"1994M10";"Konsumprisindeks (2015=100)";66,2
"TOTAL Totalindeks";"1994M10";"Månedsendring (prosent)";0
"TOTAL Totalindeks";"1994M10";"12-måneders endring (prosent)";1,7
"TOTAL Totalindeks";"1994M11";"Konsumprisindeks (2015=100)";66,2
"TOTAL Totalindeks";"1994M11";"Månedsendring (prosent)";0
"TOTAL Totalindeks";"1994M11";"12-måneders endring (prosent)";1,7
"TOTAL Totalindeks";"1994M12";"Konsumprisindeks (2015=100)";66,2
"TOTAL Totalindeks";"1994M12";"Månedsendring (prosent)";0
"TOTAL Totalindeks";"1994M12";"12-måneders endring (prosent)";1,8
"TOTAL Totalindeks";"1995M01";"Konsumprisindeks (2015=100)";66,6
"TOTAL Totalindeks";"1995M01";"Månedsendring (prosent)";0,6
"TOTAL Totalindeks";"1995M01";"12-måneders endring (prosent)";2,6
"TOTAL Totalindeks";"1995M02";"Konsumprisindeks (2015=100)";66,8
"TOTAL Totalindeks";"1995M02";"Månedsendring (prosent)";0,3
"TOTAL Totalindeks";"1995M02";"12-måneders endring (prosent)";2,6
"TOTAL Totalindeks";"1995M03";"Konsumprisindeks (2015=100)";67,2
"TOTAL Totalindeks";"1995M03";"Månedsendring (prosent)";0,6
"TOTAL Totalindeks";"1995M03";"12-måneders endring (prosent)";2,8
"TOTAL Totalindeks";"1995M04";"Konsumprisindeks (2015=100)";67,2
"TOTAL Totalindeks";"1995M04";"Månedsendring (prosent)";0
"TOTAL Totalindeks";"1995M04";"12-måneders endring (prosent)";2,6
"TOTAL Totalindeks";"1995M05";"Konsumprisindeks (2015=100)";67,3
"TOTAL Totalindeks";"1995M05";"Månedsendring (prosent)";0,1
"TOTAL Totalindeks";"1995M05";"12-måneders endring (prosent)";2,7
"TOTAL Totalindeks";"1995M06";"Konsumprisindeks (2015=100)";67,5
"TOTAL Totalindeks";"1995M06";"Månedsendring (prosent)";0,3
"TOTAL Totalindeks";"1995M06";"12-måneders endring (prosent)";2,7
"TOTAL Totalindeks";"1995M07";"Konsumprisindeks (2015=100)";67,4
"TOTAL Totalindeks";"1995M07";"Månedsendring (prosent)";-0,1
"TOTAL Totalindeks";"1995M07";"12-måneders endring (prosent)";2,4
"TOTAL Totalindeks";"1995M08";"Konsumprisindeks (2015=100)";67,3
"TOTAL Totalindeks";"1995M08";"Månedsendring (prosent)";-0,1
"TOTAL Totalindeks";"1995M08";"12-måneders endring (prosent)";2,3
"TOTAL Totalindeks";"1995M09";"Konsumprisindeks (2015=100)";67,7
"TOTAL Totalindeks";"1995M09";"Månedsendring (prosent)";0,6
"TOTAL Totalindeks";"1995M09";"12-måneders endring (prosent)";2,3
"TOTAL Totalindeks";"1995M10";"Konsumprisindeks (2015=100)";67,7
"TOTAL Totalindeks";"1995M10";"Månedsendring (prosent)";0
"TOTAL Totalindeks";"1995M10";"12-måneders endring (prosent)";2,3
"TOTAL Totalindeks";"1995M11";"Konsumprisindeks (2015=100)";67,6
"TOTAL Totalindeks";"1995M11";"Månedsendring (prosent)";-0,1
"TOTAL Totalindeks";"1995M11";"12-måneders endring (prosent)";2,1
"TOTAL Totalindeks";"1995M12";"Konsumprisindeks (2015=100)";67,6
"TOTAL Totalindeks";"1995M12";"Månedsendring (prosent)";0
"TOTAL Totalindeks";"1995M12";"12-måneders endring (prosent)";2,1
"TOTAL Totalindeks";"1996M01";"Konsumprisindeks (2015=100)";67,3
"TOTAL Totalindeks";"1996M01";"Månedsendring (prosent)";-0,4
"TOTAL Totalindeks";"1996M01";"12-måneders endring (prosent)";1,1
"TOTAL Totalindeks";"1996M02";"Konsumprisindeks (2015=100)";67,4
"TOTAL Totalindeks";"1996M02";"Månedsendring (prosent)";0,1
"TOTAL Totalindeks";"1996M02";"12-måneders endring (prosent)";0,9
"TOTAL Totalindeks";"1996M03";"Konsumprisindeks (2015=100)";67,7
"TOTAL Totalindeks";"1996M03";"Månedsendring (prosent)";0,4
"TOTAL Totalindeks";"1996M03";"12-måneders endring (prosent)";0,7
"TOTAL Totalindeks";"1996M04";"Konsumprisindeks (2015=100)";67,9
"TOTAL Totalindeks";"1996M04";"Månedsendring (prosent)";0,3
"TOTAL Totalindeks";"1996M04";"12-måneders endring (prosent)";1
"TOTAL Totalindeks";"1996M05";"Konsumprisindeks (2015=100)";68
"TOTAL Totalindeks";"1996M05";"Månedsendring (prosent)";0,1
"TOTAL Totalindeks";"1996M05";"12-måneders endring (prosent)";1
"TOTAL Totalindeks";"1996M06";"Konsumprisindeks (2015=100)";68,1
"TOTAL Totalindeks";"1996M06";"Månedsendring (prosent)";0,1
"TOTAL Totalindeks";"1996M06";"12-måneders endring (prosent)";0,9
"TOTAL Totalindeks";"1996M07";"Konsumprisindeks (2015=100)";68,3
"TOTAL Totalindeks";"1996M07";"Månedsendring (prosent)";0,3
"TOTAL Totalindeks";"1996M07";"12-måneders endring (prosent)";1,3
"TOTAL Totalindeks";"1996M08";"Konsumprisindeks (2015=100)";68,3
"TOTAL Totalindeks";"1996M08";"Månedsendring (prosent)";0
"TOTAL Totalindeks";"1996M08";"12-måneders endring (prosent)";1,5
"TOTAL Totalindeks";"1996M09";"Konsumprisindeks (2015=100)";68,6
"TOTAL Totalindeks";"1996M09";"Månedsendring (prosent)";0,4
"TOTAL Totalindeks";"1996M09";"12-måneders endring (prosent)";1,3
"TOTAL Totalindeks";"1996M10";"Konsumprisindeks (2015=100)";68,9
"TOTAL Totalindeks";"1996M10";"Månedsendring (prosent)";0,4
"TOTAL Totalindeks";"1996M10";"12-måneders endring (prosent)";1,8
"TOTAL Totalindeks";"1996M11";"Konsumprisindeks (2015=100)";68,8
"TOTAL Totalindeks";"1996M11";"Månedsendring (prosent)";-0,1
"TOTAL Totalindeks";"1996M11";"12-måneders endring (prosent)";1,8
"TOTAL Totalindeks";"1996M12";"Konsumprisindeks (2015=100)";68,8
"TOTAL Totalindeks";"1996M12";"Månedsendring (prosent)";0
"TOTAL Totalindeks";"1996M12";"12-måneders endring (prosent)";1,8
"TOTAL Totalindeks";"1997M01";"Konsumprisindeks (2015=100)";69,3
"TOTAL Totalindeks";"1997M01";"Månedsendring (prosent)";0,7
"TOTAL Totalindeks";"1997M01";"12-måneders endring (prosent)";3
"TOTAL Totalindeks";"1997M02";"Konsumprisindeks (2015=100)";69,6
"TOTAL Totalindeks";"1997M02";"Månedsendring (prosent)";0,4
"TOTAL Totalindeks";"1997M02";"12-måneders endring (prosent)";3,3
"TOTAL Totalindeks";"1997M03";"Konsumprisindeks (2015=100)";69,7
"TOTAL Totalindeks";"1997M03";"Månedsendring (prosent)";0,1
"TOTAL Totalindeks";"1997M03";"12-måneders endring (prosent)";3
"TOTAL Totalindeks";"1997M04";"Konsumprisindeks (2015=100)";69,7
"TOTAL Totalindeks";"1997M04";"Månedsendring (prosent)";0
"TOTAL Totalindeks";"1997M04";"12-måneders endring (prosent)";2,7
"TOTAL Totalindeks";"1997M05";"Konsumprisindeks (2015=100)";69,8
"TOTAL Totalindeks";"1997M05";"Månedsendring (prosent)";0,1
"TOTAL Totalindeks";"1997M05";"12-måneders endring (prosent)";2,6
"TOTAL Totalindeks";"1997M06";"Konsumprisindeks (2015=100)";70
"TOTAL Totalindeks";"1997M06";"Månedsendring (prosent)";0,3
"TOTAL Totalindeks";"1997M06";"12-måneders endring (prosent)";2,8
"TOTAL Totalindeks";"1997M07";"Konsumprisindeks (2015=100)";69,9
"TOTAL Totalindeks";"1997M07";"Månedsendring (prosent)";-0,1
"TOTAL Totalindeks";"1997M07";"12-måneders endring (prosent)";2,3
"TOTAL Totalindeks";"1997M08";"Konsumprisindeks (2015=100)";69,8
"TOTAL Totalindeks";"1997M08";"Månedsendring (prosent)";-0,1
"TOTAL Totalindeks";"1997M08";"12-måneders endring (prosent)";2,2
"TOTAL Totalindeks";"1997M09";"Konsumprisindeks (2015=100)";70,2
"TOTAL Totalindeks";"1997M09";"Månedsendring (prosent)";0,6
"TOTAL Totalindeks";"1997M09";"12-måneders endring (prosent)";2,3
"TOTAL Totalindeks";"1997M10";"Konsumprisindeks (2015=100)";70,3
"TOTAL Totalindeks";"1997M10";"Månedsendring (prosent)";0,1
"TOTAL Totalindeks";"1997M10";"12-måneders endring (prosent)";2
"TOTAL Totalindeks";"1997M11";"Konsumprisindeks (2015=100)";70,4
"TOTAL Totalindeks";"1997M11";"Månedsendring (prosent)";0,1
"TOTAL Totalindeks";"1997M11";"12-måneders endring (prosent)";2,3
"TOTAL Totalindeks";"1997M12";"Konsumprisindeks (2015=100)";70,4
"TOTAL Totalindeks";"1997M12";"Månedsendring (prosent)";0
"TOTAL Totalindeks";"1997M12";"12-måneders endring (prosent)";2,3
"TOTAL Totalindeks";"1998M01";"Konsumprisindeks (2015=100)";70,7
"TOTAL Totalindeks";"1998M01";"Månedsendring (prosent)";0,4
"TOTAL Totalindeks";"1998M01";"12-måneders endring (prosent)";2
"TOTAL Totalindeks";"1998M02";"Konsumprisindeks (2015=100)";71
"TOTAL Totalindeks";"1998M02";"Månedsendring (prosent)";0,4
"TOTAL Totalindeks";"1998M02";"12-måneders endring (prosent)";2
"TOTAL Totalindeks";"1998M03";"Konsumprisindeks (2015=100)";71,4
"TOTAL Totalindeks";"1998M03";"Månedsendring (prosent)";0,6
"TOTAL Totalindeks";"1998M03";"12-måneders endring (prosent)";2,4
"TOTAL Totalindeks";"1998M04";"Konsumprisindeks (2015=100)";71,4
"TOTAL Totalindeks";"1998M04";"Månedsendring (prosent)";0
"TOTAL Totalindeks";"1998M04";"12-måneders endring (prosent)";2,4
"TOTAL Totalindeks";"1998M05";"Konsumprisindeks (2015=100)";71,3
"TOTAL Totalindeks";"1998M05";"Månedsendring (prosent)";-0,1
"TOTAL Totalindeks";"1998M05";"12-måneders endring (prosent)";2,1
"TOTAL Totalindeks";"1998M06";"Konsumprisindeks (2015=100)";71,5
"TOTAL Totalindeks";"1998M06";"Månedsendring (prosent)";0,3
"TOTAL Totalindeks";"1998M06";"12-måneders endring (prosent)";2,1
"TOTAL Totalindeks";"1998M07";"Konsumprisindeks (2015=100)";71,5
"TOTAL Totalindeks";"1998M07";"Månedsendring (prosent)";0
"TOTAL Totalindeks";"1998M07";"12-måneders endring (prosent)";2,3
"TOTAL Totalindeks";"1998M08";"Konsumprisindeks (2015=100)";71,3
"TOTAL Totalindeks";"1998M08";"Månedsendring (prosent)";-0,3
"TOTAL Totalindeks";"1998M08";"12-måneders endring (prosent)";2,1
"TOTAL Totalindeks";"1998M09";"Konsumprisindeks (2015=100)";71,9
"TOTAL Totalindeks";"1998M09";"Månedsendring (prosent)";0,8
"TOTAL Totalindeks";"1998M09";"12-måneders endring (prosent)";2,4
"TOTAL Totalindeks";"1998M10";"Konsumprisindeks (2015=100)";71,9
"TOTAL Totalindeks";"1998M10";"Månedsendring (prosent)";0
"TOTAL Totalindeks";"1998M10";"12-måneders endring (prosent)";2,3
"TOTAL Totalindeks";"1998M11";"Konsumprisindeks (2015=100)";72
"TOTAL Totalindeks";"1998M11";"Månedsendring (prosent)";0,1
"TOTAL Totalindeks";"1998M11";"12-måneders endring (prosent)";2,3
"TOTAL Totalindeks";"1998M12";"Konsumprisindeks (2015=100)";72,1
"TOTAL Totalindeks";"1998M12";"Månedsendring (prosent)";0,1
"TOTAL Totalindeks";"1998M12";"12-måneders endring (prosent)";2,4
"TOTAL Totalindeks";"1999M01";"Konsumprisindeks (2015=100)";72,4
"TOTAL Totalindeks";"1999M01";"Månedsendring (prosent)";0,4
"TOTAL Totalindeks";"1999M01";"12-måneders endring (prosent)";2,4
"TOTAL Totalindeks";"1999M02";"Konsumprisindeks (2015=100)";72,5
"TOTAL Totalindeks";"1999M02";"Månedsendring (prosent)";0,1
"TOTAL Totalindeks";"1999M02";"12-måneders endring (prosent)";2,1
"TOTAL Totalindeks";"1999M03";"Konsumprisindeks (2015=100)";73
"TOTAL Totalindeks";"1999M03";"Månedsendring (prosent)";0,7
"TOTAL Totalindeks";"1999M03";"12-måneders endring (prosent)";2,2
"TOTAL Totalindeks";"1999M04";"Konsumprisindeks (2015=100)";73,2
"TOTAL Totalindeks";"1999M04";"Månedsendring (prosent)";0,3
"TOTAL Totalindeks";"1999M04";"12-måneders endring (prosent)";2,5
"TOTAL Totalindeks";"1999M05";"Konsumprisindeks (2015=100)";73,1
"TOTAL Totalindeks";"1999M05";"Månedsendring (prosent)";-0,1
"TOTAL Totalindeks";"1999M05";"12-måneders endring (prosent)";2,5
"TOTAL Totalindeks";"1999M06";"Konsumprisindeks (2015=100)";73,2
"TOTAL Totalindeks";"1999M06";"Månedsendring (prosent)";0,1
"TOTAL Totalindeks";"1999M06";"12-måneders endring (prosent)";2,4
"TOTAL Totalindeks";"1999M07";"Konsumprisindeks (2015=100)";73
"TOTAL Totalindeks";"1999M07";"Månedsendring (prosent)";-0,3
"TOTAL Totalindeks";"1999M07";"12-måneders endring (prosent)";2,1
"TOTAL Totalindeks";"1999M08";"Konsumprisindeks (2015=100)";72,7
"TOTAL Totalindeks";"1999M08";"Månedsendring (prosent)";-0,4
"TOTAL Totalindeks";"1999M08";"12-måneders endring (prosent)";2
"TOTAL Totalindeks";"1999M09";"Konsumprisindeks (2015=100)";73,4
"TOTAL Totalindeks";"1999M09";"Månedsendring (prosent)";1
"TOTAL Totalindeks";"1999M09";"12-måneders endring (prosent)";2,1
"TOTAL Totalindeks";"1999M10";"Konsumprisindeks (2015=100)";73,7
"TOTAL Totalindeks";"1999M10";"Månedsendring (prosent)";0,4
"TOTAL Totalindeks";"1999M10";"12-måneders endring (prosent)";2,5
"TOTAL Totalindeks";"1999M11";"Konsumprisindeks (2015=100)";74
"TOTAL Totalindeks";"1999M11";"Månedsendring (prosent)";0,4
"TOTAL Totalindeks";"1999M11";"12-måneders endring (prosent)";2,8
"TOTAL Totalindeks";"1999M12";"Konsumprisindeks (2015=100)";74,1
"TOTAL Totalindeks";"1999M12";"Månedsendring (prosent)";0,1
"TOTAL Totalindeks";"1999M12";"12-måneders endring (prosent)";2,8
"TOTAL Totalindeks";"2000M01";"Konsumprisindeks (2015=100)";74,5
"TOTAL Totalindeks";"2000M01";"Månedsendring (prosent)";0,5
"TOTAL Totalindeks";"2000M01";"12-måneders endring (prosent)";2,9
"TOTAL Totalindeks";"2000M02";"Konsumprisindeks (2015=100)";74,8
"TOTAL Totalindeks";"2000M02";"Månedsendring (prosent)";0,4
"TOTAL Totalindeks";"2000M02";"12-måneders endring (prosent)";3,2
"TOTAL Totalindeks";"2000M03";"Konsumprisindeks (2015=100)";74,9
"TOTAL Totalindeks";"2000M03";"Månedsendring (prosent)";0,1
"TOTAL Totalindeks";"2000M03";"12-måneders endring (prosent)";2,6
"TOTAL Totalindeks";"2000M04";"Konsumprisindeks (2015=100)";75,1
"TOTAL Totalindeks";"2000M04";"Månedsendring (prosent)";0,3
"TOTAL Totalindeks";"2000M04";"12-måneders endring (prosent)";2,6
"TOTAL Totalindeks";"2000M05";"Konsumprisindeks (2015=100)";75,2
"TOTAL Totalindeks";"2000M05";"Månedsendring (prosent)";0,1
"TOTAL Totalindeks";"2000M05";"12-måneders endring (prosent)";2,9
"TOTAL Totalindeks";"2000M06";"Konsumprisindeks (2015=100)";75,6
"TOTAL Totalindeks";"2000M06";"Månedsendring (prosent)";0,5
"TOTAL Totalindeks";"2000M06";"12-måneders endring (prosent)";3,3
"TOTAL Totalindeks";"2000M07";"Konsumprisindeks (2015=100)";75,3
"TOTAL Totalindeks";"2000M07";"Månedsendring (prosent)";-0,4
"TOTAL Totalindeks";"2000M07";"12-måneders endring (prosent)";3,2
"TOTAL Totalindeks";"2000M08";"Konsumprisindeks (2015=100)";75,3
"TOTAL Totalindeks";"2000M08";"Månedsendring (prosent)";0
"TOTAL Totalindeks";"2000M08";"12-måneders endring (prosent)";3,6
"TOTAL Totalindeks";"2000M09";"Konsumprisindeks (2015=100)";76
"TOTAL Totalindeks";"2000M09";"Månedsendring (prosent)";0,9
"TOTAL Totalindeks";"2000M09";"12-måneders endring (prosent)";3,5
"TOTAL Totalindeks";"2000M10";"Konsumprisindeks (2015=100)";76
"TOTAL Totalindeks";"2000M10";"Månedsendring (prosent)";0
"TOTAL Totalindeks";"2000M10";"12-måneders endring (prosent)";3,1
"TOTAL Totalindeks";"2000M11";"Konsumprisindeks (2015=100)";76,4
"TOTAL Totalindeks";"2000M11";"Månedsendring (prosent)";0,5
"TOTAL Totalindeks";"2000M11";"12-måneders endring (prosent)";3,2
"TOTAL Totalindeks";"2000M12";"Konsumprisindeks (2015=100)";76,3
"TOTAL Totalindeks";"2000M12";"Månedsendring (prosent)";-0,1
"TOTAL Totalindeks";"2000M12";"12-måneders endring (prosent)";3
"TOTAL Totalindeks";"2001M01";"Konsumprisindeks (2015=100)";76,9
"TOTAL Totalindeks";"2001M01";"Månedsendring (prosent)";0,8
"TOTAL Totalindeks";"2001M01";"12-måneders endring (prosent)";3,2
"TOTAL Totalindeks";"2001M02";"Konsumprisindeks (2015=100)";77,5
"TOTAL Totalindeks";"2001M02";"Månedsendring (prosent)";0,8
"TOTAL Totalindeks";"2001M02";"12-måneders endring (prosent)";3,6
"TOTAL Totalindeks";"2001M03";"Konsumprisindeks (2015=100)";77,7
"TOTAL Totalindeks";"2001M03";"Månedsendring (prosent)";0,3
"TOTAL Totalindeks";"2001M03";"12-måneders endring (prosent)";3,7
"TOTAL Totalindeks";"2001M04";"Konsumprisindeks (2015=100)";78
"TOTAL Totalindeks";"2001M04";"Månedsendring (prosent)";0,4
"TOTAL Totalindeks";"2001M04";"12-måneders endring (prosent)";3,9
"TOTAL Totalindeks";"2001M05";"Konsumprisindeks (2015=100)";78,4
"TOTAL Totalindeks";"2001M05";"Månedsendring (prosent)";0,5
"TOTAL Totalindeks";"2001M05";"12-måneders endring (prosent)";4,3
"TOTAL Totalindeks";"2001M06";"Konsumprisindeks (2015=100)";78,4
"TOTAL Totalindeks";"2001M06";"Månedsendring (prosent)";0
"TOTAL Totalindeks";"2001M06";"12-måneders endring (prosent)";3,7
"TOTAL Totalindeks";"2001M07";"Konsumprisindeks (2015=100)";77,4
"TOTAL Totalindeks";"2001M07";"Månedsendring (prosent)";-1,3
"TOTAL Totalindeks";"2001M07";"12-måneders endring (prosent)";2,8
"TOTAL Totalindeks";"2001M08";"Konsumprisindeks (2015=100)";77,3
"TOTAL Totalindeks";"2001M08";"Månedsendring (prosent)";-0,1
"TOTAL Totalindeks";"2001M08";"12-måneders endring (prosent)";2,7
"TOTAL Totalindeks";"2001M09";"Konsumprisindeks (2015=100)";77,7
"TOTAL Totalindeks";"2001M09";"Månedsendring (prosent)";0,5
"TOTAL Totalindeks";"2001M09";"12-måneders endring (prosent)";2,2
"TOTAL Totalindeks";"2001M10";"Konsumprisindeks (2015=100)";77,7
"TOTAL Totalindeks";"2001M10";"Månedsendring (prosent)";0
"TOTAL Totalindeks";"2001M10";"12-måneders endring (prosent)";2,2
"TOTAL Totalindeks";"2001M11";"Konsumprisindeks (2015=100)";77,7
"TOTAL Totalindeks";"2001M11";"Månedsendring (prosent)";0
"TOTAL Totalindeks";"2001M11";"12-måneders endring (prosent)";1,7
"TOTAL Totalindeks";"2001M12";"Konsumprisindeks (2015=100)";77,9
"TOTAL Totalindeks";"2001M12";"Månedsendring (prosent)";0,3
"TOTAL Totalindeks";"2001M12";"12-måneders endring (prosent)";2,1
"TOTAL Totalindeks";"2002M01";"Konsumprisindeks (2015=100)";78
"TOTAL Totalindeks";"2002M01";"Månedsendring (prosent)";0,1
"TOTAL Totalindeks";"2002M01";"12-måneders endring (prosent)";1,4
"TOTAL Totalindeks";"2002M02";"Konsumprisindeks (2015=100)";78,1
"TOTAL Totalindeks";"2002M02";"Månedsendring (prosent)";0,1
"TOTAL Totalindeks";"2002M02";"12-måneders endring (prosent)";0,8
"TOTAL Totalindeks";"2002M03";"Konsumprisindeks (2015=100)";78,4
"TOTAL Totalindeks";"2002M03";"Månedsendring (prosent)";0,4
"TOTAL Totalindeks";"2002M03";"12-måneders endring (prosent)";0,9
"TOTAL Totalindeks";"2002M04";"Konsumprisindeks (2015=100)";78,5
"TOTAL Totalindeks";"2002M04";"Månedsendring (prosent)";0,1
"TOTAL Totalindeks";"2002M04";"12-måneders endring (prosent)";0,6
"TOTAL Totalindeks";"2002M05";"Konsumprisindeks (2015=100)";78,7
"TOTAL Totalindeks";"2002M05";"Månedsendring (prosent)";0,3
"TOTAL Totalindeks";"2002M05";"12-måneders endring (prosent)";0,4
"TOTAL Totalindeks";"2002M06";"Konsumprisindeks (2015=100)";78,7
"TOTAL Totalindeks";"2002M06";"Månedsendring (prosent)";0
"TOTAL Totalindeks";"2002M06";"12-måneders endring (prosent)";0,4
"TOTAL Totalindeks";"2002M07";"Konsumprisindeks (2015=100)";78,6
"TOTAL Totalindeks";"2002M07";"Månedsendring (prosent)";-0,1
"TOTAL Totalindeks";"2002M07";"12-måneders endring (prosent)";1,6
"TOTAL Totalindeks";"2002M08";"Konsumprisindeks (2015=100)";78,3
"TOTAL Totalindeks";"2002M08";"Månedsendring (prosent)";-0,4
"TOTAL Totalindeks";"2002M08";"12-måneders endring (prosent)";1,3
"TOTAL Totalindeks";"2002M09";"Konsumprisindeks (2015=100)";78,8
"TOTAL Totalindeks";"2002M09";"Månedsendring (prosent)";0,6
"TOTAL Totalindeks";"2002M09";"12-måneders endring (prosent)";1,4
"TOTAL Totalindeks";"2002M10";"Konsumprisindeks (2015=100)";79,1
"TOTAL Totalindeks";"2002M10";"Månedsendring (prosent)";0,4
"TOTAL Totalindeks";"2002M10";"12-måneders endring (prosent)";1,8
"TOTAL Totalindeks";"2002M11";"Konsumprisindeks (2015=100)";79,4
"TOTAL Totalindeks";"2002M11";"Månedsendring (prosent)";0,4
"TOTAL Totalindeks";"2002M11";"12-måneders endring (prosent)";2,2
"TOTAL Totalindeks";"2002M12";"Konsumprisindeks (2015=100)";80
"TOTAL Totalindeks";"2002M12";"Månedsendring (prosent)";0,8
"TOTAL Totalindeks";"2002M12";"12-måneders endring (prosent)";2,7
"TOTAL Totalindeks";"2003M01";"Konsumprisindeks (2015=100)";81,9
"TOTAL Totalindeks";"2003M01";"Månedsendring (prosent)";2,4
"TOTAL Totalindeks";"2003M01";"12-måneders endring (prosent)";5
"TOTAL Totalindeks";"2003M02";"Konsumprisindeks (2015=100)";82
"TOTAL Totalindeks";"2003M02";"Månedsendring (prosent)";0,1
"TOTAL Totalindeks";"2003M02";"12-måneders endring (prosent)";5
"TOTAL Totalindeks";"2003M03";"Konsumprisindeks (2015=100)";81,4
"TOTAL Totalindeks";"2003M03";"Månedsendring (prosent)";-0,7
"TOTAL Totalindeks";"2003M03";"12-måneders endring (prosent)";3,8
"TOTAL Totalindeks";"2003M04";"Konsumprisindeks (2015=100)";80,8
"TOTAL Totalindeks";"2003M04";"Månedsendring (prosent)";-0,7
"TOTAL Totalindeks";"2003M04";"12-måneders endring (prosent)";2,9
"TOTAL Totalindeks";"2003M05";"Konsumprisindeks (2015=100)";80,3
"TOTAL Totalindeks";"2003M05";"Månedsendring (prosent)";-0,6
"TOTAL Totalindeks";"2003M05";"12-måneders endring (prosent)";2
"TOTAL Totalindeks";"2003M06";"Konsumprisindeks (2015=100)";80,1
"TOTAL Totalindeks";"2003M06";"Månedsendring (prosent)";-0,2
"TOTAL Totalindeks";"2003M06";"12-måneders endring (prosent)";1,8
"TOTAL Totalindeks";"2003M07";"Konsumprisindeks (2015=100)";79,8
"TOTAL Totalindeks";"2003M07";"Månedsendring (prosent)";-0,4
"TOTAL Totalindeks";"2003M07";"12-måneders endring (prosent)";1,5
"TOTAL Totalindeks";"2003M08";"Konsumprisindeks (2015=100)";80
"TOTAL Totalindeks";"2003M08";"Månedsendring (prosent)";0,3
"TOTAL Totalindeks";"2003M08";"12-måneders endring (prosent)";2,2
"TOTAL Totalindeks";"2003M09";"Konsumprisindeks (2015=100)";80,4
"TOTAL Totalindeks";"2003M09";"Månedsendring (prosent)";0,5
"TOTAL Totalindeks";"2003M09";"12-måneders endring (prosent)";2
"TOTAL Totalindeks";"2003M10";"Konsumprisindeks (2015=100)";80,4
"TOTAL Totalindeks";"2003M10";"Månedsendring (prosent)";0
"TOTAL Totalindeks";"2003M10";"12-måneders endring (prosent)";1,6
"TOTAL Totalindeks";"2003M11";"Konsumprisindeks (2015=100)";80,5
"TOTAL Totalindeks";"2003M11";"Månedsendring (prosent)";0,1
"TOTAL Totalindeks";"2003M11";"12-måneders endring (prosent)";1,4
"TOTAL Totalindeks";"2003M12";"Konsumprisindeks (2015=100)";80,5
"TOTAL Totalindeks";"2003M12";"Månedsendring (prosent)";0
"TOTAL Totalindeks";"2003M12";"12-måneders endring (prosent)";0,6
"TOTAL Totalindeks";"2004M01";"Konsumprisindeks (2015=100)";80,4
"TOTAL Totalindeks";"2004M01";"Månedsendring (prosent)";-0,1
"TOTAL Totalindeks";"2004M01";"12-måneders endring (prosent)";-1,8
"TOTAL Totalindeks";"2004M02";"Konsumprisindeks (2015=100)";80,5
"TOTAL Totalindeks";"2004M02";"Månedsendring (prosent)";0,1
"TOTAL Totalindeks";"2004M02";"12-måneders endring (prosent)";-1,8
"TOTAL Totalindeks";"2004M03";"Konsumprisindeks (2015=100)";80,9
"TOTAL Totalindeks";"2004M03";"Månedsendring (prosent)";0,5
"TOTAL Totalindeks";"2004M03";"12-måneders endring (prosent)";-0,6
"TOTAL Totalindeks";"2004M04";"Konsumprisindeks (2015=100)";81
"TOTAL Totalindeks";"2004M04";"Månedsendring (prosent)";0,1
"TOTAL Totalindeks";"2004M04";"12-måneders endring (prosent)";0,2
"TOTAL Totalindeks";"2004M05";"Konsumprisindeks (2015=100)";81,1
"TOTAL Totalindeks";"2004M05";"Månedsendring (prosent)";0,1
"TOTAL Totalindeks";"2004M05";"12-måneders endring (prosent)";1
"TOTAL Totalindeks";"2004M06";"Konsumprisindeks (2015=100)";81,1
"TOTAL Totalindeks";"2004M06";"Månedsendring (prosent)";0
"TOTAL Totalindeks";"2004M06";"12-måneders endring (prosent)";1,2
"TOTAL Totalindeks";"2004M07";"Konsumprisindeks (2015=100)";81
"TOTAL Totalindeks";"2004M07";"Månedsendring (prosent)";-0,1
"TOTAL Totalindeks";"2004M07";"12-måneders endring (prosent)";1,5
"TOTAL Totalindeks";"2004M08";"Konsumprisindeks (2015=100)";80,8
"TOTAL Totalindeks";"2004M08";"Månedsendring (prosent)";-0,2
"TOTAL Totalindeks";"2004M08";"12-måneders endring (prosent)";1
"TOTAL Totalindeks";"2004M09";"Konsumprisindeks (2015=100)";81,3
"TOTAL Totalindeks";"2004M09";"Månedsendring (prosent)";0,6
"TOTAL Totalindeks";"2004M09";"12-måneders endring (prosent)";1,1
"TOTAL Totalindeks";"2004M10";"Konsumprisindeks (2015=100)";81,5
"TOTAL Totalindeks";"2004M10";"Månedsendring (prosent)";0,2
"TOTAL Totalindeks";"2004M10";"12-måneders endring (prosent)";1,4
"TOTAL Totalindeks";"2004M11";"Konsumprisindeks (2015=100)";81,5
"TOTAL Totalindeks";"2004M11";"Månedsendring (prosent)";0
"TOTAL Totalindeks";"2004M11";"12-måneders endring (prosent)";1,2
"TOTAL Totalindeks";"2004M12";"Konsumprisindeks (2015=100)";81,4
"TOTAL Totalindeks";"2004M12";"Månedsendring (prosent)";-0,1
"TOTAL Totalindeks";"2004M12";"12-måneders endring (prosent)";1,1
"TOTAL Totalindeks";"2005M01";"Konsumprisindeks (2015=100)";81,2
"TOTAL Totalindeks";"2005M01";"Månedsendring (prosent)";-0,2
"TOTAL Totalindeks";"2005M01";"12-måneders endring (prosent)";1
"TOTAL Totalindeks";"2005M02";"Konsumprisindeks (2015=100)";81,3
"TOTAL Totalindeks";"2005M02";"Månedsendring (prosent)";0,1
"TOTAL Totalindeks";"2005M02";"12-måneders endring (prosent)";1
"TOTAL Totalindeks";"2005M03";"Konsumprisindeks (2015=100)";81,7
"TOTAL Totalindeks";"2005M03";"Månedsendring (prosent)";0,5
"TOTAL Totalindeks";"2005M03";"12-måneders endring (prosent)";1
"TOTAL Totalindeks";"2005M04";"Konsumprisindeks (2015=100)";82,1
"TOTAL Totalindeks";"2005M04";"Månedsendring (prosent)";0,5
"TOTAL Totalindeks";"2005M04";"12-måneders endring (prosent)";1,4
"TOTAL Totalindeks";"2005M05";"Konsumprisindeks (2015=100)";82,4
"TOTAL Totalindeks";"2005M05";"Månedsendring (prosent)";0,4
"TOTAL Totalindeks";"2005M05";"12-måneders endring (prosent)";1,6
"TOTAL Totalindeks";"2005M06";"Konsumprisindeks (2015=100)";82,4
"TOTAL Totalindeks";"2005M06";"Månedsendring (prosent)";0
"TOTAL Totalindeks";"2005M06";"12-måneders endring (prosent)";1,6
"TOTAL Totalindeks";"2005M07";"Konsumprisindeks (2015=100)";82,2
"TOTAL Totalindeks";"2005M07";"Månedsendring (prosent)";-0,2
"TOTAL Totalindeks";"2005M07";"12-måneders endring (prosent)";1,5
"TOTAL Totalindeks";"2005M08";"Konsumprisindeks (2015=100)";82,3
"TOTAL Totalindeks";"2005M08";"Månedsendring (prosent)";0,1
"TOTAL Totalindeks";"2005M08";"12-måneders endring (prosent)";1,9
"TOTAL Totalindeks";"2005M09";"Konsumprisindeks (2015=100)";82,9
"TOTAL Totalindeks";"2005M09";"Månedsendring (prosent)";0,7
"TOTAL Totalindeks";"2005M09";"12-måneders endring (prosent)";2
"TOTAL Totalindeks";"2005M10";"Konsumprisindeks (2015=100)";83
"TOTAL Totalindeks";"2005M10";"Månedsendring (prosent)";0,1
"TOTAL Totalindeks";"2005M10";"12-måneders endring (prosent)";1,8
"TOTAL Totalindeks";"2005M11";"Konsumprisindeks (2015=100)";83
"TOTAL Totalindeks";"2005M11";"Månedsendring (prosent)";0
"TOTAL Totalindeks";"2005M11";"12-måneders endring (prosent)";1,8
"TOTAL Totalindeks";"2005M12";"Konsumprisindeks (2015=100)";82,9
"TOTAL Totalindeks";"2005M12";"Månedsendring (prosent)";-0,1
"TOTAL Totalindeks";"2005M12";"12-måneders endring (prosent)";1,8
"TOTAL Totalindeks";"2006M01";"Konsumprisindeks (2015=100)";82,7
"TOTAL Totalindeks";"2006M01";"Månedsendring (prosent)";-0,2
"TOTAL Totalindeks";"2006M01";"12-måneders endring (prosent)";1,8
"TOTAL Totalindeks";"2006M02";"Konsumprisindeks (2015=100)";83,4
"TOTAL Totalindeks";"2006M02";"Månedsendring (prosent)";0,8
"TOTAL Totalindeks";"2006M02";"12-måneders endring (prosent)";2,6
"TOTAL Totalindeks";"2006M03";"Konsumprisindeks (2015=100)";83,6
"TOTAL Totalindeks";"2006M03";"Månedsendring (prosent)";0,2
"TOTAL Totalindeks";"2006M03";"12-måneders endring (prosent)";2,3
"TOTAL Totalindeks";"2006M04";"Konsumprisindeks (2015=100)";84,3
"TOTAL Totalindeks";"2006M04";"Månedsendring (prosent)";0,8
"TOTAL Totalindeks";"2006M04";"12-måneders endring (prosent)";2,7
"TOTAL Totalindeks";"2006M05";"Konsumprisindeks (2015=100)";84,3
"TOTAL Totalindeks";"2006M05";"Månedsendring (prosent)";0
"TOTAL Totalindeks";"2006M05";"12-måneders endring (prosent)";2,3
"TOTAL Totalindeks";"2006M06";"Konsumprisindeks (2015=100)";84,2
"TOTAL Totalindeks";"2006M06";"Månedsendring (prosent)";-0,1
"TOTAL Totalindeks";"2006M06";"12-måneders endring (prosent)";2,2
"TOTAL Totalindeks";"2006M07";"Konsumprisindeks (2015=100)";83,9
"TOTAL Totalindeks";"2006M07";"Månedsendring (prosent)";-0,4
"TOTAL Totalindeks";"2006M07";"12-måneders endring (prosent)";2,1
"TOTAL Totalindeks";"2006M08";"Konsumprisindeks (2015=100)";83,9
"TOTAL Totalindeks";"2006M08";"Månedsendring (prosent)";0
"TOTAL Totalindeks";"2006M08";"12-måneders endring (prosent)";1,9
"TOTAL Totalindeks";"2006M09";"Konsumprisindeks (2015=100)";85,1
"TOTAL Totalindeks";"2006M09";"Månedsendring (prosent)";1,4
"TOTAL Totalindeks";"2006M09";"12-måneders endring (prosent)";2,7
"TOTAL Totalindeks";"2006M10";"Konsumprisindeks (2015=100)";85,2
"TOTAL Totalindeks";"2006M10";"Månedsendring (prosent)";0,1
"TOTAL Totalindeks";"2006M10";"12-måneders endring (prosent)";2,7
"TOTAL Totalindeks";"2006M11";"Konsumprisindeks (2015=100)";85,1
"TOTAL Totalindeks";"2006M11";"Månedsendring (prosent)";-0,1
"TOTAL Totalindeks";"2006M11";"12-måneders endring (prosent)";2,5
"TOTAL Totalindeks";"2006M12";"Konsumprisindeks (2015=100)";84,7
"TOTAL Totalindeks";"2006M12";"Månedsendring (prosent)";-0,5
"TOTAL Totalindeks";"2006M12";"12-måneders endring (prosent)";2,2
"TOTAL Totalindeks";"2007M01";"Konsumprisindeks (2015=100)";83,7
"TOTAL Totalindeks";"2007M01";"Månedsendring (prosent)";-1,2
"TOTAL Totalindeks";"2007M01";"12-måneders endring (prosent)";1,2
"TOTAL Totalindeks";"2007M02";"Konsumprisindeks (2015=100)";84
"TOTAL Totalindeks";"2007M02";"Månedsendring (prosent)";0,4
"TOTAL Totalindeks";"2007M02";"12-måneders endring (prosent)";0,7
"TOTAL Totalindeks";"2007M03";"Konsumprisindeks (2015=100)";84,5
"TOTAL Totalindeks";"2007M03";"Månedsendring (prosent)";0,6
"TOTAL Totalindeks";"2007M03";"12-måneders endring (prosent)";1,1
"TOTAL Totalindeks";"2007M04";"Konsumprisindeks (2015=100)";84,5
"TOTAL Totalindeks";"2007M04";"Månedsendring (prosent)";0
"TOTAL Totalindeks";"2007M04";"12-måneders endring (prosent)";0,2
"TOTAL Totalindeks";"2007M05";"Konsumprisindeks (2015=100)";84,6
"TOTAL Totalindeks";"2007M05";"Månedsendring (prosent)";0,1
"TOTAL Totalindeks";"2007M05";"12-måneders endring (prosent)";0,4
"TOTAL Totalindeks";"2007M06";"Konsumprisindeks (2015=100)";84,5
"TOTAL Totalindeks";"2007M06";"Månedsendring (prosent)";-0,1
"TOTAL Totalindeks";"2007M06";"12-måneders endring (prosent)";0,4
"TOTAL Totalindeks";"2007M07";"Konsumprisindeks (2015=100)";84,3
"TOTAL Totalindeks";"2007M07";"Månedsendring (prosent)";-0,2
"TOTAL Totalindeks";"2007M07";"12-måneders endring (prosent)";0,5
"TOTAL Totalindeks";"2007M08";"Konsumprisindeks (2015=100)";84,2
"TOTAL Totalindeks";"2007M08";"Månedsendring (prosent)";-0,1
"TOTAL Totalindeks";"2007M08";"12-måneders endring (prosent)";0,4
"TOTAL Totalindeks";"2007M09";"Konsumprisindeks (2015=100)";84,8
"TOTAL Totalindeks";"2007M09";"Månedsendring (prosent)";0,7
"TOTAL Totalindeks";"2007M09";"12-måneders endring (prosent)";-0,4
"TOTAL Totalindeks";"2007M10";"Konsumprisindeks (2015=100)";85
"TOTAL Totalindeks";"2007M10";"Månedsendring (prosent)";0,2
"TOTAL Totalindeks";"2007M10";"12-måneders endring (prosent)";-0,2
"TOTAL Totalindeks";"2007M11";"Konsumprisindeks (2015=100)";86,4
"TOTAL Totalindeks";"2007M11";"Månedsendring (prosent)";1,6
"TOTAL Totalindeks";"2007M11";"12-måneders endring (prosent)";1,5
"TOTAL Totalindeks";"2007M12";"Konsumprisindeks (2015=100)";87,1
"TOTAL Totalindeks";"2007M12";"Månedsendring (prosent)";0,8
"TOTAL Totalindeks";"2007M12";"12-måneders endring (prosent)";2,8
"TOTAL Totalindeks";"2008M01";"Konsumprisindeks (2015=100)";86,7
"TOTAL Totalindeks";"2008M01";"Månedsendring (prosent)";-0,5
"TOTAL Totalindeks";"2008M01";"12-måneders endring (prosent)";3,6
"TOTAL Totalindeks";"2008M02";"Konsumprisindeks (2015=100)";87,2
"TOTAL Totalindeks";"2008M02";"Månedsendring (prosent)";0,6
"TOTAL Totalindeks";"2008M02";"12-måneders endring (prosent)";3,8
"TOTAL Totalindeks";"2008M03";"Konsumprisindeks (2015=100)";87,2
"TOTAL Totalindeks";"2008M03";"Månedsendring (prosent)";0
"TOTAL Totalindeks";"2008M03";"12-måneders endring (prosent)";3,2
"TOTAL Totalindeks";"2008M04";"Konsumprisindeks (2015=100)";87,2
"TOTAL Totalindeks";"2008M04";"Månedsendring (prosent)";0
"TOTAL Totalindeks";"2008M04";"12-måneders endring (prosent)";3,2
"TOTAL Totalindeks";"2008M05";"Konsumprisindeks (2015=100)";87,2
"TOTAL Totalindeks";"2008M05";"Månedsendring (prosent)";0
"TOTAL Totalindeks";"2008M05";"12-måneders endring (prosent)";3,1
"TOTAL Totalindeks";"2008M06";"Konsumprisindeks (2015=100)";87,4
"TOTAL Totalindeks";"2008M06";"Månedsendring (prosent)";0,2
"TOTAL Totalindeks";"2008M06";"12-måneders endring (prosent)";3,4
"TOTAL Totalindeks";"2008M07";"Konsumprisindeks (2015=100)";87,9
"TOTAL Totalindeks";"2008M07";"Månedsendring (prosent)";0,6
"TOTAL Totalindeks";"2008M07";"12-måneders endring (prosent)";4,3
"TOTAL Totalindeks";"2008M08";"Konsumprisindeks (2015=100)";88
"TOTAL Totalindeks";"2008M08";"Månedsendring (prosent)";0,1
"TOTAL Totalindeks";"2008M08";"12-måneders endring (prosent)";4,5
"TOTAL Totalindeks";"2008M09";"Konsumprisindeks (2015=100)";89,3
"TOTAL Totalindeks";"2008M09";"Månedsendring (prosent)";1,5
"TOTAL Totalindeks";"2008M09";"12-måneders endring (prosent)";5,3
"TOTAL Totalindeks";"2008M10";"Konsumprisindeks (2015=100)";89,6
"TOTAL Totalindeks";"2008M10";"Månedsendring (prosent)";0,3
"TOTAL Totalindeks";"2008M10";"12-måneders endring (prosent)";5,4
"TOTAL Totalindeks";"2008M11";"Konsumprisindeks (2015=100)";89,1
"TOTAL Totalindeks";"2008M11";"Månedsendring (prosent)";-0,6
"TOTAL Totalindeks";"2008M11";"12-måneders endring (prosent)";3,1
"TOTAL Totalindeks";"2008M12";"Konsumprisindeks (2015=100)";89
"TOTAL Totalindeks";"2008M12";"Månedsendring (prosent)";-0,1
"TOTAL Totalindeks";"2008M12";"12-måneders endring (prosent)";2,2
"TOTAL Totalindeks";"2009M01";"Konsumprisindeks (2015=100)";88,7
"TOTAL Totalindeks";"2009M01";"Månedsendring (prosent)";-0,3
"TOTAL Totalindeks";"2009M01";"12-måneders endring (prosent)";2,3
"TOTAL Totalindeks";"2009M02";"Konsumprisindeks (2015=100)";89,4
"TOTAL Totalindeks";"2009M02";"Månedsendring (prosent)";0,8
"TOTAL Totalindeks";"2009M02";"12-måneders endring (prosent)";2,5
"TOTAL Totalindeks";"2009M03";"Konsumprisindeks (2015=100)";89,4
"TOTAL Totalindeks";"2009M03";"Månedsendring (prosent)";0
"TOTAL Totalindeks";"2009M03";"12-måneders endring (prosent)";2,5
"TOTAL Totalindeks";"2009M04";"Konsumprisindeks (2015=100)";89,7
"TOTAL Totalindeks";"2009M04";"Månedsendring (prosent)";0,3
"TOTAL Totalindeks";"2009M04";"12-måneders endring (prosent)";2,9
"TOTAL Totalindeks";"2009M05";"Konsumprisindeks (2015=100)";89,9
"TOTAL Totalindeks";"2009M05";"Månedsendring (prosent)";0,2
"TOTAL Totalindeks";"2009M05";"12-måneders endring (prosent)";3,1
"TOTAL Totalindeks";"2009M06";"Konsumprisindeks (2015=100)";90,4
"TOTAL Totalindeks";"2009M06";"Månedsendring (prosent)";0,6
"TOTAL Totalindeks";"2009M06";"12-måneders endring (prosent)";3,4
"TOTAL Totalindeks";"2009M07";"Konsumprisindeks (2015=100)";89,9
"TOTAL Totalindeks";"2009M07";"Månedsendring (prosent)";-0,6
"TOTAL Totalindeks";"2009M07";"12-måneders endring (prosent)";2,3
"TOTAL Totalindeks";"2009M08";"Konsumprisindeks (2015=100)";89,7
"TOTAL Totalindeks";"2009M08";"Månedsendring (prosent)";-0,2
"TOTAL Totalindeks";"2009M08";"12-måneders endring (prosent)";1,9
"TOTAL Totalindeks";"2009M09";"Konsumprisindeks (2015=100)";90,4
"TOTAL Totalindeks";"2009M09";"Månedsendring (prosent)";0,8
"TOTAL Totalindeks";"2009M09";"12-måneders endring (prosent)";1,2
"TOTAL Totalindeks";"2009M10";"Konsumprisindeks (2015=100)";90,2
"TOTAL Totalindeks";"2009M10";"Månedsendring (prosent)";-0,2
"TOTAL Totalindeks";"2009M10";"12-måneders endring (prosent)";0,7
"TOTAL Totalindeks";"2009M11";"Konsumprisindeks (2015=100)";90,5
"TOTAL Totalindeks";"2009M11";"Månedsendring (prosent)";0,3
"TOTAL Totalindeks";"2009M11";"12-måneders endring (prosent)";1,6
"TOTAL Totalindeks";"2009M12";"Konsumprisindeks (2015=100)";90,8
"TOTAL Totalindeks";"2009M12";"Månedsendring (prosent)";0,3
"TOTAL Totalindeks";"2009M12";"12-måneders endring (prosent)";2
"TOTAL Totalindeks";"2010M01";"Konsumprisindeks (2015=100)";90,9
"TOTAL Totalindeks";"2010M01";"Månedsendring (prosent)";0,1
"TOTAL Totalindeks";"2010M01";"12-måneders endring (prosent)";2,5
"TOTAL Totalindeks";"2010M02";"Konsumprisindeks (2015=100)";92
"TOTAL Totalindeks";"2010M02";"Månedsendring (prosent)";1,2
"TOTAL Totalindeks";"2010M02";"12-måneders endring (prosent)";2,9
"TOTAL Totalindeks";"2010M03";"Konsumprisindeks (2015=100)";92,5
"TOTAL Totalindeks";"2010M03";"Månedsendring (prosent)";0,5
"TOTAL Totalindeks";"2010M03";"12-måneders endring (prosent)";3,5
"TOTAL Totalindeks";"2010M04";"Konsumprisindeks (2015=100)";92,7
"TOTAL Totalindeks";"2010M04";"Månedsendring (prosent)";0,2
"TOTAL Totalindeks";"2010M04";"12-måneders endring (prosent)";3,3
"TOTAL Totalindeks";"2010M05";"Konsumprisindeks (2015=100)";92,2
"TOTAL Totalindeks";"2010M05";"Månedsendring (prosent)";-0,5
"TOTAL Totalindeks";"2010M05";"12-måneders endring (prosent)";2,6
"TOTAL Totalindeks";"2010M06";"Konsumprisindeks (2015=100)";92,1
"TOTAL Totalindeks";"2010M06";"Månedsendring (prosent)";-0,1
"TOTAL Totalindeks";"2010M06";"12-måneders endring (prosent)";1,9
"TOTAL Totalindeks";"2010M07";"Konsumprisindeks (2015=100)";91,6
"TOTAL Totalindeks";"2010M07";"Månedsendring (prosent)";-0,5
"TOTAL Totalindeks";"2010M07";"12-måneders endring (prosent)";1,9
"TOTAL Totalindeks";"2010M08";"Konsumprisindeks (2015=100)";91,4
"TOTAL Totalindeks";"2010M08";"Månedsendring (prosent)";-0,2
"TOTAL Totalindeks";"2010M08";"12-måneders endring (prosent)";1,9
"TOTAL Totalindeks";"2010M09";"Konsumprisindeks (2015=100)";92
"TOTAL Totalindeks";"2010M09";"Månedsendring (prosent)";0,7
"TOTAL Totalindeks";"2010M09";"12-måneders endring (prosent)";1,8
"TOTAL Totalindeks";"2010M10";"Konsumprisindeks (2015=100)";92,1
"TOTAL Totalindeks";"2010M10";"Månedsendring (prosent)";0,1
"TOTAL Totalindeks";"2010M10";"12-måneders endring (prosent)";2,1
"TOTAL Totalindeks";"2010M11";"Konsumprisindeks (2015=100)";92,3
"TOTAL Totalindeks";"2010M11";"Månedsendring (prosent)";0,2
"TOTAL Totalindeks";"2010M11";"12-måneders endring (prosent)";2
"TOTAL Totalindeks";"2010M12";"Konsumprisindeks (2015=100)";93,3
"TOTAL Totalindeks";"2010M12";"Månedsendring (prosent)";1,1
"TOTAL Totalindeks";"2010M12";"12-måneders endring (prosent)";2,8
"TOTAL Totalindeks";"2011M01";"Konsumprisindeks (2015=100)";92,7
"TOTAL Totalindeks";"2011M01";"Månedsendring (prosent)";-0,6
"TOTAL Totalindeks";"2011M01";"12-måneders endring (prosent)";2
"TOTAL Totalindeks";"2011M02";"Konsumprisindeks (2015=100)";93,1
"TOTAL Totalindeks";"2011M02";"Månedsendring (prosent)";0,4
"TOTAL Totalindeks";"2011M02";"12-måneders endring (prosent)";1,2
"TOTAL Totalindeks";"2011M03";"Konsumprisindeks (2015=100)";93,4
"TOTAL Totalindeks";"2011M03";"Månedsendring (prosent)";0,3
"TOTAL Totalindeks";"2011M03";"12-måneders endring (prosent)";1
"TOTAL Totalindeks";"2011M04";"Konsumprisindeks (2015=100)";93,9
"TOTAL Totalindeks";"2011M04";"Månedsendring (prosent)";0,5
"TOTAL Totalindeks";"2011M04";"12-måneders endring (prosent)";1,3
"TOTAL Totalindeks";"2011M05";"Konsumprisindeks (2015=100)";93,7
"TOTAL Totalindeks";"2011M05";"Månedsendring (prosent)";-0,2
"TOTAL Totalindeks";"2011M05";"12-måneders endring (prosent)";1,6
"TOTAL Totalindeks";"2011M06";"Konsumprisindeks (2015=100)";93,4
"TOTAL Totalindeks";"2011M06";"Månedsendring (prosent)";-0,3
"TOTAL Totalindeks";"2011M06";"12-måneders endring (prosent)";1,4
"TOTAL Totalindeks";"2011M07";"Konsumprisindeks (2015=100)";93,1
"TOTAL Totalindeks";"2011M07";"Månedsendring (prosent)";-0,3
"TOTAL Totalindeks";"2011M07";"12-måneders endring (prosent)";1,6
"TOTAL Totalindeks";"2011M08";"Konsumprisindeks (2015=100)";92,6
"TOTAL Totalindeks";"2011M08";"Månedsendring (prosent)";-0,5
"TOTAL Totalindeks";"2011M08";"12-måneders endring (prosent)";1,3
"TOTAL Totalindeks";"2011M09";"Konsumprisindeks (2015=100)";93,4
"TOTAL Totalindeks";"2011M09";"Månedsendring (prosent)";0,9
"TOTAL Totalindeks";"2011M09";"12-måneders endring (prosent)";1,5
"TOTAL Totalindeks";"2011M10";"Konsumprisindeks (2015=100)";93,3
"TOTAL Totalindeks";"2011M10";"Månedsendring (prosent)";-0,1
"TOTAL Totalindeks";"2011M10";"12-måneders endring (prosent)";1,3
"TOTAL Totalindeks";"2011M11";"Konsumprisindeks (2015=100)";93,3
"TOTAL Totalindeks";"2011M11";"Månedsendring (prosent)";0
"TOTAL Totalindeks";"2011M11";"12-måneders endring (prosent)";1,1
"TOTAL Totalindeks";"2011M12";"Konsumprisindeks (2015=100)";93,4
"TOTAL Totalindeks";"2011M12";"Månedsendring (prosent)";0,1
"TOTAL Totalindeks";"2011M12";"12-måneders endring (prosent)";0,1
"TOTAL Totalindeks";"2012M01";"Konsumprisindeks (2015=100)";93,2
"TOTAL Totalindeks";"2012M01";"Månedsendring (prosent)";-0,2
"TOTAL Totalindeks";"2012M01";"12-måneders endring (prosent)";0,5
"TOTAL Totalindeks";"2012M02";"Konsumprisindeks (2015=100)";94,2
"TOTAL Totalindeks";"2012M02";"Månedsendring (prosent)";1,1
"TOTAL Totalindeks";"2012M02";"12-måneders endring (prosent)";1,2
"TOTAL Totalindeks";"2012M03";"Konsumprisindeks (2015=100)";94,1
"TOTAL Totalindeks";"2012M03";"Månedsendring (prosent)";-0,1
"TOTAL Totalindeks";"2012M03";"12-måneders endring (prosent)";0,7
"TOTAL Totalindeks";"2012M04";"Konsumprisindeks (2015=100)";94,2
"TOTAL Totalindeks";"2012M04";"Månedsendring (prosent)";0,1
"TOTAL Totalindeks";"2012M04";"12-måneders endring (prosent)";0,3
"TOTAL Totalindeks";"2012M05";"Konsumprisindeks (2015=100)";94,2
"TOTAL Totalindeks";"2012M05";"Månedsendring (prosent)";0
"TOTAL Totalindeks";"2012M05";"12-måneders endring (prosent)";0,5
"TOTAL Totalindeks";"2012M06";"Konsumprisindeks (2015=100)";93,7
"TOTAL Totalindeks";"2012M06";"Månedsendring (prosent)";-0,5
"TOTAL Totalindeks";"2012M06";"12-måneders endring (prosent)";0,3
"TOTAL Totalindeks";"2012M07";"Konsumprisindeks (2015=100)";93,3
"TOTAL Totalindeks";"2012M07";"Månedsendring (prosent)";-0,4
"TOTAL Totalindeks";"2012M07";"12-måneders endring (prosent)";0,2
"TOTAL Totalindeks";"2012M08";"Konsumprisindeks (2015=100)";92,9
"TOTAL Totalindeks";"2012M08";"Månedsendring (prosent)";-0,4
"TOTAL Totalindeks";"2012M08";"12-måneders endring (prosent)";0,3
"TOTAL Totalindeks";"2012M09";"Konsumprisindeks (2015=100)";93,9
"TOTAL Totalindeks";"2012M09";"Månedsendring (prosent)";1,1
"TOTAL Totalindeks";"2012M09";"12-måneders endring (prosent)";0,5
"TOTAL Totalindeks";"2012M10";"Konsumprisindeks (2015=100)";94,3
"TOTAL Totalindeks";"2012M10";"Månedsendring (prosent)";0,4
"TOTAL Totalindeks";"2012M10";"12-måneders endring (prosent)";1,1
"TOTAL Totalindeks";"2012M11";"Konsumprisindeks (2015=100)";94,4
"TOTAL Totalindeks";"2012M11";"Månedsendring (prosent)";0,1
"TOTAL Totalindeks";"2012M11";"12-måneders endring (prosent)";1,2
"TOTAL Totalindeks";"2012M12";"Konsumprisindeks (2015=100)";94,7
"TOTAL Totalindeks";"2012M12";"Månedsendring (prosent)";0,3
"TOTAL Totalindeks";"2012M12";"12-måneders endring (prosent)";1,4
"TOTAL Totalindeks";"2013M01";"Konsumprisindeks (2015=100)";94,5
"TOTAL Totalindeks";"2013M01";"Månedsendring (prosent)";-0,2
"TOTAL Totalindeks";"2013M01";"12-måneders endring (prosent)";1,4
"TOTAL Totalindeks";"2013M02";"Konsumprisindeks (2015=100)";95,1
"TOTAL Totalindeks";"2013M02";"Månedsendring (prosent)";0,6
"TOTAL Totalindeks";"2013M02";"12-måneders endring (prosent)";1
"TOTAL Totalindeks";"2013M03";"Konsumprisindeks (2015=100)";95,4
"TOTAL Totalindeks";"2013M03";"Månedsendring (prosent)";0,3
"TOTAL Totalindeks";"2013M03";"12-måneders endring (prosent)";1,4
"TOTAL Totalindeks";"2013M04";"Konsumprisindeks (2015=100)";95,9
"TOTAL Totalindeks";"2013M04";"Månedsendring (prosent)";0,5
"TOTAL Totalindeks";"2013M04";"12-måneders endring (prosent)";1,8
"TOTAL Totalindeks";"2013M05";"Konsumprisindeks (2015=100)";96
"TOTAL Totalindeks";"2013M05";"Månedsendring (prosent)";0,1
"TOTAL Totalindeks";"2013M05";"12-måneders endring (prosent)";1,9
"TOTAL Totalindeks";"2013M06";"Konsumprisindeks (2015=100)";95,7
"TOTAL Totalindeks";"2013M06";"Månedsendring (prosent)";-0,3
"TOTAL Totalindeks";"2013M06";"12-måneders endring (prosent)";2,1
"TOTAL Totalindeks";"2013M07";"Konsumprisindeks (2015=100)";96,1
"TOTAL Totalindeks";"2013M07";"Månedsendring (prosent)";0,4
"TOTAL Totalindeks";"2013M07";"12-måneders endring (prosent)";3
"TOTAL Totalindeks";"2013M08";"Konsumprisindeks (2015=100)";96
"TOTAL Totalindeks";"2013M08";"Månedsendring (prosent)";-0,1
"TOTAL Totalindeks";"2013M08";"12-måneders endring (prosent)";3,3
"TOTAL Totalindeks";"2013M09";"Konsumprisindeks (2015=100)";96,4
"TOTAL Totalindeks";"2013M09";"Månedsendring (prosent)";0,4
"TOTAL Totalindeks";"2013M09";"12-måneders endring (prosent)";2,7
"TOTAL Totalindeks";"2013M10";"Konsumprisindeks (2015=100)";96,6
"TOTAL Totalindeks";"2013M10";"Månedsendring (prosent)";0,2
"TOTAL Totalindeks";"2013M10";"12-måneders endring (prosent)";2,4
"TOTAL Totalindeks";"2013M11";"Konsumprisindeks (2015=100)";96,7
"TOTAL Totalindeks";"2013M11";"Månedsendring (prosent)";0,1
"TOTAL Totalindeks";"2013M11";"12-måneders endring (prosent)";2,4
"TOTAL Totalindeks";"2013M12";"Konsumprisindeks (2015=100)";96,6
"TOTAL Totalindeks";"2013M12";"Månedsendring (prosent)";-0,1
"TOTAL Totalindeks";"2013M12";"12-måneders endring (prosent)";2
"TOTAL Totalindeks";"2014M01";"Konsumprisindeks (2015=100)";96,6
"TOTAL Totalindeks";"2014M01";"Månedsendring (prosent)";0
"TOTAL Totalindeks";"2014M01";"12-måneders endring (prosent)";2,2
"TOTAL Totalindeks";"2014M02";"Konsumprisindeks (2015=100)";97,1
"TOTAL Totalindeks";"2014M02";"Månedsendring (prosent)";0,5
"TOTAL Totalindeks";"2014M02";"12-måneders endring (prosent)";2,1
"TOTAL Totalindeks";"2014M03";"Konsumprisindeks (2015=100)";97,3
"TOTAL Totalindeks";"2014M03";"Månedsendring (prosent)";0,2
"TOTAL Totalindeks";"2014M03";"12-måneders endring (prosent)";2
"TOTAL Totalindeks";"2014M04";"Konsumprisindeks (2015=100)";97,7
"TOTAL Totalindeks";"2014M04";"Månedsendring (prosent)";0,4
"TOTAL Totalindeks";"2014M04";"12-måneders endring (prosent)";1,9
"TOTAL Totalindeks";"2014M05";"Konsumprisindeks (2015=100)";97,8
"TOTAL Totalindeks";"2014M05";"Månedsendring (prosent)";0,1
"TOTAL Totalindeks";"2014M05";"12-måneders endring (prosent)";1,9
"TOTAL Totalindeks";"2014M06";"Konsumprisindeks (2015=100)";97,5
"TOTAL Totalindeks";"2014M06";"Månedsendring (prosent)";-0,3
"TOTAL Totalindeks";"2014M06";"12-måneders endring (prosent)";1,9
"TOTAL Totalindeks";"2014M07";"Konsumprisindeks (2015=100)";98,3
"TOTAL Totalindeks";"2014M07";"Månedsendring (prosent)";0,8
"TOTAL Totalindeks";"2014M07";"12-måneders endring (prosent)";2,3
"TOTAL Totalindeks";"2014M08";"Konsumprisindeks (2015=100)";97,9
"TOTAL Totalindeks";"2014M08";"Månedsendring (prosent)";-0,4
"TOTAL Totalindeks";"2014M08";"12-måneders endring (prosent)";2
"TOTAL Totalindeks";"2014M09";"Konsumprisindeks (2015=100)";98,5
"TOTAL Totalindeks";"2014M09";"Månedsendring (prosent)";0,6
"TOTAL Totalindeks";"2014M09";"12-måneders endring (prosent)";2,2
"TOTAL Totalindeks";"2014M10";"Konsumprisindeks (2015=100)";98,6
"TOTAL Totalindeks";"2014M10";"Månedsendring (prosent)";0,1
"TOTAL Totalindeks";"2014M10";"12-måneders endring (prosent)";2,1
"TOTAL Totalindeks";"2014M11";"Konsumprisindeks (2015=100)";98,6
"TOTAL Totalindeks";"2014M11";"Månedsendring (prosent)";0
"TOTAL Totalindeks";"2014M11";"12-måneders endring (prosent)";2
"TOTAL Totalindeks";"2014M12";"Konsumprisindeks (2015=100)";98,6
"TOTAL Totalindeks";"2014M12";"Månedsendring (prosent)";0
"TOTAL Totalindeks";"2014M12";"12-måneders endring (prosent)";2,1
"TOTAL Totalindeks";"2015M01";"Konsumprisindeks (2015=100)";98,6
"TOTAL Totalindeks";"2015M01";"Månedsendring (prosent)";0
"TOTAL Totalindeks";"2015M01";"12-måneders endring (prosent)";2,1
"TOTAL Totalindeks";"2015M02";"Konsumprisindeks (2015=100)";98,9
"TOTAL Totalindeks";"2015M02";"Månedsendring (prosent)";0,3
"TOTAL Totalindeks";"2015M02";"12-måneders endring (prosent)";1,9
"TOTAL Totalindeks";"2015M03";"Konsumprisindeks (2015=100)";99,2
"TOTAL Totalindeks";"2015M03";"Månedsendring (prosent)";0,3
"TOTAL Totalindeks";"2015M03";"12-måneders endring (prosent)";2
"TOTAL Totalindeks";"2015M04";"Konsumprisindeks (2015=100)";99,6
"TOTAL Totalindeks";"2015M04";"Månedsendring (prosent)";0,4
"TOTAL Totalindeks";"2015M04";"12-måneders endring (prosent)";1,9
"TOTAL Totalindeks";"2015M05";"Konsumprisindeks (2015=100)";99,8
"TOTAL Totalindeks";"2015M05";"Månedsendring (prosent)";0,2
"TOTAL Totalindeks";"2015M05";"12-måneders endring (prosent)";2
"TOTAL Totalindeks";"2015M06";"Konsumprisindeks (2015=100)";100,1
"TOTAL Totalindeks";"2015M06";"Månedsendring (prosent)";0,3
"TOTAL Totalindeks";"2015M06";"12-måneders endring (prosent)";2,7
"TOTAL Totalindeks";"2015M07";"Konsumprisindeks (2015=100)";100,1
"TOTAL Totalindeks";"2015M07";"Månedsendring (prosent)";0
"TOTAL Totalindeks";"2015M07";"12-måneders endring (prosent)";1,8
"TOTAL Totalindeks";"2015M08";"Konsumprisindeks (2015=100)";99,9
"TOTAL Totalindeks";"2015M08";"Månedsendring (prosent)";-0,2
"TOTAL Totalindeks";"2015M08";"12-måneders endring (prosent)";2
"TOTAL Totalindeks";"2015M09";"Konsumprisindeks (2015=100)";100,6
"TOTAL Totalindeks";"2015M09";"Månedsendring (prosent)";0,7
"TOTAL Totalindeks";"2015M09";"12-måneders endring (prosent)";2,1
"TOTAL Totalindeks";"2015M10";"Konsumprisindeks (2015=100)";101
"TOTAL Totalindeks";"2015M10";"Månedsendring (prosent)";0,4
"TOTAL Totalindeks";"2015M10";"12-måneders endring (prosent)";2,4
"TOTAL Totalindeks";"2015M11";"Konsumprisindeks (2015=100)";101,3
"TOTAL Totalindeks";"2015M11";"Månedsendring (prosent)";0,3
"TOTAL Totalindeks";"2015M11";"12-måneders endring (prosent)";2,7
"TOTAL Totalindeks";"2015M12";"Konsumprisindeks (2015=100)";100,9
"TOTAL Totalindeks";"2015M12";"Månedsendring (prosent)";-0,4
"TOTAL Totalindeks";"2015M12";"12-måneders endring (prosent)";2,3
"TOTAL Totalindeks";"2016M01";"Konsumprisindeks (2015=100)";101,5
"TOTAL Totalindeks";"2016M01";"Månedsendring (prosent)";0,6
"TOTAL Totalindeks";"2016M01";"12-måneders endring (prosent)";2,9
"TOTAL Totalindeks";"2016M02";"Konsumprisindeks (2015=100)";102,1
"TOTAL Totalindeks";"2016M02";"Månedsendring (prosent)";0,6
"TOTAL Totalindeks";"2016M02";"12-måneders endring (prosent)";3,2
"TOTAL Totalindeks";"2016M03";"Konsumprisindeks (2015=100)";102,5
"TOTAL Totalindeks";"2016M03";"Månedsendring (prosent)";0,4
"TOTAL Totalindeks";"2016M03";"12-måneders endring (prosent)";3,3
"TOTAL Totalindeks";"2016M04";"Konsumprisindeks (2015=100)";102,9
"TOTAL Totalindeks";"2016M04";"Månedsendring (prosent)";0,4
"TOTAL Totalindeks";"2016M04";"12-måneders endring (prosent)";3,3
"TOTAL Totalindeks";"2016M05";"Konsumprisindeks (2015=100)";103,2
"TOTAL Totalindeks";"2016M05";"Månedsendring (prosent)";0,3
"TOTAL Totalindeks";"2016M05";"12-måneders endring (prosent)";3,4
"TOTAL Totalindeks";"2016M06";"Konsumprisindeks (2015=100)";103,8
"TOTAL Totalindeks";"2016M06";"Månedsendring (prosent)";0,6
"TOTAL Totalindeks";"2016M06";"12-måneders endring (prosent)";3,7
"TOTAL Totalindeks";"2016M07";"Konsumprisindeks (2015=100)";104,5
"TOTAL Totalindeks";"2016M07";"Månedsendring (prosent)";0,7
"TOTAL Totalindeks";"2016M07";"12-måneders endring (prosent)";4,4
"TOTAL Totalindeks";"2016M08";"Konsumprisindeks (2015=100)";103,9
"TOTAL Totalindeks";"2016M08";"Månedsendring (prosent)";-0,6
"TOTAL Totalindeks";"2016M08";"12-måneders endring (prosent)";4
"TOTAL Totalindeks";"2016M09";"Konsumprisindeks (2015=100)";104,2
"TOTAL Totalindeks";"2016M09";"Månedsendring (prosent)";0,3
"TOTAL Totalindeks";"2016M09";"12-måneders endring (prosent)";3,6
"TOTAL Totalindeks";"2016M10";"Konsumprisindeks (2015=100)";104,7
"TOTAL Totalindeks";"2016M10";"Månedsendring (prosent)";0,5
"TOTAL Totalindeks";"2016M10";"12-måneders endring (prosent)";3,7
"TOTAL Totalindeks";"2016M11";"Konsumprisindeks (2015=100)";104,9
"TOTAL Totalindeks";"2016M11";"Månedsendring (prosent)";0,2
"TOTAL Totalindeks";"2016M11";"12-måneders endring (prosent)";3,6
"TOTAL Totalindeks";"2016M12";"Konsumprisindeks (2015=100)";104,4
"TOTAL Totalindeks";"2016M12";"Månedsendring (prosent)";-0,5
"TOTAL Totalindeks";"2016M12";"12-måneders endring (prosent)";3,5
"TOTAL Totalindeks";"2017M01";"Konsumprisindeks (2015=100)";104,3
"TOTAL Totalindeks";"2017M01";"Månedsendring (prosent)";-0,1
"TOTAL Totalindeks";"2017M01";"12-måneders endring (prosent)";2,8
"TOTAL Totalindeks";"2017M02";"Konsumprisindeks (2015=100)";104,7
"TOTAL Totalindeks";"2017M02";"Månedsendring (prosent)";0,4
"TOTAL Totalindeks";"2017M02";"12-måneders endring (prosent)";2,5
"TOTAL Totalindeks";"2017M03";"Konsumprisindeks (2015=100)";105
"TOTAL Totalindeks";"2017M03";"Månedsendring (prosent)";0,3
"TOTAL Totalindeks";"2017M03";"12-måneders endring (prosent)";2,4
"TOTAL Totalindeks";"2017M04";"Konsumprisindeks (2015=100)";105,2
"TOTAL Totalindeks";"2017M04";"Månedsendring (prosent)";0,2
"TOTAL Totalindeks";"2017M04";"12-måneders endring (prosent)";2,2
"TOTAL Totalindeks";"2017M05";"Konsumprisindeks (2015=100)";105,4
"TOTAL Totalindeks";"2017M05";"Månedsendring (prosent)";0,2
"TOTAL Totalindeks";"2017M05";"12-måneders endring (prosent)";2,1
"TOTAL Totalindeks";"2017M06";"Konsumprisindeks (2015=100)";105,8
"TOTAL Totalindeks";"2017M06";"Månedsendring (prosent)";0,4
"TOTAL Totalindeks";"2017M06";"12-måneders endring (prosent)";1,9
"TOTAL Totalindeks";"2017M07";"Konsumprisindeks (2015=100)";106,1
"TOTAL Totalindeks";"2017M07";"Månedsendring (prosent)";0,3
"TOTAL Totalindeks";"2017M07";"12-måneders endring (prosent)";1,5
"TOTAL Totalindeks";"2017M08";"Konsumprisindeks (2015=100)";105,3
"TOTAL Totalindeks";"2017M08";"Månedsendring (prosent)";-0,8
"TOTAL Totalindeks";"2017M08";"12-måneders endring (prosent)";1,3
"TOTAL Totalindeks";"2017M09";"Konsumprisindeks (2015=100)";105,9
"TOTAL Totalindeks";"2017M09";"Månedsendring (prosent)";0,6
"TOTAL Totalindeks";"2017M09";"12-måneders endring (prosent)";1,6
"TOTAL Totalindeks";"2017M10";"Konsumprisindeks (2015=100)";106
"TOTAL Totalindeks";"2017M10";"Månedsendring (prosent)";0,1
"TOTAL Totalindeks";"2017M10";"12-måneders endring (prosent)";1,2
"TOTAL Totalindeks";"2017M11";"Konsumprisindeks (2015=100)";106,1
"TOTAL Totalindeks";"2017M11";"Månedsendring (prosent)";0,1
"TOTAL Totalindeks";"2017M11";"12-måneders endring (prosent)";1,1
"TOTAL Totalindeks";"2017M12";"Konsumprisindeks (2015=100)";106,1
"TOTAL Totalindeks";"2017M12";"Månedsendring (prosent)";0
"TOTAL Totalindeks";"2017M12";"12-måneders endring (prosent)";1,6
"TOTAL Totalindeks";"2018M01";"Konsumprisindeks (2015=100)";106
"TOTAL Totalindeks";"2018M01";"Månedsendring (prosent)";-0,1
"TOTAL Totalindeks";"2018M01";"12-måneders endring (prosent)";1,6
"TOTAL Totalindeks";"2018M02";"Konsumprisindeks (2015=100)";107
"TOTAL Totalindeks";"2018M02";"Månedsendring (prosent)";0,9
"TOTAL Totalindeks";"2018M02";"12-måneders endring (prosent)";2,2
"TOTAL Totalindeks";"2018M03";"Konsumprisindeks (2015=100)";107,3
"TOTAL Totalindeks";"2018M03";"Månedsendring (prosent)";0,3
"TOTAL Totalindeks";"2018M03";"12-måneders endring (prosent)";2,2
"TOTAL Totalindeks";"2018M04";"Konsumprisindeks (2015=100)";107,7
"TOTAL Totalindeks";"2018M04";"Månedsendring (prosent)";0,4
"TOTAL Totalindeks";"2018M04";"12-måneders endring (prosent)";2,4
"TOTAL Totalindeks";"2018M05";"Konsumprisindeks (2015=100)";107,8
"TOTAL Totalindeks";"2018M05";"Månedsendring (prosent)";0,1
"TOTAL Totalindeks";"2018M05";"12-måneders endring (prosent)";2,3
"TOTAL Totalindeks";"2018M06";"Konsumprisindeks (2015=100)";108,5
"TOTAL Totalindeks";"2018M06";"Månedsendring (prosent)";0,6
"TOTAL Totalindeks";"2018M06";"12-måneders endring (prosent)";2,6
"TOTAL Totalindeks";"2018M07";"Konsumprisindeks (2015=100)";109,3
"TOTAL Totalindeks";"2018M07";"Månedsendring (prosent)";0,7
"TOTAL Totalindeks";"2018M07";"12-måneders endring (prosent)";3
"TOTAL Totalindeks";"2018M08";"Konsumprisindeks (2015=100)";108,9
"TOTAL Totalindeks";"2018M08";"Månedsendring (prosent)";-0,4
"TOTAL Totalindeks";"2018M08";"12-måneders endring (prosent)";3,4
"TOTAL Totalindeks";"2018M09";"Konsumprisindeks (2015=100)";109,5
"TOTAL Totalindeks";"2018M09";"Månedsendring (prosent)";0,6
"TOTAL Totalindeks";"2018M09";"12-måneders endring (prosent)";3,4
"TOTAL Totalindeks";"2018M10";"Konsumprisindeks (2015=100)";109,3
"TOTAL Totalindeks";"2018M10";"Månedsendring (prosent)";-0,2
"TOTAL Totalindeks";"2018M10";"12-måneders endring (prosent)";3,1
"TOTAL Totalindeks";"2018M11";"Konsumprisindeks (2015=100)";109,8
"TOTAL Totalindeks";"2018M11";"Månedsendring (prosent)";0,5
"TOTAL Totalindeks";"2018M11";"12-måneders endring (prosent)";3,5
"TOTAL Totalindeks";"2018M12";"Konsumprisindeks (2015=100)";109,8
"TOTAL Totalindeks";"2018M12";"Månedsendring (prosent)";0
"TOTAL Totalindeks";"2018M12";"12-måneders endring (prosent)";3,5
"TOTAL Totalindeks";"2019M01";"Konsumprisindeks (2015=100)";109,3
"TOTAL Totalindeks";"2019M01";"Månedsendring (prosent)";-0,5
"TOTAL Totalindeks";"2019M01";"12-måneders endring (prosent)";3,1
"TOTAL Totalindeks";"2019M02";"Konsumprisindeks (2015=100)";110,2
"TOTAL Totalindeks";"2019M02";"Månedsendring (prosent)";0,8
"TOTAL Totalindeks";"2019M02";"12-måneders endring (prosent)";3
"TOTAL Totalindeks";"2019M03";"Konsumprisindeks (2015=100)";110,4
"TOTAL Totalindeks";"2019M03";"Månedsendring (prosent)";0,2
"TOTAL Totalindeks";"2019M03";"12-måneders endring (prosent)";2,9
"TOTAL Totalindeks";"2019M04";"Konsumprisindeks (2015=100)";110,8
"TOTAL Totalindeks";"2019M04";"Månedsendring (prosent)";0,4
"TOTAL Totalindeks";"2019M04";"12-måneders endring (prosent)";2,9
"TOTAL Totalindeks";"2019M05";"Konsumprisindeks (2015=100)";110,5
"TOTAL Totalindeks";"2019M05";"Månedsendring (prosent)";-0,3
"TOTAL Totalindeks";"2019M05";"12-måneders endring (prosent)";2,5
"TOTAL Totalindeks";"2019M06";"Konsumprisindeks (2015=100)";110,6
"TOTAL Totalindeks";"2019M06";"Månedsendring (prosent)";0,1
"TOTAL Totalindeks";"2019M06";"12-måneders endring (prosent)";1,9
"TOTAL Totalindeks";"2019M07";"Konsumprisindeks (2015=100)";111,4
"TOTAL Totalindeks";"2019M07";"Månedsendring (prosent)";0,7
"TOTAL Totalindeks";"2019M07";"12-måneders endring (prosent)";1,9
"TOTAL Totalindeks";"2019M08";"Konsumprisindeks (2015=100)";110,6
"TOTAL Totalindeks";"2019M08";"Månedsendring (prosent)";-0,7
"TOTAL Totalindeks";"2019M08";"12-måneders endring (prosent)";1,6
"TOTAL Totalindeks";"2019M09";"Konsumprisindeks (2015=100)";111,1
"TOTAL Totalindeks";"2019M09";"Månedsendring (prosent)";0,5
"TOTAL Totalindeks";"2019M09";"12-måneders endring (prosent)";1,5
"TOTAL Totalindeks";"2019M10";"Konsumprisindeks (2015=100)";111,3
"TOTAL Totalindeks";"2019M10";"Månedsendring (prosent)";0,2
"TOTAL Totalindeks";"2019M10";"12-måneders endring (prosent)";1,8
"TOTAL Totalindeks";"2019M11";"Konsumprisindeks (2015=100)";111,6
"TOTAL Totalindeks";"2019M11";"Månedsendring (prosent)";0,3
"TOTAL Totalindeks";"2019M11";"12-måneders endring (prosent)";1,6
"TOTAL Totalindeks";"2019M12";"Konsumprisindeks (2015=100)";111,3
"TOTAL Totalindeks";"2019M12";"Månedsendring (prosent)";-0,3
"TOTAL Totalindeks";"2019M12";"12-måneders endring (prosent)";1,4
"TOTAL Totalindeks";"2020M01";"Konsumprisindeks (2015=100)";111,3
"TOTAL Totalindeks";"2020M01";"Månedsendring (prosent)";0
"TOTAL Totalindeks";"2020M01";"12-måneders endring (prosent)";1,8
"TOTAL Totalindeks";"2020M02";"Konsumprisindeks (2015=100)";111,2
"TOTAL Totalindeks";"2020M02";"Månedsendring (prosent)";-0,1
"TOTAL Totalindeks";"2020M02";"12-måneders endring (prosent)";0,9
"TOTAL Totalindeks";"2020M03";"Konsumprisindeks (2015=100)";111,2
"TOTAL Totalindeks";"2020M03";"Månedsendring (prosent)";0
"TOTAL Totalindeks";"2020M03";"12-måneders endring (prosent)";0,7
"TOTAL Totalindeks";"2020M04";"Konsumprisindeks (2015=100)";111,7
"TOTAL Totalindeks";"2020M04";"Månedsendring (prosent)";0,4
"TOTAL Totalindeks";"2020M04";"12-måneders endring (prosent)";0,8
"TOTAL Totalindeks";"2020M05";"Konsumprisindeks (2015=100)";111,9
"TOTAL Totalindeks";"2020M05";"Månedsendring (prosent)";0,2
"TOTAL Totalindeks";"2020M05";"12-måneders endring (prosent)";1,3
"TOTAL Totalindeks";"2020M06";"Konsumprisindeks (2015=100)";112,1
"TOTAL Totalindeks";"2020M06";"Månedsendring (prosent)";0,2
"TOTAL Totalindeks";"2020M06";"12-måneders endring (prosent)";1,4
"TOTAL Totalindeks";"2020M07";"Konsumprisindeks (2015=100)";112,9
"TOTAL Totalindeks";"2020M07";"Månedsendring (prosent)";0,7
"TOTAL Totalindeks";"2020M07";"12-måneders endring (prosent)";1,3
"TOTAL Totalindeks";"2020M08";"Konsumprisindeks (2015=100)";112,5
"TOTAL Totalindeks";"2020M08";"Månedsendring (prosent)";-0,4
"TOTAL Totalindeks";"2020M08";"12-måneders endring (prosent)";1,7
"TOTAL Totalindeks";"2020M09";"Konsumprisindeks (2015=100)";112,9
"TOTAL Totalindeks";"2020M09";"Månedsendring (prosent)";0,4
"TOTAL Totalindeks";"2020M09";"12-måneders endring (prosent)";1,6
"TOTAL Totalindeks";"2020M10";"Konsumprisindeks (2015=100)";113,2
"TOTAL Totalindeks";"2020M10";"Månedsendring (prosent)";0,3
"TOTAL Totalindeks";"2020M10";"12-måneders endring (prosent)";1,7
"TOTAL Totalindeks";"2020M11";"Konsumprisindeks (2015=100)";112,4
"TOTAL Totalindeks";"2020M11";"Månedsendring (prosent)";-0,7
"TOTAL Totalindeks";"2020M11";"12-måneders endring (prosent)";0,7
"TOTAL Totalindeks";"2020M12";"Konsumprisindeks (2015=100)";112,9
"TOTAL Totalindeks";"2020M12";"Månedsendring (prosent)";0,4
"TOTAL Totalindeks";"2020M12";"12-måneders endring (prosent)";1,4
"TOTAL Totalindeks";"2021M01";"Konsumprisindeks (2015=100)";114,1
"TOTAL Totalindeks";"2021M01";"Månedsendring (prosent)";1,1
"TOTAL Totalindeks";"2021M01";"12-måneders endring (prosent)";2,5
"TOTAL Totalindeks";"2021M02";"Konsumprisindeks (2015=100)";114,9
"TOTAL Totalindeks";"2021M02";"Månedsendring (prosent)";0,7
"TOTAL Totalindeks";"2021M02";"12-måneders endring (prosent)";3,3
"TOTAL Totalindeks";"2021M03";"Konsumprisindeks (2015=100)";114,6
"TOTAL Totalindeks";"2021M03";"Månedsendring (prosent)";-0,3
"TOTAL Totalindeks";"2021M03";"12-måneders endring (prosent)";3,1
"TOTAL Totalindeks";"2021M04";"Konsumprisindeks (2015=100)";115
"TOTAL Totalindeks";"2021M04";"Månedsendring (prosent)";0,3
"TOTAL Totalindeks";"2021M04";"12-måneders endring (prosent)";3
"TOTAL Totalindeks";"2021M05";"Konsumprisindeks (2015=100)";114,9
"TOTAL Totalindeks";"2021M05";"Månedsendring (prosent)";-0,1
"TOTAL Totalindeks";"2021M05";"12-måneders endring (prosent)";2,7
"TOTAL Totalindeks";"2021M06";"Konsumprisindeks (2015=100)";115,3
"TOTAL Totalindeks";"2021M06";"Månedsendring (prosent)";0,3
"TOTAL Totalindeks";"2021M06";"12-måneders endring (prosent)";2,9
"TOTAL Totalindeks";"2021M07";"Konsumprisindeks (2015=100)";116,3
"TOTAL Totalindeks";"2021M07";"Månedsendring (prosent)";0,9
"TOTAL Totalindeks";"2021M07";"12-måneders endring (prosent)";3
"TOTAL Totalindeks";"2021M08";"Konsumprisindeks (2015=100)";116,3
"TOTAL Totalindeks";"2021M08";"Månedsendring (prosent)";0
"TOTAL Totalindeks";"2021M08";"12-måneders endring (prosent)";3,4
"TOTAL Totalindeks";"2021M09";"Konsumprisindeks (2015=100)";117,5
"TOTAL Totalindeks";"2021M09";"Månedsendring (prosent)";1
"TOTAL Totalindeks";"2021M09";"12-måneders endring (prosent)";4,1
"TOTAL Totalindeks";"2021M10";"Konsumprisindeks (2015=100)";117,2
"TOTAL Totalindeks";"2021M10";"Månedsendring (prosent)";-0,3
"TOTAL Totalindeks";"2021M10";"12-måneders endring (prosent)";3,5
"TOTAL Totalindeks";"2021M11";"Konsumprisindeks (2015=100)";118,1
"TOTAL Totalindeks";"2021M11";"Månedsendring (prosent)";0,8
"TOTAL Totalindeks";"2021M11";"12-måneders endring (prosent)";5,1
"TOTAL Totalindeks";"2021M12";"Konsumprisindeks (2015=100)";118,9
"TOTAL Totalindeks";"2021M12";"Månedsendring (prosent)";0,7
"TOTAL Totalindeks";"2021M12";"12-måneders endring (prosent)";5,3
"TOTAL Totalindeks";"2022M01";"Konsumprisindeks (2015=100)";117,8
"TOTAL Totalindeks";"2022M01";"Månedsendring (prosent)";-0,9
"TOTAL Totalindeks";"2022M01";"12-måneders endring (prosent)";3,2
"TOTAL Totalindeks";"2022M02";"Konsumprisindeks (2015=100)";119,1
"TOTAL Totalindeks";"2022M02";"Månedsendring (prosent)";1,1
"TOTAL Totalindeks";"2022M02";"12-måneders endring (prosent)";3,7
"TOTAL Totalindeks";"2022M03";"Konsumprisindeks (2015=100)";119,8
"TOTAL Totalindeks";"2022M03";"Månedsendring (prosent)";0,6
"TOTAL Totalindeks";"2022M03";"12-måneders endring (prosent)";4,5
"TOTAL Totalindeks";"2022M04";"Konsumprisindeks (2015=100)";121,2
"TOTAL Totalindeks";"2022M04";"Månedsendring (prosent)";1,2
"TOTAL Totalindeks";"2022M04";"12-måneders endring (prosent)";5,4
"TOTAL Totalindeks";"2022M05";"Konsumprisindeks (2015=100)";121,5
"TOTAL Totalindeks";"2022M05";"Månedsendring (prosent)";0,2
"TOTAL Totalindeks";"2022M05";"12-måneders endring (prosent)";5,7
"TOTAL Totalindeks";"2022M06";"Konsumprisindeks (2015=100)";122,6
"TOTAL Totalindeks";"2022M06";"Månedsendring (prosent)";0,9
"TOTAL Totalindeks";"2022M06";"12-måneders endring (prosent)";6,3
"TOTAL Totalindeks";"2022M07";"Konsumprisindeks (2015=100)";124,2
"TOTAL Totalindeks";"2022M07";"Månedsendring (prosent)";1,3
"TOTAL Totalindeks";"2022M07";"12-måneders endring (prosent)";6,8
"TOTAL Totalindeks";"2022M08";"Konsumprisindeks (2015=100)";123,9
"TOTAL Totalindeks";"2022M08";"Månedsendring (prosent)";-0,2
"TOTAL Totalindeks";"2022M08";"12-måneders endring (prosent)";6,5
"TOTAL Totalindeks";"2022M09";"Konsumprisindeks (2015=100)";125,6
"TOTAL Totalindeks";"2022M09";"Månedsendring (prosent)";1,4
"TOTAL Totalindeks";"2022M09";"12-måneders endring (prosent)";6,9
"TOTAL Totalindeks";"2022M10";"Konsumprisindeks (2015=100)";126
"TOTAL Totalindeks";"2022M10";"Månedsendring (prosent)";0,3
"TOTAL Totalindeks";"2022M10";"12-måneders endring (prosent)";7,5
"TOTAL Totalindeks";"2022M11";"Konsumprisindeks (2015=100)";125,8
"TOTAL Totalindeks";"2022M11";"Månedsendring (prosent)";-0,2
"TOTAL Totalindeks";"2022M11";"12-måneders endring (prosent)";6,5
"TOTAL Totalindeks";"2022M12";"Konsumprisindeks (2015=100)";125,9
"TOTAL Totalindeks";"2022M12";"Månedsendring (prosent)";0,1
"TOTAL Totalindeks";"2022M12";"12-måneders endring (prosent)";5,9
"TOTAL Totalindeks";"2023M01";"Konsumprisindeks (2015=100)";126,1
"TOTAL Totalindeks";"2023M01";"Månedsendring (prosent)";0,2
"TOTAL Totalindeks";"2023M01";"12-måneders endring (prosent)";7
"TOTAL Totalindeks";"2023M02";"Konsumprisindeks (2015=100)";126,6
"TOTAL Totalindeks";"2023M02";"Månedsendring (prosent)";0,4
"TOTAL Totalindeks";"2023M02";"12-måneders endring (prosent)";6,3
"TOTAL Totalindeks";"2023M03";"Konsumprisindeks (2015=100)";127,6
"TOTAL Totalindeks";"2023M03";"Månedsendring (prosent)";0,8
"TOTAL Totalindeks";"2023M03";"12-måneders endring (prosent)";6,5
"TOTAL Totalindeks";"2023M04";"Konsumprisindeks (2015=100)";129
"TOTAL Totalindeks";"2023M04";"Månedsendring (prosent)";1,1
"TOTAL Totalindeks";"2023M04";"12-måneders endring (prosent)";6,4
"TOTAL Totalindeks";"2023M05";"Konsumprisindeks (2015=100)";129,6
"TOTAL Totalindeks";"2023M05";"Månedsendring (prosent)";0,5
"TOTAL Totalindeks";"2023M05";"12-måneders endring (prosent)";6,7
"TOTAL Totalindeks";"2023M06";"Konsumprisindeks (2015=100)";130,4
"TOTAL Totalindeks";"2023M06";"Månedsendring (prosent)";0,6
"TOTAL Totalindeks";"2023M06";"12-måneders endring (prosent)";6,4
"TOTAL Totalindeks";"2023M07";"Konsumprisindeks (2015=100)";130,9
"TOTAL Totalindeks";"2023M07";"Månedsendring (prosent)";0,4
"TOTAL Totalindeks";"2023M07";"12-måneders endring (prosent)";5,4
"TOTAL Totalindeks";"2023M08";"Konsumprisindeks (2015=100)";129,9
"TOTAL Totalindeks";"2023M08";"Månedsendring (prosent)";-0,8
"TOTAL Totalindeks";"2023M08";"12-måneders endring (prosent)";4,8
"TOTAL Totalindeks";"2023M09";"Konsumprisindeks (2015=100)";129,8
"TOTAL Totalindeks";"2023M09";"Månedsendring (prosent)";-0,1
"TOTAL Totalindeks";"2023M09";"12-måneders endring (prosent)";3,3
"TOTAL Totalindeks";"2023M10";"Konsumprisindeks (2015=100)";131,1
"TOTAL Totalindeks";"2023M10";"Månedsendring (prosent)";1
"TOTAL Totalindeks";"2023M10";"12-måneders endring (prosent)";4
"TOTAL Totalindeks";"2023M11";"Konsumprisindeks (2015=100)";131,8
"TOTAL Totalindeks";"2023M11";"Månedsendring (prosent)";0,5
"TOTAL Totalindeks";"2023M11";"12-måneders endring (prosent)";4,8
"TOTAL Totalindeks";"2023M12";"Konsumprisindeks (2015=100)";131,9
"TOTAL Totalindeks";"2023M12";"Månedsendring (prosent)";0,1
"TOTAL Totalindeks";"2023M12";"12-måneders endring (prosent)";4,8
"TOTAL Totalindeks";"2024M01";"Konsumprisindeks (2015=100)";132
"TOTAL Totalindeks";"2024M01";"Månedsendring (prosent)";0,1
"TOTAL Totalindeks";"2024M01";"12-måneders endring (prosent)";4,7
"TOTAL Totalindeks";"2024M02";"Konsumprisindeks (2015=100)";132,3
"TOTAL Totalindeks";"2024M02";"Månedsendring (prosent)";0,2
"TOTAL Totalindeks";"2024M02";"12-måneders endring (prosent)";4,5
"TOTAL Totalindeks";"2024M03";"Konsumprisindeks (2015=100)";132,6
"TOTAL Totalindeks";"2024M03";"Månedsendring (prosent)";0,2
"TOTAL Totalindeks";"2024M03";"12-måneders endring (prosent)";3,9
"TOTAL Totalindeks";"2024M04";"Konsumprisindeks (2015=100)";133,7
"TOTAL Totalindeks";"2024M04";"Månedsendring (prosent)";0,8
"TOTAL Totalindeks";"2024M04";"12-måneders endring (prosent)";3,6
"TOTAL Totalindeks";"2024M05";"Konsumprisindeks (2015=100)";133,5
"TOTAL Totalindeks";"2024M05";"Månedsendring (prosent)";-0,1
"TOTAL Totalindeks";"2024M05";"12-måneders endring (prosent)";3
"TOTAL Totalindeks";"2024M06";"Konsumprisindeks (2015=100)";133,8
"TOTAL Totalindeks";"2024M06";"Månedsendring (prosent)";0,2
"TOTAL Totalindeks";"2024M06";"12-måneders endring (prosent)";2,6
"TOTAL Totalindeks";"2024M07";"Konsumprisindeks (2015=100)";134,5
"TOTAL Totalindeks";"2024M07";"Månedsendring (prosent)";0,5
"TOTAL Totalindeks";"2024M07";"12-måneders endring (prosent)";2,8
"TOTAL Totalindeks";"2024M08";"Konsumprisindeks (2015=100)";133,3
"TOTAL Totalindeks";"2024M08";"Månedsendring (prosent)";-0,9
"TOTAL Totalindeks";"2024M08";"12-måneders endring (prosent)";2,6
"TOTAL Totalindeks";"2024M09";"Konsumprisindeks (2015=100)";133,7
"TOTAL Totalindeks";"2024M09";"Månedsendring (prosent)";0,3
"TOTAL Totalindeks";"2024M09";"12-måneders endring (prosent)";3
"TOTAL Totalindeks";"2024M10";"Konsumprisindeks (2015=100)";134,5
"TOTAL Totalindeks";"2024M10";"Månedsendring (prosent)";0,6
"TOTAL Totalindeks";"2024M10";"12-måneders endring (prosent)";2,6
"TOTAL Totalindeks";"2024M11";"Konsumprisindeks (2015=100)";134,9
"TOTAL Totalindeks";"2024M11";"Månedsendring (prosent)";0,3
"TOTAL Totalindeks";"2024M11";"12-måneders endring (prosent)";2,4
"TOTAL Totalindeks";"2024M12";"Konsumprisindeks (2015=100)";134,8
"TOTAL Totalindeks";"2024M12";"Månedsendring (prosent)";-0,1
"TOTAL Totalindeks";"2024M12";"12-måneders endring (prosent)";2,2
"TOTAL Totalindeks";"2025M01";"Konsumprisindeks (2015=100)";135,1
"TOTAL Totalindeks";"2025M01";"Månedsendring (prosent)";0,2
"TOTAL Totalindeks";"2025M01";"12-måneders endring (prosent)";2,3
"TOTAL Totalindeks";"2025M02";"Konsumprisindeks (2015=100)";137
"TOTAL Totalindeks";"2025M02";"Månedsendring (prosent)";1,4
"TOTAL Totalindeks";"2025M02";"12-måneders endring (prosent)";3,6
"TOTAL Totalindeks";"2025M03";"Konsumprisindeks (2015=100)";136,1
"TOTAL Totalindeks";"2025M03";"Månedsendring (prosent)";-0,7
"TOTAL Totalindeks";"2025M03";"12-måneders endring (prosent)";2,6
"TOTAL Totalindeks";"2025M04";"Konsumprisindeks (2015=100)";137
"TOTAL Totalindeks";"2025M04";"Månedsendring (prosent)";0,7
"TOTAL Totalindeks";"2025M04";"12-måneders endring (prosent)";2,5
"TOTAL Totalindeks";"2025M05";"Konsumprisindeks (2015=100)";137,5
"TOTAL Totalindeks";"2025M05";"Månedsendring (prosent)";0,4
"TOTAL Totalindeks";"2025M05";"12-måneders endring (prosent)";3
"TOTAL Totalindeks";"2025M06";"Konsumprisindeks (2015=100)";137,8
"TOTAL Totalindeks";"2025M06";"Månedsendring (prosent)";0,2
"TOTAL Totalindeks";"2025M06";"12-måneders endring (prosent)";3
"TOTAL Totalindeks";"2025M07";"Konsumprisindeks (2015=100)";138,9
"TOTAL Totalindeks";"2025M07";"Månedsendring (prosent)";0,8
"TOTAL Totalindeks";"2025M07";"12-måneders endring (prosent)";3,3
"TOTAL Totalindeks";"2025M08";"Konsumprisindeks (2015=100)";138
"TOTAL Totalindeks";"2025M08";"Månedsendring (prosent)";-0,6
"TOTAL Totalindeks";"2025M08";"12-måneders endring (prosent)";3,5
"TOTAL Totalindeks";"2025M09";"Konsumprisindeks (2015=100)";138,5
"TOTAL Totalindeks";"2025M09";"Månedsendring (prosent)";0,4
"TOTAL Totalindeks";"2025M09";"12-måneders endring (prosent)";3,6
